Unique Key,Created Date,Closed Date,Agency,Agency Name,Complaint Type,Descriptor,Location Type,Incident Zip,Incident Address,Street Name,Cross Street 1,Cross Street 2,Intersection Street 1,Intersection Street 2,Address Type,City,Landmark,Facility Type,Status,Due Date,Resolution Description,Resolution Action Updated Date,Community Board,BBL,Borough,X Coordinate (State Plane),Y Coordinate (State Plane),Open Data Channel Type,Park Facility Name,Park Borough,Vehicle Type,Taxi Company Borough,Taxi Pick Up Location,Bridge Highway Name,Bridge Highway Direction,Road Ramp,Bridge Highway Segment,Latitude,Longitude,Location
30303018,03/31/2015 09:22:00 PM,04/07/2015 12:00:00 PM,DSNY,Department of Sanitation,Dirty Conditions,E8 Canine Violation,Sidewalk,11213,,,,,PROSPECT PLACE,ROCHESTER AVENUE,INTERSECTION,BROOKLYN,,N/A,Closed,,The Department of Sanitation investigated this complaint and found no violation at the location.,04/07/2015 12:00:00 PM,08 BROOKLYN,,BROOKLYN,1004242,184515,PHONE,Unspecified,BROOKLYN,,,,,,,,40.67310522774656,-73.92792887779113,"(40.67310522774656, -73.92792887779113)"
30298621,03/31/2015 07:45:00 PM,04/01/2015 12:00:00 PM,DSNY,Department of Sanitation,Dirty Conditions,E8 Canine Violation,Sidewalk,11421,,,,,89 STREET,89 AVENUE,INTERSECTION,Woodhaven,,N/A,Closed,,The Department of Sanitation investigated this complaint and found no violation at the location.,04/01/2015 12:00:00 PM,09 QUEENS,,QUEENS,1024563,190774,ONLINE,Unspecified,QUEENS,,,,,,,,40.690215522788534,-73.85463436788399,"(40.690215522788534, -73.85463436788399)"
30301890,03/31/2015 06:12:00 PM,04/01/2015 12:00:00 PM,DSNY,Department of Sanitation,Dirty Conditions,E8 Canine Violation,Sidewalk,11435,,,,,147 PLACE,LIBERTY AVENUE,INTERSECTION,Jamaica,,N/A,Closed,,The Department of Sanitation investigated this complaint and found no violation at the location.,04/01/2015 12:00:00 PM,12 QUEENS,,QUEENS,1038537,193048,PHONE,Unspecified,QUEENS,,,,,,,,40.69638242958428,-73.8042269998379,"(40.69638242958428, -73.8042269998379)"
30304037,03/31/2015 05:58:00 PM,04/01/2015 12:00:00 PM,DSNY,Department of Sanitation,Dirty Conditions,E8 Canine Violation,Sidewalk,10456,,,,,GRAND CONCOURSE,EAST 169 STREET,INTERSECTION,BRONX,,N/A,Closed,,The Department of Sanitation investigated this complaint and found no violation at the location.,04/01/2015 12:00:00 PM,04 BRONX,,BRONX,1007530,244009,PHONE,Unspecified,BRONX,,,,,,,,40.836392968377446,-73.91586966351923,"(40.836392968377446, -73.91586966351923)"
30304029,03/31/2015 04:36:00 PM,04/11/2015 12:00:00 PM,DSNY,Department of Sanitation,Dirty Conditions,E8 Canine Violation,Sidewalk,11233,308 SUMPTER STREET,SUMPTER STREET,THOMAS S BOYLAND STREET,ROCKAWAY AVENUE,,,ADDRESS,BROOKLYN,,N/A,Closed,,The Department of Sanitation investigated this complaint and found no violation at the location.,04/11/2015 12:00:00 PM,16 BROOKLYN,3015270034,BROOKLYN,1008647,187357,PHONE,Unspecified,BROOKLYN,,,,,,,,40.680894828458456,-73.91203858283139,"(40.680894828458456, -73.91203858283139)"
30301891,03/31/2015 04:31:00 PM,04/01/2015 12:00:00 PM,DSNY,Department of Sanitation,Dirty Conditions,E8 Canine Violation,Sidewalk,10467,,,,,EAST 207 STREET,PERRY AVENUE,INTERSECTION,BRONX,,N/A,Closed,,The Department of Sanitation investigated this complaint and found no violation at the location.,04/01/2015 12:00:00 PM,07 BRONX,,BRONX,1018407,258270,PHONE,Unspecified,BRONX,,,,,,,,40.875499742763246,-73.87648923718476,"(40.875499742763246, -73.87648923718476)"
30298613,03/31/2015 03:17:00 PM,04/04/2015 12:00:00 PM,DSNY,Department of Sanitation,Dirty Conditions,E8 Canine Violation,Sidewalk,10304,,,,,TARGEE STREET,HAY STREET,INTERSECTION,STATEN ISLAND,,N/A,Closed,,The Department of Sanitation investigated this complaint and found no violation at the location.,04/04/2015 12:00:00 PM,02 STATEN ISLAND,,STATEN ISLAND,958939,159397,PHONE,Unspecified,STATEN ISLAND,,,,,,,,40.60414811545276,-74.0911518699704,"(40.60414811545276, -74.0911518699704)"
30302980,03/31/2015 08:23:00 AM,04/01/2015 12:00:00 PM,DSNY,Department of Sanitation,Dirty Conditions,E8 Canine Violation,Sidewalk,10470,834 PENFIELD STREET,PENFIELD STREET,BARNES AVENUE,WILDER AVENUE,,,ADDRESS,BRONX,,N/A,Closed,,The Department of Sanitation investigated this complaint and found no violation at the location.,04/01/2015 12:00:00 PM,12 BRONX,2051180046,BRONX,1026681,268744,PHONE,Unspecified,BRONX,,,,,,,,40.90421162492331,-73.8465043727862,"(40.90421162492331, -73.8465043727862)"
30297512,03/30/2015 04:20:00 PM,03/31/2015 12:00:00 PM,DSNY,Department of Sanitation,Dirty Conditions,E8 Canine Violation,Sidewalk,10473,,,,,PUGSLEY AVENUE,SEWARD AVENUE,INTERSECTION,BRONX,,N/A,Closed,,The Department of Sanitation investigated this complaint and found no violation at the location.,03/31/2015 12:00:00 PM,09 BRONX,,BRONX,1024484,238168,PHONE,Unspecified,BRONX,,,,,,,,40.82030014847841,-73.85463563477586,"(40.82030014847841, -73.85463563477586)"
30291239,03/30/2015 03:00:00 PM,04/01/2015 12:00:00 PM,DSNY,Department of Sanitation,Dirty Conditions,E8 Canine Violation,Sidewalk,11104,,,,,SKILLMAN AVENUE,49 STREET,INTERSECTION,Sunnyside,,N/A,Closed,,The Department of Sanitation investigated this complaint and found no violation at the location.,04/01/2015 12:00:00 PM,02 QUEENS,,QUEENS,1007738,211166,PHONE,Unspecified,QUEENS,,,,,,,,40.74624727895461,-73.91523283892349,"(40.74624727895461, -73.91523283892349)"
30290206,03/30/2015 02:11:00 PM,03/31/2015 12:00:00 PM,DSNY,Department of Sanitation,Dirty Conditions,E8 Canine Violation,Sidewalk,11209,,,,,74 STREET,RIDGE BOULEVARD,INTERSECTION,BROOKLYN,,N/A,Closed,,The Department of Sanitation investigated this complaint and found no violation at the location.,03/31/2015 12:00:00 PM,10 BROOKLYN,,BROOKLYN,975870,169821,ONLINE,Unspecified,BROOKLYN,,,,,,,,40.63279201220537,-74.03019163227601,"(40.63279201220537, -74.03019163227601)"
30295535,03/30/2015 01:52:00 PM,03/31/2015 12:00:00 PM,DSNY,Department of Sanitation,Dirty Conditions,E8 Canine Violation,Sidewalk,11226,3210 SNYDER AVENUE,SNYDER AVENUE,EAST 32 STREET,NEW YORK AVENUE,,,ADDRESS,BROOKLYN,,N/A,Closed,,The Department of Sanitation investigated this complaint and found no violation at the location.,03/31/2015 12:00:00 PM,17 BROOKLYN,3049030004,BROOKLYN,998889,175745,PHONE,Unspecified,BROOKLYN,,,,,,,,40.64904398710239,-73.94724546745992,"(40.64904398710239, -73.94724546745992)"
30296527,03/30/2015 10:49:00 AM,04/02/2015 12:00:00 PM,DSNY,Department of Sanitation,Dirty Conditions,E8 Canine Violation,Sidewalk,11230,1209 EAST   19 STREET,EAST   19 STREET,AVENUE K,AVENUE L,,,ADDRESS,BROOKLYN,,N/A,Closed,,The Department of Sanitation investigated this complaint and found no violation at the location.,04/02/2015 12:00:00 PM,14 BROOKLYN,3067300010,BROOKLYN,996251,165630,PHONE,Unspecified,BROOKLYN,,,,,,,,40.62128443388824,-73.95677000970403,"(40.62128443388824, -73.95677000970403)"
30291235,03/30/2015 10:43:00 AM,03/31/2015 12:00:00 PM,DSNY,Department of Sanitation,Dirty Conditions,E8 Canine Violation,Sidewalk,10453,1740 GRAND AVENUE,GRAND AVENUE,WEST 176 STREET,WEST TREMONT AVENUE,,,ADDRESS,BRONX,,N/A,Closed,,The Department of Sanitation investigated this complaint and found no violation at the location.,03/31/2015 12:00:00 PM,05 BRONX,2028670108,BRONX,1008178,248685,ONLINE,Unspecified,BRONX,,,,,,,,40.84922548258086,-73.91351120825729,"(40.84922548258086, -73.91351120825729)"
30292273,03/30/2015 08:16:00 AM,04/04/2015 12:00:00 PM,DSNY,Department of Sanitation,Dirty Conditions,E8 Canine Violation,Sidewalk,10314,369 HAROLD STREET,HAROLD STREET,BUCHANAN AVENUE,FILLMORE AVENUE,,,ADDRESS,STATEN ISLAND,,N/A,Closed,,The Department of Sanitation investigated this complaint and found no violation at the location.,04/04/2015 12:00:00 PM,02 STATEN ISLAND,5008230050,STATEN ISLAND,947129,158347,PHONE,Unspecified,STATEN ISLAND,,,,,,,,40.60122448139805,-74.13367710098615,"(40.60122448139805, -74.13367710098615)"
30288817,03/29/2015 10:28:00 PM,03/30/2015 12:00:00 PM,DSNY,Department of Sanitation,Dirty Conditions,E8 Canine Violation,Sidewalk,10466,4045 BRONXWOOD AVENUE,BRONXWOOD AVENUE,EAST 227 STREET,EAST 228 STREET,,,ADDRESS,BRONX,,N/A,Closed,,The Department of Sanitation investigated this complaint and found no violation at the location.,03/30/2015 12:00:00 PM,12 BRONX,2048520073,BRONX,1024720,262816,PHONE,Unspecified,BRONX,,,,,,,,40.88795039071319,-73.85363417727693,"(40.88795039071319, -73.85363417727693)"
30285109,03/29/2015 07:58:00 PM,03/30/2015 12:00:00 PM,DSNY,Department of Sanitation,Dirty Conditions,E8 Canine Violation,Sidewalk,10308,482 BARLOW AVENUE,BARLOW AVENUE,FENWAY CIRCLE,CORTELYOU AVENUE,,,ADDRESS,STATEN ISLAND,,N/A,Closed,,The Department of Sanitation investigated this complaint and found no violation at the location.,03/30/2015 12:00:00 PM,03 STATEN ISLAND,5054910070,STATEN ISLAND,938686,142479,PHONE,Unspecified,STATEN ISLAND,,,,,,,,40.5576306422175,-74.1639743100226,"(40.5576306422175, -74.1639743100226)"
30289405,03/29/2015 05:23:00 PM,03/30/2015 12:00:00 PM,DSNY,Department of Sanitation,Dirty Conditions,E8 Canine Violation,Sidewalk,10040,19 HILLSIDE AVENUE,HILLSIDE AVENUE,BROADWAY,BOGARDUS PLACE,,,ADDRESS,NEW YORK,,N/A,Closed,,The Department of Sanitation investigated this complaint and found no violation at the location.,03/30/2015 12:00:00 PM,12 MANHATTAN,1021700105,MANHATTAN,1003484,252196,PHONE,Unspecified,MANHATTAN,,,,,,,,40.85887360179936,-73.93046779295905,"(40.85887360179936, -73.93046779295905)"
30288818,03/29/2015 01:15:00 PM,04/01/2015 12:00:00 PM,DSNY,Department of Sanitation,Dirty Conditions,E8 Canine Violation,Sidewalk,11427,86-43 232 STREET,232 STREET,HILLSIDE AVENUE,87 AVENUE,,,ADDRESS,Queens Village,,N/A,Closed,,The Department of Sanitation investigated this complaint and found no violation at the location.,04/01/2015 12:00:00 PM,13 QUEENS,4079410015,QUEENS,1056962,206189,PHONE,Unspecified,QUEENS,,,,,,,,40.732318969013065,-73.73764008299236,"(40.732318969013065, -73.73764008299236)"
30285715,03/28/2015 05:43:00 PM,03/30/2015 12:00:00 PM,DSNY,Department of Sanitation,Dirty Conditions,E8 Canine Violation,Sidewalk,10468,2764 JEROME AVENUE,JEROME AVENUE,PARKVIEW TERRACE,,,,ADDRESS,BRONX,,N/A,Closed,,The Department of Sanitation investigated this complaint and found no violation at the location.,03/30/2015 12:00:00 PM,07 BRONX,,BRONX,1013156,256086,ONLINE,Unspecified,BRONX,,,,,,,,40.86952409638531,-73.895486109999,"(40.86952409638531, -73.895486109999)"
30288228,03/28/2015 05:42:00 PM,03/31/2015 12:00:00 PM,DSNY,Department of Sanitation,Dirty Conditions,E8 Canine Violation,Sidewalk,11215,24 GARFIELD PLACE,GARFIELD PLACE,4 AVENUE,5 AVENUE,,,ADDRESS,BROOKLYN,,N/A,Closed,,The Department of Sanitation investigated this complaint and found no violation at the location.,03/31/2015 12:00:00 PM,06 BROOKLYN,3009640018,BROOKLYN,988902,185305,ONLINE,Unspecified,BROOKLYN,,,,,,,,40.67529495154608,-73.98322899995806,"(40.67529495154608, -73.98322899995806)"
30286343,03/28/2015 02:21:00 PM,04/01/2015 12:00:00 PM,DSNY,Department of Sanitation,Dirty Conditions,E8 Canine Violation,Sidewalk,10460,1902 MARMION AVENUE,MARMION AVENUE,FAIRMOUNT PLACE,ELSMERE PLACE,,,ADDRESS,BRONX,,N/A,Closed,,The Department of Sanitation investigated this complaint and found no violation at the location.,04/01/2015 12:00:00 PM,06 BRONX,2029600083,BRONX,1015308,246143,PHONE,Unspecified,BRONX,,,,,,,,40.84222624436914,-73.88775131348652,"(40.84222624436914, -73.88775131348652)"
30285761,03/28/2015 12:46:00 PM,03/30/2015 12:00:00 PM,DSNY,Department of Sanitation,Dirty Conditions,E8 Canine Violation,Sidewalk,10462,1662 WHITEPLAINS ROAD,WHITEPLAINS ROAD,BAKER AVENUE,MEAD STREET,,,ADDRESS,BRONX,,N/A,Closed,,The Department of Sanitation investigated this complaint and found no violation at the location.,03/30/2015 12:00:00 PM,11 BRONX,2040370028,BRONX,1021505,246467,PHONE,Unspecified,BRONX,,,,,,,,40.84309155857641,-73.86535257536477,"(40.84309155857641, -73.86535257536477)"
30276821,03/27/2015 10:05:00 PM,03/28/2015 12:00:00 PM,DSNY,Department of Sanitation,Dirty Conditions,E8 Canine Violation,Sidewalk,11379,73-28 67 ROAD,67 ROAD,73 PLACE,75 STREET,,,ADDRESS,Middle Village,,N/A,Closed,,The Department of Sanitation investigated this complaint and found no violation at the location.,03/28/2015 12:00:00 PM,05 QUEENS,4037710027,QUEENS,1017813,198717,ONLINE,Unspecified,QUEENS,,,,,,,,40.71204534903441,-73.87893473883365,"(40.71204534903441, -73.87893473883365)"
30278947,03/27/2015 08:22:00 PM,04/04/2015 12:00:00 PM,DSNY,Department of Sanitation,Dirty Conditions,E8 Canine Violation,Sidewalk,10312,1 ELLSWORTH AVENUE,ELLSWORTH AVENUE,WOODROW ROAD,SINCLAIR AVENUE,,,ADDRESS,STATEN ISLAND,,N/A,Closed,,The Department of Sanitation investigated this complaint and found no violation at the location.,04/04/2015 12:00:00 PM,03 STATEN ISLAND,,STATEN ISLAND,928634,137019,ONLINE,Unspecified,STATEN ISLAND,,,,,,,,40.54258667551628,-74.20010413529059,"(40.54258667551628, -74.20010413529059)"
30273734,03/27/2015 08:10:00 PM,04/14/2015 12:00:00 PM,DSNY,Department of Sanitation,Dirty Conditions,E8 Canine Violation,Sidewalk,11212,995 LENOX ROAD,LENOX ROAD,EAST 91 STREET,EAST 92 STREET,,,ADDRESS,BROOKLYN,,N/A,Closed,,The Department of Sanitation investigated this complaint and found no violation at the location.,04/14/2015 12:00:00 PM,17 BROOKLYN,3046460049,BROOKLYN,1005715,178535,ONLINE,Unspecified,BROOKLYN,,,,,,,,40.656688011718344,-73.9226377572714,"(40.656688011718344, -73.9226377572714)"
30277876,03/27/2015 06:27:00 PM,04/15/2015 12:00:00 PM,DSNY,Department of Sanitation,Dirty Conditions,E8 Canine Violation,Sidewalk,11225,,,,,PRESIDENT STREET,BEDFORD AVENUE,INTERSECTION,BROOKLYN,,N/A,Closed,,The Department of Sanitation investigated this complaint and found no violation at the location.,04/15/2015 12:00:00 PM,09 BROOKLYN,,BROOKLYN,996482,182781,PHONE,Unspecified,BROOKLYN,,,,,,,,40.66835990947533,-73.95590680345242,"(40.66835990947533, -73.95590680345242)"
30277860,03/27/2015 05:30:00 PM,03/30/2015 12:00:00 PM,DSNY,Department of Sanitation,Dirty Conditions,E8 Canine Violation,Sidewalk,10473,2040 BRUCKNER BOULEVARD,BRUCKNER BOULEVARD,PUGSLEY AVENUE,OLMSTEAD AVENUE,,,ADDRESS,BRONX,,N/A,Closed,,The Department of Sanitation investigated this complaint and found no violation at the location.,03/30/2015 12:00:00 PM,09 BRONX,2036820001,BRONX,1024397,240317,ONLINE,Unspecified,BRONX,,,,,,,,40.8261989321845,-73.85493710507038,"(40.8261989321845, -73.85493710507038)"
30276896,03/27/2015 05:01:00 PM,04/13/2015 12:00:00 PM,DSNY,Department of Sanitation,Dirty Conditions,E8 Canine Violation,Sidewalk,11221,59 SUYDAM STREET,SUYDAM STREET,BUSHWICK AVENUE,MYRTLE AVENUE,,,ADDRESS,BROOKLYN,,N/A,Closed,,The Department of Sanitation investigated this complaint and found no violation at the location.,04/13/2015 12:00:00 PM,04 BROOKLYN,3032050037,BROOKLYN,1003490,193211,PHONE,Unspecified,BROOKLYN,,,,,,,,40.69697541936386,-73.93061500390142,"(40.69697541936386, -73.93061500390142)"
30277942,03/27/2015 04:19:00 PM,03/28/2015 12:00:00 PM,DSNY,Department of Sanitation,Dirty Conditions,E8 Canine Violation,Sidewalk,11105,,,,,41 STREET,DITMARS BOULEVARD,INTERSECTION,Astoria,,N/A,Closed,,The Department of Sanitation investigated this complaint and found no violation at the location.,03/28/2015 12:00:00 PM,01 QUEENS,,QUEENS,1010470,220674,PHONE,Unspecified,QUEENS,,,,,,,,40.77233661091446,-73.90533609598134,"(40.77233661091446, -73.90533609598134)"
30271792,03/27/2015 03:52:00 PM,03/30/2015 12:00:00 PM,DSNY,Department of Sanitation,Dirty Conditions,E8 Canine Violation,Sidewalk,10314,6 COMSTOCK AVENUE,COMSTOCK AVENUE,JULES DRIVE,ZECK COURT,,,ADDRESS,STATEN ISLAND,,N/A,Closed,,The Department of Sanitation investigated this complaint and found no violation at the location.,03/30/2015 12:00:00 PM,01 STATEN ISLAND,5016440049,STATEN ISLAND,940635,164669,PHONE,Unspecified,STATEN ISLAND,,,,,,,,40.6185474648436,-74.15710354554041,"(40.6185474648436, -74.15710354554041)"
30273733,03/27/2015 02:26:00 PM,03/28/2015 12:00:00 PM,DSNY,Department of Sanitation,Dirty Conditions,E8 Canine Violation,Sidewalk,10035,70 PALADINO AVENUE,PALADINO AVENUE,BEND,BEND,,,ADDRESS,NEW YORK,,N/A,Closed,,The Department of Sanitation investigated this complaint and found no violation at the location.,03/28/2015 12:00:00 PM,11 MANHATTAN,1018080001,MANHATTAN,1003707,230171,PHONE,Unspecified,MANHATTAN,,,,,,,,40.798420806778914,-73.9297255095368,"(40.798420806778914, -73.9297255095368)"
30271767,03/27/2015 01:45:00 PM,03/28/2015 12:00:00 PM,DSNY,Department of Sanitation,Dirty Conditions,E8 Canine Violation,Sidewalk,10466,2116 PITMAN AVENUE,PITMAN AVENUE,HILL AVENUE,MONTICELLO AVENUE,,,ADDRESS,BRONX,,N/A,Closed,,The Department of Sanitation investigated this complaint and found no violation at the location.,03/28/2015 12:00:00 PM,12 BRONX,2050300008,BRONX,1028247,266343,PHONE,Unspecified,BRONX,,,,,,,,40.897613991534435,-73.84085510522632,"(40.897613991534435, -73.84085510522632)"
30274765,03/27/2015 01:41:00 PM,04/13/2015 12:00:00 PM,DSNY,Department of Sanitation,Dirty Conditions,E8 Canine Violation,Sidewalk,11208,1071 NEW LOTS AVENUE,NEW LOTS AVENUE,MILFORD STREET,LOGAN STREET,,,ADDRESS,BROOKLYN,,N/A,Closed,,The Department of Sanitation investigated this complaint and found no violation at the location.,04/13/2015 12:00:00 PM,05 BROOKLYN,3042770033,BROOKLYN,1018887,183262,ONLINE,Unspecified,BROOKLYN,,,,,,,,40.669620840811604,-73.87514017542145,"(40.669620840811604, -73.87514017542145)"
30277936,03/27/2015 12:51:00 PM,03/30/2015 12:00:00 PM,DSNY,Department of Sanitation,Dirty Conditions,E8 Canine Violation,Sidewalk,11215,,,,,16 STREET,5 AVENUE,INTERSECTION,BROOKLYN,,N/A,Closed,,The Department of Sanitation investigated this complaint and found no violation at the location.,03/30/2015 12:00:00 PM,07 BROOKLYN,,BROOKLYN,987076,181541,ONLINE,Unspecified,BROOKLYN,,,,,,,,40.66496438422267,-73.9898135198406,"(40.66496438422267, -73.9898135198406)"
30271773,03/27/2015 12:39:00 PM,03/28/2015 12:00:00 PM,DSNY,Department of Sanitation,Dirty Conditions,E8 Canine Violation,Sidewalk,10001,,,,,WEST 29 STREET,10 AVENUE,INTERSECTION,NEW YORK,,N/A,Closed,,The Department of Sanitation investigated this complaint and found no violation at the location.,03/28/2015 12:00:00 PM,04 MANHATTAN,,MANHATTAN,983854,213049,PHONE,Unspecified,MANHATTAN,,,,,,,,40.75144682372682,-74.00142925794471,"(40.75144682372682, -74.00142925794471)"
30276839,03/27/2015 12:00:00 PM,03/28/2015 12:00:00 PM,DSNY,Department of Sanitation,Dirty Conditions,E8 Canine Violation,Sidewalk,11414,156-11 97 STREET,97 STREET,BRIDGETON STREET,,,,ADDRESS,Howard Beach,,N/A,Closed,,The Department of Sanitation investigated this complaint and found no violation at the location.,03/28/2015 12:00:00 PM,10 QUEENS,4141560081,QUEENS,1029518,180930,PHONE,Unspecified,QUEENS,,,,,,,,40.66317205511962,-73.83683317079488,"(40.66317205511962, -73.83683317079488)"
30274763,03/27/2015 11:54:00 AM,03/28/2015 12:00:00 PM,DSNY,Department of Sanitation,Dirty Conditions,E8 Canine Violation,Sidewalk,10031,603 WEST  138 STREET,WEST  138 STREET,BROADWAY,RIVERSIDE DRIVE,,,ADDRESS,NEW YORK,,N/A,Closed,,The Department of Sanitation investigated this complaint and found no violation at the location.,03/28/2015 12:00:00 PM,09 MANHATTAN,1020870025,MANHATTAN,996959,238830,ONLINE,Unspecified,MANHATTAN,,,,,,,,40.822199636783395,-73.95408143140607,"(40.822199636783395, -73.95408143140607)"
30277410,03/27/2015 11:38:00 AM,03/27/2015 12:00:00 PM,DSNY,Department of Sanitation,Dirty Conditions,E8 Canine Violation,Sidewalk,11355,,,,,58 ROAD,155 STREET,INTERSECTION,Flushing,,N/A,Closed,,The Department of Sanitation investigated this complaint and found no violation at the location.,03/27/2015 12:00:00 PM,07 QUEENS,,QUEENS,1036057,209452,ONLINE,Unspecified,QUEENS,,,,,,,,40.74142222679526,-73.81304423845268,"(40.74142222679526, -73.81304423845268)"
30277941,03/27/2015 11:31:00 AM,03/28/2015 12:00:00 PM,DSNY,Department of Sanitation,Dirty Conditions,E8 Canine Violation,Sidewalk,10466,,,,,EAST 225 STREET,PAULDING AVENUE,INTERSECTION,BRONX,,N/A,Closed,,The Department of Sanitation investigated this complaint and found no violation at the location.,03/28/2015 12:00:00 PM,12 BRONX,,BRONX,1025193,261774,PHONE,Unspecified,BRONX,,,,,,,,40.88508824995079,-73.85192987526672,"(40.88508824995079, -73.85192987526672)"
30274756,03/27/2015 10:57:00 AM,03/29/2015 12:00:00 PM,DSNY,Department of Sanitation,Dirty Conditions,E8 Canine Violation,Sidewalk,11236,1082 EAST   84 STREET,EAST   84 STREET,CHURCH LANE,AVENUE K,,,ADDRESS,BROOKLYN,,N/A,Closed,,The Department of Sanitation investigated this complaint and found no violation at the location.,03/29/2015 12:00:00 PM,18 BROOKLYN,3080350001,BROOKLYN,1010086,170376,PHONE,Unspecified,BROOKLYN,,,,,,,,40.63428165504721,-73.90691544692322,"(40.63428165504721, -73.90691544692322)"
30276891,03/27/2015 10:02:00 AM,03/30/2015 12:00:00 PM,DSNY,Department of Sanitation,Dirty Conditions,E8 Canine Violation,Sidewalk,10467,2540 BARKER AVENUE,BARKER AVENUE,MACE AVENUE,ALLERTON AVENUE,,,ADDRESS,BRONX,,N/A,Closed,,The Department of Sanitation investigated this complaint and found no violation at the location.,03/30/2015 12:00:00 PM,11 BRONX,2044280021,BRONX,1020388,254038,PHONE,Unspecified,BRONX,,,,,,,,40.86387631956321,-73.86934883065211,"(40.86387631956321, -73.86934883065211)"
30271768,03/27/2015 08:49:00 AM,03/28/2015 12:00:00 PM,DSNY,Department of Sanitation,Dirty Conditions,E8 Canine Violation,Sidewalk,10453,1640 MACOMBS ROAD,MACOMBS ROAD,FEATHERBED LANE,WEST 174 STREET,,,ADDRESS,BRONX,,N/A,Closed,,The Department of Sanitation investigated this complaint and found no violation at the location.,03/28/2015 12:00:00 PM,05 BRONX,2028660007,BRONX,1007378,247919,ONLINE,Unspecified,BRONX,,,,,,,,40.84712517124962,-73.916405483323,"(40.84712517124962, -73.916405483323)"
30265970,03/26/2015 08:35:00 PM,03/27/2015 12:00:00 PM,DSNY,Department of Sanitation,Dirty Conditions,E8 Canine Violation,Sidewalk,10031,,,,,WEST 149 STREET,BROADWAY,INTERSECTION,NEW YORK,,N/A,Closed,,The Department of Sanitation investigated this complaint and found no violation at the location.,03/27/2015 12:00:00 PM,09 MANHATTAN,,MANHATTAN,998477,241299,PHONE,Unspecified,MANHATTAN,,,,,,,,40.828974023743896,-73.9485915496301,"(40.828974023743896, -73.9485915496301)"
30264048,03/26/2015 06:49:00 PM,03/27/2015 12:00:00 PM,DSNY,Department of Sanitation,Dirty Conditions,E8 Canine Violation,Sidewalk,10467,759 EAST  222 STREET,EAST  222 STREET,WHITE PLAINS ROAD,BARNES AVENUE,,,ADDRESS,BRONX,,N/A,Closed,,The Department of Sanitation investigated this complaint and found no violation at the location.,03/27/2015 12:00:00 PM,12 BRONX,2048360017,BRONX,1022982,261795,PHONE,Unspecified,BRONX,,,,,,,,40.88515586922726,-73.8599258086255,"(40.88515586922726, -73.8599258086255)"
30268829,03/26/2015 04:33:00 PM,04/02/2015 12:00:00 PM,DSNY,Department of Sanitation,Dirty Conditions,E8 Canine Violation,Sidewalk,11209,,,,,91 STREET,RIDGE BOULEVARD,INTERSECTION,BROOKLYN,,N/A,Closed,,The Department of Sanitation investigated this complaint and found no violation at the location.,04/02/2015 12:00:00 PM,10 BROOKLYN,,BROOKLYN,974490,165393,PHONE,Unspecified,BROOKLYN,,,,,,,,40.62063667052496,-74.03515712064461,"(40.62063667052496, -74.03515712064461)"
30270792,03/26/2015 04:28:00 PM,03/30/2015 12:00:00 PM,DSNY,Department of Sanitation,Dirty Conditions,E8 Canine Violation,Sidewalk,10314,600 RICHMOND HILL ROAD,RICHMOND HILL ROAD,GOLF VIEW COURT,FOREST HILL ROAD,,,ADDRESS,STATEN ISLAND,,N/A,Closed,,The Department of Sanitation investigated this complaint and found no violation at the location.,03/30/2015 12:00:00 PM,02 STATEN ISLAND,5024507503,STATEN ISLAND,941684,150981,PHONE,Unspecified,STATEN ISLAND,,,,,,,,40.58098183752616,-74.15323874791311,"(40.58098183752616, -74.15323874791311)"
30273731,03/26/2015 03:54:00 PM,03/28/2015 12:00:00 PM,DSNY,Department of Sanitation,Dirty Conditions,E8 Canine Violation,Sidewalk,10039,WEST  149 STREET,WEST  149 STREET,7 AVENUE,8 AVENUE,,,BLOCKFACE,NEW YORK,,N/A,Closed,,The Department of Sanitation investigated this complaint and found no violation at the location.,03/28/2015 12:00:00 PM,10 MANHATTAN,,MANHATTAN,1001219,239780,PHONE,Unspecified,MANHATTAN,,,,,,,,40.82479996034037,-73.93868733434893,"(40.82479996034037, -73.93868733434893)"
30265019,03/26/2015 03:36:00 PM,04/15/2015 12:00:00 PM,DSNY,Department of Sanitation,Dirty Conditions,E8 Canine Violation,Sidewalk,,,,,,EAST 53 STREET,FOSTER AVENUE,INTERSECTION,,,N/A,Closed,,The Department of Sanitation investigated this complaint and found no violation at the location.,04/15/2015 12:00:00 PM,17 BROOKLYN,,BROOKLYN,,,PHONE,Unspecified,BROOKLYN,,,,,,,,,,
30264969,03/26/2015 02:20:00 PM,03/28/2015 12:00:00 PM,DSNY,Department of Sanitation,Dirty Conditions,E8 Canine Violation,Sidewalk,11418,87-44 110 STREET,110 STREET,JAMAICA AVENUE,91 AVENUE,,,ADDRESS,Richmond Hill,,N/A,Closed,,The Department of Sanitation investigated this complaint and found no violation at the location.,03/28/2015 12:00:00 PM,09 QUEENS,4092990001,QUEENS,1029214,192873,ONLINE,Unspecified,QUEENS,,,,,,,,40.69595437570107,-73.83784923900679,"(40.69595437570107, -73.83784923900679)"
30264037,03/26/2015 12:52:00 PM,03/27/2015 12:00:00 PM,DSNY,Department of Sanitation,Dirty Conditions,E8 Canine Violation,Sidewalk,10467,3440 GATES PLACE,GATES PLACE,WEST MOSHOLU PARKWAY NORTH,WEST GUN HILL ROAD,,,ADDRESS,BRONX,,N/A,Closed,,The Department of Sanitation investigated this complaint and found no violation at the location.,03/27/2015 12:00:00 PM,07 BRONX,2033240051,BRONX,1016432,260962,PHONE,Unspecified,BRONX,,,,,,,,40.882895863489935,-73.88361784074065,"(40.882895863489935, -73.88361784074065)"
30265962,03/26/2015 11:26:00 AM,03/28/2015 12:00:00 PM,DSNY,Department of Sanitation,Dirty Conditions,E8 Canine Violation,Sidewalk,11368,110-38 CORONA AVENUE,CORONA AVENUE,56 AVENUE,111 STREET,,,ADDRESS,Corona,,N/A,Closed,,The Department of Sanitation investigated this complaint and found no violation at the location.,03/28/2015 12:00:00 PM,04 QUEENS,4019680014,QUEENS,1025429,209307,PHONE,Unspecified,QUEENS,,,,,,,,40.7410801114568,-73.85139827395291,"(40.7410801114568, -73.85139827395291)"
30268830,03/26/2015 11:16:00 AM,03/27/2015 12:00:00 PM,DSNY,Department of Sanitation,Dirty Conditions,E8 Canine Violation,Sidewalk,11370,,,,,80 STREET,ASTORIA BOULEVARD,INTERSECTION,East Elmhurst,,N/A,Closed,,The Department of Sanitation investigated this complaint and found no violation at the location.,03/27/2015 12:00:00 PM,03 QUEENS,,QUEENS,1014987,218123,ONLINE,Unspecified,QUEENS,,,,,,,,40.76532023226528,-73.8890397368637,"(40.76532023226528, -73.8890397368637)"
30269813,03/26/2015 10:55:00 AM,04/02/2015 12:00:00 PM,DSNY,Department of Sanitation,Dirty Conditions,E8 Canine Violation,Sidewalk,11417,,,,,95 STREET,150 ROAD,INTERSECTION,Ozone Park,,N/A,Closed,,The Department of Sanitation investigated this complaint and found no violation at the location.,04/02/2015 12:00:00 PM,10 QUEENS,,QUEENS,1028512,183169,PHONE,Unspecified,QUEENS,,,,,,,,40.66932268848405,-73.8404445524845,"(40.66932268848405, -73.8404445524845)"
30266922,03/26/2015 09:59:00 AM,03/28/2015 12:00:00 PM,DSNY,Department of Sanitation,Dirty Conditions,E8 Canine Violation,Sidewalk,11358,,,,,194 STREET,42 AVENUE,INTERSECTION,Flushing,,N/A,Closed,,The Department of Sanitation investigated this complaint and found no violation at the location.,03/28/2015 12:00:00 PM,11 QUEENS,,QUEENS,1043025,216087,PHONE,Unspecified,QUEENS,,,,,,,,40.75959000917356,-73.7878409396197,"(40.75959000917356, -73.7878409396197)"
30268881,03/26/2015 09:03:00 AM,03/27/2015 12:00:00 PM,DSNY,Department of Sanitation,Dirty Conditions,E8 Canine Violation,Sidewalk,10473,,,,,PUGSLEY AVENUE,SEWARD AVENUE,INTERSECTION,BRONX,,N/A,Closed,,The Department of Sanitation investigated this complaint and found no violation at the location.,03/27/2015 12:00:00 PM,09 BRONX,,BRONX,1024484,238168,PHONE,Unspecified,BRONX,,,,,,,,40.82030014847841,-73.85463563477586,"(40.82030014847841, -73.85463563477586)"
30265926,03/26/2015 08:57:00 AM,03/28/2015 12:00:00 PM,DSNY,Department of Sanitation,Dirty Conditions,E8 Canine Violation,Sidewalk,11211,,,,,SOUTH 9 STREET,BEDFORD AVENUE,INTERSECTION,BROOKLYN,,N/A,Closed,,The Department of Sanitation investigated this complaint and found no violation at the location.,03/28/2015 12:00:00 PM,01 BROOKLYN,,BROOKLYN,994180,197484,PHONE,Unspecified,BROOKLYN,,,,,,,,40.70871914433437,-73.96418324622807,"(40.70871914433437, -73.96418324622807)"
30268889,03/26/2015 07:39:00 AM,03/28/2015 12:00:00 PM,DSNY,Department of Sanitation,Dirty Conditions,E8 Canine Violation,Sidewalk,11692,68-18 BEACH CHANNEL DRIVE,BEACH CHANNEL DRIVE,BEACH 68 STREET,BEACH 69 STREET,,,ADDRESS,Arverne,,N/A,Closed,,The Department of Sanitation investigated this complaint and found no violation at the location.,03/28/2015 12:00:00 PM,14 QUEENS,4160420001,QUEENS,1040503,155307,PHONE,Unspecified,QUEENS,,,,,,,,40.5927795282296,-73.79745182668927,"(40.5927795282296, -73.79745182668927)"
30264991,03/26/2015 07:24:00 AM,03/28/2015 12:00:00 PM,DSNY,Department of Sanitation,Dirty Conditions,E8 Canine Violation,Sidewalk,10473,645 THERIOT AVENUE,THERIOT AVENUE,RANDALL AVENUE,SEWARD AVENUE,,,ADDRESS,BRONX,,N/A,Closed,,The Department of Sanitation investigated this complaint and found no violation at the location.,03/28/2015 12:00:00 PM,09 BRONX,2035590059,BRONX,1022645,237416,PHONE,Unspecified,BRONX,,,,,,,,40.81824430760195,-73.86128418365467,"(40.81824430760195, -73.86128418365467)"
30266915,03/26/2015 07:23:00 AM,03/31/2015 12:00:00 PM,DSNY,Department of Sanitation,Dirty Conditions,E8 Canine Violation,Sidewalk,11234,2221 EAST   70 STREET,EAST   70 STREET,AVENUE V,AVENUE W,,,ADDRESS,BROOKLYN,,N/A,Closed,,The Department of Sanitation investigated this complaint and found no violation at the location.,03/31/2015 12:00:00 PM,18 BROOKLYN,3084390032,BROOKLYN,1010402,164178,ONLINE,Unspecified,BROOKLYN,,,,,,,,40.61726852815077,-73.9058009447915,"(40.61726852815077, -73.9058009447915)"
30269774,03/26/2015 07:16:00 AM,03/28/2015 12:00:00 PM,DSNY,Department of Sanitation,Dirty Conditions,E8 Canine Violation,Sidewalk,11692,68-09 BEACH CHANNEL DRIVE,BEACH CHANNEL DRIVE,BEACH 68 STREET,BEACH 69 STREET,,,ADDRESS,Arverne,,N/A,Closed,,The Department of Sanitation investigated this complaint and found no violation at the location.,03/28/2015 12:00:00 PM,14 QUEENS,4159160050,QUEENS,1040521,155303,PHONE,Unspecified,QUEENS,,,,,,,,40.59276843480284,-73.79738704827493,"(40.59276843480284, -73.79738704827493)"
30256285,03/25/2015 11:28:00 PM,03/26/2015 12:00:00 PM,DSNY,Department of Sanitation,Dirty Conditions,E8 Canine Violation,Sidewalk,10454,,,,,EAST 134 STREET,BRUCKNER BOULEVARD,INTERSECTION,BRONX,,N/A,Closed,,The Department of Sanitation investigated this complaint and found no violation at the location.,03/26/2015 12:00:00 PM,01 BRONX,,BRONX,1007614,231722,PHONE,Unspecified,BRONX,,,,,,,,40.802668409181905,-73.91560887876318,"(40.802668409181905, -73.91560887876318)"
30260143,03/25/2015 10:17:00 PM,03/28/2015 12:00:00 PM,DSNY,Department of Sanitation,Dirty Conditions,E8 Canine Violation,Sidewalk,11207,,,,,BRADFORD STREET,PITKIN AVENUE,INTERSECTION,BROOKLYN,,N/A,Closed,,The Department of Sanitation investigated this complaint and found no violation at the location.,03/28/2015 12:00:00 PM,05 BROOKLYN,,BROOKLYN,1014174,184286,PHONE,Unspecified,BROOKLYN,,,,,,,,40.67244867397556,-73.89212508340613,"(40.67244867397556, -73.89212508340613)"
30261123,03/25/2015 10:06:00 PM,03/26/2015 12:00:00 PM,DSNY,Department of Sanitation,Dirty Conditions,E8 Canine Violation,Sidewalk,11692,,,,,BEACH 75 STREET,BEACH CHANNEL DRIVE,INTERSECTION,Arverne,,N/A,Closed,,The Department of Sanitation investigated this complaint and found no violation at the location.,03/26/2015 12:00:00 PM,14 QUEENS,,QUEENS,1038924,154530,PHONE,Unspecified,QUEENS,,,,,,,,40.59065670514284,-73.803143543596,"(40.59065670514284, -73.803143543596)"
30259207,03/25/2015 06:29:00 PM,03/26/2015 12:00:00 PM,DSNY,Department of Sanitation,Dirty Conditions,E8 Canine Violation,Sidewalk,10454,,,,,EAST 140 STREET,ST ANNS AVENUE,INTERSECTION,BRONX,,N/A,Closed,,The Department of Sanitation investigated this complaint and found no violation at the location.,03/26/2015 12:00:00 PM,01 BRONX,,BRONX,1007341,233713,PHONE,Unspecified,BRONX,,,,,,,,40.80813387101088,-73.91658811037743,"(40.80813387101088, -73.91658811037743)"
30256294,03/25/2015 05:46:00 PM,03/26/2015 12:00:00 PM,DSNY,Department of Sanitation,Dirty Conditions,E8 Canine Violation,Sidewalk,10128,,,,,EAST 92 STREET,1 AVENUE,INTERSECTION,NEW YORK,,N/A,Closed,,The Department of Sanitation investigated this complaint and found no violation at the location.,03/26/2015 12:00:00 PM,08 MANHATTAN,,MANHATTAN,999041,223708,PHONE,Unspecified,MANHATTAN,,,,,,,,40.780690653139644,-73.94659232315303,"(40.780690653139644, -73.94659232315303)"
30256306,03/25/2015 05:35:00 PM,04/04/2015 12:00:00 PM,DSNY,Department of Sanitation,Dirty Conditions,E8 Canine Violation,Sidewalk,10314,,,,,SOMMERS LANE,WINDSOR ROAD,INTERSECTION,STATEN ISLAND,,N/A,Closed,,"The Department of Sanitation has investigated the complaint and addressed the issue. If the problem persists, call 311 to enter a new complaint. If you are outside of New York City, please call (212) NEW-YORK (212-639-9675).",04/04/2015 12:00:00 PM,01 STATEN ISLAND,,STATEN ISLAND,950779,162217,PHONE,Unspecified,STATEN ISLAND,,,,,,,,40.61186136730835,-74.12055221711836,"(40.61186136730835, -74.12055221711836)"
30259180,03/25/2015 04:04:00 PM,03/26/2015 12:00:00 PM,DSNY,Department of Sanitation,Dirty Conditions,E8 Canine Violation,Sidewalk,10029,,,,,EAST 102 STREET,1 AVENUE,INTERSECTION,NEW YORK,,N/A,Closed,,The Department of Sanitation investigated this complaint and found no violation at the location.,03/26/2015 12:00:00 PM,11 MANHATTAN,,MANHATTAN,1000329,226031,PHONE,Unspecified,MANHATTAN,,,,,,,,40.787064419237254,-73.94193602501157,"(40.787064419237254, -73.94193602501157)"
30260141,03/25/2015 04:02:00 PM,03/26/2015 12:00:00 PM,DSNY,Department of Sanitation,Dirty Conditions,E8 Canine Violation,Sidewalk,10029,,,,,EAST 100 STREET,1 AVENUE,INTERSECTION,NEW YORK,,N/A,Closed,,The Department of Sanitation investigated this complaint and found no violation at the location.,03/26/2015 12:00:00 PM,11 MANHATTAN,,MANHATTAN,1000077,225572,PHONE,Unspecified,MANHATTAN,,,,,,,,40.78580504204428,-73.94284712061528,"(40.78580504204428, -73.94284712061528)"
30261186,03/25/2015 04:01:00 PM,03/26/2015 12:00:00 PM,DSNY,Department of Sanitation,Dirty Conditions,E8 Canine Violation,Sidewalk,10029,,,,,EAST 101 STREET,1 AVENUE,INTERSECTION,NEW YORK,,N/A,Closed,,The Department of Sanitation investigated this complaint and found no violation at the location.,03/26/2015 12:00:00 PM,11 MANHATTAN,,MANHATTAN,1000206,225798,PHONE,Unspecified,MANHATTAN,,,,,,,,40.786425119593346,-73.9423807520361,"(40.786425119593346, -73.9423807520361)"
30260203,03/25/2015 03:59:00 PM,03/26/2015 12:00:00 PM,DSNY,Department of Sanitation,Dirty Conditions,E8 Canine Violation,Sidewalk,10029,,,,,1 AVENUE,EAST 102 STREET,INTERSECTION,NEW YORK,,N/A,Closed,,The Department of Sanitation investigated this complaint and found no violation at the location.,03/26/2015 12:00:00 PM,11 MANHATTAN,,MANHATTAN,1000329,226031,PHONE,Unspecified,MANHATTAN,,,,,,,,40.787064419237254,-73.94193602501157,"(40.787064419237254, -73.94193602501157)"
30260204,03/25/2015 03:56:00 PM,03/26/2015 12:00:00 PM,DSNY,Department of Sanitation,Dirty Conditions,E8 Canine Violation,Sidewalk,10465,,,,,LONGSTREET AVENUE,WISSMAN AVENUE,INTERSECTION,BRONX,,N/A,Closed,,The Department of Sanitation investigated this complaint and found no violation at the location.,03/26/2015 12:00:00 PM,10 BRONX,,BRONX,1037649,238365,PHONE,Unspecified,BRONX,,,,,,,,40.82077108292699,-73.80706940934624,"(40.82077108292699, -73.80706940934624)"
30258239,03/25/2015 03:14:00 PM,03/30/2015 12:00:00 PM,DSNY,Department of Sanitation,Dirty Conditions,E8 Canine Violation,Sidewalk,10303,132 HARBOR ROAD,HARBOR ROAD,NYCTA SUBWAY,LEYDEN AVENUE,,,ADDRESS,STATEN ISLAND,,N/A,Closed,,The Department of Sanitation investigated this complaint and found no violation at the location.,03/30/2015 12:00:00 PM,01 STATEN ISLAND,5012430149,STATEN ISLAND,939749,170124,PHONE,Unspecified,STATEN ISLAND,,,,,,,,40.63351586387448,-74.16033092179723,"(40.63351586387448, -74.16033092179723)"
30259215,03/25/2015 02:31:00 PM,03/26/2015 12:00:00 PM,DSNY,Department of Sanitation,Dirty Conditions,E8 Canine Violation,Sidewalk,10472,,,,,EAST 172 STREET,ROSEDALE AVENUE,INTERSECTION,BRONX,,N/A,Closed,,The Department of Sanitation investigated this complaint and found no violation at the location.,03/26/2015 12:00:00 PM,09 BRONX,,BRONX,1020385,242629,ONLINE,Unspecified,BRONX,,,,,,,,40.83256202799492,-73.86942116302902,"(40.83256202799492, -73.86942116302902)"
30261122,03/25/2015 11:35:00 AM,04/01/2015 12:00:00 PM,DSNY,Department of Sanitation,Dirty Conditions,E8 Canine Violation,Sidewalk,11419,,,,,127 STREET,97 AVENUE,INTERSECTION,South Richmond Hill,,N/A,Closed,,The Department of Sanitation investigated this complaint and found no violation at the location.,04/01/2015 12:00:00 PM,09 QUEENS,,QUEENS,1034232,191849,PHONE,Unspecified,QUEENS,,,,,,,,40.69311682075217,-73.81976079735094,"(40.69311682075217, -73.81976079735094)"
30263056,03/25/2015 09:31:00 AM,03/31/2015 12:00:00 PM,DSNY,Department of Sanitation,Dirty Conditions,E8 Canine Violation,Sidewalk,11214,,,,,BAY 47 STREET,HARWAY AVENUE,INTERSECTION,BROOKLYN,,N/A,Closed,,"The Department of Sanitation has investigated the complaint and addressed the issue. If the problem persists, call 311 to enter a new complaint. If you are outside of New York City, please call (212) NEW-YORK (212-639-9675).",03/31/2015 12:00:00 PM,13 BROOKLYN,,BROOKLYN,987942,153945,PHONE,Unspecified,BROOKLYN,,,,,,,,40.589218852855,-73.98670706772513,"(40.589218852855, -73.98670706772513)"
30257252,03/25/2015 08:47:00 AM,04/07/2015 12:00:00 PM,DSNY,Department of Sanitation,Dirty Conditions,E8 Canine Violation,Sidewalk,11218,700 CORTELYOU ROAD,CORTELYOU ROAD,EAST 7 STREET,EAST 8 STREET,,,ADDRESS,BROOKLYN,,N/A,Closed,,The Department of Sanitation investigated this complaint and found no violation at the location.,04/07/2015 12:00:00 PM,12 BROOKLYN,3053910001,BROOKLYN,992118,171968,PHONE,Unspecified,BROOKLYN,,,,,,,,40.63868553966112,-73.97165050807656,"(40.63868553966112, -73.97165050807656)"
30260166,03/25/2015 07:38:00 AM,03/26/2015 12:00:00 PM,DSNY,Department of Sanitation,Dirty Conditions,E8 Canine Violation,Sidewalk,11369,22-42 99 STREET,99 STREET,22 DRIVE,23 AVENUE,,,ADDRESS,East Elmhurst,,N/A,Closed,,The Department of Sanitation investigated this complaint and found no violation at the location.,03/26/2015 12:00:00 PM,03 QUEENS,4010750025,QUEENS,1019774,219671,PHONE,Unspecified,QUEENS,,,,,,,,40.76955114688206,-73.87175055601814,"(40.76955114688206, -73.87175055601814)"
30256901,03/25/2015 04:15:00 AM,03/25/2015 12:00:00 PM,DSNY,Department of Sanitation,Dirty Conditions,E8 Canine Violation,Sidewalk,10472,1053 ELDER AVENUE,ELDER AVENUE,BRUCKNER BOULEVARD,WATSON AVENUE,,,ADDRESS,BRONX,,N/A,Closed,,The Department of Sanitation investigated this complaint and found no violation at the location.,03/25/2015 12:00:00 PM,09 BRONX,,BRONX,1017920,239862,PHONE,Unspecified,BRONX,,,,,,,,40.8249771529707,-73.87834265750377,"(40.8249771529707, -73.87834265750377)"
30261659,03/25/2015 04:05:00 AM,03/25/2015 12:00:00 PM,DSNY,Department of Sanitation,Dirty Conditions,E8 Canine Violation,Sidewalk,10472,1057 BOYNTON AVENUE,BOYNTON AVENUE,BRUCKNER BOULEVARD,WATSON AVENUE,,,ADDRESS,BRONX,,N/A,Closed,,The Department of Sanitation investigated this complaint and found no violation at the location.,03/25/2015 12:00:00 PM,09 BRONX,2037140036,BRONX,1018159,240003,PHONE,Unspecified,BRONX,,,,,,,,40.82536324322324,-73.87747838486375,"(40.82536324322324, -73.87747838486375)"
30252306,03/24/2015 09:46:00 PM,03/26/2015 12:00:00 PM,DSNY,Department of Sanitation,Dirty Conditions,E8 Canine Violation,Sidewalk,11361,42-40 212 STREET,212 STREET,42 AVENUE,43 AVENUE,,,ADDRESS,Bayside,,N/A,Closed,,The Department of Sanitation investigated this complaint and found no violation at the location.,03/26/2015 12:00:00 PM,11 QUEENS,4062770050,QUEENS,1047397,216892,ONLINE,Unspecified,QUEENS,,,,,,,,40.7617693753765,-73.772051917104,"(40.7617693753765, -73.772051917104)"
30252289,03/24/2015 04:01:00 PM,03/26/2015 12:00:00 PM,DSNY,Department of Sanitation,Dirty Conditions,E8 Canine Violation,Sidewalk,11435,141-50 85 ROAD,85 ROAD,BEND,143 STREET,,,ADDRESS,Jamaica,,N/A,Closed,,The Department of Sanitation investigated this complaint and found no violation at the location.,03/26/2015 12:00:00 PM,08 QUEENS,4097110056,QUEENS,1035592,197855,ONLINE,Unspecified,QUEENS,,,,,,,,40.7095940623328,-73.81481075254648,"(40.7095940623328, -73.81481075254648)"
30255417,03/24/2015 03:20:00 PM,03/25/2015 12:00:00 PM,DSNY,Department of Sanitation,Dirty Conditions,E8 Canine Violation,Sidewalk,10312,42 ROW PLACE,ROW PLACE,WOODROW ROAD,CROWN AVENUE,,,ADDRESS,STATEN ISLAND,,N/A,Closed,,The Department of Sanitation investigated this complaint and found no violation at the location.,03/25/2015 12:00:00 PM,03 STATEN ISLAND,5057180074,STATEN ISLAND,933056,140770,PHONE,Unspecified,STATEN ISLAND,,,,,,,,40.55290906045207,-74.1842223885127,"(40.55290906045207, -74.1842223885127)"
30250266,03/24/2015 03:12:00 PM,03/25/2015 12:00:00 PM,DSNY,Department of Sanitation,Dirty Conditions,E8 Canine Violation,Sidewalk,11692,,,,,BEACH 77 STREET,ROCKAWAY BEACH BOULEVARD,INTERSECTION,Arverne,,N/A,Closed,,The Department of Sanitation investigated this complaint and found no violation at the location.,03/25/2015 12:00:00 PM,14 QUEENS,,QUEENS,1038603,153681,PHONE,Unspecified,QUEENS,,,,,,,,40.58832834985768,-73.80430614529125,"(40.58832834985768, -73.80430614529125)"
30253281,03/24/2015 01:02:00 PM,03/25/2015 12:00:00 PM,DSNY,Department of Sanitation,Dirty Conditions,E8 Canine Violation,Sidewalk,11232,,,,,42 STREET,8 AVENUE,INTERSECTION,BROOKLYN,,N/A,Closed,,The Department of Sanitation investigated this complaint and found no violation at the location.,03/25/2015 12:00:00 PM,07 BROOKLYN,,BROOKLYN,984514,174485,PHONE,Unspecified,BROOKLYN,,,,,,,,40.6455976549424,-73.99904867297043,"(40.6455976549424, -73.99904867297043)"
30250250,03/24/2015 11:22:00 AM,03/26/2015 12:00:00 PM,DSNY,Department of Sanitation,Dirty Conditions,E8 Canine Violation,Sidewalk,11355,,,,,147 STREET,BARCLAY AVENUE,INTERSECTION,Flushing,,N/A,Closed,,The Department of Sanitation investigated this complaint and found no violation at the location.,03/26/2015 12:00:00 PM,07 QUEENS,,QUEENS,1034757,216446,PHONE,Unspecified,QUEENS,,,,,,,,40.76062646745995,-73.81768300015489,"(40.76062646745995, -73.81768300015489)"
30255317,03/24/2015 08:04:00 AM,03/25/2015 12:00:00 PM,DSNY,Department of Sanitation,Dirty Conditions,E8 Canine Violation,Sidewalk,10458,2332 TIEBOUT AVENUE,TIEBOUT AVENUE,EAST 183 STREET,EAST 184 STREET,,,ADDRESS,BRONX,,N/A,Closed,,The Department of Sanitation investigated this complaint and found no violation at the location.,03/25/2015 12:00:00 PM,05 BRONX,2031430285,BRONX,1012806,251671,PHONE,Unspecified,BRONX,,,,,,,,40.85740740404417,-73.89677039704577,"(40.85740740404417, -73.89677039704577)"
30249254,03/24/2015 08:04:00 AM,03/25/2015 12:00:00 PM,DSNY,Department of Sanitation,Dirty Conditions,E8 Canine Violation,Sidewalk,11219,,,,,64 STREET,12 AVENUE,INTERSECTION,BROOKLYN,,N/A,Closed,,The Department of Sanitation investigated this complaint and found no violation at the location.,03/25/2015 12:00:00 PM,10 BROOKLYN,,BROOKLYN,983390,168043,PHONE,Unspecified,BROOKLYN,,,,,,,,40.62791569978701,-74.00309819882553,"(40.62791569978701, -74.00309819882553)"
30243878,03/23/2015 06:20:00 PM,03/25/2015 12:00:00 PM,DSNY,Department of Sanitation,Dirty Conditions,E8 Canine Violation,Sidewalk,10013,28 VESTRY STREET,VESTRY STREET,HUDSON STREET,GREENWICH STREET,,,ADDRESS,NEW YORK,,N/A,Closed,,The Department of Sanitation investigated this complaint and found no violation at the location.,03/25/2015 12:00:00 PM,01 MANHATTAN,1002227501,MANHATTAN,981936,202561,ONLINE,Unspecified,MANHATTAN,,,,,,,,40.722659563840324,-74.00834816741404,"(40.722659563840324, -74.00834816741404)"
30241748,03/23/2015 04:36:00 PM,04/01/2015 12:00:00 PM,DSNY,Department of Sanitation,Dirty Conditions,E8 Canine Violation,Sidewalk,10312,,,,,BERKLEY STREET,WOODS OF ARDEN ROAD,INTERSECTION,STATEN ISLAND,,N/A,Closed,,The Department of Sanitation investigated this complaint and found no violation at the location.,04/01/2015 12:00:00 PM,03 STATEN ISLAND,,STATEN ISLAND,938077,135678,ONLINE,Unspecified,STATEN ISLAND,,,,,,,,40.538960071974735,-74.16611954030371,"(40.538960071974735, -74.16611954030371)"
30241749,03/23/2015 03:53:00 PM,03/25/2015 12:00:00 PM,DSNY,Department of Sanitation,Dirty Conditions,E8 Canine Violation,Sidewalk,11357,151-01 21 AVENUE,21 AVENUE,MURRAY STREET,154 STREET,,,ADDRESS,Whitestone,,N/A,Closed,,The Department of Sanitation investigated this complaint and found no violation at the location.,03/25/2015 12:00:00 PM,07 QUEENS,4047080070,QUEENS,1036394,223387,PHONE,Unspecified,QUEENS,,,,,,,,40.77966815761902,-73.81172002506501,"(40.77966815761902, -73.81172002506501)"
30240685,03/23/2015 01:19:00 PM,03/24/2015 12:00:00 PM,DSNY,Department of Sanitation,Dirty Conditions,E8 Canine Violation,Sidewalk,11226,104 ST PAUL PLACE,ST PAUL PLACE,CATON AVENUE,NYCTA SUBWAY,,,ADDRESS,BROOKLYN,,N/A,Closed,,The Department of Sanitation investigated this complaint and found no violation at the location.,03/24/2015 12:00:00 PM,14 BROOKLYN,,BROOKLYN,994537,176566,PHONE,Unspecified,BROOKLYN,,,,,,,,40.65130357820776,-73.96292750600921,"(40.65130357820776, -73.96292750600921)"
30240696,03/23/2015 12:29:00 PM,03/25/2015 12:00:00 PM,DSNY,Department of Sanitation,Dirty Conditions,E8 Canine Violation,Sidewalk,11209,9016 FT HAMILTON PARKWAY,FT HAMILTON PARKWAY,90 STREET,92 STREET,,,ADDRESS,BROOKLYN,,N/A,Closed,,The Department of Sanitation investigated this complaint and found no violation at the location.,03/25/2015 12:00:00 PM,10 BROOKLYN,3060890037,BROOKLYN,976824,164370,ONLINE,Unspecified,BROOKLYN,,,,,,,,40.617831012136485,-74.0267485452226,"(40.617831012136485, -74.0267485452226)"
30241742,03/23/2015 12:27:00 PM,03/25/2015 12:00:00 PM,DSNY,Department of Sanitation,Dirty Conditions,E8 Canine Violation,Sidewalk,11385,66-19 COOPER AVENUE,COOPER AVENUE,66 STREET,66 PLACE,,,ADDRESS,Ridgewood,,N/A,Closed,,The Department of Sanitation investigated this complaint and found no violation at the location.,03/25/2015 12:00:00 PM,05 QUEENS,4036990059,QUEENS,1015562,194247,PHONE,Unspecified,QUEENS,,,,,,,,40.69978451584424,-73.88707510833675,"(40.69978451584424, -73.88707510833675)"
30245034,03/23/2015 11:58:00 AM,03/25/2015 12:00:00 PM,DSNY,Department of Sanitation,Dirty Conditions,E8 Canine Violation,Sidewalk,11354,,,,,155 STREET,33 AVENUE,INTERSECTION,Flushing,,N/A,Closed,,The Department of Sanitation investigated this complaint and found no violation at the location.,03/25/2015 12:00:00 PM,07 QUEENS,,QUEENS,1037022,219311,PHONE,Unspecified,QUEENS,,,,,,,,40.76847690499656,-73.80948447789216,"(40.76847690499656, -73.80948447789216)"
30240686,03/23/2015 11:53:00 AM,03/25/2015 12:00:00 PM,DSNY,Department of Sanitation,Dirty Conditions,E8 Canine Violation,Sidewalk,11413,219-03 141 AVENUE,141 AVENUE,219 STREET,222 STREET,,,ADDRESS,Springfield Gardens,,N/A,Closed,,The Department of Sanitation investigated this complaint and found no violation at the location.,03/25/2015 12:00:00 PM,13 QUEENS,4131430127,QUEENS,1052362,183827,PHONE,Unspecified,QUEENS,,,,,,,,40.670977380964395,-73.75446390855757,"(40.670977380964395, -73.75446390855757)"
30239667,03/23/2015 10:19:00 AM,03/24/2015 12:00:00 PM,DSNY,Department of Sanitation,Dirty Conditions,E8 Canine Violation,Sidewalk,10458,2489 TIEBOUT AVENUE,TIEBOUT AVENUE,EAST 188 STREET,EAST FORDHAM ROAD,,,ADDRESS,BRONX,,N/A,Closed,,The Department of Sanitation investigated this complaint and found no violation at the location.,03/24/2015 12:00:00 PM,05 BRONX,2031480025,BRONX,1013288,253209,PHONE,Unspecified,BRONX,,,,,,,,40.86162717672031,-73.89502131132832,"(40.86162717672031, -73.89502131132832)"
30243940,03/23/2015 09:44:00 AM,03/24/2015 12:00:00 PM,DSNY,Department of Sanitation,Dirty Conditions,E8 Canine Violation,Sidewalk,10467,2540 BARKER AVENUE,BARKER AVENUE,MACE AVENUE,ALLERTON AVENUE,,,ADDRESS,BRONX,,N/A,Closed,,The Department of Sanitation investigated this complaint and found no violation at the location.,03/24/2015 12:00:00 PM,11 BRONX,2044280021,BRONX,1020388,254038,PHONE,Unspecified,BRONX,,,,,,,,40.86387631956321,-73.86934883065211,"(40.86387631956321, -73.86934883065211)"
30246085,03/23/2015 08:53:00 AM,03/25/2015 12:00:00 PM,DSNY,Department of Sanitation,Dirty Conditions,E8 Canine Violation,Sidewalk,11435,140-18 BURDEN CRESCENT,BURDEN CRESCENT,84 DRIVE,BEND,,,ADDRESS,Jamaica,,N/A,Closed,,The Department of Sanitation investigated this complaint and found no violation at the location.,03/25/2015 12:00:00 PM,08 QUEENS,4097130102,QUEENS,1034929,198093,PHONE,Unspecified,QUEENS,,,,,,,,40.71025113680325,-73.81720037772173,"(40.71025113680325, -73.81720037772173)"
30243891,03/23/2015 08:02:00 AM,03/25/2015 12:00:00 PM,DSNY,Department of Sanitation,Dirty Conditions,E8 Canine Violation,Sidewalk,11360,,,,,215 STREET,18 AVENUE,INTERSECTION,Bayside,,N/A,Closed,,The Department of Sanitation investigated this complaint and found no violation at the location.,03/25/2015 12:00:00 PM,07 QUEENS,,QUEENS,1046160,224963,PHONE,Unspecified,QUEENS,,,,,,,,40.78393083590622,-73.77644286636607,"(40.78393083590622, -73.77644286636607)"
30236015,03/22/2015 01:34:00 PM,03/23/2015 12:00:00 PM,DSNY,Department of Sanitation,Dirty Conditions,E8 Canine Violation,Sidewalk,11435,,,,,HOOVER AVENUE,138 STREET,INTERSECTION,Jamaica,,N/A,Closed,,The Department of Sanitation investigated this complaint and found no violation at the location.,03/23/2015 12:00:00 PM,08 QUEENS,,QUEENS,1033936,199502,ONLINE,Unspecified,QUEENS,,,,,,,,40.71412413033288,-73.82077172924721,"(40.71412413033288, -73.82077172924721)"
30235414,03/22/2015 12:57:00 PM,03/23/2015 12:00:00 PM,DSNY,Department of Sanitation,Dirty Conditions,E8 Canine Violation,Sidewalk,11415,83-12 ABINGDON ROAD,ABINGDON ROAD,83 AVENUE,BEND,,,ADDRESS,Kew Gardens,,N/A,Closed,,The Department of Sanitation investigated this complaint and found no violation at the location.,03/23/2015 12:00:00 PM,09 QUEENS,4033290017,QUEENS,1030344,197150,PHONE,Unspecified,QUEENS,,,,,,,,40.70768790391141,-73.83374492917947,"(40.70768790391141, -73.83374492917947)"
30237200,03/22/2015 12:27:00 PM,03/23/2015 12:00:00 PM,DSNY,Department of Sanitation,Dirty Conditions,E8 Canine Violation,Sidewalk,11219,,,,,64 STREET,12 AVENUE,INTERSECTION,BROOKLYN,,N/A,Closed,,The Department of Sanitation investigated this complaint and found no violation at the location.,03/23/2015 12:00:00 PM,10 BROOKLYN,,BROOKLYN,983390,168043,PHONE,Unspecified,BROOKLYN,,,,,,,,40.62791569978701,-74.00309819882553,"(40.62791569978701, -74.00309819882553)"
30237740,03/22/2015 12:05:00 PM,03/23/2015 12:00:00 PM,DSNY,Department of Sanitation,Dirty Conditions,E8 Canine Violation,Sidewalk,10466,,,,,EAST 225 STREET,WHITEPLAINS ROAD,INTERSECTION,BRONX,,N/A,Closed,,The Department of Sanitation investigated this complaint and found no violation at the location.,03/23/2015 12:00:00 PM,12 BRONX,,BRONX,1022835,262759,PHONE,Unspecified,BRONX,,,,,,,,40.88780238727701,-73.86045187899009,"(40.88780238727701, -73.86045187899009)"
30238907,03/22/2015 11:12:00 AM,03/23/2015 12:00:00 PM,DSNY,Department of Sanitation,Dirty Conditions,E8 Canine Violation,Sidewalk,10458,2330 RYER AVENUE,RYER AVENUE,EAST 183 STREET,FIELD PLACE,,,ADDRESS,BRONX,,N/A,Closed,,The Department of Sanitation investigated this complaint and found no violation at the location.,03/23/2015 12:00:00 PM,05 BRONX,2031510014,BRONX,1012264,251848,PHONE,Unspecified,BRONX,,,,,,,,40.85789495216717,-73.89872897915322,"(40.85789495216717, -73.89872897915322)"
30234847,03/22/2015 08:23:00 AM,03/23/2015 12:00:00 PM,DSNY,Department of Sanitation,Dirty Conditions,E8 Canine Violation,Sidewalk,11377,,,,,63 STREET,37 AVENUE,INTERSECTION,Woodside,,N/A,Closed,,The Department of Sanitation investigated this complaint and found no violation at the location.,03/23/2015 12:00:00 PM,02 QUEENS,,QUEENS,1012043,212157,ONLINE,Unspecified,QUEENS,,,,,,,,40.74895484079236,-73.89969219997667,"(40.74895484079236, -73.89969219997667)"
30234534,03/21/2015 10:59:00 PM,03/23/2015 12:00:00 PM,DSNY,Department of Sanitation,Dirty Conditions,E8 Canine Violation,Sidewalk,10462,1018 NEILL AVENUE,NEILL AVENUE,COLDEN AVENUE,PAULDING AVENUE,,,ADDRESS,BRONX,,N/A,Closed,,The Department of Sanitation investigated this complaint and found no violation at the location.,03/23/2015 12:00:00 PM,11 BRONX,2042680008,BRONX,1023321,249798,PHONE,Unspecified,BRONX,,,,,,,,40.85222631151612,-73.85876976962008,"(40.85222631151612, -73.85876976962008)"
30233506,03/21/2015 08:26:00 PM,03/23/2015 12:00:00 PM,DSNY,Department of Sanitation,Dirty Conditions,E8 Canine Violation,Sidewalk,11219,1057 67 STREET,67 STREET,10 AVENUE,11 AVENUE,,,ADDRESS,BROOKLYN,,N/A,Closed,,The Department of Sanitation investigated this complaint and found no violation at the location.,03/23/2015 12:00:00 PM,10 BROOKLYN,3057580054,BROOKLYN,981996,168106,ONLINE,Unspecified,BROOKLYN,,,,,,,,40.62808837651779,-74.00812018398757,"(40.62808837651779, -74.00812018398757)"
30234540,03/21/2015 05:31:00 PM,04/15/2015 12:00:00 PM,DSNY,Department of Sanitation,Dirty Conditions,E8 Canine Violation,Sidewalk,11203,673 HAWTHORNE STREET,HAWTHORNE STREET,ALBANY AVENUE,TROY AVENUE,,,ADDRESS,BROOKLYN,,N/A,Closed,,The Department of Sanitation investigated this complaint and found no violation at the location.,04/15/2015 12:00:00 PM,09 BROOKLYN,3048180055,BROOKLYN,1001436,179241,PHONE,Unspecified,BROOKLYN,,,,,,,,40.65863516500244,-73.93805794320528,"(40.65863516500244, -73.93805794320528)"
30229477,03/21/2015 03:06:00 PM,03/23/2015 12:00:00 PM,DSNY,Department of Sanitation,Dirty Conditions,E8 Canine Violation,Sidewalk,10302,,,,,GROVE AVENUE,SHARPE AVENUE,INTERSECTION,STATEN ISLAND,,N/A,Closed,,The Department of Sanitation investigated this complaint and found no violation at the location.,03/23/2015 12:00:00 PM,01 STATEN ISLAND,,STATEN ISLAND,946243,171958,ONLINE,Unspecified,STATEN ISLAND,,,,,,,,40.63858004167751,-74.13694431318685,"(40.63858004167751, -74.13694431318685)"
30229499,03/21/2015 02:17:00 PM,03/23/2015 12:00:00 PM,DSNY,Department of Sanitation,Dirty Conditions,E8 Canine Violation,Sidewalk,10460,,,,,EAST 178 STREET,SOUTHERN BOULEVARD,INTERSECTION,BRONX,,N/A,Closed,,The Department of Sanitation investigated this complaint and found no violation at the location.,03/23/2015 12:00:00 PM,06 BRONX,,BRONX,1015943,246705,PHONE,Unspecified,BRONX,,,,,,,,40.843766512435145,-73.88545366628453,"(40.843766512435145, -73.88545366628453)"
30226448,03/20/2015 08:23:00 PM,03/24/2015 12:00:00 PM,DSNY,Department of Sanitation,Dirty Conditions,E8 Canine Violation,Sidewalk,11213,1746 PRESIDENT STREET,PRESIDENT STREET,UTICA AVENUE,ROCHESTER AVENUE,,,ADDRESS,BROOKLYN,,N/A,Closed,,The Department of Sanitation investigated this complaint and found no violation at the location.,03/24/2015 12:00:00 PM,09 BROOKLYN,3014090037,BROOKLYN,1003896,182252,PHONE,Unspecified,BROOKLYN,,,,,,,,40.666894575124154,-73.92918280193905,"(40.666894575124154, -73.92918280193905)"
30224297,03/20/2015 07:14:00 PM,03/21/2015 12:00:00 PM,DSNY,Department of Sanitation,Dirty Conditions,E8 Canine Violation,Sidewalk,11207,643 PENNSYLVANIA AVENUE,PENNSYLVANIA AVENUE,NEW LOTS AVENUE,HEGEMAN AVENUE,,,ADDRESS,BROOKLYN,,N/A,Closed,,The Department of Sanitation investigated this complaint and found no violation at the location.,03/21/2015 12:00:00 PM,05 BROOKLYN,3042990075,BROOKLYN,1014010,180249,PHONE,Unspecified,BROOKLYN,,,,,,,,40.66136856826164,-73.89273411770556,"(40.66136856826164, -73.89273411770556)"
30221990,03/20/2015 05:15:00 PM,03/21/2015 12:00:00 PM,DSNY,Department of Sanitation,Dirty Conditions,E8 Canine Violation,Sidewalk,10302,97 NICHOLAS AVENUE,NICHOLAS AVENUE,SLAIGHT STREET,HARRISON AVENUE,,,ADDRESS,STATEN ISLAND,,N/A,Closed,,The Department of Sanitation investigated this complaint and found no violation at the location.,03/21/2015 12:00:00 PM,01 STATEN ISLAND,5010870028,STATEN ISLAND,945444,171575,PHONE,Unspecified,STATEN ISLAND,,,,,,,,40.63752532519592,-74.1398210096694,"(40.63752532519592, -74.1398210096694)"
30226452,03/20/2015 02:48:00 PM,03/23/2015 12:00:00 PM,DSNY,Department of Sanitation,Dirty Conditions,E8 Canine Violation,Sidewalk,10029,,,,,EAST 102 STREET,3 AVENUE,INTERSECTION,NEW YORK,,N/A,Closed,,The Department of Sanitation investigated this complaint and found no violation at the location.,03/23/2015 12:00:00 PM,11 MANHATTAN,,MANHATTAN,999049,226734,PHONE,Unspecified,MANHATTAN,,,,,,,,40.78899620161923,-73.94655677039485,"(40.78899620161923, -73.94655677039485)"
30225004,03/20/2015 02:05:00 PM,03/25/2015 12:00:00 PM,DSNY,Department of Sanitation,Dirty Conditions,E8 Canine Violation,Sidewalk,11358,162-06 46 AVENUE,46 AVENUE,162 STREET,PIDGEON MEADOW ROAD,,,ADDRESS,Flushing,,N/A,Closed,,The Department of Sanitation investigated this complaint and found no violation at the location.,03/25/2015 12:00:00 PM,07 QUEENS,4054610030,QUEENS,1038412,213940,PHONE,Unspecified,QUEENS,,,,,,,,40.75372651877778,-73.80450964068773,"(40.75372651877778, -73.80450964068773)"
30223494,03/20/2015 01:27:00 PM,03/25/2015 12:00:00 PM,DSNY,Department of Sanitation,Dirty Conditions,E8 Canine Violation,Sidewalk,10468,165 WEST  197 STREET,WEST  197 STREET,WEBB AVENUE,SEDGWICK AVENUE,,,ADDRESS,BRONX,,N/A,Closed,,The Department of Sanitation investigated this complaint and found no violation at the location.,03/25/2015 12:00:00 PM,08 BRONX,2032500001,BRONX,1011397,257153,PHONE,Unspecified,BRONX,,,,,,,,40.872458267974395,-73.90184170442664,"(40.872458267974395, -73.90184170442664)"
30221963,03/20/2015 11:36:00 AM,03/23/2015 12:00:00 PM,DSNY,Department of Sanitation,Dirty Conditions,E8 Canine Violation,Sidewalk,11412,119-11 192 STREET,192 STREET,119 AVENUE,120 AVENUE,,,ADDRESS,Saint Albans,,N/A,Closed,,The Department of Sanitation investigated this complaint and found no violation at the location.,03/23/2015 12:00:00 PM,12 QUEENS,4126480065,QUEENS,1051390,190456,PHONE,Unspecified,QUEENS,,,,,,,,40.68917983765559,-73.7579017961754,"(40.68917983765559, -73.7579017961754)"
30222752,03/20/2015 10:53:00 AM,03/23/2015 12:00:00 PM,DSNY,Department of Sanitation,Dirty Conditions,E8 Canine Violation,Sidewalk,10453,,,,,UNDERCLIFF AVENUE,WEST 176 STREET,INTERSECTION,BRONX,,N/A,Closed,,The Department of Sanitation investigated this complaint and found no violation at the location.,03/23/2015 12:00:00 PM,05 BRONX,,BRONX,1006034,248973,PHONE,Unspecified,BRONX,,,,,,,,40.8500215069811,-73.92125984894982,"(40.8500215069811, -73.92125984894982)"
30222730,03/20/2015 10:12:00 AM,03/24/2015 12:00:00 PM,DSNY,Department of Sanitation,Dirty Conditions,E8 Canine Violation,Sidewalk,10467,,,,,EAST 211 STREET,BAINBRIDGE AVENUE,INTERSECTION,BRONX,,N/A,Closed,,The Department of Sanitation investigated this complaint and found no violation at the location.,03/24/2015 12:00:00 PM,07 BRONX,,BRONX,1017951,260694,PHONE,Unspecified,BRONX,,,,,,,,40.88215461785412,-73.87812592346707,"(40.88215461785412, -73.87812592346707)"
30221982,03/20/2015 10:01:00 AM,03/23/2015 12:00:00 PM,DSNY,Department of Sanitation,Dirty Conditions,E8 Canine Violation,Sidewalk,11379,62-25 84 STREET,84 STREET,62 AVENUE,63 AVENUE,,,ADDRESS,Middle Village,,N/A,Closed,,The Department of Sanitation investigated this complaint and found no violation at the location.,03/23/2015 12:00:00 PM,05 QUEENS,4029740060,QUEENS,1019657,203309,PHONE,Unspecified,QUEENS,,,,,,,,40.724642085019,-73.87225909200673,"(40.724642085019, -73.87225909200673)"
30225005,03/20/2015 08:36:00 AM,04/15/2015 12:00:00 PM,DSNY,Department of Sanitation,Dirty Conditions,E8 Canine Violation,Sidewalk,10470,524 EAST  236 STREET,EAST  236 STREET,VIREO AVENUE,WEBSTER AVENUE,,,ADDRESS,BRONX,,N/A,Closed,,The Department of Sanitation investigated this complaint and found no violation at the location.,04/15/2015 12:00:00 PM,12 BRONX,2033970019,BRONX,1022126,266739,ONLINE,Unspecified,BRONX,,,,,,,,40.89872928260952,-73.86299356047175,"(40.89872928260952, -73.86299356047175)"
30224243,03/20/2015 08:11:00 AM,04/14/2015 12:00:00 PM,DSNY,Department of Sanitation,Dirty Conditions,E8 Canine Violation,Sidewalk,11223,,,,,SHELL ROAD,AVENUE Y,INTERSECTION,BROOKLYN,,N/A,Closed,,The Department of Sanitation investigated this complaint and found no violation at the location.,04/14/2015 12:00:00 PM,13 BROOKLYN,,BROOKLYN,991378,153480,PHONE,Unspecified,BROOKLYN,,,,,,,,40.58794042357558,-73.97433634660327,"(40.58794042357558, -73.97433634660327)"
30223508,03/20/2015 08:01:00 AM,03/23/2015 12:00:00 PM,DSNY,Department of Sanitation,Dirty Conditions,E8 Canine Violation,Sidewalk,10465,3135 COUNTRY CLUB ROAD,COUNTRY CLUB ROAD,KEARNEY AVENUE,ROBERTSON PLACE,,,ADDRESS,BRONX,,N/A,Closed,,The Department of Sanitation investigated this complaint and found no violation at the location.,03/23/2015 12:00:00 PM,10 BRONX,2054110127,BRONX,1032853,246276,PHONE,Unspecified,BRONX,,,,,,,,40.84251215227546,-73.82433999222908,"(40.84251215227546, -73.82433999222908)"
30212786,03/19/2015 11:50:00 PM,03/26/2015 12:00:00 PM,DSNY,Department of Sanitation,Dirty Conditions,E8 Canine Violation,Sidewalk,10468,3180 VILLA AVENUE,VILLA AVENUE,EAST 205 STREET,VAN CORTLANDT AVENUE EAST,,,ADDRESS,BRONX,,N/A,Closed,,The Department of Sanitation investigated this complaint and found no violation at the location.,03/26/2015 12:00:00 PM,07 BRONX,2033110037,BRONX,1015538,258660,ONLINE,Unspecified,BRONX,,,,,,,,40.87658080817845,-73.88686162797704,"(40.87658080817845, -73.88686162797704)"
30217008,03/19/2015 06:11:00 PM,03/20/2015 12:00:00 PM,DSNY,Department of Sanitation,Dirty Conditions,E8 Canine Violation,Sidewalk,11226,1525 DORCHESTER ROAD,DORCHESTER ROAD,NYCTA SUBWAY,EAST 16 STREET,,,ADDRESS,BROOKLYN,,N/A,Closed,,The Department of Sanitation investigated this complaint and found no violation at the location.,03/20/2015 12:00:00 PM,14 BROOKLYN,3051580034,BROOKLYN,994379,172278,PHONE,Unspecified,BROOKLYN,,,,,,,,40.639534126270725,-73.96350334790395,"(40.639534126270725, -73.96350334790395)"
30216065,03/19/2015 05:37:00 PM,03/23/2015 12:00:00 PM,DSNY,Department of Sanitation,Dirty Conditions,E8 Canine Violation,Sidewalk,10460,,,,,EAST 181 STREET,VYSE AVENUE,INTERSECTION,BRONX,,N/A,Closed,,The Department of Sanitation investigated this complaint and found no violation at the location.,03/23/2015 12:00:00 PM,06 BRONX,,BRONX,1017518,247040,PHONE,Unspecified,BRONX,,,,,,,,40.844680195062615,-73.87975957209693,"(40.844680195062615, -73.87975957209693)"
30219210,03/19/2015 04:29:00 PM,03/21/2015 12:00:00 PM,DSNY,Department of Sanitation,Dirty Conditions,E8 Canine Violation,Sidewalk,10303,165 VAN NAME AVENUE,VAN NAME AVENUE,CECIL COURT,WALKER STREET,,,ADDRESS,STATEN ISLAND,,N/A,Closed,,The Department of Sanitation investigated this complaint and found no violation at the location.,03/21/2015 12:00:00 PM,01 STATEN ISLAND,5011900006,STATEN ISLAND,941637,169733,PHONE,Unspecified,STATEN ISLAND,,,,,,,,40.632451937191355,-74.15352626530766,"(40.632451937191355, -74.15352626530766)"
30213874,03/19/2015 01:50:00 PM,03/23/2015 12:00:00 PM,DSNY,Department of Sanitation,Dirty Conditions,E8 Canine Violation,Sidewalk,10453,174 WEST  174 STREET,WEST  174 STREET,POPHAM AVENUE,UNDERCLIFF AVENUE,,,ADDRESS,BRONX,,N/A,Closed,,The Department of Sanitation investigated this complaint and found no violation at the location.,03/23/2015 12:00:00 PM,05 BRONX,,BRONX,1005535,248069,PHONE,Unspecified,BRONX,,,,,,,,40.84754151190789,-73.92306639645255,"(40.84754151190789, -73.92306639645255)"
30213932,03/19/2015 01:37:00 PM,03/23/2015 12:00:00 PM,DSNY,Department of Sanitation,Dirty Conditions,E8 Canine Violation,Sidewalk,10462,2300 ELLIS AVENUE,ELLIS AVENUE,HAVEMEYER AVENUE,ZEREGA AVENUE,,,ADDRESS,BRONX,,N/A,Closed,,The Department of Sanitation investigated this complaint and found no violation at the location.,03/23/2015 12:00:00 PM,09 BRONX,2038300008,BRONX,1026400,242840,PHONE,Unspecified,BRONX,,,,,,,,40.833114502928474,-73.84768384069757,"(40.833114502928474, -73.84768384069757)"
30218199,03/19/2015 01:19:00 PM,04/04/2015 12:00:00 PM,DSNY,Department of Sanitation,Dirty Conditions,E8 Canine Violation,Sidewalk,11222,182 FREEMAN STREET,FREEMAN STREET,MANHATTAN AVENUE,MC GUINNESS BOULEVARD,,,ADDRESS,BROOKLYN,,N/A,Closed,,The Department of Sanitation investigated this complaint and found no violation at the location.,04/04/2015 12:00:00 PM,01 BROOKLYN,3025130012,BROOKLYN,996958,206885,ONLINE,Unspecified,BROOKLYN,,,,,,,,40.73451906165432,-73.95414546323235,"(40.73451906165432, -73.95414546323235)"
30215991,03/19/2015 01:01:00 PM,03/23/2015 12:00:00 PM,DSNY,Department of Sanitation,Dirty Conditions,E8 Canine Violation,Sidewalk,10016,550 2 AVENUE,2 AVENUE,EAST 30 STREET,EAST 31 STREET,,,ADDRESS,NEW YORK,,N/A,Closed,,The Department of Sanitation investigated this complaint and found no violation at the location.,03/23/2015 12:00:00 PM,06 MANHATTAN,1009360001,MANHATTAN,990504,209809,ONLINE,Unspecified,MANHATTAN,,,,,,,,40.742551634964016,-73.97743084374007,"(40.742551634964016, -73.97743084374007)"
30220278,03/19/2015 10:56:00 AM,03/24/2015 12:00:00 PM,DSNY,Department of Sanitation,Dirty Conditions,E8 Canine Violation,Sidewalk,10467,241 EAST MOSHOLU PARKWAY NORTH,EAST MOSHOLU PARKWAY NORTH,BEND,BAINBRIDGE AVENUE,,,ADDRESS,BRONX,,N/A,Closed,,The Department of Sanitation investigated this complaint and found no violation at the location.,03/24/2015 12:00:00 PM,07 BRONX,2033350042,BRONX,1017136,257587,PHONE,Unspecified,BRONX,,,,,,,,40.87362994697448,-73.88108848468907,"(40.87362994697448, -73.88108848468907)"
30213933,03/19/2015 10:01:00 AM,03/23/2015 12:00:00 PM,DSNY,Department of Sanitation,Dirty Conditions,E8 Canine Violation,Sidewalk,11412,183-25 CAMDEN AVENUE,CAMDEN AVENUE,DUNKIRK STREET,186 STREET,,,ADDRESS,Saint Albans,,N/A,Closed,,The Department of Sanitation investigated this complaint and found no violation at the location.,03/23/2015 12:00:00 PM,12 QUEENS,4103460071,QUEENS,1047276,195552,PHONE,Unspecified,QUEENS,,,,,,,,40.70319737874655,-73.77268859858656,"(40.70319737874655, -73.77268859858656)"
30210606,03/18/2015 03:36:00 PM,03/21/2015 12:00:00 PM,DSNY,Department of Sanitation,Dirty Conditions,E8 Canine Violation,Sidewalk,10301,,,,,LAFAYETTE AVENUE,BRIGHTON AVENUE,INTERSECTION,STATEN ISLAND,,N/A,Closed,,The Department of Sanitation investigated this complaint and found no violation at the location.,03/21/2015 12:00:00 PM,01 STATEN ISLAND,,STATEN ISLAND,958598,170850,PHONE,Unspecified,STATEN ISLAND,,,,,,,,40.63558321835389,-74.09242342163107,"(40.63558321835389, -74.09242342163107)"
30211774,03/18/2015 03:23:00 PM,03/20/2015 12:00:00 PM,DSNY,Department of Sanitation,Dirty Conditions,E8 Canine Violation,Sidewalk,10466,,,,,EAST 224 STREET,WHITE PLAINS ROAD,INTERSECTION,BRONX,,N/A,Closed,,The Department of Sanitation investigated this complaint and found no violation at the location.,03/20/2015 12:00:00 PM,12 BRONX,,BRONX,1022722,262502,PHONE,Unspecified,BRONX,,,,,,,,40.88709749731573,-73.86086203518099,"(40.88709749731573, -73.86086203518099)"
30208252,03/18/2015 02:43:00 PM,03/19/2015 12:00:00 PM,DSNY,Department of Sanitation,Dirty Conditions,E8 Canine Violation,Sidewalk,10021,168 EAST   73 STREET,EAST   73 STREET,LEXINGTON AVENUE,3 AVENUE,,,ADDRESS,NEW YORK,,N/A,Closed,,The Department of Sanitation investigated this complaint and found no violation at the location.,03/19/2015 12:00:00 PM,08 MANHATTAN,1014070046,MANHATTAN,995045,220106,PHONE,Unspecified,MANHATTAN,,,,,,,,40.77080989432739,-73.96102695454823,"(40.77080989432739, -73.96102695454823)"
30210715,03/18/2015 02:11:00 PM,04/17/2015 12:00:00 PM,DSNY,Department of Sanitation,Dirty Conditions,E8 Canine Violation,Sidewalk,11208,RICHMOND STREET,RICHMOND STREET,JAMAICA AVENUE,ETNA STREET,,,BLOCKFACE,BROOKLYN,,N/A,Closed,,The Department of Sanitation investigated this complaint and found no violation at the location.,04/17/2015 12:00:00 PM,05 BROOKLYN,,BROOKLYN,1018172,189477,PHONE,Unspecified,BROOKLYN,,,,,,,,40.68668236189849,-73.87768632864577,"(40.68668236189849, -73.87768632864577)"
30211714,03/18/2015 01:43:00 PM,03/19/2015 12:00:00 PM,DSNY,Department of Sanitation,Dirty Conditions,E8 Canine Violation,Sidewalk,10466,,,,,BRONX BOULEVARD,EAST 229 STREET,INTERSECTION,BRONX,,N/A,Closed,,"The Department of Sanitation has investigated the complaint and addressed the issue. If the problem persists, call 311 to enter a new complaint. If you are outside of New York City, please call (212) NEW-YORK (212-639-9675).",03/19/2015 12:00:00 PM,12 BRONX,,BRONX,1022200,264229,PHONE,Unspecified,BRONX,,,,,,,,40.89183982213997,-73.86274011210642,"(40.89183982213997, -73.86274011210642)"
30207190,03/18/2015 12:43:00 PM,04/15/2015 12:00:00 PM,DSNY,Department of Sanitation,Dirty Conditions,E8 Canine Violation,Sidewalk,11207,560 RIVERDALE AVENUE,RIVERDALE AVENUE,GEORGIA AVENUE,SHEFFIELD AVENUE,,,ADDRESS,BROOKLYN,,N/A,Closed,,The Department of Sanitation investigated this complaint and found no violation at the location.,04/15/2015 12:00:00 PM,05 BROOKLYN,3038380035,BROOKLYN,1013319,180836,PHONE,Unspecified,BROOKLYN,,,,,,,,40.66298204795365,-73.89522220032191,"(40.66298204795365, -73.89522220032191)"
30206011,03/18/2015 11:57:00 AM,03/23/2015 12:00:00 PM,DSNY,Department of Sanitation,Dirty Conditions,E8 Canine Violation,Sidewalk,11385,1719 CORNELIA STREET,CORNELIA STREET,MYRTLE AVENUE,SENECA AVENUE,,,ADDRESS,Ridgewood,,N/A,Closed,,The Department of Sanitation investigated this complaint and found no violation at the location.,03/23/2015 12:00:00 PM,05 QUEENS,4034610050,QUEENS,1010474,194458,ONLINE,Unspecified,QUEENS,,,,,,,,40.70038020176999,-73.90542384471571,"(40.70038020176999, -73.90542384471571)"
30211775,03/18/2015 11:41:00 AM,03/19/2015 12:00:00 PM,DSNY,Department of Sanitation,Dirty Conditions,E8 Canine Violation,Sidewalk,10465,3135 COUNTRY CLUB ROAD,COUNTRY CLUB ROAD,KEARNEY AVENUE,ROBERTSON PLACE,,,ADDRESS,BRONX,,N/A,Closed,,The Department of Sanitation investigated this complaint and found no violation at the location.,03/19/2015 12:00:00 PM,10 BRONX,2054110127,BRONX,1032853,246276,PHONE,Unspecified,BRONX,,,,,,,,40.84251215227546,-73.82433999222908,"(40.84251215227546, -73.82433999222908)"
30210147,03/18/2015 10:21:00 AM,03/18/2015 12:00:00 PM,DSNY,Department of Sanitation,Dirty Conditions,E8 Canine Violation,Sidewalk,11365,,,,,174 STREET,BOOTH MEMORIAL AVENUE,INTERSECTION,Fresh Meadows,,N/A,Closed,,The Department of Sanitation investigated this complaint and found no violation at the location.,03/18/2015 12:00:00 PM,11 QUEENS,,QUEENS,1040878,209563,ONLINE,Unspecified,QUEENS,,,,,,,,40.741697337765395,-73.79564583654577,"(40.741697337765395, -73.79564583654577)"
30206043,03/18/2015 09:47:00 AM,03/20/2015 12:00:00 PM,DSNY,Department of Sanitation,Dirty Conditions,E8 Canine Violation,Sidewalk,10466,,,,,NEREID AVENUE,MONTICELLO AVENUE,INTERSECTION,BRONX,,N/A,Closed,,The Department of Sanitation investigated this complaint and found no violation at the location.,03/20/2015 12:00:00 PM,12 BRONX,,BRONX,1028013,267288,PHONE,Unspecified,BRONX,,,,,,,,40.90020887342447,-73.84169534519515,"(40.90020887342447, -73.84169534519515)"
30204869,03/18/2015 09:17:00 AM,03/19/2015 12:00:00 PM,DSNY,Department of Sanitation,Dirty Conditions,E8 Canine Violation,Sidewalk,10453,51 EAST CLIFFORD PLACE,EAST CLIFFORD PLACE,TOWNSEND AVENUE,WALTON AVENUE,,,ADDRESS,BRONX,,N/A,Closed,,The Department of Sanitation investigated this complaint and found no violation at the location.,03/19/2015 12:00:00 PM,05 BRONX,2028490050,BRONX,1008566,247567,PHONE,Unspecified,BRONX,,,,,,,,40.84615584368922,-73.91211282083013,"(40.84615584368922, -73.91211282083013)"
30211723,03/18/2015 08:21:00 AM,03/19/2015 12:00:00 PM,DSNY,Department of Sanitation,Dirty Conditions,E8 Canine Violation,Sidewalk,10458,266 EAST  202 STREET,EAST  202 STREET,VALENTINE AVENUE,BRIGGS AVENUE,,,ADDRESS,BRONX,,N/A,Closed,,The Department of Sanitation investigated this complaint and found no violation at the location.,03/19/2015 12:00:00 PM,07 BRONX,2033070024,BRONX,1016251,257239,PHONE,Unspecified,BRONX,,,,,,,,40.87267804771863,-73.88429018841066,"(40.87267804771863, -73.88429018841066)"
30209080,03/18/2015 07:54:00 AM,03/18/2015 12:00:00 PM,DSNY,Department of Sanitation,Dirty Conditions,E8 Canine Violation,Sidewalk,11355,144-45 BARCLAY AVENUE,BARCLAY AVENUE,PARSONS BOULEVARD,147 STREET,,,ADDRESS,Flushing,,N/A,Closed,,The Department of Sanitation investigated this complaint and found no violation at the location.,03/18/2015 12:00:00 PM,07 QUEENS,4050500066,QUEENS,1034240,216264,PHONE,Unspecified,QUEENS,,,,,,,,40.76012986352259,-73.81955058236605,"(40.76012986352259, -73.81955058236605)"
30211713,03/18/2015 07:52:00 AM,03/19/2015 12:00:00 PM,DSNY,Department of Sanitation,Dirty Conditions,E8 Canine Violation,Sidewalk,10468,,,,,EAST 196 STREET,GRAND CONCOURSE,INTERSECTION,BRONX,,N/A,Closed,,The Department of Sanitation investigated this complaint and found no violation at the location.,03/19/2015 12:00:00 PM,07 BRONX,,BRONX,1013844,255488,PHONE,Unspecified,BRONX,,,,,,,,40.86788049013062,-73.8930011884041,"(40.86788049013062, -73.8930011884041)"
30207877,03/18/2015 02:31:00 AM,03/18/2015 12:00:00 PM,DSNY,Department of Sanitation,Dirty Conditions,E8 Canine Violation,Sidewalk,,,,,,BOYNTON AVENUE,BRUCKNER BOULEVARD,INTERSECTION,,,N/A,Closed,,The Department of Sanitation investigated this complaint and found no violation at the location.,03/18/2015 12:00:00 PM,09 BRONX,,BRONX,,,PHONE,Unspecified,BRONX,,,,,,,,,,
30202683,03/17/2015 07:08:00 PM,03/18/2015 12:00:00 PM,DSNY,Department of Sanitation,Dirty Conditions,E8 Canine Violation,Sidewalk,11374,,,,,BOOTH STREET,63 DRIVE,INTERSECTION,Rego Park,,N/A,Closed,,The Department of Sanitation investigated this complaint and found no violation at the location.,03/18/2015 12:00:00 PM,06 QUEENS,,QUEENS,1022149,204776,ONLINE,Unspecified,QUEENS,,,,,,,,40.72865831260052,-73.86326023956391,"(40.72865831260052, -73.86326023956391)"
30199258,03/17/2015 07:03:00 PM,03/18/2015 12:00:00 PM,DSNY,Department of Sanitation,Dirty Conditions,E8 Canine Violation,Sidewalk,10009,930 EAST    4 WALK,EAST    4 WALK,DEAD END,FDR DRIVE EXIT 5 SOUTHBOUND,,,ADDRESS,NEW YORK,,N/A,Closed,,The Department of Sanitation investigated this complaint and found no violation at the location.,03/18/2015 12:00:00 PM,03 MANHATTAN,1003560001,MANHATTAN,990757,201846,PHONE,Unspecified,MANHATTAN,,,,,,,,40.72069497106423,-73.97652552953349,"(40.72069497106423, -73.97652552953349)"
30195626,03/17/2015 06:53:00 PM,03/19/2015 12:00:00 PM,DSNY,Department of Sanitation,Dirty Conditions,E8 Canine Violation,Sidewalk,11208,324 RIDGEWOOD AVENUE,RIDGEWOOD AVENUE,RICHMOND STREET,CHESTNUT STREET,,,ADDRESS,BROOKLYN,,N/A,Closed,,The Department of Sanitation investigated this complaint and found no violation at the location.,03/19/2015 12:00:00 PM,05 BROOKLYN,3041270127,BROOKLYN,1018448,188651,PHONE,Unspecified,BROOKLYN,,,,,,,,40.68441412093203,-73.8766953400726,"(40.68441412093203, -73.8766953400726)"
30201527,03/17/2015 04:35:00 PM,03/19/2015 12:00:00 PM,DSNY,Department of Sanitation,Dirty Conditions,E8 Canine Violation,Sidewalk,11207,129 JAMAICA AVENUE,JAMAICA AVENUE,VERMONT STREET,ARLINGTON AVENUE,,,ADDRESS,BROOKLYN,,N/A,Closed,,The Department of Sanitation investigated this complaint and found no violation at the location.,03/19/2015 12:00:00 PM,05 BROOKLYN,3034870030,BROOKLYN,1013251,186704,PHONE,Unspecified,BROOKLYN,,,,,,,,40.67908860603444,-73.89544205660484,"(40.67908860603444, -73.89544205660484)"
30195632,03/17/2015 03:51:00 PM,03/18/2015 12:00:00 PM,DSNY,Department of Sanitation,Dirty Conditions,E8 Canine Violation,Sidewalk,10461,1601 OVERING STREET,OVERING STREET,ST RAYMONDS AVENUE,,,,ADDRESS,BRONX,,N/A,Closed,,The Department of Sanitation investigated this complaint and found no violation at the location.,03/18/2015 12:00:00 PM,10 BRONX,2040000065,BRONX,1026616,245988,PHONE,Unspecified,BRONX,,,,,,,,40.8417538034657,-73.84688340522787,"(40.8417538034657, -73.84688340522787)"
30201567,03/17/2015 03:27:00 PM,03/18/2015 12:00:00 PM,DSNY,Department of Sanitation,Dirty Conditions,E8 Canine Violation,Sidewalk,10011,65 WEST   13 STREET,WEST   13 STREET,5 AVENUE,AVENUE OF THE AMERICAS,,,ADDRESS,NEW YORK,,N/A,Closed,,The Department of Sanitation investigated this complaint and found no violation at the location.,03/18/2015 12:00:00 PM,02 MANHATTAN,1005777502,MANHATTAN,985339,207474,PHONE,Unspecified,MANHATTAN,,,,,,,,40.7361447837493,-73.9960704432921,"(40.7361447837493, -73.9960704432921)"
30196791,03/17/2015 02:28:00 PM,03/18/2015 12:00:00 PM,DSNY,Department of Sanitation,Dirty Conditions,E8 Canine Violation,Sidewalk,11691,27-01 BAYSWATER AVENUE,BAYSWATER AVENUE,BAY 27 STREET,BAY 28 STREET,,,ADDRESS,Far Rockaway,,N/A,Closed,,The Department of Sanitation investigated this complaint and found no violation at the location.,03/18/2015 12:00:00 PM,14 QUEENS,4157210016,QUEENS,1049282,160457,PHONE,Unspecified,QUEENS,,,,,,,,40.606855119052405,-73.7657921553104,"(40.606855119052405, -73.7657921553104)"
30197944,03/17/2015 02:23:00 PM,03/20/2015 12:00:00 PM,DSNY,Department of Sanitation,Dirty Conditions,E8 Canine Violation,Sidewalk,11210,,,,,EAST 31 STREET,FARRAGUT ROAD,INTERSECTION,BROOKLYN,,N/A,Closed,,The Department of Sanitation investigated this complaint and found no violation at the location.,03/20/2015 12:00:00 PM,17 BROOKLYN,,BROOKLYN,998948,171113,PHONE,Unspecified,BROOKLYN,,,,,,,,40.636330046951755,-73.94704294071481,"(40.636330046951755, -73.94704294071481)"
30195611,03/17/2015 02:15:00 PM,04/03/2015 12:00:00 PM,DSNY,Department of Sanitation,Dirty Conditions,E8 Canine Violation,Sidewalk,11207,,,,,ATLANTIC AVENUE,ALABAMA AVENUE,INTERSECTION,BROOKLYN,,N/A,Closed,,The Department of Sanitation investigated this complaint and found no violation at the location.,04/03/2015 12:00:00 PM,05 BROOKLYN,,BROOKLYN,1012065,185433,PHONE,Unspecified,BROOKLYN,,,,,,,,40.67560380659724,-73.89972321033629,"(40.67560380659724, -73.89972321033629)"
30200229,03/17/2015 01:41:00 PM,03/18/2015 12:00:00 PM,DSNY,Department of Sanitation,Dirty Conditions,E8 Canine Violation,Sidewalk,10465,,,,,SCHURZ AVENUE,EAST TREMONT AVENUE,INTERSECTION,BRONX,,N/A,Closed,,The Department of Sanitation investigated this complaint and found no violation at the location.,03/18/2015 12:00:00 PM,10 BRONX,,BRONX,1035490,236104,PHONE,Unspecified,BRONX,,,,,,,,40.81457807453344,-73.81488711569541,"(40.81457807453344, -73.81488711569541)"
30199112,03/17/2015 12:45:00 PM,03/18/2015 12:00:00 PM,DSNY,Department of Sanitation,Dirty Conditions,E8 Canine Violation,Sidewalk,10021,332 EAST   76 STREET,EAST   76 STREET,2 AVENUE,1 AVENUE,,,ADDRESS,NEW YORK,,N/A,Closed,,The Department of Sanitation investigated this complaint and found no violation at the location.,03/18/2015 12:00:00 PM,08 MANHATTAN,1014500043,MANHATTAN,996552,220177,PHONE,Unspecified,MANHATTAN,,,,,,,,40.771002802037145,-73.95558612332778,"(40.771002802037145, -73.95558612332778)"
30201528,03/17/2015 12:13:00 PM,03/18/2015 12:00:00 PM,DSNY,Department of Sanitation,Dirty Conditions,E8 Canine Violation,Sidewalk,10462,,,,,COLDEN AVENUE,NEILL AVENUE,INTERSECTION,BRONX,,N/A,Closed,,The Department of Sanitation investigated this complaint and found no violation at the location.,03/18/2015 12:00:00 PM,11 BRONX,,BRONX,1023169,249711,PHONE,Unspecified,BRONX,,,,,,,,40.851988193974194,-73.85931970923941,"(40.851988193974194, -73.85931970923941)"
30196776,03/17/2015 12:10:00 PM,03/25/2015 12:00:00 PM,DSNY,Department of Sanitation,Dirty Conditions,E8 Canine Violation,Sidewalk,11373,41-29 ELBERTSON STREET,ELBERTSON STREET,ELMHURST AVENUE,WHITNEY AVENUE,,,ADDRESS,Elmhurst,,N/A,Closed,,The Department of Sanitation investigated this complaint and found no violation at the location.,03/25/2015 12:00:00 PM,04 QUEENS,4015530047,QUEENS,1018464,211305,PHONE,Unspecified,QUEENS,,,,,,,,40.74659380479746,-73.8765225118222,"(40.74659380479746, -73.8765225118222)"
30199190,03/17/2015 11:04:00 AM,03/18/2015 12:00:00 PM,DSNY,Department of Sanitation,Dirty Conditions,E8 Canine Violation,Sidewalk,10461,3120 WILKINSON AVENUE,WILKINSON AVENUE,WESTCHESTER AVENUE,BRUCKNER BOULEVARD,,,ADDRESS,BRONX,,N/A,Closed,,The Department of Sanitation investigated this complaint and found no violation at the location.,03/18/2015 12:00:00 PM,10 BRONX,2042380027,BRONX,1031673,249604,PHONE,Unspecified,BRONX,,,,,,,,40.85165293060271,-73.82858117650478,"(40.85165293060271, -73.82858117650478)"
30201455,03/17/2015 10:58:00 AM,03/18/2015 12:00:00 PM,DSNY,Department of Sanitation,Dirty Conditions,E8 Canine Violation,Sidewalk,10473,2006 HOMER AVENUE,HOMER AVENUE,PUGSLEY AVENUE,OLMSTEAD AVENUE,,,ADDRESS,BRONX,,N/A,Closed,,The Department of Sanitation investigated this complaint and found no violation at the location.,03/18/2015 12:00:00 PM,09 BRONX,2036070027,BRONX,1024600,238460,PHONE,Unspecified,BRONX,,,,,,,,40.82110107583848,-73.85421477487216,"(40.82110107583848, -73.85421477487216)"
30196777,03/17/2015 10:55:00 AM,03/18/2015 12:00:00 PM,DSNY,Department of Sanitation,Dirty Conditions,E8 Canine Violation,Sidewalk,10466,4064 BRONX BOULEVARD,BRONX BOULEVARD,EAST 228 STREET,EAST 229 STREET,,,ADDRESS,BRONX,,N/A,Closed,,The Department of Sanitation investigated this complaint and found no violation at the location.,03/18/2015 12:00:00 PM,12 BRONX,2048220013,BRONX,1022150,264035,PHONE,Unspecified,BRONX,,,,,,,,40.8913075690776,-73.86292205289855,"(40.8913075690776, -73.86292205289855)"
30202684,03/17/2015 10:12:00 AM,04/14/2015 12:00:00 PM,DSNY,Department of Sanitation,Dirty Conditions,E8 Canine Violation,Sidewalk,11214,157 BAY   53 STREET,BAY   53 STREET,CROPSEY AVENUE,BEND,,,ADDRESS,BROOKLYN,,N/A,Closed,,The Department of Sanitation investigated this complaint and found no violation at the location.,04/14/2015 12:00:00 PM,13 BROOKLYN,3069470500,BROOKLYN,987697,151614,ONLINE,Unspecified,BROOKLYN,,,,,,,,40.58282082033066,-73.98759037163308,"(40.58282082033066, -73.98759037163308)"
30195621,03/17/2015 08:45:00 AM,03/18/2015 12:00:00 PM,DSNY,Department of Sanitation,Dirty Conditions,E8 Canine Violation,Sidewalk,10470,834 PENFIELD STREET,PENFIELD STREET,,,,,ADDRESS,BRONX,,N/A,Closed,,The Department of Sanitation investigated this complaint and found no violation at the location.,03/18/2015 12:00:00 PM,12 BRONX,2051180046,BRONX,1026681,268744,PHONE,Unspecified,BRONX,,,,,,,,40.90421162492331,-73.8465043727862,"(40.90421162492331, -73.8465043727862)"
30196771,03/17/2015 07:18:00 AM,03/23/2015 12:00:00 PM,DSNY,Department of Sanitation,Dirty Conditions,E8 Canine Violation,Sidewalk,11234,1238 EAST   73 STREET,EAST   73 STREET,AVENUE L,AVENUE M,,,ADDRESS,BROOKLYN,,N/A,Closed,,The Department of Sanitation investigated this complaint and found no violation at the location.,03/23/2015 12:00:00 PM,18 BROOKLYN,3083590054,BROOKLYN,1008425,167531,PHONE,Unspecified,BROOKLYN,,,,,,,,40.62647742366141,-73.91291005247761,"(40.62647742366141, -73.91291005247761)"
30202534,03/16/2015 11:25:00 PM,03/20/2015 12:00:00 PM,DSNY,Department of Sanitation,Dirty Conditions,E8 Canine Violation,Sidewalk,11225,,,,,WINTHROP STREET,FLATBUSH AVENUE,INTERSECTION,BROOKLYN,,N/A,Closed,,The Department of Sanitation investigated this complaint and found no violation at the location.,03/20/2015 12:00:00 PM,09 BROOKLYN,,BROOKLYN,995328,178454,PHONE,Unspecified,BROOKLYN,,,,,,,,40.65648477129687,-73.96007378372889,"(40.65648477129687, -73.96007378372889)"
30202141,03/16/2015 09:31:00 PM,03/17/2015 12:00:00 PM,DSNY,Department of Sanitation,Dirty Conditions,E8 Canine Violation,Sidewalk,11385,,,,,JEFFERSON AVENUE,CYPRESS AVENUE,INTERSECTION,Ridgewood,,N/A,Closed,,The Department of Sanitation investigated this complaint and found no violation at the location.,03/17/2015 12:00:00 PM,05 QUEENS,,QUEENS,1010455,194210,PHONE,Unspecified,QUEENS,,,,,,,,40.69969955640519,-73.90549333260816,"(40.69969955640519, -73.90549333260816)"
30196772,03/16/2015 08:04:00 PM,03/20/2015 12:00:00 PM,DSNY,Department of Sanitation,Dirty Conditions,E8 Canine Violation,Sidewalk,11226,,,,,ST PAUL PLACE,CHURCH AVENUE,INTERSECTION,BROOKLYN,,N/A,Closed,,The Department of Sanitation investigated this complaint and found no violation at the location.,03/20/2015 12:00:00 PM,14 BROOKLYN,,BROOKLYN,994743,176014,PHONE,Unspecified,BROOKLYN,,,,,,,,40.64978821659282,-73.96218597797335,"(40.64978821659282, -73.96218597797335)"
30198659,03/16/2015 07:44:00 PM,03/17/2015 12:00:00 PM,DSNY,Department of Sanitation,Dirty Conditions,E8 Canine Violation,Sidewalk,10310,,,,,EGBERT AVENUE,KAREN COURT,INTERSECTION,STATEN ISLAND,,N/A,Closed,,The Department of Sanitation investigated this complaint and found no violation at the location.,03/17/2015 12:00:00 PM,01 STATEN ISLAND,,STATEN ISLAND,948175,166854,ONLINE,Unspecified,STATEN ISLAND,,,,,,,,40.62457873635225,-74.12995578558325,"(40.62457873635225, -74.12995578558325)"
30202631,03/16/2015 07:00:00 PM,03/23/2015 12:00:00 PM,DSNY,Department of Sanitation,Dirty Conditions,E8 Canine Violation,Sidewalk,10065,,,,,EAST 62 STREET,1 AVENUE,INTERSECTION,NEW YORK,,N/A,Closed,,The Department of Sanitation investigated this complaint and found no violation at the location.,03/23/2015 12:00:00 PM,08 MANHATTAN,,MANHATTAN,995165,216709,PHONE,Unspecified,MANHATTAN,,,,,,,,40.76148586203035,-73.96059923654227,"(40.76148586203035, -73.96059923654227)"
30193898,03/16/2015 06:53:00 PM,03/16/2015 06:53:00 PM,DSNY,Department of Sanitation,Dirty Conditions,E8 Canine Violation,Sidewalk,10075,406 EAST   80 STREET,EAST   80 STREET,1 AVENUE,YORK AVENUE,,,ADDRESS,NEW YORK,,N/A,Closed,,The Department of Sanitation investigated this complaint and found no violation at the location.,03/16/2015 06:53:00 PM,08 MANHATTAN,1015590005,MANHATTAN,997700,220794,PHONE,Unspecified,MANHATTAN,,,,,,,,40.772694633508806,-73.95144026805731,"(40.772694633508806, -73.95144026805731)"
30196293,03/16/2015 05:26:00 PM,03/17/2015 12:00:00 PM,DSNY,Department of Sanitation,Dirty Conditions,E8 Canine Violation,Sidewalk,11221,42 WEIRFIELD STREET,WEIRFIELD STREET,BROADWAY,BUSHWICK AVENUE,,,ADDRESS,BROOKLYN,,N/A,Closed,,The Department of Sanitation investigated this complaint and found no violation at the location.,03/17/2015 12:00:00 PM,04 BROOKLYN,3034010025,BROOKLYN,1007796,189590,PHONE,Unspecified,BROOKLYN,,,,,,,,40.687026205765456,-73.91509898969265,"(40.687026205765456, -73.91509898969265)"
30195633,03/16/2015 04:30:00 PM,03/18/2015 12:00:00 PM,DSNY,Department of Sanitation,Dirty Conditions,E8 Canine Violation,Sidewalk,11356,,,,,23 AVENUE,124 STREET,INTERSECTION,College Point,,N/A,Closed,,The Department of Sanitation investigated this complaint and found no violation at the location.,03/18/2015 12:00:00 PM,07 QUEENS,,QUEENS,1027374,222982,ONLINE,Unspecified,QUEENS,,,,,,,,40.77860515222441,-73.84429169134125,"(40.77860515222441, -73.84429169134125)"
30195627,03/16/2015 03:43:00 PM,03/18/2015 12:00:00 PM,DSNY,Department of Sanitation,Dirty Conditions,E8 Canine Violation,Sidewalk,11213,,,,,ST JOHNS PLACE,SCHENECTADY AVENUE,INTERSECTION,BROOKLYN,,N/A,Closed,,The Department of Sanitation investigated this complaint and found no violation at the location.,03/18/2015 12:00:00 PM,08 BROOKLYN,,BROOKLYN,1002635,183650,PHONE,Unspecified,BROOKLYN,,,,,,,,40.67073448048344,-73.93372446674998,"(40.67073448048344, -73.93372446674998)"
30199743,03/16/2015 03:36:00 PM,03/17/2015 12:00:00 PM,DSNY,Department of Sanitation,Dirty Conditions,E8 Canine Violation,Sidewalk,10307,7030 HYLAN BOULEVARD,HYLAN BOULEVARD,JOLINE AVENUE,SPRAGUE AVENUE,,,ADDRESS,STATEN ISLAND,,N/A,Closed,,The Department of Sanitation investigated this complaint and found no violation at the location.,03/17/2015 12:00:00 PM,03 STATEN ISLAND,5078260258,STATEN ISLAND,918237,123599,ONLINE,Unspecified,STATEN ISLAND,,,,,,,,40.50568010485515,-74.23738110815881,"(40.50568010485515, -74.23738110815881)"
30197422,03/16/2015 03:07:00 PM,03/17/2015 12:00:00 PM,DSNY,Department of Sanitation,Dirty Conditions,E8 Canine Violation,Sidewalk,10467,,,,,HULL AVENUE,EAST 207 STREET,INTERSECTION,BRONX,,N/A,Closed,,The Department of Sanitation investigated this complaint and found no violation at the location.,03/17/2015 12:00:00 PM,07 BRONX,,BRONX,1018655,258181,PHONE,Unspecified,BRONX,,,,,,,,40.875254502207085,-73.87559293433398,"(40.875254502207085, -73.87559293433398)"
30197418,03/16/2015 02:12:00 PM,03/17/2015 12:00:00 PM,DSNY,Department of Sanitation,Dirty Conditions,E8 Canine Violation,Sidewalk,10468,104 EAST  196 STREET,EAST  196 STREET,CRESTON AVENUE,GRAND CONCOURSE,,,ADDRESS,BRONX,,N/A,Closed,,The Department of Sanitation investigated this complaint and found no violation at the location.,03/17/2015 12:00:00 PM,07 BRONX,2033140039,BRONX,1013571,255641,ONLINE,Unspecified,BRONX,,,,,,,,40.86830133925231,-73.89398756518766,"(40.86830133925231, -73.89398756518766)"
30195616,03/16/2015 02:00:00 PM,03/23/2015 12:00:00 PM,DSNY,Department of Sanitation,Dirty Conditions,E8 Canine Violation,Sidewalk,11232,,,,,42 STREET,8 AVENUE,INTERSECTION,BROOKLYN,,N/A,Closed,,The Department of Sanitation investigated this complaint and found no violation at the location.,03/23/2015 12:00:00 PM,07 BROOKLYN,,BROOKLYN,984514,174485,PHONE,Unspecified,BROOKLYN,,,,,,,,40.6455976549424,-73.99904867297043,"(40.6455976549424, -73.99904867297043)"
30201536,03/16/2015 01:10:00 PM,03/18/2015 12:00:00 PM,DSNY,Department of Sanitation,Dirty Conditions,E8 Canine Violation,Sidewalk,10462,,,,,BARNES AVENUE,PELHAM PARKWAY,INTERSECTION,BRONX,,N/A,Closed,,The Department of Sanitation investigated this complaint and found no violation at the location.,03/18/2015 12:00:00 PM,11 BRONX,,BRONX,1021927,251432,PHONE,Unspecified,BRONX,,,,,,,,40.856717207808344,-73.8637994797717,"(40.856717207808344, -73.8637994797717)"
30198592,03/16/2015 10:48:00 AM,03/17/2015 12:00:00 PM,DSNY,Department of Sanitation,Dirty Conditions,E8 Canine Violation,Sidewalk,11216,,,,,BERGEN STREET,BEDFORD AVENUE,INTERSECTION,BROOKLYN,,N/A,Closed,,The Department of Sanitation investigated this complaint and found no violation at the location.,03/17/2015 12:00:00 PM,08 BROOKLYN,,BROOKLYN,997267,185657,PHONE,Unspecified,BROOKLYN,,,,,,,,40.676252764052215,-73.95307152795513,"(40.676252764052215, -73.95307152795513)"
30196294,03/16/2015 10:43:00 AM,03/16/2015 12:00:00 PM,DSNY,Department of Sanitation,Dirty Conditions,E8 Canine Violation,Sidewalk,10033,,,,,WEST 180 STREET,BROADWAY,INTERSECTION,NEW YORK,,N/A,Closed,,The Department of Sanitation investigated this complaint and found no violation at the location.,03/16/2015 12:00:00 PM,12 MANHATTAN,,MANHATTAN,1001846,248795,PHONE,Unspecified,MANHATTAN,,,,,,,,40.849542289096355,-73.93639819816639,"(40.849542289096355, -73.93639819816639)"
30194473,03/16/2015 10:15:00 AM,03/18/2015 12:00:00 PM,DSNY,Department of Sanitation,Dirty Conditions,E8 Canine Violation,Sidewalk,10456,827C JACKSON AVENUE,JACKSON AVENUE,EAST 158 STREET,EAST 160 STREET,,,ADDRESS,BRONX,,N/A,Closed,,The Department of Sanitation investigated this complaint and found no violation at the location.,03/18/2015 12:00:00 PM,01 BRONX,2026377501,BRONX,1010226,238191,ONLINE,Unspecified,BRONX,,,,,,,,40.82041671176329,-73.90614926792097,"(40.82041671176329, -73.90614926792097)"
30199745,03/16/2015 10:13:00 AM,03/17/2015 12:00:00 PM,DSNY,Department of Sanitation,Dirty Conditions,E8 Canine Violation,Sidewalk,10457,240 EAST  175 STREET,EAST  175 STREET,MONROE AVENUE,TOPPING AVENUE,,,ADDRESS,BRONX,,N/A,Closed,,The Department of Sanitation investigated this complaint and found no violation at the location.,03/17/2015 12:00:00 PM,05 BRONX,2027980024,BRONX,1010223,247770,ONLINE,Unspecified,BRONX,,,,,,,,40.846708300148165,-73.90612301707802,"(40.846708300148165, -73.90612301707802)"
30199807,03/16/2015 10:13:00 AM,03/17/2015 12:00:00 PM,DSNY,Department of Sanitation,Dirty Conditions,E8 Canine Violation,Sidewalk,10473,2040 BRUCKNER BOULEVARD,BRUCKNER BOULEVARD,PUGSLEY AVENUE,OLMSTEAD AVENUE,,,ADDRESS,BRONX,,N/A,Closed,,The Department of Sanitation investigated this complaint and found no violation at the location.,03/17/2015 12:00:00 PM,09 BRONX,2036820001,BRONX,1024397,240317,ONLINE,Unspecified,BRONX,,,,,,,,40.8261989321845,-73.85493710507038,"(40.8261989321845, -73.85493710507038)"
30194399,03/16/2015 09:31:00 AM,03/18/2015 12:00:00 PM,DSNY,Department of Sanitation,Dirty Conditions,E8 Canine Violation,Sidewalk,10459,827B EAST  160 STREET,EAST  160 STREET,UNION AVENUE,PROSPECT AVENUE,,,ADDRESS,BRONX,,N/A,Closed,,The Department of Sanitation investigated this complaint and found no violation at the location.,03/18/2015 12:00:00 PM,01 BRONX,,BRONX,1011273,237999,ONLINE,Unspecified,BRONX,,,,,,,,40.81988658531372,-73.90236725556416,"(40.81988658531372, -73.90236725556416)"
30198561,03/16/2015 09:00:00 AM,03/17/2015 12:00:00 PM,DSNY,Department of Sanitation,Dirty Conditions,E8 Canine Violation,Sidewalk,11106,12-26 31 AVENUE,31 AVENUE,12 STREET,14 STREET,,,ADDRESS,Astoria,,N/A,Closed,,The Department of Sanitation investigated this complaint and found no violation at the location.,03/17/2015 12:00:00 PM,01 QUEENS,4005180030,QUEENS,1002749,219348,ONLINE,Unspecified,QUEENS,,,,,,,,40.768716617314794,-73.93321540036672,"(40.768716617314794, -73.93321540036672)"
30193900,03/16/2015 08:23:00 AM,03/17/2015 12:00:00 PM,DSNY,Department of Sanitation,Dirty Conditions,E8 Canine Violation,Sidewalk,10468,,,,,CRESTON AVENUE,EAST 191 STREET,INTERSECTION,BRONX,,N/A,Closed,,The Department of Sanitation investigated this complaint and found no violation at the location.,03/17/2015 12:00:00 PM,07 BRONX,,BRONX,1012603,253952,PHONE,Unspecified,BRONX,,,,,,,,40.86366871255768,-73.89749458984248,"(40.86366871255768, -73.89749458984248)"
30202064,03/16/2015 08:18:00 AM,03/17/2015 12:00:00 PM,DSNY,Department of Sanitation,Dirty Conditions,E8 Canine Violation,Sidewalk,11693,303 BEACH   89 STREET,BEACH   89 STREET,GULL COURT,BEACH CHANNEL DRIVE,,,ADDRESS,Far Rockaway,,N/A,Closed,,The Department of Sanitation investigated this complaint and found no violation at the location.,03/17/2015 12:00:00 PM,14 QUEENS,4161230070,QUEENS,1035935,153725,PHONE,Unspecified,QUEENS,,,,,,,,40.588465079269554,-73.8139117107823,"(40.588465079269554, -73.8139117107823)"
30198052,03/16/2015 08:14:00 AM,03/24/2015 12:00:00 PM,DSNY,Department of Sanitation,Dirty Conditions,E8 Canine Violation,Sidewalk,11215,162 16 STREET,16 STREET,4 AVENUE,5 AVENUE,,,ADDRESS,BROOKLYN,,N/A,Closed,,The Department of Sanitation investigated this complaint and found no violation at the location.,03/24/2015 12:00:00 PM,07 BROOKLYN,3010527501,BROOKLYN,986921,181635,ONLINE,Unspecified,BROOKLYN,,,,,,,,40.66522244148042,-73.99037218904428,"(40.66522244148042, -73.99037218904428)"
30200995,03/16/2015 06:52:00 AM,03/17/2015 12:00:00 PM,DSNY,Department of Sanitation,Dirty Conditions,E8 Canine Violation,Sidewalk,10453,,,,,EAST 181 STREET,JEROME AVENUE,INTERSECTION,BRONX,,N/A,Closed,,The Department of Sanitation investigated this complaint and found no violation at the location.,03/17/2015 12:00:00 PM,05 BRONX,,BRONX,1010372,251078,PHONE,Unspecified,BRONX,,,,,,,,40.855787334602034,-73.90557158204369,"(40.855787334602034, -73.90557158204369)"
30196273,03/16/2015 12:50:00 AM,03/17/2015 12:00:00 PM,DSNY,Department of Sanitation,Dirty Conditions,E8 Canine Violation,Sidewalk,11369,,,,,98 STREET,ASTORIA BOULEVARD,INTERSECTION,East Elmhurst,,N/A,Closed,,The Department of Sanitation investigated this complaint and found no violation at the location.,03/17/2015 12:00:00 PM,03 QUEENS,,QUEENS,1019887,217041,PHONE,Unspecified,QUEENS,,,,,,,,40.762332030249176,-73.871356545748,"(40.762332030249176, -73.871356545748)"
30197419,03/16/2015 12:33:00 AM,03/16/2015 12:00:00 PM,DSNY,Department of Sanitation,Dirty Conditions,E8 Canine Violation,Sidewalk,10040,75 THAYER STREET,THAYER STREET,SHERMAN AVENUE,BROADWAY,,,ADDRESS,NEW YORK,,N/A,Closed,,The Department of Sanitation investigated this complaint and found no violation at the location.,03/16/2015 12:00:00 PM,12 MANHATTAN,1021750192,MANHATTAN,1004355,254015,ONLINE,Unspecified,MANHATTAN,,,,,,,,40.863864266331724,-73.9273136141681,"(40.863864266331724, -73.9273136141681)"
30184052,03/15/2015 10:43:00 PM,03/18/2015 12:00:00 PM,DSNY,Department of Sanitation,Dirty Conditions,E8 Canine Violation,Sidewalk,11203,,,,,SCHENECTADY AVENUE,MAPLE STREET,INTERSECTION,BROOKLYN,,N/A,Closed,,The Department of Sanitation investigated this complaint and found no violation at the location.,03/18/2015 12:00:00 PM,09 BROOKLYN,,BROOKLYN,1002452,180418,PHONE,Unspecified,BROOKLYN,,,,,,,,40.66186373952349,-73.93439288382031,"(40.66186373952349, -73.93439288382031)"
30182722,03/15/2015 08:52:00 PM,03/18/2015 12:00:00 PM,DSNY,Department of Sanitation,Dirty Conditions,E8 Canine Violation,Sidewalk,11221,150 LINDEN STREET,LINDEN STREET,CENTRAL AVENUE,WILSON AVENUE,,,ADDRESS,BROOKLYN,,N/A,Closed,,The Department of Sanitation investigated this complaint and found no violation at the location.,03/18/2015 12:00:00 PM,04 BROOKLYN,3033330058,BROOKLYN,1006892,192296,ONLINE,Unspecified,BROOKLYN,,,,,,,,40.69445590767771,-73.91834949179217,"(40.69445590767771, -73.91834949179217)"
30185361,03/15/2015 06:29:00 PM,03/19/2015 12:00:00 PM,DSNY,Department of Sanitation,Dirty Conditions,E8 Canine Violation,Sidewalk,11207,707 SHEFFIELD AVENUE,SHEFFIELD AVENUE,NEW LOTS AVENUE,HEGEMAN AVENUE,,,ADDRESS,BROOKLYN,,N/A,Closed,,The Department of Sanitation investigated this complaint and found no violation at the location.,03/19/2015 12:00:00 PM,05 BROOKLYN,3042980050,BROOKLYN,1013997,179761,PHONE,Unspecified,BROOKLYN,,,,,,,,40.66002916054177,-73.89278312728105,"(40.66002916054177, -73.89278312728105)"
30181312,03/15/2015 06:19:00 PM,03/18/2015 12:00:00 PM,DSNY,Department of Sanitation,Dirty Conditions,E8 Canine Violation,Sidewalk,11420,,,,,135 PLACE,131 AVENUE,INTERSECTION,South Ozone Park,,N/A,Closed,,The Department of Sanitation investigated this complaint and found no violation at the location.,03/18/2015 12:00:00 PM,10 QUEENS,,QUEENS,1038994,183615,PHONE,Unspecified,QUEENS,,,,,,,,40.67048824561754,-73.80265558223817,"(40.67048824561754, -73.80265558223817)"
30183375,03/15/2015 06:07:00 PM,03/16/2015 12:00:00 PM,DSNY,Department of Sanitation,Dirty Conditions,E8 Canine Violation,Sidewalk,10460,,,,,EAST 174 STREET,HOE AVENUE,INTERSECTION,BRONX,,N/A,Closed,,The Department of Sanitation investigated this complaint and found no violation at the location.,03/16/2015 12:00:00 PM,03 BRONX,,BRONX,1015568,244263,PHONE,Unspecified,BRONX,,,,,,,,40.837065277437546,-73.88682041100826,"(40.837065277437546, -73.88682041100826)"
30184101,03/15/2015 05:17:00 PM,03/16/2015 12:00:00 PM,DSNY,Department of Sanitation,Dirty Conditions,E8 Canine Violation,Sidewalk,10453,1892 MORRIS AVENUE,MORRIS AVENUE,MT HOPE PLACE,EAST 177 STREET,,,ADDRESS,BRONX,,N/A,Closed,,The Department of Sanitation investigated this complaint and found no violation at the location.,03/16/2015 12:00:00 PM,05 BRONX,2028050031,BRONX,1009671,248733,ONLINE,Unspecified,BRONX,,,,,,,,40.849353056107184,-73.9081145169824,"(40.849353056107184, -73.9081145169824)"
30181314,03/15/2015 04:06:00 PM,03/17/2015 12:00:00 PM,DSNY,Department of Sanitation,Dirty Conditions,E8 Canine Violation,Sidewalk,11375,75-05 113 STREET,113 STREET,75 AVENUE,76 ROAD,,,ADDRESS,Forest Hills,,N/A,Closed,,The Department of Sanitation investigated this complaint and found no violation at the location.,03/17/2015 12:00:00 PM,06 QUEENS,4022650079,QUEENS,1029734,201335,ONLINE,Unspecified,QUEENS,,,,,,,,40.719177867433935,-73.83591683999515,"(40.719177867433935, -73.83591683999515)"
30183373,03/15/2015 03:01:00 PM,03/18/2015 12:00:00 PM,DSNY,Department of Sanitation,Dirty Conditions,E8 Canine Violation,Sidewalk,,,,,,LAX AVENUE,POWELL COVE BOULEVARD,INTERSECTION,,,N/A,Closed,,The Department of Sanitation investigated this complaint and found no violation at the location.,03/18/2015 12:00:00 PM,07 QUEENS,,QUEENS,,,PHONE,Unspecified,QUEENS,,,,,,,,,,
30181298,03/15/2015 02:54:00 PM,03/19/2015 12:00:00 PM,DSNY,Department of Sanitation,Dirty Conditions,E8 Canine Violation,Sidewalk,,,,,,FORD STREET,SHORE PARKWAY,INTERSECTION,,,N/A,Closed,,The Department of Sanitation investigated this complaint and found no violation at the location.,03/19/2015 12:00:00 PM,15 BROOKLYN,,BROOKLYN,,,PHONE,Unspecified,BROOKLYN,,,,,,,,,,
30183374,03/15/2015 02:29:00 PM,03/16/2015 12:00:00 PM,DSNY,Department of Sanitation,Dirty Conditions,E8 Canine Violation,Sidewalk,10463,3034 KINGSBRIDGE AVENUE,KINGSBRIDGE AVENUE,MARBLE HILL AVENUE,,,,ADDRESS,BRONX,,N/A,Closed,,The Department of Sanitation investigated this complaint and found no violation at the location.,03/16/2015 12:00:00 PM,08 BRONX,2057030179,BRONX,1009845,259491,PHONE,Unspecified,BRONX,,,,,,,,40.87887999023407,-73.9074444993524,"(40.87887999023407, -73.9074444993524)"
30181300,03/15/2015 02:04:00 PM,03/17/2015 12:00:00 PM,DSNY,Department of Sanitation,Dirty Conditions,E8 Canine Violation,Sidewalk,11207,560 RIVERDALE AVENUE,RIVERDALE AVENUE,GEORGIA AVENUE,SHEFFIELD AVENUE,,,ADDRESS,BROOKLYN,,N/A,Closed,,The Department of Sanitation investigated this complaint and found no violation at the location.,03/17/2015 12:00:00 PM,05 BROOKLYN,3038380035,BROOKLYN,1013319,180836,PHONE,Unspecified,BROOKLYN,,,,,,,,40.66298204795365,-73.89522220032191,"(40.66298204795365, -73.89522220032191)"
30184107,03/15/2015 01:52:00 PM,03/17/2015 12:00:00 PM,DSNY,Department of Sanitation,Dirty Conditions,E8 Canine Violation,Sidewalk,11417,,,,,87 STREET,SUTTER AVENUE,INTERSECTION,Ozone Park,,N/A,Closed,,The Department of Sanitation investigated this complaint and found no violation at the location.,03/17/2015 12:00:00 PM,10 QUEENS,,QUEENS,1025930,185591,ONLINE,Unspecified,QUEENS,,,,,,,,40.675983057553026,-73.84973713832545,"(40.675983057553026, -73.84973713832545)"
30183426,03/15/2015 01:47:00 PM,03/18/2015 12:00:00 PM,DSNY,Department of Sanitation,Dirty Conditions,E8 Canine Violation,Sidewalk,10467,686 ROSEWOOD STREET,ROSEWOOD STREET,OLINVILLE AVENUE,WHITE PLAINS ROAD,,,ADDRESS,BRONX,,N/A,Closed,,The Department of Sanitation investigated this complaint and found no violation at the location.,03/18/2015 12:00:00 PM,12 BRONX,2045950026,BRONX,1020852,257442,PHONE,Unspecified,BRONX,,,,,,,,40.87321733943605,-73.86765272168746,"(40.87321733943605, -73.86765272168746)"
30181980,03/15/2015 01:40:00 PM,03/16/2015 12:00:00 PM,DSNY,Department of Sanitation,Dirty Conditions,E8 Canine Violation,Sidewalk,10467,3418 GATES PLACE,GATES PLACE,WEST MOSHOLU PARKWAY NORTH,WEST GUN HILL ROAD,,,ADDRESS,BRONX,,N/A,Closed,,The Department of Sanitation investigated this complaint and found no violation at the location.,03/16/2015 12:00:00 PM,07 BRONX,2033240041,BRONX,1016305,260814,PHONE,Unspecified,BRONX,,,,,,,,40.8824901122158,-73.88407782803532,"(40.8824901122158, -73.88407782803532)"
30183382,03/15/2015 01:18:00 PM,03/16/2015 12:00:00 PM,DSNY,Department of Sanitation,Dirty Conditions,E8 Canine Violation,Sidewalk,10461,1870 HAIGHT AVENUE,HAIGHT AVENUE,MORRIS PARK AVENUE,RHINELANDER AVENUE,,,ADDRESS,BRONX,,N/A,Closed,,The Department of Sanitation investigated this complaint and found no violation at the location.,03/16/2015 12:00:00 PM,11 BRONX,2041310001,BRONX,1024633,249290,ONLINE,Unspecified,BRONX,,,,,,,,40.850826100789895,-73.85403034214036,"(40.850826100789895, -73.85403034214036)"
30182659,03/15/2015 12:21:00 PM,04/14/2015 12:00:00 PM,DSNY,Department of Sanitation,Dirty Conditions,E8 Canine Violation,Sidewalk,11230,1632 OCEAN AVENUE,OCEAN AVENUE,AVENUE K,AVENUE L,,,ADDRESS,BROOKLYN,,N/A,Closed,,The Department of Sanitation investigated this complaint and found no violation at the location.,04/14/2015 12:00:00 PM,14 BROOKLYN,3067300072,BROOKLYN,996536,165975,PHONE,Unspecified,BROOKLYN,,,,,,,,40.622230996137304,-73.95574275527346,"(40.622230996137304, -73.95574275527346)"
30185348,03/15/2015 12:05:00 PM,03/16/2015 12:00:00 PM,DSNY,Department of Sanitation,Dirty Conditions,E8 Canine Violation,Sidewalk,10075,,,,,EAST 80 STREET,1 AVENUE,INTERSECTION,NEW YORK,,N/A,Closed,,The Department of Sanitation investigated this complaint and found no violation at the location.,03/16/2015 12:00:00 PM,08 MANHATTAN,,MANHATTAN,997493,220912,PHONE,Unspecified,MANHATTAN,,,,,,,,40.773018825136525,-73.9521873858942,"(40.773018825136525, -73.9521873858942)"
30182660,03/15/2015 11:53:00 AM,03/16/2015 12:00:00 PM,DSNY,Department of Sanitation,Dirty Conditions,E8 Canine Violation,Sidewalk,11213,,,,,EASTERN PARKWAY,BUFFALO AVENUE,INTERSECTION,BROOKLYN,,N/A,Closed,,The Department of Sanitation investigated this complaint and found no violation at the location.,03/16/2015 12:00:00 PM,08 BROOKLYN,,BROOKLYN,1004888,182840,PHONE,Unspecified,BROOKLYN,,,,,,,,40.66850624676251,-73.9256051783988,"(40.66850624676251, -73.9256051783988)"
30183425,03/15/2015 09:52:00 AM,03/19/2015 12:00:00 PM,DSNY,Department of Sanitation,Dirty Conditions,E8 Canine Violation,Sidewalk,11233,214 MACDOUGAL STREET,MACDOUGAL STREET,THOMAS S BOYLAND STREET,ROCKAWAY AVENUE,,,ADDRESS,BROOKLYN,,N/A,Closed,,The Department of Sanitation investigated this complaint and found no violation at the location.,03/19/2015 12:00:00 PM,16 BROOKLYN,3015330030,BROOKLYN,1008630,187079,PHONE,Unspecified,BROOKLYN,,,,,,,,40.68013182877851,-73.91210088068063,"(40.68013182877851, -73.91210088068063)"
30182721,03/15/2015 09:47:00 AM,03/19/2015 12:00:00 PM,DSNY,Department of Sanitation,Dirty Conditions,E8 Canine Violation,Sidewalk,11233,197 MACDOUGAL STREET,MACDOUGAL STREET,THOMAS S BOYLAND STREET,ROCKAWAY AVENUE,,,ADDRESS,BROOKLYN,,N/A,Closed,,The Department of Sanitation investigated this complaint and found no violation at the location.,03/19/2015 12:00:00 PM,16 BROOKLYN,3015270065,BROOKLYN,1008338,187041,PHONE,Unspecified,BROOKLYN,,,,,,,,40.680028326868616,-73.91315378623635,"(40.680028326868616, -73.91315378623635)"
30181978,03/15/2015 09:15:00 AM,03/16/2015 12:00:00 PM,DSNY,Department of Sanitation,Dirty Conditions,E8 Canine Violation,Sidewalk,10458,531 EAST  187 STREET,EAST  187 STREET,BATHGATE AVENUE,LORILLARD PLACE,,,ADDRESS,BRONX,,N/A,Closed,,The Department of Sanitation investigated this complaint and found no violation at the location.,03/16/2015 12:00:00 PM,06 BRONX,2030560058,BRONX,1014733,251433,PHONE,Unspecified,BRONX,,,,,,,,40.856747722581005,-73.88980540422166,"(40.856747722581005, -73.88980540422166)"
30175550,03/14/2015 08:11:00 PM,03/16/2015 12:00:00 PM,DSNY,Department of Sanitation,Dirty Conditions,E8 Canine Violation,Sidewalk,10026,1833 7 AVENUE,7 AVENUE,WEST 111 STREET,WEST 112 STREET,,,ADDRESS,NEW YORK,,N/A,Closed,,The Department of Sanitation investigated this complaint and found no violation at the location.,03/16/2015 12:00:00 PM,10 MANHATTAN,1018210064,MANHATTAN,996816,230866,PHONE,Unspecified,MANHATTAN,,,,,,,,40.80034087855775,-73.95461301004313,"(40.80034087855775, -73.95461301004313)"
30179247,03/14/2015 08:03:00 PM,03/14/2015 08:03:00 PM,DSNY,Department of Sanitation,Dirty Conditions,E8 Canine Violation,Sidewalk,11417,97-28 LINDEN BOULEVARD,LINDEN BOULEVARD,97 STREET,HAWTREE STREET,,,ADDRESS,Ozone Park,,N/A,Closed,,The Department of Sanitation investigated this complaint and found no violation at the location.,03/14/2015 08:03:00 PM,10 QUEENS,4115170153,QUEENS,1029106,184996,PHONE,Unspecified,QUEENS,,,,,,,,40.67433439590111,-73.83829115093803,"(40.67433439590111, -73.83829115093803)"
30179180,03/14/2015 07:03:00 PM,03/14/2015 07:03:00 PM,DSNY,Department of Sanitation,Dirty Conditions,E8 Canine Violation,Sidewalk,11421,86-02 PARK LN SOUTH,PARK LN SOUTH,86 STREET,87 STREET,,,ADDRESS,Woodhaven,,N/A,Closed,,The Department of Sanitation investigated this complaint and found no violation at the location.,03/14/2015 07:03:00 PM,09 QUEENS,4088650001,QUEENS,1023314,193090,PHONE,Unspecified,QUEENS,,,,,,,,40.69657799963971,-73.85912472890881,"(40.69657799963971, -73.85912472890881)"
30176324,03/14/2015 06:22:00 PM,03/14/2015 06:22:00 PM,DSNY,Department of Sanitation,Dirty Conditions,E8 Canine Violation,Sidewalk,11106,,,,,34 AVENUE,12 STREET,INTERSECTION,Astoria,,N/A,Closed,,The Department of Sanitation investigated this complaint and found no violation at the location.,03/14/2015 06:22:00 PM,01 QUEENS,,QUEENS,1001701,217716,PHONE,Unspecified,QUEENS,,,,,,,,40.76423933196664,-73.93700309803471,"(40.76423933196664, -73.93700309803471)"
30175528,03/14/2015 06:11:00 PM,03/14/2015 06:11:00 PM,DSNY,Department of Sanitation,Dirty Conditions,E8 Canine Violation,Sidewalk,11372,,,,,90 STREET,35 AVENUE,INTERSECTION,Jackson Heights,,N/A,Closed,,The Department of Sanitation investigated this complaint and found no violation at the location.,03/14/2015 06:11:00 PM,03 QUEENS,,QUEENS,1018260,213481,ONLINE,Unspecified,QUEENS,,,,,,,,40.75256715716645,-73.87724773707222,"(40.75256715716645, -73.87724773707222)"
30174801,03/14/2015 05:00:00 PM,03/20/2015 12:00:00 PM,DSNY,Department of Sanitation,Dirty Conditions,E8 Canine Violation,Sidewalk,11203,,,,,RUTLAND ROAD,TROY AVENUE,INTERSECTION,BROOKLYN,,N/A,Closed,,The Department of Sanitation investigated this complaint and found no violation at the location.,03/20/2015 12:00:00 PM,09 BROOKLYN,,BROOKLYN,1001698,179824,PHONE,Unspecified,BROOKLYN,,,,,,,,40.66023485889602,-73.93711213038945,"(40.66023485889602, -73.93711213038945)"
30176304,03/14/2015 04:21:00 PM,03/25/2015 12:00:00 PM,DSNY,Department of Sanitation,Dirty Conditions,E8 Canine Violation,Sidewalk,11201,,,,,LIVINGSTON STREET,COURT STREET,INTERSECTION,BROOKLYN,,N/A,Closed,,The Department of Sanitation investigated this complaint and found no violation at the location.,03/25/2015 12:00:00 PM,02 BROOKLYN,,BROOKLYN,986622,191244,PHONE,Unspecified,BROOKLYN,,,,,,,,40.6915970571129,-73.99144657390693,"(40.6915970571129, -73.99144657390693)"
30179911,03/14/2015 04:13:00 PM,03/14/2015 04:13:00 PM,DSNY,Department of Sanitation,Dirty Conditions,E8 Canine Violation,Sidewalk,11370,70-02 32 AVENUE,32 AVENUE,70 STREET,71 STREET,,,ADDRESS,East Elmhurst,,N/A,Closed,,The Department of Sanitation investigated this complaint and found no violation at the location.,03/14/2015 04:13:00 PM,03 QUEENS,4011660001,QUEENS,1012854,214914,PHONE,Unspecified,QUEENS,,,,,,,,40.7565195157288,-73.89675349218989,"(40.7565195157288, -73.89675349218989)"
30177801,03/14/2015 04:12:00 PM,03/14/2015 04:12:00 PM,DSNY,Department of Sanitation,Dirty Conditions,E8 Canine Violation,Sidewalk,11374,94-04 64 ROAD,64 ROAD,WETHEROLE STREET,BOOTH STREET,,,ADDRESS,Rego Park,,N/A,Closed,,The Department of Sanitation investigated this complaint and found no violation at the location.,03/14/2015 04:12:00 PM,06 QUEENS,4030970003,QUEENS,1022642,204305,PHONE,Unspecified,QUEENS,,,,,,,,40.72736340804043,-73.861484183498,"(40.72736340804043, -73.861484183498)"
30179248,03/14/2015 04:10:00 PM,03/14/2015 04:10:00 PM,DSNY,Department of Sanitation,Dirty Conditions,E8 Canine Violation,Sidewalk,11374,94-10 64 ROAD,64 ROAD,WETHEROLE STREET,BOOTH STREET,,,ADDRESS,Rego Park,,N/A,Closed,,The Department of Sanitation investigated this complaint and found no violation at the location.,03/14/2015 04:10:00 PM,06 QUEENS,4030977501,QUEENS,1022647,204315,PHONE,Unspecified,QUEENS,,,,,,,,40.72739083386732,-73.86146608679724,"(40.72739083386732, -73.86146608679724)"
30179914,03/14/2015 03:25:00 PM,03/16/2015 12:00:00 PM,DSNY,Department of Sanitation,Dirty Conditions,E8 Canine Violation,Sidewalk,11218,,,,,TURNER PLACE,EAST 8 STREET,INTERSECTION,BROOKLYN,,N/A,Closed,,The Department of Sanitation investigated this complaint and found no violation at the location.,03/16/2015 12:00:00 PM,12 BROOKLYN,,BROOKLYN,992035,174328,PHONE,Unspecified,BROOKLYN,,,,,,,,40.64516330614749,-73.97194684530304,"(40.64516330614749, -73.97194684530304)"
30179181,03/14/2015 02:58:00 PM,03/14/2015 02:58:00 PM,DSNY,Department of Sanitation,Dirty Conditions,E8 Canine Violation,Sidewalk,11356,116-10 14 ROAD,14 ROAD,116 STREET,117 STREET,,,ADDRESS,College Point,,N/A,Closed,,The Department of Sanitation investigated this complaint and found no violation at the location.,03/14/2015 02:58:00 PM,07 QUEENS,4040670027,QUEENS,1025501,225197,PHONE,Unspecified,QUEENS,,,,,,,,40.78469367073369,-73.85104093992163,"(40.78469367073369, -73.85104093992163)"
30179182,03/14/2015 02:25:00 PM,03/16/2015 12:00:00 PM,DSNY,Department of Sanitation,Dirty Conditions,E8 Canine Violation,Sidewalk,10462,,,,,HAVILAND AVENUE,ZEREGA AVENUE,INTERSECTION,BRONX,,N/A,Closed,,The Department of Sanitation investigated this complaint and found no violation at the location.,03/16/2015 12:00:00 PM,09 BRONX,,BRONX,1027261,242181,PHONE,Unspecified,BRONX,,,,,,,,40.83130158909687,-73.84457670324474,"(40.83130158909687, -73.84457670324474)"
30176305,03/14/2015 01:40:00 PM,03/17/2015 12:00:00 PM,DSNY,Department of Sanitation,Dirty Conditions,E8 Canine Violation,Sidewalk,10467,,,,,DEKALB AVENUE,EAST 212 STREET,INTERSECTION,BRONX,,N/A,Closed,,The Department of Sanitation investigated this complaint and found no violation at the location.,03/17/2015 12:00:00 PM,07 BRONX,,BRONX,1017684,261372,PHONE,Unspecified,BRONX,,,,,,,,40.884016530011515,-73.87908809908791,"(40.884016530011515, -73.87908809908791)"
30175551,03/14/2015 01:39:00 PM,03/17/2015 12:00:00 PM,DSNY,Department of Sanitation,Dirty Conditions,E8 Canine Violation,Sidewalk,10467,,,,,ROCHAMBEAU AVENUE,EAST 212 STREET,INTERSECTION,BRONX,,N/A,Closed,,The Department of Sanitation investigated this complaint and found no violation at the location.,03/17/2015 12:00:00 PM,07 BRONX,,BRONX,1017827,261293,PHONE,Unspecified,BRONX,,,,,,,,40.88379915699117,-73.87857134552725,"(40.88379915699117, -73.87857134552725)"
30175529,03/14/2015 12:49:00 PM,03/14/2015 12:49:00 PM,DSNY,Department of Sanitation,Dirty Conditions,E8 Canine Violation,Sidewalk,11357,,,,,144 PLACE,WILLETS POINT BOULEVARD,INTERSECTION,Whitestone,,N/A,Closed,,The Department of Sanitation investigated this complaint and found no violation at the location.,03/14/2015 12:49:00 PM,07 QUEENS,,QUEENS,1033254,222331,ONLINE,Unspecified,QUEENS,,,,,,,,40.77678768870595,-73.82306551175363,"(40.77678768870595, -73.82306551175363)"
30176303,03/14/2015 12:41:00 PM,03/16/2015 12:00:00 PM,DSNY,Department of Sanitation,Dirty Conditions,E8 Canine Violation,Sidewalk,10312,28 REGENT CIRCLE,REGENT CIRCLE,HAMPTON GREEN,DEAD END,,,ADDRESS,STATEN ISLAND,,N/A,Closed,,The Department of Sanitation investigated this complaint and found no violation at the location.,03/16/2015 12:00:00 PM,03 STATEN ISLAND,5060180218,STATEN ISLAND,929883,140840,ONLINE,Unspecified,STATEN ISLAND,,,,,,,,40.55308231285665,-74.19564100305254,"(40.55308231285665, -74.19564100305254)"
30177799,03/14/2015 12:21:00 PM,03/14/2015 12:21:00 PM,DSNY,Department of Sanitation,Dirty Conditions,E8 Canine Violation,Sidewalk,11105,23-07 23 STREET,23 STREET,23 AVENUE,23 ROAD,,,ADDRESS,Astoria,,N/A,Closed,,The Department of Sanitation investigated this complaint and found no violation at the location.,03/14/2015 12:21:00 PM,01 QUEENS,,QUEENS,1006907,222660,ONLINE,Unspecified,QUEENS,,,,,,,,40.77779750767013,-73.91819314035286,"(40.77779750767013, -73.91819314035286)"
30174807,03/14/2015 11:22:00 AM,03/16/2015 12:00:00 PM,DSNY,Department of Sanitation,Dirty Conditions,E8 Canine Violation,Sidewalk,10465,246 SWINTON AVENUE,SWINTON AVENUE,HARDING AVENUE,LAWTON AVENUE,,,ADDRESS,BRONX,,N/A,Closed,,The Department of Sanitation investigated this complaint and found no violation at the location.,03/16/2015 12:00:00 PM,10 BRONX,2055920055,BRONX,1034167,236647,PHONE,Unspecified,BRONX,,,,,,,,40.81607602904634,-73.819662617473,"(40.81607602904634, -73.819662617473)"
30178448,03/14/2015 11:08:00 AM,03/14/2015 12:00:00 PM,DSNY,Department of Sanitation,Dirty Conditions,E8 Canine Violation,Sidewalk,11377,41-01 67 STREET,67 STREET,41 AVENUE,WOODSIDE AVENUE,,,ADDRESS,Woodside,,N/A,Closed,,The Department of Sanitation investigated this complaint and found no violation at the location.,03/14/2015 12:00:00 PM,02 QUEENS,4013070018,QUEENS,1012588,210457,PHONE,Unspecified,QUEENS,,,,,,,,40.744287040924384,-73.89773240361714,"(40.744287040924384, -73.89773240361714)"
30177800,03/14/2015 10:29:00 AM,03/18/2015 12:00:00 PM,DSNY,Department of Sanitation,Dirty Conditions,E8 Canine Violation,Sidewalk,11221,38 MALCOLM X BOULEVARD,MALCOLM X BOULEVARD,KOSCIUSZKO STREET,LAFAYETTE AVENUE,,,ADDRESS,BROOKLYN,,N/A,Closed,,The Department of Sanitation investigated this complaint and found no violation at the location.,03/18/2015 12:00:00 PM,03 BROOKLYN,3016070039,BROOKLYN,1003373,191708,ONLINE,Unspecified,BROOKLYN,,,,,,,,40.69285028777226,-73.93104120647465,"(40.69285028777226, -73.93104120647465)"
30175501,03/14/2015 09:44:00 AM,03/16/2015 12:00:00 PM,DSNY,Department of Sanitation,Dirty Conditions,E8 Canine Violation,Sidewalk,10465,2619 HARDING AVENUE,HARDING AVENUE,HOSMER AVENUE,ROBINSON AVENUE,,,ADDRESS,BRONX,,N/A,Closed,,The Department of Sanitation investigated this complaint and found no violation at the location.,03/16/2015 12:00:00 PM,10 BRONX,2056000001,BRONX,1032476,235692,PHONE,Unspecified,BRONX,,,,,,,,40.81346421951741,-73.82577861455506,"(40.81346421951741, -73.82577861455506)"
30173794,03/13/2015 08:58:00 PM,03/26/2015 12:00:00 PM,DSNY,Department of Sanitation,Dirty Conditions,E8 Canine Violation,Sidewalk,11238,,,,,BERGEN STREET,VANDERBILT AVENUE,INTERSECTION,BROOKLYN,,N/A,Closed,,The Department of Sanitation investigated this complaint and found no violation at the location.,03/26/2015 12:00:00 PM,08 BROOKLYN,,BROOKLYN,993063,186809,PHONE,Unspecified,BROOKLYN,,,,,,,,40.67941992696954,-73.96822614618212,"(40.67941992696954, -73.96822614618212)"
30166473,03/13/2015 08:05:00 PM,03/19/2015 12:00:00 PM,DSNY,Department of Sanitation,Dirty Conditions,E8 Canine Violation,Sidewalk,11208,398 MONTAUK AVENUE,MONTAUK AVENUE,DUMONT AVENUE,HEGEMAN AVENUE,,,ADDRESS,BROOKLYN,,N/A,Closed,,The Department of Sanitation investigated this complaint and found no violation at the location.,03/19/2015 12:00:00 PM,05 BROOKLYN,3044550115,BROOKLYN,1018555,182787,PHONE,Unspecified,BROOKLYN,,,,,,,,40.66831836578488,-73.8763393881646,"(40.66831836578488, -73.8763393881646)"
30173868,03/13/2015 07:51:00 PM,03/23/2015 12:00:00 PM,DSNY,Department of Sanitation,Dirty Conditions,E8 Canine Violation,Sidewalk,11234,4803 AVENUE K,AVENUE K,EAST 48 STREET,EAST 49 STREET,,,ADDRESS,BROOKLYN,,N/A,Closed,,The Department of Sanitation investigated this complaint and found no violation at the location.,03/23/2015 12:00:00 PM,18 BROOKLYN,3077960009,BROOKLYN,1003848,167254,PHONE,Unspecified,BROOKLYN,,,,,,,,40.62572842484154,-73.92939939850199,"(40.62572842484154, -73.92939939850199)"
30167535,03/13/2015 05:55:00 PM,03/16/2015 12:00:00 PM,DSNY,Department of Sanitation,Dirty Conditions,E8 Canine Violation,Sidewalk,10466,4064 BRONX BOULEVARD,BRONX BOULEVARD,EAST 228 STREET,EAST 229 STREET,,,ADDRESS,BRONX,,N/A,Closed,,The Department of Sanitation investigated this complaint and found no violation at the location.,03/16/2015 12:00:00 PM,12 BRONX,2048220013,BRONX,1022150,264035,PHONE,Unspecified,BRONX,,,,,,,,40.8913075690776,-73.86292205289855,"(40.8913075690776, -73.86292205289855)"
30173869,03/13/2015 05:39:00 PM,03/23/2015 12:00:00 PM,DSNY,Department of Sanitation,Dirty Conditions,E8 Canine Violation,Sidewalk,11218,700 CORTELYOU ROAD,CORTELYOU ROAD,EAST 7 STREET,EAST 8 STREET,,,ADDRESS,BROOKLYN,,N/A,Closed,,The Department of Sanitation investigated this complaint and found no violation at the location.,03/23/2015 12:00:00 PM,12 BROOKLYN,3053910001,BROOKLYN,992118,171968,PHONE,Unspecified,BROOKLYN,,,,,,,,40.63868553966112,-73.97165050807656,"(40.63868553966112, -73.97165050807656)"
30173795,03/13/2015 04:22:00 PM,03/14/2015 12:00:00 PM,DSNY,Department of Sanitation,Dirty Conditions,E8 Canine Violation,Sidewalk,11377,,,,,ROOSEVELT AVENUE,68 STREET,INTERSECTION,Woodside,,N/A,Closed,,The Department of Sanitation investigated this complaint and found no violation at the location.,03/14/2015 12:00:00 PM,02 QUEENS,,QUEENS,1012728,211168,PHONE,Unspecified,QUEENS,,,,,,,,40.74623810677342,-73.89722415455242,"(40.74623810677342, -73.89722415455242)"
30169647,03/13/2015 02:16:00 PM,03/16/2015 12:00:00 PM,DSNY,Department of Sanitation,Dirty Conditions,E8 Canine Violation,Sidewalk,10312,57 KENMORE STREET,KENMORE STREET,BEND,WOODROW ROAD,,,ADDRESS,STATEN ISLAND,,N/A,Closed,,The Department of Sanitation investigated this complaint and found no violation at the location.,03/16/2015 12:00:00 PM,03 STATEN ISLAND,5056830041,STATEN ISLAND,934596,143664,ONLINE,Unspecified,STATEN ISLAND,,,,,,,,40.5608612747682,-74.17870193584292,"(40.5608612747682, -74.17870193584292)"
30169602,03/13/2015 01:25:00 PM,03/17/2015 12:00:00 PM,DSNY,Department of Sanitation,Dirty Conditions,E8 Canine Violation,Sidewalk,11208,,,,,GLENMORE AVENUE,PINE STREET,INTERSECTION,BROOKLYN,,N/A,Closed,,The Department of Sanitation investigated this complaint and found no violation at the location.,03/17/2015 12:00:00 PM,05 BROOKLYN,,BROOKLYN,1019946,185881,PHONE,Unspecified,BROOKLYN,,,,,,,,40.676805193456545,-73.87130881642511,"(40.676805193456545, -73.87130881642511)"
30169640,03/13/2015 12:44:00 PM,03/16/2015 12:00:00 PM,DSNY,Department of Sanitation,Dirty Conditions,E8 Canine Violation,Sidewalk,11237,1503 GREENE AVENUE,GREENE AVENUE,ST NICHOLAS AVENUE,CYPRESS AVENUE,,,ADDRESS,BROOKLYN,,N/A,Closed,,The Department of Sanitation investigated this complaint and found no violation at the location.,03/16/2015 12:00:00 PM,04 BROOKLYN,3032920045,BROOKLYN,1008074,195612,PHONE,Unspecified,BROOKLYN,,,,,,,,40.70355444659497,-73.91407529235038,"(40.70355444659497, -73.91407529235038)"
30168628,03/13/2015 12:12:00 PM,03/16/2015 12:00:00 PM,DSNY,Department of Sanitation,Dirty Conditions,E8 Canine Violation,Sidewalk,10023,,,,,WEST 65 STREET,AMSTERDAM AVENUE,INTERSECTION,NEW YORK,,N/A,Closed,,The Department of Sanitation investigated this complaint and found no violation at the location.,03/16/2015 12:00:00 PM,07 MANHATTAN,,MANHATTAN,988438,221323,PHONE,Unspecified,MANHATTAN,,,,,,,,40.774155840363974,-73.98487935982509,"(40.774155840363974, -73.98487935982509)"
30166463,03/13/2015 11:43:00 AM,03/16/2015 12:00:00 PM,DSNY,Department of Sanitation,Dirty Conditions,E8 Canine Violation,Sidewalk,10467,3147 PERRY AVENUE,PERRY AVENUE,EAST 204 STREET,EAST 205 STREET,,,ADDRESS,BRONX,,N/A,Closed,,The Department of Sanitation investigated this complaint and found no violation at the location.,03/16/2015 12:00:00 PM,07 BRONX,2033410016,BRONX,1018001,257616,PHONE,Unspecified,BRONX,,,,,,,,40.87370627772376,-73.87796061466335,"(40.87370627772376, -73.87796061466335)"
30166467,03/13/2015 11:40:00 AM,03/14/2015 12:00:00 PM,DSNY,Department of Sanitation,Dirty Conditions,E8 Canine Violation,Sidewalk,10468,,,,,EAST 198 STREET,JEROME AVENUE,INTERSECTION,BRONX,,N/A,Closed,,The Department of Sanitation investigated this complaint and found no violation at the location.,03/14/2015 12:00:00 PM,07 BRONX,,BRONX,1013823,256769,ONLINE,Unspecified,BRONX,,,,,,,,40.87139651166131,-73.89307146140729,"(40.87139651166131, -73.89307146140729)"
30168593,03/13/2015 11:00:00 AM,03/16/2015 12:00:00 PM,DSNY,Department of Sanitation,Dirty Conditions,E8 Canine Violation,Sidewalk,10039,2730 8 AVENUE,8 AVENUE,WEST 145 STREET,WEST 146 STREET,,,ADDRESS,NEW YORK,,N/A,Closed,,The Department of Sanitation investigated this complaint and found no violation at the location.,03/16/2015 12:00:00 PM,10 MANHATTAN,1020310003,MANHATTAN,1000349,239099,PHONE,Unspecified,MANHATTAN,,,,,,,,40.82293243748226,-73.94183246541331,"(40.82293243748226, -73.94183246541331)"
30169614,03/13/2015 10:59:00 AM,03/16/2015 12:00:00 PM,DSNY,Department of Sanitation,Dirty Conditions,E8 Canine Violation,Sidewalk,10035,,,,,EAST 126 STREET,LEXINGTON AVENUE,INTERSECTION,NEW YORK,,N/A,Closed,,The Department of Sanitation investigated this complaint and found no violation at the location.,03/16/2015 12:00:00 PM,11 MANHATTAN,,MANHATTAN,1001711,232583,PHONE,Unspecified,MANHATTAN,,,,,,,,40.80504525427482,-73.93692835617708,"(40.80504525427482, -73.93692835617708)"
30166479,03/13/2015 10:47:00 AM,04/15/2015 12:00:00 PM,DSNY,Department of Sanitation,Dirty Conditions,E8 Canine Violation,Sidewalk,11225,105 WINTHROP AVENUE,WINTHROP AVENUE,FLATBUSH AVENUE,BEDFORD AVENUE,,,ADDRESS,BROOKLYN,,N/A,Closed,,The Department of Sanitation investigated this complaint and found no violation at the location.,04/15/2015 12:00:00 PM,09 BROOKLYN,3050450059,BROOKLYN,996203,178530,PHONE,Unspecified,BROOKLYN,,,,,,,,40.65669223671254,-73.95692006228899,"(40.65669223671254, -73.95692006228899)"
30173852,03/13/2015 10:14:00 AM,03/13/2015 12:00:00 PM,DSNY,Department of Sanitation,Dirty Conditions,E8 Canine Violation,Sidewalk,11385,,,,,62 STREET,COOPER AVENUE,INTERSECTION,Ridgewood,,N/A,Closed,,The Department of Sanitation investigated this complaint and found no violation at the location.,03/13/2015 12:00:00 PM,05 QUEENS,,QUEENS,1013952,193500,PHONE,Unspecified,QUEENS,,,,,,,,40.69773972694013,-73.8928847672479,"(40.69773972694013, -73.8928847672479)"
30166468,03/13/2015 09:39:00 AM,03/14/2015 12:00:00 PM,DSNY,Department of Sanitation,Dirty Conditions,E8 Canine Violation,Sidewalk,10461,,,,,B STREET,BAISLEY AVENUE,INTERSECTION,BRONX,,N/A,Closed,,The Department of Sanitation investigated this complaint and found no violation at the location.,03/14/2015 12:00:00 PM,10 BRONX,,BRONX,1031836,243957,ONLINE,Unspecified,BRONX,,,,,,,,40.83615272298838,-73.82803205793861,"(40.83615272298838, -73.82803205793861)"
30169615,03/13/2015 09:13:00 AM,03/16/2015 12:00:00 PM,DSNY,Department of Sanitation,Dirty Conditions,E8 Canine Violation,Sidewalk,10462,2350 POWELL AVENUE,POWELL AVENUE,HAVEMEYER AVENUE,ZEREGA AVENUE,,,ADDRESS,BRONX,,N/A,Closed,,The Department of Sanitation investigated this complaint and found no violation at the location.,03/16/2015 12:00:00 PM,09 BRONX,2038280032,BRONX,1026795,242370,PHONE,Unspecified,BRONX,,,,,,,,40.831822596106086,-73.84625942513382,"(40.831822596106086, -73.84625942513382)"
30169637,03/13/2015 09:00:00 AM,03/13/2015 12:00:00 PM,DSNY,Department of Sanitation,Dirty Conditions,E8 Canine Violation,Sidewalk,11368,,,,,CORONA AVENUE,97 STREET,INTERSECTION,Corona,,N/A,Closed,,The Department of Sanitation investigated this complaint and found no violation at the location.,03/13/2015 12:00:00 PM,04 QUEENS,,QUEENS,1021281,209927,PHONE,Unspecified,QUEENS,,,,,,,,40.74280019634755,-73.86636362992725,"(40.74280019634755, -73.86636362992725)"
30166483,03/13/2015 08:38:00 AM,03/16/2015 12:00:00 PM,DSNY,Department of Sanitation,Dirty Conditions,E8 Canine Violation,Sidewalk,10035,123 EAST  129 STREET,EAST  129 STREET,PARK AVENUE,LEXINGTON AVENUE,,,ADDRESS,NEW YORK,,N/A,Closed,,The Department of Sanitation investigated this complaint and found no violation at the location.,03/16/2015 12:00:00 PM,11 MANHATTAN,1017780006,MANHATTAN,1001966,233337,PHONE,Unspecified,MANHATTAN,,,,,,,,40.807114268207236,-73.93600527010818,"(40.807114268207236, -73.93600527010818)"
30172836,03/13/2015 08:26:00 AM,03/16/2015 12:00:00 PM,DSNY,Department of Sanitation,Dirty Conditions,E8 Canine Violation,Sidewalk,10032,615 WEST  162 STREET,WEST  162 STREET,BROADWAY,FT WASHINGTON AVENUE,,,ADDRESS,NEW YORK,,N/A,Closed,,The Department of Sanitation investigated this complaint and found no violation at the location.,03/16/2015 12:00:00 PM,12 MANHATTAN,1021370040,MANHATTAN,999934,244404,PHONE,Unspecified,MANHATTAN,,,,,,,,40.83749388563616,-73.94331950508477,"(40.83749388563616, -73.94331950508477)"
30173870,03/13/2015 08:23:00 AM,03/16/2015 12:00:00 PM,DSNY,Department of Sanitation,Dirty Conditions,E8 Canine Violation,Sidewalk,10457,1546 SELWYN AVENUE,SELWYN AVENUE,EAST 172 STREET,EAST MT EDEN AVENUE,,,ADDRESS,BRONX,,N/A,Closed,,The Department of Sanitation investigated this complaint and found no violation at the location.,03/16/2015 12:00:00 PM,04 BRONX,2028200016,BRONX,1009026,245880,PHONE,Unspecified,BRONX,,,,,,,,40.841524246591426,-73.91045644171464,"(40.841524246591426, -73.91045644171464)"
30170676,03/13/2015 08:14:00 AM,03/14/2015 12:00:00 PM,DSNY,Department of Sanitation,Dirty Conditions,E8 Canine Violation,Sidewalk,10465,3135 COUNTRY CLUB ROAD,COUNTRY CLUB ROAD,KEARNEY AVENUE,ROBERTSON PLACE,,,ADDRESS,BRONX,,N/A,Closed,,The Department of Sanitation investigated this complaint and found no violation at the location.,03/14/2015 12:00:00 PM,10 BRONX,2054110127,BRONX,1032853,246276,PHONE,Unspecified,BRONX,,,,,,,,40.84251215227546,-73.82433999222908,"(40.84251215227546, -73.82433999222908)"
30166464,03/13/2015 08:06:00 AM,03/16/2015 12:00:00 PM,DSNY,Department of Sanitation,Dirty Conditions,E8 Canine Violation,Sidewalk,10025,,,,,WEST 109 STREET,BROADWAY,INTERSECTION,NEW YORK,,N/A,Closed,,The Department of Sanitation investigated this complaint and found no violation at the location.,03/16/2015 12:00:00 PM,07 MANHATTAN,,MANHATTAN,993347,232040,PHONE,Unspecified,MANHATTAN,,,,,,,,40.80356743918114,-73.96714105897546,"(40.80356743918114, -73.96714105897546)"
30171688,03/13/2015 07:32:00 AM,03/14/2015 12:00:00 PM,DSNY,Department of Sanitation,Dirty Conditions,E8 Canine Violation,Sidewalk,10459,941 HOE AVENUE,HOE AVENUE,EAST 163 STREET,ALDUS STREET,,,ADDRESS,BRONX,,N/A,Closed,,The Department of Sanitation investigated this complaint and found no violation at the location.,03/14/2015 12:00:00 PM,02 BRONX,2027427501,BRONX,1014605,238750,ONLINE,Unspecified,BRONX,,,,,,,,40.82193704510607,-73.89032552130838,"(40.82193704510607, -73.89032552130838)"
30171785,03/13/2015 07:29:00 AM,03/13/2015 12:00:00 PM,DSNY,Department of Sanitation,Dirty Conditions,E8 Canine Violation,Sidewalk,11365,50-43 192 STREET,192 STREET,50 AVENUE,53 AVENUE,,,ADDRESS,Fresh Meadows,,N/A,Closed,,The Department of Sanitation investigated this complaint and found no violation at the location.,03/13/2015 12:00:00 PM,11 QUEENS,4056460031,QUEENS,1043300,211751,ONLINE,Unspecified,QUEENS,,,,,,,,40.7476869923189,-73.78688635933447,"(40.7476869923189, -73.78688635933447)"
30164099,03/12/2015 11:02:00 PM,03/13/2015 12:00:00 PM,DSNY,Department of Sanitation,Dirty Conditions,E8 Canine Violation,Sidewalk,11104,,,,,41 STREET,QUEENS BOULEVARD,INTERSECTION,Sunnyside,,N/A,Closed,,The Department of Sanitation investigated this complaint and found no violation at the location.,03/13/2015 12:00:00 PM,02 QUEENS,,QUEENS,1005493,210236,PHONE,Unspecified,QUEENS,,,,,,,,40.743700340673925,-73.92333787837586,"(40.743700340673925, -73.92333787837586)"
30157169,03/12/2015 10:54:00 PM,04/17/2015 12:00:00 PM,DSNY,Department of Sanitation,Dirty Conditions,E8 Canine Violation,Sidewalk,11228,7924 15 AVENUE,15 AVENUE,79 STREET,80 STREET,,,ADDRESS,BROOKLYN,,N/A,Closed,,The Department of Sanitation investigated this complaint and found no violation at the location.,04/17/2015 12:00:00 PM,11 BROOKLYN,3062690048,BROOKLYN,982698,163406,PHONE,Unspecified,BROOKLYN,,,,,,,,40.61518800796273,-74.0055901020585,"(40.61518800796273, -74.0055901020585)"
30163017,03/12/2015 10:47:00 PM,03/13/2015 12:00:00 PM,DSNY,Department of Sanitation,Dirty Conditions,E8 Canine Violation,Sidewalk,10467,,,,,EAST 207 STREET,PERRY AVENUE,INTERSECTION,BRONX,,N/A,Closed,,The Department of Sanitation investigated this complaint and found no violation at the location.,03/13/2015 12:00:00 PM,07 BRONX,,BRONX,1018407,258270,PHONE,Unspecified,BRONX,,,,,,,,40.875499742763246,-73.87648923718476,"(40.875499742763246, -73.87648923718476)"
30158367,03/12/2015 10:46:00 PM,03/13/2015 12:00:00 PM,DSNY,Department of Sanitation,Dirty Conditions,E8 Canine Violation,Sidewalk,10467,,,,,EAST 206 STREET,BAINBRIDGE AVENUE,INTERSECTION,BRONX,,N/A,Closed,,The Department of Sanitation investigated this complaint and found no violation at the location.,03/13/2015 12:00:00 PM,07 BRONX,,BRONX,1017587,258078,PHONE,Unspecified,BRONX,,,,,,,,40.874975897720226,-73.87945528600535,"(40.874975897720226, -73.87945528600535)"
30161820,03/12/2015 08:59:00 PM,03/13/2015 12:00:00 PM,DSNY,Department of Sanitation,Dirty Conditions,E8 Canine Violation,Sidewalk,,THROGS NECK EXPRESS,THROGS NECK EXPRESS,WAY OF THE FINEST,,,,ADDRESS,,,N/A,Closed,,The Department of Sanitation investigated this complaint and found no violation at the location.,03/13/2015 12:00:00 PM,10 BRONX,,BRONX,,,PHONE,Unspecified,BRONX,,,,,,,,,,
30158313,03/12/2015 08:56:00 PM,03/16/2015 12:00:00 PM,DSNY,Department of Sanitation,Dirty Conditions,E8 Canine Violation,Sidewalk,10022,339 EAST   57 STREET,EAST   57 STREET,,,,,ADDRESS,NEW YORK,,N/A,Closed,,The Department of Sanitation investigated this complaint and found no violation at the location.,03/16/2015 12:00:00 PM,06 MANHATTAN,1013500019,MANHATTAN,994243,215709,PHONE,Unspecified,MANHATTAN,,,,,,,,40.75874220880816,-73.96392894100212,"(40.75874220880816, -73.96392894100212)"
30164090,03/12/2015 08:44:00 PM,03/13/2015 12:00:00 PM,DSNY,Department of Sanitation,Dirty Conditions,E8 Canine Violation,Sidewalk,10454,,,,,CYPRESS AVENUE,EAST 135 STREET,INTERSECTION,BRONX,,N/A,Closed,,The Department of Sanitation investigated this complaint and found no violation at the location.,03/13/2015 12:00:00 PM,01 BRONX,,BRONX,1007539,232094,PHONE,Unspecified,BRONX,,,,,,,,40.80368964462,-73.91587848937573,"(40.80368964462, -73.91587848937573)"
30162944,03/12/2015 05:53:00 PM,03/14/2015 12:00:00 PM,DSNY,Department of Sanitation,Dirty Conditions,E8 Canine Violation,Sidewalk,10009,,,,,EAST 12 STREET,AVENUE A,INTERSECTION,NEW YORK,,N/A,Closed,,The Department of Sanitation investigated this complaint and found no violation at the location.,03/14/2015 12:00:00 PM,03 MANHATTAN,,MANHATTAN,989426,204903,PHONE,Unspecified,MANHATTAN,,,,,,,,40.72908657283171,-73.98132485642151,"(40.72908657283171, -73.98132485642151)"
30165387,03/12/2015 04:43:00 PM,03/13/2015 12:00:00 PM,DSNY,Department of Sanitation,Dirty Conditions,E8 Canine Violation,Sidewalk,11375,63-01 110 STREET,110 STREET,63 AVENUE,63 ROAD,,,ADDRESS,Forest Hills,,N/A,Closed,,The Department of Sanitation investigated this complaint and found no violation at the location.,03/13/2015 12:00:00 PM,06 QUEENS,,QUEENS,1026280,207296,ONLINE,Unspecified,QUEENS,,,,,,,,40.735556419597316,-73.84833985994496,"(40.735556419597316, -73.84833985994496)"
30159454,03/12/2015 03:36:00 PM,03/16/2015 12:00:00 PM,DSNY,Department of Sanitation,Dirty Conditions,E8 Canine Violation,Sidewalk,11238,388 SAINT MARKS AVENUE,SAINT MARKS AVENUE,GRAND AVENUE,CLASSON AVENUE,,,ADDRESS,BROOKLYN,,N/A,Closed,,The Department of Sanitation investigated this complaint and found no violation at the location.,03/16/2015 12:00:00 PM,08 BROOKLYN,3011550014,BROOKLYN,994813,185981,ONLINE,Unspecified,BROOKLYN,,,,,,,,40.67714533920554,-73.96191810121151,"(40.67714533920554, -73.96191810121151)"
30165210,03/12/2015 02:11:00 PM,03/16/2015 12:00:00 PM,DSNY,Department of Sanitation,Dirty Conditions,E8 Canine Violation,Sidewalk,11225,,,,,PRESIDENT STREET,BEDFORD AVENUE,INTERSECTION,BROOKLYN,,N/A,Closed,,The Department of Sanitation investigated this complaint and found no violation at the location.,03/16/2015 12:00:00 PM,09 BROOKLYN,,BROOKLYN,996482,182781,PHONE,Unspecified,BROOKLYN,,,,,,,,40.66835990947533,-73.95590680345242,"(40.66835990947533, -73.95590680345242)"
30162953,03/12/2015 01:49:00 PM,03/13/2015 12:00:00 PM,DSNY,Department of Sanitation,Dirty Conditions,E8 Canine Violation,Sidewalk,11355,138-01 BOOTH MEMORIAL AVENUE,BOOTH MEMORIAL AVENUE,138 STREET,MAIN STREET,,,ADDRESS,Flushing,,N/A,Closed,,The Department of Sanitation investigated this complaint and found no violation at the location.,03/13/2015 12:00:00 PM,07 QUEENS,4051330009,QUEENS,1032185,211389,PHONE,Unspecified,QUEENS,,,,,,,,40.746760631798864,-73.82700327044613,"(40.746760631798864, -73.82700327044613)"
30164258,03/12/2015 01:46:00 PM,03/13/2015 12:00:00 PM,DSNY,Department of Sanitation,Dirty Conditions,E8 Canine Violation,Sidewalk,10466,638 EAST  231 STREET,EAST  231 STREET,CARPENTER AVENUE,WHITE PLAINS ROAD,,,ADDRESS,BRONX,,N/A,Closed,,The Department of Sanitation investigated this complaint and found no violation at the location.,03/13/2015 12:00:00 PM,12 BRONX,2048330058,BRONX,1022937,264528,PHONE,Unspecified,BRONX,,,,,,,,40.89265728093548,-73.8600727623032,"(40.89265728093548, -73.8600727623032)"
30159462,03/12/2015 01:43:00 PM,03/13/2015 12:00:00 PM,DSNY,Department of Sanitation,Dirty Conditions,E8 Canine Violation,Sidewalk,10466,4045 BRONXWOOD AVENUE,BRONXWOOD AVENUE,EAST 227 STREET,EAST 228 STREET,,,ADDRESS,BRONX,,N/A,Closed,,The Department of Sanitation investigated this complaint and found no violation at the location.,03/13/2015 12:00:00 PM,12 BRONX,2048520073,BRONX,1024720,262816,PHONE,Unspecified,BRONX,,,,,,,,40.88795039071319,-73.85363417727693,"(40.88795039071319, -73.85363417727693)"
30159412,03/12/2015 01:07:00 PM,03/13/2015 12:00:00 PM,DSNY,Department of Sanitation,Dirty Conditions,E8 Canine Violation,Sidewalk,10459,1000 SIMPSON STREET,SIMPSON STREET,FIRE ACCESS LANE,WESTCHESTER AVENUE,,,ADDRESS,BRONX,,N/A,Closed,,The Department of Sanitation investigated this complaint and found no violation at the location.,03/13/2015 12:00:00 PM,02 BRONX,2027240005,BRONX,1013889,239285,PHONE,Unspecified,BRONX,,,,,,,,40.82340789902129,-73.8929101075329,"(40.82340789902129, -73.8929101075329)"
30159509,03/12/2015 12:49:00 PM,03/13/2015 12:00:00 PM,DSNY,Department of Sanitation,Dirty Conditions,E8 Canine Violation,Sidewalk,10458,2722 VALENTINE AVENUE,VALENTINE AVENUE,BEND,EAST 196 STREET,,,ADDRESS,BRONX,,N/A,Closed,,The Department of Sanitation investigated this complaint and found no violation at the location.,03/13/2015 12:00:00 PM,07 BRONX,2033000039,BRONX,1014049,255134,PHONE,Unspecified,BRONX,,,,,,,,40.866908178924,-73.89226157403633,"(40.866908178924, -73.89226157403633)"
30164100,03/12/2015 12:48:00 PM,03/13/2015 12:00:00 PM,DSNY,Department of Sanitation,Dirty Conditions,E8 Canine Violation,Sidewalk,10458,230 EAST  196 STREET,EAST  196 STREET,VALENTINE AVENUE,BRIGGS AVENUE,,,ADDRESS,BRONX,,N/A,Closed,,The Department of Sanitation investigated this complaint and found no violation at the location.,03/13/2015 12:00:00 PM,07 BRONX,2033000044,BRONX,1014200,255298,PHONE,Unspecified,BRONX,,,,,,,,40.86735779766085,-73.89171490039635,"(40.86735779766085, -73.89171490039635)"
30162954,03/12/2015 12:45:00 PM,03/13/2015 12:00:00 PM,DSNY,Department of Sanitation,Dirty Conditions,E8 Canine Violation,Sidewalk,10458,2726 VALENTINE AVENUE,VALENTINE AVENUE,BEND,EAST 196 STREET,,,ADDRESS,BRONX,,N/A,Closed,,The Department of Sanitation investigated this complaint and found no violation at the location.,03/13/2015 12:00:00 PM,07 BRONX,2033000043,BRONX,1014063,255154,PHONE,Unspecified,BRONX,,,,,,,,40.86696302552884,-73.89221086804282,"(40.86696302552884, -73.89221086804282)"
30161821,03/12/2015 12:32:00 PM,03/14/2015 12:00:00 PM,DSNY,Department of Sanitation,Dirty Conditions,E8 Canine Violation,Sidewalk,10461,1959 LURTING AVENUE,LURTING AVENUE,RHINELANDER AVENUE,NEILL AVENUE,,,ADDRESS,BRONX,,N/A,Closed,,The Department of Sanitation investigated this complaint and found no violation at the location.,03/14/2015 12:00:00 PM,11 BRONX,2042700010,BRONX,1024019,249801,PHONE,Unspecified,BRONX,,,,,,,,40.852231429237285,-73.8562466905928,"(40.852231429237285, -73.8562466905928)"
30160697,03/12/2015 12:03:00 PM,03/13/2015 12:00:00 PM,DSNY,Department of Sanitation,Dirty Conditions,E8 Canine Violation,Sidewalk,10460,,,,,BRONX PARK SOUTH,BOSTON ROAD,INTERSECTION,BRONX,,N/A,Closed,,The Department of Sanitation investigated this complaint and found no violation at the location.,03/13/2015 12:00:00 PM,06 BRONX,,BRONX,1018188,246790,PHONE,Unspecified,BRONX,,,,,,,,40.843991469372455,-73.87733926159268,"(40.843991469372455, -73.87733926159268)"
30159461,03/12/2015 12:02:00 PM,04/14/2015 12:00:00 PM,DSNY,Department of Sanitation,Dirty Conditions,E8 Canine Violation,Sidewalk,11209,,,,,COLONIAL ROAD,89 STREET,INTERSECTION,BROOKLYN,,N/A,Closed,,The Department of Sanitation investigated this complaint and found no violation at the location.,04/14/2015 12:00:00 PM,10 BROOKLYN,,BROOKLYN,973900,166122,PHONE,Unspecified,BROOKLYN,,,,,,,,40.62263695364652,-74.03728351483547,"(40.62263695364652, -74.03728351483547)"
30158288,03/12/2015 11:59:00 AM,03/25/2015 12:00:00 PM,DSNY,Department of Sanitation,Dirty Conditions,E8 Canine Violation,Sidewalk,11209,,,,,89 STREET,RIDGE BOULEVARD,INTERSECTION,BROOKLYN,,N/A,Closed,,The Department of Sanitation investigated this complaint and found no violation at the location.,03/25/2015 12:00:00 PM,10 BROOKLYN,,BROOKLYN,974645,165890,PHONE,Unspecified,BROOKLYN,,,,,,,,40.6220010011673,-74.03459949241295,"(40.6220010011673, -74.03459949241295)"
30163138,03/12/2015 11:53:00 AM,04/14/2015 12:00:00 PM,DSNY,Department of Sanitation,Dirty Conditions,E8 Canine Violation,Sidewalk,11204,,,,,66 STREET,16 AVENUE,INTERSECTION,BROOKLYN,,N/A,Closed,,The Department of Sanitation investigated this complaint and found no violation at the location.,04/14/2015 12:00:00 PM,11 BROOKLYN,,BROOKLYN,985486,165666,PHONE,Unspecified,BROOKLYN,,,,,,,,40.62139128831046,-73.99554767507716,"(40.62139128831046, -73.99554767507716)"
30160598,03/12/2015 11:37:00 AM,03/13/2015 12:00:00 PM,DSNY,Department of Sanitation,Dirty Conditions,E8 Canine Violation,Sidewalk,11385,59-28 SUMMERFIELD STREET,SUMMERFIELD STREET,FOREST AVENUE,MYRTLE AVENUE,,,ADDRESS,Ridgewood,,N/A,Closed,,The Department of Sanitation investigated this complaint and found no violation at the location.,03/13/2015 12:00:00 PM,05 QUEENS,4035890016,QUEENS,1012647,194216,PHONE,Unspecified,QUEENS,,,,,,,,40.69970926241428,-73.89758800551874,"(40.69970926241428, -73.89758800551874)"
30164101,03/12/2015 11:35:00 AM,03/16/2015 12:00:00 PM,DSNY,Department of Sanitation,Dirty Conditions,E8 Canine Violation,Sidewalk,10034,664 WEST  204 STREET,WEST  204 STREET,BROADWAY,COOPER STREET,,,ADDRESS,NEW YORK,,N/A,Closed,,The Department of Sanitation investigated this complaint and found no violation at the location.,03/16/2015 12:00:00 PM,12 MANHATTAN,1022380023,MANHATTAN,1005475,255244,PHONE,Unspecified,MANHATTAN,,,,,,,,40.86723487532049,-73.92326054426601,"(40.86723487532049, -73.92326054426601)"
30163014,03/12/2015 11:25:00 AM,03/13/2015 12:00:00 PM,DSNY,Department of Sanitation,Dirty Conditions,E8 Canine Violation,Sidewalk,10469,,,,,GRACE AVENUE,ARNOW AVENUE,INTERSECTION,BRONX,,N/A,Closed,,The Department of Sanitation investigated this complaint and found no violation at the location.,03/13/2015 12:00:00 PM,12 BRONX,,BRONX,1029912,256239,ONLINE,Unspecified,BRONX,,,,,,,,40.869873258532415,-73.83490140465021,"(40.869873258532415, -73.83490140465021)"
30165391,03/12/2015 11:14:00 AM,04/15/2015 12:00:00 PM,DSNY,Department of Sanitation,Dirty Conditions,E8 Canine Violation,Sidewalk,11208,,,,,CHESTNUT STREET,JAMAICA AVENUE,INTERSECTION,BROOKLYN,,N/A,Closed,,The Department of Sanitation investigated this complaint and found no violation at the location.,04/15/2015 12:00:00 PM,05 BROOKLYN,,BROOKLYN,1018450,189989,PHONE,Unspecified,BROOKLYN,,,,,,,,40.68808661328516,-73.87668133724688,"(40.68808661328516, -73.87668133724688)"
30161755,03/12/2015 11:05:00 AM,03/13/2015 12:00:00 PM,DSNY,Department of Sanitation,Dirty Conditions,E8 Canine Violation,Sidewalk,10456,,,,,COLLEGE AVENUE,EAST 169 STREET,INTERSECTION,BRONX,,N/A,Closed,,The Department of Sanitation investigated this complaint and found no violation at the location.,03/13/2015 12:00:00 PM,04 BRONX,,BRONX,1008585,243507,PHONE,Unspecified,BRONX,,,,,,,,40.8350122801366,-73.91205887969507,"(40.8350122801366, -73.91205887969507)"
30158274,03/12/2015 10:32:00 AM,03/13/2015 12:00:00 PM,DSNY,Department of Sanitation,Dirty Conditions,E8 Canine Violation,Sidewalk,11385,60-63 METROPOLITAN AVENUE,METROPOLITAN AVENUE,60 PLACE,60 LANE,,,ADDRESS,Ridgewood,,N/A,Closed,,The Department of Sanitation investigated this complaint and found no violation at the location.,03/13/2015 12:00:00 PM,05 QUEENS,4027370082,QUEENS,1011085,198986,MOBILE,Unspecified,QUEENS,,,,,,,,40.71280665374388,-73.90320224602493,"(40.71280665374388, -73.90320224602493)"
30164102,03/12/2015 10:18:00 AM,03/13/2015 12:00:00 PM,DSNY,Department of Sanitation,Dirty Conditions,E8 Canine Violation,Sidewalk,10469,3220 YATES AVENUE,YATES AVENUE,BURKE AVENUE,BOSTON ROAD,,,ADDRESS,BRONX,,N/A,Closed,,The Department of Sanitation investigated this complaint and found no violation at the location.,03/13/2015 12:00:00 PM,11 BRONX,2046150017,BRONX,1024478,256940,PHONE,Unspecified,BRONX,,,,,,,,40.871823724093616,-73.85454469294743,"(40.871823724093616, -73.85454469294743)"
30164215,03/12/2015 09:25:00 AM,03/13/2015 12:00:00 PM,DSNY,Department of Sanitation,Dirty Conditions,E8 Canine Violation,Sidewalk,10467,653 BRITTON STREET,BRITTON STREET,BARKER AVENUE,OLINVILLE AVENUE,,,ADDRESS,BRONX,,N/A,Closed,,The Department of Sanitation investigated this complaint and found no violation at the location.,03/13/2015 12:00:00 PM,11 BRONX,2045070038,BRONX,1020488,255035,PHONE,Unspecified,BRONX,,,,,,,,40.86661236922668,-73.86898190596257,"(40.86661236922668, -73.86898190596257)"
30161819,03/12/2015 09:24:00 AM,04/14/2015 12:00:00 PM,DSNY,Department of Sanitation,Dirty Conditions,E8 Canine Violation,Sidewalk,11209,619 BAY RIDGE PARKWAY,BAY RIDGE PARKWAY,6 AVENUE,7 AVENUE,,,ADDRESS,BROOKLYN,,N/A,Closed,,The Department of Sanitation investigated this complaint and found no violation at the location.,04/14/2015 12:00:00 PM,10 BROOKLYN,3059320079,BROOKLYN,978790,167967,ONLINE,Unspecified,BROOKLYN,,,,,,,,40.62770545491341,-74.01966989818271,"(40.62770545491341, -74.01966989818271)"
30158314,03/12/2015 09:15:00 AM,03/13/2015 12:00:00 PM,DSNY,Department of Sanitation,Dirty Conditions,E8 Canine Violation,Sidewalk,10467,3133 ROCHAMBEAU AVENUE,ROCHAMBEAU AVENUE,BEND,EAST 206 STREET,,,ADDRESS,BRONX,,N/A,Closed,,The Department of Sanitation investigated this complaint and found no violation at the location.,03/13/2015 12:00:00 PM,07 BRONX,2033350016,BRONX,1017343,257793,PHONE,Unspecified,BRONX,,,,,,,,40.87419457941515,-73.88033898291802,"(40.87419457941515, -73.88033898291802)"
30164091,03/12/2015 09:00:00 AM,04/11/2015 12:00:00 PM,DSNY,Department of Sanitation,Dirty Conditions,E8 Canine Violation,Sidewalk,11208,670 LINWOOD STREET,LINWOOD STREET,BLAKE AVENUE,DUMONT AVENUE,,,ADDRESS,BROOKLYN,,N/A,Closed,,The Department of Sanitation investigated this complaint and found no violation at the location.,04/11/2015 12:00:00 PM,05 BROOKLYN,3040660032,BROOKLYN,1017174,182985,PHONE,Unspecified,BROOKLYN,,,,,,,,40.66886707450181,-73.88131656110457,"(40.66886707450181, -73.88131656110457)"
30157168,03/12/2015 08:54:00 AM,03/14/2015 12:00:00 PM,DSNY,Department of Sanitation,Dirty Conditions,E8 Canine Violation,Sidewalk,10468,165 WEST  197 STREET,WEST  197 STREET,WEBB AVENUE,SEDGWICK AVENUE,,,ADDRESS,BRONX,,N/A,Closed,,The Department of Sanitation investigated this complaint and found no violation at the location.,03/14/2015 12:00:00 PM,08 BRONX,2032500001,BRONX,1011397,257153,PHONE,Unspecified,BRONX,,,,,,,,40.872458267974395,-73.90184170442664,"(40.872458267974395, -73.90184170442664)"
30160640,03/12/2015 08:30:00 AM,04/14/2015 12:00:00 PM,DSNY,Department of Sanitation,Dirty Conditions,E8 Canine Violation,Sidewalk,11235,1075 OCEAN VIEW AVENUE,OCEAN VIEW AVENUE,BRIGHTON 12 STREET,BRIGHTON 13 STREET,,,ADDRESS,BROOKLYN,,N/A,Closed,,The Department of Sanitation investigated this complaint and found no violation at the location.,04/14/2015 12:00:00 PM,13 BROOKLYN,3087120056,BROOKLYN,996381,150493,PHONE,Unspecified,BROOKLYN,,,,,,,,40.57973626711056,-73.95632890777222,"(40.57973626711056, -73.95632890777222)"
30165209,03/12/2015 08:28:00 AM,04/14/2015 12:00:00 PM,DSNY,Department of Sanitation,Dirty Conditions,E8 Canine Violation,Sidewalk,11235,1125 BANNER AVENUE,BANNER AVENUE,EAST 11 STREET,EAST 12 STREET,,,ADDRESS,BROOKLYN,,N/A,Closed,,The Department of Sanitation investigated this complaint and found no violation at the location.,04/14/2015 12:00:00 PM,15 BROOKLYN,3087630013,BROOKLYN,995762,151922,PHONE,Unspecified,BROOKLYN,,,,,,,,40.58365941438503,-73.95855484756338,"(40.58365941438503, -73.95855484756338)"
30157186,03/12/2015 08:21:00 AM,03/14/2015 12:00:00 PM,DSNY,Department of Sanitation,Dirty Conditions,E8 Canine Violation,Sidewalk,10457,,,,,TIEBOUT AVENUE,EAST 183 STREET,INTERSECTION,BRONX,,N/A,Closed,,The Department of Sanitation investigated this complaint and found no violation at the location.,03/14/2015 12:00:00 PM,05 BRONX,,BRONX,1012658,251344,PHONE,Unspecified,BRONX,,,,,,,,40.856510364972,-73.89730680062401,"(40.856510364972, -73.89730680062401)"
30158366,03/12/2015 08:14:00 AM,04/11/2015 12:00:00 PM,DSNY,Department of Sanitation,Dirty Conditions,E8 Canine Violation,Sidewalk,11221,204 CORNELIA STREET,CORNELIA STREET,CENTRAL AVENUE,WILSON AVENUE,,,ADDRESS,BROOKLYN,,N/A,Closed,,The Department of Sanitation investigated this complaint and found no violation at the location.,04/11/2015 12:00:00 PM,04 BROOKLYN,3033830020,BROOKLYN,1008292,191562,PHONE,Unspecified,BROOKLYN,,,,,,,,40.69243755595633,-73.91330350098683,"(40.69243755595633, -73.91330350098683)"
30158287,03/12/2015 02:07:00 AM,03/16/2015 12:00:00 PM,DSNY,Department of Sanitation,Dirty Conditions,E8 Canine Violation,Sidewalk,11216,,,,,ST MARKS AVENUE,NOSTRAND AVENUE,INTERSECTION,BROOKLYN,,N/A,Closed,,The Department of Sanitation investigated this complaint and found no violation at the location.,03/16/2015 12:00:00 PM,08 BROOKLYN,,BROOKLYN,998119,185275,PHONE,Unspecified,BROOKLYN,,,,,,,,40.675202966483255,-73.95000071152533,"(40.675202966483255, -73.95000071152533)"
30160691,03/12/2015 01:05:00 AM,03/13/2015 12:00:00 PM,DSNY,Department of Sanitation,Dirty Conditions,E8 Canine Violation,Sidewalk,11102,,,,,25 ROAD,21 STREET,INTERSECTION,Astoria,,N/A,Closed,,The Department of Sanitation investigated this complaint and found no violation at the location.,03/13/2015 12:00:00 PM,01 QUEENS,,QUEENS,1005165,221293,ONLINE,Unspecified,QUEENS,,,,,,,,40.77404974694307,-73.92448717215332,"(40.77404974694307, -73.92448717215332)"
30151512,03/11/2015 11:20:00 PM,03/19/2015 12:00:00 PM,DSNY,Department of Sanitation,Dirty Conditions,E8 Canine Violation,Sidewalk,11207,450 SCHENCK AVENUE,SCHENCK AVENUE,SUTTER AVENUE,BLAKE AVENUE,,,ADDRESS,BROOKLYN,,N/A,Closed,,The Department of Sanitation investigated this complaint and found no violation at the location.,03/19/2015 12:00:00 PM,05 BROOKLYN,3040430001,BROOKLYN,1015409,183276,ONLINE,Unspecified,BROOKLYN,,,,,,,,40.669672191685734,-73.88767762744894,"(40.669672191685734, -73.88767762744894)"
30156106,03/11/2015 11:06:00 PM,03/12/2015 12:00:00 PM,DSNY,Department of Sanitation,Dirty Conditions,E8 Canine Violation,Sidewalk,10458,728 EAST  187 STREET,EAST  187 STREET,CROTONA AVENUE,PROSPECT AVENUE,,,ADDRESS,BRONX,,N/A,Closed,,The Department of Sanitation investigated this complaint and found no violation at the location.,03/12/2015 12:00:00 PM,06 BRONX,2031020029,BRONX,1016500,250376,ONLINE,Unspecified,BRONX,,,,,,,,40.85384029773944,-73.88342287567336,"(40.85384029773944, -73.88342287567336)"
30152707,03/11/2015 09:57:00 PM,03/12/2015 12:00:00 PM,DSNY,Department of Sanitation,Dirty Conditions,E8 Canine Violation,Sidewalk,10301,290 GLEN AVENUE,GLEN AVENUE,STANLEY AVENUE,BEND,,,ADDRESS,STATEN ISLAND,,N/A,Closed,,The Department of Sanitation investigated this complaint and found no violation at the location.,03/12/2015 12:00:00 PM,01 STATEN ISLAND,5001190055,STATEN ISLAND,959081,170314,ONLINE,Unspecified,STATEN ISLAND,,,,,,,,40.6341133986462,-74.09068118853196,"(40.6341133986462, -74.09068118853196)"
30150321,03/11/2015 09:39:00 PM,03/12/2015 12:00:00 PM,DSNY,Department of Sanitation,Dirty Conditions,E8 Canine Violation,Sidewalk,,,,,,RENSSELAER AVENUE,VERNON AVENUE,INTERSECTION,,,N/A,Closed,,The Department of Sanitation investigated this complaint and found no violation at the location.,03/12/2015 12:00:00 PM,03 STATEN ISLAND,,STATEN ISLAND,,,PHONE,Unspecified,STATEN ISLAND,,,,,,,,,,
30154740,03/11/2015 09:37:00 PM,03/25/2015 12:00:00 PM,DSNY,Department of Sanitation,Dirty Conditions,E8 Canine Violation,Sidewalk,11691,13-29 DINSMORE AVENUE,DINSMORE AVENUE,NEILSON STREET,BAYPORT PLACE,,,ADDRESS,Far Rockaway,,N/A,Closed,,The Department of Sanitation investigated this complaint and found no violation at the location.,03/25/2015 12:00:00 PM,14 QUEENS,4155560030,QUEENS,1054046,159702,PHONE,Unspecified,QUEENS,,,,,,,,40.60474656449881,-73.74864286174586,"(40.60474656449881, -73.74864286174586)"
30152496,03/11/2015 06:38:00 PM,03/12/2015 12:00:00 PM,DSNY,Department of Sanitation,Dirty Conditions,E8 Canine Violation,Sidewalk,10461,,,,,PARKVIEW AVENUE,BUHRE AVENUE,INTERSECTION,BRONX,,N/A,Closed,,The Department of Sanitation investigated this complaint and found no violation at the location.,03/12/2015 12:00:00 PM,10 BRONX,,BRONX,1031602,248380,PHONE,Unspecified,BRONX,,,,,,,,40.84829380021413,-73.82884646253129,"(40.84829380021413, -73.82884646253129)"
30155903,03/11/2015 06:37:00 PM,03/13/2015 12:00:00 PM,DSNY,Department of Sanitation,Dirty Conditions,E8 Canine Violation,Sidewalk,10458,3034 GRAND CONCOURSE,GRAND CONCOURSE,EAST 202 STREET,EAST 203 STREET,,,ADDRESS,BRONX,,N/A,Closed,,The Department of Sanitation investigated this complaint and found no violation at the location.,03/13/2015 12:00:00 PM,07 BRONX,2033080001,BRONX,1015539,257668,PHONE,Unspecified,BRONX,,,,,,,,40.873858072616734,-73.88686264491717,"(40.873858072616734, -73.88686264491717)"
30152497,03/11/2015 05:51:00 PM,03/13/2015 12:00:00 PM,DSNY,Department of Sanitation,Dirty Conditions,E8 Canine Violation,Sidewalk,10451,,,,,EAST 159 STREET,ELTON AVENUE,INTERSECTION,BRONX,,N/A,Closed,,The Department of Sanitation investigated this complaint and found no violation at the location.,03/13/2015 12:00:00 PM,01 BRONX,,BRONX,1008363,238927,PHONE,Unspecified,BRONX,,,,,,,,40.822442104778624,-73.91287759770292,"(40.822442104778624, -73.91287759770292)"
30147928,03/11/2015 05:48:00 PM,03/13/2015 12:00:00 PM,DSNY,Department of Sanitation,Dirty Conditions,E8 Canine Violation,Sidewalk,11377,,,,,32 AVENUE,61 STREET,INTERSECTION,Woodside,,N/A,Closed,,The Department of Sanitation investigated this complaint and found no violation at the location.,03/13/2015 12:00:00 PM,01 QUEENS,,QUEENS,1011509,214729,PHONE,Unspecified,QUEENS,,,,,,,,40.756015987090066,-73.90160903293582,"(40.756015987090066, -73.90160903293582)"
30154741,03/11/2015 05:35:00 PM,03/12/2015 12:00:00 PM,DSNY,Department of Sanitation,Dirty Conditions,E8 Canine Violation,Sidewalk,10461,1551 WILLIAMSBRIDGE ROAD,WILLIAMSBRIDGE ROAD,SACKETT AVENUE,,,,ADDRESS,BRONX,,N/A,Closed,,The Department of Sanitation investigated this complaint and found no violation at the location.,03/12/2015 12:00:00 PM,11 BRONX,2040870033,BRONX,1026354,247504,PHONE,Unspecified,BRONX,,,,,,,,40.84591602617172,-73.84782078912282,"(40.84591602617172, -73.84782078912282)"
30154916,03/11/2015 05:31:00 PM,03/12/2015 12:00:00 PM,DSNY,Department of Sanitation,Dirty Conditions,E8 Canine Violation,Sidewalk,,,,,,HOLLAND AVENUE,PELHAM PARKWAY,INTERSECTION,,,N/A,Closed,,The Department of Sanitation investigated this complaint and found no violation at the location.,03/12/2015 12:00:00 PM,11 BRONX,,BRONX,,,PHONE,Unspecified,BRONX,,,,,,,,,,
30147941,03/11/2015 05:19:00 PM,03/14/2015 12:00:00 PM,DSNY,Department of Sanitation,Dirty Conditions,E8 Canine Violation,Sidewalk,10460,,,,,EAST 179 STREET,HONEYWELL AVENUE,INTERSECTION,BRONX,,N/A,Closed,,The Department of Sanitation investigated this complaint and found no violation at the location.,03/14/2015 12:00:00 PM,06 BRONX,,BRONX,1016516,246741,PHONE,Unspecified,BRONX,,,,,,,,40.843863246651146,-73.88338253189656,"(40.843863246651146, -73.88338253189656)"
30147943,03/11/2015 04:57:00 PM,03/12/2015 12:00:00 PM,DSNY,Department of Sanitation,Dirty Conditions,E8 Canine Violation,Sidewalk,10031,450 WEST  147 STREET,WEST  147 STREET,CONVENT AVENUE,AMSTERDAM AVENUE,,,ADDRESS,NEW YORK,,N/A,Closed,,The Department of Sanitation investigated this complaint and found no violation at the location.,03/12/2015 12:00:00 PM,09 MANHATTAN,1020610051,MANHATTAN,999298,240247,ONLINE,Unspecified,MANHATTAN,,,,,,,,40.82608522387625,-73.94562727339391,"(40.82608522387625, -73.94562727339391)"
30154924,03/11/2015 04:54:00 PM,03/12/2015 12:00:00 PM,DSNY,Department of Sanitation,Dirty Conditions,E8 Canine Violation,Sidewalk,10467,,,,,ARNOW AVENUE,BARKER AVENUE,INTERSECTION,BRONX,,N/A,Closed,,The Department of Sanitation investigated this complaint and found no violation at the location.,03/12/2015 12:00:00 PM,11 BRONX,,BRONX,1020414,255514,ONLINE,Unspecified,BRONX,,,,,,,,40.867927380505186,-73.86924686673781,"(40.867927380505186, -73.86924686673781)"
30156188,03/11/2015 04:40:00 PM,03/14/2015 12:00:00 PM,DSNY,Department of Sanitation,Dirty Conditions,E8 Canine Violation,Sidewalk,11230,,,,,AVENUE I,EAST 13 STREET,INTERSECTION,BROOKLYN,,N/A,Closed,,The Department of Sanitation investigated this complaint and found no violation at the location.,03/14/2015 12:00:00 PM,14 BROOKLYN,,BROOKLYN,994326,167845,PHONE,Unspecified,BROOKLYN,,,,,,,,40.62736654295198,-73.96370093559298,"(40.62736654295198, -73.96370093559298)"
30153723,03/11/2015 04:33:00 PM,03/12/2015 12:00:00 PM,DSNY,Department of Sanitation,Dirty Conditions,E8 Canine Violation,Sidewalk,10473,,,,,BRUCKNER BOULEVARD,WARD AVENUE,INTERSECTION,BRONX,,N/A,Closed,,The Department of Sanitation investigated this complaint and found no violation at the location.,03/12/2015 12:00:00 PM,09 BRONX,,BRONX,1018510,239538,PHONE,Unspecified,BRONX,,,,,,,,40.8240855971261,-73.87621251091896,"(40.8240855971261, -73.87621251091896)"
30149114,03/11/2015 04:23:00 PM,03/19/2015 12:00:00 PM,DSNY,Department of Sanitation,Dirty Conditions,E8 Canine Violation,Sidewalk,,,,,,NEW LOTS AVENUE,MONTAUK AVENUE,INTERSECTION,,,N/A,Closed,,The Department of Sanitation investigated this complaint and found no violation at the location.,03/19/2015 12:00:00 PM,05 BROOKLYN,,BROOKLYN,,,PHONE,Unspecified,BROOKLYN,,,,,,,,,,
30151504,03/11/2015 04:13:00 PM,03/13/2015 12:00:00 PM,DSNY,Department of Sanitation,Dirty Conditions,E8 Canine Violation,Sidewalk,10459,,,,,SIMPSON STREET,WESTCHESTER AVENUE,INTERSECTION,BRONX,,N/A,Closed,,The Department of Sanitation investigated this complaint and found no violation at the location.,03/13/2015 12:00:00 PM,02 BRONX,,BRONX,1013878,239551,PHONE,Unspecified,BRONX,,,,,,,,40.824138029930246,-73.89294867750611,"(40.824138029930246, -73.89294867750611)"
30147930,03/11/2015 04:13:00 PM,03/23/2015 12:00:00 PM,DSNY,Department of Sanitation,Dirty Conditions,E8 Canine Violation,Sidewalk,11210,,,,,AVENUE K,EAST 43 STREET,INTERSECTION,BROOKLYN,,N/A,Closed,,The Department of Sanitation investigated this complaint and found no violation at the location.,03/23/2015 12:00:00 PM,18 BROOKLYN,,BROOKLYN,1002456,167312,ONLINE,Unspecified,BROOKLYN,,,,,,,,40.625890592666764,-73.93441383534511,"(40.625890592666764, -73.93441383534511)"
30150325,03/11/2015 04:09:00 PM,03/19/2015 12:00:00 PM,DSNY,Department of Sanitation,Dirty Conditions,E8 Canine Violation,Sidewalk,11208,648 SAPPHIRE STREET,SAPPHIRE STREET,COZINE AVENUE,,,,ADDRESS,BROOKLYN,,N/A,Closed,,The Department of Sanitation investigated this complaint and found no violation at the location.,03/19/2015 12:00:00 PM,05 BROOKLYN,3045580092,BROOKLYN,1024244,181377,ONLINE,Unspecified,BROOKLYN,,,,,,,,40.664424362985315,-73.85584042029555,"(40.664424362985315, -73.85584042029555)"
30150215,03/11/2015 04:04:00 PM,03/14/2015 12:00:00 PM,DSNY,Department of Sanitation,Dirty Conditions,E8 Canine Violation,Sidewalk,11226,,,,,LINDEN BOULEVARD,BEDFORD AVENUE,INTERSECTION,BROOKLYN,,N/A,Closed,,The Department of Sanitation investigated this complaint and found no violation at the location.,03/14/2015 12:00:00 PM,14 BROOKLYN,,BROOKLYN,996456,176935,PHONE,Unspecified,BROOKLYN,,,,,,,,40.65231396566228,-73.95601110914542,"(40.65231396566228, -73.95601110914542)"
30147917,03/11/2015 04:01:00 PM,03/14/2015 12:00:00 PM,DSNY,Department of Sanitation,Dirty Conditions,E8 Canine Violation,Sidewalk,11230,1394 EAST    2 STREET,EAST    2 STREET,AVENUE M,AVENUE N,,,ADDRESS,BROOKLYN,,N/A,Closed,,The Department of Sanitation investigated this complaint and found no violation at the location.,03/14/2015 12:00:00 PM,12 BROOKLYN,3065640021,BROOKLYN,991690,163575,ONLINE,Unspecified,BROOKLYN,,,,,,,,40.615648890250256,-73.9732019026488,"(40.615648890250256, -73.9732019026488)"
30147942,03/11/2015 03:13:00 PM,03/12/2015 12:00:00 PM,DSNY,Department of Sanitation,Dirty Conditions,E8 Canine Violation,Sidewalk,11205,100 CLERMONT AVENUE,CLERMONT AVENUE,PARK AVENUE,MYRTLE AVENUE,,,ADDRESS,BROOKLYN,,N/A,Closed,,The Department of Sanitation investigated this complaint and found no violation at the location.,03/12/2015 12:00:00 PM,02 BROOKLYN,3020450011,BROOKLYN,992246,192351,PHONE,Unspecified,BROOKLYN,,,,,,,,40.694632221727076,-73.97116513084602,"(40.694632221727076, -73.97116513084602)"
30151333,03/11/2015 02:40:00 PM,03/13/2015 12:00:00 PM,DSNY,Department of Sanitation,Dirty Conditions,E8 Canine Violation,Sidewalk,11416,,,,,95 AVENUE,86 STREET,INTERSECTION,Ozone Park,,N/A,Closed,,The Department of Sanitation investigated this complaint and found no violation at the location.,03/13/2015 12:00:00 PM,09 QUEENS,,QUEENS,1024447,188853,PHONE,Unspecified,QUEENS,,,,,,,,40.68494335321917,-73.8550641155299,"(40.68494335321917, -73.8550641155299)"
30149115,03/11/2015 02:25:00 PM,03/13/2015 12:00:00 PM,DSNY,Department of Sanitation,Dirty Conditions,E8 Canine Violation,Sidewalk,10468,,,,,CLAFLIN AVENUE,WEST 197 STREET,INTERSECTION,BRONX,,N/A,Closed,,The Department of Sanitation investigated this complaint and found no violation at the location.,03/13/2015 12:00:00 PM,08 BRONX,,BRONX,1011896,257036,PHONE,Unspecified,BRONX,,,,,,,,40.872135590238855,-73.90003790136451,"(40.872135590238855, -73.90003790136451)"
30151334,03/11/2015 02:16:00 PM,03/19/2015 12:00:00 PM,DSNY,Department of Sanitation,Dirty Conditions,E8 Canine Violation,Sidewalk,11208,61 RICHMOND STREET,RICHMOND STREET,ETNA STREET,RIDGEWOOD AVENUE,,,ADDRESS,BROOKLYN,,N/A,Closed,,The Department of Sanitation investigated this complaint and found no violation at the location.,03/19/2015 12:00:00 PM,05 BROOKLYN,3041150022,BROOKLYN,1018248,189099,PHONE,Unspecified,BROOKLYN,,,,,,,,40.68564454782875,-73.87741420067253,"(40.68564454782875, -73.87741420067253)"
30153737,03/11/2015 02:05:00 PM,03/13/2015 12:00:00 PM,DSNY,Department of Sanitation,Dirty Conditions,E8 Canine Violation,Sidewalk,11372,,,,,74 STREET,35 AVENUE,INTERSECTION,Jackson Heights,,N/A,Closed,,The Department of Sanitation investigated this complaint and found no violation at the location.,03/13/2015 12:00:00 PM,03 QUEENS,,QUEENS,1014140,212906,ONLINE,Unspecified,QUEENS,,,,,,,,40.7510038157022,-73.89212058922647,"(40.7510038157022, -73.89212058922647)"
30149126,03/11/2015 01:41:00 PM,03/12/2015 12:00:00 PM,DSNY,Department of Sanitation,Dirty Conditions,E8 Canine Violation,Sidewalk,10026,,,,,WEST 114 STREET,LENOX AVENUE,INTERSECTION,NEW YORK,,N/A,Closed,,The Department of Sanitation investigated this complaint and found no violation at the location.,03/12/2015 12:00:00 PM,10 MANHATTAN,,MANHATTAN,997917,231005,ONLINE,Unspecified,MANHATTAN,,,,,,,,40.80072076114824,-73.95063603877118,"(40.80072076114824, -73.95063603877118)"
30152595,03/11/2015 01:40:00 PM,03/12/2015 12:00:00 PM,DSNY,Department of Sanitation,Dirty Conditions,E8 Canine Violation,Sidewalk,10303,20 NOAH COURT,NOAH COURT,BEND,DEAD END,,,ADDRESS,STATEN ISLAND,,N/A,Closed,,The Department of Sanitation investigated this complaint and found no violation at the location.,03/12/2015 12:00:00 PM,01 STATEN ISLAND,5011880232,STATEN ISLAND,941535,170672,PHONE,Unspecified,STATEN ISLAND,,,,,,,,40.63502879771693,-74.15389969415712,"(40.63502879771693, -74.15389969415712)"
30151428,03/11/2015 01:33:00 PM,03/12/2015 12:00:00 PM,DSNY,Department of Sanitation,Dirty Conditions,E8 Canine Violation,Sidewalk,10468,,,,,EAST KINGSBRIDGE ROAD,MORRIS AVENUE,INTERSECTION,BRONX,,N/A,Closed,,The Department of Sanitation investigated this complaint and found no violation at the location.,03/12/2015 12:00:00 PM,07 BRONX,,BRONX,1012928,255180,PHONE,Unspecified,BRONX,,,,,,,,40.867038147919395,-73.89631435413959,"(40.867038147919395, -73.89631435413959)"
30150323,03/11/2015 01:09:00 PM,03/12/2015 12:00:00 PM,DSNY,Department of Sanitation,Dirty Conditions,E8 Canine Violation,Sidewalk,10472,1135 EVERGREEN AVENUE,EVERGREEN AVENUE,WATSON AVENUE,WESTCHESTER AVENUE,,,ADDRESS,BRONX,,N/A,Closed,,The Department of Sanitation investigated this complaint and found no violation at the location.,03/12/2015 12:00:00 PM,09 BRONX,2037370066,BRONX,1017272,240533,PHONE,Unspecified,BRONX,,,,,,,,40.82682130164821,-73.88068072301039,"(40.82682130164821, -73.88068072301039)"
30150322,03/11/2015 01:00:00 PM,03/13/2015 12:00:00 PM,DSNY,Department of Sanitation,Dirty Conditions,E8 Canine Violation,Sidewalk,11385,,,,,CYPRESS AVENUE,JEFFERSON AVENUE,INTERSECTION,Ridgewood,,N/A,Closed,,The Department of Sanitation investigated this complaint and found no violation at the location.,03/13/2015 12:00:00 PM,05 QUEENS,,QUEENS,1010455,194210,PHONE,Unspecified,QUEENS,,,,,,,,40.69969955640519,-73.90549333260816,"(40.69969955640519, -73.90549333260816)"
30149062,03/11/2015 12:50:00 PM,03/13/2015 12:00:00 PM,DSNY,Department of Sanitation,Dirty Conditions,E8 Canine Violation,Sidewalk,11105,18-29 21 ROAD,21 ROAD,SHORE BOULEVARD,19 STREET,,,ADDRESS,Astoria,,N/A,Closed,,The Department of Sanitation investigated this complaint and found no violation at the location.,03/13/2015 12:00:00 PM,01 QUEENS,4008960254,QUEENS,1007047,224616,PHONE,Unspecified,QUEENS,,,,,,,,40.78316584754994,-73.91768101050255,"(40.78316584754994, -73.91768101050255)"
30152607,03/11/2015 12:38:00 PM,03/14/2015 12:00:00 PM,DSNY,Department of Sanitation,Dirty Conditions,E8 Canine Violation,Sidewalk,10466,,,,,BRONX BOULEVARD,EAST 228 STREET,INTERSECTION,BRONX,,N/A,Closed,,The Department of Sanitation investigated this complaint and found no violation at the location.,03/14/2015 12:00:00 PM,12 BRONX,,BRONX,1022118,263964,PHONE,Unspecified,BRONX,,,,,,,,40.89111283415373,-73.8630381928551,"(40.89111283415373, -73.8630381928551)"
30156189,03/11/2015 12:30:00 PM,03/12/2015 12:00:00 PM,DSNY,Department of Sanitation,Dirty Conditions,E8 Canine Violation,Sidewalk,10458,2382 WEBSTER AVENUE,WEBSTER AVENUE,EAST 184 STREET,EAST 187 STREET,,,ADDRESS,BRONX,,N/A,Closed,,The Department of Sanitation investigated this complaint and found no violation at the location.,03/12/2015 12:00:00 PM,06 BRONX,2030310038,BRONX,1013485,251958,PHONE,Unspecified,BRONX,,,,,,,,40.85819291013477,-73.89431457067663,"(40.85819291013477, -73.89431457067663)"
30149063,03/11/2015 12:14:00 PM,03/19/2015 12:00:00 PM,DSNY,Department of Sanitation,Dirty Conditions,E8 Canine Violation,Sidewalk,11207,,,,,JEROME STREET,LIBERTY AVENUE,INTERSECTION,BROOKLYN,,N/A,Closed,,The Department of Sanitation investigated this complaint and found no violation at the location.,03/19/2015 12:00:00 PM,05 BROOKLYN,,BROOKLYN,1015491,185493,PHONE,Unspecified,BROOKLYN,,,,,,,,40.675757065237114,-73.88737175754538,"(40.675757065237114, -73.88737175754538)"
30153734,03/11/2015 11:56:00 AM,03/12/2015 12:00:00 PM,DSNY,Department of Sanitation,Dirty Conditions,E8 Canine Violation,Sidewalk,10459,1148 WEST FARMS ROAD,WEST FARMS ROAD,EAST 167 STREET,BRYANT AVENUE,,,ADDRESS,BRONX,,N/A,Closed,,The Department of Sanitation investigated this complaint and found no violation at the location.,03/12/2015 12:00:00 PM,03 BRONX,2027540008,BRONX,1014891,240809,PHONE,Unspecified,BRONX,,,,,,,,40.82758742317808,-73.88928278406505,"(40.82758742317808, -73.88928278406505)"
30154751,03/11/2015 11:55:00 AM,03/12/2015 12:00:00 PM,DSNY,Department of Sanitation,Dirty Conditions,E8 Canine Violation,Sidewalk,10460,1436 LELAND AVENUE,LELAND AVENUE,WOOD AVENUE,ARCHER STREET,,,ADDRESS,BRONX,,N/A,Closed,,The Department of Sanitation investigated this complaint and found no violation at the location.,03/12/2015 12:00:00 PM,09 BRONX,2039020014,BRONX,1021809,244025,ONLINE,Unspecified,BRONX,,,,,,,,40.83638769951017,-73.86426753280469,"(40.83638769951017, -73.86426753280469)"
30152608,03/11/2015 11:34:00 AM,03/25/2015 12:00:00 PM,DSNY,Department of Sanitation,Dirty Conditions,E8 Canine Violation,Sidewalk,11214,,,,,20 AVENUE,BATH AVENUE,INTERSECTION,BROOKLYN,,N/A,Closed,,The Department of Sanitation investigated this complaint and found no violation at the location.,03/25/2015 12:00:00 PM,11 BROOKLYN,,BROOKLYN,983821,158398,PHONE,Unspecified,BROOKLYN,,,,,,,,40.601442199617935,-74.00154488405673,"(40.601442199617935, -74.00154488405673)"
30150283,03/11/2015 11:30:00 AM,03/12/2015 12:00:00 PM,DSNY,Department of Sanitation,Dirty Conditions,E8 Canine Violation,Sidewalk,10023,,,,,WEST 73 STREET,WEST END AVENUE,INTERSECTION,NEW YORK,,N/A,Closed,,The Department of Sanitation investigated this complaint and found no violation at the location.,03/12/2015 12:00:00 PM,07 MANHATTAN,,MANHATTAN,988687,223631,PHONE,Unspecified,MANHATTAN,,,,,,,,40.780490570866654,-73.98397882923729,"(40.780490570866654, -73.98397882923729)"
30150304,03/11/2015 11:29:00 AM,03/31/2015 12:00:00 PM,DSNY,Department of Sanitation,Dirty Conditions,E8 Canine Violation,Sidewalk,11231,,,,,COLUMBIA STREET,DEGRAW STREET,INTERSECTION,BROOKLYN,,N/A,Closed,,The Department of Sanitation investigated this complaint and found no violation at the location.,03/31/2015 12:00:00 PM,06 BROOKLYN,,BROOKLYN,983596,189107,PHONE,Unspecified,BROOKLYN,,,,,,,,40.68573177675743,-74.00235811493253,"(40.68573177675743, -74.00235811493253)"
30152610,03/11/2015 11:26:00 AM,03/13/2015 12:00:00 PM,DSNY,Department of Sanitation,Dirty Conditions,E8 Canine Violation,Sidewalk,10463,3600 WALDO AVENUE,WALDO AVENUE,WEST 236 STREET,WEST 238 STREET,,,ADDRESS,BRONX,,N/A,Closed,,The Department of Sanitation investigated this complaint and found no violation at the location.,03/13/2015 12:00:00 PM,08 BRONX,2057690101,BRONX,1010348,262015,ONLINE,Unspecified,BRONX,,,,,,,,40.8858061062986,-73.90561574017173,"(40.8858061062986, -73.90561574017173)"
30152597,03/11/2015 11:22:00 AM,03/13/2015 12:00:00 PM,DSNY,Department of Sanitation,Dirty Conditions,E8 Canine Violation,Sidewalk,10459,1334 LOUIS NINE BOULEVARD,LOUIS NINE BOULEVARD,SOUTHERN BOULEVARD,INTERVALE AVENUE,,,ADDRESS,BRONX,,N/A,Closed,,The Department of Sanitation investigated this complaint and found no violation at the location.,03/13/2015 12:00:00 PM,03 BRONX,2029767501,BRONX,1014060,242212,ONLINE,Unspecified,BRONX,,,,,,,,40.831441097388094,-73.89227925582489,"(40.831441097388094, -73.89227925582489)"
30153626,03/11/2015 11:09:00 AM,03/13/2015 12:00:00 PM,DSNY,Department of Sanitation,Dirty Conditions,E8 Canine Violation,Sidewalk,11377,55-20 32 AVENUE,32 AVENUE,55 STREET,56 STREET,,,ADDRESS,Woodside,,N/A,Closed,,The Department of Sanitation investigated this complaint and found no violation at the location.,03/13/2015 12:00:00 PM,01 QUEENS,4011570010,QUEENS,1010313,214559,PHONE,Unspecified,QUEENS,,,,,,,,40.75555298696551,-73.90592663325543,"(40.75555298696551, -73.90592663325543)"
30147929,03/11/2015 11:06:00 AM,03/12/2015 12:00:00 PM,DSNY,Department of Sanitation,Dirty Conditions,E8 Canine Violation,Sidewalk,10458,,,,,EAST 187 STREET,PROSPECT AVENUE,INTERSECTION,BRONX,,N/A,Closed,,The Department of Sanitation investigated this complaint and found no violation at the location.,03/12/2015 12:00:00 PM,06 BRONX,,BRONX,1016691,250307,PHONE,Unspecified,BRONX,,,,,,,,40.853650213710026,-73.882732784638,"(40.853650213710026, -73.882732784638)"
30150324,03/11/2015 10:54:00 AM,03/23/2015 12:00:00 PM,DSNY,Department of Sanitation,Dirty Conditions,E8 Canine Violation,Sidewalk,11228,7323 10 AVENUE,10 AVENUE,73 STREET,74 STREET,,,ADDRESS,BROOKLYN,,N/A,Closed,,The Department of Sanitation investigated this complaint and found no violation at the location.,03/23/2015 12:00:00 PM,10 BROOKLYN,3059240001,BROOKLYN,980642,167082,PHONE,Unspecified,BROOKLYN,,,,,,,,40.62527726369822,-74.01299751105678,"(40.62527726369822, -74.01299751105678)"
30151413,03/11/2015 10:46:00 AM,03/14/2015 12:00:00 PM,DSNY,Department of Sanitation,Dirty Conditions,E8 Canine Violation,Sidewalk,11226,,,,,OCEAN AVENUE,CROOKE AVENUE,INTERSECTION,BROOKLYN,,N/A,Closed,,The Department of Sanitation investigated this complaint and found no violation at the location.,03/14/2015 12:00:00 PM,14 BROOKLYN,,BROOKLYN,994906,177247,PHONE,Unspecified,BROOKLYN,,,,,,,,40.65317233837311,-73.96159662073802,"(40.65317233837311, -73.96159662073802)"
30150216,03/11/2015 10:42:00 AM,03/14/2015 12:00:00 PM,DSNY,Department of Sanitation,Dirty Conditions,E8 Canine Violation,Sidewalk,11233,2214 DEAN STREET,DEAN STREET,SARATOGA AVENUE,THOMAS S BOYLAND STREET,,,ADDRESS,BROOKLYN,,N/A,Closed,,The Department of Sanitation investigated this complaint and found no violation at the location.,03/14/2015 12:00:00 PM,16 BROOKLYN,3014470036,BROOKLYN,1007940,185187,ONLINE,Unspecified,BROOKLYN,,,,,,,,40.67494059231497,-73.91459524064634,"(40.67494059231497, -73.91459524064634)"
30147966,03/11/2015 10:37:00 AM,03/13/2015 12:00:00 PM,DSNY,Department of Sanitation,Dirty Conditions,E8 Canine Violation,Sidewalk,10458,315 EAST  187 STREET,EAST  187 STREET,VALENTINE AVENUE,TIEBOUT AVENUE,,,ADDRESS,BRONX,,N/A,Closed,,The Department of Sanitation investigated this complaint and found no violation at the location.,03/13/2015 12:00:00 PM,05 BRONX,2031470070,BRONX,1012930,252571,PHONE,Unspecified,BRONX,,,,,,,,40.85987723033569,-73.8963182880383,"(40.85987723033569, -73.8963182880383)"
30154925,03/11/2015 10:31:00 AM,03/13/2015 12:00:00 PM,DSNY,Department of Sanitation,Dirty Conditions,E8 Canine Violation,Sidewalk,11373,,,,,ELMHURST AVENUE,FORLEY STREET,INTERSECTION,Elmhurst,,N/A,Closed,,The Department of Sanitation investigated this complaint and found no violation at the location.,03/13/2015 12:00:00 PM,04 QUEENS,,QUEENS,1018183,211169,ONLINE,Unspecified,QUEENS,,,,,,,,40.74622160201353,-73.87753731879098,"(40.74622160201353, -73.87753731879098)"
30147918,03/11/2015 10:22:00 AM,03/13/2015 12:00:00 PM,DSNY,Department of Sanitation,Dirty Conditions,E8 Canine Violation,Sidewalk,11416,97-25 97 STREET,97 STREET,97 AVENUE,99 AVENUE,,,ADDRESS,Ozone Park,,N/A,Closed,,The Department of Sanitation investigated this complaint and found no violation at the location.,03/13/2015 12:00:00 PM,09 QUEENS,,QUEENS,1027280,189373,ONLINE,Unspecified,QUEENS,,,,,,,,40.68635731283844,-73.8448460390313,"(40.68635731283844, -73.8448460390313)"
30154750,03/11/2015 10:18:00 AM,03/19/2015 12:00:00 PM,DSNY,Department of Sanitation,Dirty Conditions,E8 Canine Violation,Sidewalk,11207,37 ALABAMA AVENUE,ALABAMA AVENUE,BROADWAY,ATLANTIC AVENUE,,,ADDRESS,BROOKLYN,,N/A,Closed,,The Department of Sanitation investigated this complaint and found no violation at the location.,03/19/2015 12:00:00 PM,05 BROOKLYN,3036670003,BROOKLYN,1012040,185585,PHONE,Unspecified,BROOKLYN,,,,,,,,40.67602109058042,-73.899812711857,"(40.67602109058042, -73.899812711857)"
30149116,03/11/2015 10:07:00 AM,04/11/2015 12:00:00 PM,DSNY,Department of Sanitation,Dirty Conditions,E8 Canine Violation,Sidewalk,11208,,,,,ELTON STREET,WORTMAN AVENUE,INTERSECTION,BROOKLYN,,N/A,Closed,,The Department of Sanitation investigated this complaint and found no violation at the location.,04/11/2015 12:00:00 PM,05 BROOKLYN,,BROOKLYN,1018401,179903,PHONE,Unspecified,BROOKLYN,,,,,,,,40.66040302822731,-73.87690912587911,"(40.66040302822731, -73.87690912587911)"
30151513,03/11/2015 09:46:00 AM,03/13/2015 12:00:00 PM,DSNY,Department of Sanitation,Dirty Conditions,E8 Canine Violation,Sidewalk,11377,,,,,58 LANE,48 AVENUE,INTERSECTION,Woodside,,N/A,Closed,,The Department of Sanitation investigated this complaint and found no violation at the location.,03/13/2015 12:00:00 PM,02 QUEENS,,QUEENS,1009908,208385,ONLINE,Unspecified,QUEENS,,,,,,,,40.738608101774744,-73.9074120180763,"(40.738608101774744, -73.9074120180763)"
30154967,03/11/2015 09:46:00 AM,03/12/2015 12:00:00 PM,DSNY,Department of Sanitation,Dirty Conditions,E8 Canine Violation,Sidewalk,10467,,,,,EAST 208 STREET,EAST 210 STREET,INTERSECTION,BRONX,,N/A,Closed,,The Department of Sanitation investigated this complaint and found no violation at the location.,03/12/2015 12:00:00 PM,07 BRONX,,BRONX,1016691,260011,PHONE,Unspecified,BRONX,,,,,,,,40.88028471867152,-73.88268580679286,"(40.88028471867152, -73.88268580679286)"
30153711,03/11/2015 09:33:00 AM,03/16/2015 12:00:00 PM,DSNY,Department of Sanitation,Dirty Conditions,E8 Canine Violation,Sidewalk,11228,7121 14 AVENUE,14 AVENUE,71 STREET,72 STREET,,,ADDRESS,BROOKLYN,,N/A,Closed,,The Department of Sanitation investigated this complaint and found no violation at the location.,03/16/2015 12:00:00 PM,11 BROOKLYN,3061790001,BROOKLYN,983412,165555,PHONE,Unspecified,BROOKLYN,,,,,,,,40.621086663041886,-74.00301863370265,"(40.621086663041886, -74.00301863370265)"
30156102,03/11/2015 08:55:00 AM,03/12/2015 12:00:00 PM,DSNY,Department of Sanitation,Dirty Conditions,E8 Canine Violation,Sidewalk,10472,,,,,WATSON AVENUE,WHEELER AVENUE,INTERSECTION,BRONX,,N/A,Closed,,The Department of Sanitation investigated this complaint and found no violation at the location.,03/12/2015 12:00:00 PM,09 BRONX,,BRONX,1017599,240200,PHONE,Unspecified,BRONX,,,,,,,,40.82590608376135,-73.87950082181479,"(40.82590608376135, -73.87950082181479)"
30156101,03/11/2015 08:49:00 AM,03/12/2015 12:00:00 PM,DSNY,Department of Sanitation,Dirty Conditions,E8 Canine Violation,Sidewalk,10472,,,,,WATSON AVENUE,EVERGREEN AVENUE,INTERSECTION,BRONX,,N/A,Closed,,The Department of Sanitation investigated this complaint and found no violation at the location.,03/12/2015 12:00:00 PM,09 BRONX,,BRONX,1017343,240154,PHONE,Unspecified,BRONX,,,,,,,,40.825780789824776,-73.88042604648486,"(40.825780789824776, -73.88042604648486)"
30150284,03/11/2015 08:45:00 AM,03/13/2015 12:00:00 PM,DSNY,Department of Sanitation,Dirty Conditions,E8 Canine Violation,Sidewalk,10463,3800 WALDO AVENUE,WALDO AVENUE,WEST 238 STREET,DASH PLACE,,,ADDRESS,BRONX,,N/A,Closed,,The Department of Sanitation investigated this complaint and found no violation at the location.,03/13/2015 12:00:00 PM,08 BRONX,2057770772,BRONX,1010773,262500,PHONE,Unspecified,BRONX,,,,,,,,40.88713601118417,-73.90407679443132,"(40.88713601118417, -73.90407679443132)"
30156138,03/11/2015 08:42:00 AM,03/13/2015 12:00:00 PM,DSNY,Department of Sanitation,Dirty Conditions,E8 Canine Violation,Sidewalk,11368,,,,,34 AVENUE,102 STREET,INTERSECTION,Corona,,N/A,Closed,,The Department of Sanitation investigated this complaint and found no violation at the location.,03/13/2015 12:00:00 PM,03 QUEENS,,QUEENS,1021309,214629,PHONE,Unspecified,QUEENS,,,,,,,,40.755705868959424,-73.86623667327757,"(40.755705868959424, -73.86623667327757)"
30154968,03/11/2015 08:39:00 AM,03/12/2015 12:00:00 PM,DSNY,Department of Sanitation,Dirty Conditions,E8 Canine Violation,Sidewalk,10029,,,,,EAST 110 STREET,1 AVENUE,INTERSECTION,NEW YORK,,N/A,Closed,,The Department of Sanitation investigated this complaint and found no violation at the location.,03/12/2015 12:00:00 PM,11 MANHATTAN,,MANHATTAN,1001364,227898,PHONE,Unspecified,MANHATTAN,,,,,,,,40.79218688788816,-73.93819371001852,"(40.79218688788816, -73.93819371001852)"
30151510,03/11/2015 08:30:00 AM,03/12/2015 12:00:00 PM,DSNY,Department of Sanitation,Dirty Conditions,E8 Canine Violation,Sidewalk,10032,,,,,WEST 168 STREET,AMSTERDAM AVENUE,INTERSECTION,NEW YORK,,N/A,Closed,,The Department of Sanitation investigated this complaint and found no violation at the location.,03/12/2015 12:00:00 PM,12 MANHATTAN,,MANHATTAN,1001706,245270,PHONE,Unspecified,MANHATTAN,,,,,,,,40.8398674785978,-73.93691341258723,"(40.8398674785978, -73.93691341258723)"
30151429,03/11/2015 08:27:00 AM,03/12/2015 12:00:00 PM,DSNY,Department of Sanitation,Dirty Conditions,E8 Canine Violation,Sidewalk,10454,,,,,EAST 139 STREET,SAINT ANNS AVENUE,INTERSECTION,BRONX,,N/A,Closed,,The Department of Sanitation investigated this complaint and found no violation at the location.,03/12/2015 12:00:00 PM,01 BRONX,,BRONX,1007223,233484,PHONE,Unspecified,BRONX,,,,,,,,40.80750563722279,-73.9170151465656,"(40.80750563722279, -73.9170151465656)"
30152596,03/11/2015 08:27:00 AM,03/12/2015 12:00:00 PM,DSNY,Department of Sanitation,Dirty Conditions,E8 Canine Violation,Sidewalk,10467,2220 WALLACE AVENUE,WALLACE AVENUE,PELHAM PARKWAY,ASTOR AVENUE,,,ADDRESS,BRONX,,N/A,Closed,,The Department of Sanitation investigated this complaint and found no violation at the location.,03/12/2015 12:00:00 PM,11 BRONX,2043490001,BRONX,1021690,251996,PHONE,Unspecified,BRONX,,,,,,,,40.85826622529613,-73.8646530716545,"(40.85826622529613, -73.8646530716545)"
30149123,03/11/2015 08:17:00 AM,03/23/2015 12:00:00 PM,DSNY,Department of Sanitation,Dirty Conditions,E8 Canine Violation,Sidewalk,11219,4601 11 AVENUE,11 AVENUE,46 STREET,47 STREET,,,ADDRESS,BROOKLYN,,N/A,Closed,,The Department of Sanitation investigated this complaint and found no violation at the location.,03/23/2015 12:00:00 PM,12 BROOKLYN,3056210006,BROOKLYN,985675,172184,PHONE,Unspecified,BROOKLYN,,,,,,,,40.63928179346538,-73.99486548217033,"(40.63928179346538, -73.99486548217033)"
30151511,03/11/2015 08:16:00 AM,03/12/2015 12:00:00 PM,DSNY,Department of Sanitation,Dirty Conditions,E8 Canine Violation,Sidewalk,10040,69 FAIRVIEW AVENUE,FAIRVIEW AVENUE,BEND,BROADWAY TERRACE,,,ADDRESS,NEW YORK,,N/A,Closed,,The Department of Sanitation investigated this complaint and found no violation at the location.,03/12/2015 12:00:00 PM,12 MANHATTAN,1021700550,MANHATTAN,1003292,251515,PHONE,Unspecified,MANHATTAN,,,,,,,,40.857004877681696,-73.93116382021321,"(40.857004877681696, -73.93116382021321)"
30149064,03/11/2015 08:07:00 AM,03/12/2015 12:00:00 PM,DSNY,Department of Sanitation,Dirty Conditions,E8 Canine Violation,Sidewalk,10454,468 EAST  140 STREET,EAST  140 STREET,WILLIS AVENUE,BROOK AVENUE,,,ADDRESS,BRONX,,N/A,Closed,,The Department of Sanitation investigated this complaint and issued a Notice of Violation.,03/12/2015 12:00:00 PM,01 BRONX,2022840034,BRONX,1006423,234222,PHONE,Unspecified,BRONX,,,,,,,,40.80953328604291,-73.91990252939155,"(40.80953328604291, -73.91990252939155)"
30149066,03/11/2015 07:37:00 AM,03/19/2015 12:00:00 PM,DSNY,Department of Sanitation,Dirty Conditions,E8 Canine Violation,Sidewalk,11235,3030 EMMONS AVENUE,EMMONS AVENUE,LINCOLN TERRACE,LAKE AVENUE,,,ADDRESS,BROOKLYN,,N/A,Closed,,The Department of Sanitation investigated this complaint and found no violation at the location.,03/19/2015 12:00:00 PM,15 BROOKLYN,3088150042,BROOKLYN,1001503,152020,PHONE,Unspecified,BROOKLYN,,,,,,,,40.58391909025041,-73.9378860294872,"(40.58391909025041, -73.9378860294872)"
30155042,03/11/2015 07:20:00 AM,03/13/2015 12:00:00 PM,DSNY,Department of Sanitation,Dirty Conditions,E8 Canine Violation,Sidewalk,10474,,,,,MANIDA STREET,LAFAYETTE AVENUE,INTERSECTION,BRONX,,N/A,Closed,,The Department of Sanitation investigated this complaint and found no violation at the location.,03/13/2015 12:00:00 PM,02 BRONX,,BRONX,1014956,236797,PHONE,Unspecified,BRONX,,,,,,,,40.81657540118781,-73.88906627425912,"(40.81657540118781, -73.88906627425912)"
30153735,03/11/2015 07:15:00 AM,03/19/2015 12:00:00 PM,DSNY,Department of Sanitation,Dirty Conditions,E8 Canine Violation,Sidewalk,11208,24 DOSCHER STREET,DOSCHER STREET,LIBERTY AVENUE,GLENMORE AVENUE,,,ADDRESS,BROOKLYN,,N/A,Closed,,The Department of Sanitation investigated this complaint and found no violation at the location.,03/19/2015 12:00:00 PM,05 BROOKLYN,3041930027,BROOKLYN,1019439,185992,PHONE,Unspecified,BROOKLYN,,,,,,,,40.67711189298961,-73.8731360701831,"(40.67711189298961, -73.8731360701831)"
30149065,03/11/2015 04:55:00 AM,03/16/2015 12:00:00 PM,DSNY,Department of Sanitation,Dirty Conditions,E8 Canine Violation,Sidewalk,11205,,,,,DEKALB AVENUE,WASHINGTON AVENUE,INTERSECTION,BROOKLYN,,N/A,Closed,,The Department of Sanitation investigated this complaint and found no violation at the location.,03/16/2015 12:00:00 PM,02 BROOKLYN,,BROOKLYN,993642,190545,ONLINE,Unspecified,BROOKLYN,,,,,,,,40.689673797761074,-73.96613344747152,"(40.689673797761074, -73.96613344747152)"
30146878,03/10/2015 08:44:00 PM,03/12/2015 12:00:00 PM,DSNY,Department of Sanitation,Dirty Conditions,E8 Canine Violation,Sidewalk,11102,,,,,ASTORIA BOULEVARD,23 STREET,INTERSECTION,Astoria,,N/A,Closed,,The Department of Sanitation investigated this complaint and found no violation at the location.,03/12/2015 12:00:00 PM,01 QUEENS,,QUEENS,1005178,220465,ONLINE,Unspecified,QUEENS,,,,,,,,40.771777073594066,-73.92444281472862,"(40.771777073594066, -73.92444281472862)"
30146714,03/10/2015 08:10:00 PM,03/11/2015 12:00:00 PM,DSNY,Department of Sanitation,Dirty Conditions,E8 Canine Violation,Sidewalk,10462,725 BRADY AVENUE,BRADY AVENUE,CRUGER AVENUE,HOLLAND AVENUE,,,ADDRESS,BRONX,,N/A,Closed,,The Department of Sanitation investigated this complaint and found no violation at the location.,03/11/2015 12:00:00 PM,11 BRONX,2042880001,BRONX,1021150,249857,ONLINE,Unspecified,BRONX,,,,,,,,40.85239758899501,-73.86661696202331,"(40.85239758899501, -73.86661696202331)"
30139792,03/10/2015 07:49:00 PM,03/30/2015 12:00:00 PM,DSNY,Department of Sanitation,Dirty Conditions,E8 Canine Violation,Sidewalk,11215,285 23 STREET,23 STREET,5 AVENUE,6 AVENUE,,,ADDRESS,BROOKLYN,,N/A,Closed,,The Department of Sanitation investigated this complaint and found no violation at the location.,03/30/2015 12:00:00 PM,07 BROOKLYN,3008990047,BROOKLYN,986174,179485,ONLINE,Unspecified,BROOKLYN,,,,,,,,40.65932136044875,-73.99306541758595,"(40.65932136044875, -73.99306541758595)"
30138560,03/10/2015 07:32:00 PM,03/11/2015 12:00:00 PM,DSNY,Department of Sanitation,Dirty Conditions,E8 Canine Violation,Sidewalk,10455,610 TRINITY AVENUE,TRINITY AVENUE,EAST 149 STREET,PONTIAC PLACE,,,ADDRESS,BRONX,,N/A,Closed,,The Department of Sanitation investigated this complaint and issued a Notice of Violation.,03/11/2015 12:00:00 PM,01 BRONX,2026230151,BRONX,1009272,236056,ONLINE,Unspecified,BRONX,,,,,,,,40.814559493267296,-73.90960400717243,"(40.814559493267296, -73.90960400717243)"
30139750,03/10/2015 07:07:00 PM,03/11/2015 12:00:00 PM,DSNY,Department of Sanitation,Dirty Conditions,E8 Canine Violation,Sidewalk,10467,,,,,BARKER AVENUE,ROSEWOOD STREET,INTERSECTION,BRONX,,N/A,Closed,,The Department of Sanitation investigated this complaint and found no violation at the location.,03/11/2015 12:00:00 PM,12 BRONX,,BRONX,1020397,257457,PHONE,Unspecified,BRONX,,,,,,,,40.873260384871145,-73.8692978492653,"(40.873260384871145, -73.8692978492653)"
30139793,03/10/2015 06:48:00 PM,03/12/2015 12:00:00 PM,DSNY,Department of Sanitation,Dirty Conditions,E8 Canine Violation,Sidewalk,11356,116-10 14 ROAD,14 ROAD,116 STREET,117 STREET,,,ADDRESS,College Point,,N/A,Closed,,The Department of Sanitation investigated this complaint and found no violation at the location.,03/12/2015 12:00:00 PM,07 QUEENS,4040670027,QUEENS,1025501,225197,ONLINE,Unspecified,QUEENS,,,,,,,,40.78469367073369,-73.85104093992163,"(40.78469367073369, -73.85104093992163)"
30139794,03/10/2015 06:40:00 PM,03/30/2015 12:00:00 PM,DSNY,Department of Sanitation,Dirty Conditions,E8 Canine Violation,Sidewalk,11224,,,,,WEST 31 STREET,MERMAID AVENUE,INTERSECTION,BROOKLYN,,N/A,Closed,,The Department of Sanitation investigated this complaint and found no violation at the location.,03/30/2015 12:00:00 PM,13 BROOKLYN,,BROOKLYN,984945,148844,PHONE,Unspecified,BROOKLYN,,,,,,,,40.575218359426245,-73.99749819842759,"(40.575218359426245, -73.99749819842759)"
30144613,03/10/2015 06:34:00 PM,03/12/2015 12:00:00 PM,DSNY,Department of Sanitation,Dirty Conditions,E8 Canine Violation,Sidewalk,11423,91-61 193 STREET,193 STREET,JAMAICA AVENUE,WOODHULL AVENUE,,,ADDRESS,Hollis,,N/A,Closed,,The Department of Sanitation investigated this complaint and found no violation at the location.,03/12/2015 12:00:00 PM,12 QUEENS,4108210001,QUEENS,1048874,198702,ONLINE,Unspecified,QUEENS,,,,,,,,40.71183182753478,-73.76689499988953,"(40.71183182753478, -73.76689499988953)"
30142182,03/10/2015 06:29:00 PM,03/28/2015 12:00:00 PM,DSNY,Department of Sanitation,Dirty Conditions,E8 Canine Violation,Sidewalk,11213,,,,,STERLING PLACE,BUFFALO AVENUE,INTERSECTION,BROOKLYN,,N/A,Closed,,The Department of Sanitation investigated this complaint and found no violation at the location.,03/28/2015 12:00:00 PM,08 BROOKLYN,,BROOKLYN,1004964,183810,PHONE,Unspecified,BROOKLYN,,,,,,,,40.67116850157928,-73.92532823690183,"(40.67116850157928, -73.92532823690183)"
30145628,03/10/2015 06:24:00 PM,03/10/2015 06:24:00 PM,DSNY,Department of Sanitation,Dirty Conditions,E8 Canine Violation,Sidewalk,10030,,,,,FREDERICK DOUGLASS BOULEVARD,WEST 134 STREET,INTERSECTION,NEW YORK,,N/A,Closed,,The Department of Sanitation investigated this complaint and found no violation at the location.,03/10/2015 06:24:00 PM,10 MANHATTAN,,MANHATTAN,998911,236510,ONLINE,Unspecified,MANHATTAN,,,,,,,,40.8158288668102,-73.94703377928425,"(40.8158288668102, -73.94703377928425)"
30143441,03/10/2015 06:17:00 PM,03/12/2015 12:00:00 PM,DSNY,Department of Sanitation,Dirty Conditions,E8 Canine Violation,Sidewalk,11109,,,,,CENTER BOULEVARD,46 AVENUE,INTERSECTION,Long Island City,,N/A,Closed,,The Department of Sanitation investigated this complaint and found no violation at the location.,03/12/2015 12:00:00 PM,02 QUEENS,,QUEENS,996343,211650,ONLINE,Unspecified,QUEENS,,,,,,,,40.74759866156458,-73.95635601348401,"(40.74759866156458, -73.95635601348401)"
30139760,03/10/2015 06:02:00 PM,03/12/2015 12:00:00 PM,DSNY,Department of Sanitation,Dirty Conditions,E8 Canine Violation,Sidewalk,,16-80 JEFFERSON AVENUE,JEFFERSON AVENUE,WYCKOFF AVENUE,CYPRESS AVENUE,,,ADDRESS,QUEENS,,N/A,Closed,,The Department of Sanitation investigated this complaint and found no violation at the location.,03/12/2015 12:00:00 PM,05 QUEENS,4035480054,QUEENS,,,ONLINE,Unspecified,QUEENS,,,,,,,,,,
30138581,03/10/2015 05:26:00 PM,03/28/2015 12:00:00 PM,DSNY,Department of Sanitation,Dirty Conditions,E8 Canine Violation,Sidewalk,11214,,,,,BAY 19 STREET,86 STREET,INTERSECTION,BROOKLYN,,N/A,Closed,,The Department of Sanitation investigated this complaint and found no violation at the location.,03/28/2015 12:00:00 PM,11 BROOKLYN,,BROOKLYN,983715,160358,PHONE,Unspecified,BROOKLYN,,,,,,,,40.60682199451516,-74.0019267589104,"(40.60682199451516, -74.0019267589104)"
30146820,03/10/2015 05:21:00 PM,03/11/2015 12:00:00 PM,DSNY,Department of Sanitation,Dirty Conditions,E8 Canine Violation,Sidewalk,10454,450 EAST  140 STREET,EAST  140 STREET,WILLIS AVENUE,BROOK AVENUE,,,ADDRESS,BRONX,,N/A,Closed,,The Department of Sanitation investigated this complaint and found no violation at the location.,03/11/2015 12:00:00 PM,01 BRONX,2022840033,BRONX,1006311,234284,PHONE,Unspecified,BRONX,,,,,,,,40.80970373916075,-73.92030691282201,"(40.80970373916075, -73.92030691282201)"
30142107,03/10/2015 05:04:00 PM,03/10/2015 05:04:00 PM,DSNY,Department of Sanitation,Dirty Conditions,E8 Canine Violation,Sidewalk,10035,,,,,PARK AVENUE,EAST 118 STREET,INTERSECTION,NEW YORK,,N/A,Closed,,The Department of Sanitation investigated this complaint and found no violation at the location.,03/10/2015 05:04:00 PM,11 MANHATTAN,,MANHATTAN,1000233,230965,ONLINE,Unspecified,MANHATTAN,,,,,,,,40.80060708632093,-73.9422709548309,"(40.80060708632093, -73.9422709548309)"
30146881,03/10/2015 05:01:00 PM,03/12/2015 12:00:00 PM,DSNY,Department of Sanitation,Dirty Conditions,E8 Canine Violation,Sidewalk,11434,116-30 GUY R BREWER BOULEVARD,GUY R BREWER BOULEVARD,BEDELL STREET,FOCH BOULEVARD,,,ADDRESS,Jamaica,,N/A,Closed,,The Department of Sanitation investigated this complaint and found no violation at the location.,03/12/2015 12:00:00 PM,12 QUEENS,4122350022,QUEENS,1044125,189318,PHONE,Unspecified,QUEENS,,,,,,,,40.686108427994924,-73.78410845255219,"(40.686108427994924, -73.78410845255219)"
30139795,03/10/2015 04:55:00 PM,03/14/2015 12:00:00 PM,DSNY,Department of Sanitation,Dirty Conditions,E8 Canine Violation,Sidewalk,10453,1740 GRAND AVENUE,GRAND AVENUE,WEST 176 STREET,WEST TREMONT AVENUE,,,ADDRESS,BRONX,,N/A,Closed,,The Department of Sanitation investigated this complaint and found no violation at the location.,03/14/2015 12:00:00 PM,05 BRONX,2028670108,BRONX,1008178,248685,PHONE,Unspecified,BRONX,,,,,,,,40.84922548258086,-73.91351120825729,"(40.84922548258086, -73.91351120825729)"
30140985,03/10/2015 04:54:00 PM,03/28/2015 12:00:00 PM,DSNY,Department of Sanitation,Dirty Conditions,E8 Canine Violation,Sidewalk,11208,1320 SUTTER AVENUE,SUTTER AVENUE,CRESCENT STREET,HEMLOCK STREET,,,ADDRESS,BROOKLYN,,N/A,Closed,,The Department of Sanitation investigated this complaint and found no violation at the location.,03/28/2015 12:00:00 PM,05 BROOKLYN,3042680023,BROOKLYN,1020537,184559,PHONE,Unspecified,BROOKLYN,,,,,,,,40.67317420223481,-73.86918526444389,"(40.67317420223481, -73.86918526444389)"
30142090,03/10/2015 04:45:00 PM,03/11/2015 12:00:00 PM,DSNY,Department of Sanitation,Dirty Conditions,E8 Canine Violation,Sidewalk,10468,2665 GRAND CONCOURSE,GRAND CONCOURSE,EAST KINGSBRIDGE ROAD,EAST 196 STREET,,,ADDRESS,BRONX,,N/A,Closed,,The Department of Sanitation investigated this complaint and found no violation at the location.,03/11/2015 12:00:00 PM,07 BRONX,2033140065,BRONX,1013532,254953,PHONE,Unspecified,BRONX,,,,,,,,40.86641311943987,-73.89413157905763,"(40.86641311943987, -73.89413157905763)"
30138561,03/10/2015 04:33:00 PM,03/11/2015 12:00:00 PM,DSNY,Department of Sanitation,Dirty Conditions,E8 Canine Violation,Sidewalk,10468,165 WEST  197 STREET,WEST  197 STREET,WEBB AVENUE,SEDGWICK AVENUE,,,ADDRESS,BRONX,,N/A,Closed,,The Department of Sanitation investigated this complaint and found no violation at the location.,03/11/2015 12:00:00 PM,08 BRONX,2032500001,BRONX,1011397,257153,PHONE,Unspecified,BRONX,,,,,,,,40.872458267974395,-73.90184170442664,"(40.872458267974395, -73.90184170442664)"
30138603,03/10/2015 04:29:00 PM,03/31/2015 12:00:00 PM,DSNY,Department of Sanitation,Dirty Conditions,E8 Canine Violation,Sidewalk,11234,1749 EAST   37 STREET,EAST   37 STREET,QUENTIN ROAD,AVENUE R,,,ADDRESS,BROOKLYN,,N/A,Closed,,The Department of Sanitation investigated this complaint and found no violation at the location.,03/31/2015 12:00:00 PM,18 BROOKLYN,3077200023,BROOKLYN,1002265,163087,PHONE,Unspecified,BROOKLYN,,,,,,,,40.61429424095045,-73.9351131769448,"(40.61429424095045, -73.9351131769448)"
30146715,03/10/2015 04:15:00 PM,03/28/2015 12:00:00 PM,DSNY,Department of Sanitation,Dirty Conditions,E8 Canine Violation,Sidewalk,11238,388 ST MARKS AVENUE,ST MARKS AVENUE,GRAND AVENUE,CLASSON AVENUE,,,ADDRESS,BROOKLYN,,N/A,Closed,,The Department of Sanitation investigated this complaint and found no violation at the location.,03/28/2015 12:00:00 PM,08 BROOKLYN,3011550014,BROOKLYN,994813,185981,ONLINE,Unspecified,BROOKLYN,,,,,,,,40.67714533920554,-73.96191810121151,"(40.67714533920554, -73.96191810121151)"
30141014,03/10/2015 04:08:00 PM,03/12/2015 12:00:00 PM,DSNY,Department of Sanitation,Dirty Conditions,E8 Canine Violation,Sidewalk,11354,,,,,PARSONS BOULEVARD,33 AVENUE,INTERSECTION,Flushing,,N/A,Closed,,The Department of Sanitation investigated this complaint and found no violation at the location.,03/12/2015 12:00:00 PM,07 QUEENS,,QUEENS,1032943,219190,PHONE,Unspecified,QUEENS,,,,,,,,40.76816820079195,-73.82421116822047,"(40.76816820079195, -73.82421116822047)"
30142108,03/10/2015 03:32:00 PM,03/11/2015 12:00:00 PM,DSNY,Department of Sanitation,Dirty Conditions,E8 Canine Violation,Sidewalk,10461,3100 WILLOW LANE,WILLOW LANE,MAHAN AVENUE,BEND,,,ADDRESS,BRONX,,N/A,Closed,,The Department of Sanitation investigated this complaint and found no violation at the location.,03/11/2015 12:00:00 PM,10 BRONX,2041970010,BRONX,1031161,248708,ONLINE,Unspecified,BRONX,,,,,,,,40.84919641565477,-73.83043815567586,"(40.84919641565477, -73.83043815567586)"
30139751,03/10/2015 03:30:00 PM,03/11/2015 12:00:00 PM,DSNY,Department of Sanitation,Dirty Conditions,E8 Canine Violation,Sidewalk,10473,715 PUGLSEY AVENUE,PUGLSEY AVENUE,SEWARD AVENUE,HOMER AVENUE,,,ADDRESS,BRONX,,N/A,Closed,,The Department of Sanitation investigated this complaint and found no violation at the location.,03/11/2015 12:00:00 PM,09 BRONX,2036040039,BRONX,1024459,238289,PHONE,Unspecified,BRONX,,,,,,,,40.82063237271592,-73.85472523392188,"(40.82063237271592, -73.85472523392188)"
30142153,03/10/2015 03:26:00 PM,03/28/2015 12:00:00 PM,DSNY,Department of Sanitation,Dirty Conditions,E8 Canine Violation,Sidewalk,11204,,,,,71 STREET,19 AVENUE,INTERSECTION,BROOKLYN,,N/A,Closed,,The Department of Sanitation investigated this complaint and found no violation at the location.,03/28/2015 12:00:00 PM,11 BROOKLYN,,BROOKLYN,986583,163138,PHONE,Unspecified,BROOKLYN,,,,,,,,40.614452232139726,-73.99159693017708,"(40.614452232139726, -73.99159693017708)"
30138566,03/10/2015 03:25:00 PM,03/11/2015 12:00:00 PM,DSNY,Department of Sanitation,Dirty Conditions,E8 Canine Violation,Sidewalk,10301,161 YORK AVENUE,YORK AVENUE,BEND,PARK PLACE,,,ADDRESS,STATEN ISLAND,,N/A,Closed,,"The Department of Sanitation has investigated the complaint and addressed the issue. If the problem persists, call 311 to enter a new complaint. If you are outside of New York City, please call (212) NEW-YORK (212-639-9675).",03/11/2015 12:00:00 PM,01 STATEN ISLAND,5000520007,STATEN ISLAND,959935,173413,PHONE,Unspecified,STATEN ISLAND,,,,,,,,40.64262187299261,-74.08761548854497,"(40.64262187299261, -74.08761548854497)"
30138565,03/10/2015 03:07:00 PM,03/14/2015 12:00:00 PM,DSNY,Department of Sanitation,Dirty Conditions,E8 Canine Violation,Sidewalk,10461,1026 NEILL AVENUE,NEILL AVENUE,PAULDING AVENUE,HONE AVENUE,,,ADDRESS,BRONX,,N/A,Closed,,The Department of Sanitation investigated this complaint and found no violation at the location.,03/14/2015 12:00:00 PM,11 BRONX,2042690001,BRONX,1023427,249861,PHONE,Unspecified,BRONX,,,,,,,,40.852398757873345,-73.85838624315598,"(40.852398757873345, -73.85838624315598)"
30142183,03/10/2015 03:00:00 PM,03/13/2015 12:00:00 PM,DSNY,Department of Sanitation,Dirty Conditions,E8 Canine Violation,Sidewalk,11372,89-04 34 AVENUE,34 AVENUE,89 STREET,90 STREET,,,ADDRESS,Jackson Heights,,N/A,Closed,,The Department of Sanitation investigated this complaint and found no violation at the location.,03/13/2015 12:00:00 PM,03 QUEENS,4014500001,QUEENS,1017951,214157,PHONE,Unspecified,QUEENS,,,,,,,,40.75442378697727,-73.87835962095515,"(40.75442378697727, -73.87835962095515)"
30146882,03/10/2015 02:50:00 PM,03/28/2015 12:00:00 PM,DSNY,Department of Sanitation,Dirty Conditions,E8 Canine Violation,Sidewalk,11230,305 AVENUE J,AVENUE J,EAST 3 STREET,EAST 4 STREET,,,ADDRESS,BROOKLYN,,N/A,Closed,,The Department of Sanitation investigated this complaint and found no violation at the location.,03/28/2015 12:00:00 PM,12 BROOKLYN,3065160048,BROOKLYN,991620,166567,PHONE,Unspecified,BROOKLYN,,,,,,,,40.62386136574097,-73.97345076898394,"(40.62386136574097, -73.97345076898394)"
30142110,03/10/2015 02:16:00 PM,03/11/2015 12:00:00 PM,DSNY,Department of Sanitation,Dirty Conditions,E8 Canine Violation,Sidewalk,11385,,,,,68 AVENUE,65 PLACE,INTERSECTION,Ridgewood,,N/A,Closed,,The Department of Sanitation investigated this complaint and found no violation at the location.,03/11/2015 12:00:00 PM,05 QUEENS,,QUEENS,1014245,196655,PHONE,Unspecified,QUEENS,,,,,,,,40.70639846753214,-73.89181406121257,"(40.70639846753214, -73.89181406121257)"
30138567,03/10/2015 01:54:00 PM,03/11/2015 12:00:00 PM,DSNY,Department of Sanitation,Dirty Conditions,E8 Canine Violation,Sidewalk,10303,111 HARBOUR ROAD,HARBOUR ROAD,RICHMOND TERRACE,NYCTA SUBWAY,,,ADDRESS,STATEN ISLAND,,N/A,Closed,,"The Department of Sanitation has investigated the complaint and addressed the issue. If the problem persists, call 311 to enter a new complaint. If you are outside of New York City, please call (212) NEW-YORK (212-639-9675).",03/11/2015 12:00:00 PM,01 STATEN ISLAND,5012270003,STATEN ISLAND,939768,170519,PHONE,Unspecified,STATEN ISLAND,,,,,,,,40.63460014864857,-74.16026507129926,"(40.63460014864857, -74.16026507129926)"
30144494,03/10/2015 01:26:00 PM,03/12/2015 12:00:00 PM,DSNY,Department of Sanitation,Dirty Conditions,E8 Canine Violation,Sidewalk,11207,460 SCHENCK AVENUE,SCHENCK AVENUE,SUTTER AVENUE,BLAKE AVENUE,,,ADDRESS,BROOKLYN,,N/A,Closed,,The Department of Sanitation investigated this complaint and found no violation at the location.,03/12/2015 12:00:00 PM,05 BROOKLYN,3040430001,BROOKLYN,1015422,183208,ONLINE,Unspecified,BROOKLYN,,,,,,,,40.66948550126353,-73.88763107937642,"(40.66948550126353, -73.88763107937642)"
30142091,03/10/2015 12:29:00 PM,03/11/2015 12:00:00 PM,DSNY,Department of Sanitation,Dirty Conditions,E8 Canine Violation,Sidewalk,10467,,,,,BRONX BOULEVARD,EAST 216 STREET,INTERSECTION,BRONX,,N/A,Closed,,The Department of Sanitation investigated this complaint and found no violation at the location.,03/11/2015 12:00:00 PM,12 BRONX,,BRONX,1021013,260735,PHONE,Unspecified,BRONX,,,,,,,,40.8822549259408,-73.86705249962488,"(40.8822549259408, -73.86705249962488)"
30144447,03/10/2015 12:25:00 PM,03/11/2015 12:00:00 PM,DSNY,Department of Sanitation,Dirty Conditions,E8 Canine Violation,Sidewalk,10462,,,,,CRUGER AVENUE,LYDIG AVENUE,INTERSECTION,BRONX,,N/A,Closed,,The Department of Sanitation investigated this complaint and found no violation at the location.,03/11/2015 12:00:00 PM,11 BRONX,,BRONX,1021128,250615,PHONE,Unspecified,BRONX,,,,,,,,40.854478162982794,-73.86669231593315,"(40.854478162982794, -73.86669231593315)"
30139796,03/10/2015 12:21:00 PM,03/12/2015 12:00:00 PM,DSNY,Department of Sanitation,Dirty Conditions,E8 Canine Violation,Sidewalk,11415,,,,,BREVOORT STREET,BEVERLY ROAD,INTERSECTION,Kew Gardens,,N/A,Closed,,The Department of Sanitation investigated this complaint and found no violation at the location.,03/12/2015 12:00:00 PM,09 QUEENS,,QUEENS,1031678,196909,PHONE,Unspecified,QUEENS,,,,,,,,40.7070193671932,-73.82893507404532,"(40.7070193671932, -73.82893507404532)"
30143448,03/10/2015 11:54:00 AM,03/12/2015 12:00:00 PM,DSNY,Department of Sanitation,Dirty Conditions,E8 Canine Violation,Sidewalk,11212,,,,,EAST 95 STREET,RUTLAND ROAD,INTERSECTION,BROOKLYN,,N/A,Closed,,The Department of Sanitation investigated this complaint and found no violation at the location.,03/12/2015 12:00:00 PM,17 BROOKLYN,,BROOKLYN,1004940,180941,PHONE,Unspecified,BROOKLYN,,,,,,,,40.6632937941437,-73.9254235594002,"(40.6632937941437, -73.9254235594002)"
30146883,03/10/2015 11:50:00 AM,03/12/2015 12:00:00 PM,DSNY,Department of Sanitation,Dirty Conditions,E8 Canine Violation,Sidewalk,11418,123-02 HILLSIDE AVENUE,HILLSIDE AVENUE,123 STREET,124 STREET,,,ADDRESS,Richmond Hill,,N/A,Closed,,The Department of Sanitation investigated this complaint and found no violation at the location.,03/12/2015 12:00:00 PM,09 QUEENS,4092770050,QUEENS,1031995,195197,PHONE,Unspecified,QUEENS,,,,,,,,40.70231863431009,-73.82780384901068,"(40.70231863431009, -73.82780384901068)"
30140986,03/10/2015 11:38:00 AM,03/12/2015 12:00:00 PM,DSNY,Department of Sanitation,Dirty Conditions,E8 Canine Violation,Sidewalk,11369,31-21 87 STREET,87 STREET,31 AVENUE,32 AVENUE,,,ADDRESS,East Elmhurst,,N/A,Closed,,The Department of Sanitation investigated this complaint and found no violation at the location.,03/12/2015 12:00:00 PM,03 QUEENS,4013990048,QUEENS,1017136,215921,PHONE,Unspecified,QUEENS,,,,,,,,40.75926858141132,-73.88129264985247,"(40.75926858141132, -73.88129264985247)"
30138582,03/10/2015 11:03:00 AM,03/12/2015 12:00:00 PM,DSNY,Department of Sanitation,Dirty Conditions,E8 Canine Violation,Sidewalk,11230,629 WESTMINSTER ROAD,WESTMINSTER ROAD,NEWKIRK AVENUE,FOSTER AVENUE,,,ADDRESS,BROOKLYN,,N/A,Closed,,The Department of Sanitation investigated this complaint and found no violation at the location.,03/12/2015 12:00:00 PM,14 BROOKLYN,3052330040,BROOKLYN,993747,170057,PHONE,Unspecified,BROOKLYN,,,,,,,,40.63343865498546,-73.96578368595733,"(40.63343865498546, -73.96578368595733)"
30142184,03/10/2015 10:14:00 AM,03/28/2015 12:00:00 PM,DSNY,Department of Sanitation,Dirty Conditions,E8 Canine Violation,Sidewalk,11206,,,,,FLUSHING AVENUE,STANWIX STREET,INTERSECTION,BROOKLYN,,N/A,Closed,,The Department of Sanitation investigated this complaint and found no violation at the location.,03/28/2015 12:00:00 PM,04 BROOKLYN,,BROOKLYN,1002179,195155,PHONE,Unspecified,BROOKLYN,,,,,,,,40.7023139970388,-73.93533767162303,"(40.7023139970388, -73.93533767162303)"
30139797,03/10/2015 10:00:00 AM,03/11/2015 12:00:00 PM,DSNY,Department of Sanitation,Dirty Conditions,E8 Canine Violation,Sidewalk,10468,2830 MORRIS AVENUE,MORRIS AVENUE,PARKVIEW TERRACE,JEROME AVENUE,,,ADDRESS,BRONX,,N/A,Closed,,The Department of Sanitation investigated this complaint and found no violation at the location.,03/11/2015 12:00:00 PM,07 BRONX,2033180110,BRONX,1013656,256583,PHONE,Unspecified,BRONX,,,,,,,,40.87088655691919,-73.8936761071615,"(40.87088655691919, -73.8936761071615)"
30146784,03/10/2015 09:56:00 AM,03/12/2015 12:00:00 PM,DSNY,Department of Sanitation,Dirty Conditions,E8 Canine Violation,Sidewalk,11225,426 EASTERN PARKWAY,EASTERN PARKWAY,BEDFORD AVENUE,ROGERS AVENUE,,,ADDRESS,BROOKLYN,,N/A,Closed,,The Department of Sanitation investigated this complaint and found no violation at the location.,03/12/2015 12:00:00 PM,09 BROOKLYN,3012670016,BROOKLYN,996913,183402,ONLINE,Unspecified,BROOKLYN,,,,,,,,40.67006380965245,-73.95435199366135,"(40.67006380965245, -73.95435199366135)"
30146716,03/10/2015 09:21:00 AM,03/11/2015 12:00:00 PM,DSNY,Department of Sanitation,Dirty Conditions,E8 Canine Violation,Sidewalk,10457,2074 RYER AVENUE,RYER AVENUE,EAST BURNSIDE AVENUE,EAST 180 STREET,,,ADDRESS,BRONX,,N/A,Closed,,The Department of Sanitation investigated this complaint and found no violation at the location.,03/11/2015 12:00:00 PM,05 BRONX,2031490035,BRONX,1011635,249876,ONLINE,Unspecified,BRONX,,,,,,,,40.85248437749814,-73.90101087731652,"(40.85248437749814, -73.90101087731652)"
30146879,03/10/2015 09:15:00 AM,03/25/2015 12:00:00 PM,DSNY,Department of Sanitation,Dirty Conditions,E8 Canine Violation,Sidewalk,11209,7022 RIDGE BOULEVARD,RIDGE BOULEVARD,OVINGTON AVENUE,71 STREET,,,ADDRESS,BROOKLYN,,N/A,Closed,,The Department of Sanitation investigated this complaint and found no violation at the location.,03/25/2015 12:00:00 PM,10 BROOKLYN,3058850111,BROOKLYN,976152,170733,ONLINE,Unspecified,BROOKLYN,,,,,,,,40.63529552077808,-74.0291767315088,"(40.63529552077808, -74.0291767315088)"
30139804,03/10/2015 09:02:00 AM,03/12/2015 12:00:00 PM,DSNY,Department of Sanitation,Dirty Conditions,E8 Canine Violation,Sidewalk,11206,,,,,GEORGE STREET,CENTRAL AVENUE,INTERSECTION,BROOKLYN,,N/A,Closed,,The Department of Sanitation investigated this complaint and found no violation at the location.,03/12/2015 12:00:00 PM,04 BROOKLYN,,BROOKLYN,1003301,194886,PHONE,Unspecified,BROOKLYN,,,,,,,,40.701573310863985,-73.93129185422126,"(40.701573310863985, -73.93129185422126)"
30143317,03/10/2015 09:00:00 AM,03/11/2015 12:00:00 PM,DSNY,Department of Sanitation,Dirty Conditions,E8 Canine Violation,Sidewalk,10460,,,,,VAN NEST AVENUE,FILLMORE STREET,INTERSECTION,BRONX,,N/A,Closed,,The Department of Sanitation investigated this complaint and found no violation at the location.,03/11/2015 12:00:00 PM,11 BRONX,,BRONX,1020967,246404,PHONE,Unspecified,BRONX,,,,,,,,40.84292089560777,-73.86729736273637,"(40.84292089560777, -73.86729736273637)"
30146792,03/10/2015 08:45:00 AM,03/12/2015 12:00:00 PM,DSNY,Department of Sanitation,Dirty Conditions,E8 Canine Violation,Sidewalk,11691,29-44 BEACH CHANNEL DRIVE,BEACH CHANNEL DRIVE,HARTMAN LANE,BAY 32 STREET,,,ADDRESS,Far Rockaway,,N/A,Closed,,The Department of Sanitation investigated this complaint and found no violation at the location.,03/12/2015 12:00:00 PM,14 QUEENS,4157440007,QUEENS,1049724,157804,PHONE,Unspecified,QUEENS,,,,,,,,40.599569945561385,-73.76422605004294,"(40.599569945561385, -73.76422605004294)"
30143315,03/10/2015 08:33:00 AM,03/12/2015 12:00:00 PM,DSNY,Department of Sanitation,Dirty Conditions,E8 Canine Violation,Sidewalk,10314,161 LEWISTON STREET,LEWISTON STREET,FURNESS PLACE,BANGOR STREET,,,ADDRESS,STATEN ISLAND,,N/A,Closed,,The Department of Sanitation investigated this complaint and found no violation at the location.,03/12/2015 12:00:00 PM,02 STATEN ISLAND,5023900524,STATEN ISLAND,942209,152252,ONLINE,Unspecified,STATEN ISLAND,,,,,,,,40.58447298083885,-74.15135664363433,"(40.58447298083885, -74.15135664363433)"
30146821,03/10/2015 08:33:00 AM,03/10/2015 12:00:00 PM,DSNY,Department of Sanitation,Dirty Conditions,E8 Canine Violation,Sidewalk,10314,,,,,WARDWELL AVENUE,THE BOULEVARD,INTERSECTION,STATEN ISLAND,,N/A,Closed,,The Department of Sanitation investigated this complaint and found no violation at the location.,03/10/2015 12:00:00 PM,01 STATEN ISLAND,,STATEN ISLAND,947440,164676,PHONE,Unspecified,STATEN ISLAND,,,,,,,,40.61859756412663,-74.13259165332651,"(40.61859756412663, -74.13259165332651)"
30143316,03/10/2015 08:28:00 AM,03/28/2015 12:00:00 PM,DSNY,Department of Sanitation,Dirty Conditions,E8 Canine Violation,Sidewalk,11222,,,,,SUTTON STREET,NORMAN AVENUE,INTERSECTION,BROOKLYN,,N/A,Closed,,The Department of Sanitation investigated this complaint and found no violation at the location.,03/28/2015 12:00:00 PM,01 BROOKLYN,,BROOKLYN,1000591,204454,PHONE,Unspecified,BROOKLYN,,,,,,,,40.727840597878924,-73.94104234232847,"(40.727840597878924, -73.94104234232847)"
30138596,03/10/2015 08:25:00 AM,03/10/2015 12:00:00 PM,DSNY,Department of Sanitation,Dirty Conditions,E8 Canine Violation,Sidewalk,10024,,,,,WEST 86 STREET,COLUMBUS AVENUE,INTERSECTION,NEW YORK,,N/A,Closed,,The Department of Sanitation investigated this complaint and found no violation at the location.,03/10/2015 12:00:00 PM,07 MANHATTAN,,MANHATTAN,991956,225816,PHONE,Unspecified,MANHATTAN,,,,,,,,40.78648556883817,-73.97217258063515,"(40.78648556883817, -73.97217258063515)"
30139773,03/10/2015 08:11:00 AM,03/30/2015 12:00:00 PM,DSNY,Department of Sanitation,Dirty Conditions,E8 Canine Violation,Sidewalk,11237,404 WOODBINE STREET,WOODBINE STREET,IRVING AVENUE,RIDGEWOOD PLACE,,,ADDRESS,BROOKLYN,,N/A,Closed,,The Department of Sanitation investigated this complaint and found no violation at the location.,03/30/2015 12:00:00 PM,04 BROOKLYN,3033630014,BROOKLYN,1008874,193647,PHONE,Unspecified,BROOKLYN,,,,,,,,40.698158794076114,-73.91119716298469,"(40.698158794076114, -73.91119716298469)"
30146880,03/10/2015 08:05:00 AM,03/13/2015 12:00:00 PM,DSNY,Department of Sanitation,Dirty Conditions,E8 Canine Violation,Sidewalk,10456,250 EAST  164 STREET,EAST  164 STREET,GRANT AVENUE,MORRIS AVENUE,,,ADDRESS,BRONX,,N/A,Closed,,The Department of Sanitation investigated this complaint and found no violation at the location.,03/13/2015 12:00:00 PM,04 BRONX,2024460043,BRONX,1007035,241204,ONLINE,Unspecified,BRONX,,,,,,,,40.82869534468847,-73.91766804379088,"(40.82869534468847, -73.91766804379088)"
30141624,03/10/2015 07:42:00 AM,03/10/2015 12:00:00 PM,DSNY,Department of Sanitation,Dirty Conditions,E8 Canine Violation,Sidewalk,11385,75-21 MYRTLE AVENUE,MYRTLE AVENUE,75 STREET,76 STREET,,,ADDRESS,Ridgewood,,N/A,Closed,,The Department of Sanitation investigated this complaint and found no violation at the location.,03/10/2015 12:00:00 PM,05 QUEENS,4038250034,QUEENS,1019398,195265,PHONE,Unspecified,QUEENS,,,,,,,,40.70256427997334,-73.87323550464001,"(40.70256427997334, -73.87323550464001)"
30143361,03/10/2015 07:42:00 AM,03/12/2015 12:00:00 PM,DSNY,Department of Sanitation,Dirty Conditions,E8 Canine Violation,Sidewalk,11208,,,,,BLAKE AVENUE,MILFORD STREET,INTERSECTION,BROOKLYN,,N/A,Closed,,The Department of Sanitation investigated this complaint and found no violation at the location.,03/12/2015 12:00:00 PM,05 BROOKLYN,,BROOKLYN,1018618,183615,PHONE,Unspecified,BROOKLYN,,,,,,,,40.67059079428,-73.87610806843438,"(40.67059079428, -73.87610806843438)"
30129502,03/09/2015 07:04:00 PM,03/12/2015 12:00:00 PM,DSNY,Department of Sanitation,Dirty Conditions,E8 Canine Violation,Sidewalk,11368,108-73 53 AVENUE,53 AVENUE,CORONA AVENUE,111 STREET,,,ADDRESS,Corona,,N/A,Closed,,The Department of Sanitation investigated this complaint and found no violation at the location.,03/12/2015 12:00:00 PM,04 QUEENS,4020080047,QUEENS,1025107,210088,PHONE,Unspecified,QUEENS,,,,,,,,40.743225252201796,-73.85255552195348,"(40.743225252201796, -73.85255552195348)"
30130535,03/09/2015 06:49:00 PM,03/12/2015 12:00:00 PM,DSNY,Department of Sanitation,Dirty Conditions,E8 Canine Violation,Sidewalk,11421,,,,,91 AVENUE,92 STREET,INTERSECTION,Woodhaven,,N/A,Closed,,The Department of Sanitation investigated this complaint and found no violation at the location.,03/12/2015 12:00:00 PM,09 QUEENS,,QUEENS,1025449,190497,PHONE,Unspecified,QUEENS,,,,,,,,40.689451142656594,-73.85144121884969,"(40.689451142656594, -73.85144121884969)"
30129475,03/09/2015 06:33:00 PM,03/10/2015 12:00:00 PM,DSNY,Department of Sanitation,Dirty Conditions,E8 Canine Violation,Sidewalk,10467,,,,,ROCHAMBEAU AVENUE,EAST 212 STREET,INTERSECTION,BRONX,,N/A,Closed,,The Department of Sanitation investigated this complaint and found no violation at the location.,03/10/2015 12:00:00 PM,07 BRONX,,BRONX,1017827,261293,PHONE,Unspecified,BRONX,,,,,,,,40.88379915699117,-73.87857134552725,"(40.88379915699117, -73.87857134552725)"
30129501,03/09/2015 04:09:00 PM,03/12/2015 12:00:00 PM,DSNY,Department of Sanitation,Dirty Conditions,E8 Canine Violation,Sidewalk,11379,65-66 ADMIRAL AVENUE,ADMIRAL AVENUE,65 LANE,TERRACE COURT,,,ADDRESS,Middle Village,,N/A,Closed,,The Department of Sanitation investigated this complaint and found no violation at the location.,03/12/2015 12:00:00 PM,05 QUEENS,4036080192,QUEENS,1013628,198221,PHONE,Unspecified,QUEENS,,,,,,,,40.71069883374348,-73.89403262131246,"(40.71069883374348, -73.89403262131246)"
30129500,03/09/2015 04:03:00 PM,03/10/2015 12:00:00 PM,DSNY,Department of Sanitation,Dirty Conditions,E8 Canine Violation,Sidewalk,10009,435 EAST    9 STREET,EAST    9 STREET,1 AVENUE,AVENUE A,,,ADDRESS,NEW YORK,,N/A,Closed,,The Department of Sanitation investigated this complaint and found no violation at the location.,03/10/2015 12:00:00 PM,03 MANHATTAN,1004370035,MANHATTAN,988819,204371,PHONE,Unspecified,MANHATTAN,,,,,,,,40.727626697028455,-73.9835152894863,"(40.727626697028455, -73.9835152894863)"
30129493,03/09/2015 03:51:00 PM,03/10/2015 12:00:00 PM,DSNY,Department of Sanitation,Dirty Conditions,E8 Canine Violation,Sidewalk,10304,,,,,VAN DUZER STREET,HAMILTON STREET,INTERSECTION,STATEN ISLAND,,N/A,Closed,,The Department of Sanitation investigated this complaint and found no violation at the location.,03/10/2015 12:00:00 PM,01 STATEN ISLAND,,STATEN ISLAND,959864,163465,PHONE,Unspecified,STATEN ISLAND,,,,,,,,40.61531652843145,-74.08783538273782,"(40.61531652843145, -74.08783538273782)"
30136309,03/09/2015 03:11:00 PM,03/12/2015 12:00:00 PM,DSNY,Department of Sanitation,Dirty Conditions,E8 Canine Violation,Sidewalk,11358,36-16 169 STREET,169 STREET,CROCHERON AVENUE,DEPOT ROAD,,,ADDRESS,Flushing,,N/A,Closed,,The Department of Sanitation investigated this complaint and found no violation at the location.,03/12/2015 12:00:00 PM,07 QUEENS,4052950008,QUEENS,1040460,217162,ONLINE,Unspecified,QUEENS,,,,,,,,40.76255727959615,-73.79709075159383,"(40.76255727959615, -73.79709075159383)"
30137354,03/09/2015 02:48:00 PM,03/12/2015 12:00:00 PM,DSNY,Department of Sanitation,Dirty Conditions,E8 Canine Violation,Sidewalk,11417,110-42 107 STREET,107 STREET,MURIEL COURT,SUTTER AVENUE,,,ADDRESS,Ozone Park,,N/A,Closed,,The Department of Sanitation investigated this complaint and found no violation at the location.,03/12/2015 12:00:00 PM,10 QUEENS,4114810057,QUEENS,1030735,186133,PHONE,Unspecified,QUEENS,,,,,,,,40.677446794880744,-73.8324106701494,"(40.677446794880744, -73.8324106701494)"
30131686,03/09/2015 02:03:00 PM,03/11/2015 12:00:00 PM,DSNY,Department of Sanitation,Dirty Conditions,E8 Canine Violation,Sidewalk,11207,217 COZINE AVENUE,COZINE AVENUE,VERMONT STREET,VAN SICLEN AVENUE,,,ADDRESS,BROOKLYN,,N/A,Closed,,The Department of Sanitation investigated this complaint and found no violation at the location.,03/11/2015 12:00:00 PM,05 BROOKLYN,,BROOKLYN,1016442,178147,PHONE,Unspecified,BROOKLYN,,,,,,,,40.65559053713953,-73.88397834835911,"(40.65559053713953, -73.88397834835911)"
30132777,03/09/2015 12:42:00 PM,03/10/2015 12:00:00 PM,DSNY,Department of Sanitation,Dirty Conditions,E8 Canine Violation,Sidewalk,10460,1574 BEACH AVENUE,BEACH AVENUE,GUERLAIN STREET,EAST TREMONT AVENUE,,,ADDRESS,BRONX,,N/A,Closed,,The Department of Sanitation investigated this complaint and found no violation at the location.,03/10/2015 12:00:00 PM,09 BRONX,2039240007,BRONX,1020950,245177,PHONE,Unspecified,BRONX,,,,,,,,40.83955321308456,-73.86736551870723,"(40.83955321308456, -73.86736551870723)"
30130536,03/09/2015 12:31:00 PM,03/10/2015 12:00:00 PM,DSNY,Department of Sanitation,Dirty Conditions,E8 Canine Violation,Sidewalk,10453,2071 WALTON AVENUE,WALTON AVENUE,EAST BURNSIDE AVENUE,EAST 181 STREET,,,ADDRESS,BRONX,,N/A,Closed,,The Department of Sanitation investigated this complaint and found no violation at the location.,03/10/2015 12:00:00 PM,05 BRONX,2031790057,BRONX,1010267,250439,ONLINE,Unspecified,BRONX,,,,,,,,40.8540337812248,-73.9059536262348,"(40.8540337812248, -73.9059536262348)"
30131702,03/09/2015 12:10:00 PM,03/28/2015 12:00:00 PM,DSNY,Department of Sanitation,Dirty Conditions,E8 Canine Violation,Sidewalk,11206,243 HART STREET,HART STREET,THROOP AVENUE,MARCUS GARVEY BOULEVARD,,,ADDRESS,BROOKLYN,,N/A,Closed,,The Department of Sanitation investigated this complaint and found no violation at the location.,03/28/2015 12:00:00 PM,03 BROOKLYN,3017690058,BROOKLYN,1000497,192134,ONLINE,Unspecified,BROOKLYN,,,,,,,,40.69402530596613,-73.94141122046697,"(40.69402530596613, -73.94141122046697)"
30133961,03/09/2015 12:10:00 PM,03/10/2015 12:00:00 PM,DSNY,Department of Sanitation,Dirty Conditions,E8 Canine Violation,Sidewalk,10454,468 EAST  140 STREET,EAST  140 STREET,WILLIS AVENUE,BROOK AVENUE,,,ADDRESS,BRONX,,N/A,Closed,,The Department of Sanitation investigated this complaint and found no violation at the location.,03/10/2015 12:00:00 PM,01 BRONX,2022840034,BRONX,1006423,234222,ONLINE,Unspecified,BRONX,,,,,,,,40.80953328604291,-73.91990252939155,"(40.80953328604291, -73.91990252939155)"
30131701,03/09/2015 11:24:00 AM,03/11/2015 12:00:00 PM,DSNY,Department of Sanitation,Dirty Conditions,E8 Canine Violation,Sidewalk,11370,31-10 85 STREET,85 STREET,31 AVENUE,32 AVENUE,,,ADDRESS,East Elmhurst,,N/A,Closed,,The Department of Sanitation investigated this complaint and found no violation at the location.,03/11/2015 12:00:00 PM,03 QUEENS,,QUEENS,1016610,215889,PHONE,Unspecified,QUEENS,,,,,,,,40.7591826905113,-73.88319148391348,"(40.7591826905113, -73.88319148391348)"
30131687,03/09/2015 10:11:00 AM,03/10/2015 12:00:00 PM,DSNY,Department of Sanitation,Dirty Conditions,E8 Canine Violation,Sidewalk,10462,2270 NEWBOLD AVENUE,NEWBOLD AVENUE,CASTLE HILL AVENUE,HAVEMEYER AVENUE,,,ADDRESS,BRONX,,N/A,Closed,,The Department of Sanitation investigated this complaint and found no violation at the location.,03/10/2015 12:00:00 PM,09 BRONX,2038220038,BRONX,1025929,243026,PHONE,Unspecified,BRONX,,,,,,,,40.83362725391634,-73.8493847198602,"(40.83362725391634, -73.8493847198602)"
30137255,03/09/2015 10:10:00 AM,03/10/2015 12:00:00 PM,DSNY,Department of Sanitation,Dirty Conditions,E8 Canine Violation,Sidewalk,10032,533 WEST  158 STREET,WEST  158 STREET,AMSTERDAM AVENUE,BROADWAY,,,ADDRESS,NEW YORK,,N/A,Closed,,The Department of Sanitation investigated this complaint and found no violation at the location.,03/10/2015 12:00:00 PM,12 MANHATTAN,1021170056,MANHATTAN,1000131,243106,ONLINE,Unspecified,MANHATTAN,,,,,,,,40.83393089963924,-73.94261063910199,"(40.83393089963924, -73.94261063910199)"
30129503,03/09/2015 09:57:00 AM,03/12/2015 12:00:00 PM,DSNY,Department of Sanitation,Dirty Conditions,E8 Canine Violation,Sidewalk,11419,132-07 95 AVENUE,95 AVENUE,132 STREET,133 STREET,,,ADDRESS,South Richmond Hill,,N/A,Closed,,The Department of Sanitation investigated this complaint and found no violation at the location.,03/12/2015 12:00:00 PM,09 QUEENS,4094480042,QUEENS,1035164,192702,PHONE,Unspecified,QUEENS,,,,,,,,40.695452790351155,-73.816393491097,"(40.695452790351155, -73.816393491097)"
30129494,03/09/2015 09:16:00 AM,03/30/2015 12:00:00 PM,DSNY,Department of Sanitation,Dirty Conditions,E8 Canine Violation,Sidewalk,11209,,,,,OVINGTON AVENUE,6 AVENUE,INTERSECTION,BROOKLYN,,N/A,Closed,,The Department of Sanitation investigated this complaint and found no violation at the location.,03/30/2015 12:00:00 PM,10 BROOKLYN,,BROOKLYN,979006,169329,PHONE,Unspecified,BROOKLYN,,,,,,,,40.631443988023236,-74.01889280664984,"(40.631443988023236, -74.01889280664984)"
30137254,03/09/2015 09:02:00 AM,04/07/2015 12:00:00 PM,DSNY,Department of Sanitation,Dirty Conditions,E8 Canine Violation,Sidewalk,11235,520 SHORE BOULEVARD,SHORE BOULEVARD,DOVER STREET,EXETER STREET,,,ADDRESS,BROOKLYN,,N/A,Closed,,The Department of Sanitation investigated this complaint and found no violation at the location.,04/07/2015 12:00:00 PM,15 BROOKLYN,3087300048,BROOKLYN,998200,151332,PHONE,Unspecified,BROOKLYN,,,,,,,,40.58203648016683,-73.94977885362013,"(40.58203648016683, -73.94977885362013)"
30135177,03/09/2015 08:45:00 AM,03/10/2015 12:00:00 PM,DSNY,Department of Sanitation,Dirty Conditions,E8 Canine Violation,Sidewalk,11235,3106 EMMONS AVENUE,EMMONS AVENUE,SHALE STREET,BOGARDUS STREET,,,ADDRESS,BROOKLYN,,N/A,Closed,,The Department of Sanitation investigated this complaint and found no violation at the location.,03/10/2015 12:00:00 PM,15 BROOKLYN,3088150405,BROOKLYN,1002164,152051,PHONE,Unspecified,BROOKLYN,,,,,,,,40.58400286792752,-73.935506226692,"(40.58400286792752, -73.935506226692)"
30137463,03/09/2015 08:31:00 AM,03/12/2015 12:00:00 PM,DSNY,Department of Sanitation,Dirty Conditions,E8 Canine Violation,Sidewalk,11207,701 ALABAMA AVENUE,ALABAMA AVENUE,NEW LOTS AVENUE,HEGEMAN AVENUE,,,ADDRESS,BROOKLYN,,N/A,Closed,,The Department of Sanitation investigated this complaint and found no violation at the location.,03/12/2015 12:00:00 PM,05 BROOKLYN,3042960101,BROOKLYN,1013564,179469,ONLINE,Unspecified,BROOKLYN,,,,,,,,40.65922912949893,-73.8943450535822,"(40.65922912949893, -73.8943450535822)"
30126017,03/08/2015 07:37:00 PM,03/10/2015 12:00:00 PM,DSNY,Department of Sanitation,Dirty Conditions,E8 Canine Violation,Sidewalk,11357,20-27 150 STREET,150 STREET,20 ROAD,21 AVENUE,,,ADDRESS,Whitestone,,N/A,Closed,,The Department of Sanitation investigated this complaint and found no violation at the location.,03/10/2015 12:00:00 PM,07 QUEENS,4046900001,QUEENS,1035678,223679,PHONE,Unspecified,QUEENS,,,,,,,,40.78047381360159,-73.8143030932702,"(40.78047381360159, -73.8143030932702)"
30125985,03/08/2015 07:06:00 PM,03/09/2015 12:00:00 PM,DSNY,Department of Sanitation,Dirty Conditions,E8 Canine Violation,Sidewalk,10472,,,,,BOYNTON AVENUE,WATSON AVENUE,INTERSECTION,BRONX,,N/A,Closed,,The Department of Sanitation investigated this complaint and found no violation at the location.,03/09/2015 12:00:00 PM,09 BRONX,,BRONX,1018110,240290,PHONE,Unspecified,BRONX,,,,,,,,40.82615116376492,-73.87765398540142,"(40.82615116376492, -73.87765398540142)"
30128352,03/08/2015 06:22:00 PM,03/09/2015 12:00:00 PM,DSNY,Department of Sanitation,Dirty Conditions,E8 Canine Violation,Sidewalk,10462,,,,,COLDEN AVENUE,PIERCE AVENUE,INTERSECTION,BRONX,,N/A,Closed,,The Department of Sanitation investigated this complaint and found no violation at the location.,03/09/2015 12:00:00 PM,11 BRONX,,BRONX,1024698,247141,PHONE,Unspecified,BRONX,,,,,,,,40.84492744013886,-73.85380835533486,"(40.84492744013886, -73.85380835533486)"
30123418,03/08/2015 05:43:00 PM,03/12/2015 12:00:00 PM,DSNY,Department of Sanitation,Dirty Conditions,E8 Canine Violation,Sidewalk,11368,37-15 100 STREET,100 STREET,37 AVENUE,38 AVENUE,,,ADDRESS,Corona,,N/A,Closed,,The Department of Sanitation investigated this complaint and found no violation at the location.,03/12/2015 12:00:00 PM,03 QUEENS,4017660090,QUEENS,1021098,213307,PHONE,Unspecified,QUEENS,,,,,,,,40.7520782005909,-73.86700551480408,"(40.7520782005909, -73.86700551480408)"
30127644,03/08/2015 05:03:00 PM,03/10/2015 12:00:00 PM,DSNY,Department of Sanitation,Dirty Conditions,E8 Canine Violation,Sidewalk,11226,136 ST PAUL PLACE,ST PAUL PLACE,ST PAULS COURT,CHURCH AVENUE,,,ADDRESS,BROOKLYN,,N/A,Closed,,The Department of Sanitation investigated this complaint and found no violation at the location.,03/10/2015 12:00:00 PM,14 BROOKLYN,3050790017,BROOKLYN,994657,176230,PHONE,Unspecified,BROOKLYN,,,,,,,,40.65038119111895,-73.96249556612443,"(40.65038119111895, -73.96249556612443)"
30127699,03/08/2015 04:12:00 PM,03/10/2015 12:00:00 PM,DSNY,Department of Sanitation,Dirty Conditions,E8 Canine Violation,Sidewalk,10030,141 WEST  139 STREET,WEST  139 STREET,LENOX AVENUE,7 AVENUE,,,ADDRESS,NEW YORK,,N/A,Closed,,The Department of Sanitation investigated this complaint and found no violation at the location.,03/10/2015 12:00:00 PM,10 MANHATTAN,1020080006,MANHATTAN,1000518,237156,ONLINE,Unspecified,MANHATTAN,,,,,,,,40.81759914207825,-73.94122655946431,"(40.81759914207825, -73.94122655946431)"
30124353,03/08/2015 03:55:00 PM,03/15/2015 12:00:00 PM,DSNY,Department of Sanitation,Dirty Conditions,E8 Canine Violation,Sidewalk,11206,210 MIDDLETON STREET,MIDDLETON STREET,UNION AVENUE,THROOP AVENUE,,,ADDRESS,BROOKLYN,,N/A,Closed,,The Department of Sanitation investigated this complaint and found no violation at the location.,03/15/2015 12:00:00 PM,01 BROOKLYN,3022427504,BROOKLYN,998325,195834,PHONE,Unspecified,BROOKLYN,,,,,,,,40.70418466169356,-73.94923599869449,"(40.70418466169356, -73.94923599869449)"
30125118,03/08/2015 02:55:00 PM,03/09/2015 12:00:00 PM,DSNY,Department of Sanitation,Dirty Conditions,E8 Canine Violation,Sidewalk,10452,,,,,SHERIF BYRD PLACE,JESUP AVENUE,INTERSECTION,BRONX,,N/A,Closed,,The Department of Sanitation investigated this complaint and found no violation at the location.,03/09/2015 12:00:00 PM,04 BRONX,,BRONX,1006356,246081,PHONE,Unspecified,BRONX,,,,,,,,40.84208302022405,-73.92010548693675,"(40.84208302022405, -73.92010548693675)"
30124327,03/08/2015 02:42:00 PM,03/10/2015 12:00:00 PM,DSNY,Department of Sanitation,Dirty Conditions,E8 Canine Violation,Sidewalk,10023,75 WEST END AVENUE,WEST END AVENUE,WEST 63 STREET,,,,ADDRESS,NEW YORK,,N/A,Closed,,The Department of Sanitation investigated this complaint and found no violation at the location.,03/10/2015 12:00:00 PM,07 MANHATTAN,1011710063,MANHATTAN,987231,221346,ONLINE,Unspecified,MANHATTAN,,,,,,,,40.77421945878715,-73.9892371845004,"(40.77421945878715, -73.9892371845004)"
30122301,03/07/2015 09:25:00 PM,03/12/2015 12:00:00 PM,DSNY,Department of Sanitation,Dirty Conditions,E8 Canine Violation,Sidewalk,11368,110-05 56 AVENUE,56 AVENUE,CORONA AVENUE,111 STREET,,,ADDRESS,Corona,,N/A,Closed,,The Department of Sanitation investigated this complaint and found no violation at the location.,03/12/2015 12:00:00 PM,04 QUEENS,4020110032,QUEENS,1025398,209364,PHONE,Unspecified,QUEENS,,,,,,,,40.74123670633579,-73.85150979405516,"(40.74123670633579, -73.85150979405516)"
30121510,03/07/2015 08:30:00 PM,03/13/2015 12:00:00 PM,DSNY,Department of Sanitation,Dirty Conditions,E8 Canine Violation,Sidewalk,11236,1560 EAST  102 STREET,EAST  102 STREET,SEAVIEW AVENUE,BELT PARKWAY,,,ADDRESS,BROOKLYN,,N/A,Closed,,The Department of Sanitation investigated this complaint and found no violation at the location.,03/13/2015 12:00:00 PM,18 BROOKLYN,3083290225,BROOKLYN,1016237,170675,ONLINE,Unspecified,BROOKLYN,,,,,,,,40.63508226936547,-73.88475260800288,"(40.63508226936547, -73.88475260800288)"
30122377,03/07/2015 01:25:00 PM,03/12/2015 12:00:00 PM,DSNY,Department of Sanitation,Dirty Conditions,E8 Canine Violation,Sidewalk,11357,,,,,17 AVENUE,149 STREET,INTERSECTION,Whitestone,,N/A,Closed,,The Department of Sanitation investigated this complaint and found no violation at the location.,03/12/2015 12:00:00 PM,07 QUEENS,,QUEENS,1035050,225088,ONLINE,Unspecified,QUEENS,,,,,,,,40.78434476773667,-73.81656002320177,"(40.78434476773667, -73.81656002320177)"
30118694,03/07/2015 11:35:00 AM,03/09/2015 12:00:00 PM,DSNY,Department of Sanitation,Dirty Conditions,E8 Canine Violation,Sidewalk,11236,937 EAST   95 STREET,EAST   95 STREET,FOSTER AVENUE,FARRAGUT ROAD,,,ADDRESS,BROOKLYN,,N/A,Closed,,The Department of Sanitation investigated this complaint and found no violation at the location.,03/09/2015 12:00:00 PM,18 BROOKLYN,3081450025,BROOKLYN,1010074,174908,PHONE,Unspecified,BROOKLYN,,,,,,,,40.64672105226494,-73.90694133533734,"(40.64672105226494, -73.90694133533734)"
30120447,03/07/2015 10:25:00 AM,03/10/2015 12:00:00 PM,DSNY,Department of Sanitation,Dirty Conditions,E8 Canine Violation,Sidewalk,10069,,,,,FREEDOM PLACE SOUTH,WEST 63 STREET,INTERSECTION,NEW YORK,,N/A,Closed,,The Department of Sanitation investigated this complaint and found no violation at the location.,03/10/2015 12:00:00 PM,07 MANHATTAN,,MANHATTAN,987112,221465,PHONE,Unspecified,MANHATTAN,,,,,,,,40.77454612191686,-73.98966677992087,"(40.77454612191686, -73.98966677992087)"
30112583,03/06/2015 11:32:00 AM,03/11/2015 12:00:00 PM,DSNY,Department of Sanitation,Dirty Conditions,E8 Canine Violation,Sidewalk,11105,,,,,29 STREET,23 AVENUE,INTERSECTION,Astoria,,N/A,Closed,,The Department of Sanitation investigated this complaint and found no violation at the location.,03/11/2015 12:00:00 PM,01 QUEENS,,QUEENS,1008109,221664,PHONE,Unspecified,QUEENS,,,,,,,,40.775060588140406,-73.91385665907818,"(40.775060588140406, -73.91385665907818)"
30106278,03/05/2015 09:11:00 PM,03/09/2015 12:00:00 PM,DSNY,Department of Sanitation,Dirty Conditions,E8 Canine Violation,Sidewalk,10462,2187 MATTHEWS AVENUE,MATTHEWS AVENUE,LYDIG AVENUE,PELHAM PARKWAY,,,ADDRESS,BRONX,,N/A,Closed,,The Department of Sanitation investigated this complaint and found no violation at the location.,03/09/2015 12:00:00 PM,11 BRONX,2043220043,BRONX,1022179,251227,PHONE,Unspecified,BRONX,,,,,,,,40.85615346575459,-73.86288967346701,"(40.85615346575459, -73.86288967346701)"
30104207,03/05/2015 02:47:00 PM,03/06/2015 12:00:00 PM,DSNY,Department of Sanitation,Dirty Conditions,E8 Canine Violation,Sidewalk,10036,,,,,WEST 45 STREET,10 AVENUE,INTERSECTION,NEW YORK,,N/A,Closed,,The Department of Sanitation investigated this complaint and found no violation at the location.,03/06/2015 12:00:00 PM,04 MANHATTAN,,MANHATTAN,985893,216732,ONLINE,Unspecified,MANHATTAN,,,,,,,,40.761555576126604,-73.99406912322635,"(40.761555576126604, -73.99406912322635)"
30085845,03/04/2015 08:50:00 PM,03/16/2015 12:00:00 PM,DSNY,Department of Sanitation,Dirty Conditions,E8 Canine Violation,Sidewalk,11230,,,,,24 AVENUE,60 STREET,INTERSECTION,BROOKLYN,,N/A,Closed,,The Department of Sanitation investigated this complaint and found no violation at the location.,03/16/2015 12:00:00 PM,12 BROOKLYN,,BROOKLYN,991470,162985,PHONE,Unspecified,BROOKLYN,,,,,,,,40.61402964427997,-73.97399495034388,"(40.61402964427997, -73.97399495034388)"
30090417,03/04/2015 04:55:00 PM,03/12/2015 12:00:00 PM,DSNY,Department of Sanitation,Dirty Conditions,E8 Canine Violation,Sidewalk,11412,,,,,191 STREET,105 AVENUE,INTERSECTION,Saint Albans,,N/A,Closed,,The Department of Sanitation investigated this complaint and found no violation at the location.,03/12/2015 12:00:00 PM,12 QUEENS,,QUEENS,1049077,196460,PHONE,Unspecified,QUEENS,,,,,,,,40.70567660527871,-73.76618434895288,"(40.70567660527871, -73.76618434895288)"
30097200,03/04/2015 04:30:00 PM,03/12/2015 12:00:00 PM,DSNY,Department of Sanitation,Dirty Conditions,E8 Canine Violation,Sidewalk,11375,71-21 LOUBET STREET,LOUBET STREET,71 AVENUE,72 AVENUE,,,ADDRESS,Forest Hills,,N/A,Closed,,The Department of Sanitation investigated this complaint and found no violation at the location.,03/12/2015 12:00:00 PM,06 QUEENS,4032430056,QUEENS,1026145,198870,PHONE,Unspecified,QUEENS,,,,,,,,40.71242976681082,-73.84887944255544,"(40.71242976681082, -73.84887944255544)"
30083731,03/04/2015 04:19:00 PM,03/12/2015 12:00:00 PM,DSNY,Department of Sanitation,Dirty Conditions,E8 Canine Violation,Sidewalk,11105,23-74 29 STREET,29 STREET,23 ROAD,24 AVENUE,,,ADDRESS,Astoria,,N/A,Closed,,The Department of Sanitation investigated this complaint and found no violation at the location.,03/12/2015 12:00:00 PM,01 QUEENS,4008430067,QUEENS,1007584,221101,PHONE,Unspecified,QUEENS,,,,,,,,40.77351670291489,-73.91575413462061,"(40.77351670291489, -73.91575413462061)"
30092583,03/04/2015 04:15:00 PM,03/13/2015 12:00:00 PM,DSNY,Department of Sanitation,Dirty Conditions,E8 Canine Violation,Sidewalk,11213,899 MONTGOMERY STREET,MONTGOMERY STREET,TROY AVENUE,SCHENECTADY AVENUE,,,ADDRESS,BROOKLYN,,N/A,Closed,,The Department of Sanitation investigated this complaint and found no violation at the location.,03/13/2015 12:00:00 PM,09 BROOKLYN,3014180049,BROOKLYN,1002229,181397,ONLINE,Unspecified,BROOKLYN,,,,,,,,40.66455133277643,-73.93519405201872,"(40.66455133277643, -73.93519405201872)"
30085995,03/04/2015 12:51:00 PM,03/12/2015 12:00:00 PM,DSNY,Department of Sanitation,Dirty Conditions,E8 Canine Violation,Sidewalk,11357,,,,,15 DRIVE,149 STREET,INTERSECTION,Whitestone,,N/A,Closed,,The Department of Sanitation investigated this complaint and found no violation at the location.,03/12/2015 12:00:00 PM,07 QUEENS,,QUEENS,1035103,225606,ONLINE,Unspecified,QUEENS,,,,,,,,40.78576623170028,-73.81636471827885,"(40.78576623170028, -73.81636471827885)"
30099379,03/04/2015 10:24:00 AM,03/09/2015 12:00:00 PM,DSNY,Department of Sanitation,Dirty Conditions,E8 Canine Violation,Sidewalk,10467,2812 BRONX PARK EAST,BRONX PARK EAST,BRITTON STREET,ARNOW AVENUE,,,ADDRESS,BRONX,,N/A,Closed,,The Department of Sanitation investigated this complaint and found no violation at the location.,03/09/2015 12:00:00 PM,11 BRONX,2045060040,BRONX,1020081,255155,ONLINE,Unspecified,BRONX,,,,,,,,40.86694339382272,-73.87045276623726,"(40.86694339382272, -73.87045276623726)"
30099118,03/04/2015 09:45:00 AM,03/12/2015 12:00:00 PM,DSNY,Department of Sanitation,Dirty Conditions,E8 Canine Violation,Sidewalk,11355,132-24 58 ROAD,58 ROAD,LAWRENCE STREET,134 STREET,,,ADDRESS,Flushing,,N/A,Closed,,The Department of Sanitation investigated this complaint and found no violation at the location.,03/12/2015 12:00:00 PM,07 QUEENS,,QUEENS,1030497,210848,PHONE,Unspecified,QUEENS,,,,,,,,40.74528471407663,-73.8330989433613,"(40.74528471407663, -73.8330989433613)"
30076925,03/03/2015 01:27:00 PM,03/12/2015 12:00:00 PM,DSNY,Department of Sanitation,Dirty Conditions,E8 Canine Violation,Sidewalk,11691,,,,,SEAGIRT AVENUE,BEACH 3 STREET,INTERSECTION,Far Rockaway,,N/A,Closed,,The Department of Sanitation investigated this complaint and found no violation at the location.,03/12/2015 12:00:00 PM,14 QUEENS,,QUEENS,1056758,156500,ONLINE,Unspecified,QUEENS,,,,,,,,40.59593598772013,-73.73891053171033,"(40.59593598772013, -73.73891053171033)"
30077756,03/03/2015 12:57:00 PM,03/09/2015 12:00:00 PM,DSNY,Department of Sanitation,Dirty Conditions,E8 Canine Violation,Sidewalk,10472,1161 ST LAWRENCE AVENUE,ST LAWRENCE AVENUE,WATSON AVENUE,GLEASON AVENUE,,,ADDRESS,BRONX,,N/A,Closed,,The Department of Sanitation investigated this complaint and found no violation at the location.,03/09/2015 12:00:00 PM,09 BRONX,2037520049,BRONX,1021156,241300,PHONE,Unspecified,BRONX,,,,,,,,40.828911120251604,-73.86664236313577,"(40.828911120251604, -73.86664236313577)"
30082586,03/03/2015 11:45:00 AM,03/10/2015 12:00:00 PM,DSNY,Department of Sanitation,Dirty Conditions,E8 Canine Violation,Sidewalk,10470,834 PENFIELD STREET,PENFIELD STREET,BARNES AVENUE,WILDER AVENUE,,,ADDRESS,BRONX,,N/A,Closed,,The Department of Sanitation investigated this complaint and found no violation at the location.,03/10/2015 12:00:00 PM,12 BRONX,2051180046,BRONX,1026681,268744,PHONE,Unspecified,BRONX,,,,,,,,40.90421162492331,-73.8465043727862,"(40.90421162492331, -73.8465043727862)"
30079464,03/03/2015 11:01:00 AM,03/10/2015 12:00:00 PM,DSNY,Department of Sanitation,Dirty Conditions,E8 Canine Violation,Sidewalk,10468,165 WEST  197 STREET,WEST  197 STREET,WEBB AVENUE,SEDGWICK AVENUE,,,ADDRESS,BRONX,,N/A,Closed,,The Department of Sanitation investigated this complaint and found no violation at the location.,03/10/2015 12:00:00 PM,08 BRONX,2032500001,BRONX,1011397,257153,PHONE,Unspecified,BRONX,,,,,,,,40.872458267974395,-73.90184170442664,"(40.872458267974395, -73.90184170442664)"
30078581,03/03/2015 09:09:00 AM,03/05/2015 12:00:00 PM,DSNY,Department of Sanitation,Dirty Conditions,E8 Canine Violation,Sidewalk,10310,97 CAROLINE STREET,CAROLINE STREET,CARY AVENUE,DEAD END,,,ADDRESS,STATEN ISLAND,,N/A,Closed,,"The Department of Sanitation has investigated the complaint and addressed the issue. If the problem persists, call 311 to enter a new complaint. If you are outside of New York City, please call (212) NEW-YORK (212-639-9675).",03/05/2015 12:00:00 PM,01 STATEN ISLAND,5002160007,STATEN ISLAND,951206,169528,ONLINE,Unspecified,STATEN ISLAND,,,,,,,,40.63193012046564,-74.11905008349989,"(40.63193012046564, -74.11905008349989)"
30079465,03/03/2015 08:20:00 AM,03/09/2015 12:00:00 PM,DSNY,Department of Sanitation,Dirty Conditions,E8 Canine Violation,Sidewalk,11221,116 GROVE STREET,GROVE STREET,EVERGREEN AVENUE,CENTRAL AVENUE,,,ADDRESS,BROOKLYN,,N/A,Closed,,The vehicle you reported has been removed by the Department of Sanitation.,03/09/2015 12:00:00 PM,04 BROOKLYN,3033230017,BROOKLYN,1006324,191969,PHONE,Unspecified,BROOKLYN,,,,,,,,40.69355980373668,-73.9203988569232,"(40.69355980373668, -73.9203988569232)"
30080225,03/03/2015 07:12:00 AM,03/04/2015 12:00:00 PM,DSNY,Department of Sanitation,Dirty Conditions,E8 Canine Violation,Sidewalk,10308,,,,,ARTHUR KILL ROAD,TROY STREET,INTERSECTION,STATEN ISLAND,,N/A,Closed,,The Department of Sanitation investigated this complaint and found no violation at the location.,03/04/2015 12:00:00 PM,03 STATEN ISLAND,,STATEN ISLAND,941580,145615,PHONE,Unspecified,STATEN ISLAND,,,,,,,,40.56625274100368,-74.15357928127415,"(40.56625274100368, -74.15357928127415)"
30072335,03/02/2015 11:23:00 PM,03/09/2015 12:00:00 PM,DSNY,Department of Sanitation,Dirty Conditions,E8 Canine Violation,Sidewalk,11220,258 54 STREET,54 STREET,2 AVENUE,3 AVENUE,,,ADDRESS,BROOKLYN,,N/A,Closed,,The Department of Sanitation investigated this complaint and found no violation at the location.,03/09/2015 12:00:00 PM,07 BROOKLYN,3008210030,BROOKLYN,979247,174670,PHONE,Unspecified,BROOKLYN,,,,,,,,40.646104030832696,-74.01802850486274,"(40.646104030832696, -74.01802850486274)"
30073110,03/02/2015 08:02:00 PM,03/10/2015 12:00:00 PM,DSNY,Department of Sanitation,Dirty Conditions,E8 Canine Violation,Sidewalk,11421,85-01 79 STREET,79 STREET,PARK LANE SOUTH,85 ROAD,,,ADDRESS,Woodhaven,,N/A,Closed,,The Department of Sanitation investigated this complaint and found no violation at the location.,03/10/2015 12:00:00 PM,09 QUEENS,4088500050,QUEENS,1021821,192666,PHONE,Unspecified,QUEENS,,,,,,,,40.695420683941855,-73.86451124398931,"(40.695420683941855, -73.86451124398931)"
30071592,03/02/2015 05:57:00 PM,03/12/2015 12:00:00 PM,DSNY,Department of Sanitation,Dirty Conditions,E8 Canine Violation,Sidewalk,11419,107-63 114 STREET,114 STREET,107 AVENUE,109 AVENUE,,,ADDRESS,South Richmond Hill,,N/A,Closed,,The Department of Sanitation investigated this complaint and found no violation at the location.,03/12/2015 12:00:00 PM,10 QUEENS,4095520047,QUEENS,1032175,188086,PHONE,Unspecified,QUEENS,,,,,,,,40.682799647523495,-73.82720525646566,"(40.682799647523495, -73.82720525646566)"
30072336,03/02/2015 04:46:00 PM,03/02/2015 04:46:00 PM,DSNY,Department of Sanitation,Dirty Conditions,E8 Canine Violation,Sidewalk,10028,,,,,EAST 81 STREET,YORK AVENUE,INTERSECTION,NEW YORK,,N/A,Closed,,The Department of Sanitation investigated this complaint and found no violation at the location.,03/02/2015 04:46:00 PM,08 MANHATTAN,,MANHATTAN,998244,220799,ONLINE,Unspecified,MANHATTAN,,,,,,,,40.77270751273564,-73.94947620646089,"(40.77270751273564, -73.94947620646089)"
30070805,03/02/2015 03:44:00 PM,03/03/2015 12:00:00 PM,DSNY,Department of Sanitation,Dirty Conditions,E8 Canine Violation,Sidewalk,10310,915 CASTLETON AVENUE,CASTLETON AVENUE,BEMENT AVENUE,ELM STREET,,,ADDRESS,STATEN ISLAND,,N/A,Closed,,The Department of Sanitation investigated this complaint and found no violation at the location.,03/03/2015 12:00:00 PM,01 STATEN ISLAND,5001600063,STATEN ISLAND,952953,170557,PHONE,Unspecified,STATEN ISLAND,,,,,,,,40.634760849551775,-74.11276081565636,"(40.634760849551775, -74.11276081565636)"
30073881,03/02/2015 08:43:00 AM,03/12/2015 12:00:00 PM,DSNY,Department of Sanitation,Dirty Conditions,E8 Canine Violation,Sidewalk,11368,,,,,39 AVENUE,114 STREET,INTERSECTION,Corona,,N/A,Closed,,The Department of Sanitation investigated this complaint and found no violation at the location.,03/12/2015 12:00:00 PM,03 QUEENS,,QUEENS,1024975,213784,PHONE,Unspecified,QUEENS,,,,,,,,40.75337043665875,-73.85300950013661,"(40.75337043665875, -73.85300950013661)"
30076196,03/02/2015 08:38:00 AM,03/11/2015 12:00:00 PM,DSNY,Department of Sanitation,Dirty Conditions,E8 Canine Violation,Sidewalk,11218,700 CORTELYOU ROAD,CORTELYOU ROAD,EAST 7 STREET,EAST 8 STREET,,,ADDRESS,BROOKLYN,,N/A,Closed,,The Department of Sanitation investigated this complaint and found no violation at the location.,03/11/2015 12:00:00 PM,12 BROOKLYN,3053910001,BROOKLYN,992118,171968,PHONE,Unspecified,BROOKLYN,,,,,,,,40.63868553966112,-73.97165050807656,"(40.63868553966112, -73.97165050807656)"
30071547,03/02/2015 01:34:00 AM,03/09/2015 12:00:00 PM,DSNY,Department of Sanitation,Dirty Conditions,E8 Canine Violation,Sidewalk,10472,1057 BOYNTON AVENUE,BOYNTON AVENUE,BRUCKNER BOULEVARD,WATSON AVENUE,,,ADDRESS,BRONX,,N/A,Closed,,The Department of Sanitation investigated this complaint and found no violation at the location.,03/09/2015 12:00:00 PM,09 BRONX,2037140036,BRONX,1018159,240003,PHONE,Unspecified,BRONX,,,,,,,,40.82536324322324,-73.87747838486375,"(40.82536324322324, -73.87747838486375)"
30068091,03/01/2015 07:38:00 PM,03/12/2015 12:00:00 PM,DSNY,Department of Sanitation,Dirty Conditions,E8 Canine Violation,Sidewalk,11365,193-09 53 AVENUE,53 AVENUE,193 STREET,194 STREET,,,ADDRESS,Fresh Meadows,,N/A,Closed,,The Department of Sanitation investigated this complaint and found no violation at the location.,03/12/2015 12:00:00 PM,11 QUEENS,4056470001,QUEENS,1043749,211444,ONLINE,Unspecified,QUEENS,,,,,,,,40.74684134732364,-73.78526862417085,"(40.74684134732364, -73.78526862417085)"
30067814,03/01/2015 01:50:00 PM,03/02/2015 12:00:00 PM,DSNY,Department of Sanitation,Dirty Conditions,E8 Canine Violation,Sidewalk,10033,,,,,FORT WASHINGTON AVENUE,WEST 185 STREET,INTERSECTION,NEW YORK,,N/A,Closed,,The Department of Sanitation investigated this complaint and found no violation at the location.,03/02/2015 12:00:00 PM,12 MANHATTAN,,MANHATTAN,1001558,250193,ONLINE,Unspecified,MANHATTAN,,,,,,,,40.85337995275147,-73.93743558205041,"(40.85337995275147, -73.93743558205041)"
30068712,03/01/2015 01:23:00 PM,03/11/2015 12:00:00 PM,DSNY,Department of Sanitation,Dirty Conditions,E8 Canine Violation,Sidewalk,11373,,,,,92 STREET,52 AVENUE,INTERSECTION,Elmhurst,,N/A,Closed,,The Department of Sanitation investigated this complaint and found no violation at the location.,03/11/2015 12:00:00 PM,04 QUEENS,,QUEENS,1019943,208682,PHONE,Unspecified,QUEENS,,,,,,,,40.739388486285165,-73.87119876368769,"(40.739388486285165, -73.87119876368769)"
30068983,03/01/2015 12:00:00 PM,03/14/2015 12:00:00 PM,DSNY,Department of Sanitation,Dirty Conditions,E8 Canine Violation,Sidewalk,11106,31-58 12 STREET,12 STREET,31 DRIVE,BROADWAY,,,ADDRESS,Astoria,,N/A,Closed,,The Department of Sanitation investigated this complaint and found no violation at the location.,03/14/2015 12:00:00 PM,01 QUEENS,4005020034,QUEENS,1002388,218913,PHONE,Unspecified,QUEENS,,,,,,,,40.76752340363078,-73.93451984642574,"(40.76752340363078, -73.93451984642574)"
30067831,03/01/2015 10:26:00 AM,03/12/2015 12:00:00 PM,DSNY,Department of Sanitation,Dirty Conditions,E8 Canine Violation,Sidewalk,11104,,,,,42 STREET,48 AVENUE,INTERSECTION,Sunnyside,,N/A,Closed,,The Department of Sanitation investigated this complaint and found no violation at the location.,03/12/2015 12:00:00 PM,02 QUEENS,,QUEENS,1005539,208793,ONLINE,Unspecified,QUEENS,,,,,,,,40.73973955601505,-73.92317643987575,"(40.73973955601505, -73.92317643987575)"
30069419,03/01/2015 10:23:00 AM,03/09/2015 12:00:00 PM,DSNY,Department of Sanitation,Dirty Conditions,E8 Canine Violation,Sidewalk,10461,3120 WILKINSON AVENUE,WILKINSON AVENUE,WESTCHESTER AVENUE,BRUCKNER BOULEVARD,,,ADDRESS,BRONX,,N/A,Closed,,The Department of Sanitation investigated this complaint and found no violation at the location.,03/09/2015 12:00:00 PM,10 BRONX,2042380027,BRONX,1031673,249604,PHONE,Unspecified,BRONX,,,,,,,,40.85165293060271,-73.82858117650478,"(40.85165293060271, -73.82858117650478)"
30067827,03/01/2015 09:48:00 AM,03/10/2015 12:00:00 PM,DSNY,Department of Sanitation,Dirty Conditions,E8 Canine Violation,Sidewalk,11218,,,,,EAST 5 STREET,AVENUE F,INTERSECTION,BROOKLYN,,N/A,Closed,,The Department of Sanitation investigated this complaint and found no violation at the location.,03/10/2015 12:00:00 PM,12 BROOKLYN,,BROOKLYN,991563,170112,PHONE,Unspecified,BROOKLYN,,,,,,,,40.63359169062697,-73.97365226115444,"(40.63359169062697, -73.97365226115444)"
30068102,03/01/2015 09:32:00 AM,03/09/2015 12:00:00 PM,DSNY,Department of Sanitation,Dirty Conditions,E8 Canine Violation,Sidewalk,11228,1419 85 STREET,85 STREET,14 AVENUE,15 AVENUE,,,ADDRESS,BROOKLYN,,N/A,Closed,,The Department of Sanitation investigated this complaint and found no violation at the location.,03/09/2015 12:00:00 PM,11 BROOKLYN,3063230068,BROOKLYN,981344,162600,PHONE,Unspecified,BROOKLYN,,,,,,,,40.61297536378679,-74.01046668696245,"(40.61297536378679, -74.01046668696245)"
30069848,03/01/2015 08:39:00 AM,03/10/2015 12:00:00 PM,DSNY,Department of Sanitation,Dirty Conditions,E8 Canine Violation,Sidewalk,11223,2233 EAST    4 STREET,EAST    4 STREET,AVENUE U,AVENUE V,,,ADDRESS,BROOKLYN,,N/A,Closed,,The Department of Sanitation investigated this complaint and found no violation at the location.,03/10/2015 12:00:00 PM,15 BROOKLYN,3071310048,BROOKLYN,993289,156390,PHONE,Unspecified,BROOKLYN,,,,,,,,40.595926046879576,-73.9674520892514,"(40.595926046879576, -73.9674520892514)"
30067375,03/01/2015 07:46:00 AM,03/09/2015 12:00:00 PM,DSNY,Department of Sanitation,Dirty Conditions,E8 Canine Violation,Sidewalk,10462,,,,,WALLACE AVENUE,LYDIG AVENUE,INTERSECTION,BRONX,,N/A,Closed,,The Department of Sanitation investigated this complaint and found no violation at the location.,03/09/2015 12:00:00 PM,11 BRONX,,BRONX,1021648,250603,PHONE,Unspecified,BRONX,,,,,,,,40.85444303926804,-73.86481267447654,"(40.85444303926804, -73.86481267447654)"
30066864,02/28/2015 11:58:00 PM,03/09/2015 12:00:00 PM,DSNY,Department of Sanitation,Dirty Conditions,E8 Canine Violation,Sidewalk,10455,,,,,ST JOHN AVENUE,KELLY STREET,INTERSECTION,BRONX,,N/A,Closed,,The Department of Sanitation investigated this complaint and found no violation at the location.,03/09/2015 12:00:00 PM,02 BRONX,,BRONX,1011208,236324,PHONE,Unspecified,BRONX,,,,,,,,40.815289382176125,-73.90260882541915,"(40.815289382176125, -73.90260882541915)"
30063993,02/28/2015 08:26:00 PM,03/12/2015 12:00:00 PM,DSNY,Department of Sanitation,Dirty Conditions,E8 Canine Violation,Sidewalk,11375,75-31 113 STREET,113 STREET,75 AVENUE,76 ROAD,,,ADDRESS,Forest Hills,,N/A,Closed,,The Department of Sanitation investigated this complaint and found no violation at the location.,03/12/2015 12:00:00 PM,06 QUEENS,4022650065,QUEENS,1029818,201191,ONLINE,Unspecified,QUEENS,,,,,,,,40.71878219048994,-73.83561478624355,"(40.71878219048994, -73.83561478624355)"
30064210,02/28/2015 08:04:00 PM,03/02/2015 12:00:00 PM,DSNY,Department of Sanitation,Dirty Conditions,E8 Canine Violation,Sidewalk,10017,232 EAST   49 STREET,EAST   49 STREET,3 AVENUE,2 AVENUE,,,ADDRESS,NEW YORK,,N/A,Closed,,The Department of Sanitation investigated this complaint and found no violation at the location.,03/02/2015 12:00:00 PM,06 MANHATTAN,1013220036,MANHATTAN,992458,214283,ONLINE,Unspecified,MANHATTAN,,,,,,,,40.75483003997142,-73.970373875597,"(40.75483003997142, -73.970373875597)"
30065219,02/28/2015 05:44:00 PM,03/12/2015 12:00:00 PM,DSNY,Department of Sanitation,Dirty Conditions,E8 Canine Violation,Sidewalk,11104,50-18 40 STREET,40 STREET,50 AVENUE,51 AVENUE,,,ADDRESS,Sunnyside,,N/A,Closed,,The Department of Sanitation investigated this complaint and found no violation at the location.,03/12/2015 12:00:00 PM,02 QUEENS,,QUEENS,1004889,207992,ONLINE,Unspecified,QUEENS,,,,,,,,40.73754255115373,-73.9255244885157,"(40.73754255115373, -73.9255244885157)"
30066722,02/28/2015 03:16:00 PM,03/12/2015 12:00:00 PM,DSNY,Department of Sanitation,Dirty Conditions,E8 Canine Violation,Sidewalk,11354,33-02 PARSONS BOULEVARD,PARSONS BOULEVARD,33 AVENUE,34 AVENUE,,,ADDRESS,Flushing,,N/A,Closed,,The Department of Sanitation investigated this complaint and found no violation at the location.,03/12/2015 12:00:00 PM,07 QUEENS,4049810040,QUEENS,1032952,219113,PHONE,Unspecified,QUEENS,,,,,,,,40.767956806627,-73.82417923494432,"(40.767956806627, -73.82417923494432)"
30064657,02/28/2015 03:00:00 PM,03/09/2015 12:00:00 PM,DSNY,Department of Sanitation,Dirty Conditions,E8 Canine Violation,Sidewalk,11249,50 NORTH    5 STREET,NORTH    5 STREET,KENT AVENUE,WYTHE AVENUE,,,ADDRESS,BROOKLYN,,N/A,Closed,,The Department of Sanitation investigated this complaint and found no violation at the location.,03/09/2015 12:00:00 PM,01 BROOKLYN,3023410009,BROOKLYN,994729,201146,PHONE,Unspecified,BROOKLYN,,,,,,,,40.71876982650613,-73.96219734511483,"(40.71876982650613, -73.96219734511483)"
30065951,02/28/2015 01:49:00 PM,03/09/2015 12:00:00 PM,DSNY,Department of Sanitation,Dirty Conditions,E8 Canine Violation,Sidewalk,10467,,,,,HULL AVENUE,EAST 207 STREET,INTERSECTION,BRONX,,N/A,Closed,,The Department of Sanitation investigated this complaint and found no violation at the location.,03/09/2015 12:00:00 PM,07 BRONX,,BRONX,1018655,258181,PHONE,Unspecified,BRONX,,,,,,,,40.875254502207085,-73.87559293433398,"(40.875254502207085, -73.87559293433398)"
30065854,02/28/2015 11:38:00 AM,03/13/2015 12:00:00 PM,DSNY,Department of Sanitation,Dirty Conditions,E8 Canine Violation,Sidewalk,11433,153-31 BRINKERHOFF AVENUE,BRINKERHOFF AVENUE,BEND,155 STREET,,,ADDRESS,Jamaica,,N/A,Closed,,The Department of Sanitation investigated this complaint and found no violation at the location.,03/13/2015 12:00:00 PM,12 QUEENS,4121450024,QUEENS,1041091,190943,PHONE,Unspecified,QUEENS,,,,,,,,40.690588671851536,-73.79503440866387,"(40.690588671851536, -73.79503440866387)"
30065713,02/28/2015 11:08:00 AM,03/09/2015 12:00:00 PM,DSNY,Department of Sanitation,Dirty Conditions,E8 Canine Violation,Sidewalk,10472,1334 MANOR AVENUE,MANOR AVENUE,EAST 172 STREET,BEND,,,ADDRESS,BRONX,,N/A,Closed,,The Department of Sanitation investigated this complaint and found no violation at the location.,03/09/2015 12:00:00 PM,09 BRONX,2038660027,BRONX,1018235,242571,PHONE,Unspecified,BRONX,,,,,,,,40.83241136979373,-73.87719076972434,"(40.83241136979373, -73.87719076972434)"
30064472,02/28/2015 10:42:00 AM,03/02/2015 12:00:00 PM,DSNY,Department of Sanitation,Dirty Conditions,E8 Canine Violation,Sidewalk,10023,75 WEST END AVENUE,WEST END AVENUE,WEST 63 STREET,FREEDOM PLACE SOUTH,,,ADDRESS,NEW YORK,,N/A,Closed,,The Department of Sanitation investigated this complaint and found no violation at the location.,03/02/2015 12:00:00 PM,07 MANHATTAN,1011710063,MANHATTAN,987231,221346,PHONE,Unspecified,MANHATTAN,,,,,,,,40.77421945878715,-73.9892371845004,"(40.77421945878715, -73.9892371845004)"
30058295,02/27/2015 07:37:00 PM,02/28/2015 12:00:00 PM,DSNY,Department of Sanitation,Dirty Conditions,E8 Canine Violation,Sidewalk,10473,910 THIERIOT AVENUE,THIERIOT AVENUE,STORY AVENUE,BRUCKNER BOULEVARD,,,ADDRESS,BRONX,,N/A,Closed,,The Department of Sanitation investigated this complaint and found no violation at the location.,02/28/2015 12:00:00 PM,09 BRONX,2036680001,BRONX,1022273,239529,PHONE,Unspecified,BRONX,,,,,,,,40.82404549769073,-73.86261619311189,"(40.82404549769073, -73.86261619311189)"
30058296,02/27/2015 06:48:00 PM,02/28/2015 12:00:00 PM,DSNY,Department of Sanitation,Dirty Conditions,E8 Canine Violation,Sidewalk,11109,,,,,CENTER BOULEVARD,46 ROAD,INTERSECTION,Long Island City,,N/A,Closed,,The Department of Sanitation investigated this complaint and found no violation at the location.,02/28/2015 12:00:00 PM,02 QUEENS,,QUEENS,996320,211376,ONLINE,Unspecified,QUEENS,,,,,,,,40.746846631917755,-73.95643951288379,"(40.746846631917755, -73.95643951288379)"
30060308,02/27/2015 05:56:00 PM,02/28/2015 12:00:00 PM,DSNY,Department of Sanitation,Dirty Conditions,E8 Canine Violation,Sidewalk,11426,80-50 250 STREET,250 STREET,UNION TURNPIKE,81 AVENUE,,,ADDRESS,Bellerose,,N/A,Closed,,The Department of Sanitation investigated this complaint and found no violation at the location.,02/28/2015 12:00:00 PM,13 QUEENS,4085620030,QUEENS,1061874,209705,PHONE,Unspecified,QUEENS,,,,,,,,40.74192772602169,-73.71987611985533,"(40.74192772602169, -73.71987611985533)"
30062305,02/27/2015 04:51:00 PM,03/10/2015 12:00:00 PM,DSNY,Department of Sanitation,Dirty Conditions,E8 Canine Violation,Sidewalk,11234,1749 EAST   37 STREET,EAST   37 STREET,QUENTIN ROAD,AVENUE R,,,ADDRESS,BROOKLYN,,N/A,Closed,,The Department of Sanitation investigated this complaint and found no violation at the location.,03/10/2015 12:00:00 PM,18 BROOKLYN,3077200023,BROOKLYN,1002265,163087,ONLINE,Unspecified,BROOKLYN,,,,,,,,40.61429424095045,-73.9351131769448,"(40.61429424095045, -73.9351131769448)"
30059259,02/27/2015 04:01:00 PM,02/28/2015 12:00:00 PM,DSNY,Department of Sanitation,Dirty Conditions,E8 Canine Violation,Sidewalk,11365,,,,,169 STREET,65 AVENUE,INTERSECTION,Fresh Meadows,,N/A,Closed,,The Department of Sanitation investigated this complaint and found no violation at the location.,02/28/2015 12:00:00 PM,08 QUEENS,,QUEENS,1039642,207702,ONLINE,Unspecified,QUEENS,,,,,,,,40.736597195732095,-73.80012151341535,"(40.736597195732095, -73.80012151341535)"
30059317,02/27/2015 02:37:00 PM,02/28/2015 12:00:00 PM,DSNY,Department of Sanitation,Dirty Conditions,E8 Canine Violation,Sidewalk,10309,,,,,ASHLEY LANE,WIRT AVENUE,INTERSECTION,STATEN ISLAND,,N/A,Closed,,The Department of Sanitation investigated this complaint and found no violation at the location.,02/28/2015 12:00:00 PM,03 STATEN ISLAND,,STATEN ISLAND,923640,138848,PHONE,Unspecified,STATEN ISLAND,,,,,,,,40.54757420008942,-74.21808865931402,"(40.54757420008942, -74.21808865931402)"
30057262,02/27/2015 02:32:00 PM,02/28/2015 12:00:00 PM,DSNY,Department of Sanitation,Dirty Conditions,E8 Canine Violation,Sidewalk,10456,,,,,FINDLAY AVENUE,EAST 168 STREET,INTERSECTION,BRONX,,N/A,Closed,,The Department of Sanitation investigated this complaint and found no violation at the location.,02/28/2015 12:00:00 PM,04 BRONX,,BRONX,1008562,242817,PHONE,Unspecified,BRONX,,,,,,,,40.8331184934145,-73.91214449722825,"(40.8331184934145, -73.91214449722825)"
30059316,02/27/2015 02:30:00 PM,02/28/2015 12:00:00 PM,DSNY,Department of Sanitation,Dirty Conditions,E8 Canine Violation,Sidewalk,11355,43-67 157 STREET,157 STREET,43 AVENUE,45 AVENUE,,,ADDRESS,Flushing,,N/A,Closed,,The Department of Sanitation investigated this complaint and found no violation at the location.,02/28/2015 12:00:00 PM,07 QUEENS,4054150002,QUEENS,1037187,215735,PHONE,Unspecified,QUEENS,,,,,,,,40.7586607435304,-73.80891696435782,"(40.7586607435304, -73.80891696435782)"
30061283,02/27/2015 01:23:00 PM,02/28/2015 12:00:00 PM,DSNY,Department of Sanitation,Dirty Conditions,E8 Canine Violation,Sidewalk,11361,,,,,217 STREET,47 ROAD,INTERSECTION,Bayside,,N/A,Closed,,The Department of Sanitation investigated this complaint and found no violation at the location.,02/28/2015 12:00:00 PM,11 QUEENS,,QUEENS,1049740,215120,PHONE,Unspecified,QUEENS,,,,,,,,40.75688866156554,-73.76361145609992,"(40.75688866156554, -73.76361145609992)"
30061284,02/27/2015 11:10:00 AM,02/28/2015 12:00:00 PM,DSNY,Department of Sanitation,Dirty Conditions,E8 Canine Violation,Sidewalk,11368,,,,,PENROD STREET,MARTENSE AVENUE,INTERSECTION,Corona,,N/A,Closed,,The Department of Sanitation investigated this complaint and found no violation at the location.,02/28/2015 12:00:00 PM,04 QUEENS,,QUEENS,1023863,208871,PHONE,Unspecified,QUEENS,,,,,,,,40.7398905544843,-73.85705202007404,"(40.7398905544843, -73.85705202007404)"
30060307,02/27/2015 10:57:00 AM,02/28/2015 12:00:00 PM,DSNY,Department of Sanitation,Dirty Conditions,E8 Canine Violation,Sidewalk,11355,56-29 138 STREET,138 STREET,56 AVENUE,BOOTH MEMORIAL AVENUE,,,ADDRESS,Flushing,,N/A,Closed,,The Department of Sanitation investigated this complaint and found no violation at the location.,02/28/2015 12:00:00 PM,07 QUEENS,4051330017,QUEENS,1032189,211778,PHONE,Unspecified,QUEENS,,,,,,,,40.7478283152936,-73.8269860617002,"(40.7478283152936, -73.8269860617002)"
30059162,02/27/2015 10:06:00 AM,02/28/2015 12:00:00 PM,DSNY,Department of Sanitation,Dirty Conditions,E8 Canine Violation,Sidewalk,10021,,,,,EAST 76 STREET,YORK AVENUE,INTERSECTION,NEW YORK,,N/A,Closed,,The Department of Sanitation investigated this complaint and found no violation at the location.,02/28/2015 12:00:00 PM,08 MANHATTAN,,MANHATTAN,997585,219608,PHONE,Unspecified,MANHATTAN,,,,,,,,40.76943954754253,-73.9518578159899,"(40.76943954754253, -73.9518578159899)"
30059176,02/27/2015 09:54:00 AM,03/09/2015 12:00:00 PM,DSNY,Department of Sanitation,Dirty Conditions,E8 Canine Violation,Sidewalk,,,,,,BRUCKNER BOULEVARD,PUGSLEY AVENUE,INTERSECTION,,,N/A,Closed,,The Department of Sanitation investigated this complaint and found no violation at the location.,03/09/2015 12:00:00 PM,09 BRONX,,BRONX,,,PHONE,Unspecified,BRONX,,,,,,,,,,
30061958,02/27/2015 08:54:00 AM,02/27/2015 12:00:00 PM,DSNY,Department of Sanitation,Dirty Conditions,E8 Canine Violation,Sidewalk,11419,132-07 95 AVENUE,95 AVENUE,132 STREET,133 STREET,,,ADDRESS,South Richmond Hill,,N/A,Closed,,The Department of Sanitation investigated this complaint and found no violation at the location.,02/27/2015 12:00:00 PM,09 QUEENS,4094480042,QUEENS,1035164,192702,PHONE,Unspecified,QUEENS,,,,,,,,40.695452790351155,-73.816393491097,"(40.695452790351155, -73.816393491097)"
30052970,02/26/2015 11:28:00 PM,03/13/2015 12:00:00 PM,DSNY,Department of Sanitation,Dirty Conditions,E8 Canine Violation,Sidewalk,11217,657A DEGRAW STREET,DEGRAW STREET,4 AVENUE,5 AVENUE,,,ADDRESS,BROOKLYN,,N/A,Closed,,The Department of Sanitation investigated this complaint and found no violation at the location.,03/13/2015 12:00:00 PM,06 BROOKLYN,3009460076,BROOKLYN,989483,186392,ONLINE,Unspecified,BROOKLYN,,,,,,,,40.678278196733665,-73.98113358356157,"(40.678278196733665, -73.98113358356157)"
30054148,02/26/2015 09:59:00 PM,02/27/2015 12:00:00 PM,DSNY,Department of Sanitation,Dirty Conditions,E8 Canine Violation,Sidewalk,10032,,,,,WEST 154 STREET,AMSTERDAM AVENUE,INTERSECTION,NEW YORK,,N/A,Closed,,The Department of Sanitation investigated this complaint and found no violation at the location.,02/27/2015 12:00:00 PM,09 MANHATTAN,,MANHATTAN,999893,241998,PHONE,Unspecified,MANHATTAN,,,,,,,,40.83089018370784,-73.94347328611317,"(40.83089018370784, -73.94347328611317)"
30049617,02/26/2015 07:51:00 PM,03/10/2015 12:00:00 PM,DSNY,Department of Sanitation,Dirty Conditions,E8 Canine Violation,Sidewalk,11230,,,,,AVENUE O,EAST 18 STREET,INTERSECTION,BROOKLYN,,N/A,Closed,,The Department of Sanitation investigated this complaint and found no violation at the location.,03/10/2015 12:00:00 PM,14 BROOKLYN,,BROOKLYN,996404,162711,PHONE,Unspecified,BROOKLYN,,,,,,,,40.61327217670492,-73.95622412802601,"(40.61327217670492, -73.95622412802601)"
30047417,02/26/2015 07:49:00 PM,03/26/2015 12:00:00 PM,DSNY,Department of Sanitation,Dirty Conditions,E8 Canine Violation,Sidewalk,11230,,,,,EAST 19 STREET,AVENUE O,INTERSECTION,BROOKLYN,,N/A,Closed,,The Department of Sanitation investigated this complaint and found no violation at the location.,03/26/2015 12:00:00 PM,14 BROOKLYN,,BROOKLYN,996665,162749,PHONE,Unspecified,BROOKLYN,,,,,,,,40.6133761169991,-73.95528399722265,"(40.6133761169991, -73.95528399722265)"
30048516,02/26/2015 06:09:00 PM,02/27/2015 12:00:00 PM,DSNY,Department of Sanitation,Dirty Conditions,E8 Canine Violation,Sidewalk,10455,477 WALES AVENUE,WALES AVENUE,EAST 145 STREET,EAST 147 STREET,,,ADDRESS,BRONX,,N/A,Closed,,The Department of Sanitation investigated this complaint and found no violation at the location.,02/27/2015 12:00:00 PM,01 BRONX,,BRONX,1009731,234726,PHONE,Unspecified,BRONX,,,,,,,,40.810907703908676,-73.90795084621107,"(40.810907703908676, -73.90795084621107)"
30050769,02/26/2015 05:32:00 PM,02/27/2015 12:00:00 PM,DSNY,Department of Sanitation,Dirty Conditions,E8 Canine Violation,Sidewalk,11221,,,,,SUYDAM STREET,BUSHWICK AVENUE,INTERSECTION,BROOKLYN,,N/A,Closed,,The Department of Sanitation investigated this complaint and found no violation at the location.,02/27/2015 12:00:00 PM,04 BROOKLYN,,BROOKLYN,1003360,193096,ONLINE,Unspecified,BROOKLYN,,,,,,,,40.69666005288431,-73.93108414752595,"(40.69666005288431, -73.93108414752595)"
30051799,02/26/2015 04:55:00 PM,02/27/2015 12:00:00 PM,DSNY,Department of Sanitation,Dirty Conditions,E8 Canine Violation,Sidewalk,10468,2665 GRAND CONCOURSE,GRAND CONCOURSE,EAST KINGSBRIDGE ROAD,EAST 196 STREET,,,ADDRESS,BRONX,,N/A,Closed,,The Department of Sanitation investigated this complaint and found no violation at the location.,02/27/2015 12:00:00 PM,07 BRONX,2033140065,BRONX,1013532,254953,PHONE,Unspecified,BRONX,,,,,,,,40.86641311943987,-73.89413157905763,"(40.86641311943987, -73.89413157905763)"
30051847,02/26/2015 03:08:00 PM,03/28/2015 12:00:00 PM,DSNY,Department of Sanitation,Dirty Conditions,E8 Canine Violation,Sidewalk,11230,,,,,AVENUE J,EAST 19 STREET,INTERSECTION,BROOKLYN,,N/A,Closed,,The Department of Sanitation investigated this complaint and found no violation at the location.,03/28/2015 12:00:00 PM,14 BROOKLYN,,BROOKLYN,996021,167201,PHONE,Unspecified,BROOKLYN,,,,,,,,40.62559680836783,-73.9575957759001,"(40.62559680836783, -73.9575957759001)"
30052826,02/26/2015 02:41:00 PM,02/27/2015 12:00:00 PM,DSNY,Department of Sanitation,Dirty Conditions,E8 Canine Violation,Sidewalk,11355,41-48 PARSONS BOULEVARD,PARSONS BOULEVARD,BARCLAY AVENUE,BEND,,,ADDRESS,Flushing,,N/A,Closed,,The Department of Sanitation investigated this complaint and found no violation at the location.,02/27/2015 12:00:00 PM,07 QUEENS,4050490032,QUEENS,1033838,215970,PHONE,Unspecified,QUEENS,,,,,,,,40.75932517435285,-73.82100385041349,"(40.75932517435285, -73.82100385041349)"
30050719,02/26/2015 12:36:00 PM,02/27/2015 12:00:00 PM,DSNY,Department of Sanitation,Dirty Conditions,E8 Canine Violation,Sidewalk,10462,1953 BOGART AVENUE,BOGART AVENUE,RHINELANDER AVENUE,NEILL AVENUE,,,ADDRESS,BRONX,,N/A,Closed,,The Department of Sanitation investigated this complaint and found no violation at the location.,02/27/2015 12:00:00 PM,11 BRONX,2042650041,BRONX,1022920,249106,PHONE,Unspecified,BRONX,,,,,,,,40.85032874449963,-73.86022325617218,"(40.85032874449963, -73.86022325617218)"
30047420,02/26/2015 12:34:00 PM,02/27/2015 12:00:00 PM,DSNY,Department of Sanitation,Dirty Conditions,E8 Canine Violation,Sidewalk,11385,,,,,PUTNAM AVENUE,CYPRESS AVENUE,INTERSECTION,Ridgewood,,N/A,Closed,,The Department of Sanitation investigated this complaint and found no violation at the location.,02/27/2015 12:00:00 PM,05 QUEENS,,QUEENS,1010143,194453,PHONE,Unspecified,QUEENS,,,,,,,,40.70036745265594,-73.90661760568435,"(40.70036745265594, -73.90661760568435)"
30052827,02/26/2015 12:34:00 PM,02/27/2015 12:00:00 PM,DSNY,Department of Sanitation,Dirty Conditions,E8 Canine Violation,Sidewalk,10460,1979 VYSE AVENUE,VYSE AVENUE,EAST TREMONT AVENUE,EAST 178 STREET,,,ADDRESS,BRONX,,N/A,Closed,,The Department of Sanitation investigated this complaint and found no violation at the location.,02/27/2015 12:00:00 PM,06 BRONX,2031260028,BRONX,1016775,245953,PHONE,Unspecified,BRONX,,,,,,,,40.84169946886451,-73.88245026351134,"(40.84169946886451, -73.88245026351134)"
30047051,02/26/2015 11:54:00 AM,02/26/2015 12:00:00 PM,DSNY,Department of Sanitation,Dirty Conditions,E8 Canine Violation,Sidewalk,11415,84-21 BEVERLY ROAD,BEVERLY ROAD,LEFFERTS BOULEVARD,BREVOORT STREET,,,ADDRESS,Kew Gardens,,N/A,Closed,,The Department of Sanitation investigated this complaint and found no violation at the location.,02/26/2015 12:00:00 PM,09 QUEENS,4033330026,QUEENS,1031241,197074,PHONE,Unspecified,QUEENS,,,,,,,,40.707474583950386,-73.83051010508132,"(40.707474583950386, -73.83051010508132)"
30051345,02/26/2015 11:09:00 AM,02/26/2015 12:00:00 PM,DSNY,Department of Sanitation,Dirty Conditions,E8 Canine Violation,Sidewalk,11372,37-17 75 STREET,75 STREET,BEND,37 ROAD,,,ADDRESS,Jackson Heights,,N/A,Closed,,The Department of Sanitation investigated this complaint and found no violation at the location.,02/26/2015 12:00:00 PM,03 QUEENS,4012860027,QUEENS,1014512,211984,PHONE,Unspecified,QUEENS,,,,,,,,40.74847189493069,-73.89078211197938,"(40.74847189493069, -73.89078211197938)"
30051842,02/26/2015 09:15:00 AM,03/28/2015 12:00:00 PM,DSNY,Department of Sanitation,Dirty Conditions,E8 Canine Violation,Sidewalk,11234,1669 HENDRICKSON STREET,HENDRICKSON STREET,AVENUE P,QUENTIN ROAD,,,ADDRESS,BROOKLYN,,N/A,Closed,,The Department of Sanitation investigated this complaint and found no violation at the location.,03/28/2015 12:00:00 PM,18 BROOKLYN,3078660011,BROOKLYN,1002811,164450,PHONE,Unspecified,BROOKLYN,,,,,,,,40.61803426567372,-73.93314283596347,"(40.61803426567372, -73.93314283596347)"
30047450,02/26/2015 08:24:00 AM,03/28/2015 12:00:00 PM,DSNY,Department of Sanitation,Dirty Conditions,E8 Canine Violation,Sidewalk,11218,373 MCDONALD AVENUE,MCDONALD AVENUE,ALBEMARLE ROAD,CHURCH AVENUE,,,ADDRESS,BROOKLYN,,N/A,Closed,,The Department of Sanitation investigated this complaint and found no violation at the location.,03/28/2015 12:00:00 PM,12 BROOKLYN,3053340001,BROOKLYN,989858,174158,PHONE,Unspecified,BROOKLYN,,,,,,,,40.64469833886835,-73.9797917798412,"(40.64469833886835, -73.9797917798412)"
30051798,02/26/2015 07:55:00 AM,03/25/2015 12:00:00 PM,DSNY,Department of Sanitation,Dirty Conditions,E8 Canine Violation,Sidewalk,11233,2305 PACIFIC STREET,PACIFIC STREET,ROCKAWAY AVENUE,EASTERN PARKWAY,,,ADDRESS,BROOKLYN,,N/A,Closed,,The Department of Sanitation investigated this complaint and found no violation at the location.,03/25/2015 12:00:00 PM,16 BROOKLYN,3014350060,BROOKLYN,1009357,185379,PHONE,Unspecified,BROOKLYN,,,,,,,,40.67546368338948,-73.90948610582213,"(40.67546368338948, -73.90948610582213)"
30049630,02/26/2015 06:48:00 AM,03/24/2015 12:00:00 PM,DSNY,Department of Sanitation,Dirty Conditions,E8 Canine Violation,Sidewalk,11220,,,,,54 STREET,3 AVENUE,INTERSECTION,BROOKLYN,,N/A,Closed,,The Department of Sanitation investigated this complaint and found no violation at the location.,03/24/2015 12:00:00 PM,07 BROOKLYN,,BROOKLYN,979558,174430,PHONE,Unspecified,BROOKLYN,,,,,,,,40.64544545286325,-74.01690763737992,"(40.64544545286325, -74.01690763737992)"
30041856,02/25/2015 08:05:00 PM,02/25/2015 08:05:00 PM,DSNY,Department of Sanitation,Dirty Conditions,E8 Canine Violation,Sidewalk,11416,97-19 78 STREET,78 STREET,97 AVENUE,101 AVENUE,,,ADDRESS,Ozone Park,,N/A,Closed,,The Department of Sanitation investigated this complaint and found no violation at the location.,02/25/2015 08:05:00 PM,09 QUEENS,4090500059,QUEENS,1023026,187591,ONLINE,Unspecified,QUEENS,,,,,,,,40.68148579450575,-73.86019498245983,"(40.68148579450575, -73.86019498245983)"
30045222,02/25/2015 07:50:00 PM,02/26/2015 12:00:00 PM,DSNY,Department of Sanitation,Dirty Conditions,E8 Canine Violation,Sidewalk,10467,,,,,EAST 205 STREET,PERRY AVENUE,INTERSECTION,BRONX,,N/A,Closed,,The Department of Sanitation investigated this complaint and found no violation at the location.,02/26/2015 12:00:00 PM,07 BRONX,,BRONX,1018124,257774,PHONE,Unspecified,BRONX,,,,,,,,40.874139467516635,-73.87751506381505,"(40.874139467516635, -73.87751506381505)"
30045212,02/25/2015 04:45:00 PM,02/27/2015 12:00:00 PM,DSNY,Department of Sanitation,Dirty Conditions,E8 Canine Violation,Sidewalk,11213,,,,,STERLING PLACE,BROOKLYN AVENUE,INTERSECTION,BROOKLYN,,N/A,Closed,,The Department of Sanitation investigated this complaint and found no violation at the location.,02/27/2015 12:00:00 PM,08 BROOKLYN,,BROOKLYN,999587,184192,PHONE,Unspecified,BROOKLYN,,,,,,,,40.67222795382551,-73.94471087380683,"(40.67222795382551, -73.94471087380683)"
30042762,02/25/2015 04:01:00 PM,02/26/2015 12:00:00 PM,DSNY,Department of Sanitation,Dirty Conditions,E8 Canine Violation,Sidewalk,10461,,,,,ROBERTS AVENUE,JARVIS AVENUE,INTERSECTION,BRONX,,N/A,Closed,,The Department of Sanitation investigated this complaint and found no violation at the location.,02/26/2015 12:00:00 PM,10 BRONX,,BRONX,1031447,247527,PHONE,Unspecified,BRONX,,,,,,,,40.845953400739305,-73.82941271190096,"(40.845953400739305, -73.82941271190096)"
30038381,02/25/2015 03:54:00 PM,02/27/2015 12:00:00 PM,DSNY,Department of Sanitation,Dirty Conditions,E8 Canine Violation,Sidewalk,11221,905 WILLOUGHBY AVENUE,WILLOUGHBY AVENUE,BROADWAY,BUSHWICK AVENUE,,,ADDRESS,BROOKLYN,,N/A,Closed,,The Department of Sanitation investigated this complaint and found no violation at the location.,02/27/2015 12:00:00 PM,04 BROOKLYN,3031940041,BROOKLYN,1002963,193005,ONLINE,Unspecified,BROOKLYN,,,,,,,,40.69641112749132,-73.93251608964329,"(40.69641112749132, -73.93251608964329)"
30039668,02/25/2015 02:59:00 PM,02/26/2015 12:00:00 PM,DSNY,Department of Sanitation,Dirty Conditions,E8 Canine Violation,Sidewalk,10456,894 EAGLE AVENUE,EAGLE AVENUE,EAST 161 STREET,EAST 163 STREET,,,ADDRESS,BRONX,,N/A,Closed,,"The Department of Sanitation has investigated the complaint and addressed the issue. If the problem persists, call 311 to enter a new complaint. If you are outside of New York City, please call (212) NEW-YORK (212-639-9675).",02/26/2015 12:00:00 PM,03 BRONX,2026270003,BRONX,1009624,238908,PHONE,Unspecified,BRONX,,,,,,,,40.82238642284935,-73.9083215682326,"(40.82238642284935, -73.9083215682326)"
30045299,02/25/2015 09:55:00 AM,02/26/2015 12:00:00 PM,DSNY,Department of Sanitation,Dirty Conditions,E8 Canine Violation,Sidewalk,10034,91 PAYSON AVENUE,PAYSON AVENUE,BEAK STREET,BEND,,,ADDRESS,NEW YORK,,N/A,Closed,,The Department of Sanitation investigated this complaint and found no violation at the location.,02/26/2015 12:00:00 PM,12 MANHATTAN,1022480001,MANHATTAN,1004484,255542,PHONE,Unspecified,MANHATTAN,,,,,,,,40.86805512153512,-73.92684262510265,"(40.86805512153512, -73.92684262510265)"
30041617,02/25/2015 09:38:00 AM,02/26/2015 12:00:00 PM,DSNY,Department of Sanitation,Dirty Conditions,E8 Canine Violation,Sidewalk,10459,,,,,HOE AVENUE,ALDUS STREET,INTERSECTION,BRONX,,N/A,Closed,,The Department of Sanitation investigated this complaint and found no violation at the location.,02/26/2015 12:00:00 PM,02 BRONX,,BRONX,1014578,239190,PHONE,Unspecified,BRONX,,,,,,,,40.82314481234778,-73.89042108518653,"(40.82314481234778, -73.89042108518653)"
30042992,02/25/2015 09:36:00 AM,03/23/2015 12:00:00 PM,DSNY,Department of Sanitation,Dirty Conditions,E8 Canine Violation,Sidewalk,11207,712 NEW LOTS AVENUE,NEW LOTS AVENUE,WARWICK STREET,WARWICK STREET,,,ADDRESS,BROOKLYN,,N/A,Closed,,The Department of Sanitation investigated this complaint and found no violation at the location.,03/23/2015 12:00:00 PM,05 BROOKLYN,3043110104,BROOKLYN,1016423,181864,PHONE,Unspecified,BROOKLYN,,,,,,,,40.66579294273858,-73.88402908982803,"(40.66579294273858, -73.88402908982803)"
30038012,02/25/2015 07:24:00 AM,02/25/2015 12:00:00 PM,DSNY,Department of Sanitation,Dirty Conditions,E8 Canine Violation,Sidewalk,11208,692 CLEVELAND STREET,CLEVELAND STREET,DUMONT AVENUE,BEND,,,ADDRESS,BROOKLYN,,N/A,Closed,,The Department of Sanitation investigated this complaint and found no violation at the location.,02/25/2015 12:00:00 PM,05 BROOKLYN,3040800034,BROOKLYN,1016808,182459,PHONE,Unspecified,BROOKLYN,,,,,,,,40.6674246765589,-73.88263844562026,"(40.6674246765589, -73.88263844562026)"
30043758,02/25/2015 07:20:00 AM,02/25/2015 12:00:00 PM,DSNY,Department of Sanitation,Dirty Conditions,E8 Canine Violation,Sidewalk,11355,134-12 59 AVENUE,59 AVENUE,LAWRENCE STREET,136 STREET,,,ADDRESS,Flushing,,N/A,Closed,,The Department of Sanitation investigated this complaint and found no violation at the location.,02/25/2015 12:00:00 PM,07 QUEENS,4063690099,QUEENS,1031046,210524,PHONE,Unspecified,QUEENS,,,,,,,,40.744392528716496,-73.83111991335632,"(40.744392528716496, -73.83111991335632)"
30028264,02/24/2015 06:24:00 PM,02/25/2015 12:00:00 PM,DSNY,Department of Sanitation,Dirty Conditions,E8 Canine Violation,Sidewalk,11214,11 BAY   28 STREET,BAY   28 STREET,86 STREET,BENSON AVENUE,,,ADDRESS,BROOKLYN,,N/A,Closed,,The Department of Sanitation investigated this complaint and found no violation at the location.,02/25/2015 12:00:00 PM,11 BROOKLYN,3063790036,BROOKLYN,985436,158755,ONLINE,Unspecified,BROOKLYN,,,,,,,,40.60242202311818,-73.99572899911236,"(40.60242202311818, -73.99572899911236)"
30033357,02/24/2015 02:52:00 PM,03/09/2015 12:00:00 PM,DSNY,Department of Sanitation,Dirty Conditions,E8 Canine Violation,Sidewalk,10469,947 EAST  214 STREET,EAST  214 STREET,BRONXWOOD AVENUE,PAULDING AVENUE,,,ADDRESS,BRONX,,N/A,Closed,,The Department of Sanitation investigated this complaint and found no violation at the location.,03/09/2015 12:00:00 PM,12 BRONX,2046850007,BRONX,1023594,259186,PHONE,Unspecified,BRONX,,,,,,,,40.87799227876087,-73.85772784053788,"(40.87799227876087, -73.85772784053788)"
30035902,02/24/2015 12:47:00 PM,02/25/2015 12:00:00 PM,DSNY,Department of Sanitation,Dirty Conditions,E8 Canine Violation,Sidewalk,11357,,,,,15 DRIVE,149 STREET,INTERSECTION,Whitestone,,N/A,Closed,,The Department of Sanitation investigated this complaint and found no violation at the location.,02/25/2015 12:00:00 PM,07 QUEENS,,QUEENS,1035103,225606,ONLINE,Unspecified,QUEENS,,,,,,,,40.78576623170028,-73.81636471827885,"(40.78576623170028, -73.81636471827885)"
30033360,02/24/2015 12:44:00 PM,02/25/2015 12:00:00 PM,DSNY,Department of Sanitation,Dirty Conditions,E8 Canine Violation,Sidewalk,11357,,,,,17 AVENUE,149 STREET,INTERSECTION,Whitestone,,N/A,Closed,,The Department of Sanitation investigated this complaint and found no violation at the location.,02/25/2015 12:00:00 PM,07 QUEENS,,QUEENS,1035050,225088,ONLINE,Unspecified,QUEENS,,,,,,,,40.78434476773667,-73.81656002320177,"(40.78434476773667, -73.81656002320177)"
30031925,02/24/2015 08:46:00 AM,02/25/2015 12:00:00 PM,DSNY,Department of Sanitation,Dirty Conditions,E8 Canine Violation,Sidewalk,11206,890 FLUSHING AVENUE,FLUSHING AVENUE,BUSHWICK AVENUE,STANWIX STREET,,,ADDRESS,BROOKLYN,,N/A,Closed,,The Department of Sanitation investigated this complaint and found no violation at the location.,02/25/2015 12:00:00 PM,04 BROOKLYN,3031390012,BROOKLYN,1001933,195072,PHONE,Unspecified,BROOKLYN,,,,,,,,40.70208667656569,-73.93622510731538,"(40.70208667656569, -73.93622510731538)"
30032071,02/24/2015 08:24:00 AM,02/26/2015 12:00:00 PM,DSNY,Department of Sanitation,Dirty Conditions,E8 Canine Violation,Sidewalk,10309,60 GUNTON PLACE,GUNTON PLACE,TOTTEN STREET,ROSSVILLE AVENUE,,,ADDRESS,STATEN ISLAND,,N/A,Closed,,The Department of Sanitation investigated this complaint and found no violation at the location.,02/26/2015 12:00:00 PM,03 STATEN ISLAND,5061580019,STATEN ISLAND,925708,139919,PHONE,Unspecified,STATEN ISLAND,,,,,,,,40.550527774048945,-74.21065681844911,"(40.550527774048945, -74.21065681844911)"
30022005,02/23/2015 09:33:00 PM,02/25/2015 12:00:00 PM,DSNY,Department of Sanitation,Dirty Conditions,E8 Canine Violation,Sidewalk,11104,43-18 39 PLACE,39 PLACE,43 AVENUE,QUEENS BOULEVARD,,,ADDRESS,Sunnyside,,N/A,Closed,,The Department of Sanitation investigated this complaint and found no violation at the location.,02/25/2015 12:00:00 PM,02 QUEENS,4001910030,QUEENS,1005048,210786,ONLINE,Unspecified,QUEENS,,,,,,,,40.74521101028101,-73.9249421008862,"(40.74521101028101, -73.9249421008862)"
30024262,02/23/2015 08:03:00 PM,02/25/2015 12:00:00 PM,DSNY,Department of Sanitation,Dirty Conditions,E8 Canine Violation,Sidewalk,11374,,,,,WETHEROLE STREET,64 ROAD,INTERSECTION,Rego Park,,N/A,Closed,,The Department of Sanitation investigated this complaint and found no violation at the location.,02/25/2015 12:00:00 PM,06 QUEENS,,QUEENS,1022619,204264,PHONE,Unspecified,QUEENS,,,,,,,,40.72725097296383,-73.86156739962115,"(40.72725097296383, -73.86156739962115)"
30023031,02/23/2015 05:19:00 PM,02/24/2015 12:00:00 PM,DSNY,Department of Sanitation,Dirty Conditions,E8 Canine Violation,Sidewalk,11435,88-84 138 STREET,138 STREET,JAMAICA AVENUE,90 AVENUE,,,ADDRESS,Jamaica,,N/A,Closed,,The Department of Sanitation investigated this complaint and found no violation at the location.,02/24/2015 12:00:00 PM,12 QUEENS,4099700022,QUEENS,1035586,195180,PHONE,Unspecified,QUEENS,,,,,,,,40.70225186924364,-73.8148527878791,"(40.70225186924364, -73.8148527878791)"
30023308,02/23/2015 02:53:00 PM,02/25/2015 12:00:00 PM,DSNY,Department of Sanitation,Dirty Conditions,E8 Canine Violation,Sidewalk,11367,150-51 78 ROAD,78 ROAD,150 STREET,153 STREET,,,ADDRESS,Flushing,,N/A,Closed,,The Department of Sanitation investigated this complaint and found no violation at the location.,02/25/2015 12:00:00 PM,08 QUEENS,4067100008,QUEENS,1035979,201917,ONLINE,Unspecified,QUEENS,,,,,,,,40.72074100165505,-73.81338364446759,"(40.72074100165505, -73.81338364446759)"
30024544,02/23/2015 12:56:00 PM,02/24/2015 12:00:00 PM,DSNY,Department of Sanitation,Dirty Conditions,E8 Canine Violation,Sidewalk,10025,792 COLUMBUS AVENUE,COLUMBUS AVENUE,WEST 100 STREET,AMSTERDAM AVENUE,,,ADDRESS,NEW YORK,,N/A,Closed,,The Department of Sanitation investigated this complaint and found no violation at the location.,02/24/2015 12:00:00 PM,07 MANHATTAN,1018520031,MANHATTAN,993458,229068,ONLINE,Unspecified,MANHATTAN,,,,,,,,40.79540999565012,-73.96674419547618,"(40.79540999565012, -73.96674419547618)"
30017846,02/23/2015 10:27:00 AM,02/23/2015 12:00:00 PM,DSNY,Department of Sanitation,Dirty Conditions,E8 Canine Violation,Sidewalk,10036,530 WEST   45 STREET,WEST   45 STREET,AMTRAK RAILROAD,11 AVENUE,,,ADDRESS,NEW YORK,,N/A,Closed,,The Department of Sanitation investigated this complaint and found no violation at the location.,02/23/2015 12:00:00 PM,04 MANHATTAN,1010737501,MANHATTAN,985504,216942,ONLINE,Unspecified,MANHATTAN,,,,,,,,40.762132035879276,-73.99547329041934,"(40.762132035879276, -73.99547329041934)"
30018206,02/23/2015 10:16:00 AM,02/25/2015 12:00:00 PM,DSNY,Department of Sanitation,Dirty Conditions,E8 Canine Violation,Sidewalk,11358,36-16 169 STREET,169 STREET,CROCHERON AVENUE,DEPOT ROAD,,,ADDRESS,Flushing,,N/A,Closed,,The Department of Sanitation investigated this complaint and found no violation at the location.,02/25/2015 12:00:00 PM,07 QUEENS,4052950008,QUEENS,1040460,217162,ONLINE,Unspecified,QUEENS,,,,,,,,40.76255727959615,-73.79709075159383,"(40.76255727959615, -73.79709075159383)"
30016984,02/23/2015 10:04:00 AM,02/25/2015 12:00:00 PM,DSNY,Department of Sanitation,Dirty Conditions,E8 Canine Violation,Sidewalk,11358,36-29 169 STREET,169 STREET,CROCHERON AVENUE,DEPOT ROAD,,,ADDRESS,Flushing,,N/A,Closed,,The Department of Sanitation investigated this complaint and found no violation at the location.,02/25/2015 12:00:00 PM,07 QUEENS,4052960040,QUEENS,1040466,217159,ONLINE,Unspecified,QUEENS,,,,,,,,40.7625490072409,-73.79706911770418,"(40.7625490072409, -73.79706911770418)"
30019482,02/23/2015 08:08:00 AM,02/25/2015 12:00:00 PM,DSNY,Department of Sanitation,Dirty Conditions,E8 Canine Violation,Sidewalk,10457,,,,,EAST 180 STREET,BATHGATE AVENUE,INTERSECTION,BRONX,,N/A,Closed,,The Department of Sanitation investigated this complaint and found no violation at the location.,02/25/2015 12:00:00 PM,06 BRONX,,BRONX,1013357,249367,PHONE,Unspecified,BRONX,,,,,,,,40.85108181557838,-73.8947885441733,"(40.85108181557838, -73.8947885441733)"
30019485,02/23/2015 01:50:00 AM,02/25/2015 12:00:00 PM,DSNY,Department of Sanitation,Dirty Conditions,E8 Canine Violation,Sidewalk,10472,,,,,BOYNTON AVENUE,WATSON AVENUE,INTERSECTION,BRONX,,N/A,Closed,,The Department of Sanitation investigated this complaint and found no violation at the location.,02/25/2015 12:00:00 PM,09 BRONX,,BRONX,1018110,240290,PHONE,Unspecified,BRONX,,,,,,,,40.82615116376492,-73.87765398540142,"(40.82615116376492, -73.87765398540142)"
30012204,02/22/2015 11:12:00 AM,02/26/2015 12:00:00 PM,DSNY,Department of Sanitation,Dirty Conditions,E8 Canine Violation,Sidewalk,10467,,,,,CRUGER AVENUE,ALLERTON AVENUE,INTERSECTION,BRONX,,N/A,Closed,,The Department of Sanitation investigated this complaint and found no violation at the location.,02/26/2015 12:00:00 PM,11 BRONX,,BRONX,1021219,254612,PHONE,Unspecified,BRONX,,,,,,,,40.8654483328415,-73.86634132102408,"(40.8654483328415, -73.86634132102408)"
30015882,02/22/2015 10:26:00 AM,02/25/2015 12:00:00 PM,DSNY,Department of Sanitation,Dirty Conditions,E8 Canine Violation,Sidewalk,11415,123-60 83 AVENUE,83 AVENUE,KEW GARDENS ROAD,HOOVER AVENUE,,,ADDRESS,Kew Gardens,,N/A,Closed,,The Department of Sanitation investigated this complaint and found no violation at the location.,02/25/2015 12:00:00 PM,09 QUEENS,4096310241,QUEENS,1032311,198549,ONLINE,Unspecified,QUEENS,,,,,,,,40.711517354141726,-73.82664024749755,"(40.711517354141726, -73.82664024749755)"
30004614,02/21/2015 04:22:00 PM,02/23/2015 12:00:00 PM,DSNY,Department of Sanitation,Dirty Conditions,E8 Canine Violation,Sidewalk,10035,,,,,WEST 126 STREET,5 AVENUE,INTERSECTION,NEW YORK,,N/A,Closed,,The Department of Sanitation investigated this complaint and found no violation at the location.,02/23/2015 12:00:00 PM,10 MANHATTAN,,MANHATTAN,1000370,233327,PHONE,Unspecified,MANHATTAN,,,,,,,,40.80708987708298,-73.9417704531478,"(40.80708987708298, -73.9417704531478)"
29999305,02/20/2015 05:19:00 PM,02/21/2015 12:00:00 PM,DSNY,Department of Sanitation,Dirty Conditions,E8 Canine Violation,Sidewalk,10013,177 MULBERRY STREET,MULBERRY STREET,GRAND STREET,BROOME STREET,,,ADDRESS,NEW YORK,,N/A,Closed,,The Department of Sanitation investigated this complaint and found no violation at the location.,02/21/2015 12:00:00 PM,02 MANHATTAN,1004710014,MANHATTAN,985105,201712,ONLINE,Unspecified,MANHATTAN,,,,,,,,40.72032952514841,-73.99691554295998,"(40.72032952514841, -73.99691554295998)"
29997220,02/20/2015 02:03:00 PM,02/21/2015 12:00:00 PM,DSNY,Department of Sanitation,Dirty Conditions,E8 Canine Violation,Sidewalk,10031,,,,,WEST 149 STREET,AMSTERDAM AVENUE,INTERSECTION,NEW YORK,,N/A,Closed,,The Department of Sanitation investigated this complaint and found no violation at the location.,02/21/2015 12:00:00 PM,09 MANHATTAN,,MANHATTAN,999264,240863,PHONE,Unspecified,MANHATTAN,,,,,,,,40.82777602579847,-73.94574874659783,"(40.82777602579847, -73.94574874659783)"
29997247,02/20/2015 12:50:00 PM,02/21/2015 12:00:00 PM,DSNY,Department of Sanitation,Dirty Conditions,E8 Canine Violation,Sidewalk,11234,,,,,AVENUE N,EAST 72 STREET,INTERSECTION,BROOKLYN,,N/A,Closed,,The Department of Sanitation investigated this complaint and found no violation at the location.,02/21/2015 12:00:00 PM,18 BROOKLYN,,BROOKLYN,1009171,166421,PHONE,Unspecified,BROOKLYN,,,,,,,,40.623428640743064,-73.9102267025382,"(40.623428640743064, -73.9102267025382)"
29997790,02/20/2015 12:45:00 PM,02/24/2015 12:00:00 PM,DSNY,Department of Sanitation,Dirty Conditions,E8 Canine Violation,Sidewalk,10459,750 JENNINGS STREET,JENNINGS STREET,UNION AVENUE,PROSPECT AVENUE,,,ADDRESS,BRONX,,N/A,Closed,,The Department of Sanitation investigated this complaint and found no violation at the location.,02/24/2015 12:00:00 PM,03 BRONX,2029690001,BRONX,1012456,242348,ONLINE,Unspecified,BRONX,,,,,,,,40.83181964631455,-73.89807485686529,"(40.83181964631455, -73.89807485686529)"
29988286,02/19/2015 07:30:00 PM,02/24/2015 12:00:00 PM,DSNY,Department of Sanitation,Dirty Conditions,E8 Canine Violation,Sidewalk,10458,2414 BELMONT AVENUE,BELMONT AVENUE,EAST 187 STREET,EAST 188 STREET,,,ADDRESS,BRONX,,N/A,Closed,,The Department of Sanitation investigated this complaint and found no violation at the location.,02/24/2015 12:00:00 PM,06 BRONX,2030750006,BRONX,1015811,250863,ONLINE,Unspecified,BRONX,,,,,,,,40.85517945631178,-73.88591117347879,"(40.85517945631178, -73.88591117347879)"
29989263,02/19/2015 05:13:00 PM,02/20/2015 12:00:00 PM,DSNY,Department of Sanitation,Dirty Conditions,E8 Canine Violation,Sidewalk,10075,437 EAST   80 STREET,EAST   80 STREET,1 AVENUE,YORK AVENUE,,,ADDRESS,NEW YORK,,N/A,Closed,,The Department of Sanitation investigated this complaint and found no violation at the location.,02/20/2015 12:00:00 PM,08 MANHATTAN,1015600016,MANHATTAN,997817,220737,ONLINE,Unspecified,MANHATTAN,,,,,,,,40.772538004639436,-73.9510179677064,"(40.772538004639436, -73.9510179677064)"
29991510,02/19/2015 03:55:00 PM,02/20/2015 12:00:00 PM,DSNY,Department of Sanitation,Dirty Conditions,E8 Canine Violation,Sidewalk,11231,21 LUQUER STREET,LUQUER STREET,COLUMBIA STREET,HICKS STREET,,,ADDRESS,BROOKLYN,,N/A,Closed,,The Department of Sanitation investigated this complaint and found no violation at the location.,02/20/2015 12:00:00 PM,06 BROOKLYN,3005130041,BROOKLYN,982900,186633,PHONE,Unspecified,BROOKLYN,,,,,,,,40.67894113101723,-74.00486717278694,"(40.67894113101723, -74.00486717278694)"
29987206,02/19/2015 01:59:00 PM,02/24/2015 12:00:00 PM,DSNY,Department of Sanitation,Dirty Conditions,E8 Canine Violation,Sidewalk,10461,1740 MULFORD AVENUE,MULFORD AVENUE,ROBERTS AVENUE,LIBBY PLACE,,,ADDRESS,BRONX,,N/A,Closed,,The Department of Sanitation investigated this complaint and found no violation at the location.,02/24/2015 12:00:00 PM,10 BRONX,2041610001,BRONX,1029845,247681,ONLINE,Unspecified,BRONX,,,,,,,,40.84638450215681,-73.83520186706808,"(40.84638450215681, -73.83520186706808)"
29986018,02/19/2015 10:34:00 AM,02/25/2015 12:00:00 PM,DSNY,Department of Sanitation,Dirty Conditions,E8 Canine Violation,Sidewalk,10452,1382 SHAKESPEARE AVENUE,SHAKESPEARE AVENUE,EDWARD L GRANT HIGHWAY,JESUP PLACE,,,ADDRESS,BRONX,,N/A,Closed,,The Department of Sanitation investigated this complaint and found no violation at the location.,02/25/2015 12:00:00 PM,04 BRONX,2028720007,BRONX,1005950,245880,PHONE,Unspecified,BRONX,,,,,,,,40.84153234116512,-73.92157348351579,"(40.84153234116512, -73.92157348351579)"
29987155,02/19/2015 10:22:00 AM,02/20/2015 12:00:00 PM,DSNY,Department of Sanitation,Dirty Conditions,E8 Canine Violation,Sidewalk,10314,103 MULBERRY AVENUE,MULBERRY AVENUE,BOWLING GREEN PLACE,SLEEPY HOLLOW ROAD,,,ADDRESS,STATEN ISLAND,,N/A,Closed,,The Department of Sanitation investigated this complaint and found no violation at the location.,02/20/2015 12:00:00 PM,02 STATEN ISLAND,5021160036,STATEN ISLAND,937702,156104,PHONE,Unspecified,STATEN ISLAND,,,,,,,,40.59502341050608,-74.16760931065073,"(40.59502341050608, -74.16760931065073)"
29982843,02/18/2015 09:54:00 PM,03/23/2015 12:00:00 PM,DSNY,Department of Sanitation,Dirty Conditions,E8 Canine Violation,Sidewalk,11237,,,,,DEKALB AVENUE,KNICKERBOCKER AVENUE,INTERSECTION,BROOKLYN,,N/A,Closed,,The Department of Sanitation investigated this complaint and found no violation at the location.,03/23/2015 12:00:00 PM,04 BROOKLYN,,BROOKLYN,1005771,194717,PHONE,Unspecified,BROOKLYN,,,,,,,,40.70110378324054,-73.9223842510617,"(40.70110378324054, -73.9223842510617)"
29975348,02/18/2015 03:50:00 PM,02/23/2015 12:00:00 PM,DSNY,Department of Sanitation,Dirty Conditions,E8 Canine Violation,Sidewalk,11375,63-11 110 STREET,110 STREET,63 AVENUE,63 ROAD,,,ADDRESS,Forest Hills,,N/A,Closed,,The Department of Sanitation investigated this complaint and found no violation at the location.,02/23/2015 12:00:00 PM,06 QUEENS,4021810004,QUEENS,1026305,207234,PHONE,Unspecified,QUEENS,,,,,,,,40.73538612630976,-73.84825003823013,"(40.73538612630976, -73.84825003823013)"
29977469,02/18/2015 03:28:00 PM,02/23/2015 12:00:00 PM,DSNY,Department of Sanitation,Dirty Conditions,E8 Canine Violation,Sidewalk,11435,,,,,148 STREET,84 DRIVE,INTERSECTION,Jamaica,,N/A,Closed,,The Department of Sanitation investigated this complaint and found no violation at the location.,02/23/2015 12:00:00 PM,08 QUEENS,,QUEENS,1036799,198687,PHONE,Unspecified,QUEENS,,,,,,,,40.71187061320659,-73.81045065485638,"(40.71187061320659, -73.81045065485638)"
29978609,02/18/2015 03:07:00 PM,02/20/2015 12:00:00 PM,DSNY,Department of Sanitation,Dirty Conditions,E8 Canine Violation,Sidewalk,11207,302 WYONA STREET,WYONA STREET,PITKIN AVENUE,BELMONT AVENUE,,,ADDRESS,BROOKLYN,,N/A,Closed,,The Department of Sanitation investigated this complaint and issued a Notice of Violation.,02/20/2015 12:00:00 PM,05 BROOKLYN,3037400001,BROOKLYN,1013977,183942,PHONE,Unspecified,BROOKLYN,,,,,,,,40.671505135482214,-73.89283677753191,"(40.671505135482214, -73.89283677753191)"
29978610,02/18/2015 02:13:00 PM,02/23/2015 12:00:00 PM,DSNY,Department of Sanitation,Dirty Conditions,E8 Canine Violation,Sidewalk,11374,98-41 QUEENS BOULEVARD,QUEENS BOULEVARD,65 ROAD,66 AVENUE,,,ADDRESS,Rego Park,,N/A,Closed,,The Department of Sanitation investigated this complaint and found no violation at the location.,02/23/2015 12:00:00 PM,06 QUEENS,4021040001,QUEENS,1023982,204562,ONLINE,Unspecified,QUEENS,,,,,,,,40.72806289204952,-73.85664804250655,"(40.72806289204952, -73.85664804250655)"
29981750,02/18/2015 12:13:00 PM,02/20/2015 12:00:00 PM,DSNY,Department of Sanitation,Dirty Conditions,E8 Canine Violation,Sidewalk,10009,930 EAST    4 WALK,EAST    4 WALK,DEAD END,FDR DRIVE EXIT 5 SOUTHBOUND,,,ADDRESS,NEW YORK,,N/A,Closed,,The Department of Sanitation investigated this complaint and found no violation at the location.,02/20/2015 12:00:00 PM,03 MANHATTAN,1003560001,MANHATTAN,990757,201846,PHONE,Unspecified,MANHATTAN,,,,,,,,40.72069497106423,-73.97652552953349,"(40.72069497106423, -73.97652552953349)"
29979716,02/18/2015 10:26:00 AM,02/23/2015 12:00:00 PM,DSNY,Department of Sanitation,Dirty Conditions,E8 Canine Violation,Sidewalk,11375,,,,,66 ROAD,YELLOWSTONE BOULEVARD,INTERSECTION,Forest Hills,,N/A,Closed,,The Department of Sanitation investigated this complaint and found no violation at the location.,02/23/2015 12:00:00 PM,06 QUEENS,,QUEENS,1025977,204963,PHONE,Unspecified,QUEENS,,,,,,,,40.729154351505656,-73.84944766490909,"(40.729154351505656, -73.84944766490909)"
29966736,02/17/2015 05:08:00 PM,02/26/2015 12:00:00 PM,DSNY,Department of Sanitation,Dirty Conditions,E8 Canine Violation,Sidewalk,10468,2665 GRAND CONCOURSE,GRAND CONCOURSE,EAST KINGSBRIDGE ROAD,EAST 196 STREET,,,ADDRESS,BRONX,,N/A,Closed,,The Department of Sanitation investigated this complaint and found no violation at the location.,02/26/2015 12:00:00 PM,07 BRONX,2033140065,BRONX,1013532,254953,PHONE,Unspecified,BRONX,,,,,,,,40.86641311943987,-73.89413157905763,"(40.86641311943987, -73.89413157905763)"
29969203,02/17/2015 05:06:00 PM,02/26/2015 12:00:00 PM,DSNY,Department of Sanitation,Dirty Conditions,E8 Canine Violation,Sidewalk,10468,2720 JEROME AVENUE,JEROME AVENUE,WEST 195 STREET,EAST 196 STREET,,,ADDRESS,BRONX,,N/A,Closed,,The Department of Sanitation investigated this complaint and found no violation at the location.,02/26/2015 12:00:00 PM,07 BRONX,2033170023,BRONX,1012910,255815,PHONE,Unspecified,BRONX,,,,,,,,40.86878108676623,-73.8963767174122,"(40.86878108676623, -73.8963767174122)"
29966751,02/17/2015 05:02:00 PM,02/26/2015 12:00:00 PM,DSNY,Department of Sanitation,Dirty Conditions,E8 Canine Violation,Sidewalk,10458,390 BEDFORD PARK BOULEVARD,BEDFORD PARK BOULEVARD,DECATUR AVENUE,WEBSTER AVENUE,,,ADDRESS,BRONX,,N/A,Closed,,The Department of Sanitation investigated this complaint and found no violation at the location.,02/26/2015 12:00:00 PM,07 BRONX,2032790062,BRONX,1016373,255363,PHONE,Unspecified,BRONX,,,,,,,,40.867528562464706,-73.88385805274596,"(40.867528562464706, -73.88385805274596)"
29971651,02/17/2015 03:51:00 PM,03/24/2015 12:00:00 PM,DSNY,Department of Sanitation,Dirty Conditions,E8 Canine Violation,Sidewalk,11215,11A FULLER PLACE,FULLER PLACE,WINDSOR PLACE,PROSPECT AVENUE,,,ADDRESS,BROOKLYN,,N/A,Closed,,The Department of Sanitation investigated this complaint and found no violation at the location.,03/24/2015 12:00:00 PM,07 BROOKLYN,3011140122,BROOKLYN,989907,179263,PHONE,Unspecified,BROOKLYN,,,,,,,,40.65871042125459,-73.97961092839809,"(40.65871042125459, -73.97961092839809)"
29967983,02/17/2015 10:35:00 AM,02/20/2015 12:00:00 PM,DSNY,Department of Sanitation,Dirty Conditions,E8 Canine Violation,Sidewalk,10019,322 WEST   57 STREET,WEST   57 STREET,8 AVENUE,9 AVENUE,,,ADDRESS,NEW YORK,,N/A,Closed,,The Department of Sanitation investigated this complaint and found no violation at the location.,02/20/2015 12:00:00 PM,04 MANHATTAN,1010477503,MANHATTAN,988750,218744,PHONE,Unspecified,MANHATTAN,,,,,,,,40.76707700429356,-73.98375462066865,"(40.76707700429356, -73.98375462066865)"
29957192,02/16/2015 10:45:00 PM,02/24/2015 12:00:00 PM,DSNY,Department of Sanitation,Dirty Conditions,E8 Canine Violation,Sidewalk,11691,,,,,SEAGIRT AVENUE,BEACH 4 STREET,INTERSECTION,Far Rockaway,,N/A,Closed,,The Department of Sanitation investigated this complaint and found no violation at the location.,02/24/2015 12:00:00 PM,14 QUEENS,,QUEENS,1056529,156505,PHONE,Unspecified,QUEENS,,,,,,,,40.59595158215282,-73.7397350649637,"(40.59595158215282, -73.7397350649637)"
29954344,02/16/2015 10:15:00 PM,02/23/2015 12:00:00 PM,DSNY,Department of Sanitation,Dirty Conditions,E8 Canine Violation,Sidewalk,11361,42-38 212 STREET,212 STREET,42 AVENUE,43 AVENUE,,,ADDRESS,Bayside,,N/A,Closed,,The Department of Sanitation investigated this complaint and found no violation at the location.,02/23/2015 12:00:00 PM,11 QUEENS,,QUEENS,1047394,216899,ONLINE,Unspecified,QUEENS,,,,,,,,40.761788609939124,-73.77206268070567,"(40.761788609939124, -73.77206268070567)"
29961441,02/16/2015 05:41:00 PM,03/23/2015 12:00:00 PM,DSNY,Department of Sanitation,Dirty Conditions,E8 Canine Violation,Sidewalk,11237,1361 GREENE AVENUE,GREENE AVENUE,KNICKERBOCKER AVENUE,IRVING AVENUE,,,ADDRESS,BROOKLYN,,N/A,Closed,,The Department of Sanitation investigated this complaint and found no violation at the location.,03/23/2015 12:00:00 PM,04 BROOKLYN,3032890039,BROOKLYN,1007073,194292,ONLINE,Unspecified,BROOKLYN,,,,,,,,40.69993399588666,-73.91769001512115,"(40.69993399588666, -73.91769001512115)"
29960057,02/16/2015 05:26:00 PM,02/24/2015 12:00:00 PM,DSNY,Department of Sanitation,Dirty Conditions,E8 Canine Violation,Sidewalk,11215,,,,,22 STREET,5 AVENUE,INTERSECTION,BROOKLYN,,N/A,Closed,,The Department of Sanitation investigated this complaint and found no violation at the location.,02/24/2015 12:00:00 PM,07 BROOKLYN,,BROOKLYN,985914,180020,PHONE,Unspecified,BROOKLYN,,,,,,,,40.6607898702783,-73.99400239128924,"(40.6607898702783, -73.99400239128924)"
29955741,02/16/2015 05:21:00 PM,03/23/2015 12:00:00 PM,DSNY,Department of Sanitation,Dirty Conditions,E8 Canine Violation,Sidewalk,11218,295 OCEAN PARKWAY,OCEAN PARKWAY,BEVERLY ROAD,AVENUE C,,,ADDRESS,BROOKLYN,,N/A,Closed,,The Department of Sanitation investigated this complaint and found no violation at the location.,03/23/2015 12:00:00 PM,12 BROOKLYN,3053580077,BROOKLYN,991502,173239,PHONE,Unspecified,BROOKLYN,,,,,,,,40.64217468806764,-73.97386867496752,"(40.64217468806764, -73.97386867496752)"
29960075,02/16/2015 02:40:00 PM,02/20/2015 12:00:00 PM,DSNY,Department of Sanitation,Dirty Conditions,E8 Canine Violation,Sidewalk,10009,246 EAST   10 STREET,EAST   10 STREET,1 AVENUE,AVENUE A,,,ADDRESS,NEW YORK,,N/A,Closed,,The Department of Sanitation investigated this complaint and found no violation at the location.,02/20/2015 12:00:00 PM,03 MANHATTAN,1004370008,MANHATTAN,988655,204734,ONLINE,Unspecified,MANHATTAN,,,,,,,,40.728623126665,-73.98410675518188,"(40.728623126665, -73.98410675518188)"
29957224,02/16/2015 02:32:00 PM,02/26/2015 12:00:00 PM,DSNY,Department of Sanitation,Dirty Conditions,E8 Canine Violation,Sidewalk,10467,3525 PERRY AVENUE,PERRY AVENUE,EAST GUN HILL ROAD,EAST 211 STREET,,,ADDRESS,BRONX,,N/A,Closed,,The Department of Sanitation investigated this complaint and found no violation at the location.,02/26/2015 12:00:00 PM,07 BRONX,2033560014,BRONX,1019012,259682,PHONE,Unspecified,BRONX,,,,,,,,40.87937287999524,-73.87429425000688,"(40.87937287999524, -73.87429425000688)"
29959889,02/16/2015 11:47:00 AM,02/25/2015 12:00:00 PM,DSNY,Department of Sanitation,Dirty Conditions,E8 Canine Violation,Sidewalk,10463,,,,,REVIEW PLACE,WEST 238 STREET,INTERSECTION,BRONX,,N/A,Closed,,The Department of Sanitation investigated this complaint and found no violation at the location.,02/25/2015 12:00:00 PM,Unspecified BRONX,,BRONX,1011984,261656,ONLINE,Unspecified,BRONX,,,,,,,,40.884815774539646,-73.8997005849581,"(40.884815774539646, -73.8997005849581)"
29961433,02/16/2015 11:15:00 AM,02/20/2015 12:00:00 PM,DSNY,Department of Sanitation,Dirty Conditions,E8 Canine Violation,Sidewalk,10030,224 WEST  140 STREET,WEST  140 STREET,7 AVENUE,8 AVENUE,,,ADDRESS,NEW YORK,,N/A,Closed,,The Department of Sanitation investigated this complaint and found no violation at the location.,02/20/2015 12:00:00 PM,10 MANHATTAN,1020250055,MANHATTAN,1000204,237619,PHONE,Unspecified,MANHATTAN,,,,,,,,40.818870519310444,-73.94235988556676,"(40.818870519310444, -73.94235988556676)"
29961254,02/16/2015 10:39:00 AM,03/23/2015 12:00:00 PM,DSNY,Department of Sanitation,Dirty Conditions,E8 Canine Violation,Sidewalk,11214,1429 SHORE PARKWAY,SHORE PARKWAY,19 AVENUE,20 AVENUE,,,ADDRESS,BROOKLYN,,N/A,Closed,,The Department of Sanitation investigated this complaint and found no violation at the location.,03/23/2015 12:00:00 PM,11 BROOKLYN,3064680016,BROOKLYN,982607,157397,ONLINE,Unspecified,BROOKLYN,,,,,,,,40.598694515551706,-74.00591641038264,"(40.598694515551706, -74.00591641038264)"
29955743,02/16/2015 09:13:00 AM,02/24/2015 12:00:00 PM,DSNY,Department of Sanitation,Dirty Conditions,E8 Canine Violation,Sidewalk,10459,1148 WEST FARMS ROAD,WEST FARMS ROAD,EAST 167 STREET,BRYANT AVENUE,,,ADDRESS,BRONX,,N/A,Closed,,The Department of Sanitation investigated this complaint and found no violation at the location.,02/24/2015 12:00:00 PM,03 BRONX,2027540008,BRONX,1014891,240809,PHONE,Unspecified,BRONX,,,,,,,,40.82758742317808,-73.88928278406505,"(40.82758742317808, -73.88928278406505)"
29953433,02/15/2015 12:08:00 PM,02/19/2015 12:00:00 PM,DSNY,Department of Sanitation,Dirty Conditions,E8 Canine Violation,Sidewalk,11207,363 STANLEY AVENUE,STANLEY AVENUE,ANNA COURT,LOUISIANA AVENUE,,,ADDRESS,BROOKLYN,,N/A,Closed,,The Department of Sanitation investigated this complaint and found no violation at the location.,02/19/2015 12:00:00 PM,05 BROOKLYN,3043410013,BROOKLYN,1013582,177890,ONLINE,Unspecified,BROOKLYN,,,,,,,,40.65489506435321,-73.89428704523533,"(40.65489506435321, -73.89428704523533)"
29950884,02/15/2015 11:21:00 AM,02/23/2015 12:00:00 PM,DSNY,Department of Sanitation,Dirty Conditions,E8 Canine Violation,Sidewalk,11372,,,,,90 STREET,34 AVENUE,INTERSECTION,Jackson Heights,,N/A,Closed,,The Department of Sanitation investigated this complaint and found no violation at the location.,02/23/2015 12:00:00 PM,03 QUEENS,,QUEENS,1018162,214190,ONLINE,Unspecified,QUEENS,,,,,,,,40.75451355677196,-73.87759787217223,"(40.75451355677196, -73.87759787217223)"
29945875,02/14/2015 07:33:00 PM,02/23/2015 12:00:00 PM,DSNY,Department of Sanitation,Dirty Conditions,E8 Canine Violation,Sidewalk,11375,99-15 67 ROAD,67 ROAD,AUSTIN STREET,BOOTH STREET,,,ADDRESS,Forest Hills,,N/A,Closed,,The Department of Sanitation investigated this complaint and found no violation at the location.,02/23/2015 12:00:00 PM,06 QUEENS,4031680067,QUEENS,1024636,203133,ONLINE,Unspecified,QUEENS,,,,,,,,40.72413767814166,-73.85429700867543,"(40.72413767814166, -73.85429700867543)"
29943712,02/14/2015 04:53:00 PM,02/23/2015 12:00:00 PM,DSNY,Department of Sanitation,Dirty Conditions,E8 Canine Violation,Sidewalk,11105,21-31 27 STREET,27 STREET,21 AVENUE,DITMARS BOULEVARD,,,ADDRESS,Astoria,,N/A,Closed,,The Department of Sanitation investigated this complaint and found no violation at the location.,02/23/2015 12:00:00 PM,01 QUEENS,4008570021,QUEENS,1008688,223050,ONLINE,Unspecified,QUEENS,,,,,,,,40.778863209568286,-73.9117611299178,"(40.778863209568286, -73.9117611299178)"
29945161,02/14/2015 04:21:00 PM,02/23/2015 12:00:00 PM,DSNY,Department of Sanitation,Dirty Conditions,E8 Canine Violation,Sidewalk,11105,,,,,27 STREET,DITMARS BOULEVARD,INTERSECTION,Astoria,,N/A,Closed,,The Department of Sanitation investigated this complaint and found no violation at the location.,02/23/2015 12:00:00 PM,01 QUEENS,,QUEENS,1008325,222663,ONLINE,Unspecified,QUEENS,,,,,,,,40.77780199337012,-73.91307320847268,"(40.77780199337012, -73.91307320847268)"
29945151,02/14/2015 02:33:00 PM,02/19/2015 12:00:00 PM,DSNY,Department of Sanitation,Dirty Conditions,E8 Canine Violation,Sidewalk,11204,1746 67 STREET,67 STREET,17 AVENUE,18 AVENUE,,,ADDRESS,BROOKLYN,,N/A,Closed,,The Department of Sanitation investigated this complaint and found no violation at the location.,02/19/2015 12:00:00 PM,11 BROOKLYN,3055680020,BROOKLYN,986262,164617,PHONE,Unspecified,BROOKLYN,,,,,,,,40.618511859429226,-73.99275267692481,"(40.618511859429226, -73.99275267692481)"
29945938,02/14/2015 12:11:00 PM,02/19/2015 12:00:00 PM,DSNY,Department of Sanitation,Dirty Conditions,E8 Canine Violation,Sidewalk,11228,1531 74 STREET,74 STREET,15 AVENUE,16 AVENUE,,,ADDRESS,BROOKLYN,,N/A,Closed,,The Department of Sanitation investigated this complaint and found no condition at the location.,02/19/2015 12:00:00 PM,11 BROOKLYN,3062020065,BROOKLYN,983809,164346,ONLINE,Unspecified,BROOKLYN,,,,,,,,40.617768238175756,-74.00158848601767,"(40.617768238175756, -74.00158848601767)"
29946723,02/14/2015 09:47:00 AM,02/23/2015 12:00:00 PM,DSNY,Department of Sanitation,Dirty Conditions,E8 Canine Violation,Sidewalk,11385,,,,,64 PLACE,78 AVENUE,INTERSECTION,Ridgewood,,N/A,Closed,,The Department of Sanitation investigated this complaint and found no violation at the location.,02/23/2015 12:00:00 PM,05 QUEENS,,QUEENS,1014531,193358,PHONE,Unspecified,QUEENS,,,,,,,,40.69734800803842,-73.89079734235379,"(40.69734800803842, -73.89079734235379)"
29935949,02/13/2015 05:09:00 PM,02/25/2015 12:00:00 PM,DSNY,Department of Sanitation,Dirty Conditions,E8 Canine Violation,Sidewalk,11416,,,,,80 STREET,95 AVENUE,INTERSECTION,Ozone Park,,N/A,Closed,,The Department of Sanitation investigated this complaint and found no violation at the location.,02/25/2015 12:00:00 PM,09 QUEENS,,QUEENS,1023027,188320,ONLINE,Unspecified,QUEENS,,,,,,,,40.683486726632445,-73.860187181902,"(40.683486726632445, -73.860187181902)"
29940434,02/13/2015 04:45:00 PM,02/23/2015 12:00:00 PM,DSNY,Department of Sanitation,Dirty Conditions,E8 Canine Violation,Sidewalk,11368,,,,,45 AVENUE,NATIONAL STREET,INTERSECTION,Corona,,N/A,Closed,,The Department of Sanitation investigated this complaint and found no violation at the location.,02/23/2015 12:00:00 PM,04 QUEENS,,QUEENS,1021877,211009,PHONE,Unspecified,QUEENS,,,,,,,,40.74576749645923,-73.86420675324803,"(40.74576749645923, -73.86420675324803)"
29934828,02/13/2015 04:22:00 PM,02/20/2015 12:00:00 PM,DSNY,Department of Sanitation,Dirty Conditions,E8 Canine Violation,Sidewalk,10037,,,,,EAST 130 STREET,PARK AVENUE,INTERSECTION,NEW YORK,,N/A,Closed,,The Department of Sanitation investigated this complaint and found no violation at the location.,02/20/2015 12:00:00 PM,11 MANHATTAN,,MANHATTAN,1001768,233740,PHONE,Unspecified,MANHATTAN,,,,,,,,40.80822078632821,-73.93671944494388,"(40.80822078632821, -73.93671944494388)"
29938182,02/13/2015 03:33:00 PM,02/18/2015 12:00:00 PM,DSNY,Department of Sanitation,Dirty Conditions,E8 Canine Violation,Sidewalk,11206,81 PULASKI STREET,PULASKI STREET,MARCY AVENUE,TOMPKINS AVENUE,,,ADDRESS,BROOKLYN,,N/A,Closed,,The Department of Sanitation investigated this complaint and found no violation at the location.,02/18/2015 12:00:00 PM,03 BROOKLYN,3017710001,BROOKLYN,998689,191587,PHONE,Unspecified,BROOKLYN,,,,,,,,40.69252705224368,-73.94793227273658,"(40.69252705224368, -73.94793227273658)"
29933799,02/13/2015 03:31:00 PM,02/23/2015 12:00:00 PM,DSNY,Department of Sanitation,Dirty Conditions,E8 Canine Violation,Sidewalk,10469,940 EAST  212 STREET,EAST  212 STREET,TILDEN STREET,PAULDING AVENUE,,,ADDRESS,BRONX,,N/A,Closed,,The Department of Sanitation investigated this complaint and found no violation at the location.,02/23/2015 12:00:00 PM,12 BRONX,2046820055,BRONX,1023423,258665,PHONE,Unspecified,BRONX,,,,,,,,40.87656305735748,-73.85834924049581,"(40.87656305735748, -73.85834924049581)"
29934887,02/13/2015 03:13:00 PM,02/23/2015 12:00:00 PM,DSNY,Department of Sanitation,Dirty Conditions,E8 Canine Violation,Sidewalk,11435,140-82 BURDEN CRESCENT,BURDEN CRESCENT,BEND,BEND,,,ADDRESS,Jamaica,,N/A,Closed,,The Department of Sanitation investigated this complaint and found no violation at the location.,02/23/2015 12:00:00 PM,08 QUEENS,4097130136,QUEENS,1035300,198493,PHONE,Unspecified,QUEENS,,,,,,,,40.71134690656893,-73.81585914825634,"(40.71134690656893, -73.81585914825634)"
29934888,02/13/2015 02:33:00 PM,02/20/2015 12:00:00 PM,DSNY,Department of Sanitation,Dirty Conditions,E8 Canine Violation,Sidewalk,10025,,,,,WEST 109 STREET,BROADWAY,INTERSECTION,NEW YORK,,N/A,Closed,,The Department of Sanitation investigated this complaint and found no violation at the location.,02/20/2015 12:00:00 PM,07 MANHATTAN,,MANHATTAN,993347,232040,PHONE,Unspecified,MANHATTAN,,,,,,,,40.80356743918114,-73.96714105897546,"(40.80356743918114, -73.96714105897546)"
29933790,02/13/2015 12:33:00 PM,02/24/2015 12:00:00 PM,DSNY,Department of Sanitation,Dirty Conditions,E8 Canine Violation,Sidewalk,10461,2908 ROBERTS AVENUE,ROBERTS AVENUE,EDISON AVENUE,PLYMOUTH AVENUE,,,ADDRESS,BRONX,,N/A,Closed,,The Department of Sanitation investigated this complaint and found no violation at the location.,02/24/2015 12:00:00 PM,10 BRONX,2041650028,BRONX,1030650,247303,ONLINE,Unspecified,BRONX,,,,,,,,40.845342811715895,-73.8322949054631,"(40.845342811715895, -73.8322949054631)"
29932722,02/13/2015 12:09:00 PM,02/19/2015 12:00:00 PM,DSNY,Department of Sanitation,Dirty Conditions,E8 Canine Violation,Sidewalk,11228,1314 71 STREET,71 STREET,13 AVENUE,14 AVENUE,,,ADDRESS,BROOKLYN,,N/A,Closed,,The Department of Sanitation investigated this complaint and found no violation at the location.,02/19/2015 12:00:00 PM,10 BROOKLYN,3061780012,BROOKLYN,982997,165977,ONLINE,Unspecified,BROOKLYN,,,,,,,,40.62224491601947,-74.00451362012639,"(40.62224491601947, -74.00451362012639)"
29933787,02/13/2015 11:24:00 AM,02/24/2015 12:00:00 PM,DSNY,Department of Sanitation,Dirty Conditions,E8 Canine Violation,Sidewalk,10462,2198 CRUGER AVENUE,CRUGER AVENUE,LYDIG AVENUE,PELHAM PARKWAY,,,ADDRESS,BRONX,,N/A,Closed,,The Department of Sanitation investigated this complaint and found no violation at the location.,02/24/2015 12:00:00 PM,11 BRONX,2043190025,BRONX,1021145,251285,PHONE,Unspecified,BRONX,,,,,,,,40.85631703985628,-73.86662717636435,"(40.85631703985628, -73.86662717636435)"
29940473,02/13/2015 09:33:00 AM,02/23/2015 12:00:00 PM,DSNY,Department of Sanitation,Dirty Conditions,E8 Canine Violation,Sidewalk,10473,,,,,STORY AVENUE,PUGSLEY AVENUE,INTERSECTION,BRONX,,N/A,Closed,,The Department of Sanitation investigated this complaint and found no violation at the location.,02/23/2015 12:00:00 PM,09 BRONX,,BRONX,1024201,239746,PHONE,Unspecified,BRONX,,,,,,,,40.82463259040648,-73.85564870923928,"(40.82463259040648, -73.85564870923928)"
29938119,02/13/2015 09:30:00 AM,02/14/2015 12:00:00 PM,DSNY,Department of Sanitation,Dirty Conditions,E8 Canine Violation,Sidewalk,10312,177 LAREDO AVENUE,LAREDO AVENUE,POMPEY AVENUE,ANNADALE ROAD,,,ADDRESS,STATEN ISLAND,,N/A,Closed,,The Department of Sanitation investigated this complaint and found no violation at the location.,02/14/2015 12:00:00 PM,03 STATEN ISLAND,5056330025,STATEN ISLAND,935996,139374,ONLINE,Unspecified,STATEN ISLAND,,,,,,,,40.549093797686275,-74.17363282481907,"(40.549093797686275, -74.17363282481907)"
29935874,02/13/2015 07:27:00 AM,02/24/2015 12:00:00 PM,DSNY,Department of Sanitation,Dirty Conditions,E8 Canine Violation,Sidewalk,10462,2181 WALLACE AVENUE,WALLACE AVENUE,LYDIG AVENUE,PELHAM PARKWAY,,,ADDRESS,BRONX,,N/A,Closed,,The Department of Sanitation investigated this complaint and found no violation at the location.,02/24/2015 12:00:00 PM,11 BRONX,2043200042,BRONX,1021657,251121,PHONE,Unspecified,BRONX,,,,,,,,40.8558647549037,-73.86477725055627,"(40.8558647549037, -73.86477725055627)"
29932723,02/13/2015 07:11:00 AM,02/18/2015 12:00:00 PM,DSNY,Department of Sanitation,Dirty Conditions,E8 Canine Violation,Sidewalk,11234,2221 EAST 70 STREET,EAST 70 STREET,AVENUE V,AVENUE W,,,ADDRESS,BROOKLYN,,N/A,Closed,,The Department of Sanitation investigated this complaint and found no violation at the location.,02/18/2015 12:00:00 PM,18 BROOKLYN,3084390032,BROOKLYN,1010402,164178,ONLINE,Unspecified,BROOKLYN,,,,,,,,40.61726852815077,-73.9058009447915,"(40.61726852815077, -73.9058009447915)"
29932714,02/13/2015 06:46:00 AM,02/24/2015 12:00:00 PM,DSNY,Department of Sanitation,Dirty Conditions,E8 Canine Violation,Sidewalk,10460,1480 BRYANT AVENUE,BRYANT AVENUE,JENNINGS STREET,EAST 172 STREET,,,ADDRESS,BRONX,,N/A,Closed,,The Department of Sanitation investigated this complaint and found no violation at the location.,02/24/2015 12:00:00 PM,03 BRONX,2030000057,BRONX,1015357,242528,PHONE,Unspecified,BRONX,,,,,,,,40.83230395293679,-73.88759098556473,"(40.83230395293679, -73.88759098556473)"
29925833,02/12/2015 11:32:00 PM,02/23/2015 12:00:00 PM,DSNY,Department of Sanitation,Dirty Conditions,E8 Canine Violation,Sidewalk,11427,208-34 GRAND CENTRAL PKW,GRAND CENTRAL PKW,208 STREET,86 DRIVE,,,ADDRESS,Queens Village,,N/A,Closed,,The Department of Sanitation investigated this complaint and found no violation at the location.,02/23/2015 12:00:00 PM,08 QUEENS,,QUEENS,1050338,203635,ONLINE,Unspecified,QUEENS,,,,,,,,40.72536086235786,-73.76156580298327,"(40.72536086235786, -73.76156580298327)"
29927892,02/12/2015 06:02:00 PM,02/24/2015 12:00:00 PM,DSNY,Department of Sanitation,Dirty Conditions,E8 Canine Violation,Sidewalk,11385,75-21 MYRTLE AVENUE,MYRTLE AVENUE,75 STREET,76 STREET,,,ADDRESS,Ridgewood,,N/A,Closed,,The Department of Sanitation investigated this complaint and found no violation at the location.,02/24/2015 12:00:00 PM,05 QUEENS,4038250034,QUEENS,1019398,195265,ONLINE,Unspecified,QUEENS,,,,,,,,40.70256427997334,-73.87323550464001,"(40.70256427997334, -73.87323550464001)"
29931626,02/12/2015 05:36:00 PM,02/19/2015 12:00:00 PM,DSNY,Department of Sanitation,Dirty Conditions,E8 Canine Violation,Sidewalk,,,,,,CENTRAL AVENUE,SUYDAM STREET,INTERSECTION,,,N/A,Closed,,The Department of Sanitation investigated this complaint and found no violation at the location.,02/19/2015 12:00:00 PM,04 BROOKLYN,,BROOKLYN,,,PHONE,Unspecified,BROOKLYN,,,,,,,,,,
29929830,02/12/2015 05:27:00 PM,02/25/2015 12:00:00 PM,DSNY,Department of Sanitation,Dirty Conditions,E8 Canine Violation,Sidewalk,11434,,,,,MERRICK BOULEVARD,FOCH BOULEVARD,INTERSECTION,Jamaica,,N/A,Closed,,The Department of Sanitation investigated this complaint and found no violation at the location.,02/25/2015 12:00:00 PM,12 QUEENS,,QUEENS,1046688,189655,PHONE,Unspecified,QUEENS,,,,,,,,40.687015703658076,-73.77486394917298,"(40.687015703658076, -73.77486394917298)"
29927893,02/12/2015 04:18:00 PM,02/23/2015 12:00:00 PM,DSNY,Department of Sanitation,Dirty Conditions,E8 Canine Violation,Sidewalk,11357,151-01 21 AVENUE,21 AVENUE,MURRAY STREET,154 STREET,,,ADDRESS,Whitestone,,N/A,Closed,,The Department of Sanitation investigated this complaint and found no violation at the location.,02/23/2015 12:00:00 PM,07 QUEENS,4047080070,QUEENS,1036394,223387,PHONE,Unspecified,QUEENS,,,,,,,,40.77966815761902,-73.81172002506501,"(40.77966815761902, -73.81172002506501)"
29924885,02/12/2015 04:17:00 PM,02/18/2015 12:00:00 PM,DSNY,Department of Sanitation,Dirty Conditions,E8 Canine Violation,Sidewalk,11221,125 SUYDAM STREET,SUYDAM STREET,EVERGREEN AVENUE,CENTRAL AVENUE,,,ADDRESS,BROOKLYN,,N/A,Closed,,The Department of Sanitation investigated this complaint and found no violation at the location.,02/18/2015 12:00:00 PM,04 BROOKLYN,3032070145,BROOKLYN,1004217,193799,PHONE,Unspecified,BROOKLYN,,,,,,,,40.69858773144131,-73.92799148998343,"(40.69858773144131, -73.92799148998343)"
29929897,02/12/2015 03:58:00 PM,02/25/2015 12:00:00 PM,DSNY,Department of Sanitation,Dirty Conditions,E8 Canine Violation,Sidewalk,11105,20-24 31 STREET,31 STREET,20 ROAD,21 AVENUE,,,ADDRESS,Astoria,,N/A,Closed,,The Department of Sanitation investigated this complaint and found no violation at the location.,02/25/2015 12:00:00 PM,01 QUEENS,4008480044,QUEENS,1009981,223137,ONLINE,Unspecified,QUEENS,,,,,,,,40.779098331946315,-73.90709213418204,"(40.779098331946315, -73.90709213418204)"
29930871,02/12/2015 03:38:00 PM,02/25/2015 12:00:00 PM,DSNY,Department of Sanitation,Dirty Conditions,E8 Canine Violation,Sidewalk,11422,253-50 149 AVENUE,149 AVENUE,253 STREET,WELLER LANE,,,ADDRESS,Rosedale,,N/A,Closed,,The Department of Sanitation investigated this complaint and found no violation at the location.,02/25/2015 12:00:00 PM,13 QUEENS,4136550001,QUEENS,1057394,177294,PHONE,Unspecified,QUEENS,,,,,,,,40.653005675867774,-73.73639509148241,"(40.653005675867774, -73.73639509148241)"
29930829,02/12/2015 03:32:00 PM,02/19/2015 12:00:00 PM,DSNY,Department of Sanitation,Dirty Conditions,E8 Canine Violation,Sidewalk,11233,1618 LINCOLN PLACE,LINCOLN PLACE,BUFFALO AVENUE,RALPH AVENUE,,,ADDRESS,BROOKLYN,,N/A,Closed,,The Department of Sanitation investigated this complaint and found no violation at the location.,02/19/2015 12:00:00 PM,08 BROOKLYN,3013930039,BROOKLYN,1005523,183133,PHONE,Unspecified,BROOKLYN,,,,,,,,40.66930896306297,-73.92331523895884,"(40.66930896306297, -73.92331523895884)"
29930823,02/12/2015 03:29:00 PM,02/25/2015 12:00:00 PM,DSNY,Department of Sanitation,Dirty Conditions,E8 Canine Violation,Sidewalk,10463,3221 OXFORD AVENUE,OXFORD AVENUE,CAMBRIDGE AVENUE,WEST 235 STREET,,,ADDRESS,BRONX,,N/A,Closed,,The Department of Sanitation investigated this complaint and found no violation at the location.,02/25/2015 12:00:00 PM,08 BRONX,2057860237,BRONX,1009292,261462,ONLINE,Unspecified,BRONX,,,,,,,,40.88429135503719,-73.90943686315275,"(40.88429135503719, -73.90943686315275)"
29924904,02/12/2015 03:25:00 PM,02/18/2015 12:00:00 PM,DSNY,Department of Sanitation,Dirty Conditions,E8 Canine Violation,Sidewalk,11221,1115 GREENE AVENUE,GREENE AVENUE,BUSHWICK AVENUE,EVERGREEN AVENUE,,,ADDRESS,BROOKLYN,,N/A,Closed,,The Department of Sanitation investigated this complaint and found no violation at the location.,02/18/2015 12:00:00 PM,04 BROOKLYN,3032840032,BROOKLYN,1005380,192021,PHONE,Unspecified,BROOKLYN,,,,,,,,40.693704835844066,-73.92380285437477,"(40.693704835844066, -73.92380285437477)"
29927827,02/12/2015 03:11:00 PM,03/23/2015 12:00:00 PM,DSNY,Department of Sanitation,Dirty Conditions,E8 Canine Violation,Sidewalk,11223,146 LAKE STREET,LAKE STREET,AVENUE S,AVENUE T,,,ADDRESS,BROOKLYN,,N/A,Closed,,The Department of Sanitation investigated this complaint and found no violation at the location.,03/23/2015 12:00:00 PM,11 BROOKLYN,3070860025,BROOKLYN,991587,158082,PHONE,Unspecified,BROOKLYN,,,,,,,,40.60057181701091,-73.97357886541849,"(40.60057181701091, -73.97357886541849)"
29926856,02/12/2015 02:54:00 PM,02/24/2015 12:00:00 PM,DSNY,Department of Sanitation,Dirty Conditions,E8 Canine Violation,Sidewalk,11692,141 BEACH   56 PLACE,BEACH   56 PLACE,DEAD END,ROCKAWAY BEACH BOULEVARD,,,ADDRESS,Arverne,,N/A,Closed,,The Department of Sanitation investigated this complaint and found no violation at the location.,02/24/2015 12:00:00 PM,14 QUEENS,4159260001,QUEENS,1043637,154787,PHONE,Unspecified,QUEENS,,,,,,,,40.59133179210731,-73.7861719586252,"(40.59133179210731, -73.7861719586252)"
29931760,02/12/2015 02:28:00 PM,02/20/2015 12:00:00 PM,DSNY,Department of Sanitation,Dirty Conditions,E8 Canine Violation,Sidewalk,10034,4857 BROADWAY,BROADWAY,ACADEMY STREET,WEST 204 STREET,,,ADDRESS,NEW YORK,,N/A,Closed,,The Department of Sanitation investigated this complaint and found no violation at the location.,02/20/2015 12:00:00 PM,12 MANHATTAN,1022380033,MANHATTAN,1005293,255061,ONLINE,Unspecified,MANHATTAN,,,,,,,,40.866733031901,-73.92391914360347,"(40.866733031901, -73.92391914360347)"
29924886,02/12/2015 02:09:00 PM,02/23/2015 12:00:00 PM,DSNY,Department of Sanitation,Dirty Conditions,E8 Canine Violation,Sidewalk,10462,2007 NEWBOLD AVENUE,NEWBOLD AVENUE,CROSS BRONX EXPRESSWAY,OLMSTEAD AVENUE,,,ADDRESS,BRONX,,N/A,Closed,,The Department of Sanitation investigated this complaint and found no violation at the location.,02/23/2015 12:00:00 PM,09 BRONX,2038050078,BRONX,1023882,242664,PHONE,Unspecified,BRONX,,,,,,,,40.83264309260883,-73.85678408299194,"(40.83264309260883, -73.85678408299194)"
29930816,02/12/2015 01:50:00 PM,02/23/2015 12:00:00 PM,DSNY,Department of Sanitation,Dirty Conditions,E8 Canine Violation,Sidewalk,11105,22-45 41 STREET,41 STREET,DITMARS BOULEVARD,23 AVENUE,,,ADDRESS,Astoria,,N/A,Closed,,The Department of Sanitation investigated this complaint and found no violation at the location.,02/23/2015 12:00:00 PM,01 QUEENS,4007940017,QUEENS,1010195,220373,ONLINE,Unspecified,QUEENS,,,,,,,,40.77151125641159,-73.90633010905562,"(40.77151125641159, -73.90633010905562)"
29927879,02/12/2015 01:21:00 PM,02/23/2015 12:00:00 PM,DSNY,Department of Sanitation,Dirty Conditions,E8 Canine Violation,Sidewalk,11354,144-47 ROOSEVELT AVENUE,ROOSEVELT AVENUE,PARSONS BOULEVARD,147 STREET,,,ADDRESS,Flushing,,N/A,Closed,,The Department of Sanitation investigated this complaint and found no violation at the location.,02/23/2015 12:00:00 PM,07 QUEENS,4050240073,QUEENS,1034028,216984,PHONE,Unspecified,QUEENS,,,,,,,,40.76210727064032,-73.82031050745529,"(40.76210727064032, -73.82031050745529)"
29925855,02/12/2015 12:46:00 PM,02/19/2015 12:00:00 PM,DSNY,Department of Sanitation,Dirty Conditions,E8 Canine Violation,Sidewalk,11208,27 LOGAN STREET,LOGAN STREET,JAMAICA AVENUE,ETNA STREET,,,ADDRESS,BROOKLYN,,N/A,Closed,,The Department of Sanitation investigated this complaint and found no violation at the location.,02/19/2015 12:00:00 PM,05 BROOKLYN,3041020008,BROOKLYN,1017838,189296,PHONE,Unspecified,BROOKLYN,,,,,,,,40.68618683259511,-73.87889154420162,"(40.68618683259511, -73.87889154420162)"
29930817,02/12/2015 12:38:00 PM,02/23/2015 12:00:00 PM,DSNY,Department of Sanitation,Dirty Conditions,E8 Canine Violation,Sidewalk,10467,,,,,BRONX BOULEVARD,EAST 213 STREET,INTERSECTION,BRONX,,N/A,Closed,,The Department of Sanitation investigated this complaint and found no violation at the location.,02/23/2015 12:00:00 PM,12 BRONX,,BRONX,1020717,259937,PHONE,Unspecified,BRONX,,,,,,,,40.880065894791436,-73.86812727905007,"(40.880065894791436, -73.86812727905007)"
29925856,02/12/2015 12:35:00 PM,02/23/2015 12:00:00 PM,DSNY,Department of Sanitation,Dirty Conditions,E8 Canine Violation,Sidewalk,10467,3628 BRONX BOULEVARD,BRONX BOULEVARD,EAST 213 STREET,EAST 216 STREET,,,ADDRESS,BRONX,,N/A,Closed,,The Department of Sanitation investigated this complaint and found no violation at the location.,02/23/2015 12:00:00 PM,12 BRONX,2046450015,BRONX,1020823,260215,PHONE,Unspecified,BRONX,,,,,,,,40.88082847889515,-73.86774244238325,"(40.88082847889515, -73.86774244238325)"
29931761,02/12/2015 11:12:00 AM,02/24/2015 12:00:00 PM,DSNY,Department of Sanitation,Dirty Conditions,E8 Canine Violation,Sidewalk,10465,2614 MILES AVENUE,MILES AVENUE,HOSMER AVENUE,ROBINSON AVENUE,,,ADDRESS,BRONX,,N/A,Closed,,The Department of Sanitation investigated this complaint and found no violation at the location.,02/24/2015 12:00:00 PM,10 BRONX,2056000048,BRONX,1032120,236374,PHONE,Unspecified,BRONX,,,,,,,,40.815338051522204,-73.82705983363964,"(40.815338051522204, -73.82705983363964)"
29931627,02/12/2015 10:48:00 AM,02/23/2015 12:00:00 PM,DSNY,Department of Sanitation,Dirty Conditions,E8 Canine Violation,Sidewalk,11356,120-19 20 AVENUE,20 AVENUE,120 STREET,121 STREET,,,ADDRESS,College Point,,N/A,Closed,,The Department of Sanitation investigated this complaint and issued a Notice of Violation.,02/23/2015 12:00:00 PM,07 QUEENS,4040820039,QUEENS,1026481,224105,PHONE,Unspecified,QUEENS,,,,,,,,40.78169179718408,-73.84750899111708,"(40.78169179718408, -73.84750899111708)"
29930830,02/12/2015 10:48:00 AM,02/25/2015 12:00:00 PM,DSNY,Department of Sanitation,Dirty Conditions,E8 Canine Violation,Sidewalk,11421,86-16 77 STREET,77 STREET,DEAD END,BEND,,,ADDRESS,Woodhaven,,N/A,Closed,,The Department of Sanitation investigated this complaint and found no violation at the location.,02/25/2015 12:00:00 PM,09 QUEENS,4088400131,QUEENS,1021654,191618,PHONE,Unspecified,QUEENS,,,,,,,,40.692544877441094,-73.86511929869631,"(40.692544877441094, -73.86511929869631)"
29929861,02/12/2015 09:21:00 AM,02/19/2015 12:00:00 PM,DSNY,Department of Sanitation,Dirty Conditions,E8 Canine Violation,Sidewalk,11230,1553 OCEAN AVENUE,OCEAN AVENUE,AVENUE J,AVENUE K,,,ADDRESS,BROOKLYN,,N/A,Closed,,The Department of Sanitation investigated this complaint and found no violation at the location.,02/19/2015 12:00:00 PM,14 BROOKLYN,3076020015,BROOKLYN,996433,166731,PHONE,Unspecified,BROOKLYN,,,,,,,,40.62430620003166,-73.95611242255522,"(40.62430620003166, -73.95611242255522)"
29928864,02/12/2015 09:20:00 AM,02/23/2015 12:00:00 PM,DSNY,Department of Sanitation,Dirty Conditions,E8 Canine Violation,Sidewalk,10466,3908 BRONX BOULEVARD,BRONX BOULEVARD,EAST 222 STREET,EAST 224 STREET,,,ADDRESS,BRONX,,N/A,Closed,,The Department of Sanitation investigated this complaint and found no violation at the location.,02/23/2015 12:00:00 PM,12 BRONX,2048190026,BRONX,1021535,262564,PHONE,Unspecified,BRONX,,,,,,,,40.88727276266042,-73.86515459131641,"(40.88727276266042, -73.86515459131641)"
29931762,02/12/2015 08:46:00 AM,02/24/2015 12:00:00 PM,DSNY,Department of Sanitation,Dirty Conditions,E8 Canine Violation,Sidewalk,11413,220-32 137 AVENUE,137 AVENUE,220 PLACE,220 PLACE,,,ADDRESS,Springfield Gardens,,N/A,Closed,,The Department of Sanitation investigated this complaint and found no violation at the location.,02/24/2015 12:00:00 PM,13 QUEENS,4131250028,QUEENS,1053432,185314,PHONE,Unspecified,QUEENS,,,,,,,,40.675050548786885,-73.75059143732197,"(40.675050548786885, -73.75059143732197)"
29924905,02/12/2015 08:40:00 AM,02/24/2015 12:00:00 PM,DSNY,Department of Sanitation,Dirty Conditions,E8 Canine Violation,Sidewalk,11105,22-73 41 STREET,41 STREET,DITMARS BOULEVARD,23 AVENUE,,,ADDRESS,Astoria,,N/A,Closed,,The Department of Sanitation investigated this complaint and found no violation at the location.,02/24/2015 12:00:00 PM,01 QUEENS,4007940033,QUEENS,1010075,220245,PHONE,Unspecified,QUEENS,,,,,,,,40.77116028139494,-73.90676383963823,"(40.77116028139494, -73.90676383963823)"
29927888,02/12/2015 08:15:00 AM,02/19/2015 12:00:00 PM,DSNY,Department of Sanitation,Dirty Conditions,E8 Canine Violation,Sidewalk,11218,,,,,MCDONALD AVENUE,ALBERMARLE ROAD,INTERSECTION,BROOKLYN,,N/A,Closed,,The Department of Sanitation investigated this complaint and found no violation at the location.,02/19/2015 12:00:00 PM,12 BROOKLYN,,BROOKLYN,989833,174308,PHONE,Unspecified,BROOKLYN,,,,,,,,40.64511007232208,-73.97988174227162,"(40.64511007232208, -73.97988174227162)"
29920965,02/11/2015 06:19:00 PM,02/23/2015 12:00:00 PM,DSNY,Department of Sanitation,Dirty Conditions,E8 Canine Violation,Sidewalk,10469,1126 EAST  222 STREET,EAST  222 STREET,LACONIA AVENUE,EASTCHESTER ROAD,,,ADDRESS,BRONX,,N/A,Closed,,The Department of Sanitation investigated this complaint and found no violation at the location.,02/23/2015 12:00:00 PM,12 BRONX,2047160020,BRONX,1025825,260572,PHONE,Unspecified,BRONX,,,,,,,,40.88178618541165,-73.84965171639503,"(40.88178618541165, -73.84965171639503)"
29920915,02/11/2015 03:10:00 PM,02/14/2015 12:00:00 PM,DSNY,Department of Sanitation,Dirty Conditions,E8 Canine Violation,Sidewalk,,,,,,RENSSELAER AVENUE,VERNON AVENUE,INTERSECTION,,,N/A,Closed,,The Department of Sanitation investigated this complaint and found no violation at the location.,02/14/2015 12:00:00 PM,03 STATEN ISLAND,,STATEN ISLAND,,,PHONE,Unspecified,STATEN ISLAND,,,,,,,,,,
29921798,02/11/2015 02:21:00 PM,02/20/2015 12:00:00 PM,DSNY,Department of Sanitation,Dirty Conditions,E8 Canine Violation,Sidewalk,10031,,,,,WEST 150 STREET,CONVENT AVENUE,INTERSECTION,NEW YORK,,N/A,Closed,,The Department of Sanitation investigated this complaint and found no violation at the location.,02/20/2015 12:00:00 PM,09 MANHATTAN,,MANHATTAN,999776,240878,ONLINE,Unspecified,MANHATTAN,,,,,,,,40.82781631133282,-73.94389866297941,"(40.82781631133282, -73.94389866297941)"
29920966,02/11/2015 12:54:00 PM,02/24/2015 12:00:00 PM,DSNY,Department of Sanitation,Dirty Conditions,E8 Canine Violation,Sidewalk,10460,905 EAST  178 STREET,EAST  178 STREET,HONEYWELL AVENUE,DALY AVENUE,,,ADDRESS,BRONX,,N/A,Closed,,The Department of Sanitation investigated this complaint and found no violation at the location.,02/24/2015 12:00:00 PM,06 BRONX,2031220001,BRONX,1016408,246416,PHONE,Unspecified,BRONX,,,,,,,,40.84297161155254,-73.88377442921929,"(40.84297161155254, -73.88377442921929)"
29917824,02/11/2015 11:31:00 AM,03/28/2015 12:00:00 PM,DSNY,Department of Sanitation,Dirty Conditions,E8 Canine Violation,Sidewalk,11234,2052 EAST   63 STREET,EAST   63 STREET,AVENUE T,AVENUE U,,,ADDRESS,BROOKLYN,,N/A,Closed,,The Department of Sanitation investigated this complaint and found no violation at the location.,03/28/2015 12:00:00 PM,18 BROOKLYN,3084050027,BROOKLYN,1008172,163920,PHONE,Unspecified,BROOKLYN,,,,,,,,40.6165666735321,-73.91383427522435,"(40.6165666735321, -73.91383427522435)"
29923699,02/11/2015 10:37:00 AM,02/20/2015 12:00:00 PM,DSNY,Department of Sanitation,Dirty Conditions,E8 Canine Violation,Sidewalk,10030,,,,,WEST 138 STREET,ADAM CLAYTON POWELL BOULEVARD,INTERSECTION,NEW YORK,,N/A,Closed,,The Department of Sanitation investigated this complaint and found no violation at the location.,02/20/2015 12:00:00 PM,10 MANHATTAN,,MANHATTAN,1000221,237020,PHONE,Unspecified,MANHATTAN,,,,,,,,40.81722640229732,-73.94229989188614,"(40.81722640229732, -73.94229989188614)"
29917795,02/11/2015 10:19:00 AM,02/19/2015 12:00:00 PM,DSNY,Department of Sanitation,Dirty Conditions,E8 Canine Violation,Sidewalk,11228,1533 83 STREET,83 STREET,15 AVENUE,16 AVENUE,,,ADDRESS,BROOKLYN,,N/A,Closed,,The Department of Sanitation investigated this complaint and found no condition at the location.,02/19/2015 12:00:00 PM,11 BROOKLYN,3063050065,BROOKLYN,982339,162475,PHONE,Unspecified,BROOKLYN,,,,,,,,40.61263253501445,-74.00688290985457,"(40.61263253501445, -74.00688290985457)"
29919823,02/11/2015 08:50:00 AM,02/20/2015 12:00:00 PM,DSNY,Department of Sanitation,Dirty Conditions,E8 Canine Violation,Sidewalk,10029,,,,,PARK AVENUE,EAST 106 STREET,INTERSECTION,NEW YORK,,N/A,Closed,,The Department of Sanitation investigated this complaint and found no violation at the location.,02/20/2015 12:00:00 PM,11 MANHATTAN,,MANHATTAN,998676,228168,PHONE,Unspecified,MANHATTAN,,,,,,,,40.79293276169847,-73.94790069491228,"(40.79293276169847, -73.94790069491228)"
29916845,02/11/2015 08:11:00 AM,02/26/2015 12:00:00 PM,DSNY,Department of Sanitation,Dirty Conditions,E8 Canine Violation,Sidewalk,10460,1725 TAYLOR AVENUE,TAYLOR AVENUE,VAN NEST AVENUE,MORRIS PARK AVENUE,,,ADDRESS,BRONX,,N/A,Closed,,The Department of Sanitation investigated this complaint and found no violation at the location.,02/26/2015 12:00:00 PM,11 BRONX,2040200021,BRONX,1020435,246261,PHONE,Unspecified,BRONX,,,,,,,,40.842530598895635,-73.86922088667453,"(40.842530598895635, -73.86922088667453)"
29915894,02/10/2015 05:04:00 PM,02/19/2015 12:00:00 PM,DSNY,Department of Sanitation,Dirty Conditions,E8 Canine Violation,Sidewalk,11249,34 NORTH 7 STREET,NORTH 7 STREET,DEAD END,KENT AVENUE,,,ADDRESS,BROOKLYN,,N/A,Closed,,The Department of Sanitation investigated this complaint and found no violation at the location.,02/19/2015 12:00:00 PM,01 BROOKLYN,3023247502,BROOKLYN,994848,201722,PHONE,Unspecified,BROOKLYN,,,,,,,,40.72035066594528,-73.96176714957835,"(40.72035066594528, -73.96176714957835)"
29915923,02/10/2015 03:50:00 PM,02/23/2015 12:00:00 PM,DSNY,Department of Sanitation,Dirty Conditions,E8 Canine Violation,Sidewalk,10460,,,,,BEACH AVENUE,MERRILL STREET,INTERSECTION,BRONX,,N/A,Closed,,The Department of Sanitation investigated this complaint and found no violation at the location.,02/23/2015 12:00:00 PM,09 BRONX,,BRONX,1021019,244152,PHONE,Unspecified,BRONX,,,,,,,,40.836739601829706,-73.86712177104576,"(40.836739601829706, -73.86712177104576)"
29915922,02/10/2015 03:26:00 PM,02/23/2015 12:00:00 PM,DSNY,Department of Sanitation,Dirty Conditions,E8 Canine Violation,Sidewalk,11101,45-50 PEARSON STREET,PEARSON STREET,45 ROAD,DEAD END,,,ADDRESS,Long Island City,,N/A,Closed,,The Department of Sanitation investigated this complaint and found no violation at the location.,02/23/2015 12:00:00 PM,02 QUEENS,4000850041,QUEENS,999690,210787,ONLINE,Unspecified,QUEENS,,,,,,,,40.74522473305203,-73.94427857787427,"(40.74522473305203, -73.94427857787427)"
29910930,02/10/2015 01:43:00 PM,02/24/2015 12:00:00 PM,DSNY,Department of Sanitation,Dirty Conditions,E8 Canine Violation,Sidewalk,10461,1860 HOBART AVENUE,HOBART AVENUE,BEND,ST THERESA AVENUE,,,ADDRESS,BRONX,,N/A,Closed,,The Department of Sanitation investigated this complaint and found no violation at the location.,02/24/2015 12:00:00 PM,10 BRONX,2041950008,BRONX,1030908,248580,ONLINE,Unspecified,BRONX,,,,,,,,40.84884643466166,-73.83135352362177,"(40.84884643466166, -73.83135352362177)"
29909915,02/10/2015 11:06:00 AM,02/25/2015 12:00:00 PM,DSNY,Department of Sanitation,Dirty Conditions,E8 Canine Violation,Sidewalk,11418,108-01 91 AVENUE,91 AVENUE,108 STREET,109 STREET,,,ADDRESS,Richmond Hill,,N/A,Closed,,The Department of Sanitation investigated this complaint and found no violation at the location.,02/25/2015 12:00:00 PM,09 QUEENS,4092980033,QUEENS,1029103,191831,PHONE,Unspecified,QUEENS,,,,,,,,40.693094895341986,-73.83825646858251,"(40.693094895341986, -73.83825646858251)"
29913884,02/10/2015 10:24:00 AM,02/25/2015 12:00:00 PM,DSNY,Department of Sanitation,Dirty Conditions,E8 Canine Violation,Sidewalk,11691,,,,,SEAGIRT AVENUE,BEACH 3 STREET,INTERSECTION,Far Rockaway,,N/A,Closed,,The Department of Sanitation investigated this complaint and found no violation at the location.,02/25/2015 12:00:00 PM,14 QUEENS,,QUEENS,1056758,156500,PHONE,Unspecified,QUEENS,,,,,,,,40.59593598772013,-73.73891053171033,"(40.59593598772013, -73.73891053171033)"
29914760,02/10/2015 09:27:00 AM,02/20/2015 12:00:00 PM,DSNY,Department of Sanitation,Dirty Conditions,E8 Canine Violation,Sidewalk,10012,301 ELIZABETH STREET,ELIZABETH STREET,EAST HOUSTON STREET,BLEECKER STREET,,,ADDRESS,NEW YORK,,N/A,Closed,,The Department of Sanitation investigated this complaint and found no violation at the location.,02/20/2015 12:00:00 PM,02 MANHATTAN,1005210045,MANHATTAN,986125,203415,PHONE,Unspecified,MANHATTAN,,,,,,,,40.72500369084976,-73.99323536539522,"(40.72500369084976, -73.99323536539522)"
29911867,02/10/2015 09:12:00 AM,03/24/2015 12:00:00 PM,DSNY,Department of Sanitation,Dirty Conditions,E8 Canine Violation,Sidewalk,11212,,,,,ROCKAWAY PARKWAY,LENOX ROAD,INTERSECTION,BROOKLYN,,N/A,Closed,,The Department of Sanitation investigated this complaint and found no violation at the location.,03/24/2015 12:00:00 PM,17 BROOKLYN,,BROOKLYN,1006919,179555,PHONE,Unspecified,BROOKLYN,,,,,,,,40.65948468602193,-73.91829498115712,"(40.65948468602193, -73.91829498115712)"
29909956,02/10/2015 07:50:00 AM,02/23/2015 12:00:00 PM,DSNY,Department of Sanitation,Dirty Conditions,E8 Canine Violation,Sidewalk,11367,150-44 73 AVENUE,73 AVENUE,150 STREET,153 STREET,,,ADDRESS,Flushing,,N/A,Closed,,The Department of Sanitation investigated this complaint and found no violation at the location.,02/23/2015 12:00:00 PM,08 QUEENS,4067030002,QUEENS,1035218,203846,PHONE,Unspecified,QUEENS,,,,,,,,40.72604004504992,-73.81611439404718,"(40.72604004504992, -73.81611439404718)"
29902696,02/09/2015 09:38:00 PM,02/20/2015 12:00:00 PM,DSNY,Department of Sanitation,Dirty Conditions,E8 Canine Violation,Sidewalk,10026,,,,,WEST 112 STREET,MANHATTAN AVENUE,INTERSECTION,NEW YORK,,N/A,Closed,,The Department of Sanitation investigated this complaint and found no violation at the location.,02/20/2015 12:00:00 PM,10 MANHATTAN,,MANHATTAN,995687,231641,ONLINE,Unspecified,MANHATTAN,,,,,,,,40.802469574689184,-73.95868951134393,"(40.802469574689184, -73.95868951134393)"
29906651,02/09/2015 04:40:00 PM,03/28/2015 12:00:00 PM,DSNY,Department of Sanitation,Dirty Conditions,E8 Canine Violation,Sidewalk,11237,312 STOCKHOLM STREET,STOCKHOLM STREET,IRVING AVENUE,WYCKOFF AVENUE,,,ADDRESS,BROOKLYN,,N/A,Closed,,The Department of Sanitation investigated this complaint and found no violation at the location.,03/28/2015 12:00:00 PM,04 BROOKLYN,3032590020,BROOKLYN,1006642,195442,PHONE,Unspecified,BROOKLYN,,,,,,,,40.703091576303095,-73.91924057006891,"(40.703091576303095, -73.91924057006891)"
29903707,02/09/2015 04:37:00 PM,03/16/2015 12:00:00 PM,DSNY,Department of Sanitation,Dirty Conditions,E8 Canine Violation,Sidewalk,11206,,,,,COOK STREET,WHITE STREET,INTERSECTION,BROOKLYN,,N/A,Closed,,The Department of Sanitation investigated this complaint and found no violation at the location.,03/16/2015 12:00:00 PM,01 BROOKLYN,,BROOKLYN,1002394,195494,PHONE,Unspecified,BROOKLYN,,,,,,,,40.703244034003006,-73.93456134438928,"(40.703244034003006, -73.93456134438928)"
29906652,02/09/2015 03:49:00 PM,03/28/2015 12:00:00 PM,DSNY,Department of Sanitation,Dirty Conditions,E8 Canine Violation,Sidewalk,11203,435 LINDEN BOULEVARD,LINDEN BOULEVARD,EAST 37 STREET,EAST 38 STREET,,,ADDRESS,BROOKLYN,,N/A,Closed,,The Department of Sanitation investigated this complaint and found no violation at the location.,03/28/2015 12:00:00 PM,17 BROOKLYN,3048580035,BROOKLYN,1000096,177205,PHONE,Unspecified,BROOKLYN,,,,,,,,40.65304929135498,-73.94289237527897,"(40.65304929135498, -73.94289237527897)"
29901619,02/09/2015 03:40:00 PM,03/16/2015 12:00:00 PM,DSNY,Department of Sanitation,Dirty Conditions,E8 Canine Violation,Sidewalk,11219,52 STREET,52 STREET,9 AVENUE,FT HAMILTON PARKWAY,,,BLOCKFACE,BROOKLYN,,N/A,Closed,,The Department of Sanitation investigated this complaint and found no violation at the location.,03/16/2015 12:00:00 PM,12 BROOKLYN,,BROOKLYN,983814,171717,PHONE,Unspecified,BROOKLYN,,,,,,,,40.63800008213258,-74.00157095212212,"(40.63800008213258, -74.00157095212212)"
29901563,02/09/2015 12:49:00 PM,02/24/2015 12:00:00 PM,DSNY,Department of Sanitation,Dirty Conditions,E8 Canine Violation,Sidewalk,10465,2579 SCHURZ AVENUE,SCHURZ AVENUE,EMERSON AVENUE,HOSMER AVENUE,,,ADDRESS,BRONX,,N/A,Closed,,The Department of Sanitation investigated this complaint and found no violation at the location.,02/24/2015 12:00:00 PM,10 BRONX,2056070127,BRONX,1032402,235214,ONLINE,Unspecified,BRONX,,,,,,,,40.81215264897582,-73.82604937558703,"(40.81215264897582, -73.82604937558703)"
29907663,02/09/2015 11:52:00 AM,03/27/2015 12:00:00 PM,DSNY,Department of Sanitation,Dirty Conditions,E8 Canine Violation,Sidewalk,11207,440 SCHENCK AVENUE,SCHENCK AVENUE,SUTTER AVENUE,BLAKE AVENUE,,,ADDRESS,BROOKLYN,,N/A,Closed,,The Department of Sanitation investigated this complaint and found no violation at the location.,03/27/2015 12:00:00 PM,05 BROOKLYN,3040430001,BROOKLYN,1015396,183343,ONLINE,Unspecified,BROOKLYN,,,,,,,,40.66985613731066,-73.88772418040244,"(40.66985613731066, -73.88772418040244)"
29904611,02/09/2015 11:14:00 AM,02/25/2015 12:00:00 PM,DSNY,Department of Sanitation,Dirty Conditions,E8 Canine Violation,Sidewalk,11693,91-11 ROCKAWAY BEACH BOULEVARD,ROCKAWAY BEACH BOULEVARD,BEACH 91 STREET,BEACH 92 STREET,,,ADDRESS,Far Rockaway,,N/A,Closed,,The Department of Sanitation investigated this complaint and found no violation at the location.,02/25/2015 12:00:00 PM,14 QUEENS,4161340023,QUEENS,1035686,153082,PHONE,Unspecified,QUEENS,,,,,,,,40.58670162480445,-73.81481310971995,"(40.58670162480445, -73.81481310971995)"
29903782,02/09/2015 10:35:00 AM,02/26/2015 12:00:00 PM,DSNY,Department of Sanitation,Dirty Conditions,E8 Canine Violation,Sidewalk,10458,215 EAST  197 STREET,EAST  197 STREET,GRAND CONCOURSE,VALENTINE AVENUE,,,ADDRESS,BRONX,,N/A,Closed,,The Department of Sanitation investigated this complaint and found no violation at the location.,02/26/2015 12:00:00 PM,07 BRONX,2033040141,BRONX,1014380,255941,PHONE,Unspecified,BRONX,,,,,,,,40.86912202280239,-73.89106121463132,"(40.86912202280239, -73.89106121463132)"
29902679,02/09/2015 10:09:00 AM,02/20/2015 12:00:00 PM,DSNY,Department of Sanitation,Dirty Conditions,E8 Canine Violation,Sidewalk,10032,838 RIVERSIDE DRIVE,RIVERSIDE DRIVE,BEND,WEST 160 STREET,,,ADDRESS,NEW YORK,,N/A,Closed,,The Department of Sanitation investigated this complaint and found no violation at the location.,02/20/2015 12:00:00 PM,12 MANHATTAN,1021360020,MANHATTAN,999227,243817,PHONE,Unspecified,MANHATTAN,,,,,,,,40.83588396825875,-73.9458758463922,"(40.83588396825875, -73.9458758463922)"
29904846,02/09/2015 09:24:00 AM,02/10/2015 12:00:00 PM,DSNY,Department of Sanitation,Dirty Conditions,E8 Canine Violation,Sidewalk,11421,,,,,88 ROAD,75 STREET,INTERSECTION,Woodhaven,,N/A,Closed,,The Department of Sanitation investigated this complaint and found no violation at the location.,02/10/2015 12:00:00 PM,09 QUEENS,,QUEENS,1021447,190203,PHONE,Unspecified,QUEENS,,,,,,,,40.68866190544324,-73.86587356280872,"(40.68866190544324, -73.86587356280872)"
29901649,02/09/2015 06:46:00 AM,02/25/2015 12:00:00 PM,DSNY,Department of Sanitation,Dirty Conditions,E8 Canine Violation,Sidewalk,11691,,,,,SEAGIRT AVENUE,BEACH THIRD STREET,INTERSECTION,Far Rockaway,,N/A,Closed,,The Department of Sanitation investigated this complaint and found no violation at the location.,02/25/2015 12:00:00 PM,14 QUEENS,,QUEENS,1056758,156500,ONLINE,Unspecified,QUEENS,,,,,,,,40.59593598772013,-73.73891053171033,"(40.59593598772013, -73.73891053171033)"
29899296,02/08/2015 06:23:00 PM,02/19/2015 12:00:00 PM,DSNY,Department of Sanitation,Dirty Conditions,E8 Canine Violation,Sidewalk,11208,212 ETNA STREET,ETNA STREET,CHESTNUT STREET,EUCLID AVENUE,,,ADDRESS,BROOKLYN,,N/A,Closed,,The Department of Sanitation investigated this complaint and found no violation at the location.,02/19/2015 12:00:00 PM,05 BROOKLYN,3041160024,BROOKLYN,1018706,189337,ONLINE,Unspecified,BROOKLYN,,,,,,,,40.68629603164009,-73.87576158579733,"(40.68629603164009, -73.87576158579733)"
29898756,02/08/2015 04:04:00 PM,02/09/2015 12:00:00 PM,DSNY,Department of Sanitation,Dirty Conditions,E8 Canine Violation,Sidewalk,11370,,,,,79 STREET,DITMARS BOULEVARD,INTERSECTION,East Elmhurst,,N/A,Closed,,The Department of Sanitation investigated this complaint and found no violation at the location.,02/09/2015 12:00:00 PM,01 QUEENS,,QUEENS,1014547,219403,PHONE,Unspecified,QUEENS,,,,,,,,40.76883501662956,-73.89062236109899,"(40.76883501662956, -73.89062236109899)"
29899930,02/08/2015 03:57:00 PM,02/09/2015 12:00:00 PM,DSNY,Department of Sanitation,Dirty Conditions,E8 Canine Violation,Sidewalk,11103,30-51 45 STREET,45 STREET,30 ROAD,31 AVENUE,,,ADDRESS,Astoria,,N/A,Closed,,The Department of Sanitation investigated this complaint and found no violation at the location.,02/09/2015 12:00:00 PM,01 QUEENS,4007140001,QUEENS,1008610,216422,ONLINE,Unspecified,QUEENS,,,,,,,,40.760671299182626,-73.9120667898513,"(40.760671299182626, -73.9120667898513)"
29899903,02/08/2015 02:19:00 PM,02/25/2015 12:00:00 PM,DSNY,Department of Sanitation,Dirty Conditions,E8 Canine Violation,Sidewalk,10455,,,,,MELROSE AVENUE,EAST 154 STREET,INTERSECTION,BRONX,,N/A,Closed,,The Department of Sanitation investigated this complaint and found no violation at the location.,02/25/2015 12:00:00 PM,01 BRONX,,BRONX,1007444,237864,PHONE,Unspecified,BRONX,,,,,,,,40.81952693219714,-73.916201698089,"(40.81952693219714, -73.916201698089)"
29899313,02/08/2015 01:45:00 PM,02/08/2015 01:45:00 PM,DSNY,Department of Sanitation,Dirty Conditions,E8 Canine Violation,Sidewalk,10302,909 POST AVENUE,POST AVENUE,CORTLANDT STREET,SIMONSON PLACE,,,ADDRESS,STATEN ISLAND,,N/A,Closed,,The Department of Sanitation investigated this complaint and found no violation at the location.,02/08/2015 01:45:00 PM,01 STATEN ISLAND,5010270009,STATEN ISLAND,947820,169287,PHONE,Unspecified,STATEN ISLAND,,,,,,,,40.63125534912584,-74.13124775991311,"(40.63125534912584, -74.13124775991311)"
29897692,02/08/2015 01:09:00 PM,02/10/2015 12:00:00 PM,DSNY,Department of Sanitation,Dirty Conditions,E8 Canine Violation,Sidewalk,11374,65-05 BOOTH STREET,BOOTH STREET,64 ROAD,65 ROAD,,,ADDRESS,Rego Park,,N/A,Closed,,The Department of Sanitation investigated this complaint and found no violation at the location.,02/10/2015 12:00:00 PM,06 QUEENS,4030850052,QUEENS,1023228,204263,PHONE,Unspecified,QUEENS,,,,,,,,40.727245565635535,-73.85937018083347,"(40.727245565635535, -73.85937018083347)"
29897056,02/08/2015 02:29:00 AM,02/23/2015 12:00:00 PM,DSNY,Department of Sanitation,Dirty Conditions,E8 Canine Violation,Sidewalk,,,,,,BRUCKNER BOULEVARD,ELDER AVENUE,INTERSECTION,,,N/A,Closed,,The Department of Sanitation investigated this complaint and found no violation at the location.,02/23/2015 12:00:00 PM,09 BRONX,,BRONX,,,PHONE,Unspecified,BRONX,,,,,,,,,,
29892129,02/07/2015 09:30:00 PM,02/19/2015 12:00:00 PM,DSNY,Department of Sanitation,Dirty Conditions,E8 Canine Violation,Sidewalk,11204,6402 24 AVENUE,24 AVENUE,64 STREET,65 STREET,,,ADDRESS,BROOKLYN,,N/A,Closed,,The Department of Sanitation investigated this complaint and found no condition at the location.,02/19/2015 12:00:00 PM,11 BROOKLYN,3065590036,BROOKLYN,990778,162127,ONLINE,Unspecified,BROOKLYN,,,,,,,,40.61167514809308,-73.97648823043437,"(40.61167514809308, -73.97648823043437)"
29891406,02/07/2015 06:03:00 PM,02/18/2015 12:00:00 PM,DSNY,Department of Sanitation,Dirty Conditions,E8 Canine Violation,Sidewalk,11209,555 80 STREET,80 STREET,5 AVENUE,6 AVENUE,,,ADDRESS,BROOKLYN,,N/A,Closed,,The Department of Sanitation investigated this complaint and found no violation at the location.,02/18/2015 12:00:00 PM,10 BROOKLYN,3059810058,BROOKLYN,977945,166952,PHONE,Unspecified,BROOKLYN,,,,,,,,40.62491893203457,-74.02271310084846,"(40.62491893203457, -74.02271310084846)"
29892168,02/07/2015 05:09:00 PM,02/13/2015 12:00:00 PM,DSNY,Department of Sanitation,Dirty Conditions,E8 Canine Violation,Sidewalk,11237,300 STOCKHOLM STREET,STOCKHOLM STREET,IRVING AVENUE,WYCKOFF AVENUE,,,ADDRESS,BROOKLYN,,N/A,Closed,,The Department of Sanitation investigated this complaint and found no violation at the location.,02/13/2015 12:00:00 PM,04 BROOKLYN,3032590015,BROOKLYN,1006576,195355,PHONE,Unspecified,BROOKLYN,,,,,,,,40.70285294859228,-73.91947889526851,"(40.70285294859228, -73.91947889526851)"
29892169,02/07/2015 04:16:00 PM,02/19/2015 12:00:00 PM,DSNY,Department of Sanitation,Dirty Conditions,E8 Canine Violation,Sidewalk,10025,50 WEST   93 STREET,WEST   93 STREET,CENTRAL PARK WEST,COLUMBUS AVENUE,,,ADDRESS,NEW YORK,,N/A,Closed,,The Department of Sanitation investigated this complaint and found no violation at the location.,02/19/2015 12:00:00 PM,07 MANHATTAN,1012060045,MANHATTAN,993245,227215,PHONE,Unspecified,MANHATTAN,,,,,,,,40.79032423063705,-73.96751595238567,"(40.79032423063705, -73.96751595238567)"
29895349,02/07/2015 04:08:00 PM,02/25/2015 12:00:00 PM,DSNY,Department of Sanitation,Dirty Conditions,E8 Canine Violation,Sidewalk,10455,,,,,EAST 147 STREET,CONCORD AVENUE,INTERSECTION,BRONX,,N/A,Closed,,The Department of Sanitation investigated this complaint and found no violation at the location.,02/25/2015 12:00:00 PM,01 BRONX,,BRONX,1009529,234973,PHONE,Unspecified,BRONX,,,,,,,,40.81158623017517,-73.9086796328778,"(40.81158623017517, -73.9086796328778)"
29889861,02/07/2015 02:05:00 PM,02/09/2015 12:00:00 PM,DSNY,Department of Sanitation,Dirty Conditions,E8 Canine Violation,Sidewalk,11368,,,,,34 AVENUE,108 STREET,INTERSECTION,Corona,,N/A,Closed,,The Department of Sanitation investigated this complaint and found no violation at the location.,02/09/2015 12:00:00 PM,03 QUEENS,,QUEENS,1022837,214843,PHONE,Unspecified,QUEENS,,,,,,,,40.756286707378756,-73.86072018497734,"(40.756286707378756, -73.86072018497734)"
29889856,02/07/2015 01:58:00 PM,02/19/2015 12:00:00 PM,DSNY,Department of Sanitation,Dirty Conditions,E8 Canine Violation,Sidewalk,11204,,,,,WEST 9 STREET,AVENUE P,INTERSECTION,BROOKLYN,,N/A,Closed,,The Department of Sanitation investigated this complaint and found no violation at the location.,02/19/2015 12:00:00 PM,11 BROOKLYN,,BROOKLYN,989096,160702,PHONE,Unspecified,BROOKLYN,,,,,,,,40.60776489521839,-73.98254727922637,"(40.60776489521839, -73.98254727922637)"
29891405,02/07/2015 01:53:00 PM,02/25/2015 12:00:00 PM,DSNY,Department of Sanitation,Dirty Conditions,E8 Canine Violation,Sidewalk,11413,219-16 EDGEWOOD AVENUE,EDGEWOOD AVENUE,SPRINGFIELD BOULEVARD,221 STREET,,,ADDRESS,Springfield Gardens,,N/A,Closed,,The Department of Sanitation investigated this complaint and found no violation at the location.,02/25/2015 12:00:00 PM,13 QUEENS,4130630062,QUEENS,1051944,183282,PHONE,Unspecified,QUEENS,,,,,,,,40.66948468967816,-73.75597621671906,"(40.66948468967816, -73.75597621671906)"
29891358,02/07/2015 11:03:00 AM,02/14/2015 12:00:00 PM,DSNY,Department of Sanitation,Dirty Conditions,E8 Canine Violation,Sidewalk,11203,718 EAST 53 STREET,EAST 53 STREET,AVENUE D,FOSTER AVENUE,,,ADDRESS,BROOKLYN,,N/A,Closed,,The Department of Sanitation investigated this complaint and found no violation at the location.,02/14/2015 12:00:00 PM,17 BROOKLYN,3079280052,BROOKLYN,1004682,173014,PHONE,Unspecified,BROOKLYN,,,,,,,,40.641536513060544,-73.92637752597544,"(40.641536513060544, -73.92637752597544)"
29893782,02/07/2015 10:59:00 AM,02/24/2015 12:00:00 PM,DSNY,Department of Sanitation,Dirty Conditions,E8 Canine Violation,Sidewalk,10459,,,,,PROSPECT AVENUE,FREEMAN STREET,INTERSECTION,BRONX,,N/A,Closed,,The Department of Sanitation investigated this complaint and found no violation at the location.,02/24/2015 12:00:00 PM,03 BRONX,,BRONX,1012706,241820,PHONE,Unspecified,BRONX,,,,,,,,40.83036963689776,-73.89717369789709,"(40.83036963689776, -73.89717369789709)"
29890671,02/07/2015 10:39:00 AM,02/24/2015 12:00:00 PM,DSNY,Department of Sanitation,Dirty Conditions,E8 Canine Violation,Sidewalk,10459,,,,,FREEMAN STREET,BRISTOW STREET,INTERSECTION,BRONX,,N/A,Closed,,The Department of Sanitation investigated this complaint and found no violation at the location.,02/24/2015 12:00:00 PM,03 BRONX,,BRONX,1013393,241912,PHONE,Unspecified,BRONX,,,,,,,,40.830619910179166,-73.89469081291357,"(40.830619910179166, -73.89469081291357)"
29891360,02/07/2015 08:57:00 AM,02/19/2015 12:00:00 PM,DSNY,Department of Sanitation,Dirty Conditions,E8 Canine Violation,Sidewalk,11204,1664 61 STREET,61 STREET,16 AVENUE,17 AVENUE,,,ADDRESS,BROOKLYN,,N/A,Closed,,The Department of Sanitation investigated this complaint and found no violation at the location.,02/19/2015 12:00:00 PM,11 BROOKLYN,3055240033,BROOKLYN,986730,166385,PHONE,Unspecified,BROOKLYN,,,,,,,,40.62336453225045,-73.99106626839713,"(40.62336453225045, -73.99106626839713)"
29881174,02/06/2015 05:51:00 PM,03/28/2015 12:00:00 PM,DSNY,Department of Sanitation,Dirty Conditions,E8 Canine Violation,Sidewalk,11226,330 EAST   32 STREET,EAST   32 STREET,CLARENDON ROAD,AVENUE D,,,ADDRESS,BROOKLYN,,N/A,Closed,,The Department of Sanitation investigated this complaint and found no violation at the location.,03/28/2015 12:00:00 PM,17 BROOKLYN,3049480018,BROOKLYN,999020,173370,ONLINE,Unspecified,BROOKLYN,,,,,,,,40.64252490833231,-73.94677858321539,"(40.64252490833231, -73.94677858321539)"
29883412,02/06/2015 04:50:00 PM,02/24/2015 12:00:00 PM,DSNY,Department of Sanitation,Dirty Conditions,E8 Canine Violation,Sidewalk,10464,277 MINNIEFORD AVENUE,MINNIEFORD AVENUE,HAWKINS STREET,FORDHAM STREET,,,ADDRESS,BRONX,,N/A,Closed,,The Department of Sanitation investigated this complaint and found no violation at the location.,02/24/2015 12:00:00 PM,10 BRONX,2056430027,BRONX,1043770,247802,PHONE,Unspecified,BRONX,,,,,,,,40.84663372671483,-73.7848705845806,"(40.84663372671483, -73.7848705845806)"
29887529,02/06/2015 03:50:00 PM,02/10/2015 12:00:00 PM,DSNY,Department of Sanitation,Dirty Conditions,E8 Canine Violation,Sidewalk,11418,102-26 90 AVENUE,90 AVENUE,102 STREET,104 STREET,,,ADDRESS,Richmond Hill,,N/A,Closed,,The Department of Sanitation investigated this complaint and found no violation at the location.,02/10/2015 12:00:00 PM,09 QUEENS,4092940010,QUEENS,1027571,191617,PHONE,Unspecified,QUEENS,,,,,,,,40.69251514742,-73.84378234830378,"(40.69251514742, -73.84378234830378)"
29883413,02/06/2015 02:50:00 PM,02/19/2015 12:00:00 PM,DSNY,Department of Sanitation,Dirty Conditions,E8 Canine Violation,Sidewalk,10031,626 RIVERSIDE DRIVE,RIVERSIDE DRIVE,WEST 139 STREET,RIVERSIDE DRIVE,,,ADDRESS,NEW YORK,,N/A,Closed,,The Department of Sanitation investigated this complaint and found no violation at the location.,02/19/2015 12:00:00 PM,09 MANHATTAN,1020870078,MANHATTAN,996862,239357,ONLINE,Unspecified,MANHATTAN,,,,,,,,40.823646241340434,-73.95443090907575,"(40.823646241340434, -73.95443090907575)"
29881184,02/06/2015 01:07:00 PM,02/09/2015 12:00:00 PM,DSNY,Department of Sanitation,Dirty Conditions,E8 Canine Violation,Sidewalk,11377,39-88 52 STREET,52 STREET,39 DRIVE,SKILLMAN AVENUE,,,ADDRESS,Woodside,,N/A,Closed,,The Department of Sanitation investigated this complaint and found no violation at the location.,02/09/2015 12:00:00 PM,02 QUEENS,4001280069,QUEENS,1008526,211155,PHONE,Unspecified,QUEENS,,,,,,,,40.74621495863538,-73.91238902308044,"(40.74621495863538, -73.91238902308044)"
29886430,02/06/2015 11:53:00 AM,02/10/2015 12:00:00 PM,DSNY,Department of Sanitation,Dirty Conditions,E8 Canine Violation,Sidewalk,11385,,,,,61 STREET,BLEECKER STREET,INTERSECTION,Ridgewood,,N/A,Closed,,The Department of Sanitation investigated this complaint and found no violation at the location.,02/10/2015 12:00:00 PM,05 QUEENS,,QUEENS,1011531,198506,PHONE,Unspecified,QUEENS,,,,,,,,40.71148780483882,-73.90159540544528,"(40.71148780483882, -73.90159540544528)"
29881173,02/06/2015 09:44:00 AM,02/20/2015 12:00:00 PM,DSNY,Department of Sanitation,Dirty Conditions,E8 Canine Violation,Sidewalk,10040,165 HILLSIDE AVENUE,HILLSIDE AVENUE,BEND,BEND,,,ADDRESS,NEW YORK,,N/A,Closed,,The Department of Sanitation investigated this complaint and found no violation at the location.,02/20/2015 12:00:00 PM,12 MANHATTAN,1021700175,MANHATTAN,1004886,252958,PHONE,Unspecified,MANHATTAN,,,,,,,,40.860961896134654,-73.92539712473723,"(40.860961896134654, -73.92539712473723)"
29881175,02/06/2015 09:20:00 AM,02/25/2015 12:00:00 PM,DSNY,Department of Sanitation,Dirty Conditions,E8 Canine Violation,Sidewalk,10463,,,,,WEST 229 STREET,BAILEY AVENUE,INTERSECTION,BRONX,,N/A,Closed,,The Department of Sanitation investigated this complaint and found no violation at the location.,02/25/2015 12:00:00 PM,Unspecified BRONX,,BRONX,1010603,257939,PHONE,Unspecified,BRONX,,,,,,,,40.87461800144438,-73.90470956076409,"(40.87461800144438, -73.90470956076409)"
29887682,02/06/2015 08:00:00 AM,02/24/2015 12:00:00 PM,DSNY,Department of Sanitation,Dirty Conditions,E8 Canine Violation,Sidewalk,10457,2108 BATHGATE AVENUE,BATHGATE AVENUE,EAST 180 STREET,EAST 181 STREET,,,ADDRESS,BRONX,,N/A,Closed,,The Department of Sanitation investigated this complaint and found no violation at the location.,02/24/2015 12:00:00 PM,06 BRONX,2030470029,BRONX,1013394,249444,PHONE,Unspecified,BRONX,,,,,,,,40.851293035547286,-73.89465446773761,"(40.851293035547286, -73.89465446773761)"
29886645,02/06/2015 07:33:00 AM,02/25/2015 12:00:00 PM,DSNY,Department of Sanitation,Dirty Conditions,E8 Canine Violation,Sidewalk,11413,143-62 232 STREET,232 STREET,143 AVENUE,LANSING AVENUE,,,ADDRESS,Springfield Gardens,,N/A,Closed,,The Department of Sanitation investigated this complaint and found no violation at the location.,02/25/2015 12:00:00 PM,13 QUEENS,4135160039,QUEENS,1054945,181050,PHONE,Unspecified,QUEENS,,,,,,,,40.663334916793396,-73.74518165697302,"(40.663334916793396, -73.74518165697302)"
29879999,02/05/2015 05:32:00 PM,02/09/2015 12:00:00 PM,DSNY,Department of Sanitation,Dirty Conditions,E8 Canine Violation,Sidewalk,11369,32-11 108 STREET,108 STREET,32 AVENUE,NORTHERN BOULEVARD,,,ADDRESS,East Elmhurst,,N/A,Closed,,The Department of Sanitation investigated this complaint and found no violation at the location.,02/09/2015 12:00:00 PM,03 QUEENS,4017030081,QUEENS,1022677,216010,PHONE,Unspecified,QUEENS,,,,,,,,40.75949051706541,-73.8612910340778,"(40.75949051706541, -73.8612910340778)"
29876020,02/05/2015 02:47:00 PM,02/12/2015 12:00:00 PM,DSNY,Department of Sanitation,Dirty Conditions,E8 Canine Violation,Sidewalk,11357,,,,,166 STREET,15 DRIVE,INTERSECTION,Whitestone,,N/A,Closed,,The Department of Sanitation investigated this complaint and found no violation at the location.,02/12/2015 12:00:00 PM,07 QUEENS,,QUEENS,1040530,225316,PHONE,Unspecified,QUEENS,,,,,,,,40.78493736831793,-73.79676977368025,"(40.78493736831793, -73.79676977368025)"
29876946,02/05/2015 01:36:00 PM,02/12/2015 12:00:00 PM,DSNY,Department of Sanitation,Dirty Conditions,E8 Canine Violation,Sidewalk,11223,1724 WEST 13 STREET,WEST 13 STREET,QUENTIN ROAD,HIGHLAWN AVENUE,,,ADDRESS,BROOKLYN,,N/A,Closed,,The Department of Sanitation investigated this complaint and found no violation at the location.,02/12/2015 12:00:00 PM,11 BROOKLYN,3066430015,BROOKLYN,988217,159483,PHONE,Unspecified,BROOKLYN,,,,,,,,40.604419426378634,-73.98571368677806,"(40.604419426378634, -73.98571368677806)"
29873879,02/05/2015 01:36:00 PM,02/23/2015 12:00:00 PM,DSNY,Department of Sanitation,Dirty Conditions,E8 Canine Violation,Sidewalk,10453,1749 GRAND CONCOURSE,GRAND CONCOURSE,CLIFFORD PLACE,EAST 175 STREET,,,ADDRESS,BRONX,,N/A,Closed,,The Department of Sanitation investigated this complaint and found no violation at the location.,02/23/2015 12:00:00 PM,05 BRONX,2028220019,BRONX,1009124,247485,PHONE,Unspecified,BRONX,,,,,,,,40.84592922366898,-73.91009630432157,"(40.84592922366898, -73.91009630432157)"
29872842,02/05/2015 09:29:00 AM,02/10/2015 12:00:00 PM,DSNY,Department of Sanitation,Dirty Conditions,E8 Canine Violation,Sidewalk,11357,,,,,13 AVENUE,154 STREET,INTERSECTION,Whitestone,,N/A,Closed,,The Department of Sanitation investigated this complaint and found no violation at the location.,02/10/2015 12:00:00 PM,07 QUEENS,,QUEENS,1037548,227215,PHONE,Unspecified,QUEENS,,,,,,,,40.79016808844358,-73.8075228390496,"(40.79016808844358, -73.8075228390496)"
29867001,02/04/2015 10:07:00 PM,02/09/2015 12:00:00 PM,DSNY,Department of Sanitation,Dirty Conditions,E8 Canine Violation,Sidewalk,11101,40-12 VERNON BOULEVARD,VERNON BOULEVARD,40 AVENUE,41 AVENUE,,,ADDRESS,Long Island City,,N/A,Closed,,The Department of Sanitation investigated this complaint and found no violation at the location.,02/09/2015 12:00:00 PM,01 QUEENS,4004700001,QUEENS,999222,215319,ONLINE,Unspecified,QUEENS,,,,,,,,40.75766472928848,-73.94595745238296,"(40.75766472928848, -73.94595745238296)"
29871731,02/04/2015 07:41:00 PM,02/05/2015 12:00:00 PM,DSNY,Department of Sanitation,Dirty Conditions,E8 Canine Violation,Sidewalk,10301,161 YORK AVENUE,YORK AVENUE,BEND,PARK PLACE,,,ADDRESS,STATEN ISLAND,,N/A,Closed,,The Department of Sanitation investigated this complaint and found no violation at the location.,02/05/2015 12:00:00 PM,01 STATEN ISLAND,5000520007,STATEN ISLAND,959935,173413,ONLINE,Unspecified,STATEN ISLAND,,,,,,,,40.64262187299261,-74.08761548854497,"(40.64262187299261, -74.08761548854497)"
29871544,02/04/2015 06:42:00 PM,02/10/2015 12:00:00 PM,DSNY,Department of Sanitation,Dirty Conditions,E8 Canine Violation,Sidewalk,11236,1361 EAST 103 STREET,EAST 103 STREET,AVENUE M,AVENUE N,,,ADDRESS,BROOKLYN,,N/A,Closed,,The Department of Sanitation investigated this complaint and found no violation at the location.,02/10/2015 12:00:00 PM,18 BROOKLYN,3082870013,BROOKLYN,1015387,172131,PHONE,Unspecified,BROOKLYN,,,,,,,,40.63908170443847,-73.887808388846,"(40.63908170443847, -73.887808388846)"
29865899,02/04/2015 09:24:00 AM,02/07/2015 12:00:00 PM,DSNY,Department of Sanitation,Dirty Conditions,E8 Canine Violation,Sidewalk,11208,66 ELTON STREET,ELTON STREET,RIDGEWOOD AVENUE,ARLINGTON AVENUE,,,ADDRESS,BROOKLYN,,N/A,Closed,,The Department of Sanitation investigated this complaint and found no violation at the location.,02/07/2015 12:00:00 PM,05 BROOKLYN,3039250037,BROOKLYN,1016087,187774,ONLINE,Unspecified,BROOKLYN,,,,,,,,40.68201576498554,-73.88521231945685,"(40.68201576498554, -73.88521231945685)"
29871702,02/04/2015 08:18:00 AM,02/05/2015 12:00:00 PM,DSNY,Department of Sanitation,Dirty Conditions,E8 Canine Violation,Sidewalk,10308,482 BARLOW AVENUE,BARLOW AVENUE,FENWAY CIRCLE,CORTELYOU AVENUE,,,ADDRESS,STATEN ISLAND,,N/A,Closed,,The Department of Sanitation investigated this complaint and found no violation at the location.,02/05/2015 12:00:00 PM,03 STATEN ISLAND,5054910070,STATEN ISLAND,938686,142479,PHONE,Unspecified,STATEN ISLAND,,,,,,,,40.5576306422175,-74.1639743100226,"(40.5576306422175, -74.1639743100226)"
29869380,02/04/2015 08:14:00 AM,02/10/2015 12:00:00 PM,DSNY,Department of Sanitation,Dirty Conditions,E8 Canine Violation,Sidewalk,11417,104-14 105 STREET,105 STREET,LIBERTY AVENUE,107 AVENUE,,,ADDRESS,Ozone Park,,N/A,Closed,,The Department of Sanitation investigated this complaint and found no violation at the location.,02/10/2015 12:00:00 PM,10 QUEENS,4095270015,QUEENS,1029721,187856,PHONE,Unspecified,QUEENS,,,,,,,,40.68218129762166,-73.83605474348552,"(40.68218129762166, -73.83605474348552)"
29865901,02/04/2015 07:30:00 AM,02/23/2015 12:00:00 PM,DSNY,Department of Sanitation,Dirty Conditions,E8 Canine Violation,Sidewalk,10458,2405 MARION AVENUE,MARION AVENUE,EAST 184 STREET,EAST 187 STREET,,,ADDRESS,BRONX,,N/A,Closed,,The Department of Sanitation investigated this complaint and found no violation at the location.,02/23/2015 12:00:00 PM,05 BRONX,2030220031,BRONX,1013253,252207,PHONE,Unspecified,BRONX,,,,,,,,40.85887710516087,-73.89515217964085,"(40.85887710516087, -73.89515217964085)"
29853099,02/03/2015 05:33:00 PM,02/24/2015 12:00:00 PM,DSNY,Department of Sanitation,Dirty Conditions,E8 Canine Violation,Sidewalk,10460,1643 GARFIELD STREET,GARFIELD STREET,BAKER AVENUE,MEAD STREET,,,ADDRESS,BRONX,,N/A,Closed,,The Department of Sanitation investigated this complaint and found no violation at the location.,02/24/2015 12:00:00 PM,11 BRONX,2040240018,BRONX,1020993,245975,PHONE,Unspecified,BRONX,,,,,,,,40.841743309185176,-73.86720574412982,"(40.841743309185176, -73.86720574412982)"
29853093,02/03/2015 03:48:00 PM,02/25/2015 12:00:00 PM,DSNY,Department of Sanitation,Dirty Conditions,E8 Canine Violation,Sidewalk,10468,2811 MORRIS AVENUE,MORRIS AVENUE,EAST 196 STREET,BEND,,,ADDRESS,BRONX,,N/A,Closed,,The Department of Sanitation investigated this complaint and found no violation at the location.,02/25/2015 12:00:00 PM,07 BRONX,2033180042,BRONX,1013592,256221,PHONE,Unspecified,BRONX,,,,,,,,40.86989319132168,-73.89390909830686,"(40.86989319132168, -73.89390909830686)"
29862075,02/03/2015 03:41:00 PM,02/20/2015 12:00:00 PM,DSNY,Department of Sanitation,Dirty Conditions,E8 Canine Violation,Sidewalk,10009,,,,,EAST 12 STREET,AVENUE B,INTERSECTION,NEW YORK,,N/A,Closed,,The Department of Sanitation investigated this complaint and found no violation at the location.,02/20/2015 12:00:00 PM,03 MANHATTAN,,MANHATTAN,990071,204546,PHONE,Unspecified,MANHATTAN,,,,,,,,40.728106294050185,-73.97899798843295,"(40.728106294050185, -73.97899798843295)"
29856973,02/03/2015 01:27:00 PM,02/05/2015 12:00:00 PM,DSNY,Department of Sanitation,Dirty Conditions,E8 Canine Violation,Sidewalk,11203,276 EAST 55 STREET,EAST 55 STREET,CHURCH AVENUE,SNYDER AVENUE,,,ADDRESS,BROOKLYN,,N/A,Closed,,The Department of Sanitation investigated this complaint and found no violation at the location.,02/05/2015 12:00:00 PM,17 BROOKLYN,3047020026,BROOKLYN,1004924,176557,PHONE,Unspecified,BROOKLYN,,,,,,,,40.651260717690334,-73.92549467114624,"(40.651260717690334, -73.92549467114624)"
29856937,02/03/2015 11:49:00 AM,03/24/2015 12:00:00 PM,DSNY,Department of Sanitation,Dirty Conditions,E8 Canine Violation,Sidewalk,11238,388 ST MARKS AVENUE,ST MARKS AVENUE,GRAND AVENUE,CLASSON AVENUE,,,ADDRESS,BROOKLYN,,N/A,Closed,,The Department of Sanitation investigated this complaint and found no violation at the location.,03/24/2015 12:00:00 PM,08 BROOKLYN,3011550014,BROOKLYN,994813,185981,PHONE,Unspecified,BROOKLYN,,,,,,,,40.67714533920554,-73.96191810121151,"(40.67714533920554, -73.96191810121151)"
29860840,02/03/2015 09:28:00 AM,02/25/2015 12:00:00 PM,DSNY,Department of Sanitation,Dirty Conditions,E8 Canine Violation,Sidewalk,10451,3000 PARK AVENUE,PARK AVENUE,EAST 153 STREET,EAST 155 STREET,,,ADDRESS,BRONX,,N/A,Closed,,The Department of Sanitation investigated this complaint and found no violation at the location.,02/25/2015 12:00:00 PM,01 BRONX,2024420034,BRONX,1005908,238455,PHONE,Unspecified,BRONX,,,,,,,,40.82115295934589,-73.92174924832881,"(40.82115295934589, -73.92174924832881)"
29855733,02/03/2015 09:18:00 AM,03/28/2015 12:00:00 PM,DSNY,Department of Sanitation,Dirty Conditions,E8 Canine Violation,Sidewalk,11213,1726 UNION STREET,UNION STREET,UTICA AVENUE,ROCHESTER AVENUE,,,ADDRESS,BROOKLYN,,N/A,Closed,,The Department of Sanitation investigated this complaint and found no violation at the location.,03/28/2015 12:00:00 PM,09 BROOKLYN,3014030011,BROOKLYN,1003496,182575,PHONE,Unspecified,BROOKLYN,,,,,,,,40.667782016501846,-73.93062374418089,"(40.667782016501846, -73.93062374418089)"
29853090,02/03/2015 09:14:00 AM,02/17/2015 12:00:00 PM,DSNY,Department of Sanitation,Dirty Conditions,E8 Canine Violation,Sidewalk,10035,1890 LEXINGTON AVENUE,LEXINGTON AVENUE,EAST 117 STREET,EAST 118 STREET,,,ADDRESS,NEW YORK,,N/A,Closed,,The Department of Sanitation investigated this complaint and found no violation at the location.,02/17/2015 12:00:00 PM,11 MANHATTAN,1016450015,MANHATTAN,1000623,230625,ONLINE,Unspecified,MANHATTAN,,,,,,,,40.79967316533353,-73.94086314214947,"(40.79967316533353, -73.94086314214947)"
29859598,02/03/2015 09:05:00 AM,02/04/2015 12:00:00 PM,DSNY,Department of Sanitation,Dirty Conditions,E8 Canine Violation,Sidewalk,10308,51 EVERGREEN STREET,EVERGREEN STREET,REDWOOD AVENUE,BEND,,,ADDRESS,STATEN ISLAND,,N/A,Closed,,The Department of Sanitation investigated this complaint and found no violation at the location.,02/04/2015 12:00:00 PM,03 STATEN ISLAND,5045500092,STATEN ISLAND,945063,142910,PHONE,Unspecified,STATEN ISLAND,,,,,,,,40.558844125278455,-74.1410275002363,"(40.558844125278455, -74.1410275002363)"
29869363,02/03/2015 08:12:00 AM,02/09/2015 12:00:00 PM,DSNY,Department of Sanitation,Dirty Conditions,E8 Canine Violation,Sidewalk,11368,52 AVENUE,52 AVENUE,108 STREET,111 STREET,,,BLOCKFACE,Corona,,N/A,Closed,,The Department of Sanitation investigated this complaint and found no violation at the location.,02/09/2015 12:00:00 PM,04 QUEENS,,QUEENS,1024873,210271,ONLINE,Unspecified,QUEENS,,,,,,,,40.74372861877182,-73.85339887281489,"(40.74372861877182, -73.85339887281489)"
29851955,02/02/2015 02:03:00 PM,02/23/2015 12:00:00 PM,DSNY,Department of Sanitation,Dirty Conditions,E8 Canine Violation,Sidewalk,11427,206-15 86 ROAD,86 ROAD,204 STREET,208 STREET,,,ADDRESS,Queens Village,,N/A,Closed,,The Department of Sanitation investigated this complaint and found no violation at the location.,02/23/2015 12:00:00 PM,08 QUEENS,4105990100,QUEENS,1050121,203050,PHONE,Unspecified,QUEENS,,,,,,,,40.723756803727014,-73.76235442386063,"(40.723756803727014, -73.76235442386063)"
29847472,02/02/2015 10:56:00 AM,02/20/2015 12:00:00 PM,DSNY,Department of Sanitation,Dirty Conditions,E8 Canine Violation,Sidewalk,10128,EAST   89 STREET,EAST   89 STREET,YORK AVENUE,1 AVENUE,,,BLOCKFACE,NEW YORK,,N/A,Closed,,The Department of Sanitation investigated this complaint and found no violation at the location.,02/20/2015 12:00:00 PM,08 MANHATTAN,,MANHATTAN,998972,222849,ONLINE,Unspecified,MANHATTAN,,,,,,,,40.7783330408117,-73.9468433520531,"(40.7783330408117, -73.9468433520531)"
29848647,02/02/2015 10:00:00 AM,02/02/2015 12:00:00 PM,DSNY,Department of Sanitation,Dirty Conditions,E8 Canine Violation,Sidewalk,10314,,,,,NOSTRAND AVENUE,SPEEDWELL AVENUE,INTERSECTION,STATEN ISLAND,,N/A,Pending,,The Department of Sanitation investigated and found this complaint to be out of jurisdiction. The Department of Sanitation reviewed this and found it not to be meeting the criteria for a compliant or service request.,02/02/2015 12:00:00 PM,02 STATEN ISLAND,,STATEN ISLAND,937518,160307,ONLINE,Unspecified,STATEN ISLAND,,,,,,,,40.60655880341125,-74.16830093051551,"(40.60655880341125, -74.16830093051551)"
29845182,02/02/2015 06:41:00 AM,02/24/2015 12:00:00 PM,DSNY,Department of Sanitation,Dirty Conditions,E8 Canine Violation,Sidewalk,10459,1334 LOUIS NINE BOULEVARD,LOUIS NINE BOULEVARD,SOUTHERN BOULEVARD,INTERVALE AVENUE,,,ADDRESS,BRONX,,N/A,Closed,,The Department of Sanitation investigated this complaint and found no violation at the location.,02/24/2015 12:00:00 PM,03 BRONX,2029767501,BRONX,1014060,242212,ONLINE,Unspecified,BRONX,,,,,,,,40.831441097388094,-73.89227925582489,"(40.831441097388094, -73.89227925582489)"
29844036,02/02/2015 04:26:00 AM,02/09/2015 12:00:00 PM,DSNY,Department of Sanitation,Dirty Conditions,E8 Canine Violation,Sidewalk,11106,,,,,29 STREET,36 AVENUE,INTERSECTION,Astoria,,N/A,Closed,,The Department of Sanitation investigated this complaint and found no violation at the location.,02/09/2015 12:00:00 PM,01 QUEENS,,QUEENS,1003269,215201,ONLINE,Unspecified,QUEENS,,,,,,,,40.75733307031767,-73.9313498440143,"(40.75733307031767, -73.9313498440143)"
29841411,02/01/2015 02:36:00 PM,02/10/2015 12:00:00 PM,DSNY,Department of Sanitation,Dirty Conditions,E8 Canine Violation,Sidewalk,11417,97-28 LINDEN BOULEVARD,LINDEN BOULEVARD,97 STREET,HAWTREE STREET,,,ADDRESS,Ozone Park,,N/A,Closed,,The Department of Sanitation investigated this complaint and found no violation at the location.,02/10/2015 12:00:00 PM,10 QUEENS,4115170153,QUEENS,1029106,184996,PHONE,Unspecified,QUEENS,,,,,,,,40.67433439590111,-73.83829115093803,"(40.67433439590111, -73.83829115093803)"
29839395,02/01/2015 01:31:00 PM,02/20/2015 12:00:00 PM,DSNY,Department of Sanitation,Dirty Conditions,E8 Canine Violation,Sidewalk,10065,,,,,EAST 65 STREET,2 AVENUE,INTERSECTION,NEW YORK,,N/A,Closed,,The Department of Sanitation investigated this complaint and found no violation at the location.,02/20/2015 12:00:00 PM,08 MANHATTAN,,MANHATTAN,994885,217758,PHONE,Unspecified,MANHATTAN,,,,,,,,40.76436543790258,-73.96160831559075,"(40.76436543790258, -73.96160831559075)"
29838809,02/01/2015 10:19:00 AM,02/20/2015 12:00:00 PM,DSNY,Department of Sanitation,Dirty Conditions,E8 Canine Violation,Sidewalk,10005,,,,,MAIDEN LANE,WATER STREET,INTERSECTION,NEW YORK,,N/A,Closed,,The Department of Sanitation investigated this complaint and found no violation at the location.,02/20/2015 12:00:00 PM,Unspecified MANHATTAN,,MANHATTAN,982581,196543,PHONE,Unspecified,MANHATTAN,,,,,,,,40.706141736413585,-74.00601972297659,"(40.706141736413585, -74.00601972297659)"
29844030,02/01/2015 09:07:00 AM,02/03/2015 12:00:00 PM,DSNY,Department of Sanitation,Dirty Conditions,E8 Canine Violation,Sidewalk,10312,177 LAREDO AVENUE,LAREDO AVENUE,POMPEY AVENUE,ANNADALE ROAD,,,ADDRESS,STATEN ISLAND,,N/A,Closed,,The Department of Sanitation investigated this complaint and found no violation at the location.,02/03/2015 12:00:00 PM,03 STATEN ISLAND,5056330025,STATEN ISLAND,935996,139374,ONLINE,Unspecified,STATEN ISLAND,,,,,,,,40.549093797686275,-74.17363282481907,"(40.549093797686275, -74.17363282481907)"
29835849,01/31/2015 10:45:00 PM,02/09/2015 12:00:00 PM,DSNY,Department of Sanitation,Dirty Conditions,E8 Canine Violation,Sidewalk,11104,47-15 40 STREET,40 STREET,47 AVENUE,48 AVENUE,,,ADDRESS,Sunnyside,,N/A,Closed,,The Department of Sanitation investigated this complaint and found no violation at the location.,02/09/2015 12:00:00 PM,02 QUEENS,4001980027,QUEENS,1005102,209362,PHONE,Unspecified,QUEENS,,,,,,,,40.74130236010874,-73.92475163499046,"(40.74130236010874, -73.92475163499046)"
29837021,01/31/2015 02:05:00 PM,02/24/2015 12:00:00 PM,DSNY,Department of Sanitation,Dirty Conditions,E8 Canine Violation,Sidewalk,10456,1258 BOSTON ROAD,BOSTON ROAD,EAST 168 STREET,EAST 169 STREET,,,ADDRESS,BRONX,,N/A,Closed,,The Department of Sanitation investigated this complaint and found no violation at the location.,02/24/2015 12:00:00 PM,03 BRONX,2026630016,BRONX,1011618,241867,PHONE,Unspecified,BRONX,,,,,,,,40.83050207674352,-73.90110501163029,"(40.83050207674352, -73.90110501163029)"
29837022,01/31/2015 12:42:00 PM,02/26/2015 12:00:00 PM,DSNY,Department of Sanitation,Dirty Conditions,E8 Canine Violation,Sidewalk,10458,266 EAST  202 STREET,EAST  202 STREET,VALENTINE AVENUE,BRIGGS AVENUE,,,ADDRESS,BRONX,,N/A,Closed,,The Department of Sanitation investigated this complaint and found no violation at the location.,02/26/2015 12:00:00 PM,07 BRONX,2033070024,BRONX,1016251,257239,PHONE,Unspecified,BRONX,,,,,,,,40.87267804771863,-73.88429018841066,"(40.87267804771863, -73.88429018841066)"
29836126,01/31/2015 12:25:00 PM,02/01/2015 12:00:00 PM,DSNY,Department of Sanitation,Dirty Conditions,E8 Canine Violation,Sidewalk,11207,,,,,JEROME STREET,LIBERTY AVENUE,INTERSECTION,BROOKLYN,,N/A,Closed,,The Department of Sanitation investigated this complaint and found no violation at the location.,02/01/2015 12:00:00 PM,05 BROOKLYN,,BROOKLYN,1015491,185493,PHONE,Unspecified,BROOKLYN,,,,,,,,40.675757065237114,-73.88737175754538,"(40.675757065237114, -73.88737175754538)"
29836065,01/31/2015 08:51:00 AM,02/01/2015 12:00:00 PM,DSNY,Department of Sanitation,Dirty Conditions,E8 Canine Violation,Sidewalk,11427,206-15 86 ROAD,86 ROAD,204 STREET,208 STREET,,,ADDRESS,Queens Village,,N/A,Closed,,The Department of Sanitation investigated this complaint and found no violation at the location.,02/01/2015 12:00:00 PM,08 QUEENS,4105990100,QUEENS,1050121,203050,PHONE,Unspecified,QUEENS,,,,,,,,40.723756803727014,-73.76235442386063,"(40.723756803727014, -73.76235442386063)"
29849591,01/30/2015 09:46:00 PM,02/09/2015 12:00:00 PM,DSNY,Department of Sanitation,Dirty Conditions,E8 Canine Violation,Sidewalk,11377,43-18 55 STREET,55 STREET,ROOSEVELT AVENUE,QUEENS BOULEVARD,,,ADDRESS,Woodside,,N/A,Closed,,The Department of Sanitation investigated this complaint and found no violation at the location.,02/09/2015 12:00:00 PM,02 QUEENS,4013230035,QUEENS,1009259,210429,ONLINE,Unspecified,QUEENS,,,,,,,,40.74422022892157,-73.90974636090806,"(40.74422022892157, -73.90974636090806)"
29828270,01/30/2015 07:51:00 PM,01/31/2015 12:00:00 PM,DSNY,Department of Sanitation,Dirty Conditions,E8 Canine Violation,Sidewalk,11378,61-41 MASPETH AVENUE,MASPETH AVENUE,61 STREET,64 STREET,,,ADDRESS,Maspeth,,N/A,Closed,,The Department of Sanitation investigated this complaint and found no violation at the location.,01/31/2015 12:00:00 PM,05 QUEENS,4027110016,QUEENS,1011035,202673,PHONE,Unspecified,QUEENS,,,,,,,,40.72292672885135,-73.90336793189749,"(40.72292672885135, -73.90336793189749)"
29823769,01/30/2015 05:21:00 PM,01/31/2015 12:00:00 PM,DSNY,Department of Sanitation,Dirty Conditions,E8 Canine Violation,Sidewalk,11203,718 EAST 53 STREET,EAST 53 STREET,AVENUE D,FOSTER AVENUE,,,ADDRESS,BROOKLYN,,N/A,Closed,,The Department of Sanitation investigated this complaint and found no violation at the location.,01/31/2015 12:00:00 PM,17 BROOKLYN,3079280052,BROOKLYN,1004682,173014,PHONE,Unspecified,BROOKLYN,,,,,,,,40.641536513060544,-73.92637752597544,"(40.641536513060544, -73.92637752597544)"
29828271,01/30/2015 04:25:00 PM,01/30/2015 04:25:00 PM,DSNY,Department of Sanitation,Dirty Conditions,E8 Canine Violation,Sidewalk,11207,578 JEROME STREET,JEROME STREET,DUMONT AVENUE,LIVONIA AVENUE,,,ADDRESS,BROOKLYN,,N/A,Closed,,The Department of Sanitation investigated this complaint and found no violation at the location.,01/30/2015 04:25:00 PM,05 BROOKLYN,3040770040,BROOKLYN,1016122,182264,PHONE,Unspecified,BROOKLYN,,,,,,,,40.66689194154673,-73.88511218320738,"(40.66689194154673, -73.88511218320738)"
29829445,01/30/2015 02:12:00 PM,01/31/2015 12:00:00 PM,DSNY,Department of Sanitation,Dirty Conditions,E8 Canine Violation,Sidewalk,11377,,,,,BROADWAY,49 STREET,INTERSECTION,Woodside,,N/A,Closed,,The Department of Sanitation investigated this complaint and found no violation at the location.,01/31/2015 12:00:00 PM,01 QUEENS,,QUEENS,1008696,214564,PHONE,Unspecified,QUEENS,,,,,,,,40.75557132920471,-73.9117631084856,"(40.75557132920471, -73.9117631084856)"
29824746,01/30/2015 12:08:00 PM,02/20/2015 12:00:00 PM,DSNY,Department of Sanitation,Dirty Conditions,E8 Canine Violation,Sidewalk,10023,75 WEST END AVENUE,WEST END AVENUE,WEST 63 STREET,FREEDOM PLACE SOUTH,,,ADDRESS,NEW YORK,,N/A,Closed,,The Department of Sanitation investigated this complaint and found no violation at the location.,02/20/2015 12:00:00 PM,07 MANHATTAN,1011710063,MANHATTAN,987231,221346,PHONE,Unspecified,MANHATTAN,,,,,,,,40.77421945878715,-73.9892371845004,"(40.77421945878715, -73.9892371845004)"
29830191,01/30/2015 09:33:00 AM,01/30/2015 12:00:00 PM,DSNY,Department of Sanitation,Dirty Conditions,E8 Canine Violation,Sidewalk,11216,87 HALSEY STREET,HALSEY STREET,ARLINGTON PLACE,NOSTRAND AVENUE,,,ADDRESS,BROOKLYN,,N/A,Closed,,The Department of Sanitation investigated this complaint and found no violation at the location.,01/30/2015 12:00:00 PM,03 BROOKLYN,3018370062,BROOKLYN,998048,187666,PHONE,Unspecified,BROOKLYN,,,,,,,,40.68176583031605,-73.95025177900325,"(40.68176583031605, -73.95025177900325)"
29822821,01/29/2015 04:09:00 PM,01/31/2015 12:00:00 PM,DSNY,Department of Sanitation,Dirty Conditions,E8 Canine Violation,Sidewalk,11369,31-27 COUCH PLACE,COUCH PLACE,31 AVENUE,BEND,,,ADDRESS,East Elmhurst,,N/A,Closed,,The Department of Sanitation investigated this complaint and found no violation at the location.,01/31/2015 12:00:00 PM,03 QUEENS,4016760054,QUEENS,1022309,216621,ONLINE,Unspecified,QUEENS,,,,,,,,40.761169145087756,-73.86261593310792,"(40.761169145087756, -73.86261593310792)"
29818553,01/29/2015 01:50:00 PM,02/24/2015 12:00:00 PM,DSNY,Department of Sanitation,Dirty Conditions,E8 Canine Violation,Sidewalk,10461,1861 LURTING AVENUE,LURTING AVENUE,MORRIS PARK AVENUE,RHINELANDER AVENUE,,,ADDRESS,BRONX,,N/A,Closed,,The Department of Sanitation investigated this complaint and found no violation at the location.,02/24/2015 12:00:00 PM,11 BRONX,2041290012,BRONX,1024435,249103,ONLINE,Unspecified,BRONX,,,,,,,,40.850313745247185,-73.8547471586621,"(40.850313745247185, -73.8547471586621)"
29820475,01/29/2015 01:39:00 PM,02/25/2015 12:00:00 PM,DSNY,Department of Sanitation,Dirty Conditions,E8 Canine Violation,Sidewalk,10451,,,,,EAST 163 STREET,MORRIS AVENUE,INTERSECTION,BRONX,,N/A,Closed,,The Department of Sanitation investigated this complaint and found no violation at the location.,02/25/2015 12:00:00 PM,04 BRONX,,BRONX,1007073,240678,ONLINE,Unspecified,BRONX,,,,,,,,40.82725152742345,-73.9175325229677,"(40.82725152742345, -73.9175325229677)"
29819467,01/29/2015 01:13:00 PM,02/20/2015 12:00:00 PM,DSNY,Department of Sanitation,Dirty Conditions,E8 Canine Violation,Sidewalk,10013,79 LAIGHT STREET,LAIGHT STREET,WASHINGTON STREET,JOE DIMAGGIO HIGHWAY,,,ADDRESS,NEW YORK,,N/A,Closed,,The Department of Sanitation investigated this complaint and found no violation at the location.,02/20/2015 12:00:00 PM,01 MANHATTAN,1002177501,MANHATTAN,981278,202397,ONLINE,Unspecified,MANHATTAN,,,,,,,,40.72220922690437,-74.010721947246,"(40.72220922690437, -74.010721947246)"
29814521,01/28/2015 05:30:00 PM,02/01/2015 12:00:00 PM,DSNY,Department of Sanitation,Dirty Conditions,E8 Canine Violation,Sidewalk,11693,,,,,ROCKAWAY BEACH BOULEVARD,BEACH 92 STREET,INTERSECTION,Far Rockaway,,N/A,Closed,,The Department of Sanitation investigated this complaint and found no violation at the location.,02/01/2015 12:00:00 PM,14 QUEENS,,QUEENS,1035514,152994,PHONE,Unspecified,QUEENS,,,,,,,,40.58646107925695,-73.81543303325964,"(40.58646107925695, -73.81543303325964)"
29806788,01/28/2015 12:02:00 PM,02/20/2015 12:00:00 PM,DSNY,Department of Sanitation,Dirty Conditions,E8 Canine Violation,Sidewalk,10011,419 WEST   19 STREET,WEST   19 STREET,9 AVENUE,10 AVENUE,,,ADDRESS,NEW YORK,,N/A,Closed,,The Department of Sanitation investigated this complaint and found no violation at the location.,02/20/2015 12:00:00 PM,04 MANHATTAN,1007170019,MANHATTAN,983184,210464,PHONE,Unspecified,MANHATTAN,,,,,,,,40.74435159346346,-74.003847037146,"(40.74435159346346, -74.003847037146)"
29810098,01/28/2015 11:54:00 AM,02/24/2015 12:00:00 PM,DSNY,Department of Sanitation,Dirty Conditions,E8 Canine Violation,Sidewalk,10462,1636 PARKER STREET,PARKER STREET,MACLAY AVENUE,BEND,,,ADDRESS,BRONX,,N/A,Closed,,The Department of Sanitation investigated this complaint and found no violation at the location.,02/24/2015 12:00:00 PM,10 BRONX,2039910117,BRONX,1025247,245119,PHONE,Unspecified,BRONX,,,,,,,,40.8393751169675,-73.85183646354801,"(40.8393751169675, -73.85183646354801)"
29806775,01/28/2015 08:44:00 AM,02/06/2015 12:00:00 PM,DSNY,Department of Sanitation,Dirty Conditions,E8 Canine Violation,Sidewalk,11356,7-09 COLLEGE PLACE,COLLEGE PLACE,7 AVENUE,8 AVENUE,,,ADDRESS,College Point,,N/A,Closed,,The Department of Sanitation investigated this complaint and found no violation at the location.,02/06/2015 12:00:00 PM,07 QUEENS,4039420007,QUEENS,1026502,227406,PHONE,Unspecified,QUEENS,,,,,,,,40.79075204626173,-73.84741239997919,"(40.79075204626173, -73.84741239997919)"
29810031,01/27/2015 09:18:00 PM,01/30/2015 12:00:00 PM,DSNY,Department of Sanitation,Dirty Conditions,E8 Canine Violation,Sidewalk,,62 STREET,62 STREET,3 AVENUE,4 AVENUE,,,BLOCKFACE,,,N/A,Closed,,The Department of Sanitation investigated this complaint and found no violation at the location.,01/30/2015 12:00:00 PM,07 BROOKLYN,,BROOKLYN,,,ONLINE,Unspecified,BROOKLYN,,,,,,,,,,
29803393,01/27/2015 05:22:00 PM,02/25/2015 12:00:00 PM,DSNY,Department of Sanitation,Dirty Conditions,E8 Canine Violation,Sidewalk,10455,578 FOX STREET,FOX STREET,BEND,AVENUE ST JOHN,,,ADDRESS,BRONX,,N/A,Closed,,The Department of Sanitation investigated this complaint and found no violation at the location.,02/25/2015 12:00:00 PM,02 BRONX,2026830128,BRONX,1011248,235673,ONLINE,Unspecified,BRONX,,,,,,,,40.81350244802566,-73.90246693615725,"(40.81350244802566, -73.90246693615725)"
29804189,01/27/2015 03:02:00 PM,02/20/2015 12:00:00 PM,DSNY,Department of Sanitation,Dirty Conditions,E8 Canine Violation,Sidewalk,10027,75 LASALLE STREET,LASALLE STREET,AMSTERDAM AVENUE,BROADWAY,,,ADDRESS,NEW YORK,,N/A,Closed,,The Department of Sanitation investigated this complaint and found no violation at the location.,02/20/2015 12:00:00 PM,09 MANHATTAN,1019800001,MANHATTAN,995691,235613,ONLINE,Unspecified,MANHATTAN,,,,,,,,40.813371609903484,-73.95866829392736,"(40.813371609903484, -73.95866829392736)"
29802517,01/27/2015 01:56:00 PM,01/31/2015 12:00:00 PM,DSNY,Department of Sanitation,Dirty Conditions,E8 Canine Violation,Sidewalk,11373,60-46 WETHEROLE STREET,WETHEROLE STREET,WOODHAVEN BOULEVARD,ELIOT AVENUE,,,ADDRESS,Elmhurst,,N/A,Closed,,The Department of Sanitation investigated this complaint and found no violation at the location.,01/31/2015 12:00:00 PM,06 QUEENS,4030890034,QUEENS,1020096,205562,ONLINE,Unspecified,QUEENS,,,,,,,,40.73082424605092,-73.87066327444307,"(40.73082424605092, -73.87066327444307)"
29797222,01/26/2015 08:08:00 AM,02/24/2015 12:00:00 PM,DSNY,Department of Sanitation,Dirty Conditions,E8 Canine Violation,Sidewalk,10457,2110 CROTONA AVENUE,CROTONA AVENUE,EAST 180 STREET,EAST 181 STREET,,,ADDRESS,BRONX,,N/A,Closed,,The Department of Sanitation investigated this complaint and found no violation at the location.,02/24/2015 12:00:00 PM,06 BRONX,2030960048,BRONX,1015096,248429,PHONE,Unspecified,BRONX,,,,,,,,40.848501381036144,-73.88850699952641,"(40.848501381036144, -73.88850699952641)"
29790844,01/25/2015 05:21:00 PM,03/26/2015 12:00:00 PM,DSNY,Department of Sanitation,Dirty Conditions,E8 Canine Violation,Sidewalk,11208,556 HEMLOCK STREET,HEMLOCK STREET,PITKIN AVENUE,BELMONT AVENUE,,,ADDRESS,BROOKLYN,,N/A,Closed,,The Department of Sanitation investigated this complaint and found no violation at the location.,03/26/2015 12:00:00 PM,05 BROOKLYN,3042350028,BROOKLYN,1020571,185363,PHONE,Unspecified,BROOKLYN,,,,,,,,40.675380859528346,-73.86905836193087,"(40.675380859528346, -73.86905836193087)"
29788292,01/25/2015 05:21:00 PM,01/30/2015 12:00:00 PM,DSNY,Department of Sanitation,Dirty Conditions,E8 Canine Violation,Sidewalk,11219,1218 66 STREET,66 STREET,12 AVENUE,13 AVENUE,,,ADDRESS,BROOKLYN,,N/A,Closed,,The Department of Sanitation investigated this complaint and found no violation at the location.,01/30/2015 12:00:00 PM,10 BROOKLYN,,BROOKLYN,983210,167467,ONLINE,Unspecified,BROOKLYN,,,,,,,,40.626334681573674,-74.00374657029239,"(40.626334681573674, -74.00374657029239)"
29792099,01/25/2015 12:55:00 PM,03/25/2015 12:00:00 PM,DSNY,Department of Sanitation,Dirty Conditions,E8 Canine Violation,Sidewalk,11214,100 BAY   34 STREET,BAY   34 STREET,BENSON AVENUE,BATH AVENUE,,,ADDRESS,BROOKLYN,,N/A,Closed,,The Department of Sanitation investigated this complaint and found no violation at the location.,03/25/2015 12:00:00 PM,11 BROOKLYN,3068730053,BROOKLYN,986160,157132,PHONE,Unspecified,BROOKLYN,,,,,,,,40.597967090610595,-73.99312220284642,"(40.597967090610595, -73.99312220284642)"
29787764,01/24/2015 12:04:00 PM,02/06/2015 12:00:00 PM,DSNY,Department of Sanitation,Dirty Conditions,E8 Canine Violation,Sidewalk,11354,,,,,COLLEGE POINT BOULEVARD,37 AVENUE,INTERSECTION,Flushing,,N/A,Closed,,The Department of Sanitation investigated this complaint and found no violation at the location.,02/06/2015 12:00:00 PM,07 QUEENS,,QUEENS,1029982,216301,ONLINE,Unspecified,QUEENS,,,,,,,,40.760254468857475,-73.83492043902002,"(40.760254468857475, -73.83492043902002)"
29777054,01/23/2015 07:01:00 PM,03/25/2015 12:00:00 PM,DSNY,Department of Sanitation,Dirty Conditions,E8 Canine Violation,Sidewalk,11209,553 80 STREET,80 STREET,5 AVENUE,6 AVENUE,,,ADDRESS,BROOKLYN,,N/A,Closed,,The Department of Sanitation investigated this complaint and found no violation at the location.,03/25/2015 12:00:00 PM,10 BROOKLYN,3059810059,BROOKLYN,977937,166959,PHONE,Unspecified,BROOKLYN,,,,,,,,40.62493813986964,-74.0227419265544,"(40.62493813986964, -74.0227419265544)"
29780127,01/23/2015 06:31:00 PM,02/24/2015 12:00:00 PM,DSNY,Department of Sanitation,Dirty Conditions,E8 Canine Violation,Sidewalk,10462,1601 BOGART AVENUE,BOGART AVENUE,PIERCE AVENUE,PIERCE AVENUE,,,ADDRESS,BRONX,,N/A,Closed,,The Department of Sanitation investigated this complaint and found no violation at the location.,02/24/2015 12:00:00 PM,11 BRONX,2040920034,BRONX,1024278,246815,PHONE,Unspecified,BRONX,,,,,,,,40.84403458084792,-73.85532830907965,"(40.84403458084792, -73.85532830907965)"
29779141,01/23/2015 03:49:00 PM,03/25/2015 12:00:00 PM,DSNY,Department of Sanitation,Dirty Conditions,E8 Canine Violation,Sidewalk,11221,760 BUSHWICK AVENUE,BUSHWICK AVENUE,CEDAR STREET,DODWORTH STREET,,,ADDRESS,BROOKLYN,,N/A,Closed,,The Department of Sanitation investigated this complaint and found no violation at the location.,03/25/2015 12:00:00 PM,04 BROOKLYN,3032290026,BROOKLYN,1003857,192734,PHONE,Unspecified,BROOKLYN,,,,,,,,40.69566536012955,-73.92929288500729,"(40.69566536012955, -73.92929288500729)"
29776196,01/23/2015 03:11:00 PM,02/24/2015 12:00:00 PM,DSNY,Department of Sanitation,Dirty Conditions,E8 Canine Violation,Sidewalk,10456,,,,,WASHINGTON AVENUE,EAST 170 STREET,INTERSECTION,BRONX,,N/A,Closed,,The Department of Sanitation investigated this complaint and found no violation at the location.,02/24/2015 12:00:00 PM,03 BRONX,,BRONX,1010640,243629,PHONE,Unspecified,BRONX,,,,,,,,40.8353412330807,-73.90463210568481,"(40.8353412330807, -73.90463210568481)"
29781043,01/23/2015 01:36:00 PM,02/01/2015 12:00:00 PM,DSNY,Department of Sanitation,Dirty Conditions,E8 Canine Violation,Sidewalk,11691,,,,,SEAGIRT AVENUE,BEACH 3 STREET,INTERSECTION,Far Rockaway,,N/A,Closed,,The Department of Sanitation investigated this complaint and found no violation at the location.,02/01/2015 12:00:00 PM,14 QUEENS,,QUEENS,1056758,156500,PHONE,Unspecified,QUEENS,,,,,,,,40.59593598772013,-73.73891053171033,"(40.59593598772013, -73.73891053171033)"
29779939,01/23/2015 09:48:00 AM,01/30/2015 12:00:00 PM,DSNY,Department of Sanitation,Dirty Conditions,E8 Canine Violation,Sidewalk,11374,,,,,66 ROAD,102 STREET,INTERSECTION,Rego Park,,N/A,Closed,,The Department of Sanitation investigated this complaint and found no violation at the location.,01/30/2015 12:00:00 PM,06 QUEENS,,QUEENS,1025345,204715,ONLINE,Unspecified,QUEENS,,,,,,,,40.72847661183805,-73.85172945105798,"(40.72847661183805, -73.85172945105798)"
29769428,01/22/2015 04:25:00 PM,01/23/2015 12:00:00 PM,DSNY,Department of Sanitation,Dirty Conditions,E8 Canine Violation,Sidewalk,11368,34-40 107 STREET,107 STREET,34 AVENUE,37 AVENUE,,,ADDRESS,Corona,,N/A,Closed,,The Department of Sanitation investigated this complaint and found no violation at the location.,01/23/2015 12:00:00 PM,03 QUEENS,4017480028,QUEENS,1022637,214441,PHONE,Unspecified,QUEENS,,,,,,,,40.75518419167338,-73.8614443790963,"(40.75518419167338, -73.8614443790963)"
29767427,01/22/2015 04:10:00 PM,01/30/2015 12:00:00 PM,DSNY,Department of Sanitation,Dirty Conditions,E8 Canine Violation,Sidewalk,11205,273 WILLOUGHBY AVENUE,WILLOUGHBY AVENUE,CLASSON AVENUE,TAAFFE PLACE,,,ADDRESS,BROOKLYN,,N/A,Closed,,The Department of Sanitation investigated this complaint and found no violation at the location.,01/30/2015 12:00:00 PM,03 BROOKLYN,3019100001,BROOKLYN,995252,191569,ONLINE,Unspecified,BROOKLYN,,,,,,,,40.69248258644961,-73.9603262871964,"(40.69248258644961, -73.9603262871964)"
29767432,01/22/2015 01:52:00 PM,02/03/2015 12:00:00 PM,DSNY,Department of Sanitation,Dirty Conditions,E8 Canine Violation,Sidewalk,,SPRAGUE AVENUE,SPRAGUE AVENUE,HYLAN BOULEVARD,SEACREST LANE,,,BLOCKFACE,,,N/A,Closed,,The Department of Sanitation investigated this complaint and found no violation at the location.,02/03/2015 12:00:00 PM,03 STATEN ISLAND,,STATEN ISLAND,,,ONLINE,Unspecified,STATEN ISLAND,,,,,,,,,,
29773139,01/22/2015 01:31:00 PM,01/23/2015 12:00:00 PM,DSNY,Department of Sanitation,Dirty Conditions,E8 Canine Violation,Sidewalk,10029,,,,,PARK AVENUE,EAST 111 STREET,INTERSECTION,NEW YORK,,N/A,Closed,,The Department of Sanitation investigated this complaint and found no violation at the location.,01/23/2015 12:00:00 PM,11 MANHATTAN,,MANHATTAN,999324,229327,ONLINE,Unspecified,MANHATTAN,,,,,,,,40.796112820775576,-73.94555785076952,"(40.796112820775576, -73.94555785076952)"
29768456,01/22/2015 12:02:00 PM,01/23/2015 12:00:00 PM,DSNY,Department of Sanitation,Dirty Conditions,E8 Canine Violation,Sidewalk,11229,2124 AVENUE T,AVENUE T,EAST 21 STREET,EAST 22 STREET,,,ADDRESS,BROOKLYN,,N/A,Closed,,The Department of Sanitation investigated this complaint and found no violation at the location.,01/23/2015 12:00:00 PM,15 BROOKLYN,3073260009,BROOKLYN,997995,158523,PHONE,Unspecified,BROOKLYN,,,,,,,,40.60177465052905,-73.95050224190888,"(40.60177465052905, -73.95050224190888)"
29773140,01/22/2015 11:25:00 AM,01/30/2015 12:00:00 PM,DSNY,Department of Sanitation,Dirty Conditions,E8 Canine Violation,Sidewalk,11374,63-60 98 STREET,98 STREET,63 DRIVE,64 AVENUE,,,ADDRESS,Rego Park,,N/A,Closed,,The Department of Sanitation investigated this complaint and found no violation at the location.,01/30/2015 12:00:00 PM,06 QUEENS,4020900026,QUEENS,1023394,205541,PHONE,Unspecified,QUEENS,,,,,,,,40.730752625914135,-73.85876383144912,"(40.730752625914135, -73.85876383144912)"
29767423,01/22/2015 09:21:00 AM,01/31/2015 12:00:00 PM,DSNY,Department of Sanitation,Dirty Conditions,E8 Canine Violation,Sidewalk,,QUEENS BOULEVARD,QUEENS BOULEVARD,83 STREET,VAN WYCK EXPRESSWAY,,,BLOCKFACE,,,N/A,Closed,,The Department of Sanitation investigated this complaint and found no violation at the location.,01/31/2015 12:00:00 PM,09 QUEENS,,QUEENS,,,ONLINE,Unspecified,QUEENS,,,,,,,,,,
29772313,01/22/2015 05:22:00 AM,01/31/2015 12:00:00 PM,DSNY,Department of Sanitation,Dirty Conditions,E8 Canine Violation,Sidewalk,,,,,,83 AVENUE,VAN WYCK EXPRESSWAY,INTERSECTION,,,N/A,Closed,,The Department of Sanitation investigated this complaint and found no violation at the location.,01/31/2015 12:00:00 PM,09 QUEENS,,QUEENS,,,ONLINE,Unspecified,QUEENS,,,,,,,,,,
29771154,01/22/2015 12:36:00 AM,02/23/2015 12:00:00 PM,DSNY,Department of Sanitation,Dirty Conditions,E8 Canine Violation,Sidewalk,10472,1070 ELDER AVENUE,ELDER AVENUE,BRUCKNER BOULEVARD,WATSON AVENUE,,,ADDRESS,BRONX,,N/A,Closed,,The Department of Sanitation investigated this complaint and found no violation at the location.,02/23/2015 12:00:00 PM,09 BRONX,2037140030,BRONX,1017907,239966,PHONE,Unspecified,BRONX,,,,,,,,40.82526265267834,-73.87838910770287,"(40.82526265267834, -73.87838910770287)"
29761279,01/21/2015 05:09:00 PM,01/31/2015 12:00:00 PM,DSNY,Department of Sanitation,Dirty Conditions,E8 Canine Violation,Sidewalk,11378,53-07 65 PLACE,65 PLACE,53 AVENUE,53 DRIVE,,,ADDRESS,Maspeth,,N/A,Closed,,The Department of Sanitation investigated this complaint and found no violation at the location.,01/31/2015 12:00:00 PM,05 QUEENS,4023810039,QUEENS,1011925,205663,PHONE,Unspecified,QUEENS,,,,,,,,40.73113080590791,-73.90014479101053,"(40.73113080590791, -73.90014479101053)"
29764477,01/21/2015 04:45:00 PM,01/23/2015 12:00:00 PM,DSNY,Department of Sanitation,Dirty Conditions,E8 Canine Violation,Sidewalk,11207,,,,,CLEVELAND STREET,BLAKE AVENUE,INTERSECTION,BROOKLYN,,N/A,Closed,,The Department of Sanitation investigated this complaint and found no violation at the location.,01/23/2015 12:00:00 PM,05 BROOKLYN,,BROOKLYN,1016658,183238,PHONE,Unspecified,BROOKLYN,,,,,,,,40.66956340628868,-73.88317540376411,"(40.66956340628868, -73.88317540376411)"
29759272,01/21/2015 04:42:00 PM,02/20/2015 12:00:00 PM,DSNY,Department of Sanitation,Dirty Conditions,E8 Canine Violation,Sidewalk,10029,,,,,EAST 108 STREET,1 AVENUE,INTERSECTION,NEW YORK,,N/A,Closed,,The Department of Sanitation investigated this complaint and found no violation at the location.,02/20/2015 12:00:00 PM,11 MANHATTAN,,MANHATTAN,1001105,227431,PHONE,Unspecified,MANHATTAN,,,,,,,,40.790905596794744,-73.9391302462267,"(40.790905596794744, -73.9391302462267)"
29762278,01/21/2015 04:41:00 PM,01/22/2015 12:00:00 PM,DSNY,Department of Sanitation,Dirty Conditions,E8 Canine Violation,Sidewalk,10029,,,,,1 AVENUE,EAST 108 STREET,INTERSECTION,NEW YORK,,N/A,Closed,,The Department of Sanitation investigated this complaint and found no violation at the location.,01/22/2015 12:00:00 PM,11 MANHATTAN,,MANHATTAN,1001105,227431,PHONE,Unspecified,MANHATTAN,,,,,,,,40.790905596794744,-73.9391302462267,"(40.790905596794744, -73.9391302462267)"
29760271,01/21/2015 03:12:00 PM,02/23/2015 12:00:00 PM,DSNY,Department of Sanitation,Dirty Conditions,E8 Canine Violation,Sidewalk,10466,4273 CARPENTER AVENUE,CARPENTER AVENUE,EAST 235 STREET,EAST 236 STREET,,,ADDRESS,BRONX,,N/A,Closed,,The Department of Sanitation investigated this complaint and found no violation at the location.,02/23/2015 12:00:00 PM,12 BRONX,2049930059,BRONX,1023162,265800,PHONE,Unspecified,BRONX,,,,,,,,40.89614752272682,-73.85925156761887,"(40.89614752272682, -73.85925156761887)"
29765490,01/21/2015 02:40:00 PM,02/24/2015 12:00:00 PM,DSNY,Department of Sanitation,Dirty Conditions,E8 Canine Violation,Sidewalk,10463,,,,,ORLOFF AVENUE,VAN CORTLANDT AVENUE WEST,INTERSECTION,BRONX,,N/A,Closed,,The Department of Sanitation investigated this complaint and found no violation at the location.,02/24/2015 12:00:00 PM,Unspecified BRONX,,BRONX,1013802,261244,PHONE,Unspecified,BRONX,,,,,,,,40.88367906355724,-73.89312765119699,"(40.88367906355724, -73.89312765119699)"
29766512,01/21/2015 01:25:00 PM,02/23/2015 12:00:00 PM,DSNY,Department of Sanitation,Dirty Conditions,E8 Canine Violation,Sidewalk,10473,1100 HARDING PARK,HARDING PARK,LELAND AVENUE,A STREET,,,ADDRESS,BRONX,,N/A,Closed,,The Department of Sanitation investigated this complaint and found no violation at the location.,02/23/2015 12:00:00 PM,09 BRONX,2034520043,BRONX,1023499,234111,ONLINE,Unspecified,BRONX,,,,,,,,40.80916926378933,-73.85821813176342,"(40.80916926378933, -73.85821813176342)"
29760253,01/21/2015 01:08:00 PM,01/22/2015 12:00:00 PM,DSNY,Department of Sanitation,Dirty Conditions,E8 Canine Violation,Sidewalk,11213,,,,,ST JOHNS PLACE,TROY AVENUE,INTERSECTION,BROOKLYN,,N/A,Closed,,The Department of Sanitation investigated this complaint and found no violation at the location.,01/22/2015 12:00:00 PM,08 BROOKLYN,,BROOKLYN,1001868,183705,PHONE,Unspecified,BROOKLYN,,,,,,,,40.67088700272673,-73.9364892572286,"(40.67088700272673, -73.9364892572286)"
29759261,01/21/2015 12:38:00 PM,02/24/2015 12:00:00 PM,DSNY,Department of Sanitation,Dirty Conditions,E8 Canine Violation,Sidewalk,10460,,,,,MINFORD PLACE,EAST 172 STREET,INTERSECTION,BRONX,,N/A,Closed,,The Department of Sanitation investigated this complaint and found no violation at the location.,02/24/2015 12:00:00 PM,03 BRONX,,BRONX,1014510,243282,PHONE,Unspecified,BRONX,,,,,,,,40.83437640678591,-73.89064832087993,"(40.83437640678591, -73.89064832087993)"
29765259,01/21/2015 12:02:00 PM,02/01/2015 12:00:00 PM,DSNY,Department of Sanitation,Dirty Conditions,E8 Canine Violation,Sidewalk,11433,109-35 153 STREET,153 STREET,109 ROAD,109 DRIVE,,,ADDRESS,Jamaica,,N/A,Closed,,The Department of Sanitation investigated this complaint and found no violation at the location.,02/01/2015 12:00:00 PM,12 QUEENS,4121440004,QUEENS,1040677,191106,PHONE,Unspecified,QUEENS,,,,,,,,40.691038717260575,-73.79652589973597,"(40.691038717260575, -73.79652589973597)"
29764411,01/21/2015 12:00:00 PM,01/22/2015 12:00:00 PM,DSNY,Department of Sanitation,Dirty Conditions,E8 Canine Violation,Sidewalk,10029,1575 LEXINGTON AVENUE,LEXINGTON AVENUE,EAST 100 STREET,EAST 101 STREET,,,ADDRESS,NEW YORK,,N/A,Closed,,The Department of Sanitation investigated this complaint and found no violation at the location.,01/22/2015 12:00:00 PM,11 MANHATTAN,1016280050,MANHATTAN,998421,226640,PHONE,Unspecified,MANHATTAN,,,,,,,,40.78873922619366,-73.94882484764729,"(40.78873922619366, -73.94882484764729)"
29766479,01/21/2015 11:53:00 AM,01/23/2015 12:00:00 PM,DSNY,Department of Sanitation,Dirty Conditions,E8 Canine Violation,Sidewalk,11208,453 BERRIMAN STREET,BERRIMAN STREET,NEW LOTS AVENUE,HEGEMAN AVENUE,,,ADDRESS,BROOKLYN,,N/A,Closed,,The Department of Sanitation investigated this complaint and found no violation at the location.,01/23/2015 12:00:00 PM,05 BROOKLYN,3044540064,BROOKLYN,1018184,182408,PHONE,Unspecified,BROOKLYN,,,,,,,,40.66727952600006,-73.87767865278747,"(40.66727952600006, -73.87767865278747)"
29764217,01/21/2015 08:52:00 AM,02/26/2015 12:00:00 PM,DSNY,Department of Sanitation,Dirty Conditions,E8 Canine Violation,Sidewalk,10463,3628 GREYSTONE AVENUE,GREYSTONE AVENUE,WEST 236 STREET,WEST 238 STREET,,,ADDRESS,BRONX,,N/A,Closed,,The Department of Sanitation investigated this complaint and found no violation at the location.,02/26/2015 12:00:00 PM,08 BRONX,2057700066,BRONX,1010328,262247,ONLINE,Unspecified,BRONX,,,,,,,,40.88644293228422,-73.90568716740228,"(40.88644293228422, -73.90568716740228)"
29762363,01/21/2015 01:01:00 AM,01/22/2015 12:00:00 PM,DSNY,Department of Sanitation,Dirty Conditions,E8 Canine Violation,Sidewalk,11203,436 HAWTHORNE STREET,HAWTHORNE STREET,NEW YORK AVENUE,BROOKLYN AVENUE,,,ADDRESS,BROOKLYN,,N/A,Closed,,The Department of Sanitation investigated this complaint and found no violation at the location.,01/22/2015 12:00:00 PM,09 BROOKLYN,3048200017,BROOKLYN,999225,179052,ONLINE,Unspecified,BROOKLYN,,,,,,,,40.65812041691539,-73.94602728241203,"(40.65812041691539, -73.94602728241203)"
29757439,01/20/2015 06:29:00 PM,02/25/2015 12:00:00 PM,DSNY,Department of Sanitation,Dirty Conditions,E8 Canine Violation,Sidewalk,10472,,,,,BOYNTON AVENUE,WATSON AVENUE,INTERSECTION,BRONX,,N/A,Closed,,The Department of Sanitation investigated this complaint and found no violation at the location.,02/25/2015 12:00:00 PM,09 BRONX,,BRONX,1018110,240290,PHONE,Unspecified,BRONX,,,,,,,,40.82615116376492,-73.87765398540142,"(40.82615116376492, -73.87765398540142)"
29757187,01/20/2015 05:30:00 PM,02/26/2015 12:00:00 PM,DSNY,Department of Sanitation,Dirty Conditions,E8 Canine Violation,Sidewalk,10462,1706 HOLLAND AVENUE,HOLLAND AVENUE,VAN NEST AVENUE,MORRIS PARK AVENUE,,,ADDRESS,BRONX,,N/A,Closed,,The Department of Sanitation investigated this complaint and found no violation at the location.,02/26/2015 12:00:00 PM,11 BRONX,2040350030,BRONX,1021909,246954,PHONE,Unspecified,BRONX,,,,,,,,40.844426515620455,-73.86388970161732,"(40.844426515620455, -73.86388970161732)"
29755404,01/20/2015 02:55:00 PM,03/28/2015 12:00:00 PM,DSNY,Department of Sanitation,Dirty Conditions,E8 Canine Violation,Sidewalk,11210,1380 EAST   37 STREET,EAST   37 STREET,AVENUE L,KINGS HIGHWAY,,,ADDRESS,BROOKLYN,,N/A,Closed,,The Department of Sanitation investigated this complaint and found no violation at the location.,03/28/2015 12:00:00 PM,18 BROOKLYN,3076540052,BROOKLYN,1001109,166008,PHONE,Unspecified,BROOKLYN,,,,,,,,40.62231405231649,-73.93926958771509,"(40.62231405231649, -73.93926958771509)"
29753284,01/20/2015 11:39:00 AM,02/24/2015 12:00:00 PM,DSNY,Department of Sanitation,Dirty Conditions,E8 Canine Violation,Sidewalk,10462,1946 WALLACE AVENUE,WALLACE AVENUE,RHINELANDER AVENUE,BRONXDALE AVENUE,,,ADDRESS,BRONX,,N/A,Closed,,The Department of Sanitation investigated this complaint and found no violation at the location.,02/24/2015 12:00:00 PM,11 BRONX,2042610021,BRONX,1021711,248617,PHONE,Unspecified,BRONX,,,,,,,,40.848991797937074,-73.86459603774406,"(40.848991797937074, -73.86459603774406)"
29755344,01/20/2015 11:24:00 AM,01/22/2015 12:00:00 PM,DSNY,Department of Sanitation,Dirty Conditions,E8 Canine Violation,Sidewalk,11215,11A FULLER PLACE,FULLER PLACE,WINDSOR PLACE,PROSPECT AVENUE,,,ADDRESS,BROOKLYN,,N/A,Closed,,The Department of Sanitation investigated this complaint and found no violation at the location.,01/22/2015 12:00:00 PM,07 BROOKLYN,3011140122,BROOKLYN,989907,179263,PHONE,Unspecified,BROOKLYN,,,,,,,,40.65871042125459,-73.97961092839809,"(40.65871042125459, -73.97961092839809)"
29753385,01/20/2015 10:43:00 AM,01/22/2015 12:00:00 PM,DSNY,Department of Sanitation,Dirty Conditions,E8 Canine Violation,Sidewalk,10035,2041 5 AVENUE,5 AVENUE,EAST 126 STREET,EAST 127 STREET,,,ADDRESS,NEW YORK,,N/A,Closed,,The Department of Sanitation investigated this complaint and found no violation at the location.,01/22/2015 12:00:00 PM,11 MANHATTAN,1017510001,MANHATTAN,1000401,233377,PHONE,Unspecified,MANHATTAN,,,,,,,,40.80722705662795,-73.94165835299113,"(40.80722705662795, -73.94165835299113)"
29752394,01/20/2015 08:20:00 AM,02/01/2015 12:00:00 PM,DSNY,Department of Sanitation,Dirty Conditions,E8 Canine Violation,Sidewalk,11428,90-17 221 PLACE,221 PLACE,90 AVENUE,91 ROAD,,,ADDRESS,Queens Village,,N/A,Closed,,The Department of Sanitation investigated this complaint and found no violation at the location.,02/01/2015 12:00:00 PM,13 QUEENS,4107220064,QUEENS,1056570,204597,PHONE,Unspecified,QUEENS,,,,,,,,40.72795255174009,-73.73907160213979,"(40.72795255174009, -73.73907160213979)"
29753368,01/20/2015 07:46:00 AM,03/28/2015 12:00:00 PM,DSNY,Department of Sanitation,Dirty Conditions,E8 Canine Violation,Sidewalk,11216,,,,,DECATUR STREET,MARCUS GARVEY AVENUE,INTERSECTION,BROOKLYN,,N/A,Closed,,The Department of Sanitation investigated this complaint and found no violation at the location.,03/28/2015 12:00:00 PM,03 BROOKLYN,,BROOKLYN,1001545,187376,PHONE,Unspecified,BROOKLYN,,,,,,,,40.68096370448028,-73.93764421224,"(40.68096370448028, -73.93764421224)"
29747724,01/19/2015 11:12:00 PM,01/20/2015 12:00:00 PM,DSNY,Department of Sanitation,Dirty Conditions,E8 Canine Violation,Sidewalk,10006,88 GREENWICH STREET,GREENWICH STREET,EDGAR STREET,RECTOR STREET,,,ADDRESS,NEW YORK,,N/A,Closed,,The Department of Sanitation investigated this complaint and found no violation at the location.,01/20/2015 12:00:00 PM,01 MANHATTAN,1000187501,MANHATTAN,980450,197122,ONLINE,Unspecified,MANHATTAN,,,,,,,,40.70773029611131,-74.01370610695912,"(40.70773029611131, -74.01370610695912)"
29745667,01/19/2015 07:41:00 PM,01/20/2015 12:00:00 PM,DSNY,Department of Sanitation,Dirty Conditions,E8 Canine Violation,Sidewalk,10470,4460 CARPENTER AVENUE,CARPENTER AVENUE,NEREID AVENUE,EAST 239 STREET,,,ADDRESS,BRONX,,N/A,Closed,,The Department of Sanitation investigated this complaint and found no violation at the location.,01/20/2015 12:00:00 PM,12 BRONX,2050670028,BRONX,1024001,267380,PHONE,Unspecified,BRONX,,,,,,,,40.9004803714948,-73.85620744832961,"(40.9004803714948, -73.85620744832961)"
29746389,01/19/2015 07:14:00 PM,01/23/2015 12:00:00 PM,DSNY,Department of Sanitation,Dirty Conditions,E8 Canine Violation,Sidewalk,11415,83-83 118 STREET,118 STREET,CURZON ROAD,84 AVENUE,,,ADDRESS,Kew Gardens,,N/A,Closed,,The Department of Sanitation investigated this complaint and found no violation at the location.,01/23/2015 12:00:00 PM,09 QUEENS,4033220156,QUEENS,1030272,196118,ONLINE,Unspecified,QUEENS,,,,,,,,40.70485568722767,-73.83401167657811,"(40.70485568722767, -73.83401167657811)"
29753379,01/19/2015 03:53:00 PM,01/22/2015 12:00:00 PM,DSNY,Department of Sanitation,Dirty Conditions,E8 Canine Violation,Sidewalk,10075,EAST   79 STREET,EAST   79 STREET,EAST END AVENUE,YORK AVENUE,,,BLOCKFACE,NEW YORK,,N/A,Closed,,The Department of Sanitation investigated this complaint and found no violation at the location.,01/22/2015 12:00:00 PM,08 MANHATTAN,,MANHATTAN,998305,220137,ONLINE,Unspecified,MANHATTAN,,,,,,,,40.770890399111764,-73.94925735724367,"(40.770890399111764, -73.94925735724367)"
29755238,01/19/2015 03:45:00 PM,01/23/2015 12:00:00 PM,DSNY,Department of Sanitation,Dirty Conditions,E8 Canine Violation,Sidewalk,10075,EAST   80 STREET,EAST   80 STREET,YORK AVENUE,EAST END AVENUE,,,BLOCKFACE,NEW YORK,,N/A,Closed,,The Department of Sanitation investigated this complaint and found no violation at the location.,01/23/2015 12:00:00 PM,08 MANHATTAN,,MANHATTAN,998442,220387,ONLINE,Unspecified,MANHATTAN,,,,,,,,40.77157636489187,-73.94876221952508,"(40.77157636489187, -73.94876221952508)"
29747798,01/19/2015 03:16:00 PM,01/20/2015 12:00:00 PM,DSNY,Department of Sanitation,Dirty Conditions,E8 Canine Violation,Sidewalk,10034,,,,,VERMILYEA AVENUE,ACADEMY STREET,INTERSECTION,NEW YORK,,N/A,Closed,,The Department of Sanitation investigated this complaint and found no violation at the location.,01/20/2015 12:00:00 PM,12 MANHATTAN,,MANHATTAN,1005165,254563,PHONE,Unspecified,MANHATTAN,,,,,,,,40.86536647782944,-73.92438348096172,"(40.86536647782944, -73.92438348096172)"
29745668,01/19/2015 12:18:00 PM,01/20/2015 12:00:00 PM,DSNY,Department of Sanitation,Dirty Conditions,E8 Canine Violation,Sidewalk,10001,282 ELEVENTH AVENUE,ELEVENTH AVENUE,WEST 28 STREET,WEST 29 STREET,,,ADDRESS,NEW YORK,,N/A,Closed,,The Department of Sanitation investigated this complaint and found no violation at the location.,01/20/2015 12:00:00 PM,04 MANHATTAN,1007000009,MANHATTAN,982963,213291,ONLINE,Unspecified,MANHATTAN,,,,,,,,40.75211096770169,-74.00464513463317,"(40.75211096770169, -74.00464513463317)"
29745672,01/19/2015 12:15:00 PM,01/20/2015 12:00:00 PM,DSNY,Department of Sanitation,Dirty Conditions,E8 Canine Violation,Sidewalk,10001,525 WEST 28 STREET,WEST 28 STREET,HIGH LINE,11 AVENUE,,,ADDRESS,NEW YORK,,N/A,Closed,,The Department of Sanitation investigated this complaint and found no violation at the location.,01/20/2015 12:00:00 PM,04 MANHATTAN,1007000009,MANHATTAN,983400,213009,ONLINE,Unspecified,MANHATTAN,,,,,,,,40.75133700185481,-74.00306784659186,"(40.75133700185481, -74.00306784659186)"
29747799,01/19/2015 11:53:00 AM,03/24/2015 12:00:00 PM,DSNY,Department of Sanitation,Dirty Conditions,E8 Canine Violation,Sidewalk,11216,170 NEW YORK AVENUE,NEW YORK AVENUE,ST MARKS AVENUE,PROSPECT PLACE,,,ADDRESS,BROOKLYN,,N/A,Closed,,The Department of Sanitation investigated this complaint and found no violation at the location.,03/24/2015 12:00:00 PM,08 BROOKLYN,3012270044,BROOKLYN,998870,185015,ONLINE,Unspecified,BROOKLYN,,,,,,,,40.67448811670077,-73.94729383756261,"(40.67448811670077, -73.94729383756261)"
29748527,01/19/2015 11:51:00 AM,03/24/2015 12:00:00 PM,DSNY,Department of Sanitation,Dirty Conditions,E8 Canine Violation,Sidewalk,11216,171 NEW YORK AVENUE,NEW YORK AVENUE,ST MARKS AVENUE,PROSPECT PLACE,,,ADDRESS,BROOKLYN,,N/A,Closed,,The Department of Sanitation investigated this complaint and found no violation at the location.,03/24/2015 12:00:00 PM,08 BROOKLYN,3012280001,BROOKLYN,998873,184964,ONLINE,Unspecified,BROOKLYN,,,,,,,,40.67434812824287,-73.94728313299518,"(40.67434812824287, -73.94728313299518)"
29749219,01/19/2015 11:48:00 AM,01/20/2015 12:00:00 PM,DSNY,Department of Sanitation,Dirty Conditions,E8 Canine Violation,Sidewalk,10461,2554 MACLAY AVENUE,MACLAY AVENUE,OVERING STREET,BENSON STREET,,,ADDRESS,BRONX,,N/A,Closed,,The Department of Sanitation investigated this complaint and found no violation at the location.,01/20/2015 12:00:00 PM,10 BRONX,2040020020,BRONX,1026401,246307,PHONE,Unspecified,BRONX,,,,,,,,40.842630392813845,-73.84765843841011,"(40.842630392813845, -73.84765843841011)"
29746396,01/19/2015 11:45:00 AM,01/20/2015 12:00:00 PM,DSNY,Department of Sanitation,Dirty Conditions,E8 Canine Violation,Sidewalk,10461,1625 BENSON STREET,BENSON STREET,ST RAYMONDS AVENUE,MACLAY AVENUE,,,ADDRESS,BRONX,,N/A,Closed,,The Department of Sanitation investigated this complaint and found no violation at the location.,01/20/2015 12:00:00 PM,10 BRONX,2040020023,BRONX,1026581,246369,PHONE,Unspecified,BRONX,,,,,,,,40.842799703385495,-73.84700749485361,"(40.842799703385495, -73.84700749485361)"
29749914,01/19/2015 11:17:00 AM,01/20/2015 12:00:00 PM,DSNY,Department of Sanitation,Dirty Conditions,E8 Canine Violation,Sidewalk,10467,,,,,BARKER AVENUE,WARING AVENUE,INTERSECTION,BRONX,,N/A,Closed,,The Department of Sanitation investigated this complaint and found no violation at the location.,01/20/2015 12:00:00 PM,11 BRONX,,BRONX,1020365,253129,ONLINE,Unspecified,BRONX,,,,,,,,40.86138148595016,-73.86943688162872,"(40.86138148595016, -73.86943688162872)"
29750469,01/19/2015 11:14:00 AM,01/20/2015 12:00:00 PM,DSNY,Department of Sanitation,Dirty Conditions,E8 Canine Violation,Sidewalk,10467,,,,,BRONX PARK EAST,WARING AVENUE,INTERSECTION,BRONX,,N/A,Closed,,The Department of Sanitation investigated this complaint and found no violation at the location.,01/20/2015 12:00:00 PM,11 BRONX,,BRONX,1020049,253137,ONLINE,Unspecified,BRONX,,,,,,,,40.86140473060122,-73.8705792419193,"(40.86140473060122, -73.8705792419193)"
29748345,01/19/2015 09:43:00 AM,01/20/2015 12:00:00 PM,DSNY,Department of Sanitation,Dirty Conditions,E8 Canine Violation,Sidewalk,10468,2776 JEROME AVENUE,JEROME AVENUE,EAST 196 STREET,PARKVIEW TERRACE,,,ADDRESS,BRONX,,N/A,Closed,,The Department of Sanitation investigated this complaint and found no violation at the location.,01/20/2015 12:00:00 PM,07 BRONX,2033180015,BRONX,1013200,256158,ONLINE,Unspecified,BRONX,,,,,,,,40.869721570056875,-73.89532671061157,"(40.869721570056875, -73.89532671061157)"
29741327,01/18/2015 11:54:00 PM,01/20/2015 12:00:00 PM,DSNY,Department of Sanitation,Dirty Conditions,E8 Canine Violation,Sidewalk,10458,2411 PROSPECT AVENUE,PROSPECT AVENUE,EAST 187 STREET,DEAD END,,,ADDRESS,BRONX,,N/A,Closed,,The Department of Sanitation investigated this complaint and found no violation at the location.,01/20/2015 12:00:00 PM,06 BRONX,2031040055,BRONX,1016741,250439,ONLINE,Unspecified,BRONX,,,,,,,,40.85401233022729,-73.88255140588798,"(40.85401233022729, -73.88255140588798)"
29755239,01/18/2015 11:37:00 PM,01/31/2015 12:00:00 PM,DSNY,Department of Sanitation,Dirty Conditions,E8 Canine Violation,Sidewalk,11385,67 STREET,67 STREET,COOPER AVENUE,MYRTLE AVENUE,,,BLOCKFACE,Ridgewood,,N/A,Closed,,The Department of Sanitation investigated this complaint and found no violation at the location.,01/31/2015 12:00:00 PM,05 QUEENS,,QUEENS,1015871,194594,ONLINE,Unspecified,QUEENS,,,,,,,,40.70073585016683,-73.88595908999648,"(40.70073585016683, -73.88595908999648)"
29743854,01/18/2015 09:58:00 PM,01/20/2015 12:00:00 PM,DSNY,Department of Sanitation,Dirty Conditions,E8 Canine Violation,Sidewalk,10019,,,,,WEST 49 STREET,10 AVENUE,INTERSECTION,NEW YORK,,N/A,Closed,,The Department of Sanitation investigated this complaint and found no violation at the location.,01/20/2015 12:00:00 PM,04 MANHATTAN,,MANHATTAN,986399,217643,PHONE,Unspecified,MANHATTAN,,,,,,,,40.76405592808334,-73.99224228078415,"(40.76405592808334, -73.99224228078415)"
29741869,01/18/2015 02:17:00 PM,01/30/2015 12:00:00 PM,DSNY,Department of Sanitation,Dirty Conditions,E8 Canine Violation,Sidewalk,11374,65-20 BOOTH STREET,BOOTH STREET,64 ROAD,65 ROAD,,,ADDRESS,Rego Park,,N/A,Closed,,The Department of Sanitation investigated this complaint and found no violation at the location.,01/30/2015 12:00:00 PM,06 QUEENS,4030977505,QUEENS,1023232,204255,PHONE,Unspecified,QUEENS,,,,,,,,40.727223589985634,-73.85935579548855,"(40.727223589985634, -73.85935579548855)"
29741326,01/18/2015 01:59:00 PM,01/23/2015 12:00:00 PM,DSNY,Department of Sanitation,Dirty Conditions,E8 Canine Violation,Sidewalk,11418,117-14 85 AVENUE,85 AVENUE,117 STREET,118 STREET,,,ADDRESS,Richmond Hill,,N/A,Closed,,The Department of Sanitation investigated this complaint and found no violation at the location.,01/23/2015 12:00:00 PM,09 QUEENS,4092600004,QUEENS,1030363,195222,PHONE,Unspecified,QUEENS,,,,,,,,40.702395908414374,-73.83368960161195,"(40.702395908414374, -73.83368960161195)"
29742561,01/18/2015 12:29:00 PM,02/01/2015 12:00:00 PM,DSNY,Department of Sanitation,Dirty Conditions,E8 Canine Violation,Sidewalk,11694,,,,,BEACH 117 STREET,NEWPORT AVENUE,INTERSECTION,Rockaway Park,,N/A,Closed,,The Department of Sanitation investigated this complaint and found no violation at the location.,02/01/2015 12:00:00 PM,14 QUEENS,,QUEENS,1028955,151054,ONLINE,Unspecified,QUEENS,,,,,,,,40.58117167900393,-73.83906032847959,"(40.58117167900393, -73.83906032847959)"
29742521,01/18/2015 11:06:00 AM,01/30/2015 12:00:00 PM,DSNY,Department of Sanitation,Dirty Conditions,E8 Canine Violation,Sidewalk,11106,33-39 9 STREET,9 STREET,33 ROAD,34 AVENUE,,,ADDRESS,Astoria,,N/A,Closed,,The Department of Sanitation investigated this complaint and found no violation at the location.,01/30/2015 12:00:00 PM,01 QUEENS,4003200010,QUEENS,1001188,218397,PHONE,Unspecified,QUEENS,,,,,,,,40.76610949828483,-73.93885327586668,"(40.76610949828483, -73.93885327586668)"
29741325,01/18/2015 09:47:00 AM,01/23/2015 12:00:00 PM,DSNY,Department of Sanitation,Dirty Conditions,E8 Canine Violation,Sidewalk,11414,,,,,90 STREET,SHORE PARKWAY,INTERSECTION,Howard Beach,,N/A,Closed,,The Department of Sanitation investigated this complaint and found no violation at the location.,01/23/2015 12:00:00 PM,10 QUEENS,,QUEENS,1027500,181413,PHONE,Unspecified,QUEENS,,,,,,,,40.66450786846221,-73.84410386296578,"(40.66450786846221, -73.84410386296578)"
29734832,01/17/2015 08:24:00 PM,01/30/2015 12:00:00 PM,DSNY,Department of Sanitation,Dirty Conditions,E8 Canine Violation,Sidewalk,11103,42-13 25 AVENUE,25 AVENUE,42 STREET,43 STREET,,,ADDRESS,Astoria,,N/A,Closed,,The Department of Sanitation investigated this complaint and found no violation at the location.,01/30/2015 12:00:00 PM,01 QUEENS,4006880141,QUEENS,1009210,218773,ONLINE,Unspecified,QUEENS,,,,,,,,40.767122510983974,-73.90989221903162,"(40.767122510983974, -73.90989221903162)"
29734850,01/17/2015 07:06:00 PM,01/20/2015 12:00:00 PM,DSNY,Department of Sanitation,Dirty Conditions,E8 Canine Violation,Sidewalk,11213,,,,,EMPIRE BOULEVARD,ALBANY AVENUE,INTERSECTION,BROOKLYN,,N/A,Closed,,The Department of Sanitation investigated this complaint and found no violation at the location.,01/20/2015 12:00:00 PM,09 BROOKLYN,,BROOKLYN,1000916,181160,PHONE,Unspecified,BROOKLYN,,,,,,,,40.66390338931689,-73.93992739174291,"(40.66390338931689, -73.93992739174291)"
29734833,01/17/2015 12:10:00 PM,01/20/2015 12:00:00 PM,DSNY,Department of Sanitation,Dirty Conditions,E8 Canine Violation,Sidewalk,10307,,,,,HYLAN BOULEVARD,SPRAGUE AVENUE,INTERSECTION,STATEN ISLAND,,N/A,Closed,,The Department of Sanitation investigated this complaint and found no violation at the location.,01/20/2015 12:00:00 PM,03 STATEN ISLAND,,STATEN ISLAND,918016,123544,ONLINE,Unspecified,STATEN ISLAND,,,,,,,,40.50552749376759,-74.23817527700348,"(40.50552749376759, -74.23817527700348)"
29736312,01/17/2015 08:23:00 AM,01/23/2015 12:00:00 PM,DSNY,Department of Sanitation,Dirty Conditions,E8 Canine Violation,Sidewalk,11417,97-28 LINDEN BOULEVARD,LINDEN BOULEVARD,97 STREET,HAWTREE STREET,,,ADDRESS,Ozone Park,,N/A,Closed,,The Department of Sanitation investigated this complaint and found no violation at the location.,01/23/2015 12:00:00 PM,10 QUEENS,4115170153,QUEENS,1029106,184996,PHONE,Unspecified,QUEENS,,,,,,,,40.67433439590111,-73.83829115093803,"(40.67433439590111, -73.83829115093803)"
29739774,01/17/2015 01:26:00 AM,01/17/2015 12:00:00 PM,DSNY,Department of Sanitation,Dirty Conditions,E8 Canine Violation,Sidewalk,10472,,,,,BOYNTON AVENUE,WATSON AVENUE,INTERSECTION,BRONX,,N/A,Closed,,The Department of Sanitation investigated this complaint and found no violation at the location.,01/17/2015 12:00:00 PM,09 BRONX,,BRONX,1018110,240290,PHONE,Unspecified,BRONX,,,,,,,,40.82615116376492,-73.87765398540142,"(40.82615116376492, -73.87765398540142)"
29729749,01/16/2015 11:50:00 PM,01/17/2015 12:00:00 PM,DSNY,Department of Sanitation,Dirty Conditions,E8 Canine Violation,Sidewalk,10461,,,,,HOLLYWOOD AVENUE,LA SALLE AVENUE,INTERSECTION,BRONX,,N/A,Closed,,The Department of Sanitation investigated this complaint and found no violation at the location.,01/17/2015 12:00:00 PM,10 BRONX,,BRONX,1032147,245331,ONLINE,Unspecified,BRONX,,,,,,,,40.83992226561259,-73.82689834606138,"(40.83992226561259, -73.82689834606138)"
29727900,01/16/2015 04:08:00 PM,01/23/2015 12:00:00 PM,DSNY,Department of Sanitation,Dirty Conditions,E8 Canine Violation,Sidewalk,11370,25-41 80 STREET,80 STREET,25 AVENUE,30 AVENUE,,,ADDRESS,East Elmhurst,,N/A,Closed,,The Department of Sanitation investigated this complaint and found no violation at the location.,01/23/2015 12:00:00 PM,03 QUEENS,4010570045,QUEENS,1015131,217122,PHONE,Unspecified,QUEENS,,,,,,,,40.76257224581132,-73.88852449749595,"(40.76257224581132, -73.88852449749595)"
29727918,01/16/2015 02:08:00 PM,01/31/2015 12:00:00 PM,DSNY,Department of Sanitation,Dirty Conditions,E8 Canine Violation,Sidewalk,11374,63-17 BOELSEN CRESCENT,BOELSEN CRESCENT,CARLTON STREET,64 ROAD,,,ADDRESS,Rego Park,,N/A,Closed,,The Department of Sanitation investigated this complaint and found no violation at the location.,01/31/2015 12:00:00 PM,06 QUEENS,4031240003,QUEENS,1022456,202876,ONLINE,Unspecified,QUEENS,,,,,,,,40.72344196030785,-73.86216337086908,"(40.72344196030785, -73.86216337086908)"
29728846,01/16/2015 02:07:00 PM,02/01/2015 12:00:00 PM,DSNY,Department of Sanitation,Dirty Conditions,E8 Canine Violation,Sidewalk,11692,537 BEACH 63 STREET,BEACH 63 STREET,ELIZABETH ROAD,BURCHELL ROAD,,,ADDRESS,Arverne,,N/A,Closed,,The Department of Sanitation investigated this complaint and found no violation at the location.,02/01/2015 12:00:00 PM,14 QUEENS,,QUEENS,1041834,156571,PHONE,Unspecified,QUEENS,,,,,,,,40.5962403968456,-73.792648586875,"(40.5962403968456, -73.792648586875)"
29728834,01/16/2015 01:12:00 PM,01/22/2015 12:00:00 PM,DSNY,Department of Sanitation,Dirty Conditions,E8 Canine Violation,Sidewalk,11231,19 LUQUER STREET,LUQUER STREET,COLUMBIA STREET,HICKS STREET,,,ADDRESS,BROOKLYN,,N/A,Closed,,The Department of Sanitation investigated this complaint and found no violation at the location.,01/22/2015 12:00:00 PM,06 BROOKLYN,3005130042,BROOKLYN,982888,186637,ONLINE,Unspecified,BROOKLYN,,,,,,,,40.678952108273215,-74.00491043735339,"(40.678952108273215, -74.00491043735339)"
29727925,01/16/2015 01:07:00 PM,01/23/2015 12:00:00 PM,DSNY,Department of Sanitation,Dirty Conditions,E8 Canine Violation,Sidewalk,11368,33-16 99 STREET,99 STREET,NORTHERN BOULEVARD,34 AVENUE,,,ADDRESS,Corona,,N/A,Closed,,The Department of Sanitation investigated this complaint and found no violation at the location.,01/23/2015 12:00:00 PM,03 QUEENS,4017130014,QUEENS,1020433,214945,PHONE,Unspecified,QUEENS,,,,,,,,40.75657683567595,-73.86939686316941,"(40.75657683567595, -73.86939686316941)"
29730409,01/16/2015 12:46:00 PM,01/30/2015 12:00:00 PM,DSNY,Department of Sanitation,Dirty Conditions,E8 Canine Violation,Sidewalk,11109,,,,,CENTER BOULEVARD,46 ROAD,INTERSECTION,Long Island City,,N/A,Closed,,The Department of Sanitation investigated this complaint and found no violation at the location.,01/30/2015 12:00:00 PM,02 QUEENS,,QUEENS,996320,211376,ONLINE,Unspecified,QUEENS,,,,,,,,40.746846631917755,-73.95643951288379,"(40.746846631917755, -73.95643951288379)"
29734016,01/16/2015 12:20:00 PM,02/01/2015 12:00:00 PM,DSNY,Department of Sanitation,Dirty Conditions,E8 Canine Violation,Sidewalk,11691,331 BEACH 31 STREET,BEACH 31 STREET,SEAGIRT BOULEVARD,DEAD END,,,ADDRESS,Far Rockaway,,N/A,Closed,,The Department of Sanitation investigated this complaint and found no violation at the location.,02/01/2015 12:00:00 PM,14 QUEENS,4159450001,QUEENS,1049800,156654,ONLINE,Unspecified,QUEENS,,,,,,,,40.5964128776213,-73.76396353162814,"(40.5964128776213, -73.76396353162814)"
29733230,01/16/2015 11:44:00 AM,01/31/2015 12:00:00 PM,DSNY,Department of Sanitation,Dirty Conditions,E8 Canine Violation,Sidewalk,11418,112-20 84 AVENUE,84 AVENUE,112 STREET,113 STREET,,,ADDRESS,Richmond Hill,,N/A,Closed,,The Department of Sanitation investigated this complaint and found no violation at the location.,01/31/2015 12:00:00 PM,09 QUEENS,4092100010,QUEENS,1029011,195190,PHONE,Unspecified,QUEENS,,,,,,,,40.702315018265686,-73.83856590438269,"(40.702315018265686, -73.83856590438269)"
29728847,01/16/2015 07:59:00 AM,01/20/2015 12:00:00 PM,DSNY,Department of Sanitation,Dirty Conditions,E8 Canine Violation,Sidewalk,10314,545 MANOR ROAD,MANOR ROAD,DONGAN AVENUE,VICTORY BOULEVARD,,,ADDRESS,STATEN ISLAND,,N/A,Closed,,The Department of Sanitation investigated this complaint and found no violation at the location.,01/20/2015 12:00:00 PM,01 STATEN ISLAND,5003500030,STATEN ISLAND,950229,163064,PHONE,Unspecified,STATEN ISLAND,,,,,,,,40.61418411073954,-74.12253741234063,"(40.61418411073954, -74.12253741234063)"
29721945,01/15/2015 10:11:00 PM,01/16/2015 12:00:00 PM,DSNY,Department of Sanitation,Dirty Conditions,E8 Canine Violation,Sidewalk,11378,53-86 63 STREET,63 STREET,53 DRIVE,BEND,,,ADDRESS,Maspeth,,N/A,Closed,,The Department of Sanitation investigated this complaint and found no violation at the location.,01/16/2015 12:00:00 PM,05 QUEENS,4023670057,QUEENS,1011220,204980,PHONE,Unspecified,QUEENS,,,,,,,,40.729258316922866,-73.90269126349065,"(40.729258316922866, -73.90269126349065)"
29722020,01/15/2015 08:33:00 PM,01/16/2015 12:00:00 PM,DSNY,Department of Sanitation,Dirty Conditions,E8 Canine Violation,Sidewalk,10458,373 EAST 187 STREET,EAST 187 STREET,MARION AVENUE,WEBSTER AVENUE,,,ADDRESS,BRONX,,N/A,Closed,,The Department of Sanitation investigated this complaint and found no violation at the location.,01/16/2015 12:00:00 PM,05 BRONX,,BRONX,1013472,252350,ONLINE,Unspecified,BRONX,,,,,,,,40.85926887476284,-73.89435985705514,"(40.85926887476284, -73.89435985705514)"
29724309,01/15/2015 06:30:00 PM,01/16/2015 12:00:00 PM,DSNY,Department of Sanitation,Dirty Conditions,E8 Canine Violation,Sidewalk,11355,140-58 QUINCE AVENUE,QUINCE AVENUE,152 STREET,ROBINSON STREET,,,ADDRESS,Flushing,,N/A,Closed,,The Department of Sanitation investigated this complaint and found no violation at the location.,01/16/2015 12:00:00 PM,07 QUEENS,4052300018,QUEENS,1035671,211440,PHONE,Unspecified,QUEENS,,,,,,,,40.74688103025946,-73.81442199272811,"(40.74688103025946, -73.81442199272811)"
29725089,01/15/2015 06:18:00 PM,01/16/2015 12:00:00 PM,DSNY,Department of Sanitation,Dirty Conditions,E8 Canine Violation,Sidewalk,10462,2332 ELLIS AVENUE,ELLIS AVENUE,HAVEMEYER AVENUE,ZEREGA AVENUE,,,ADDRESS,BRONX,,N/A,Closed,,The Department of Sanitation investigated this complaint and found no violation at the location.,01/16/2015 12:00:00 PM,09 BRONX,2038300024,BRONX,1026593,242875,ONLINE,Unspecified,BRONX,,,,,,,,40.833209644488896,-73.84698618301509,"(40.833209644488896, -73.84698618301509)"
29722853,01/15/2015 05:31:00 PM,01/16/2015 12:00:00 PM,DSNY,Department of Sanitation,Dirty Conditions,E8 Canine Violation,Sidewalk,11201,9 METRO TECH CENTER,METRO TECH CENTER,BRIDGE STREET,DUFFIELD STREET,,,ADDRESS,BROOKLYN,,N/A,Closed,,The Department of Sanitation investigated this complaint and found no violation at the location.,01/16/2015 12:00:00 PM,02 BROOKLYN,3020470011,BROOKLYN,988500,192433,PHONE,Unspecified,BROOKLYN,,,,,,,,40.69485988445983,-73.98467376053375,"(40.69485988445983, -73.98467376053375)"
29726980,01/15/2015 05:11:00 PM,01/16/2015 12:00:00 PM,DSNY,Department of Sanitation,Dirty Conditions,E8 Canine Violation,Sidewalk,11204,1388 WEST 6 STREET,WEST 6 STREET,65 STREET,AVENUE O,,,ADDRESS,BROOKLYN,,N/A,Closed,,The Department of Sanitation investigated this complaint and found no violation at the location.,01/16/2015 12:00:00 PM,11 BROOKLYN,3065780041,BROOKLYN,989671,162291,ONLINE,Unspecified,BROOKLYN,,,,,,,,40.61212604072085,-73.98047515881946,"(40.61212604072085, -73.98047515881946)"
29723574,01/15/2015 04:37:00 PM,01/16/2015 12:00:00 PM,DSNY,Department of Sanitation,Dirty Conditions,E8 Canine Violation,Sidewalk,11385,870 CYPRESS AVENUE,CYPRESS AVENUE,JEFFERSON AVENUE,HANCOCK STREET,,,ADDRESS,Ridgewood,,N/A,Closed,,The Department of Sanitation investigated this complaint and found no violation at the location.,01/16/2015 12:00:00 PM,05 QUEENS,4035480060,QUEENS,1010513,194161,PHONE,Unspecified,QUEENS,,,,,,,,40.69956489098389,-73.90528435053217,"(40.69956489098389, -73.90528435053217)"
29726133,01/15/2015 11:53:00 AM,01/16/2015 12:00:00 PM,DSNY,Department of Sanitation,Dirty Conditions,E8 Canine Violation,Sidewalk,11419,132-07 95 AVENUE,95 AVENUE,132 STREET,133 STREET,,,ADDRESS,South Richmond Hill,,N/A,Closed,,The Department of Sanitation investigated this complaint and found no violation at the location.,01/16/2015 12:00:00 PM,09 QUEENS,4094480042,QUEENS,1035164,192702,PHONE,Unspecified,QUEENS,,,,,,,,40.695452790351155,-73.816393491097,"(40.695452790351155, -73.816393491097)"
29724510,01/15/2015 11:20:00 AM,01/15/2015 12:00:00 PM,DSNY,Department of Sanitation,Dirty Conditions,E8 Canine Violation,Sidewalk,11369,,,,,100 STREET,32 AVENUE,INTERSECTION,East Elmhurst,,N/A,Closed,,The Department of Sanitation investigated this complaint and found no violation at the location.,01/15/2015 12:00:00 PM,03 QUEENS,,QUEENS,1020592,215895,PHONE,Unspecified,QUEENS,,,,,,,,40.75918368797326,-73.86881781570297,"(40.75918368797326, -73.86881781570297)"
29724489,01/15/2015 10:46:00 AM,01/15/2015 12:00:00 PM,DSNY,Department of Sanitation,Dirty Conditions,E8 Canine Violation,Sidewalk,,,,,,68 STREET,MYRTLE AVENUE,INTERSECTION,,,N/A,Closed,,The Department of Sanitation investigated this complaint and found no violation at the location.,01/15/2015 12:00:00 PM,05 QUEENS,,QUEENS,,,PHONE,Unspecified,QUEENS,,,,,,,,,,
29723712,01/15/2015 09:10:00 AM,01/16/2015 12:00:00 PM,DSNY,Department of Sanitation,Dirty Conditions,E8 Canine Violation,Sidewalk,11249,64 SOUTH 3 STREET,SOUTH 3 STREET,WYTHE AVENUE,BERRY STREET,,,ADDRESS,BROOKLYN,,N/A,Closed,,The Department of Sanitation investigated this complaint and found no violation at the location.,01/16/2015 12:00:00 PM,01 BROOKLYN,3024290001,BROOKLYN,993871,199195,ONLINE,Unspecified,BROOKLYN,,,,,,,,40.71341577378556,-73.96529534054639,"(40.71341577378556, -73.96529534054639)"
29723690,01/15/2015 08:12:00 AM,01/23/2015 12:00:00 PM,DSNY,Department of Sanitation,Dirty Conditions,E8 Canine Violation,Sidewalk,11355,43-21 157 STREET,157 STREET,43 AVENUE,45 AVENUE,,,ADDRESS,Flushing,,N/A,Closed,,The Department of Sanitation investigated this complaint and found no violation at the location.,01/23/2015 12:00:00 PM,07 QUEENS,4054150025,QUEENS,1037190,215760,PHONE,Unspecified,QUEENS,,,,,,,,40.75872934401022,-73.80890593863855,"(40.75872934401022, -73.80890593863855)"
29720405,01/14/2015 07:24:00 PM,01/15/2015 12:00:00 PM,DSNY,Department of Sanitation,Dirty Conditions,E8 Canine Violation,Sidewalk,10038,59 MAIDEN LANE,MAIDEN LANE,NASSAU STREET,WILLIAM STREET,,,ADDRESS,NEW YORK,,N/A,Closed,,The Department of Sanitation investigated this complaint and found no violation at the location.,01/15/2015 12:00:00 PM,01 MANHATTAN,1000670001,MANHATTAN,981968,197317,PHONE,Unspecified,MANHATTAN,,,,,,,,40.708266046703514,-74.0082309440472,"(40.708266046703514, -74.0082309440472)"
29715777,01/14/2015 05:03:00 PM,02/23/2015 12:00:00 PM,DSNY,Department of Sanitation,Dirty Conditions,E8 Canine Violation,Sidewalk,10044,580 MAIN STREET,MAIN STREET,UNNAMED STREET,UNNAMED STREET,,,ADDRESS,NEW YORK,,N/A,Closed,,The Department of Sanitation investigated this complaint and found no violation at the location.,02/23/2015 12:00:00 PM,08 MANHATTAN,1013730030,MANHATTAN,998351,217244,PHONE,Unspecified,MANHATTAN,,,,,,,,40.76294979178673,-73.94909735321399,"(40.76294979178673, -73.94909735321399)"
29716719,01/14/2015 03:26:00 PM,02/09/2015 12:00:00 PM,DSNY,Department of Sanitation,Dirty Conditions,E8 Canine Violation,Sidewalk,11434,145-40 155 STREET,155 STREET,145 AVENUE,145 DRIVE,,,ADDRESS,Jamaica,,N/A,Closed,,The Department of Sanitation investigated this complaint and found no violation at the location.,02/09/2015 12:00:00 PM,13 QUEENS,4150060070,QUEENS,1044536,181633,PHONE,Unspecified,QUEENS,,,,,,,,40.665012109727414,-73.78269525450914,"(40.665012109727414, -73.78269525450914)"
29718505,01/14/2015 02:22:00 PM,01/16/2015 12:00:00 PM,DSNY,Department of Sanitation,Dirty Conditions,E8 Canine Violation,Sidewalk,10455,581 TIMPSON PLACE,TIMPSON PLACE,EAST 149 STREET,AVENUE ST JOHN,,,ADDRESS,BRONX,,N/A,Closed,,The Department of Sanitation investigated this complaint and found no violation at the location.,01/16/2015 12:00:00 PM,02 BRONX,2026030035,BRONX,1011240,235046,ONLINE,Unspecified,BRONX,,,,,,,,40.81178153323563,-73.90249835817075,"(40.81178153323563, -73.90249835817075)"
29717581,01/14/2015 02:07:00 PM,01/15/2015 12:00:00 PM,DSNY,Department of Sanitation,Dirty Conditions,E8 Canine Violation,Sidewalk,11210,3108 FARRAGUT ROAD,FARRAGUT ROAD,EAST 31 STREET,EAST 32 STREET,,,ADDRESS,BROOKLYN,,N/A,Closed,,The Department of Sanitation investigated this complaint and found no violation at the location.,01/15/2015 12:00:00 PM,17 BROOKLYN,3050060040,BROOKLYN,999002,171114,PHONE,Unspecified,BROOKLYN,,,,,,,,40.636332701967966,-73.94684837596901,"(40.636332701967966, -73.94684837596901)"
29714832,01/14/2015 12:01:00 PM,01/15/2015 12:00:00 PM,DSNY,Department of Sanitation,Dirty Conditions,E8 Canine Violation,Sidewalk,10035,,,,,5 AVENUE,WEST 128 STREET,INTERSECTION,NEW YORK,,N/A,Closed,,The Department of Sanitation investigated this complaint and found no violation at the location.,01/15/2015 12:00:00 PM,10 MANHATTAN,,MANHATTAN,1000622,233781,ONLINE,Unspecified,MANHATTAN,,,,,,,,40.808335517919986,-73.94085905800571,"(40.808335517919986, -73.94085905800571)"
29717384,01/14/2015 10:27:00 AM,01/15/2015 12:00:00 PM,DSNY,Department of Sanitation,Dirty Conditions,E8 Canine Violation,Sidewalk,11226,571 OCEAN AVENUE,OCEAN AVENUE,CHURCH AVENUE,TENNIS COURT,,,ADDRESS,BROOKLYN,,N/A,Closed,,The Department of Sanitation investigated this complaint and found no violation at the location.,01/15/2015 12:00:00 PM,14 BROOKLYN,3051010026,BROOKLYN,995131,175716,PHONE,Unspecified,BROOKLYN,,,,,,,,40.648969803086054,-73.96078820856658,"(40.648969803086054, -73.96078820856658)"
29715669,01/14/2015 10:08:00 AM,01/15/2015 12:00:00 PM,DSNY,Department of Sanitation,Dirty Conditions,E8 Canine Violation,Sidewalk,10002,118 SUFFOLK STREET,SUFFOLK STREET,DELANCEY STREET,RIVINGTON STREET,,,ADDRESS,NEW YORK,,N/A,Closed,,The Department of Sanitation investigated this complaint and found no violation at the location.,01/15/2015 12:00:00 PM,03 MANHATTAN,1003480011,MANHATTAN,988119,201246,ONLINE,Unspecified,MANHATTAN,,,,,,,,40.71904966263287,-73.98604264892421,"(40.71904966263287, -73.98604264892421)"
29716720,01/14/2015 08:43:00 AM,01/16/2015 12:00:00 PM,DSNY,Department of Sanitation,Dirty Conditions,E8 Canine Violation,Sidewalk,10465,2858 RANDALL AVENUE,RANDALL AVENUE,CALHOUN AVENUE,REVERE AVENUE,,,ADDRESS,BRONX,,N/A,Closed,,The Department of Sanitation investigated this complaint and found no violation at the location.,01/16/2015 12:00:00 PM,10 BRONX,2055620197,BRONX,1033184,240067,PHONE,Unspecified,BRONX,,,,,,,,40.8254684443396,-73.82318899672298,"(40.8254684443396, -73.82318899672298)"
29713550,01/14/2015 02:56:00 AM,01/14/2015 12:00:00 PM,DSNY,Department of Sanitation,Dirty Conditions,E8 Canine Violation,Sidewalk,10472,1003 ELDER AVENUE,ELDER AVENUE,BRUCKNER BOULEVARD,WATSON AVENUE,,,ADDRESS,BRONX,,N/A,Closed,,The Department of Sanitation investigated this complaint and found no violation at the location.,01/14/2015 12:00:00 PM,09 BRONX,2037130067,BRONX,1017971,239577,PHONE,Unspecified,BRONX,,,,,,,,40.82419471511577,-73.8781598155,"(40.82419471511577, -73.8781598155)"
29715471,01/14/2015 02:55:00 AM,01/14/2015 12:00:00 PM,DSNY,Department of Sanitation,Dirty Conditions,E8 Canine Violation,Sidewalk,10472,1070 ELDER AVENUE,ELDER AVENUE,BRUCKNER BOULEVARD,WATSON AVENUE,,,ADDRESS,BRONX,,N/A,Closed,,The Department of Sanitation investigated this complaint and found no violation at the location.,01/14/2015 12:00:00 PM,09 BRONX,2037140030,BRONX,1017907,239966,PHONE,Unspecified,BRONX,,,,,,,,40.82526265267834,-73.87838910770287,"(40.82526265267834, -73.87838910770287)"
29705531,01/13/2015 09:25:00 PM,03/27/2015 12:00:00 PM,DSNY,Department of Sanitation,Dirty Conditions,E8 Canine Violation,Sidewalk,11231,2 4 STREET,4 STREET,SMITH STREET,HOYT STREET,,,ADDRESS,BROOKLYN,,N/A,Closed,,The Department of Sanitation investigated this complaint and found no violation at the location.,03/27/2015 12:00:00 PM,06 BROOKLYN,3004680010,BROOKLYN,985404,186294,ONLINE,Unspecified,BROOKLYN,,,,,,,,40.67801068045069,-73.99583952664334,"(40.67801068045069, -73.99583952664334)"
29709776,01/13/2015 04:53:00 PM,01/15/2015 12:00:00 PM,DSNY,Department of Sanitation,Dirty Conditions,E8 Canine Violation,Sidewalk,10303,77 AMADOR STREET,AMADOR STREET,KNOLLWOOD COURT,BRIARWOOD ROAD,,,ADDRESS,STATEN ISLAND,,N/A,Closed,,The Department of Sanitation investigated this complaint and found no violation at the location.,01/15/2015 12:00:00 PM,01 STATEN ISLAND,5016700230,STATEN ISLAND,938589,166491,ONLINE,Unspecified,STATEN ISLAND,,,,,,,,40.623538158088465,-74.16448565277325,"(40.623538158088465, -74.16448565277325)"
29707606,01/13/2015 04:51:00 PM,03/25/2015 12:00:00 PM,DSNY,Department of Sanitation,Dirty Conditions,E8 Canine Violation,Sidewalk,11234,,,,,EAST 32 STREET,QUENTIN ROAD,INTERSECTION,BROOKLYN,,N/A,Closed,,The Department of Sanitation investigated this complaint and found no violation at the location.,03/25/2015 12:00:00 PM,18 BROOKLYN,,BROOKLYN,1000996,162535,PHONE,Unspecified,BROOKLYN,,,,,,,,40.61278160444155,-73.93968525651539,"(40.61278160444155, -73.93968525651539)"
29711835,01/13/2015 04:16:00 PM,01/15/2015 12:00:00 PM,DSNY,Department of Sanitation,Dirty Conditions,E8 Canine Violation,Sidewalk,11368,,,,,55 AVENUE,99 STREET,INTERSECTION,Corona,,N/A,Closed,,The Department of Sanitation investigated this complaint and found no violation at the location.,01/15/2015 12:00:00 PM,04 QUEENS,,QUEENS,1022844,208777,PHONE,Unspecified,QUEENS,,,,,,,,40.73963705364969,-73.8607297295732,"(40.73963705364969, -73.8607297295732)"
29711836,01/13/2015 03:59:00 PM,01/17/2015 12:00:00 PM,DSNY,Department of Sanitation,Dirty Conditions,E8 Canine Violation,Sidewalk,11223,67 STRYKER STREET,STRYKER STREET,AVENUE W,STRYKER COURT,,,ADDRESS,BROOKLYN,,N/A,Closed,,The Department of Sanitation investigated this complaint and found no violation at the location.,01/17/2015 12:00:00 PM,15 BROOKLYN,3071740030,BROOKLYN,991832,155021,PHONE,Unspecified,BROOKLYN,,,,,,,,40.59216978346995,-73.97270003584607,"(40.59216978346995, -73.97270003584607)"
29707731,01/13/2015 03:27:00 PM,01/14/2015 12:00:00 PM,DSNY,Department of Sanitation,Dirty Conditions,E8 Canine Violation,Sidewalk,11356,22-39 123 STREET,123 STREET,22 AVENUE,23 AVENUE,,,ADDRESS,College Point,,N/A,Closed,,The Department of Sanitation investigated this complaint and found no violation at the location.,01/14/2015 12:00:00 PM,07 QUEENS,4041990005,QUEENS,1027141,223308,PHONE,Unspecified,QUEENS,,,,,,,,40.779501068437064,-73.84513090422844,"(40.779501068437064, -73.84513090422844)"
29705554,01/13/2015 03:25:00 PM,01/14/2015 12:00:00 PM,DSNY,Department of Sanitation,Dirty Conditions,E8 Canine Violation,Sidewalk,10030,124 WEST 139 STREET,WEST 139 STREET,LENOX AVENUE,7 AVENUE,,,ADDRESS,NEW YORK,,N/A,Closed,,The Department of Sanitation investigated this complaint and found no violation at the location.,01/14/2015 12:00:00 PM,10 MANHATTAN,1020070049,MANHATTAN,1000718,237040,PHONE,Unspecified,MANHATTAN,,,,,,,,40.81728038414342,-73.94050427928578,"(40.81728038414342, -73.94050427928578)"
29707697,01/13/2015 03:09:00 PM,01/14/2015 12:00:00 PM,DSNY,Department of Sanitation,Dirty Conditions,E8 Canine Violation,Sidewalk,10016,,,,,EAST 28 STREET,FIFTH AVENUE,INTERSECTION,NEW YORK,,N/A,Closed,,The Department of Sanitation investigated this complaint and found no violation at the location.,01/14/2015 12:00:00 PM,05 MANHATTAN,,MANHATTAN,987770,210584,PHONE,Unspecified,MANHATTAN,,,,,,,,40.744680327141786,-73.98729677522071,"(40.744680327141786, -73.98729677522071)"
29712662,01/13/2015 03:02:00 PM,01/14/2015 12:00:00 PM,DSNY,Department of Sanitation,Dirty Conditions,E8 Canine Violation,Sidewalk,10016,,,,,MADISON AVENUE,EAST 29 STREET,INTERSECTION,NEW YORK,,N/A,Closed,,The Department of Sanitation investigated this complaint and found no violation at the location.,01/14/2015 12:00:00 PM,05 MANHATTAN,,MANHATTAN,988339,210565,PHONE,Unspecified,MANHATTAN,,,,,,,,40.7446279321069,-73.98524333939334,"(40.7446279321069, -73.98524333939334)"
29712653,01/13/2015 03:00:00 PM,01/14/2015 12:00:00 PM,DSNY,Department of Sanitation,Dirty Conditions,E8 Canine Violation,Sidewalk,11365,,,,,169 STREET,65 AVENUE,INTERSECTION,Fresh Meadows,,N/A,Closed,,The Department of Sanitation investigated this complaint and found no violation at the location.,01/14/2015 12:00:00 PM,08 QUEENS,,QUEENS,1039642,207702,PHONE,Unspecified,QUEENS,,,,,,,,40.736597195732095,-73.80012151341535,"(40.736597195732095, -73.80012151341535)"
29712938,01/13/2015 12:04:00 PM,01/17/2015 12:00:00 PM,DSNY,Department of Sanitation,Dirty Conditions,E8 Canine Violation,Sidewalk,11207,701 ALABAMA AVENUE,ALABAMA AVENUE,NEW LOTS AVENUE,HEGEMAN AVENUE,,,ADDRESS,BROOKLYN,,N/A,Closed,,The Department of Sanitation investigated this complaint and found no violation at the location.,01/17/2015 12:00:00 PM,05 BROOKLYN,3042960101,BROOKLYN,1013564,179469,ONLINE,Unspecified,BROOKLYN,,,,,,,,40.65922912949893,-73.8943450535822,"(40.65922912949893, -73.8943450535822)"
29707608,01/13/2015 10:07:00 AM,01/14/2015 12:00:00 PM,DSNY,Department of Sanitation,Dirty Conditions,E8 Canine Violation,Sidewalk,11230,1535 EAST 14 STREET,EAST 14 STREET,AVENUE O,AVENUE P,,,ADDRESS,BROOKLYN,,N/A,Closed,,The Department of Sanitation investigated this complaint and found no violation at the location.,01/14/2015 12:00:00 PM,14 BROOKLYN,3067610075,BROOKLYN,995411,162193,PHONE,Unspecified,BROOKLYN,,,,,,,,40.61185168003769,-73.95980153797257,"(40.61185168003769, -73.95980153797257)"
29712937,01/13/2015 09:53:00 AM,01/17/2015 12:00:00 PM,DSNY,Department of Sanitation,Dirty Conditions,E8 Canine Violation,Sidewalk,11203,5322 CLARENDON ROAD,CLARENDON ROAD,EAST 53 STREET,EAST 54 STREET,,,ADDRESS,BROOKLYN,,N/A,Closed,,The Department of Sanitation investigated this complaint and found no violation at the location.,01/17/2015 12:00:00 PM,17 BROOKLYN,3047740009,BROOKLYN,1004678,174139,PHONE,Unspecified,BROOKLYN,,,,,,,,40.64462440434609,-73.92638853264953,"(40.64462440434609, -73.92638853264953)"
29709775,01/13/2015 09:40:00 AM,01/15/2015 12:00:00 PM,DSNY,Department of Sanitation,Dirty Conditions,E8 Canine Violation,Sidewalk,10026,,,,,EAST 112 STREET,5 AVENUE,INTERSECTION,NEW YORK,,N/A,Closed,,The Department of Sanitation investigated this complaint and found no violation at the location.,01/15/2015 12:00:00 PM,10 MANHATTAN,,MANHATTAN,998561,230061,PHONE,Unspecified,MANHATTAN,,,,,,,,40.79812871955371,-73.94831198176799,"(40.79812871955371, -73.94831198176799)"
29710808,01/13/2015 09:28:00 AM,01/14/2015 12:00:00 PM,DSNY,Department of Sanitation,Dirty Conditions,E8 Canine Violation,Sidewalk,11216,,,,,BERGEN STREET,FRANKLIN AVENUE,INTERSECTION,BROOKLYN,,N/A,Closed,,The Department of Sanitation investigated this complaint and found no violation at the location.,01/14/2015 12:00:00 PM,08 BROOKLYN,,BROOKLYN,996524,185859,PHONE,Unspecified,BROOKLYN,,,,,,,,40.6768082697723,-73.9557497994442,"(40.6768082697723, -73.9557497994442)"
29709793,01/13/2015 08:35:00 AM,01/14/2015 12:00:00 PM,DSNY,Department of Sanitation,Dirty Conditions,E8 Canine Violation,Sidewalk,10454,,,,,EAST 140 STREET,BROOK AVENUE,INTERSECTION,BRONX,,N/A,Closed,,The Department of Sanitation investigated this complaint and found no violation at the location.,01/14/2015 12:00:00 PM,01 BRONX,,BRONX,1006830,234000,PHONE,Unspecified,BRONX,,,,,,,,40.80892292699067,-73.91843303521699,"(40.80892292699067, -73.91843303521699)"
29710565,01/13/2015 07:12:00 AM,01/17/2015 12:00:00 PM,DSNY,Department of Sanitation,Dirty Conditions,E8 Canine Violation,Sidewalk,11226,,,,,OCEAN AVENUE,ALBEMARLE ROAD,INTERSECTION,BROOKLYN,,N/A,Closed,,The Department of Sanitation investigated this complaint and found no violation at the location.,01/17/2015 12:00:00 PM,14 BROOKLYN,,BROOKLYN,995219,175087,PHONE,Unspecified,BROOKLYN,,,,,,,,40.64724322589319,-73.96047210641119,"(40.64724322589319, -73.96047210641119)"
29700541,01/12/2015 05:40:00 PM,01/15/2015 12:00:00 PM,DSNY,Department of Sanitation,Dirty Conditions,E8 Canine Violation,Sidewalk,11221,,,,,PUTNAM AVENUE,PATCHEN AVENUE,INTERSECTION,BROOKLYN,,N/A,Closed,,The Department of Sanitation investigated this complaint and found no violation at the location.,01/15/2015 12:00:00 PM,03 BROOKLYN,,BROOKLYN,1004546,189469,ONLINE,Unspecified,BROOKLYN,,,,,,,,40.686702137849196,-73.92681803867289,"(40.686702137849196, -73.92681803867289)"
29698541,01/12/2015 05:14:00 PM,01/13/2015 12:00:00 PM,DSNY,Department of Sanitation,Dirty Conditions,E8 Canine Violation,Sidewalk,10456,1168 WASHINGTON AVENUE,WASHINGTON AVENUE,EAST 167 STREET,EAST 168 STREET,,,ADDRESS,BRONX,,N/A,Closed,,The Department of Sanitation investigated this complaint and found no violation at the location.,01/13/2015 12:00:00 PM,03 BRONX,,BRONX,1009822,241692,PHONE,Unspecified,BRONX,,,,,,,,40.830027134842524,-73.9075955669905,"(40.830027134842524, -73.9075955669905)"
29698566,01/12/2015 04:43:00 PM,01/13/2015 12:00:00 PM,DSNY,Department of Sanitation,Dirty Conditions,E8 Canine Violation,Sidewalk,10473,,,,,STORY AVENUE,ELDER AVENUE,INTERSECTION,BRONX,,N/A,Closed,,The Department of Sanitation investigated this complaint and found no violation at the location.,01/13/2015 12:00:00 PM,09 BRONX,,BRONX,1018137,238662,PHONE,Unspecified,BRONX,,,,,,,,40.821682666464326,-73.87756464861015,"(40.821682666464326, -73.87756464861015)"
29699518,01/12/2015 03:46:00 PM,01/13/2015 12:00:00 PM,DSNY,Department of Sanitation,Dirty Conditions,E8 Canine Violation,Sidewalk,11358,199-04 32 AVENUE,32 AVENUE,JORDAN STREET,200 STREET,,,ADDRESS,Flushing,,N/A,Closed,,The Department of Sanitation investigated this complaint and found no violation at the location.,01/13/2015 12:00:00 PM,11 QUEENS,4060260002,QUEENS,1042411,219692,PHONE,Unspecified,QUEENS,,,,,,,,40.76948883554085,-73.79002608347423,"(40.76948883554085, -73.79002608347423)"
29699551,01/12/2015 02:34:00 PM,01/13/2015 12:00:00 PM,DSNY,Department of Sanitation,Dirty Conditions,E8 Canine Violation,Sidewalk,11385,,,,,PUTNAM AVENUE,MYRTLE AVENUE,INTERSECTION,Ridgewood,,N/A,Closed,,The Department of Sanitation investigated this complaint and found no violation at the location.,01/13/2015 12:00:00 PM,05 QUEENS,,QUEENS,1010043,194331,PHONE,Unspecified,QUEENS,,,,,,,,40.70003288339999,-73.90697871990369,"(40.70003288339999, -73.90697871990369)"
29703326,01/12/2015 11:17:00 AM,01/14/2015 12:00:00 PM,DSNY,Department of Sanitation,Dirty Conditions,E8 Canine Violation,Sidewalk,10009,,,,,EAST 10 STREET,1 AVENUE,INTERSECTION,NEW YORK,,N/A,Closed,,The Department of Sanitation investigated this complaint and found no violation at the location.,01/14/2015 12:00:00 PM,03 MANHATTAN,,MANHATTAN,988565,204787,ONLINE,Unspecified,MANHATTAN,,,,,,,,40.72876864308615,-73.98443144128736,"(40.72876864308615, -73.98443144128736)"
29698568,01/12/2015 10:20:00 AM,01/15/2015 12:00:00 PM,DSNY,Department of Sanitation,Dirty Conditions,E8 Canine Violation,Sidewalk,11205,950 KENT AVENUE,KENT AVENUE,WILLOUGHBY AVENUE,DEKALB AVENUE,,,ADDRESS,BROOKLYN,,N/A,Closed,,The Department of Sanitation investigated this complaint and found no violation at the location.,01/15/2015 12:00:00 PM,03 BROOKLYN,3019250042,BROOKLYN,995665,191318,ONLINE,Unspecified,BROOKLYN,,,,,,,,40.69179312643764,-73.95883741593352,"(40.69179312643764, -73.95883741593352)"
29704498,01/12/2015 09:37:00 AM,01/14/2015 12:00:00 PM,DSNY,Department of Sanitation,Dirty Conditions,E8 Canine Violation,Sidewalk,11237,,,,,HIMROD STREET,IRVING AVENUE,INTERSECTION,BROOKLYN,,N/A,Closed,,The Department of Sanitation investigated this complaint and found no violation at the location.,01/14/2015 12:00:00 PM,04 BROOKLYN,,BROOKLYN,1006828,194827,PHONE,Unspecified,BROOKLYN,,,,,,,,40.701403073598755,-73.9185718010392,"(40.701403073598755, -73.9185718010392)"
29700479,01/12/2015 09:02:00 AM,01/13/2015 12:00:00 PM,DSNY,Department of Sanitation,Dirty Conditions,E8 Canine Violation,Sidewalk,10458,,,,,DECATUR AVENUE,OLIVER PLACE,INTERSECTION,BRONX,,N/A,Closed,,The Department of Sanitation investigated this complaint and found no violation at the location.,01/13/2015 12:00:00 PM,07 BRONX,,BRONX,1015853,255202,PHONE,Unspecified,BRONX,,,,,,,,40.86708854383729,-73.88573888996918,"(40.86708854383729, -73.88573888996918)"
29695351,01/11/2015 11:01:00 PM,01/13/2015 12:00:00 PM,DSNY,Department of Sanitation,Dirty Conditions,E8 Canine Violation,Sidewalk,11373,94-27 42 AVENUE,42 AVENUE,94 STREET,95 STREET,,,ADDRESS,Elmhurst,,N/A,Closed,,The Department of Sanitation investigated this complaint and found no violation at the location.,01/13/2015 12:00:00 PM,04 QUEENS,4015910079,QUEENS,1019994,210913,ONLINE,Unspecified,QUEENS,,,,,,,,40.74551181232301,-73.87100287043681,"(40.74551181232301, -73.87100287043681)"
29694683,01/11/2015 12:15:00 PM,01/13/2015 12:00:00 PM,DSNY,Department of Sanitation,Dirty Conditions,E8 Canine Violation,Sidewalk,11208,793 DREW STREET,DREW STREET,DUMONT AVENUE,LINDEN BOULEVARD,,,ADDRESS,BROOKLYN,,N/A,Closed,,The Department of Sanitation investigated this complaint and found no violation at the location.,01/13/2015 12:00:00 PM,05 BROOKLYN,3044710043,BROOKLYN,1022762,183622,PHONE,Unspecified,BROOKLYN,,,,,,,,40.67059295066603,-73.86116949984131,"(40.67059295066603, -73.86116949984131)"
29695830,01/11/2015 09:07:00 AM,01/12/2015 12:00:00 PM,DSNY,Department of Sanitation,Dirty Conditions,E8 Canine Violation,Sidewalk,11223,1724 WEST 13 STREET,WEST 13 STREET,QUENTIN ROAD,HIGHLAWN AVENUE,,,ADDRESS,BROOKLYN,,N/A,Closed,,The Department of Sanitation investigated this complaint and found no violation at the location.,01/12/2015 12:00:00 PM,11 BROOKLYN,3066430015,BROOKLYN,988217,159483,PHONE,Unspecified,BROOKLYN,,,,,,,,40.604419426378634,-73.98571368677806,"(40.604419426378634, -73.98571368677806)"
29686889,01/10/2015 06:41:00 PM,01/13/2015 12:00:00 PM,DSNY,Department of Sanitation,Dirty Conditions,E8 Canine Violation,Sidewalk,11432,159-13 84 ROAD,84 ROAD,159 STREET,160 STREET,,,ADDRESS,Jamaica,,N/A,Closed,,The Department of Sanitation investigated this complaint and found no violation at the location.,01/13/2015 12:00:00 PM,08 QUEENS,4097890034,QUEENS,1038058,199427,PHONE,Unspecified,QUEENS,,,,,,,,40.71389416472441,-73.80590341982919,"(40.71389416472441, -73.80590341982919)"
29687744,01/10/2015 03:30:00 PM,01/13/2015 12:00:00 PM,DSNY,Department of Sanitation,Dirty Conditions,E8 Canine Violation,Sidewalk,11428,,,,,JAMAICA AVENUE,217 STREET,INTERSECTION,Queens Village,,N/A,Closed,,The Department of Sanitation investigated this complaint and found no violation at the location.,01/13/2015 12:00:00 PM,13 QUEENS,,QUEENS,1056903,200871,PHONE,Unspecified,QUEENS,,,,,,,,40.71772290013509,-73.73791037727577,"(40.71772290013509, -73.73791037727577)"
29688600,01/10/2015 01:14:00 PM,01/13/2015 12:00:00 PM,DSNY,Department of Sanitation,Dirty Conditions,E8 Canine Violation,Sidewalk,10467,728 ARNOW AVENUE,ARNOW AVENUE,CRUGER AVENUE,HOLLAND AVENUE,,,ADDRESS,BRONX,,N/A,Closed,,The Department of Sanitation investigated this complaint and found no violation at the location.,01/13/2015 12:00:00 PM,11 BRONX,2045100028,BRONX,1021287,255492,PHONE,Unspecified,BRONX,,,,,,,,40.86786337750963,-73.86609060879601,"(40.86786337750963, -73.86609060879601)"
29698567,01/10/2015 07:56:00 AM,01/13/2015 12:00:00 PM,DSNY,Department of Sanitation,Dirty Conditions,E8 Canine Violation,Sidewalk,10463,TIBBET AVENUE,TIBBET AVENUE,WEST  234 STREET,WEST  236 STREET,,,BLOCKFACE,BRONX,,N/A,Closed,,The Department of Sanitation investigated this complaint and found no violation at the location.,01/13/2015 12:00:00 PM,08 BRONX,,BRONX,1010556,261371,ONLINE,Unspecified,BRONX,,,,,,,,40.884037911367734,-73.90486603147718,"(40.884037911367734, -73.90486603147718)"
29687745,01/10/2015 05:04:00 AM,01/12/2015 12:00:00 PM,DSNY,Department of Sanitation,Dirty Conditions,E8 Canine Violation,Sidewalk,10453,2026 CRESTON AVENUE,CRESTON AVENUE,BUSH STREET,EAST BURNSIDE AVENUE,,,ADDRESS,BRONX,,N/A,Closed,,The Department of Sanitation investigated this complaint and found no violation at the location.,01/12/2015 12:00:00 PM,05 BRONX,2028080073,BRONX,1010411,249719,ONLINE,Unspecified,BRONX,,,,,,,,40.852057170945805,-73.9054359044174,"(40.852057170945805, -73.9054359044174)"
29676921,01/09/2015 01:19:00 PM,01/12/2015 12:00:00 PM,DSNY,Department of Sanitation,Dirty Conditions,E8 Canine Violation,Sidewalk,10033,602 WEST 184 STREET,WEST 184 STREET,ST NICHOLAS AVENUE,WADSWORTH AVENUE,,,ADDRESS,NEW YORK,,N/A,Closed,,The Department of Sanitation investigated this complaint and found no violation at the location.,01/12/2015 12:00:00 PM,12 MANHATTAN,1021650063,MANHATTAN,1002877,249395,PHONE,Unspecified,MANHATTAN,,,,,,,,40.85118699615938,-73.93266992103403,"(40.85118699615938, -73.93266992103403)"
29681670,01/09/2015 01:02:00 PM,01/10/2015 12:00:00 PM,DSNY,Department of Sanitation,Dirty Conditions,E8 Canine Violation,Sidewalk,11207,,,,,BELMONT AVENUE,ASHFORD STREET,INTERSECTION,BROOKLYN,,N/A,Closed,,The Department of Sanitation investigated this complaint and found no violation at the location.,01/10/2015 12:00:00 PM,05 BROOKLYN,,BROOKLYN,1016233,184210,PHONE,Unspecified,BROOKLYN,,,,,,,,40.67223287201492,-73.88470283323964,"(40.67223287201492, -73.88470283323964)"
29680274,01/09/2015 10:41:00 AM,01/10/2015 12:00:00 PM,DSNY,Department of Sanitation,Dirty Conditions,E8 Canine Violation,Sidewalk,11209,,,,,80 STREET,6 AVENUE,INTERSECTION,BROOKLYN,,N/A,Closed,,The Department of Sanitation investigated this complaint and found no violation at the location.,01/10/2015 12:00:00 PM,10 BROOKLYN,,BROOKLYN,978200,166746,PHONE,Unspecified,BROOKLYN,,,,,,,,40.62435368302185,-74.02179430551327,"(40.62435368302185, -74.02179430551327)"
29684016,01/09/2015 09:21:00 AM,01/10/2015 12:00:00 PM,DSNY,Department of Sanitation,Dirty Conditions,E8 Canine Violation,Sidewalk,10458,2837 VALENTINE AVENUE,VALENTINE AVENUE,EAST 197 STREET,EAST 198 STREET,,,ADDRESS,BRONX,,N/A,Closed,,The Department of Sanitation investigated this complaint and found no violation at the location.,01/10/2015 12:00:00 PM,07 BRONX,2033040128,BRONX,1014620,255971,PHONE,Unspecified,BRONX,,,,,,,,40.86920354110577,-73.89019332953406,"(40.86920354110577, -73.89019332953406)"
29677753,01/09/2015 01:34:00 AM,01/09/2015 12:00:00 PM,DSNY,Department of Sanitation,Dirty Conditions,E8 Canine Violation,Sidewalk,10472,1003 ELDER AVENUE,ELDER AVENUE,BRUCKNER BOULEVARD,WATSON AVENUE,,,ADDRESS,BRONX,,N/A,Closed,,The Department of Sanitation investigated this complaint and found no violation at the location.,01/09/2015 12:00:00 PM,09 BRONX,2037130067,BRONX,1017971,239577,PHONE,Unspecified,BRONX,,,,,,,,40.82419471511577,-73.8781598155,"(40.82419471511577, -73.8781598155)"
29680234,01/09/2015 01:30:00 AM,01/09/2015 12:00:00 PM,DSNY,Department of Sanitation,Dirty Conditions,E8 Canine Violation,Sidewalk,10472,,,,,ELDER AVENUE,WATSON AVENUE,INTERSECTION,BRONX,,N/A,Closed,,The Department of Sanitation investigated this complaint and found no violation at the location.,01/09/2015 12:00:00 PM,09 BRONX,,BRONX,1017854,240245,PHONE,Unspecified,BRONX,,,,,,,,40.82602862936386,-73.87857921194824,"(40.82602862936386, -73.87857921194824)"
29675715,01/09/2015 12:19:00 AM,01/10/2015 12:00:00 PM,DSNY,Department of Sanitation,Dirty Conditions,E8 Canine Violation,Sidewalk,10458,2446 MARION AVENUE,MARION AVENUE,EAST 187 STREET,EAST 188 STREET,,,ADDRESS,BRONX,,N/A,Closed,,The Department of Sanitation investigated this complaint and found no violation at the location.,01/10/2015 12:00:00 PM,05 BRONX,2030250009,BRONX,1013506,252620,ONLINE,Unspecified,BRONX,,,,,,,,40.86000983047695,-73.89423576563037,"(40.86000983047695, -73.89423576563037)"
29667832,01/08/2015 09:59:00 PM,01/13/2015 12:00:00 PM,DSNY,Department of Sanitation,Dirty Conditions,E8 Canine Violation,Sidewalk,11373,,,,,94 STREET,59 AVENUE,INTERSECTION,Elmhurst,,N/A,Closed,,The Department of Sanitation investigated this complaint and found no violation at the location.,01/13/2015 12:00:00 PM,04 QUEENS,,QUEENS,1021150,207020,PHONE,Unspecified,QUEENS,,,,,,,,40.734821758979415,-73.86685232392726,"(40.734821758979415, -73.86685232392726)"
29670946,01/08/2015 01:54:00 PM,01/09/2015 12:00:00 PM,DSNY,Department of Sanitation,Dirty Conditions,E8 Canine Violation,Sidewalk,11237,278 GROVE STREET,GROVE STREET,KNICKERBOCKER AVENUE,MYRTLE AVENUE,,,ADDRESS,BROOKLYN,,N/A,Closed,,The Department of Sanitation investigated this complaint and found no violation at the location.,01/09/2015 12:00:00 PM,04 BROOKLYN,3033260011,BROOKLYN,1007556,193621,PHONE,Unspecified,BROOKLYN,,,,,,,,40.6980909994104,-73.91595042324639,"(40.6980909994104, -73.91595042324639)"
29663115,01/08/2015 12:23:00 PM,01/15/2015 12:00:00 PM,DSNY,Department of Sanitation,Dirty Conditions,E8 Canine Violation,Sidewalk,11237,220 ST NICHOLAS AVENUE,ST NICHOLAS AVENUE,HARMAN STREET,GREENE AVENUE,,,ADDRESS,BROOKLYN,,N/A,Closed,,The Department of Sanitation investigated this complaint and issued a Notice of Violation.,01/15/2015 12:00:00 PM,04 BROOKLYN,3032910033,BROOKLYN,1007956,195518,PHONE,Unspecified,BROOKLYN,,,,,,,,40.703296755708315,-73.91450120707837,"(40.703296755708315, -73.91450120707837)"
29669199,01/08/2015 09:38:00 AM,01/08/2015 12:00:00 PM,DSNY,Department of Sanitation,Dirty Conditions,E8 Canine Violation,Sidewalk,10036,328 WEST 47 STREET,WEST 47 STREET,8 AVENUE,9 AVENUE,,,ADDRESS,NEW YORK,,N/A,Closed,,The Department of Sanitation investigated this complaint and found no violation at the location.,01/08/2015 12:00:00 PM,04 MANHATTAN,1010370049,MANHATTAN,987443,216464,ONLINE,Unspecified,MANHATTAN,,,,,,,,40.7608195610327,-73.98847408379969,"(40.7608195610327, -73.98847408379969)"
29657868,01/07/2015 11:53:00 PM,01/09/2015 12:00:00 PM,DSNY,Department of Sanitation,Dirty Conditions,E8 Canine Violation,Sidewalk,10023,315 WEST 61 STREET,WEST 61 STREET,WEST END AVENUE,AMTRAK RAILROAD,,,ADDRESS,NEW YORK,,N/A,Closed,,The Department of Sanitation investigated this complaint and found no violation at the location.,01/09/2015 12:00:00 PM,07 MANHATTAN,1011717506,MANHATTAN,987118,220872,ONLINE,Unspecified,MANHATTAN,,,,,,,,40.77291849029113,-73.98964537007005,"(40.77291849029113, -73.98964537007005)"
29655314,01/07/2015 04:30:00 PM,01/08/2015 12:00:00 PM,DSNY,Department of Sanitation,Dirty Conditions,E8 Canine Violation,Sidewalk,11412,118-57 201 STREET,201 STREET,118 AVENUE,119 AVENUE,,,ADDRESS,Saint Albans,,N/A,Closed,,The Department of Sanitation investigated this complaint and found no violation at the location.,01/08/2015 12:00:00 PM,12 QUEENS,4126300039,QUEENS,1053367,191735,PHONE,Unspecified,QUEENS,,,,,,,,40.692675165515055,-73.75075990418385,"(40.692675165515055, -73.75075990418385)"
29658055,01/07/2015 11:46:00 AM,01/08/2015 12:00:00 PM,DSNY,Department of Sanitation,Dirty Conditions,E8 Canine Violation,Sidewalk,10460,1230 EAST TREMONT AVENUE,EAST TREMONT AVENUE,BRONX RIVER PARKWAY,VAN NEST AVENUE,,,ADDRESS,BRONX,,N/A,Closed,,The Department of Sanitation investigated this complaint and found no violation at the location.,01/08/2015 12:00:00 PM,09 BRONX,2039090081,BRONX,1019580,245236,PHONE,Unspecified,BRONX,,,,,,,,40.839720738021455,-73.8723164061865,"(40.839720738021455, -73.8723164061865)"
29661637,01/07/2015 10:32:00 AM,01/08/2015 12:00:00 PM,DSNY,Department of Sanitation,Dirty Conditions,E8 Canine Violation,Sidewalk,10472,BOYNTON AVENUE,BOYNTON AVENUE,BRUCKNER BOULEVARD,WATSON AVENUE,,,BLOCKFACE,BRONX,,N/A,Closed,,The Department of Sanitation investigated this complaint and found no violation at the location.,01/08/2015 12:00:00 PM,09 BRONX,,BRONX,,,PHONE,Unspecified,BRONX,,,,,,,,,,
29659193,01/07/2015 07:08:00 AM,01/08/2015 12:00:00 PM,DSNY,Department of Sanitation,Dirty Conditions,E8 Canine Violation,Sidewalk,11417,97-28 LINDEN BOULEVARD,LINDEN BOULEVARD,97 STREET,HAWTREE STREET,,,ADDRESS,Ozone Park,,N/A,Closed,,The Department of Sanitation investigated this complaint and found no violation at the location.,01/08/2015 12:00:00 PM,10 QUEENS,4115170153,QUEENS,1029106,184996,PHONE,Unspecified,QUEENS,,,,,,,,40.67433439590111,-73.83829115093803,"(40.67433439590111, -73.83829115093803)"
29643337,01/06/2015 09:01:00 AM,01/07/2015 12:00:00 PM,DSNY,Department of Sanitation,Dirty Conditions,E8 Canine Violation,Sidewalk,11415,,,,,TALBOT STREET,LEFFERTS BOULEVARD,INTERSECTION,Kew Gardens,,N/A,Closed,,The Department of Sanitation investigated this complaint and found no violation at the location.,01/07/2015 12:00:00 PM,09 QUEENS,,QUEENS,1031668,197926,PHONE,Unspecified,QUEENS,,,,,,,,40.709810839780296,-73.82896398013835,"(40.709810839780296, -73.82896398013835)"
29636735,01/05/2015 11:22:00 PM,01/08/2015 12:00:00 PM,DSNY,Department of Sanitation,Dirty Conditions,E8 Canine Violation,Sidewalk,11356,7-37 126 STREET,126 STREET,7 AVENUE,9 AVENUE,,,ADDRESS,College Point,,N/A,Closed,,The Department of Sanitation investigated this complaint and found no violation at the location.,01/08/2015 12:00:00 PM,07 QUEENS,4039710036,QUEENS,1028057,227309,ONLINE,Unspecified,QUEENS,,,,,,,,40.790478236360656,-73.84179736447021,"(40.790478236360656, -73.84179736447021)"
29641253,01/05/2015 06:17:00 PM,01/08/2015 12:00:00 PM,DSNY,Department of Sanitation,Dirty Conditions,E8 Canine Violation,Sidewalk,10465,2900 LAWTON AVENUE,LAWTON AVENUE,EAST TREMONT AVENUE,LOGAN AVENUE,,,ADDRESS,BRONX,,N/A,Closed,,The Department of Sanitation investigated this complaint and found no violation at the location.,01/08/2015 12:00:00 PM,10 BRONX,2054530001,BRONX,1035116,237205,ONLINE,Unspecified,BRONX,,,,,,,,40.81760216577914,-73.81622990344508,"(40.81760216577914, -73.81622990344508)"
29645711,01/05/2015 04:44:00 PM,01/08/2015 12:00:00 PM,DSNY,Department of Sanitation,Dirty Conditions,E8 Canine Violation,Sidewalk,11225,118 STERLING STREET,STERLING STREET,BEDFORD AVENUE,ROGERS AVENUE,,,ADDRESS,BROOKLYN,,N/A,Closed,,The Department of Sanitation investigated this complaint and found no violation at the location.,01/08/2015 12:00:00 PM,09 BROOKLYN,3013190008,BROOKLYN,996285,180741,ONLINE,Unspecified,BROOKLYN,,,,,,,,40.662760833109964,-73.95662057903213,"(40.662760833109964, -73.95662057903213)"
29634481,01/05/2015 01:24:00 PM,01/07/2015 12:00:00 PM,DSNY,Department of Sanitation,Dirty Conditions,E8 Canine Violation,Sidewalk,11209,56 MACKAY PLACE,MACKAY PLACE,NARROWS AVENUE,LOUISE TERRACE,,,ADDRESS,BROOKLYN,,N/A,Closed,,The Department of Sanitation investigated this complaint and found no violation at the location.,01/07/2015 12:00:00 PM,10 BROOKLYN,3058840014,BROOKLYN,974910,171189,ONLINE,Unspecified,BROOKLYN,,,,,,,,40.636545921094076,-74.03365223267332,"(40.636545921094076, -74.03365223267332)"
29641067,01/05/2015 12:46:00 PM,01/06/2015 12:00:00 PM,DSNY,Department of Sanitation,Dirty Conditions,E8 Canine Violation,Sidewalk,11233,246 SARATOGA AVENUE,SARATOGA AVENUE,HERKIMER STREET,ATLANTIC AVENUE,,,ADDRESS,BROOKLYN,,N/A,Closed,,The Department of Sanitation investigated this complaint and found no violation at the location.,01/06/2015 12:00:00 PM,03 BROOKLYN,3015610026,BROOKLYN,1007437,186084,PHONE,Unspecified,BROOKLYN,,,,,,,,40.677403985679945,-73.91640551756248,"(40.677403985679945, -73.91640551756248)"
29635627,01/05/2015 11:47:00 AM,01/07/2015 12:00:00 PM,DSNY,Department of Sanitation,Dirty Conditions,E8 Canine Violation,Sidewalk,10468,2525 MORRIS AVENUE,MORRIS AVENUE,EAST 190 STREET,EAST 191 STREET,,,ADDRESS,BRONX,,N/A,Closed,,The Department of Sanitation investigated this complaint and found no violation at the location.,01/07/2015 12:00:00 PM,07 BRONX,2031900050,BRONX,1012276,254082,PHONE,Unspecified,BRONX,,,,,,,,40.86402656719336,-73.89867625757466,"(40.86402656719336, -73.89867625757466)"
29639780,01/05/2015 10:48:00 AM,01/05/2015 12:00:00 PM,DSNY,Department of Sanitation,Dirty Conditions,E8 Canine Violation,Sidewalk,11413,,,,,231 STREET,MERRICK BOULEVARD,INTERSECTION,Springfield Gardens,,N/A,Closed,,The Department of Sanitation investigated this complaint and found no violation at the location.,01/05/2015 12:00:00 PM,13 QUEENS,,QUEENS,1056749,185488,PHONE,Unspecified,QUEENS,,,,,,,,40.675501593800576,-73.73863149267632,"(40.675501593800576, -73.73863149267632)"
29640139,01/05/2015 09:33:00 AM,01/07/2015 12:00:00 PM,DSNY,Department of Sanitation,Dirty Conditions,E8 Canine Violation,Sidewalk,10462,976 RHINELANDER AVENUE,RHINELANDER AVENUE,RADCLIFF AVENUE,COLDEN AVENUE,,,ADDRESS,BRONX,,N/A,Closed,,The Department of Sanitation investigated this complaint and found no violation at the location.,01/07/2015 12:00:00 PM,11 BRONX,2041260002,BRONX,1023424,248905,ONLINE,Unspecified,BRONX,,,,,,,,40.84977483796562,-73.85840267322976,"(40.84977483796562, -73.85840267322976)"
29636772,01/05/2015 07:45:00 AM,01/08/2015 12:00:00 PM,DSNY,Department of Sanitation,Dirty Conditions,E8 Canine Violation,Sidewalk,11221,541 KNICKERBOCKER AVENUE,KNICKERBOCKER AVENUE,GROVE STREET,LINDEN STREET,,,ADDRESS,BROOKLYN,,N/A,Closed,,The Department of Sanitation investigated this complaint and found no violation at the location.,01/08/2015 12:00:00 PM,04 BROOKLYN,3033260001,BROOKLYN,1007642,193325,PHONE,Unspecified,BROOKLYN,,,,,,,,40.69727832180535,-73.91564130541167,"(40.69727832180535, -73.91564130541167)"
29631274,01/05/2015 12:04:00 AM,01/07/2015 12:00:00 PM,DSNY,Department of Sanitation,Dirty Conditions,E8 Canine Violation,Sidewalk,10472,1003 ELDER AVENUE,ELDER AVENUE,BRUCKNER BOULEVARD,WATSON AVENUE,,,ADDRESS,BRONX,,N/A,Closed,,The Department of Sanitation investigated this complaint and found no violation at the location.,01/07/2015 12:00:00 PM,09 BRONX,2037130067,BRONX,1017971,239577,PHONE,Unspecified,BRONX,,,,,,,,40.82419471511577,-73.8781598155,"(40.82419471511577, -73.8781598155)"
29631273,01/04/2015 10:31:00 PM,01/07/2015 12:00:00 PM,DSNY,Department of Sanitation,Dirty Conditions,E8 Canine Violation,Sidewalk,11229,2018 EAST 16 STREET,EAST 16 STREET,AVENUE T,AVENUE U,,,ADDRESS,BROOKLYN,,N/A,Closed,,The Department of Sanitation investigated this complaint and found no violation at the location.,01/07/2015 12:00:00 PM,15 BROOKLYN,3073200014,BROOKLYN,996525,158081,ONLINE,Unspecified,BROOKLYN,,,,,,,,40.60056360840156,-73.95579672945861,"(40.60056360840156, -73.95579672945861)"
29633282,01/04/2015 01:55:00 PM,01/05/2015 12:00:00 PM,DSNY,Department of Sanitation,Dirty Conditions,E8 Canine Violation,Sidewalk,11102,,,,,28 AVENUE,21 STREET,INTERSECTION,Astoria,,N/A,Closed,,The Department of Sanitation investigated this complaint and found no violation at the location.,01/05/2015 12:00:00 PM,01 QUEENS,,QUEENS,1004521,220230,PHONE,Unspecified,QUEENS,,,,,,,,40.77113359116471,-73.92681551549907,"(40.77113359116471, -73.92681551549907)"
29630763,01/04/2015 07:36:00 AM,01/05/2015 12:00:00 PM,DSNY,Department of Sanitation,Dirty Conditions,E8 Canine Violation,Sidewalk,10306,,,,,JEFFERSON AVENUE,NORTH RAILROAD AVENUE,INTERSECTION,STATEN ISLAND,,N/A,Closed,,The Department of Sanitation investigated this complaint and found no violation at the location.,01/05/2015 12:00:00 PM,02 STATEN ISLAND,,STATEN ISLAND,955699,152142,ONLINE,Unspecified,STATEN ISLAND,,,,,,,,40.58422476675021,-74.10278933214663,"(40.58422476675021, -74.10278933214663)"
29630271,01/04/2015 06:36:00 AM,01/06/2015 12:00:00 PM,DSNY,Department of Sanitation,Dirty Conditions,E8 Canine Violation,Sidewalk,11205,80 STEUBEN STREET,STEUBEN STREET,PARK AVENUE,MYRTLE AVENUE,,,ADDRESS,BROOKLYN,,N/A,Closed,,The Department of Sanitation investigated this complaint and found no violation at the location.,01/06/2015 12:00:00 PM,02 BROOKLYN,3018930038,BROOKLYN,994398,192499,ONLINE,Unspecified,BROOKLYN,,,,,,,,40.695036241374396,-73.96340444865164,"(40.695036241374396, -73.96340444865164)"
29627336,01/03/2015 03:57:00 PM,01/05/2015 12:00:00 PM,DSNY,Department of Sanitation,Dirty Conditions,E8 Canine Violation,Sidewalk,10025,50 WEST 93 STREET,WEST 93 STREET,CENTRAL PARK WEST,COLUMBUS AVENUE,,,ADDRESS,NEW YORK,,N/A,Closed,,The Department of Sanitation investigated this complaint and found no violation at the location.,01/05/2015 12:00:00 PM,07 MANHATTAN,1012060045,MANHATTAN,993245,227215,PHONE,Unspecified,MANHATTAN,,,,,,,,40.79032423063705,-73.96751595238567,"(40.79032423063705, -73.96751595238567)"
29628502,01/03/2015 02:10:00 PM,01/05/2015 12:00:00 PM,DSNY,Department of Sanitation,Dirty Conditions,E8 Canine Violation,Sidewalk,11373,91-19 48 AVENUE,48 AVENUE,91 STREET,91 PLACE,,,ADDRESS,Elmhurst,,N/A,Closed,,The Department of Sanitation investigated this complaint and found no violation at the location.,01/05/2015 12:00:00 PM,04 QUEENS,4018470023,QUEENS,1019362,209501,PHONE,Unspecified,QUEENS,,,,,,,,40.74163876104339,-73.87329107380512,"(40.74163876104339, -73.87329107380512)"
29627322,01/03/2015 06:06:00 AM,01/07/2015 12:00:00 PM,DSNY,Department of Sanitation,Dirty Conditions,E8 Canine Violation,Sidewalk,10467,,,,,EAST 209 STREET,HULL AVENUE,INTERSECTION,BRONX,,N/A,Closed,,The Department of Sanitation investigated this complaint and found no violation at the location.,01/07/2015 12:00:00 PM,07 BRONX,,BRONX,1018971,258740,PHONE,Unspecified,BRONX,,,,,,,,40.876787545694036,-73.8744473957362,"(40.876787545694036, -73.8744473957362)"
29626104,01/03/2015 06:03:00 AM,01/07/2015 12:00:00 PM,DSNY,Department of Sanitation,Dirty Conditions,E8 Canine Violation,Sidewalk,,,,,,DECATUR AVENUE,EAST 209 STREET,INTERSECTION,,,N/A,Closed,,The Department of Sanitation investigated this complaint and found no violation at the location.,01/07/2015 12:00:00 PM,07 BRONX,,BRONX,,,PHONE,Unspecified,BRONX,,,,,,,,,,
29621418,01/02/2015 07:22:00 PM,01/07/2015 12:00:00 PM,DSNY,Department of Sanitation,Dirty Conditions,E8 Canine Violation,Sidewalk,10457,4278 3 AVENUE,3 AVENUE,EAST 178 STREET,EAST 179 STREET,,,ADDRESS,BRONX,,N/A,Closed,,The Department of Sanitation investigated this complaint and found no violation at the location.,01/07/2015 12:00:00 PM,06 BRONX,2030610005,BRONX,1013208,248360,PHONE,Unspecified,BRONX,,,,,,,,40.84831839029192,-73.8953314749936,"(40.84831839029192, -73.8953314749936)"
29623110,01/02/2015 05:48:00 PM,01/03/2015 12:00:00 PM,DSNY,Department of Sanitation,Dirty Conditions,E8 Canine Violation,Sidewalk,10460,1520 THERIOT AVENUE,THERIOT AVENUE,ARCHER STREET,GUERLAIN STREET,,,ADDRESS,BRONX,,N/A,Closed,,The Department of Sanitation investigated this complaint and found no violation at the location.,01/03/2015 12:00:00 PM,09 BRONX,2039220043,BRONX,1021442,244753,PHONE,Unspecified,BRONX,,,,,,,,40.83838739929994,-73.86558977559102,"(40.83838739929994, -73.86558977559102)"
29622231,01/02/2015 01:35:00 PM,01/07/2015 12:00:00 PM,DSNY,Department of Sanitation,Dirty Conditions,E8 Canine Violation,Sidewalk,11230,1902 AVENUE L,AVENUE L,EAST 19 STREET,OCEAN AVENUE,,,ADDRESS,BROOKLYN,,N/A,Closed,,The Department of Sanitation investigated this complaint and found no violation at the location.,01/07/2015 12:00:00 PM,14 BROOKLYN,3067390036,BROOKLYN,996328,165465,PHONE,Unspecified,BROOKLYN,,,,,,,,40.62083143870449,-73.95649293562904,"(40.62083143870449, -73.95649293562904)"
29618907,01/02/2015 12:05:00 PM,01/08/2015 12:00:00 PM,DSNY,Department of Sanitation,Dirty Conditions,E8 Canine Violation,Sidewalk,11226,330 EAST 32 STREET,EAST 32 STREET,CLARENDON ROAD,AVENUE D,,,ADDRESS,BROOKLYN,,N/A,Closed,,The Department of Sanitation investigated this complaint and found no violation at the location.,01/08/2015 12:00:00 PM,17 BROOKLYN,3049480018,BROOKLYN,999020,173370,ONLINE,Unspecified,BROOKLYN,,,,,,,,40.64252490833231,-73.94677858321539,"(40.64252490833231, -73.94677858321539)"
29619736,01/02/2015 08:40:00 AM,01/05/2015 12:00:00 PM,DSNY,Department of Sanitation,Dirty Conditions,E8 Canine Violation,Sidewalk,11237,427 STOCKHOLM STREET,STOCKHOLM STREET,ST NICHOLAS AVENUE,CYPRESS AVENUE,,,ADDRESS,BROOKLYN,,N/A,Closed,,The Department of Sanitation investigated this complaint and found no violation at the location.,01/05/2015 12:00:00 PM,04 BROOKLYN,3032500028,BROOKLYN,1007422,196470,ONLINE,Unspecified,BROOKLYN,,,,,,,,40.70591118499145,-73.91642387091673,"(40.70591118499145, -73.91642387091673)"
29622190,01/02/2015 07:55:00 AM,01/05/2015 12:00:00 PM,DSNY,Department of Sanitation,Dirty Conditions,E8 Canine Violation,Sidewalk,11218,,,,,CORTELYOU ROAD,EAST 8 STREET,INTERSECTION,BROOKLYN,,N/A,Closed,,The Department of Sanitation investigated this complaint and found no violation at the location.,01/05/2015 12:00:00 PM,12 BROOKLYN,,BROOKLYN,992371,172008,PHONE,Unspecified,BROOKLYN,,,,,,,,40.63879510275324,-73.97073886601659,"(40.63879510275324, -73.97073886601659)"
29621367,01/02/2015 07:46:00 AM,01/05/2015 12:00:00 PM,DSNY,Department of Sanitation,Dirty Conditions,E8 Canine Violation,Sidewalk,11217,,,,,SACKETT STREET,NEVINS STREET,INTERSECTION,BROOKLYN,,N/A,Closed,,The Department of Sanitation investigated this complaint and found no violation at the location.,01/05/2015 12:00:00 PM,06 BROOKLYN,,BROOKLYN,987867,186926,PHONE,Unspecified,BROOKLYN,,,,,,,,40.67974471359585,-73.98695942506754,"(40.67974471359585, -73.98695942506754)"
29614688,01/01/2015 07:17:00 PM,01/05/2015 12:00:00 PM,DSNY,Department of Sanitation,Dirty Conditions,E8 Canine Violation,Sidewalk,11220,,,,,61 STREET,7 AVENUE,INTERSECTION,BROOKLYN,,N/A,Closed,,The Department of Sanitation investigated this complaint and found no violation at the location.,01/05/2015 12:00:00 PM,07 BROOKLYN,,BROOKLYN,980819,171077,PHONE,Unspecified,BROOKLYN,,,,,,,,40.63624276479746,-74.01236191470225,"(40.63624276479746, -74.01236191470225)"
29616471,01/01/2015 01:40:00 PM,01/02/2015 12:00:00 PM,DSNY,Department of Sanitation,Dirty Conditions,E8 Canine Violation,Sidewalk,10462,2001 NEWBOLD AVENUE,NEWBOLD AVENUE,CROSS BRONX EXPRESSWAY,OLMSTEAD AVENUE,,,ADDRESS,BRONX,,N/A,Closed,,The Department of Sanitation investigated this complaint and found no violation at the location.,01/02/2015 12:00:00 PM,09 BRONX,2038050078,BRONX,1023848,242658,ONLINE,Unspecified,BRONX,,,,,,,,40.83262677686421,-73.85690698206842,"(40.83262677686421, -73.85690698206842)"
