Unique Key,Created Date,Closed Date,Agency,Agency Name,Complaint Type,Descriptor,Location Type,Incident Zip,Incident Address,Street Name,Cross Street 1,Cross Street 2,Intersection Street 1,Intersection Street 2,Address Type,City,Landmark,Facility Type,Status,Due Date,Resolution Description,Resolution Action Updated Date,Community Board,BBL,Borough,X Coordinate (State Plane),Y Coordinate (State Plane),Open Data Channel Type,Park Facility Name,Park Borough,Vehicle Type,Taxi Company Borough,Taxi Pick Up Location,Bridge Highway Name,Bridge Highway Direction,Road Ramp,Bridge Highway Segment,Latitude,Longitude,Location
33036453,03/31/2016 10:11:00 PM,04/02/2016 12:00:00 PM,DSNY,Department of Sanitation,Dirty Conditions,E8 Canine Violation,Sidewalk,11233,265 MARION STREET,MARION STREET,HOWARD AVENUE,SARATOGA AVENUE,,,ADDRESS,BROOKLYN,,N/A,Closed,,The Department of Sanitation investigated this complaint and found no violation at the location.,04/02/2016 12:00:00 PM,03 BROOKLYN,3015140057,BROOKLYN,1006815,187357,PHONE,Unspecified,BROOKLYN,,,,,,,,40.68089968820744,-73.9186437072247,"(40.68089968820744, -73.9186437072247)"
33037765,03/31/2016 02:27:00 PM,04/01/2016 12:00:00 PM,DSNY,Department of Sanitation,Dirty Conditions,E8 Canine Violation,Sidewalk,11434,169-20 LINDEN BOULEVARD,LINDEN BOULEVARD,169 STREET,170 STREET,,,ADDRESS,Jamaica,,N/A,Closed,,The Department of Sanitation investigated this complaint and found no violation at the location.,04/01/2016 12:00:00 PM,12 QUEENS,4123330209,QUEENS,1045111,191147,PHONE,Unspecified,QUEENS,,,,,,,,40.69112187213857,-73.7805367203787,"(40.69112187213857, -73.7805367203787)"
33030824,03/31/2016 12:40:00 PM,04/01/2016 12:00:00 PM,DSNY,Department of Sanitation,Dirty Conditions,E8 Canine Violation,Sidewalk,11361,204-18 33 AVENUE,33 AVENUE,204 STREET,205 STREET,,,ADDRESS,Bayside,,N/A,Closed,,The Department of Sanitation investigated this complaint and found no violation at the location.,04/01/2016 12:00:00 PM,11 QUEENS,4060860009,QUEENS,1043895,219565,ONLINE,Unspecified,QUEENS,,,,,,,,40.769130366471266,-73.78466966764742,"(40.769130366471266, -73.78466966764742)"
33026852,03/31/2016 08:08:00 AM,04/01/2016 12:00:00 PM,DSNY,Department of Sanitation,Dirty Conditions,E8 Canine Violation,Sidewalk,11369,,,,,DITMARS BOULEVARD,31 DRIVE,INTERSECTION,East Elmhurst,,N/A,Closed,,The Department of Sanitation investigated this complaint and found no violation at the location.,04/01/2016 12:00:00 PM,03 QUEENS,,QUEENS,1022889,216715,PHONE,Unspecified,QUEENS,,,,,,,,40.76142463484215,-73.86052173231906,"(40.76142463484215, -73.86052173231906)"
33031096,03/30/2016 08:12:00 PM,04/01/2016 12:00:00 PM,DSNY,Department of Sanitation,Dirty Conditions,E8 Canine Violation,Sidewalk,11361,204-16 33 AVENUE,33 AVENUE,204 STREET,205 STREET,,,ADDRESS,Bayside,,N/A,Closed,,The Department of Sanitation investigated this complaint and found no violation at the location.,04/01/2016 12:00:00 PM,11 QUEENS,,QUEENS,1043892,219564,ONLINE,Unspecified,QUEENS,,,,,,,,40.769127641980305,-73.7846805070755,"(40.769127641980305, -73.7846805070755)"
33027631,03/30/2016 04:33:00 PM,03/31/2016 12:00:00 PM,DSNY,Department of Sanitation,Dirty Conditions,E8 Canine Violation,Sidewalk,11228,1533 85 STREET,85 STREET,15 AVENUE,16 AVENUE,,,ADDRESS,BROOKLYN,,N/A,Closed,,The Department of Sanitation investigated this complaint and found no violation at the location.,03/31/2016 12:00:00 PM,11 BROOKLYN,3063240069,BROOKLYN,982017,162066,ONLINE,Unspecified,BROOKLYN,,,,,,,,40.61150983894776,-74.00804253230301,"(40.61150983894776, -74.00804253230301)"
33027925,03/30/2016 02:45:00 PM,03/31/2016 12:00:00 PM,DSNY,Department of Sanitation,Dirty Conditions,E8 Canine Violation,Sidewalk,10463,88 TERRACE VIEW AVENUE,TERRACE VIEW AVENUE,BEND,TEUNISSEN PLACE,,,ADDRESS,NEW YORK,,N/A,Closed,,The Department of Sanitation investigated this complaint and found no violation at the location.,03/31/2016 12:00:00 PM,08 BRONX,1022150249,MANHATTAN,1008551,258873,PHONE,Unspecified,MANHATTAN,,,,,,,,40.877187430210775,-73.91212604322128,"(40.877187430210775, -73.91212604322128)"
33033038,03/30/2016 01:55:00 PM,04/01/2016 12:00:00 PM,DSNY,Department of Sanitation,Dirty Conditions,E8 Canine Violation,Sidewalk,11223,624 CRAWFORD AVENUE,CRAWFORD AVENUE,ANGELA DRIVE,EAST 7 STREET,,,ADDRESS,BROOKLYN,,N/A,Closed,,The Department of Sanitation investigated this complaint and found no violation at the location.,04/01/2016 12:00:00 PM,15 BROOKLYN,3071820010,BROOKLYN,994216,154939,PHONE,Unspecified,BROOKLYN,,,,,,,,40.59194234998312,-73.96411625965199,"(40.59194234998312, -73.96411625965199)"
33022772,03/30/2016 01:44:00 PM,04/01/2016 12:00:00 PM,DSNY,Department of Sanitation,Dirty Conditions,E8 Canine Violation,Sidewalk,11229,2261 OCEAN AVENUE,OCEAN AVENUE,QUENTIN ROAD,AVENUE R,,,ADDRESS,BROOKLYN,,N/A,Closed,,The Department of Sanitation investigated this complaint and found no violation at the location.,04/01/2016 12:00:00 PM,15 BROOKLYN,3068030051,BROOKLYN,997355,160363,PHONE,Unspecified,BROOKLYN,,,,,,,,40.60682604434031,-73.95280340509883,"(40.60682604434031, -73.95280340509883)"
33022677,03/30/2016 11:12:00 AM,04/04/2016 12:00:00 PM,DSNY,Department of Sanitation,Dirty Conditions,E8 Canine Violation,Sidewalk,11372,,,,,81 STREET,37 AVENUE,INTERSECTION,Jackson Heights,,N/A,Closed,,The Department of Sanitation investigated this complaint and found no violation at the location.,04/04/2016 12:00:00 PM,03 QUEENS,,QUEENS,1016047,212416,ONLINE,Unspecified,QUEENS,,,,,,,,40.74965223876096,-73.885240142397,"(40.74965223876096, -73.885240142397)"
33022844,03/30/2016 08:15:00 AM,03/31/2016 12:00:00 PM,DSNY,Department of Sanitation,Dirty Conditions,E8 Canine Violation,Sidewalk,10466,,,,,BRONX BOULEVARD,EAST 222 STREET,INTERSECTION,BRONX,,N/A,Closed,,The Department of Sanitation investigated this complaint and found no violation at the location.,03/31/2016 12:00:00 PM,12 BRONX,,BRONX,1021473,262422,PHONE,Unspecified,BRONX,,,,,,,,40.88688327946857,-73.86537961019994,"(40.88688327946857, -73.86537961019994)"
33021301,03/30/2016 12:32:00 AM,03/30/2016 12:00:00 PM,DSNY,Department of Sanitation,Dirty Conditions,E8 Canine Violation,Sidewalk,,,,,,EAST 182 STREET,TIEBOUT AVENUE,INTERSECTION,,,N/A,Closed,,The Department of Sanitation investigated this complaint and found no violation at the location.,03/30/2016 12:00:00 PM,05 BRONX,,BRONX,,,ONLINE,Unspecified,BRONX,,,,,,,,,,
33020708,03/29/2016 06:00:00 PM,04/01/2016 12:00:00 PM,DSNY,Department of Sanitation,Dirty Conditions,E8 Canine Violation,Sidewalk,11422,140-34 248 STREET,248 STREET,FRANCIS LEWIS BOULEVARD,MEMPHIS AVENUE,,,ADDRESS,Rosedale,,N/A,Closed,,The Department of Sanitation investigated this complaint and found no violation at the location.,04/01/2016 12:00:00 PM,13 QUEENS,4135970057,QUEENS,1058104,180967,PHONE,Unspecified,QUEENS,,,,,,,,40.66308131467727,-73.73379609898292,"(40.66308131467727, -73.73379609898292)"
33017250,03/29/2016 05:06:00 PM,04/01/2016 12:00:00 PM,DSNY,Department of Sanitation,Dirty Conditions,E8 Canine Violation,Sidewalk,11422,140-32 248 STREET,248 STREET,FRANCIS LEWIS BOULEVARD,MEMPHIS AVENUE,,,ADDRESS,Rosedale,,N/A,Closed,,The Department of Sanitation investigated this complaint and found no violation at the location.,04/01/2016 12:00:00 PM,13 QUEENS,,QUEENS,1058105,180968,PHONE,Unspecified,QUEENS,,,,,,,,40.66308405110206,-73.7337924835897,"(40.66308405110206, -73.7337924835897)"
33021146,03/29/2016 02:05:00 PM,03/30/2016 12:00:00 PM,DSNY,Department of Sanitation,Dirty Conditions,E8 Canine Violation,Sidewalk,11233,1743 STERLING PLACE,STERLING PLACE,RALPH AVENUE,HOWARD AVENUE,,,ADDRESS,BROOKLYN,,N/A,Closed,,The Department of Sanitation investigated this complaint and found no violation at the location.,03/30/2016 12:00:00 PM,16 BROOKLYN,3014660158,BROOKLYN,1006195,183726,PHONE,Unspecified,BROOKLYN,,,,,,,,40.67093497463517,-73.92089088886847,"(40.67093497463517, -73.92089088886847)"
33014622,03/29/2016 12:11:00 PM,03/30/2016 12:00:00 PM,DSNY,Department of Sanitation,Dirty Conditions,E8 Canine Violation,Sidewalk,10470,,,,,EAST 234 STREET,VIREO AVENUE,INTERSECTION,BRONX,,N/A,Closed,,The Department of Sanitation investigated this complaint and found no violation at the location.,03/30/2016 12:00:00 PM,12 BRONX,,BRONX,1021754,266182,PHONE,Unspecified,BRONX,,,,,,,,40.89720208661731,-73.86434229041231,"(40.89720208661731, -73.86434229041231)"
33011755,03/29/2016 12:05:00 PM,03/30/2016 12:00:00 PM,DSNY,Department of Sanitation,Dirty Conditions,E8 Canine Violation,Sidewalk,10465,213 THROGS NECK BOULEVARD,THROGS NECK BOULEVARD,MILTON PLACE,LAWTON AVENUE,,,ADDRESS,BRONX,,N/A,Closed,,The Department of Sanitation investigated this complaint and found no violation at the location.,03/30/2016 12:00:00 PM,10 BRONX,2054510016,BRONX,1036060,237204,ONLINE,Unspecified,BRONX,,,,,,,,40.817593934945066,-73.81281941205206,"(40.817593934945066, -73.81281941205206)"
33009032,03/29/2016 11:19:00 AM,03/31/2016 12:00:00 PM,DSNY,Department of Sanitation,Dirty Conditions,E8 Canine Violation,Sidewalk,10460,1950 BRYANT AVENUE,BRYANT AVENUE,BOSTON ROAD,EAST TREMONT AVENUE,,,ADDRESS,BRONX,,N/A,Closed,,The Department of Sanitation investigated this complaint and found no violation at the location.,03/31/2016 12:00:00 PM,06 BRONX,2030050077,BRONX,1016942,245458,PHONE,Unspecified,BRONX,,,,,,,,40.84034022277706,-73.88184911671107,"(40.84034022277706, -73.88184911671107)"
33015982,03/29/2016 12:30:00 AM,03/31/2016 12:00:00 PM,DSNY,Department of Sanitation,Dirty Conditions,E8 Canine Violation,Sidewalk,10463,88 TERRACE VIEW AVENUE,TERRACE VIEW AVENUE,,,,,ADDRESS,BRONX,,N/A,Closed,,The Department of Sanitation investigated this complaint and found no violation at the location.,03/31/2016 12:00:00 PM,08 BRONX,1022150249,BRONX,1008551,258873,PHONE,Unspecified,BRONX,,,,,,,,40.877187430210775,-73.91212604322128,"(40.877187430210775, -73.91212604322128)"
33014024,03/28/2016 08:37:00 PM,03/29/2016 12:00:00 PM,DSNY,Department of Sanitation,Dirty Conditions,E8 Canine Violation,Sidewalk,11693,91-16 SHORE FRONT PARKWAY,SHORE FRONT PARKWAY,BEACH 91 STREET,BEACH 92 STREET,,,ADDRESS,Far Rockaway,,N/A,Closed,,The Department of Sanitation investigated this complaint and found no violation at the location.,03/29/2016 12:00:00 PM,14 QUEENS,4161377502,QUEENS,1036137,152245,PHONE,Unspecified,QUEENS,,,,,,,,40.58440160295383,-73.81319578936387,"(40.58440160295383, -73.81319578936387)"
33015426,03/28/2016 07:59:00 PM,03/29/2016 12:00:00 PM,DSNY,Department of Sanitation,Dirty Conditions,E8 Canine Violation,Sidewalk,11236,1014 EAST  100 STREET,EAST  100 STREET,AVENUE J,AVENUE K,,,ADDRESS,BROOKLYN,,N/A,Closed,,The Department of Sanitation investigated this complaint and issued a Notice of Violation.,03/29/2016 12:00:00 PM,18 BROOKLYN,3082260045,BROOKLYN,1013099,173593,ONLINE,Unspecified,BROOKLYN,,,,,,,,40.64310232598139,-73.89604616076663,"(40.64310232598139, -73.89604616076663)"
33006303,03/28/2016 07:39:00 PM,03/30/2016 12:00:00 PM,DSNY,Department of Sanitation,Dirty Conditions,E8 Canine Violation,Sidewalk,10469,2922 ELY AVENUE,ELY AVENUE,ARNOW AVENUE,ADEE AVENUE,,,ADDRESS,BRONX,,N/A,Closed,,The Department of Sanitation investigated this complaint and found no violation at the location.,03/30/2016 12:00:00 PM,12 BRONX,2047960148,BRONX,1029618,256346,PHONE,Unspecified,BRONX,,,,,,,,40.87016845629929,-73.83596368384013,"(40.87016845629929, -73.83596368384013)"
33015354,03/28/2016 06:33:00 PM,03/29/2016 12:00:00 PM,DSNY,Department of Sanitation,Dirty Conditions,E8 Canine Violation,Sidewalk,11201,11 METROTECH,METROTECH,BRIDGE STREET,,,,ADDRESS,BROOKLYN,,N/A,Closed,,The Department of Sanitation investigated this complaint and found no violation at the location.,03/29/2016 12:00:00 PM,02 BROOKLYN,3001320001,BROOKLYN,988381,192639,ONLINE,Unspecified,BROOKLYN,,,,,,,,40.69542536301317,-73.98510276889384,"(40.69542536301317, -73.98510276889384)"
33014025,03/28/2016 05:45:00 PM,03/29/2016 12:00:00 PM,DSNY,Department of Sanitation,Dirty Conditions,E8 Canine Violation,Sidewalk,11214,,,,,28 AVENUE,HARWAY AVENUE,INTERSECTION,BROOKLYN,,N/A,Closed,,The Department of Sanitation investigated this complaint and found no violation at the location.,03/29/2016 12:00:00 PM,13 BROOKLYN,,BROOKLYN,988149,153782,ONLINE,Unspecified,BROOKLYN,,,,,,,,40.58877136177667,-73.98596186466531,"(40.58877136177667, -73.98596186466531)"
33014059,03/28/2016 04:57:00 PM,03/29/2016 12:00:00 PM,DSNY,Department of Sanitation,Dirty Conditions,E8 Canine Violation,Sidewalk,11207,105 VANDERVEER STREET,VANDERVEER STREET,BUSHWICK AVENUE,CEMETERY OF EVERGRNS BOUNDARY,,,ADDRESS,BROOKLYN,,N/A,Closed,,The Department of Sanitation investigated this complaint and found no violation at the location.,03/29/2016 12:00:00 PM,04 BROOKLYN,3034710030,BROOKLYN,1011028,187842,PHONE,Unspecified,BROOKLYN,,,,,,,,40.68221915969834,-73.90345215857553,"(40.68221915969834, -73.90345215857553)"
33014618,03/28/2016 04:45:00 PM,03/30/2016 12:00:00 PM,DSNY,Department of Sanitation,Dirty Conditions,E8 Canine Violation,Sidewalk,10462,1567 PARKER STREET,PARKER STREET,GLEBE AVENUE,ST RAYMONDS AVENUE,,,ADDRESS,BRONX,,N/A,Closed,,The Department of Sanitation investigated this complaint and found no violation at the location.,03/30/2016 12:00:00 PM,10 BRONX,2039710058,BRONX,1025671,244731,PHONE,Unspecified,BRONX,,,,,,,,40.83830819269863,-73.85030652285717,"(40.83830819269863, -73.85030652285717)"
33012695,03/28/2016 02:02:00 PM,03/29/2016 12:00:00 PM,DSNY,Department of Sanitation,Dirty Conditions,E8 Canine Violation,Sidewalk,10032,550 WEST  156 STREET,WEST  156 STREET,AMSTERDAM AVENUE,BROADWAY,,,ADDRESS,NEW YORK,,N/A,Closed,,The Department of Sanitation investigated this complaint and found no violation at the location.,03/29/2016 12:00:00 PM,12 MANHATTAN,1021140018,MANHATTAN,999586,242806,PHONE,Unspecified,MANHATTAN,,,,,,,,40.83310844944319,-73.94458079750305,"(40.83310844944319, -73.94458079750305)"
33005737,03/28/2016 01:56:00 PM,03/29/2016 12:00:00 PM,DSNY,Department of Sanitation,Dirty Conditions,E8 Canine Violation,Sidewalk,10033,2440 AMSTERDAM AVENUE,AMSTERDAM AVENUE,WASHINGTON BRIDGE,WEST 182 STREET,,,ADDRESS,NEW YORK,,N/A,Closed,,The Department of Sanitation investigated this complaint and found no violation at the location.,03/29/2016 12:00:00 PM,12 MANHATTAN,1021550019,MANHATTAN,1003380,248299,ONLINE,Unspecified,MANHATTAN,,,,,,,,40.84817772571852,-73.93085488015083,"(40.84817772571852, -73.93085488015083)"
33001832,03/28/2016 12:25:00 PM,03/29/2016 12:00:00 PM,DSNY,Department of Sanitation,Dirty Conditions,E8 Canine Violation,Sidewalk,11226,,,,,EAST 25 STREET,CLARENDON ROAD,INTERSECTION,BROOKLYN,,N/A,Closed,,The Department of Sanitation investigated this complaint and found no violation at the location.,03/29/2016 12:00:00 PM,17 BROOKLYN,,BROOKLYN,997139,173523,PHONE,Unspecified,BROOKLYN,,,,,,,,40.64294779750062,-73.95355618291144,"(40.64294779750062, -73.95355618291144)"
33003678,03/28/2016 10:32:00 AM,03/29/2016 12:00:00 PM,DSNY,Department of Sanitation,Dirty Conditions,E8 Canine Violation,Sidewalk,11236,550 EAST   91 STREET,EAST   91 STREET,CHURCH AVENUE,AVENUE A,,,ADDRESS,BROOKLYN,,N/A,Closed,,The Department of Sanitation investigated this complaint and found no violation at the location.,03/29/2016 12:00:00 PM,17 BROOKLYN,3047110046,BROOKLYN,1006799,177146,PHONE,Unspecified,BROOKLYN,,,,,,,,40.652872817945834,-73.91873554732528,"(40.652872817945834, -73.91873554732528)"
33002448,03/28/2016 08:42:00 AM,03/31/2016 12:00:00 PM,DSNY,Department of Sanitation,Dirty Conditions,E8 Canine Violation,Sidewalk,10467,3147 PERRY AVENUE,PERRY AVENUE,EAST 204 STREET,EAST 205 STREET,,,ADDRESS,BRONX,,N/A,Closed,,The Department of Sanitation investigated this complaint and found no violation at the location.,03/31/2016 12:00:00 PM,07 BRONX,2033410016,BRONX,1018001,257616,ONLINE,Unspecified,BRONX,,,,,,,,40.87370627772376,-73.87796061466335,"(40.87370627772376, -73.87796061466335)"
33001833,03/28/2016 02:07:00 AM,03/30/2016 12:00:00 PM,DSNY,Department of Sanitation,Dirty Conditions,E8 Canine Violation,Sidewalk,10472,1025 BOYNTON AVENUE,BOYNTON AVENUE,BRUCKNER BOULEVARD,WATSON AVENUE,,,ADDRESS,BRONX,,N/A,Closed,,The Department of Sanitation investigated this complaint and found no violation at the location.,03/30/2016 12:00:00 PM,09 BRONX,2037140054,BRONX,1018209,239723,PHONE,Unspecified,BRONX,,,,,,,,40.824594531459304,-73.8772991398564,"(40.824594531459304, -73.8772991398564)"
32997120,03/27/2016 02:29:00 PM,04/01/2016 12:00:00 PM,DSNY,Department of Sanitation,Dirty Conditions,E8 Canine Violation,Sidewalk,10305,24 KEELEY STREET,KEELEY STREET,DEAD END,SCARBORO AVENUE,,,ADDRESS,STATEN ISLAND,,N/A,Closed,,The Department of Sanitation investigated this complaint and found no violation at the location.,04/01/2016 12:00:00 PM,01 STATEN ISLAND,5028310207,STATEN ISLAND,966448,162679,PHONE,Unspecified,STATEN ISLAND,,,,,,,,40.6131747959667,-74.06411855958642,"(40.6131747959667, -74.06411855958642)"
32998903,03/27/2016 01:51:00 PM,03/28/2016 12:00:00 PM,DSNY,Department of Sanitation,Dirty Conditions,E8 Canine Violation,Sidewalk,11421,91-25 87 STREET,87 STREET,BEND,ATLANTIC AVENUE,,,ADDRESS,Woodhaven,,N/A,Closed,,The Department of Sanitation investigated this complaint and found no violation at the location.,03/28/2016 12:00:00 PM,09 QUEENS,4089810049,QUEENS,1024348,189834,PHONE,Unspecified,QUEENS,,,,,,,,40.6876364190254,-73.85541523492032,"(40.6876364190254, -73.85541523492032)"
33000666,03/27/2016 01:33:00 PM,03/29/2016 12:00:00 PM,DSNY,Department of Sanitation,Dirty Conditions,E8 Canine Violation,Sidewalk,11228,,,,,76 STREET,13 AVENUE,INTERSECTION,BROOKLYN,,N/A,Closed,,The Department of Sanitation investigated this complaint and found no violation at the location.,03/29/2016 12:00:00 PM,10 BROOKLYN,,BROOKLYN,982014,165050,PHONE,Unspecified,BROOKLYN,,,,,,,,40.619700300698476,-74.0080543255101,"(40.619700300698476, -74.0080543255101)"
33000108,03/27/2016 01:00:00 PM,03/30/2016 12:00:00 PM,DSNY,Department of Sanitation,Dirty Conditions,E8 Canine Violation,Sidewalk,10453,2024 MORRIS AVENUE,MORRIS AVENUE,EAST 179 STREET,EAST BURNSIDE AVENUE,,,ADDRESS,BRONX,,N/A,Closed,,The Department of Sanitation investigated this complaint and found no violation at the location.,03/30/2016 12:00:00 PM,05 BRONX,2028077501,BRONX,1010180,249844,PHONE,Unspecified,BRONX,,,,,,,,40.85240094006224,-73.90627041538087,"(40.85240094006224, -73.90627041538087)"
32993056,03/26/2016 03:05:00 PM,03/28/2016 12:00:00 PM,DSNY,Department of Sanitation,Dirty Conditions,E8 Canine Violation,Sidewalk,11418,88-18 107 STREET,107 STREET,88 AVENUE,89 AVENUE,,,ADDRESS,Richmond Hill,,N/A,Closed,,The Department of Sanitation investigated this complaint and found no violation at the location.,03/28/2016 12:00:00 PM,09 QUEENS,4092900042,QUEENS,1028543,192445,PHONE,Unspecified,QUEENS,,,,,,,,40.694783000765135,-73.84027183186053,"(40.694783000765135, -73.84027183186053)"
32992388,03/26/2016 12:59:00 PM,03/29/2016 12:00:00 PM,DSNY,Department of Sanitation,Dirty Conditions,E8 Canine Violation,Sidewalk,11204,,,,,66 STREET,17 AVENUE,INTERSECTION,BROOKLYN,,N/A,Closed,,The Department of Sanitation investigated this complaint and found no violation at the location.,03/29/2016 12:00:00 PM,11 BROOKLYN,,BROOKLYN,986168,165126,PHONE,Unspecified,BROOKLYN,,,,,,,,40.61990897943004,-73.99309112494677,"(40.61990897943004, -73.99309112494677)"
32993110,03/26/2016 09:47:00 AM,03/28/2016 12:00:00 PM,DSNY,Department of Sanitation,Dirty Conditions,E8 Canine Violation,Sidewalk,,,,,,HORACE HARDING BOULEVARD,99 STREET,INTERSECTION,,,N/A,Closed,,The Department of Sanitation investigated this complaint and found no violation at the location.,03/28/2016 12:00:00 PM,04 QUEENS,,QUEENS,,,PHONE,Unspecified,QUEENS,,,,,,,,,,
32995934,03/26/2016 12:56:00 AM,03/30/2016 12:00:00 PM,DSNY,Department of Sanitation,Dirty Conditions,E8 Canine Violation,Sidewalk,10314,791 MANOR ROAD,MANOR ROAD,SCHMIDTS LANE,WESTWOOD AVENUE,,,ADDRESS,STATEN ISLAND,,N/A,Closed,,The Department of Sanitation investigated this complaint and found no violation at the location.,03/30/2016 12:00:00 PM,02 STATEN ISLAND,5007060001,STATEN ISLAND,950647,160605,PHONE,Unspecified,STATEN ISLAND,,,,,,,,40.607436262804384,-74.12101961864539,"(40.607436262804384, -74.12101961864539)"
32987456,03/25/2016 09:24:00 PM,03/30/2016 12:00:00 PM,DSNY,Department of Sanitation,Dirty Conditions,E8 Canine Violation,Sidewalk,10467,679 WARING AVENUE,WARING AVENUE,OLINVILLE AVENUE,WHITE PLAINS ROAD,,,ADDRESS,BRONX,,N/A,Closed,,The Department of Sanitation investigated this complaint and found no violation at the location.,03/30/2016 12:00:00 PM,11 BRONX,2044260005,BRONX,1020699,253124,PHONE,Unspecified,BRONX,,,,,,,,40.86136638977537,-73.86822943225765,"(40.86136638977537, -73.86822943225765)"
32990077,03/25/2016 06:01:00 PM,03/26/2016 12:00:00 PM,DSNY,Department of Sanitation,Dirty Conditions,E8 Canine Violation,Sidewalk,11693,,,,,BEACH 94 STREET,HOLLAND AVENUE,INTERSECTION,Far Rockaway,,N/A,Closed,,The Department of Sanitation investigated this complaint and found no violation at the location.,03/26/2016 12:00:00 PM,14 QUEENS,,QUEENS,1035361,152478,PHONE,Unspecified,QUEENS,,,,,,,,40.58504564852458,-73.81598778361612,"(40.58504564852458, -73.81598778361612)"
32989586,03/25/2016 04:52:00 PM,03/30/2016 12:00:00 PM,DSNY,Department of Sanitation,Dirty Conditions,E8 Canine Violation,Sidewalk,10309,833 SHELDON AVENUE,SHELDON AVENUE,MARCY AVENUE,VERNON AVENUE,,,ADDRESS,STATEN ISLAND,,N/A,Closed,,The Department of Sanitation investigated this complaint and found no violation at the location.,03/30/2016 12:00:00 PM,03 STATEN ISLAND,5068840151,STATEN ISLAND,927869,135867,PHONE,Unspecified,STATEN ISLAND,,,,,,,,40.53941983116167,-74.20284696668651,"(40.53941983116167, -74.20284696668651)"
32984390,03/25/2016 04:24:00 PM,03/28/2016 12:00:00 PM,DSNY,Department of Sanitation,Dirty Conditions,E8 Canine Violation,Sidewalk,11212,406 REMSEN AVENUE,REMSEN AVENUE,LENOX ROAD,EAST 58 STREET,,,ADDRESS,BROOKLYN,,N/A,Closed,,The Department of Sanitation investigated this complaint and found no violation at the location.,03/28/2016 12:00:00 PM,17 BROOKLYN,3046630004,BROOKLYN,1005545,178189,PHONE,Unspecified,BROOKLYN,,,,,,,,40.655738728335926,-73.92325154840786,"(40.655738728335926, -73.92325154840786)"
32984387,03/25/2016 04:02:00 PM,03/28/2016 12:00:00 PM,DSNY,Department of Sanitation,Dirty Conditions,E8 Canine Violation,Sidewalk,11355,45-35 PARSONS BOULEVARD,PARSONS BOULEVARD,GEORGIA ROAD,HAWTHORN AVENUE,,,ADDRESS,Flushing,,N/A,Closed,,The Department of Sanitation investigated this complaint and found no violation at the location.,03/28/2016 12:00:00 PM,07 QUEENS,4054300048,QUEENS,1035580,214416,PHONE,Unspecified,QUEENS,,,,,,,,40.755049908629616,-73.8147276937302,"(40.755049908629616, -73.8147276937302)"
32985325,03/25/2016 01:39:00 PM,03/29/2016 12:00:00 PM,DSNY,Department of Sanitation,Dirty Conditions,E8 Canine Violation,Sidewalk,10031,471 WEST  145 STREET,WEST  145 STREET,CONVENT AVENUE,AMSTERDAM AVENUE,,,ADDRESS,NEW YORK,,N/A,Closed,,The Department of Sanitation investigated this complaint and issued a Notice of Violation.,03/29/2016 12:00:00 PM,09 MANHATTAN,1020600014,MANHATTAN,998954,239827,PHONE,Unspecified,MANHATTAN,,,,,,,,40.82493302291861,-73.94687116387541,"(40.82493302291861, -73.94687116387541)"
32987890,03/25/2016 12:04:00 PM,03/26/2016 12:00:00 PM,DSNY,Department of Sanitation,Dirty Conditions,E8 Canine Violation,Sidewalk,11233,,,,,HOWARD AVENUE,PARK PLACE,INTERSECTION,BROOKLYN,,N/A,Closed,,The Department of Sanitation investigated this complaint and found no violation at the location.,03/26/2016 12:00:00 PM,16 BROOKLYN,,BROOKLYN,1006523,184026,PHONE,Unspecified,BROOKLYN,,,,,,,,40.671757587986825,-73.91970749731317,"(40.671757587986825, -73.91970749731317)"
32985295,03/25/2016 09:53:00 AM,03/26/2016 12:00:00 PM,DSNY,Department of Sanitation,Dirty Conditions,E8 Canine Violation,Sidewalk,10012,666 BROADWAY,BROADWAY,BLEECKER STREET,BOND STREET,,,ADDRESS,NEW YORK,,N/A,Closed,,The Department of Sanitation investigated this complaint and found no violation at the location.,03/26/2016 12:00:00 PM,02 MANHATTAN,1005297501,MANHATTAN,985531,204166,ONLINE,Unspecified,MANHATTAN,,,,,,,,40.727065109224476,-73.99537825867849,"(40.727065109224476, -73.99537825867849)"
32978237,03/24/2016 11:27:00 PM,03/26/2016 12:00:00 PM,DSNY,Department of Sanitation,Dirty Conditions,E8 Canine Violation,Sidewalk,11235,1168 SHEEPSHEAD BAY ROAD,SHEEPSHEAD BAY ROAD,,,,,ADDRESS,BROOKLYN,,N/A,Closed,,The Department of Sanitation investigated this complaint and found no violation at the location.,03/26/2016 12:00:00 PM,15 BROOKLYN,3074140267,BROOKLYN,996091,154714,PHONE,Unspecified,BROOKLYN,,,,,,,,40.59132246358971,-73.95736549969372,"(40.59132246358971, -73.95736549969372)"
32980061,03/24/2016 06:27:00 PM,04/01/2016 12:00:00 PM,DSNY,Department of Sanitation,Dirty Conditions,E8 Canine Violation,Sidewalk,11235,,,,,COYLE STREET,AVENUE Y,INTERSECTION,BROOKLYN,,N/A,Closed,,The Department of Sanitation investigated this complaint and found no violation at the location.,04/01/2016 12:00:00 PM,15 BROOKLYN,,BROOKLYN,1002164,155040,PHONE,Unspecified,BROOKLYN,,,,,,,,40.59220707443565,-73.93549830292274,"(40.59220707443565, -73.93549830292274)"
32977211,03/24/2016 02:35:00 PM,03/26/2016 12:00:00 PM,DSNY,Department of Sanitation,Dirty Conditions,E8 Canine Violation,Sidewalk,11418,88-01 104 STREET,104 STREET,88 AVENUE,89 AVENUE,,,ADDRESS,Richmond Hill,,N/A,Closed,,The Department of Sanitation investigated this complaint and found no violation at the location.,03/26/2016 12:00:00 PM,09 QUEENS,4092900004,QUEENS,1027810,192203,PHONE,Unspecified,QUEENS,,,,,,,,40.694122406158115,-73.84291671503698,"(40.694122406158115, -73.84291671503698)"
32981007,03/24/2016 11:05:00 AM,03/25/2016 12:00:00 PM,DSNY,Department of Sanitation,Dirty Conditions,E8 Canine Violation,Sidewalk,11223,2182 WEST STREET,WEST STREET,VILLAGE ROAD EAST,GRAVESEND NECK ROAD,,,ADDRESS,BROOKLYN,,N/A,Closed,,The Department of Sanitation investigated this complaint and found no violation at the location.,03/25/2016 12:00:00 PM,15 BROOKLYN,3071260002,BROOKLYN,992256,156224,PHONE,Unspecified,BROOKLYN,,,,,,,,40.59547140367138,-73.97117194402726,"(40.59547140367138, -73.97117194402726)"
32977213,03/24/2016 10:13:00 AM,03/25/2016 12:00:00 PM,DSNY,Department of Sanitation,Dirty Conditions,E8 Canine Violation,Sidewalk,10455,425 EAST  153 STREET,EAST  153 STREET,MELROSE AVENUE,ELTON AVENUE,,,ADDRESS,BRONX,,N/A,Closed,,The Department of Sanitation investigated this complaint and found no violation at the location.,03/25/2016 12:00:00 PM,01 BRONX,2023750029,BRONX,1007527,237575,PHONE,Unspecified,BRONX,,,,,,,,40.81873349060568,-73.91590282748713,"(40.81873349060568, -73.91590282748713)"
32981005,03/24/2016 09:37:00 AM,03/25/2016 12:00:00 PM,DSNY,Department of Sanitation,Dirty Conditions,E8 Canine Violation,Sidewalk,10464,162 SCHOFIELD STREET,SCHOFIELD STREET,CITY ISLAND AVENUE,LANDING WAY,,,ADDRESS,BRONX,,N/A,Closed,,The Department of Sanitation investigated this complaint and found no violation at the location.,03/25/2016 12:00:00 PM,10 BRONX,2056410296,BRONX,1043795,247320,PHONE,Unspecified,BRONX,,,,,,,,40.84531061384322,-73.7847845050277,"(40.84531061384322, -73.7847845050277)"
32975296,03/23/2016 11:41:00 PM,03/25/2016 12:00:00 PM,DSNY,Department of Sanitation,Dirty Conditions,E8 Canine Violation,Sidewalk,10453,1945 LORING PLACE,LORING PLACE,WEST BURNSIDE AVENUE,WEST 179 STREET,,,ADDRESS,BRONX,,N/A,Closed,,The Department of Sanitation investigated this complaint and found no violation at the location.,03/25/2016 12:00:00 PM,05 BRONX,2032280097,BRONX,1007977,250873,PHONE,Unspecified,BRONX,,,,,,,,40.855231432410335,-73.91422998734157,"(40.855231432410335, -73.91422998734157)"
32968044,03/23/2016 11:19:00 PM,03/25/2016 12:00:00 PM,DSNY,Department of Sanitation,Dirty Conditions,E8 Canine Violation,Sidewalk,11216,646 PARK PLACE,PARK PLACE,FRANKLIN AVENUE,BEDFORD AVENUE,,,ADDRESS,BROOKLYN,,N/A,Closed,,The Department of Sanitation investigated this complaint and found no violation at the location.,03/25/2016 12:00:00 PM,08 BROOKLYN,3012380014,BROOKLYN,996398,184859,ONLINE,Unspecified,BROOKLYN,,,,,,,,40.67406366919581,-73.95620585673406,"(40.67406366919581, -73.95620585673406)"
32973193,03/23/2016 09:35:00 PM,03/24/2016 12:00:00 PM,DSNY,Department of Sanitation,Dirty Conditions,E8 Canine Violation,Sidewalk,11421,85-01 79 STREET,79 STREET,PARK LANE SOUTH,85 ROAD,,,ADDRESS,Woodhaven,,N/A,Closed,,The Department of Sanitation investigated this complaint and found no violation at the location.,03/24/2016 12:00:00 PM,09 QUEENS,4088500050,QUEENS,1021821,192666,PHONE,Unspecified,QUEENS,,,,,,,,40.695420683941855,-73.86451124398931,"(40.695420683941855, -73.86451124398931)"
32969087,03/23/2016 07:03:00 PM,03/24/2016 12:00:00 PM,DSNY,Department of Sanitation,Dirty Conditions,E8 Canine Violation,Sidewalk,11236,550 EAST   91 STREET,EAST   91 STREET,CHURCH AVENUE,AVENUE A,,,ADDRESS,BROOKLYN,,N/A,Closed,,The Department of Sanitation investigated this complaint and found no violation at the location.,03/24/2016 12:00:00 PM,17 BROOKLYN,3047110046,BROOKLYN,1006799,177146,PHONE,Unspecified,BROOKLYN,,,,,,,,40.652872817945834,-73.91873554732528,"(40.652872817945834, -73.91873554732528)"
32971106,03/23/2016 04:47:00 PM,03/24/2016 12:00:00 PM,DSNY,Department of Sanitation,Dirty Conditions,E8 Canine Violation,Sidewalk,11226,,,,,CORTELYOU ROAD,BEDFORD AVENUE,INTERSECTION,BROOKLYN,,N/A,Closed,,The Department of Sanitation investigated this complaint and found no violation at the location.,03/24/2016 12:00:00 PM,14 BROOKLYN,,BROOKLYN,996831,173978,PHONE,Unspecified,BROOKLYN,,,,,,,,40.64419711731998,-73.95466517170146,"(40.64419711731998, -73.95466517170146)"
32969094,03/23/2016 04:12:00 PM,03/25/2016 12:00:00 PM,DSNY,Department of Sanitation,Dirty Conditions,E8 Canine Violation,Sidewalk,11207,1095 HALSEY STREET,HALSEY STREET,EVERGREEN AVENUE,CENTRAL AVENUE,,,ADDRESS,BROOKLYN,,N/A,Closed,,The Department of Sanitation investigated this complaint and found no violation at the location.,03/25/2016 12:00:00 PM,04 BROOKLYN,3034030063,BROOKLYN,1008638,190294,ONLINE,Unspecified,BROOKLYN,,,,,,,,40.68895624320991,-73.91206040108405,"(40.68895624320991, -73.91206040108405)"
32969088,03/23/2016 02:22:00 PM,03/25/2016 12:00:00 PM,DSNY,Department of Sanitation,Dirty Conditions,E8 Canine Violation,Sidewalk,10460,,,,,BRONX PARK SOUTH,CROTONA PARKWAY,INTERSECTION,BRONX,,N/A,Closed,,The Department of Sanitation investigated this complaint and found no violation at the location.,03/25/2016 12:00:00 PM,06 BRONX,,BRONX,1016663,248182,PHONE,Unspecified,BRONX,,,,,,,,40.84781782624594,-73.88284427187607,"(40.84781782624594, -73.88284427187607)"
32971145,03/23/2016 11:40:00 AM,03/24/2016 12:00:00 PM,DSNY,Department of Sanitation,Dirty Conditions,E8 Canine Violation,Sidewalk,11216,765 STERLING PLACE,STERLING PLACE,BEDFORD AVENUE,ROGERS AVENUE,,,ADDRESS,BROOKLYN,,N/A,Closed,,The Department of Sanitation investigated this complaint and found no violation at the location.,03/24/2016 12:00:00 PM,08 BROOKLYN,3012390026,BROOKLYN,997197,184365,PHONE,Unspecified,BROOKLYN,,,,,,,,40.67270661785523,-73.95332637148192,"(40.67270661785523, -73.95332637148192)"
32975278,03/23/2016 10:16:00 AM,03/24/2016 12:00:00 PM,DSNY,Department of Sanitation,Dirty Conditions,E8 Canine Violation,Sidewalk,10035,70 PALADINO AVENUE,PALADINO AVENUE,BEND,BEND,,,ADDRESS,NEW YORK,,N/A,Closed,,The Department of Sanitation investigated this complaint and found no violation at the location.,03/24/2016 12:00:00 PM,11 MANHATTAN,1018080001,MANHATTAN,1003707,230171,ONLINE,Unspecified,MANHATTAN,,,,,,,,40.798420806778914,-73.9297255095368,"(40.798420806778914, -73.9297255095368)"
32968045,03/23/2016 10:10:00 AM,03/25/2016 12:00:00 PM,DSNY,Department of Sanitation,Dirty Conditions,E8 Canine Violation,Sidewalk,10035,90 PALADINO AVENUE,PALADINO AVENUE,BEND,BEND,,,ADDRESS,NEW YORK,,N/A,Closed,,The Department of Sanitation investigated this complaint and found no violation at the location.,03/25/2016 12:00:00 PM,11 MANHATTAN,1018080001,MANHATTAN,1003743,229996,ONLINE,Unspecified,MANHATTAN,,,,,,,,40.79794040023674,-73.92959599335535,"(40.79794040023674, -73.92959599335535)"
32970126,03/23/2016 09:44:00 AM,03/24/2016 12:00:00 PM,DSNY,Department of Sanitation,Dirty Conditions,E8 Canine Violation,Sidewalk,10027,140 WEST  121 STREET,WEST  121 STREET,LENOX AVENUE,7 AVENUE,,,ADDRESS,NEW YORK,,N/A,Closed,,The Department of Sanitation investigated this complaint and found no violation at the location.,03/24/2016 12:00:00 PM,10 MANHATTAN,1019050051,MANHATTAN,998479,232831,PHONE,Unspecified,MANHATTAN,,,,,,,,40.805731741970455,-73.9486022765093,"(40.805731741970455, -73.9486022765093)"
32972181,03/23/2016 06:08:00 AM,03/25/2016 12:00:00 PM,DSNY,Department of Sanitation,Dirty Conditions,E8 Canine Violation,Sidewalk,10467,2410 OLINVILLE AVENUE,OLINVILLE AVENUE,WARING AVENUE,MACE AVENUE,,,ADDRESS,BRONX,,N/A,Closed,,The Department of Sanitation investigated this complaint and found no violation at the location.,03/25/2016 12:00:00 PM,11 BRONX,,BRONX,1020632,253274,PHONE,Unspecified,BRONX,,,,,,,,40.86177837046766,-73.86847083631041,"(40.86177837046766, -73.86847083631041)"
32967577,03/23/2016 01:54:00 AM,03/23/2016 12:00:00 PM,DSNY,Department of Sanitation,Dirty Conditions,E8 Canine Violation,Sidewalk,10472,,,,,ELDER AVENUE,WATSON AVENUE,INTERSECTION,BRONX,,N/A,Closed,,The Department of Sanitation investigated this complaint and found no violation at the location.,03/23/2016 12:00:00 PM,09 BRONX,,BRONX,1017854,240245,PHONE,Unspecified,BRONX,,,,,,,,40.82602862936386,-73.87857921194824,"(40.82602862936386, -73.87857921194824)"
32968656,03/23/2016 01:52:00 AM,03/23/2016 12:00:00 PM,DSNY,Department of Sanitation,Dirty Conditions,E8 Canine Violation,Sidewalk,10472,1003 ELDER AVENUE,ELDER AVENUE,BRUCKNER BOULEVARD,WATSON AVENUE,,,ADDRESS,BRONX,,N/A,Closed,,The Department of Sanitation investigated this complaint and found no violation at the location.,03/23/2016 12:00:00 PM,09 BRONX,2037130067,BRONX,1017971,239577,PHONE,Unspecified,BRONX,,,,,,,,40.82419471511577,-73.8781598155,"(40.82419471511577, -73.8781598155)"
32973760,03/23/2016 01:50:00 AM,03/23/2016 12:00:00 PM,DSNY,Department of Sanitation,Dirty Conditions,E8 Canine Violation,Sidewalk,10472,,,,,BOYNTON AVENUE,WATSON AVENUE,INTERSECTION,BRONX,,N/A,Closed,,The Department of Sanitation investigated this complaint and found no violation at the location.,03/23/2016 12:00:00 PM,09 BRONX,,BRONX,1018110,240290,PHONE,Unspecified,BRONX,,,,,,,,40.82615116376492,-73.87765398540142,"(40.82615116376492, -73.87765398540142)"
32963930,03/22/2016 08:42:00 PM,03/24/2016 12:00:00 PM,DSNY,Department of Sanitation,Dirty Conditions,E8 Canine Violation,Sidewalk,11215,,,,,5 AVENUE,22 STREET,INTERSECTION,BROOKLYN,,N/A,Closed,,The Department of Sanitation investigated this complaint and issued a Notice of Violation.,03/24/2016 12:00:00 PM,07 BROOKLYN,,BROOKLYN,985914,180020,ONLINE,Unspecified,BROOKLYN,,,,,,,,40.6607898702783,-73.99400239128924,"(40.6607898702783, -73.99400239128924)"
32963920,03/22/2016 07:47:00 PM,03/23/2016 12:00:00 PM,DSNY,Department of Sanitation,Dirty Conditions,E8 Canine Violation,Sidewalk,10452,,,,,SUMMIT AVENUE,WEST 161 STREET,INTERSECTION,BRONX,,N/A,Closed,,The Department of Sanitation investigated this complaint and found no violation at the location.,03/23/2016 12:00:00 PM,04 BRONX,,BRONX,1003197,241985,PHONE,Unspecified,BRONX,,,,,,,,40.830848032499816,-73.93153416836745,"(40.830848032499816, -73.93153416836745)"
32965030,03/22/2016 07:23:00 PM,03/24/2016 12:00:00 PM,DSNY,Department of Sanitation,Dirty Conditions,E8 Canine Violation,Sidewalk,11372,34-51 89 STREET,89 STREET,34 AVENUE,35 AVENUE,,,ADDRESS,Jackson Heights,,N/A,Closed,,The Department of Sanitation investigated this complaint and found no violation at the location.,03/24/2016 12:00:00 PM,03 QUEENS,4014500047,QUEENS,1017977,213660,ONLINE,Unspecified,QUEENS,,,,,,,,40.75305955029718,-73.8782682695819,"(40.75305955029718, -73.8782682695819)"
32960861,03/22/2016 12:58:00 PM,03/23/2016 12:00:00 PM,DSNY,Department of Sanitation,Dirty Conditions,E8 Canine Violation,Sidewalk,10461,1811 YATES AVENUE,YATES AVENUE,MORRIS PARK AVENUE,RHINELANDER AVENUE,,,ADDRESS,BRONX,,N/A,Closed,,The Department of Sanitation investigated this complaint and found no violation at the location.,03/23/2016 12:00:00 PM,11 BRONX,2042000030,BRONX,1025514,249400,ONLINE,Unspecified,BRONX,,,,,,,,40.85112394437378,-73.85084518098668,"(40.85112394437378, -73.85084518098668)"
32960860,03/22/2016 09:00:00 AM,03/23/2016 12:00:00 PM,DSNY,Department of Sanitation,Dirty Conditions,E8 Canine Violation,Sidewalk,10462,1540 WHITE PLAINS ROAD,WHITE PLAINS ROAD,ARCHER STREET,GUERLAIN STREET,,,ADDRESS,BRONX,,N/A,Closed,,The Department of Sanitation investigated this complaint and found no violation at the location.,03/23/2016 12:00:00 PM,09 BRONX,2039370118,BRONX,1021949,245001,PHONE,Unspecified,BRONX,,,,,,,,40.83906593663013,-73.86375610921054,"(40.83906593663013, -73.86375610921054)"
32967310,03/22/2016 08:29:00 AM,03/22/2016 12:00:00 PM,DSNY,Department of Sanitation,Dirty Conditions,E8 Canine Violation,Sidewalk,10462,1340 WHITE PLAINS ROAD,WHITE PLAINS ROAD,MC GRAW AVENUE,WOOD AVENUE,,,ADDRESS,BRONX,,N/A,Closed,,The Department of Sanitation has sent this complaint to the appropriate district garage or bureau for further action.,03/22/2016 12:00:00 PM,09 BRONX,,BRONX,1022157,243443,PHONE,Unspecified,BRONX,,,,,,,,40.83478879282832,-73.86301320533077,"(40.83478879282832, -73.86301320533077)"
32956855,03/21/2016 11:13:00 PM,03/22/2016 12:00:00 PM,DSNY,Department of Sanitation,Dirty Conditions,E8 Canine Violation,Sidewalk,10027,4 WEST  129 STREET,WEST  129 STREET,5 AVENUE,LENOX AVENUE,,,ADDRESS,NEW YORK,,N/A,Closed,,The Department of Sanitation investigated this complaint and found no violation at the location.,03/22/2016 12:00:00 PM,10 MANHATTAN,1017260041,MANHATTAN,1000650,234059,ONLINE,Unspecified,MANHATTAN,,,,,,,,40.80909849884127,-73.94075723384351,"(40.80909849884127, -73.94075723384351)"
32951943,03/21/2016 08:48:00 PM,03/22/2016 12:00:00 PM,DSNY,Department of Sanitation,Dirty Conditions,E8 Canine Violation,Sidewalk,10035,,,,,EAST 119 STREET,2 AVENUE,INTERSECTION,NEW YORK,,N/A,Closed,,The Department of Sanitation investigated this complaint and found no violation at the location.,03/22/2016 12:00:00 PM,11 MANHATTAN,,MANHATTAN,1001870,230357,PHONE,Unspecified,MANHATTAN,,,,,,,,40.798935179987,-73.93635986709226,"(40.798935179987, -73.93635986709226)"
32951971,03/21/2016 08:45:00 PM,03/22/2016 12:00:00 PM,DSNY,Department of Sanitation,Dirty Conditions,E8 Canine Violation,Sidewalk,,,,,,EAST 120 STREET,2 AVENUE,INTERSECTION,,,N/A,Closed,,The Department of Sanitation investigated this complaint and found no violation at the location.,03/22/2016 12:00:00 PM,11 MANHATTAN,,MANHATTAN,,,PHONE,Unspecified,MANHATTAN,,,,,,,,,,
32957856,03/21/2016 06:01:00 PM,03/26/2016 12:00:00 PM,DSNY,Department of Sanitation,Dirty Conditions,E8 Canine Violation,Sidewalk,11691,22-45 DIX AVENUE,DIX AVENUE,PINSON STREET,CHANDLER STREET,,,ADDRESS,Far Rockaway,,N/A,Closed,,The Department of Sanitation investigated this complaint and found no violation at the location.,03/26/2016 12:00:00 PM,14 QUEENS,4156610045,QUEENS,1051933,160396,PHONE,Unspecified,QUEENS,,,,,,,,40.60666783568256,-73.75624543832733,"(40.60666783568256, -73.75624543832733)"
32953958,03/21/2016 02:02:00 PM,03/22/2016 12:00:00 PM,DSNY,Department of Sanitation,Dirty Conditions,E8 Canine Violation,Sidewalk,10302,284 HEBERTON AVENUE,HEBERTON AVENUE,ANDERSON AVENUE,ALBION PLACE,,,ADDRESS,STATEN ISLAND,,N/A,Closed,,The Department of Sanitation investigated this complaint and found no violation at the location.,03/22/2016 12:00:00 PM,01 STATEN ISLAND,5010360046,STATEN ISLAND,947234,170232,PHONE,Unspecified,STATEN ISLAND,,,,,,,,40.63384674162192,-74.13336414475745,"(40.63384674162192, -74.13336414475745)"
32958882,03/21/2016 01:13:00 PM,03/22/2016 12:00:00 PM,DSNY,Department of Sanitation,Dirty Conditions,E8 Canine Violation,Sidewalk,11207,224 HIGHLAND BOULEVARD,HIGHLAND BOULEVARD,BULWER PLACE,HEATH PLACE,,,ADDRESS,BROOKLYN,,N/A,Closed,,The Department of Sanitation investigated this complaint and found no violation at the location.,03/22/2016 12:00:00 PM,05 BROOKLYN,3038860010,BROOKLYN,1013912,187825,PHONE,Unspecified,BROOKLYN,,,,,,,,40.68216330400727,-73.89305400682495,"(40.68216330400727, -73.89305400682495)"
32958862,03/21/2016 12:20:00 PM,03/22/2016 12:00:00 PM,DSNY,Department of Sanitation,Dirty Conditions,E8 Canine Violation,Sidewalk,10467,2410 OLINVILLE AVENUE,OLINVILLE AVENUE,WARING AVENUE,MACE AVENUE,,,ADDRESS,BRONX,,N/A,Closed,,The Department of Sanitation investigated this complaint and found no violation at the location.,03/22/2016 12:00:00 PM,11 BRONX,,BRONX,1020632,253274,PHONE,Unspecified,BRONX,,,,,,,,40.86177837046766,-73.86847083631041,"(40.86177837046766, -73.86847083631041)"
32952968,03/21/2016 10:31:00 AM,03/22/2016 12:00:00 PM,DSNY,Department of Sanitation,Dirty Conditions,E8 Canine Violation,Sidewalk,11229,2922 GERRITSEN AVENUE,GERRITSEN AVENUE,CYRUS AVENUE,SEBA AVENUE,,,ADDRESS,BROOKLYN,,N/A,Closed,,The Department of Sanitation investigated this complaint and found no violation at the location.,03/22/2016 12:00:00 PM,15 BROOKLYN,3089070518,BROOKLYN,1006079,154051,PHONE,Unspecified,BROOKLYN,,,,,,,,40.58948369121865,-73.92140503596026,"(40.58948369121865, -73.92140503596026)"
32956891,03/21/2016 10:31:00 AM,03/22/2016 12:00:00 PM,DSNY,Department of Sanitation,Dirty Conditions,E8 Canine Violation,Sidewalk,11365,71-36 165 STREET,165 STREET,71 AVENUE,72 AVENUE,,,ADDRESS,Fresh Meadows,,N/A,Closed,,The Department of Sanitation investigated this complaint and found no violation at the location.,03/22/2016 12:00:00 PM,08 QUEENS,4069520061,QUEENS,1038514,205114,ONLINE,Unspecified,QUEENS,,,,,,,,40.72950078219302,-73.80421268812692,"(40.72950078219302, -73.80421268812692)"
32954940,03/21/2016 09:25:00 AM,03/23/2016 12:00:00 PM,DSNY,Department of Sanitation,Dirty Conditions,E8 Canine Violation,Sidewalk,10003,,,,,EAST 11 STREET,2 AVENUE,INTERSECTION,NEW YORK,,N/A,Closed,,The Department of Sanitation investigated this complaint and found no violation at the location.,03/23/2016 12:00:00 PM,03 MANHATTAN,,MANHATTAN,988026,205374,PHONE,Unspecified,MANHATTAN,,,,,,,,40.730380061088596,-73.9863758286881,"(40.730380061088596, -73.9863758286881)"
32957802,03/21/2016 08:19:00 AM,03/22/2016 12:00:00 PM,DSNY,Department of Sanitation,Dirty Conditions,E8 Canine Violation,Sidewalk,10457,2277 BATHGATE AVENUE,BATHGATE AVENUE,EAST 182 STREET,EAST 183 STREET,,,ADDRESS,BRONX,,N/A,Closed,,The Department of Sanitation investigated this complaint and found no violation at the location.,03/22/2016 12:00:00 PM,06 BRONX,2030500070,BRONX,1014094,250534,ONLINE,Unspecified,BRONX,,,,,,,,40.85428242100317,-73.89211935883289,"(40.85428242100317, -73.89211935883289)"
32951958,03/21/2016 06:50:00 AM,03/22/2016 12:00:00 PM,DSNY,Department of Sanitation,Dirty Conditions,E8 Canine Violation,Sidewalk,10305,,,,,MARYLAND AVENUE,TOMPKINS AVENUE,INTERSECTION,STATEN ISLAND,,N/A,Closed,,The Department of Sanitation investigated this complaint and found no violation at the location.,03/22/2016 12:00:00 PM,01 STATEN ISLAND,,STATEN ISLAND,964642,161835,PHONE,Unspecified,STATEN ISLAND,,,,,,,,40.61085437801203,-74.07062088754867,"(40.61085437801203, -74.07062088754867)"
32946702,03/20/2016 09:43:00 PM,03/22/2016 12:00:00 PM,DSNY,Department of Sanitation,Dirty Conditions,E8 Canine Violation,Sidewalk,10456,1252 TELLER AVENUE,TELLER AVENUE,EAST 168 STREET,EAST 169 STREET,,,ADDRESS,BRONX,,N/A,Closed,,The Department of Sanitation investigated this complaint and found no violation at the location.,03/22/2016 12:00:00 PM,04 BRONX,2024310010,BRONX,1008924,242984,ONLINE,Unspecified,BRONX,,,,,,,,40.83357585613998,-73.91083573593643,"(40.83357585613998, -73.91083573593643)"
32947370,03/20/2016 11:31:00 AM,03/22/2016 12:00:00 PM,DSNY,Department of Sanitation,Dirty Conditions,E8 Canine Violation,Sidewalk,11204,1842 64 STREET,64 STREET,18 AVENUE,19 AVENUE,,,ADDRESS,BROOKLYN,,N/A,Closed,,The Department of Sanitation investigated this complaint and found no violation at the location.,03/22/2016 12:00:00 PM,11 BROOKLYN,3055470023,BROOKLYN,987410,164851,ONLINE,Unspecified,BROOKLYN,,,,,,,,40.61915380571771,-73.98861741490721,"(40.61915380571771, -73.98861741490721)"
32947386,03/20/2016 09:27:00 AM,03/22/2016 12:00:00 PM,DSNY,Department of Sanitation,Dirty Conditions,E8 Canine Violation,Sidewalk,10457,665 EAST  181 STREET,EAST  181 STREET,BELMONT AVENUE,CROTONA AVENUE,,,ADDRESS,BRONX,,N/A,Closed,,The Department of Sanitation investigated this complaint and found no violation at the location.,03/22/2016 12:00:00 PM,06 BRONX,2030830001,BRONX,1014962,248740,PHONE,Unspecified,BRONX,,,,,,,,40.84935545059611,-73.88898991802586,"(40.84935545059611, -73.88898991802586)"
32949264,03/20/2016 09:23:00 AM,03/22/2016 12:00:00 PM,DSNY,Department of Sanitation,Dirty Conditions,E8 Canine Violation,Sidewalk,10457,,,,,BELMONT AVENUE,EAST 181 STREET,INTERSECTION,BRONX,,N/A,Closed,,The Department of Sanitation investigated this complaint and found no violation at the location.,03/22/2016 12:00:00 PM,06 BRONX,,BRONX,1014893,248782,PHONE,Unspecified,BRONX,,,,,,,,40.84947096782233,-73.88923912980503,"(40.84947096782233, -73.88923912980503)"
32944925,03/19/2016 07:42:00 PM,03/22/2016 12:00:00 PM,DSNY,Department of Sanitation,Dirty Conditions,E8 Canine Violation,Sidewalk,11218,419 MCDONALD AVENUE,MCDONALD AVENUE,ALBEMARLE ROAD,CHURCH AVENUE,,,ADDRESS,BROOKLYN,,N/A,Closed,,The Department of Sanitation investigated this complaint and found no violation at the location.,03/22/2016 12:00:00 PM,12 BROOKLYN,3053340072,BROOKLYN,989899,173875,ONLINE,Unspecified,BROOKLYN,,,,,,,,40.64392153877798,-73.9796442748411,"(40.64392153877798, -73.9796442748411)"
32945962,03/19/2016 07:39:00 PM,03/22/2016 12:00:00 PM,DSNY,Department of Sanitation,Dirty Conditions,E8 Canine Violation,Sidewalk,11223,624 CRAWFORD AVENUE,CRAWFORD AVENUE,ANGELA DRIVE,EAST 7 STREET,,,ADDRESS,BROOKLYN,,N/A,Closed,,The Department of Sanitation investigated this complaint and found no violation at the location.,03/22/2016 12:00:00 PM,15 BROOKLYN,3071820010,BROOKLYN,994216,154939,PHONE,Unspecified,BROOKLYN,,,,,,,,40.59194234998312,-73.96411625965199,"(40.59194234998312, -73.96411625965199)"
32940219,03/19/2016 06:53:00 PM,03/21/2016 12:00:00 PM,DSNY,Department of Sanitation,Dirty Conditions,E8 Canine Violation,Sidewalk,11691,10-39 MCBRIDE STREET,MCBRIDE STREET,BEACH CHANNEL DRIVE,REGINA AVENUE,,,ADDRESS,Far Rockaway,,N/A,Closed,,The Department of Sanitation investigated this complaint and found no violation at the location.,03/21/2016 12:00:00 PM,14 QUEENS,4157140130,QUEENS,1051449,159153,PHONE,Unspecified,QUEENS,,,,,,,,40.60325975074497,-73.75800088127941,"(40.60325975074497, -73.75800088127941)"
32942098,03/19/2016 01:06:00 PM,03/22/2016 12:00:00 PM,DSNY,Department of Sanitation,Dirty Conditions,E8 Canine Violation,Sidewalk,11220,639 57 STREET,57 STREET,6 AVENUE,7 AVENUE,,,ADDRESS,BROOKLYN,,N/A,Closed,,The Department of Sanitation investigated this complaint and found no violation at the location.,03/22/2016 12:00:00 PM,07 BROOKLYN,3008410063,BROOKLYN,981126,172191,PHONE,Unspecified,BROOKLYN,,,,,,,,40.63930057067139,-74.01125630754281,"(40.63930057067139, -74.01125630754281)"
32941181,03/19/2016 08:13:00 AM,03/21/2016 12:00:00 PM,DSNY,Department of Sanitation,Dirty Conditions,E8 Canine Violation,Sidewalk,11692,195 BEACH   59 STREET,BEACH   59 STREET,,,,,ADDRESS,Arverne,,N/A,Closed,,The Department of Sanitation investigated this complaint and found no violation at the location.,03/21/2016 12:00:00 PM,14 QUEENS,4159020022,QUEENS,1042874,154965,PHONE,Unspecified,QUEENS,,,,,,,,40.591825444393095,-73.78891765118149,"(40.591825444393095, -73.78891765118149)"
32937537,03/18/2016 06:54:00 PM,03/19/2016 12:00:00 PM,DSNY,Department of Sanitation,Dirty Conditions,E8 Canine Violation,Sidewalk,10003,205 EAST   15 STREET,EAST   15 STREET,3 AVENUE,RUTHERFORD PLACE,,,ADDRESS,NEW YORK,,N/A,Closed,,The Department of Sanitation investigated this complaint and found no condition at the location.,03/19/2016 12:00:00 PM,06 MANHATTAN,1008970001,MANHATTAN,988038,206635,ONLINE,Unspecified,MANHATTAN,,,,,,,,40.73384119145498,-73.9863318216076,"(40.73384119145498, -73.9863318216076)"
32933567,03/18/2016 03:33:00 PM,03/21/2016 12:00:00 PM,DSNY,Department of Sanitation,Dirty Conditions,E8 Canine Violation,Sidewalk,11232,,,,,28 STREET,3 AVENUE,INTERSECTION,BROOKLYN,,N/A,Closed,,The Department of Sanitation investigated this complaint and found no violation at the location.,03/21/2016 12:00:00 PM,07 BROOKLYN,,BROOKLYN,983763,179737,PHONE,Unspecified,BROOKLYN,,,,,,,,40.66001324061101,-74.00175528932397,"(40.66001324061101, -74.00175528932397)"
32935182,03/18/2016 01:15:00 PM,03/20/2016 12:00:00 PM,DSNY,Department of Sanitation,Dirty Conditions,E8 Canine Violation,Sidewalk,11209,237 79 STREET,79 STREET,RIDGE BOULEVARD,3 AVENUE,,,ADDRESS,BROOKLYN,,N/A,Closed,,The Department of Sanitation investigated this complaint and found no violation at the location.,03/20/2016 12:00:00 PM,10 BROOKLYN,3059680069,BROOKLYN,975767,168421,PHONE,Unspecified,BROOKLYN,,,,,,,,40.628949210247846,-74.03056096297946,"(40.628949210247846, -74.03056096297946)"
32933551,03/18/2016 08:57:00 AM,03/22/2016 12:00:00 PM,DSNY,Department of Sanitation,Dirty Conditions,E8 Canine Violation,Sidewalk,11374,99-05 63 DRIVE,63 DRIVE,99 STREET,102 STREET,,,ADDRESS,Rego Park,,N/A,Closed,,The Department of Sanitation investigated this complaint and found no violation at the location.,03/22/2016 12:00:00 PM,06 QUEENS,4021117501,QUEENS,1024106,205906,PHONE,Unspecified,QUEENS,,,,,,,,40.73175128052093,-73.85619269401182,"(40.73175128052093, -73.85619269401182)"
32924316,03/17/2016 07:21:00 PM,03/19/2016 12:00:00 PM,DSNY,Department of Sanitation,Dirty Conditions,E8 Canine Violation,Sidewalk,11355,,,,,ROBINSON STREET,ROSE AVENUE,INTERSECTION,Flushing,,N/A,Closed,,The Department of Sanitation investigated this complaint and found no violation at the location.,03/19/2016 12:00:00 PM,07 QUEENS,,QUEENS,1036244,211566,PHONE,Unspecified,QUEENS,,,,,,,,40.74722351734699,-73.8123530721656,"(40.74722351734699, -73.8123530721656)"
32926469,03/17/2016 03:15:00 PM,03/19/2016 12:00:00 PM,DSNY,Department of Sanitation,Dirty Conditions,E8 Canine Violation,Sidewalk,11693,,,,,ROCKAWAY FREEWAY,BEACH 95 STREET,INTERSECTION,Far Rockaway,,N/A,Closed,,The Department of Sanitation investigated this complaint and found no violation at the location.,03/19/2016 12:00:00 PM,14 QUEENS,,QUEENS,1034872,152981,PHONE,Unspecified,QUEENS,,,,,,,,40.58642908653817,-73.81774453139982,"(40.58642908653817, -73.81774453139982)"
32927610,03/17/2016 02:55:00 PM,03/18/2016 12:00:00 PM,DSNY,Department of Sanitation,Dirty Conditions,E8 Canine Violation,Sidewalk,10458,,,,,PROSPECT AVENUE,EAST 187 STREET,INTERSECTION,BRONX,,N/A,Closed,,The Department of Sanitation investigated this complaint and found no violation at the location.,03/18/2016 12:00:00 PM,06 BRONX,,BRONX,1016691,250307,PHONE,Unspecified,BRONX,,,,,,,,40.853650213710026,-73.882732784638,"(40.853650213710026, -73.882732784638)"
32929754,03/17/2016 01:58:00 PM,03/19/2016 12:00:00 PM,DSNY,Department of Sanitation,Dirty Conditions,E8 Canine Violation,Sidewalk,11235,2970 AVENUE Z,AVENUE Z,HARING STREET,BROWN STREET,,,ADDRESS,BROOKLYN,,N/A,Closed,,The Department of Sanitation investigated this complaint and found no violation at the location.,03/19/2016 12:00:00 PM,15 BROOKLYN,3074760010,BROOKLYN,1001440,154141,PHONE,Unspecified,BROOKLYN,,,,,,,,40.58974093377875,-73.93810744571742,"(40.58974093377875, -73.93810744571742)"
32927568,03/17/2016 12:28:00 PM,03/19/2016 12:00:00 PM,DSNY,Department of Sanitation,Dirty Conditions,E8 Canine Violation,Sidewalk,10451,800 GRAND CONCOURSE,GRAND CONCOURSE,EAST 156 STREET,EAST 158 STREET,,,ADDRESS,BRONX,,N/A,Closed,,The Department of Sanitation investigated this complaint and found no violation at the location.,03/19/2016 12:00:00 PM,04 BRONX,2024580090,BRONX,1005316,239747,PHONE,Unspecified,BRONX,,,,,,,,40.82470056369922,-73.9238840979235,"(40.82470056369922, -73.9238840979235)"
32924351,03/17/2016 11:33:00 AM,03/18/2016 12:00:00 PM,DSNY,Department of Sanitation,Dirty Conditions,E8 Canine Violation,Sidewalk,11372,34-43 93 STREET,93 STREET,34 AVENUE,35 AVENUE,,,ADDRESS,Jackson Heights,,N/A,Closed,,The Department of Sanitation investigated this complaint and found no violation at the location.,03/18/2016 12:00:00 PM,03 QUEENS,4014540055,QUEENS,1018994,213895,PHONE,Unspecified,QUEENS,,,,,,,,40.75370062739257,-73.87459637594573,"(40.75370062739257, -73.87459637594573)"
32924352,03/17/2016 09:42:00 AM,03/18/2016 12:00:00 PM,DSNY,Department of Sanitation,Dirty Conditions,E8 Canine Violation,Sidewalk,10473,1810 RANDALL AVENUE,RANDALL AVENUE,BEACH AVENUE,TAYLOR AVENUE,,,ADDRESS,BRONX,,N/A,Closed,,The Department of Sanitation investigated this complaint and found no violation at the location.,03/18/2016 12:00:00 PM,09 BRONX,2035220038,BRONX,1022301,236983,ONLINE,Unspecified,BRONX,,,,,,,,40.817057334159166,-73.86252946098973,"(40.817057334159166, -73.86252946098973)"
32927611,03/17/2016 09:27:00 AM,03/18/2016 12:00:00 PM,DSNY,Department of Sanitation,Dirty Conditions,E8 Canine Violation,Sidewalk,11433,,,,,173 STREET,LIBERTY AVENUE,INTERSECTION,Jamaica,,N/A,Closed,,The Department of Sanitation investigated this complaint and found no violation at the location.,03/18/2016 12:00:00 PM,12 QUEENS,,QUEENS,1043903,196049,PHONE,Unspecified,QUEENS,,,,,,,,40.70458490431587,-73.7848493054052,"(40.70458490431587, -73.7848493054052)"
32927535,03/17/2016 09:25:00 AM,03/18/2016 12:00:00 PM,DSNY,Department of Sanitation,Dirty Conditions,E8 Canine Violation,Sidewalk,11433,,,,,105 AVENUE,177 STREET,INTERSECTION,Jamaica,,N/A,Closed,,The Department of Sanitation investigated this complaint and found no violation at the location.,03/18/2016 12:00:00 PM,12 QUEENS,,QUEENS,1044891,195674,PHONE,Unspecified,QUEENS,,,,,,,,40.70354890492247,-73.78128927377692,"(40.70354890492247, -73.78128927377692)"
32930804,03/17/2016 09:23:00 AM,03/18/2016 12:00:00 PM,DSNY,Department of Sanitation,Dirty Conditions,E8 Canine Violation,Sidewalk,11433,173-46 105 AVENUE,105 AVENUE,173 STREET,177 STREET,,,ADDRESS,Jamaica,,N/A,Closed,,The Department of Sanitation investigated this complaint and found no violation at the location.,03/18/2016 12:00:00 PM,12 QUEENS,4102350327,QUEENS,1044380,195410,PHONE,Unspecified,QUEENS,,,,,,,,40.70282777628836,-73.78313462046985,"(40.70282777628836, -73.78313462046985)"
32926468,03/17/2016 08:33:00 AM,03/19/2016 12:00:00 PM,DSNY,Department of Sanitation,Dirty Conditions,E8 Canine Violation,Sidewalk,11208,333 RIDGEWOOD AVENUE,RIDGEWOOD AVENUE,RICHMOND STREET,CHESTNUT STREET,,,ADDRESS,BROOKLYN,,N/A,Closed,,The Department of Sanitation investigated this complaint and found no violation at the location.,03/19/2016 12:00:00 PM,05 BROOKLYN,3041150055,BROOKLYN,1018511,188678,PHONE,Unspecified,BROOKLYN,,,,,,,,40.6844879860616,-73.87646804963907,"(40.6844879860616, -73.87646804963907)"
32924313,03/17/2016 08:02:00 AM,03/19/2016 12:00:00 PM,DSNY,Department of Sanitation,Dirty Conditions,E8 Canine Violation,Sidewalk,10474,641 FAILE STREET,FAILE STREET,RANDALL AVENUE,SPOFFORD AVENUE,,,ADDRESS,BRONX,,N/A,Closed,,The Department of Sanitation investigated this complaint and found no violation at the location.,03/19/2016 12:00:00 PM,02 BRONX,2027660016,BRONX,1015763,235573,PHONE,Unspecified,BRONX,,,,,,,,40.813213024359825,-73.88615651881932,"(40.813213024359825, -73.88615651881932)"
32923199,03/16/2016 09:29:00 PM,03/19/2016 12:00:00 PM,DSNY,Department of Sanitation,Dirty Conditions,E8 Canine Violation,Sidewalk,11207,224 HIGHLAND BOULEVARD,HIGHLAND BOULEVARD,BULWER PLACE,HEATH PLACE,,,ADDRESS,BROOKLYN,,N/A,Closed,,The Department of Sanitation investigated this complaint and found no violation at the location.,03/19/2016 12:00:00 PM,05 BROOKLYN,3038860010,BROOKLYN,1013912,187825,PHONE,Unspecified,BROOKLYN,,,,,,,,40.68216330400727,-73.89305400682495,"(40.68216330400727, -73.89305400682495)"
32922235,03/16/2016 09:00:00 PM,03/17/2016 12:00:00 PM,DSNY,Department of Sanitation,Dirty Conditions,E8 Canine Violation,Sidewalk,10453,140 MORTON PLACE,MORTON PLACE,HARRISON AVENUE,DR M L KING JR BOULEVARD,,,ADDRESS,BRONX,,N/A,Closed,,The Department of Sanitation investigated this complaint and found no violation at the location.,03/17/2016 12:00:00 PM,05 BRONX,2028680080,BRONX,1008011,249231,PHONE,Unspecified,BRONX,,,,,,,,40.85072454130554,-73.91411290158658,"(40.85072454130554, -73.91411290158658)"
32917140,03/16/2016 08:56:00 PM,03/19/2016 12:00:00 PM,DSNY,Department of Sanitation,Dirty Conditions,E8 Canine Violation,Sidewalk,11221,,,,,THROOP AVENUE,DEKALB AVENUE,INTERSECTION,BROOKLYN,,N/A,Closed,,The Department of Sanitation investigated this complaint and found no violation at the location.,03/19/2016 12:00:00 PM,03 BROOKLYN,,BROOKLYN,1000110,191526,PHONE,Unspecified,BROOKLYN,,,,,,,,40.69235718894852,-73.94280822351726,"(40.69235718894852, -73.94280822351726)"
32917104,03/16/2016 05:16:00 PM,03/17/2016 12:00:00 PM,DSNY,Department of Sanitation,Dirty Conditions,E8 Canine Violation,Sidewalk,10461,,,,,SCHUYLER PLACE,ARNOW PLACE,INTERSECTION,BRONX,,N/A,Closed,,The Department of Sanitation investigated this complaint and found no violation at the location.,03/17/2016 12:00:00 PM,10 BRONX,,BRONX,1031603,249089,ONLINE,Unspecified,BRONX,,,,,,,,40.850239786609116,-73.82883784066533,"(40.850239786609116, -73.82883784066533)"
32919739,03/16/2016 05:12:00 PM,03/22/2016 12:00:00 PM,DSNY,Department of Sanitation,Dirty Conditions,E8 Canine Violation,Sidewalk,11221,960 WILLOUGHBY AVENUE,WILLOUGHBY AVENUE,CHARLES PLACE,EVERGREEN AVENUE,,,ADDRESS,BROOKLYN,,N/A,Closed,,The Department of Sanitation investigated this complaint and found no violation at the location.,03/22/2016 12:00:00 PM,04 BROOKLYN,3032060001,BROOKLYN,1003493,193530,MOBILE,Unspecified,BROOKLYN,,,,,,,,40.69785099331476,-73.93060327365919,"(40.69785099331476, -73.93060327365919)"
32920222,03/16/2016 04:58:00 PM,03/19/2016 12:00:00 PM,DSNY,Department of Sanitation,Dirty Conditions,E8 Canine Violation,Sidewalk,11358,162-06 46 AVENUE,46 AVENUE,162 STREET,PIDGEON MEADOW ROAD,,,ADDRESS,Flushing,,N/A,Closed,,The Department of Sanitation investigated this complaint and found no violation at the location.,03/19/2016 12:00:00 PM,07 QUEENS,4054610030,QUEENS,1038412,213940,PHONE,Unspecified,QUEENS,,,,,,,,40.75372651877778,-73.80450964068773,"(40.75372651877778, -73.80450964068773)"
32921259,03/16/2016 04:46:00 PM,03/17/2016 12:00:00 PM,DSNY,Department of Sanitation,Dirty Conditions,E8 Canine Violation,Sidewalk,10465,3250 FAIRMOUNT AVENUE,FAIRMOUNT AVENUE,CLARENCE AVENUE,DEAN AVENUE,,,ADDRESS,BRONX,,N/A,Closed,,The Department of Sanitation investigated this complaint and found no violation at the location.,03/17/2016 12:00:00 PM,10 BRONX,2053270022,BRONX,1034264,244077,PHONE,Unspecified,BRONX,,,,,,,,40.83646867095122,-73.8192567965921,"(40.83646867095122, -73.8192567965921)"
32922226,03/16/2016 04:26:00 PM,03/17/2016 12:00:00 PM,DSNY,Department of Sanitation,Dirty Conditions,E8 Canine Violation,Sidewalk,10466,4045 BRONXWOOD AVENUE,BRONXWOOD AVENUE,EAST 227 STREET,EAST 228 STREET,,,ADDRESS,BRONX,,N/A,Closed,,The Department of Sanitation investigated this complaint and found no violation at the location.,03/17/2016 12:00:00 PM,12 BRONX,2048520073,BRONX,1024720,262816,PHONE,Unspecified,BRONX,,,,,,,,40.88795039071319,-73.85363417727693,"(40.88795039071319, -73.85363417727693)"
32916140,03/16/2016 04:00:00 PM,03/18/2016 12:00:00 PM,DSNY,Department of Sanitation,Dirty Conditions,E8 Canine Violation,Sidewalk,11203,,,,,SNYDER AVENUE,EAST 53 STREET,INTERSECTION,BROOKLYN,,N/A,Closed,,The Department of Sanitation investigated this complaint and found no violation at the location.,03/18/2016 12:00:00 PM,17 BROOKLYN,,BROOKLYN,1004425,176202,PHONE,Unspecified,BROOKLYN,,,,,,,,40.65028747107034,-73.9272940372525,"(40.65028747107034, -73.9272940372525)"
32919188,03/16/2016 03:56:00 PM,03/18/2016 12:00:00 PM,DSNY,Department of Sanitation,Dirty Conditions,E8 Canine Violation,Sidewalk,11214,2543 WEST   16 STREET,WEST   16 STREET,PRIVATE CATANZARO SQUARE,AVENUE Z,,,ADDRESS,BROOKLYN,,N/A,Closed,,The Department of Sanitation investigated this complaint and found no violation at the location.,03/18/2016 12:00:00 PM,13 BROOKLYN,3069197509,BROOKLYN,988378,152686,PHONE,Unspecified,BROOKLYN,,,,,,,,40.58576295652889,-73.98513803226251,"(40.58576295652889, -73.98513803226251)"
32922194,03/16/2016 01:27:00 PM,03/17/2016 12:00:00 PM,DSNY,Department of Sanitation,Dirty Conditions,E8 Canine Violation,Sidewalk,10464,162 SCHOFIELD STREET,SCHOFIELD STREET,CITY ISLAND AVENUE,LANDING WAY,,,ADDRESS,BRONX,,N/A,Closed,,The Department of Sanitation investigated this complaint and found no violation at the location.,03/17/2016 12:00:00 PM,10 BRONX,2056410296,BRONX,1043795,247320,PHONE,Unspecified,BRONX,,,,,,,,40.84531061384322,-73.7847845050277,"(40.84531061384322, -73.7847845050277)"
32920223,03/16/2016 01:05:00 PM,03/18/2016 12:00:00 PM,DSNY,Department of Sanitation,Dirty Conditions,E8 Canine Violation,Sidewalk,11435,104-09 REMINGTON STREET,REMINGTON STREET,,,,,ADDRESS,Jamaica,,N/A,Closed,,The Department of Sanitation investigated this complaint and found no violation at the location.,03/18/2016 12:00:00 PM,12 QUEENS,4100410022,QUEENS,1037231,191323,PHONE,Unspecified,QUEENS,,,,,,,,40.69165563040363,-73.80895032694572,"(40.69165563040363, -73.80895032694572)"
32917163,03/16/2016 12:01:00 PM,03/18/2016 12:00:00 PM,DSNY,Department of Sanitation,Dirty Conditions,E8 Canine Violation,Sidewalk,11216,182 MONROE STREET,MONROE STREET,BEDFORD AVENUE,NOSTRAND AVENUE,,,ADDRESS,BROOKLYN,,N/A,Closed,,The Department of Sanitation investigated this complaint and found no violation at the location.,03/18/2016 12:00:00 PM,03 BROOKLYN,3018170035,BROOKLYN,997530,188947,PHONE,Unspecified,BROOKLYN,,,,,,,,40.685282675051255,-73.95211688539656,"(40.685282675051255, -73.95211688539656)"
32921237,03/16/2016 10:07:00 AM,03/18/2016 12:00:00 PM,DSNY,Department of Sanitation,Dirty Conditions,E8 Canine Violation,Sidewalk,11229,1802 EAST   21 STREET,EAST   21 STREET,QUENTIN ROAD,AVENUE R,,,ADDRESS,BROOKLYN,,N/A,Closed,,The Department of Sanitation investigated this complaint and found no violation at the location.,03/18/2016 12:00:00 PM,15 BROOKLYN,3068030009,BROOKLYN,997551,160991,PHONE,Unspecified,BROOKLYN,,,,,,,,40.60854948349497,-73.95209629029516,"(40.60854948349497, -73.95209629029516)"
32922216,03/16/2016 09:46:00 AM,03/17/2016 12:00:00 PM,DSNY,Department of Sanitation,Dirty Conditions,E8 Canine Violation,Sidewalk,10009,691 FDR DRIVE,FDR DRIVE,EAST HOUSTON STREET,FDR DRIVE EXIT 5 SOUTHBOUND,,,ADDRESS,NEW YORK,,N/A,Closed,,The Department of Sanitation investigated this complaint and found no violation at the location.,03/17/2016 12:00:00 PM,03 MANHATTAN,1003560001,MANHATTAN,991180,201527,PHONE,Unspecified,MANHATTAN,,,,,,,,40.719819071722334,-73.97499985513412,"(40.719819071722334, -73.97499985513412)"
32918182,03/16/2016 09:29:00 AM,03/18/2016 12:00:00 PM,DSNY,Department of Sanitation,Dirty Conditions,E8 Canine Violation,Sidewalk,11385,1711 BLEECKER STREET,BLEECKER STREET,CYPRESS AVENUE,SENECA AVENUE,,,ADDRESS,Ridgewood,,N/A,Closed,,The Department of Sanitation investigated this complaint and found no violation at the location.,03/18/2016 12:00:00 PM,05 QUEENS,4034360071,QUEENS,1008565,195822,PHONE,Unspecified,QUEENS,,,,,,,,40.70412951137969,-73.91230367263299,"(40.70412951137969, -73.91230367263299)"
32920206,03/16/2016 08:39:00 AM,03/18/2016 12:00:00 PM,DSNY,Department of Sanitation,Dirty Conditions,E8 Canine Violation,Sidewalk,11223,,,,,AVENUE Y,EAST 2 STREET,INTERSECTION,BROOKLYN,,N/A,Closed,,The Department of Sanitation investigated this complaint and found no violation at the location.,03/18/2016 12:00:00 PM,13 BROOKLYN,,BROOKLYN,993146,153732,ONLINE,Unspecified,BROOKLYN,,,,,,,,40.588630515182516,-73.9679705076193,"(40.588630515182516, -73.9679705076193)"
32920189,03/16/2016 08:30:00 AM,03/17/2016 12:00:00 PM,DSNY,Department of Sanitation,Dirty Conditions,E8 Canine Violation,Sidewalk,10460,,,,,EAST 179 STREET,VYSE AVENUE,INTERSECTION,BRONX,,N/A,Closed,,The Department of Sanitation investigated this complaint and found no violation at the location.,03/17/2016 12:00:00 PM,06 BRONX,,BRONX,1017061,246371,PHONE,Unspecified,BRONX,,,,,,,,40.84284569763744,-73.88141457706544,"(40.84284569763744, -73.88141457706544)"
32920205,03/16/2016 08:13:00 AM,03/18/2016 12:00:00 PM,DSNY,Department of Sanitation,Dirty Conditions,E8 Canine Violation,Sidewalk,11235,,,,,AVENUE Y,OCEAN AVENUE,INTERSECTION,BROOKLYN,,N/A,Closed,,The Department of Sanitation investigated this complaint and found no violation at the location.,03/18/2016 12:00:00 PM,15 BROOKLYN,,BROOKLYN,998206,154464,PHONE,Unspecified,BROOKLYN,,,,,,,,40.59063318594477,-73.94975078508689,"(40.59063318594477, -73.94975078508689)"
32910786,03/15/2016 10:59:00 PM,03/16/2016 12:00:00 PM,DSNY,Department of Sanitation,Dirty Conditions,E8 Canine Violation,Sidewalk,10304,411 BRITTON AVENUE,BRITTON AVENUE,PIERCE STREET,DE KALB STREET,,,ADDRESS,STATEN ISLAND,,N/A,Closed,,The Department of Sanitation investigated this complaint and found no violation at the location.,03/16/2016 12:00:00 PM,01 STATEN ISLAND,5029080035,STATEN ISLAND,960368,161101,PHONE,Unspecified,STATEN ISLAND,,,,,,,,40.608829211185174,-74.08601167698518,"(40.608829211185174, -74.08601167698518)"
32912931,03/15/2016 10:22:00 PM,03/17/2016 12:00:00 PM,DSNY,Department of Sanitation,Dirty Conditions,E8 Canine Violation,Sidewalk,10280,21 SOUTH END AVENUE,SOUTH END AVENUE,DEAD END,WEST THAMES STREET,,,ADDRESS,NEW YORK,,N/A,Closed,,The Department of Sanitation investigated this complaint and found no violation at the location.,03/17/2016 12:00:00 PM,01 MANHATTAN,1000167509,MANHATTAN,979362,197262,ONLINE,Unspecified,MANHATTAN,,,,,,,,40.70811402884461,-74.017630483332,"(40.70811402884461, -74.017630483332)"
32912932,03/15/2016 06:43:00 PM,03/16/2016 12:00:00 PM,DSNY,Department of Sanitation,Dirty Conditions,E8 Canine Violation,Sidewalk,11435,104-09 REMINGTON STREET,REMINGTON STREET,104 AVENUE,105 AVENUE,,,ADDRESS,Jamaica,,N/A,Closed,,The Department of Sanitation investigated this complaint and found no violation at the location.,03/16/2016 12:00:00 PM,12 QUEENS,4100410022,QUEENS,1037231,191323,ONLINE,Unspecified,QUEENS,,,,,,,,40.69165563040363,-73.80895032694572,"(40.69165563040363, -73.80895032694572)"
32908709,03/15/2016 05:51:00 PM,03/17/2016 12:00:00 PM,DSNY,Department of Sanitation,Dirty Conditions,E8 Canine Violation,Sidewalk,11213,,,,,FULTON STREET,ALBANY AVENUE,INTERSECTION,BROOKLYN,,N/A,Closed,,The Department of Sanitation investigated this complaint and found no violation at the location.,03/17/2016 12:00:00 PM,03 BROOKLYN,,BROOKLYN,1001326,186947,PHONE,Unspecified,BROOKLYN,,,,,,,,40.679786622306,-73.93843488664758,"(40.679786622306, -73.93843488664758)"
32909731,03/15/2016 05:01:00 PM,03/16/2016 12:00:00 PM,DSNY,Department of Sanitation,Dirty Conditions,E8 Canine Violation,Sidewalk,10128,327 EAST   94 STREET,EAST   94 STREET,,,,,ADDRESS,NEW YORK,,N/A,Closed,,The Department of Sanitation investigated this complaint and found no violation at the location.,03/16/2016 12:00:00 PM,08 MANHATTAN,1015570008,MANHATTAN,998862,224409,PHONE,Unspecified,MANHATTAN,,,,,,,,40.782615009618404,-73.94723713561663,"(40.782615009618404, -73.94723713561663)"
32909743,03/15/2016 02:17:00 PM,03/17/2016 12:00:00 PM,DSNY,Department of Sanitation,Dirty Conditions,E8 Canine Violation,Sidewalk,10457,2073 ANTHONY AVENUE,ANTHONY AVENUE,EAST BURNSIDE AVENUE,EAST 180 STREET,,,ADDRESS,BRONX,,N/A,Closed,,The Department of Sanitation investigated this complaint and found no violation at the location.,03/17/2016 12:00:00 PM,05 BRONX,2031560021,BRONX,1011365,249989,PHONE,Unspecified,BRONX,,,,,,,,40.8527953620437,-73.90198639401603,"(40.8527953620437, -73.90198639401603)"
32907678,03/15/2016 01:08:00 PM,03/16/2016 12:00:00 PM,DSNY,Department of Sanitation,Dirty Conditions,E8 Canine Violation,Sidewalk,10031,,,,,WEST 141 STREET,BROADWAY,INTERSECTION,NEW YORK,,N/A,Closed,,The Department of Sanitation investigated this complaint and found no violation at the location.,03/16/2016 12:00:00 PM,09 MANHATTAN,,MANHATTAN,997450,239445,PHONE,Unspecified,MANHATTAN,,,,,,,,40.82388691720712,-73.95230620215838,"(40.82388691720712, -73.95230620215838)"
32910843,03/15/2016 12:12:00 PM,03/16/2016 12:00:00 PM,DSNY,Department of Sanitation,Dirty Conditions,E8 Canine Violation,Sidewalk,10128,446 EAST   88 STREET,EAST   88 STREET,1 AVENUE,YORK AVENUE,,,ADDRESS,NEW YORK,,N/A,Closed,,The Department of Sanitation investigated this complaint and found no violation at the location.,03/16/2016 12:00:00 PM,08 MANHATTAN,1015670029,MANHATTAN,998832,222626,PHONE,Unspecified,MANHATTAN,,,,,,,,40.777721196797835,-73.9473493331538,"(40.777721196797835, -73.9473493331538)"
32907679,03/15/2016 11:55:00 AM,03/17/2016 12:00:00 PM,DSNY,Department of Sanitation,Dirty Conditions,E8 Canine Violation,Sidewalk,11218,1162 37 STREET,37 STREET,FT HAMILTON PARKWAY,12 AVENUE,,,ADDRESS,BROOKLYN,,N/A,Closed,,The Department of Sanitation investigated this complaint and found no violation at the location.,03/17/2016 12:00:00 PM,12 BROOKLYN,3052917501,BROOKLYN,987569,173719,PHONE,Unspecified,BROOKLYN,,,,,,,,40.64349453200192,-73.9880403223495,"(40.64349453200192, -73.9880403223495)"
32913982,03/15/2016 11:43:00 AM,03/17/2016 12:00:00 PM,DSNY,Department of Sanitation,Dirty Conditions,E8 Canine Violation,Sidewalk,10016,,,,,EAST 32 STREET,2 AVENUE,INTERSECTION,NEW YORK,,N/A,Closed,,The Department of Sanitation investigated this complaint and found no violation at the location.,03/17/2016 12:00:00 PM,06 MANHATTAN,,MANHATTAN,990690,210145,PHONE,Unspecified,MANHATTAN,,,,,,,,40.7434737375789,-73.97675929356365,"(40.7434737375789, -73.97675929356365)"
32912930,03/15/2016 11:23:00 AM,03/16/2016 12:00:00 PM,DSNY,Department of Sanitation,Dirty Conditions,E8 Canine Violation,Sidewalk,10032,561 WEST  161 STREET,WEST  161 STREET,AMSTERDAM AVENUE,BROADWAY,,,ADDRESS,NEW YORK,,N/A,Closed,,The Department of Sanitation investigated this complaint and found no violation at the location.,03/16/2016 12:00:00 PM,12 MANHATTAN,1021200060,MANHATTAN,1000357,243873,PHONE,Unspecified,MANHATTAN,,,,,,,,40.83603568337898,-73.94179209862853,"(40.83603568337898, -73.94179209862853)"
32909760,03/15/2016 08:26:00 AM,03/17/2016 12:00:00 PM,DSNY,Department of Sanitation,Dirty Conditions,E8 Canine Violation,Sidewalk,11236,9516 FOSTER AVENUE,FOSTER AVENUE,EAST 95 STREET,EAST 96 STREET,,,ADDRESS,BROOKLYN,,N/A,Closed,,The Department of Sanitation investigated this complaint and found no violation at the location.,03/17/2016 12:00:00 PM,18 BROOKLYN,3081450032,BROOKLYN,1009993,175128,PHONE,Unspecified,BROOKLYN,,,,,,,,40.64732514018389,-73.90723238493814,"(40.64732514018389, -73.90723238493814)"
32914020,03/15/2016 08:03:00 AM,03/17/2016 12:00:00 PM,DSNY,Department of Sanitation,Dirty Conditions,E8 Canine Violation,Sidewalk,10456,636 JEFFERSON PLACE,JEFFERSON PLACE,FRANKLIN AVENUE,CLINTON AVENUE,,,ADDRESS,BRONX,,N/A,Closed,,The Department of Sanitation investigated this complaint and found no violation at the location.,03/17/2016 12:00:00 PM,03 BRONX,2029330135,BRONX,1011970,242903,PHONE,Unspecified,BRONX,,,,,,,,40.833344499395096,-73.89982877048472,"(40.833344499395096, -73.89982877048472)"
32911914,03/15/2016 03:21:00 AM,03/15/2016 12:00:00 PM,DSNY,Department of Sanitation,Dirty Conditions,E8 Canine Violation,Sidewalk,10472,1003 ELDER AVENUE,ELDER AVENUE,BRUCKNER BOULEVARD,WATSON AVENUE,,,ADDRESS,BRONX,,N/A,Closed,,The Department of Sanitation investigated this complaint and found no violation at the location.,03/15/2016 12:00:00 PM,09 BRONX,2037130067,BRONX,1017971,239577,PHONE,Unspecified,BRONX,,,,,,,,40.82419471511577,-73.8781598155,"(40.82419471511577, -73.8781598155)"
32900404,03/14/2016 06:46:00 PM,03/15/2016 12:00:00 PM,DSNY,Department of Sanitation,Dirty Conditions,E8 Canine Violation,Sidewalk,10458,,,,,EAST 187 STREET,PROSPECT AVENUE,INTERSECTION,BRONX,,N/A,Closed,,The Department of Sanitation investigated this complaint and found no violation at the location.,03/15/2016 12:00:00 PM,06 BRONX,,BRONX,1016691,250307,PHONE,Unspecified,BRONX,,,,,,,,40.853650213710026,-73.882732784638,"(40.853650213710026, -73.882732784638)"
32906655,03/14/2016 04:51:00 PM,03/15/2016 12:00:00 PM,DSNY,Department of Sanitation,Dirty Conditions,E8 Canine Violation,Sidewalk,10035,120 PALADINO AVENUE,PALADINO AVENUE,BEND,BEND,,,ADDRESS,NEW YORK,,N/A,Closed,,The Department of Sanitation investigated this complaint and found no violation at the location.,03/15/2016 12:00:00 PM,11 MANHATTAN,,MANHATTAN,1003754,229781,PHONE,Unspecified,MANHATTAN,,,,,,,,40.79735025964131,-73.92955688849084,"(40.79735025964131, -73.92955688849084)"
32900406,03/14/2016 02:25:00 PM,03/19/2016 12:00:00 PM,DSNY,Department of Sanitation,Dirty Conditions,E8 Canine Violation,Sidewalk,11235,,,,,CONEY ISLAND AVENUE,BRIGHTON BEACH AVENUE,INTERSECTION,BROOKLYN,,N/A,Closed,,The Department of Sanitation investigated this complaint and found no violation at the location.,03/19/2016 12:00:00 PM,13 BROOKLYN,,BROOKLYN,995463,149858,ONLINE,Unspecified,BROOKLYN,,,,,,,,40.57799452613772,-73.95963472224898,"(40.57799452613772, -73.95963472224898)"
32901346,03/14/2016 01:55:00 PM,03/16/2016 12:00:00 PM,DSNY,Department of Sanitation,Dirty Conditions,E8 Canine Violation,Sidewalk,11370,,,,,32 AVENUE,80 STREET,INTERSECTION,East Elmhurst,,N/A,Closed,,The Department of Sanitation investigated this complaint and found no violation at the location.,03/16/2016 12:00:00 PM,03 QUEENS,,QUEENS,1015386,215269,PHONE,Unspecified,QUEENS,,,,,,,,40.757485345568554,-73.88761257106754,"(40.757485345568554, -73.88761257106754)"
32902464,03/14/2016 12:14:00 PM,03/15/2016 12:00:00 PM,DSNY,Department of Sanitation,Dirty Conditions,E8 Canine Violation,Sidewalk,10035,145 EAST  121 STREET,EAST  121 STREET,LEXINGTON AVENUE,SYLVAN COURT,,,ADDRESS,NEW YORK,,N/A,Closed,,The Department of Sanitation investigated this complaint and found no violation at the location.,03/15/2016 12:00:00 PM,11 MANHATTAN,1017700021,MANHATTAN,1001100,231387,PHONE,Unspecified,MANHATTAN,,,,,,,,40.80176374978407,-73.93913837692399,"(40.80176374978407, -73.93913837692399)"
32902451,03/14/2016 12:09:00 PM,03/18/2016 12:00:00 PM,DSNY,Department of Sanitation,Dirty Conditions,E8 Canine Violation,Sidewalk,11374,,,,,66 ROAD,QUEENS BOULEVARD,INTERSECTION,Rego Park,,N/A,Closed,,The Department of Sanitation investigated this complaint and found no violation at the location.,03/18/2016 12:00:00 PM,06 QUEENS,,QUEENS,1024422,204338,PHONE,Unspecified,QUEENS,,,,,,,,40.72744608017556,-73.85506187477388,"(40.72744608017556, -73.85506187477388)"
32900405,03/14/2016 10:38:00 AM,03/16/2016 12:00:00 PM,DSNY,Department of Sanitation,Dirty Conditions,E8 Canine Violation,Sidewalk,11373,,,,,GLEANE STREET,BRITTON AVENUE,INTERSECTION,Elmhurst,,N/A,Closed,,The Department of Sanitation investigated this complaint and found no violation at the location.,03/16/2016 12:00:00 PM,04 QUEENS,,QUEENS,1017551,211248,PHONE,Unspecified,QUEENS,,,,,,,,40.74644083952467,-73.87981778450673,"(40.74644083952467, -73.87981778450673)"
32905624,03/14/2016 10:35:00 AM,03/18/2016 12:00:00 PM,DSNY,Department of Sanitation,Dirty Conditions,E8 Canine Violation,Sidewalk,11433,106-36 159 STREET,159 STREET,TUSKEGEE AIRMEN WAY,107 AVENUE,,,ADDRESS,Jamaica,,N/A,Closed,,The Department of Sanitation investigated this complaint and found no violation at the location.,03/18/2016 12:00:00 PM,12 QUEENS,4101250033,QUEENS,1040924,193460,PHONE,Unspecified,QUEENS,,,,,,,,40.69749830609684,-73.79561542274506,"(40.69749830609684, -73.79561542274506)"
32902406,03/14/2016 09:15:00 AM,03/15/2016 12:00:00 PM,DSNY,Department of Sanitation,Dirty Conditions,E8 Canine Violation,Sidewalk,11223,1940 WEST    3 STREET,WEST    3 STREET,APPLEGATE COURT,AVENUE T,,,ADDRESS,BROOKLYN,,N/A,Closed,,The Department of Sanitation investigated this complaint and found no violation at the location.,03/15/2016 12:00:00 PM,11 BROOKLYN,3070850023,BROOKLYN,991098,157977,ONLINE,Unspecified,BROOKLYN,,,,,,,,40.600284004656075,-73.97533990059537,"(40.600284004656075, -73.97533990059537)"
32894831,03/13/2016 06:52:00 PM,03/16/2016 12:00:00 PM,DSNY,Department of Sanitation,Dirty Conditions,E8 Canine Violation,Sidewalk,10469,3238 TENBROECK AVENUE,TENBROECK AVENUE,BURKE AVENUE,EAST GUN HILL ROAD,,,ADDRESS,BRONX,,N/A,Closed,,The Department of Sanitation investigated this complaint and found no violation at the location.,03/16/2016 12:00:00 PM,11 BRONX,2046170027,BRONX,1024995,256984,MOBILE,Unspecified,BRONX,,,,,,,,40.871942119033996,-73.85267507435616,"(40.871942119033996, -73.85267507435616)"
32894877,03/13/2016 06:35:00 PM,03/16/2016 12:00:00 PM,DSNY,Department of Sanitation,Dirty Conditions,E8 Canine Violation,Sidewalk,11372,34-14 94 STREET,94 STREET,34 AVENUE,34 ROAD,,,ADDRESS,Jackson Heights,,N/A,Closed,,The Department of Sanitation investigated this complaint and found no violation at the location.,03/16/2016 12:00:00 PM,03 QUEENS,,QUEENS,1019216,214140,PHONE,Unspecified,QUEENS,,,,,,,,40.75437221438044,-73.87379382495243,"(40.75437221438044, -73.87379382495243)"
32894834,03/13/2016 03:36:00 PM,03/17/2016 12:00:00 PM,DSNY,Department of Sanitation,Dirty Conditions,E8 Canine Violation,Sidewalk,11238,115 CLIFTON PLACE,CLIFTON PLACE,CLASSON AVENUE,FRANKLIN AVENUE,,,ADDRESS,BROOKLYN,,N/A,Closed,,The Department of Sanitation investigated this complaint and found no violation at the location.,03/17/2016 12:00:00 PM,03 BROOKLYN,3019490067,BROOKLYN,995575,190022,PHONE,Unspecified,BROOKLYN,,,,,,,,40.68823602078318,-73.9591641352559,"(40.68823602078318, -73.9591641352559)"
32894835,03/13/2016 01:23:00 PM,03/16/2016 12:00:00 PM,DSNY,Department of Sanitation,Dirty Conditions,E8 Canine Violation,Sidewalk,11372,35-14 94 STREET,94 STREET,35 AVENUE,37 AVENUE,,,ADDRESS,Jackson Heights,,N/A,Closed,,The Department of Sanitation investigated this complaint and found no violation at the location.,03/16/2016 12:00:00 PM,03 QUEENS,4014670011,QUEENS,1019313,213439,PHONE,Unspecified,QUEENS,,,,,,,,40.752447765090594,-73.87344736931657,"(40.752447765090594, -73.87344736931657)"
32897981,03/13/2016 12:23:00 PM,03/16/2016 12:00:00 PM,DSNY,Department of Sanitation,Dirty Conditions,E8 Canine Violation,Sidewalk,10314,184 LIVINGSTON AVENUE,LIVINGSTON AVENUE,,,,,ADDRESS,STATEN ISLAND,,N/A,Closed,,The Department of Sanitation investigated this complaint and found no violation at the location.,03/16/2016 12:00:00 PM,02 STATEN ISLAND,5008150011,STATEN ISLAND,948594,158302,PHONE,Unspecified,STATEN ISLAND,,,,,,,,40.60110698098448,-74.12840123330437,"(40.60110698098448, -74.12840123330437)"
32896786,03/13/2016 11:05:00 AM,03/16/2016 12:00:00 PM,DSNY,Department of Sanitation,Dirty Conditions,E8 Canine Violation,Sidewalk,11375,73-37 AUSTIN STREET,AUSTIN STREET,73 ROAD,75 AVENUE,,,ADDRESS,Forest Hills,,N/A,Closed,,The Department of Sanitation investigated this complaint and found no violation at the location.,03/16/2016 12:00:00 PM,06 QUEENS,4032930064,QUEENS,1028767,200801,ONLINE,Unspecified,QUEENS,,,,,,,,40.71771708706444,-73.83940880837612,"(40.71771708706444, -73.83940880837612)"
32898020,03/13/2016 10:13:00 AM,03/17/2016 12:00:00 PM,DSNY,Department of Sanitation,Dirty Conditions,E8 Canine Violation,Sidewalk,11208,644 SAPPHIRE STREET,SAPPHIRE STREET,COZINE AVENUE,,,,ADDRESS,BROOKLYN,,N/A,Closed,,The Department of Sanitation investigated this complaint and found no violation at the location.,03/17/2016 12:00:00 PM,05 BROOKLYN,3045580090,BROOKLYN,1024239,181403,ONLINE,Unspecified,BROOKLYN,,,,,,,,40.66449574970905,-73.85585828870089,"(40.66449574970905, -73.85585828870089)"
32898019,03/13/2016 01:28:00 AM,03/15/2016 12:00:00 PM,DSNY,Department of Sanitation,Dirty Conditions,E8 Canine Violation,Sidewalk,10472,1025 BOYNTON AVENUE,BOYNTON AVENUE,BRUCKNER BOULEVARD,WATSON AVENUE,,,ADDRESS,BRONX,,N/A,Closed,,The Department of Sanitation investigated this complaint and found no violation at the location.,03/15/2016 12:00:00 PM,09 BRONX,2037140054,BRONX,1018209,239723,PHONE,Unspecified,BRONX,,,,,,,,40.824594531459304,-73.8772991398564,"(40.824594531459304, -73.8772991398564)"
32891840,03/12/2016 10:49:00 PM,03/20/2016 12:00:00 PM,DSNY,Department of Sanitation,Dirty Conditions,E8 Canine Violation,Sidewalk,11238,FRANKLIN AVENUE,FRANKLIN AVENUE,FULTON STREET,,FRANKLIN AVENUE,FULTON STREET,INTERSECTION,BROOKLYN,,N/A,Closed,,The Department of Sanitation investigated this complaint and found no violation at the location.,03/20/2016 12:00:00 PM,03 BROOKLYN,,BROOKLYN,996546,187436,ONLINE,Unspecified,BROOKLYN,,,,,,,,40.68113674657208,-73.95566760775861,"(40.68113674657208, -73.95566760775861)"
32890745,03/12/2016 12:29:00 PM,03/16/2016 12:00:00 PM,DSNY,Department of Sanitation,Dirty Conditions,E8 Canine Violation,Sidewalk,11418,123-02 HILLSIDE AVENUE,HILLSIDE AVENUE,123 STREET,124 STREET,,,ADDRESS,Richmond Hill,,N/A,Closed,,The Department of Sanitation investigated this complaint and found no violation at the location.,03/16/2016 12:00:00 PM,09 QUEENS,4092770050,QUEENS,1031995,195197,PHONE,Unspecified,QUEENS,,,,,,,,40.70231863431009,-73.82780384901068,"(40.70231863431009, -73.82780384901068)"
32887076,03/12/2016 08:47:00 AM,03/20/2016 12:00:00 PM,DSNY,Department of Sanitation,Dirty Conditions,E8 Canine Violation,Sidewalk,11214,,,,,BAY 34 STREET,BATH AVENUE,INTERSECTION,BROOKLYN,,N/A,Closed,,The Department of Sanitation investigated this complaint and found no violation at the location.,03/20/2016 12:00:00 PM,11 BROOKLYN,,BROOKLYN,985771,156637,PHONE,Unspecified,BROOKLYN,,,,,,,,40.59660849084954,-73.99452308030615,"(40.59660849084954, -73.99452308030615)"
32881883,03/11/2016 05:59:00 PM,03/12/2016 12:00:00 PM,DSNY,Department of Sanitation,Dirty Conditions,E8 Canine Violation,Sidewalk,10463,,,,,WEST 229 STREET,KINGSBRIDGE TERRACE,INTERSECTION,BRONX,,N/A,Closed,,The Department of Sanitation investigated this complaint and found no violation at the location.,03/12/2016 12:00:00 PM,Unspecified BRONX,,BRONX,1011145,257702,PHONE,Unspecified,BRONX,,,,,,,,40.87396587485932,-73.90275068307335,"(40.87396587485932, -73.90275068307335)"
32883674,03/11/2016 03:06:00 PM,03/16/2016 12:00:00 PM,DSNY,Department of Sanitation,Dirty Conditions,E8 Canine Violation,Sidewalk,11226,1525 DORCHESTER ROAD,DORCHESTER ROAD,NYCTA SUBWAY,EAST 16 STREET,,,ADDRESS,BROOKLYN,,N/A,Closed,,The Department of Sanitation investigated this complaint and found no violation at the location.,03/16/2016 12:00:00 PM,14 BROOKLYN,3051580034,BROOKLYN,994379,172278,PHONE,Unspecified,BROOKLYN,,,,,,,,40.639534126270725,-73.96350334790395,"(40.639534126270725, -73.96350334790395)"
32884491,03/11/2016 02:40:00 PM,03/14/2016 12:00:00 PM,DSNY,Department of Sanitation,Dirty Conditions,E8 Canine Violation,Sidewalk,10035,160 EAST  120 STREET,EAST  120 STREET,LEXINGTON AVENUE,SYLVAN PLACE,,,ADDRESS,NEW YORK,,N/A,Closed,,The Department of Sanitation investigated this complaint and found no violation at the location.,03/14/2016 12:00:00 PM,11 MANHATTAN,1017680021,MANHATTAN,1001042,231111,PHONE,Unspecified,MANHATTAN,,,,,,,,40.80100631591135,-73.93934856111623,"(40.80100631591135, -73.93934856111623)"
32886176,03/11/2016 11:45:00 AM,03/17/2016 12:00:00 PM,DSNY,Department of Sanitation,Dirty Conditions,E8 Canine Violation,Sidewalk,11221,,,,,HOWARD AVENUE,BROADWAY,INTERSECTION,BROOKLYN,,N/A,Closed,,The Department of Sanitation investigated this complaint and found no violation at the location.,03/17/2016 12:00:00 PM,03 BROOKLYN,,BROOKLYN,1006100,190315,PHONE,Unspecified,BROOKLYN,,,,,,,,40.68902051291693,-73.92121198849064,"(40.68902051291693, -73.92121198849064)"
32883675,03/11/2016 09:35:00 AM,03/12/2016 12:00:00 PM,DSNY,Department of Sanitation,Dirty Conditions,E8 Canine Violation,Sidewalk,10461,2639 HALPERIN AVENUE,HALPERIN AVENUE,WILLIAMSBRIDGE ROAD,BLONDELL AVENUE,,,ADDRESS,BRONX,,N/A,Closed,,The Department of Sanitation investigated this complaint and found no violation at the location.,03/12/2016 12:00:00 PM,10 BRONX,2040750026,BRONX,1027553,246603,ONLINE,Unspecified,BRONX,,,,,,,,40.843437250866536,-73.84349299330373,"(40.843437250866536, -73.84349299330373)"
32881858,03/11/2016 09:05:00 AM,03/12/2016 12:00:00 PM,DSNY,Department of Sanitation,Dirty Conditions,E8 Canine Violation,Sidewalk,11238,561 GRAND AVENUE,GRAND AVENUE,DEAN STREET,BERGEN STREET,,,ADDRESS,BROOKLYN,,N/A,Closed,,The Department of Sanitation investigated this complaint and found no violation at the location.,03/12/2016 12:00:00 PM,08 BROOKLYN,3011410005,BROOKLYN,994761,186470,PHONE,Unspecified,BROOKLYN,,,,,,,,40.67848759543084,-73.96210480976572,"(40.67848759543084, -73.96210480976572)"
32881788,03/11/2016 08:12:00 AM,03/16/2016 12:00:00 PM,DSNY,Department of Sanitation,Dirty Conditions,E8 Canine Violation,Sidewalk,11234,5524 AVENUE L,AVENUE L,EAST 55 STREET,EAST 56 STREET,,,ADDRESS,BROOKLYN,,N/A,Closed,,The Department of Sanitation investigated this complaint and found no violation at the location.,03/16/2016 12:00:00 PM,18 BROOKLYN,3078530052,BROOKLYN,1005833,166578,PHONE,Unspecified,BROOKLYN,,,,,,,,40.623868333595624,-73.92225072193988,"(40.623868333595624, -73.92225072193988)"
32872415,03/10/2016 09:43:00 PM,03/12/2016 12:00:00 PM,DSNY,Department of Sanitation,Dirty Conditions,E8 Canine Violation,Sidewalk,10456,575 EAST  161 STREET,EAST  161 STREET,ST ANNS AVENUE,EAGLE AVENUE,,,ADDRESS,BRONX,,N/A,Closed,,The Department of Sanitation investigated this complaint and found no violation at the location.,03/12/2016 12:00:00 PM,03 BRONX,2026200001,BRONX,1009484,238872,ONLINE,Unspecified,BRONX,,,,,,,,40.822288014144306,-73.90882753521768,"(40.822288014144306, -73.90882753521768)"
32871302,03/10/2016 08:53:00 PM,03/11/2016 12:00:00 PM,DSNY,Department of Sanitation,Dirty Conditions,E8 Canine Violation,Sidewalk,10472,,,,,ELDER AVENUE,WATSON AVENUE,INTERSECTION,BRONX,,N/A,Closed,,The Department of Sanitation investigated this complaint and found no violation at the location.,03/11/2016 12:00:00 PM,09 BRONX,,BRONX,1017854,240245,PHONE,Unspecified,BRONX,,,,,,,,40.82602862936386,-73.87857921194824,"(40.82602862936386, -73.87857921194824)"
32875853,03/10/2016 07:32:00 PM,03/12/2016 12:00:00 PM,DSNY,Department of Sanitation,Dirty Conditions,E8 Canine Violation,Sidewalk,10472,,,,,BOYNTON AVENUE,WATSON AVENUE,INTERSECTION,BRONX,,N/A,Closed,,The Department of Sanitation investigated this complaint and found no violation at the location.,03/12/2016 12:00:00 PM,09 BRONX,,BRONX,1018110,240290,PHONE,Unspecified,BRONX,,,,,,,,40.82615116376492,-73.87765398540142,"(40.82615116376492, -73.87765398540142)"
32879098,03/10/2016 05:04:00 PM,03/11/2016 12:00:00 PM,DSNY,Department of Sanitation,Dirty Conditions,E8 Canine Violation,Sidewalk,10466,81 HARPER COURT,HARPER COURT,BEND,,,,ADDRESS,BRONX,,N/A,Closed,,The Department of Sanitation investigated this complaint and found no violation at the location.,03/11/2016 12:00:00 PM,12 BRONX,2049410099,BRONX,1030021,261793,PHONE,Unspecified,BRONX,,,,,,,,40.88511667881367,-73.8344693504782,"(40.88511667881367, -73.8344693504782)"
32872508,03/10/2016 04:41:00 PM,03/11/2016 12:00:00 PM,DSNY,Department of Sanitation,Dirty Conditions,E8 Canine Violation,Sidewalk,11213,363 NEW YORK AVENUE,NEW YORK AVENUE,CARROLL STREET,CROWN STREET,,,ADDRESS,BROOKLYN,,N/A,Closed,,The Department of Sanitation investigated this complaint and found no violation at the location.,03/11/2016 12:00:00 PM,09 BROOKLYN,3012910008,BROOKLYN,998681,182274,ONLINE,Unspecified,BROOKLYN,,,,,,,,40.666964996366296,-73.94798106418997,"(40.666964996366296, -73.94798106418997)"
32878139,03/10/2016 04:30:00 PM,03/11/2016 12:00:00 PM,DSNY,Department of Sanitation,Dirty Conditions,E8 Canine Violation,Sidewalk,11225,349 CROWN STREET,CROWN STREET,NEW YORK AVENUE,BROOKLYN AVENUE,,,ADDRESS,BROOKLYN,,N/A,Closed,,The Department of Sanitation investigated this complaint and found no violation at the location.,03/11/2016 12:00:00 PM,09 BROOKLYN,3012910001,BROOKLYN,998772,181968,ONLINE,Unspecified,BROOKLYN,,,,,,,,40.666124945763144,-73.94765369880365,"(40.666124945763144, -73.94765369880365)"
32875848,03/10/2016 02:00:00 PM,03/11/2016 12:00:00 PM,DSNY,Department of Sanitation,Dirty Conditions,E8 Canine Violation,Sidewalk,11216,171 NEW YORK AVENUE,NEW YORK AVENUE,ST MARKS AVENUE,PROSPECT PLACE,,,ADDRESS,BROOKLYN,,N/A,Closed,,The Department of Sanitation investigated this complaint and found no violation at the location.,03/11/2016 12:00:00 PM,08 BROOKLYN,3012280001,BROOKLYN,998873,184964,ONLINE,Unspecified,BROOKLYN,,,,,,,,40.67434812824287,-73.94728313299518,"(40.67434812824287, -73.94728313299518)"
32872543,03/10/2016 01:30:00 PM,03/11/2016 12:00:00 PM,DSNY,Department of Sanitation,Dirty Conditions,E8 Canine Violation,Sidewalk,10023,,,,,WEST 66 STREET,WEST END AVENUE,INTERSECTION,NEW YORK,,N/A,Closed,,The Department of Sanitation investigated this complaint and found no violation at the location.,03/11/2016 12:00:00 PM,07 MANHATTAN,,MANHATTAN,987784,222001,PHONE,Unspecified,MANHATTAN,,,,,,,,40.77601705805608,-73.98724024932024,"(40.77601705805608, -73.98724024932024)"
32871303,03/10/2016 10:18:00 AM,03/11/2016 12:00:00 PM,DSNY,Department of Sanitation,Dirty Conditions,E8 Canine Violation,Sidewalk,10030,104 WEST  135 STREET,WEST  135 STREET,LENOX AVENUE,7 AVENUE,,,ADDRESS,NEW YORK,,N/A,Closed,,The Department of Sanitation investigated this complaint and found no violation at the location.,03/11/2016 12:00:00 PM,10 MANHATTAN,1019190038,MANHATTAN,1000495,235950,ONLINE,Unspecified,MANHATTAN,,,,,,,,40.814289052953946,-73.94131257351872,"(40.814289052953946, -73.94131257351872)"
32875915,03/09/2016 11:04:00 PM,03/10/2016 12:00:00 PM,DSNY,Department of Sanitation,Dirty Conditions,E8 Canine Violation,Sidewalk,10075,539 EAST   78 STREET,EAST   78 STREET,CHEROKEE PLACE,PEDESTRIAN OVERPASS,,,ADDRESS,NEW YORK,,N/A,Closed,,The Department of Sanitation investigated this complaint and found no violation at the location.,03/10/2016 12:00:00 PM,08 MANHATTAN,1014900023,MANHATTAN,998431,219746,PHONE,Unspecified,MANHATTAN,,,,,,,,40.769817004922146,-73.94880328568787,"(40.769817004922146, -73.94880328568787)"
32871904,03/09/2016 07:02:00 PM,03/10/2016 12:00:00 PM,DSNY,Department of Sanitation,Dirty Conditions,E8 Canine Violation,Sidewalk,11215,,,,,PROSPECT PARK SOUTH WEST,10 AVENUE,INTERSECTION,BROOKLYN,,N/A,Closed,,The Department of Sanitation investigated this complaint and found no violation at the location.,03/10/2016 12:00:00 PM,07 BROOKLYN,,BROOKLYN,990489,179683,PHONE,Unspecified,BROOKLYN,,,,,,,,40.65986283785472,-73.97751288394143,"(40.65986283785472, -73.97751288394143)"
32874243,03/09/2016 05:48:00 PM,03/09/2016 05:48:00 PM,DSNY,Department of Sanitation,Dirty Conditions,E8 Canine Violation,Sidewalk,10452,1270 GERARD AVENUE,GERARD AVENUE,EAST 168 STREET,BEND,,,ADDRESS,BRONX,,N/A,Closed,,The Department of Sanitation investigated this complaint and found no violation at the location.,03/09/2016 05:48:00 PM,04 BRONX,2024810001,BRONX,1006574,244239,PHONE,Unspecified,BRONX,,,,,,,,40.83702671984958,-73.91932373285213,"(40.83702671984958, -73.91932373285213)"
32879153,03/09/2016 04:39:00 PM,03/15/2016 12:00:00 PM,DSNY,Department of Sanitation,Dirty Conditions,E8 Canine Violation,Sidewalk,11223,2285 EAST    4 STREET,EAST    4 STREET,GRAVESEND NECK ROAD,AVENUE W,,,ADDRESS,BROOKLYN,,N/A,Closed,,The Department of Sanitation investigated this complaint and found no violation at the location.,03/15/2016 12:00:00 PM,15 BROOKLYN,3071560067,BROOKLYN,993374,155799,PHONE,Unspecified,BROOKLYN,,,,,,,,40.59430378387804,-73.96714681678786,"(40.59430378387804, -73.96714681678786)"
32879109,03/09/2016 01:35:00 PM,03/16/2016 12:00:00 PM,DSNY,Department of Sanitation,Dirty Conditions,E8 Canine Violation,Sidewalk,10314,4 HODGES PLACE,HODGES PLACE,DONGAN AVENUE,BEND,,,ADDRESS,STATEN ISLAND,,N/A,Closed,,The Department of Sanitation investigated this complaint and found no violation at the location.,03/16/2016 12:00:00 PM,01 STATEN ISLAND,5003480035,STATEN ISLAND,951033,163275,PHONE,Unspecified,STATEN ISLAND,,,,,,,,40.614766312180585,-74.11964259321239,"(40.614766312180585, -74.11964259321239)"
32873011,03/09/2016 11:38:00 AM,03/10/2016 12:00:00 PM,DSNY,Department of Sanitation,Dirty Conditions,E8 Canine Violation,Sidewalk,11226,2801 CLARENDON ROAD,CLARENDON ROAD,EAST 28 STREET,EAST 29 STREET,,,ADDRESS,BROOKLYN,,N/A,Closed,,The Department of Sanitation investigated this complaint and found no violation at the location.,03/10/2016 12:00:00 PM,17 BROOKLYN,3051720041,BROOKLYN,997980,173595,PHONE,Unspecified,BROOKLYN,,,,,,,,40.643144158173925,-73.95052560406397,"(40.643144158173925, -73.95052560406397)"
32877472,03/09/2016 10:28:00 AM,03/09/2016 12:00:00 PM,DSNY,Department of Sanitation,Dirty Conditions,E8 Canine Violation,Sidewalk,10467,,,,,OLINVILLE AVENUE,BRITTON STREET,INTERSECTION,BRONX,,N/A,Closed,,The Department of Sanitation investigated this complaint and found no violation at the location.,03/09/2016 12:00:00 PM,11 BRONX,,BRONX,1020669,255027,PHONE,Unspecified,BRONX,,,,,,,,40.866589666784776,-73.86832754689578,"(40.866589666784776, -73.86832754689578)"
32876450,03/09/2016 10:27:00 AM,03/10/2016 12:00:00 PM,DSNY,Department of Sanitation,Dirty Conditions,E8 Canine Violation,Sidewalk,11366,75-02 UTOPIA PARKWAY,UTOPIA PARKWAY,75 AVENUE,76 AVENUE,,,ADDRESS,Fresh Meadows,,N/A,Closed,,The Department of Sanitation investigated this complaint and found no violation at the location.,03/10/2016 12:00:00 PM,08 QUEENS,4069950034,QUEENS,1041689,204653,PHONE,Unspecified,QUEENS,,,,,,,,40.72821540561666,-73.7927611009519,"(40.72821540561666, -73.7927611009519)"
32871854,03/09/2016 09:43:00 AM,03/09/2016 12:00:00 PM,DSNY,Department of Sanitation,Dirty Conditions,E8 Canine Violation,Sidewalk,10462,683 VAN NEST AVENUE,VAN NEST AVENUE,VICTOR STREET,WHITE PLAINS ROAD,,,ADDRESS,BRONX,,N/A,Closed,,The Department of Sanitation investigated this complaint and found no violation at the location.,03/09/2016 12:00:00 PM,11 BRONX,2040320021,BRONX,1021316,246681,PHONE,Unspecified,BRONX,,,,,,,,40.843679720601386,-73.8660344772949,"(40.843679720601386, -73.8660344772949)"
32859670,03/08/2016 03:06:00 PM,03/17/2016 12:00:00 PM,DSNY,Department of Sanitation,Dirty Conditions,E8 Canine Violation,Sidewalk,11205,175 SPENCER STREET,SPENCER STREET,WILLOUGHBY AVENUE,DEKALB AVENUE,,,ADDRESS,BROOKLYN,,N/A,Closed,,The Department of Sanitation investigated this complaint and found no violation at the location.,03/17/2016 12:00:00 PM,03 BROOKLYN,3017630024,BROOKLYN,996785,191664,ONLINE,Unspecified,BROOKLYN,,,,,,,,40.692741300965096,-73.9547980435613,"(40.692741300965096, -73.9547980435613)"
32859671,03/08/2016 01:56:00 PM,03/11/2016 12:00:00 PM,DSNY,Department of Sanitation,Dirty Conditions,E8 Canine Violation,Sidewalk,10306,209 HETT AVENUE,HETT AVENUE,EBBITTS STREET,DEAD END,,,ADDRESS,STATEN ISLAND,,N/A,Closed,,The Department of Sanitation investigated this complaint and found no violation at the location.,03/11/2016 12:00:00 PM,03 STATEN ISLAND,5040700058,STATEN ISLAND,955037,143786,ONLINE,Unspecified,STATEN ISLAND,,,,,,,,40.561287041019995,-74.10513655604873,"(40.561287041019995, -74.10513655604873)"
32858656,03/08/2016 01:11:00 PM,03/09/2016 12:00:00 PM,DSNY,Department of Sanitation,Dirty Conditions,E8 Canine Violation,Sidewalk,10461,1819 YATES AVENUE,YATES AVENUE,MORRIS PARK AVENUE,RHINELANDER AVENUE,,,ADDRESS,BRONX,,N/A,Closed,,The Department of Sanitation investigated this complaint and found no violation at the location.,03/09/2016 12:00:00 PM,11 BRONX,2042000026,BRONX,1025490,249441,PHONE,Unspecified,BRONX,,,,,,,,40.85123658918822,-73.85093168016223,"(40.85123658918822, -73.85093168016223)"
32856631,03/08/2016 09:37:00 AM,03/10/2016 12:00:00 PM,DSNY,Department of Sanitation,Dirty Conditions,E8 Canine Violation,Sidewalk,11385,77-19 61 STREET,61 STREET,COOPER AVENUE,80 AVENUE,,,ADDRESS,Ridgewood,,N/A,Closed,,The Department of Sanitation investigated this complaint and found no violation at the location.,03/10/2016 12:00:00 PM,05 QUEENS,4037140056,QUEENS,1013791,193118,ONLINE,Unspecified,QUEENS,,,,,,,,40.69669176551141,-73.89346706132163,"(40.69669176551141, -73.89346706132163)"
32855551,03/08/2016 08:35:00 AM,03/11/2016 12:00:00 PM,DSNY,Department of Sanitation,Dirty Conditions,E8 Canine Violation,Sidewalk,10309,311 SEGUINE AVENUE,SEGUINE AVENUE,HYLAN BOULEVARD,KEATING STREET,,,ADDRESS,STATEN ISLAND,,N/A,Closed,,The Department of Sanitation investigated this complaint and found no violation at the location.,03/11/2016 12:00:00 PM,03 STATEN ISLAND,5066710043,STATEN ISLAND,929454,128334,PHONE,Unspecified,STATEN ISLAND,,,,,,,,40.51875312994982,-74.19708351338768,"(40.51875312994982, -74.19708351338768)"
32860663,03/08/2016 08:18:00 AM,03/10/2016 12:00:00 PM,DSNY,Department of Sanitation,Dirty Conditions,E8 Canine Violation,Sidewalk,11226,659 OCEAN AVENUE,OCEAN AVENUE,ALBEMARLE ROAD,REGENT PLACE,,,ADDRESS,BROOKLYN,,N/A,Closed,,The Department of Sanitation investigated this complaint and found no violation at the location.,03/10/2016 12:00:00 PM,14 BROOKLYN,3051240035,BROOKLYN,995254,174873,PHONE,Unspecified,BROOKLYN,,,,,,,,40.64665579879314,-73.96034632950665,"(40.64665579879314, -73.96034632950665)"
32859690,03/08/2016 07:27:00 AM,03/11/2016 12:00:00 PM,DSNY,Department of Sanitation,Dirty Conditions,E8 Canine Violation,Sidewalk,10306,1151 OLYMPIA BOULEVARD,OLYMPIA BOULEVARD,LINCOLN AVENUE,GREELEY AVENUE,,,ADDRESS,STATEN ISLAND,,N/A,Closed,,The Department of Sanitation investigated this complaint and found no violation at the location.,03/11/2016 12:00:00 PM,02 STATEN ISLAND,5038830001,STATEN ISLAND,957927,147323,ONLINE,Unspecified,STATEN ISLAND,,,,,,,,40.5710044640002,-74.09474932546367,"(40.5710044640002, -74.09474932546367)"
32851416,03/07/2016 08:36:00 PM,03/10/2016 12:00:00 PM,DSNY,Department of Sanitation,Dirty Conditions,E8 Canine Violation,Sidewalk,10304,51 HILL STREET,HILL STREET,MARINE HOSPITAL BOUNDARY,WARREN STREET,,,ADDRESS,STATEN ISLAND,,N/A,Closed,,The Department of Sanitation investigated this complaint and found no violation at the location.,03/10/2016 12:00:00 PM,01 STATEN ISLAND,5005450100,STATEN ISLAND,962075,165708,PHONE,Unspecified,STATEN ISLAND,,,,,,,,40.62147890434334,-74.0798790035632,"(40.62147890434334, -74.0798790035632)"
32848308,03/07/2016 08:09:00 PM,03/08/2016 12:00:00 PM,DSNY,Department of Sanitation,Dirty Conditions,E8 Canine Violation,Sidewalk,11694,,,,,BEACH 118 STREET,OCEAN PROMENADE,INTERSECTION,Rockaway Park,,N/A,Closed,,The Department of Sanitation investigated this complaint and found no violation at the location.,03/08/2016 12:00:00 PM,14 QUEENS,,QUEENS,1029322,149606,ONLINE,Unspecified,QUEENS,,,,,,,,40.57719535302527,-73.83774877322105,"(40.57719535302527, -73.83774877322105)"
32853510,03/07/2016 02:47:00 PM,03/08/2016 12:00:00 PM,DSNY,Department of Sanitation,Dirty Conditions,E8 Canine Violation,Sidewalk,10012,222 BOWERY,BOWERY,RIVINGTON STREET,PRINCE STREET,,,ADDRESS,NEW YORK,,N/A,Closed,,The Department of Sanitation investigated this complaint and found no violation at the location.,03/08/2016 12:00:00 PM,02 MANHATTAN,1004920023,MANHATTAN,986081,202329,ONLINE,Unspecified,MANHATTAN,,,,,,,,40.722022893084805,-73.99339440427717,"(40.722022893084805, -73.99339440427717)"
32849377,03/07/2016 08:01:00 AM,03/08/2016 12:00:00 PM,DSNY,Department of Sanitation,Dirty Conditions,E8 Canine Violation,Sidewalk,11213,205 ALBANY AVENUE,ALBANY AVENUE,PROSPECT PLACE,PARK PLACE,,,ADDRESS,BROOKLYN,,N/A,Closed,,The Department of Sanitation investigated this complaint and found no violation at the location.,03/08/2016 12:00:00 PM,08 BROOKLYN,3013520080,BROOKLYN,1001174,184672,PHONE,Unspecified,BROOKLYN,,,,,,,,40.67354255416439,-73.9389886138828,"(40.67354255416439, -73.9389886138828)"
32846648,03/06/2016 10:50:00 PM,03/08/2016 12:00:00 PM,DSNY,Department of Sanitation,Dirty Conditions,E8 Canine Violation,Sidewalk,10472,,,,,BOYNTON AVENUE,WATSON AVENUE,INTERSECTION,BRONX,,N/A,Closed,,The Department of Sanitation investigated this complaint and found no violation at the location.,03/08/2016 12:00:00 PM,09 BRONX,,BRONX,1018110,240290,PHONE,Unspecified,BRONX,,,,,,,,40.82615116376492,-73.87765398540142,"(40.82615116376492, -73.87765398540142)"
32843614,03/06/2016 07:33:00 PM,03/08/2016 12:00:00 PM,DSNY,Department of Sanitation,Dirty Conditions,E8 Canine Violation,Sidewalk,10458,,,,,EAST 187 STREET,PROSPECT AVENUE,INTERSECTION,BRONX,,N/A,Closed,,The Department of Sanitation investigated this complaint and found no violation at the location.,03/08/2016 12:00:00 PM,06 BRONX,,BRONX,1016691,250307,PHONE,Unspecified,BRONX,,,,,,,,40.853650213710026,-73.882732784638,"(40.853650213710026, -73.882732784638)"
32846649,03/06/2016 01:26:00 PM,03/08/2016 12:00:00 PM,DSNY,Department of Sanitation,Dirty Conditions,E8 Canine Violation,Sidewalk,11217,506 WARREN STREET,WARREN STREET,BOND STREET,NEVINS STREET,,,ADDRESS,BROOKLYN,,N/A,Closed,,The Department of Sanitation investigated this complaint and found no violation at the location.,03/08/2016 12:00:00 PM,06 BROOKLYN,3003990037,BROOKLYN,988322,188149,PHONE,Unspecified,BROOKLYN,,,,,,,,40.68310137297935,-73.9853182487995,"(40.68310137297935, -73.9853182487995)"
32843049,03/06/2016 10:12:00 AM,03/08/2016 12:00:00 PM,DSNY,Department of Sanitation,Dirty Conditions,E8 Canine Violation,Sidewalk,10452,1235 GRAND CONCOURSE,GRAND CONCOURSE,EAST 167 STREET,EAST 168 STREET,,,ADDRESS,BRONX,,N/A,Closed,,The Department of Sanitation investigated this complaint and found no violation at the location.,03/08/2016 12:00:00 PM,04 BRONX,2024640023,BRONX,1007232,243610,PHONE,Unspecified,BRONX,,,,,,,,40.83529860978601,-73.9169479561047,"(40.83529860978601, -73.9169479561047)"
32843035,03/06/2016 02:07:00 AM,03/07/2016 12:00:00 PM,DSNY,Department of Sanitation,Dirty Conditions,E8 Canine Violation,Sidewalk,10031,583 RIVERSIDE DRIVE,RIVERSIDE DRIVE,WEST 135 STREET,WEST 136 STREET,,,ADDRESS,NEW YORK,,N/A,Closed,,The Department of Sanitation investigated this complaint and found no violation at the location.,03/07/2016 12:00:00 PM,09 MANHATTAN,1020020002,MANHATTAN,996098,238522,ONLINE,Unspecified,MANHATTAN,,,,,,,,40.8213554607979,-73.9571928321789,"(40.8213554607979, -73.9571928321789)"
32840605,03/05/2016 10:56:00 PM,03/07/2016 12:00:00 PM,DSNY,Department of Sanitation,Dirty Conditions,E8 Canine Violation,Sidewalk,10017,862 2 AVENUE,2 AVENUE,EAST 46 STREET,EAST 47 STREET,,,ADDRESS,NEW YORK,,N/A,Closed,,The Department of Sanitation investigated this complaint and found no violation at the location.,03/07/2016 12:00:00 PM,06 MANHATTAN,1013390001,MANHATTAN,992489,213422,PHONE,Unspecified,MANHATTAN,,,,,,,,40.752466784765815,-73.97026303855291,"(40.752466784765815, -73.97026303855291)"
32840628,03/05/2016 05:00:00 PM,03/08/2016 12:00:00 PM,DSNY,Department of Sanitation,Dirty Conditions,E8 Canine Violation,Sidewalk,11426,93-09 242 STREET,242 STREET,93 AVENUE,JAMAICA AVENUE,,,ADDRESS,Bellerose,,N/A,Closed,,The Department of Sanitation investigated this complaint and found no violation at the location.,03/08/2016 12:00:00 PM,13 QUEENS,4080070102,QUEENS,1060218,203429,PHONE,Unspecified,QUEENS,,,,,,,,40.72471611371028,-73.72592299624016,"(40.72471611371028, -73.72592299624016)"
32840505,03/05/2016 03:28:00 PM,03/08/2016 12:00:00 PM,DSNY,Department of Sanitation,Dirty Conditions,E8 Canine Violation,Sidewalk,10469,2772 SEXTON PLACE,SEXTON PLACE,YOUNG AVENUE,ADEE AVENUE,,,ADDRESS,BRONX,,N/A,Closed,,The Department of Sanitation investigated this complaint and found no violation at the location.,03/08/2016 12:00:00 PM,11 BRONX,2045640041,BRONX,1026316,255838,PHONE,Unspecified,BRONX,,,,,,,,40.86879050740601,-73.84790583403979,"(40.86879050740601, -73.84790583403979)"
32829019,03/04/2016 10:33:00 PM,03/09/2016 12:00:00 PM,DSNY,Department of Sanitation,Dirty Conditions,E8 Canine Violation,Sidewalk,11106,,,,,31 AVENUE,21 STREET,INTERSECTION,Astoria,,N/A,Closed,,The Department of Sanitation investigated this complaint and found no violation at the location.,03/09/2016 12:00:00 PM,01 QUEENS,,QUEENS,1003680,218842,ONLINE,Unspecified,QUEENS,,,,,,,,40.76732578185492,-73.92985579302085,"(40.76732578185492, -73.92985579302085)"
32831752,03/04/2016 05:38:00 PM,03/05/2016 12:00:00 PM,DSNY,Department of Sanitation,Dirty Conditions,E8 Canine Violation,Sidewalk,11226,,,,,EAST 32 STREET,CLARENDON ROAD,INTERSECTION,BROOKLYN,,N/A,Closed,,The Department of Sanitation investigated this complaint and found no violation at the location.,03/05/2016 12:00:00 PM,17 BROOKLYN,,BROOKLYN,998998,173675,ONLINE,Unspecified,BROOKLYN,,,,,,,,40.64336210428355,-73.94685719005736,"(40.64336210428355, -73.94685719005736)"
32831075,03/04/2016 04:22:00 PM,03/08/2016 12:00:00 PM,DSNY,Department of Sanitation,Dirty Conditions,E8 Canine Violation,Sidewalk,10467,2825 OLINVILLE AVENUE,OLINVILLE AVENUE,BRITTON STREET,ARNOW AVENUE,,,ADDRESS,BRONX,,N/A,Closed,,The Department of Sanitation investigated this complaint and found no violation at the location.,03/08/2016 12:00:00 PM,11 BRONX,2045070048,BRONX,1020671,255253,PHONE,Unspecified,BRONX,,,,,,,,40.86720995911465,-73.86831908762235,"(40.86720995911465, -73.86831908762235)"
32831070,03/04/2016 03:46:00 PM,03/08/2016 12:00:00 PM,DSNY,Department of Sanitation,Dirty Conditions,E8 Canine Violation,Sidewalk,10456,1164 FRANKLIN AVENUE,FRANKLIN AVENUE,EAST 167 STREET,EAST 168 STREET,,,ADDRESS,BRONX,,N/A,Closed,,The Department of Sanitation investigated this complaint and found no violation at the location.,03/08/2016 12:00:00 PM,03 BRONX,2026140072,BRONX,1010632,241410,ONLINE,Unspecified,BRONX,,,,,,,,40.829250743678664,-73.9046697428813,"(40.829250743678664, -73.9046697428813)"
32831076,03/04/2016 11:49:00 AM,03/08/2016 12:00:00 PM,DSNY,Department of Sanitation,Dirty Conditions,E8 Canine Violation,Sidewalk,11378,55-07 69 PLACE,69 PLACE,HULL AVENUE,GRAND AVENUE,,,ADDRESS,Maspeth,,N/A,Closed,,The Department of Sanitation investigated this complaint and found no violation at the location.,03/08/2016 12:00:00 PM,05 QUEENS,4025010109,QUEENS,1013492,204389,PHONE,Unspecified,QUEENS,,,,,,,,40.72762894807756,-73.89449638108483,"(40.72762894807756, -73.89449638108483)"
32831036,03/04/2016 10:12:00 AM,03/08/2016 12:00:00 PM,DSNY,Department of Sanitation,Dirty Conditions,E8 Canine Violation,Sidewalk,10468,2785 SEDGWICK AVENUE,SEDGWICK AVENUE,WEST 195 STREET,WEST 197 STREET,,,ADDRESS,BRONX,,N/A,Closed,,The Department of Sanitation investigated this complaint and found no violation at the location.,03/08/2016 12:00:00 PM,08 BRONX,2032530047,BRONX,1011260,256919,PHONE,Unspecified,BRONX,,,,,,,,40.87181643042306,-73.9023380128015,"(40.87181643042306, -73.9023380128015)"
32832072,03/04/2016 01:54:00 AM,03/04/2016 12:00:00 PM,DSNY,Department of Sanitation,Dirty Conditions,E8 Canine Violation,Sidewalk,10472,1003 ELDER AVENUE,ELDER AVENUE,BRUCKNER BOULEVARD,WATSON AVENUE,,,ADDRESS,BRONX,,N/A,Closed,,The Department of Sanitation investigated this complaint and found no violation at the location.,03/04/2016 12:00:00 PM,09 BRONX,2037130067,BRONX,1017971,239577,PHONE,Unspecified,BRONX,,,,,,,,40.82419471511577,-73.8781598155,"(40.82419471511577, -73.8781598155)"
32827062,03/03/2016 09:38:00 PM,03/05/2016 12:00:00 PM,DSNY,Department of Sanitation,Dirty Conditions,E8 Canine Violation,Sidewalk,11226,870 OCEAN AVENUE,OCEAN AVENUE,DORCHESTER ROAD,DITMAS AVENUE,,,ADDRESS,BROOKLYN,,N/A,Closed,,The Department of Sanitation investigated this complaint and found no violation at the location.,03/05/2016 12:00:00 PM,14 BROOKLYN,3051830008,BROOKLYN,995542,172839,MOBILE,Unspecified,BROOKLYN,,,,,,,,40.64107254462283,-73.95931190641254,"(40.64107254462283, -73.95931190641254)"
32823871,03/03/2016 04:41:00 PM,03/08/2016 12:00:00 PM,DSNY,Department of Sanitation,Dirty Conditions,E8 Canine Violation,Sidewalk,10455,451 BROOK AVENUE,BROOK AVENUE,EAST 145 STREET,EAST 146 STREET,,,ADDRESS,BRONX,,N/A,Closed,,The Department of Sanitation investigated this complaint and found no violation at the location.,03/08/2016 12:00:00 PM,01 BRONX,2022900147,BRONX,1007404,235318,MOBILE,Unspecified,BRONX,,,,,,,,40.812538983572274,-73.91635499870394,"(40.812538983572274, -73.91635499870394)"
32823895,03/03/2016 04:18:00 PM,03/04/2016 12:00:00 PM,DSNY,Department of Sanitation,Dirty Conditions,E8 Canine Violation,Sidewalk,10463,3817 TIBBET AVENUE,TIBBET AVENUE,WEST 238 STREET,WEST 240 STREET,,,ADDRESS,BRONX,,N/A,Closed,,The Department of Sanitation investigated this complaint and found no violation at the location.,03/04/2016 12:00:00 PM,08 BRONX,2057750222,BRONX,1011284,262205,PHONE,Unspecified,BRONX,,,,,,,,40.88632477867161,-73.90222990176636,"(40.88632477867161, -73.90222990176636)"
32820863,03/03/2016 03:24:00 PM,03/08/2016 12:00:00 PM,DSNY,Department of Sanitation,Dirty Conditions,E8 Canine Violation,Sidewalk,11204,,,,,WEST 7 STREET,BAY PARKWAY,INTERSECTION,BROOKLYN,,N/A,Closed,,The Department of Sanitation investigated this complaint and found no violation at the location.,03/08/2016 12:00:00 PM,11 BROOKLYN,,BROOKLYN,989317,162811,ONLINE,Unspecified,BROOKLYN,,,,,,,,40.61355354299921,-73.98174977204332,"(40.61355354299921, -73.98174977204332)"
32820857,03/03/2016 09:16:00 AM,03/05/2016 12:00:00 PM,DSNY,Department of Sanitation,Dirty Conditions,E8 Canine Violation,Sidewalk,10019,411 WEST   52 STREET,WEST   52 STREET,9 AVENUE,10 AVENUE,,,ADDRESS,NEW YORK,,N/A,Closed,,The Department of Sanitation investigated this complaint and found no violation at the location.,03/05/2016 12:00:00 PM,04 MANHATTAN,1010620026,MANHATTAN,987392,217990,PHONE,Unspecified,MANHATTAN,,,,,,,,40.76500805636062,-73.98865746753457,"(40.76500805636062, -73.98865746753457)"
32812803,03/02/2016 07:22:00 PM,03/04/2016 12:00:00 PM,DSNY,Department of Sanitation,Dirty Conditions,E8 Canine Violation,Sidewalk,10016,,,,,EAST 38 STREET,1 AVENUE,INTERSECTION,NEW YORK,,N/A,Closed,,The Department of Sanitation investigated this complaint and found no violation at the location.,03/04/2016 12:00:00 PM,06 MANHATTAN,,MANHATTAN,992103,211176,PHONE,Unspecified,MANHATTAN,,,,,,,,40.74630243249667,-73.97165884814595,"(40.74630243249667, -73.97165884814595)"
32812804,03/02/2016 08:43:00 AM,03/10/2016 12:00:00 PM,DSNY,Department of Sanitation,Dirty Conditions,E8 Canine Violation,Sidewalk,11356,3-05 121 STREET,121 STREET,CAPSTAN COURT,KEEL COURT,,,ADDRESS,College Point,,N/A,Closed,,The Department of Sanitation investigated this complaint and found no violation at the location.,03/10/2016 12:00:00 PM,07 QUEENS,4039167503,QUEENS,1026772,228649,PHONE,Unspecified,QUEENS,,,,,,,,40.794162445643245,-73.84642946236761,"(40.794162445643245, -73.84642946236761)"
32817901,03/02/2016 12:47:00 AM,03/03/2016 12:00:00 PM,DSNY,Department of Sanitation,Dirty Conditions,E8 Canine Violation,Sidewalk,,,,,,BOYNTON AVENUE,BRUCKNER BOULEVARD,INTERSECTION,,,N/A,Closed,,The Department of Sanitation investigated this complaint and found no violation at the location.,03/03/2016 12:00:00 PM,09 BRONX,,BRONX,,,PHONE,Unspecified,BRONX,,,,,,,,,,
32804766,03/01/2016 11:37:00 PM,03/03/2016 12:00:00 PM,DSNY,Department of Sanitation,Dirty Conditions,E8 Canine Violation,Sidewalk,11211,358 SOUTH    2 STREET,SOUTH    2 STREET,KEAP STREET,HOOPER STREET,,,ADDRESS,BROOKLYN,,N/A,Closed,,The Department of Sanitation investigated this complaint and found no violation at the location.,03/03/2016 12:00:00 PM,01 BROOKLYN,3024240009,BROOKLYN,997207,197966,ONLINE,Unspecified,BROOKLYN,,,,,,,,40.710038204988486,-73.9532641620184,"(40.710038204988486, -73.9532641620184)"
32806740,03/01/2016 04:27:00 PM,03/03/2016 12:00:00 PM,DSNY,Department of Sanitation,Dirty Conditions,E8 Canine Violation,Sidewalk,10030,,,,,WEST 144 STREET,7 AVENUE,INTERSECTION,NEW YORK,,N/A,Closed,,The Department of Sanitation investigated this complaint and found no violation at the location.,03/03/2016 12:00:00 PM,10 MANHATTAN,,MANHATTAN,1000977,238383,PHONE,Unspecified,MANHATTAN,,,,,,,,40.820966053537745,-73.93956521485524,"(40.820966053537745, -73.93956521485524)"
32810826,03/01/2016 02:16:00 PM,03/02/2016 12:00:00 PM,DSNY,Department of Sanitation,Dirty Conditions,E8 Canine Violation,Sidewalk,11208,698 LIBERTY AVENUE,LIBERTY AVENUE,ELTON STREET,LINWOOD STREET,,,ADDRESS,BROOKLYN,,N/A,Closed,,The Department of Sanitation investigated this complaint and found no violation at the location.,03/02/2016 12:00:00 PM,05 BROOKLYN,3039860010,BROOKLYN,1016449,185678,PHONE,Unspecified,BROOKLYN,,,,,,,,40.67626141536952,-73.88391715161917,"(40.67626141536952, -73.88391715161917)"
32811786,03/01/2016 01:09:00 PM,03/05/2016 12:00:00 PM,DSNY,Department of Sanitation,Dirty Conditions,E8 Canine Violation,Sidewalk,10075,325 EAST   79 STREET,EAST   79 STREET,2 AVENUE,1 AVENUE,,,ADDRESS,NEW YORK,,N/A,Closed,,The Department of Sanitation investigated this complaint and found no violation at the location.,03/05/2016 12:00:00 PM,08 MANHATTAN,1015420014,MANHATTAN,996911,220914,ONLINE,Unspecified,MANHATTAN,,,,,,,,40.77302516737191,-73.95428863835522,"(40.77302516737191, -73.95428863835522)"
32807706,03/01/2016 11:46:00 AM,03/02/2016 12:00:00 PM,DSNY,Department of Sanitation,Dirty Conditions,E8 Canine Violation,Sidewalk,11226,1525 DORCHESTER ROAD,DORCHESTER ROAD,NYCTA SUBWAY,EAST 16 STREET,,,ADDRESS,BROOKLYN,,N/A,Closed,,The Department of Sanitation investigated this complaint and found no violation at the location.,03/02/2016 12:00:00 PM,14 BROOKLYN,3051580034,BROOKLYN,994379,172278,ONLINE,Unspecified,BROOKLYN,,,,,,,,40.639534126270725,-73.96350334790395,"(40.639534126270725, -73.96350334790395)"
32804767,03/01/2016 08:29:00 AM,03/02/2016 12:00:00 PM,DSNY,Department of Sanitation,Dirty Conditions,E8 Canine Violation,Sidewalk,10459,1425 LOUIS NINE BOULEVARD,LOUIS NINE BOULEVARD,INTERVALE AVENUE,EAST 170 STREET,,,ADDRESS,BRONX,,N/A,Closed,,The Department of Sanitation investigated this complaint and found no violation at the location.,03/02/2016 12:00:00 PM,03 BRONX,2029650019,BRONX,1013852,242834,PHONE,Unspecified,BRONX,,,,,,,,40.833149006858044,-73.89302813441246,"(40.833149006858044, -73.89302813441246)"
32809686,03/01/2016 08:29:00 AM,03/04/2016 12:00:00 PM,DSNY,Department of Sanitation,Dirty Conditions,E8 Canine Violation,Sidewalk,10465,1407 KEARNEY AVENUE,KEARNEY AVENUE,CONNELL PLACE,COUNTRY CLUB ROAD,,,ADDRESS,BRONX,,N/A,Closed,,The Department of Sanitation investigated this complaint and found no violation at the location.,03/04/2016 12:00:00 PM,10 BRONX,2054070109,BRONX,1032795,246192,ONLINE,Unspecified,BRONX,,,,,,,,40.842281916330066,-73.82455022219503,"(40.842281916330066, -73.82455022219503)"
32807737,03/01/2016 08:26:00 AM,03/03/2016 12:00:00 PM,DSNY,Department of Sanitation,Dirty Conditions,E8 Canine Violation,Sidewalk,10036,550 WEST   45 STREET,WEST   45 STREET,AMTRAK RAILROAD,11 AVENUE,,,ADDRESS,NEW YORK,,N/A,Closed,,The Department of Sanitation investigated this complaint and found no violation at the location.,03/03/2016 12:00:00 PM,04 MANHATTAN,1010737501,MANHATTAN,985412,216993,ONLINE,Unspecified,MANHATTAN,,,,,,,,40.76227203033298,-73.99580538469833,"(40.76227203033298, -73.99580538469833)"
32806741,03/01/2016 08:12:00 AM,03/08/2016 12:00:00 PM,DSNY,Department of Sanitation,Dirty Conditions,E8 Canine Violation,Sidewalk,11214,7712 17 AVENUE,17 AVENUE,77 STREET,78 STREET,,,ADDRESS,BROOKLYN,,N/A,Closed,,The Department of Sanitation investigated this complaint and found no violation at the location.,03/08/2016 12:00:00 PM,11 BROOKLYN,3062470078,BROOKLYN,984327,162807,PHONE,Unspecified,BROOKLYN,,,,,,,,40.61354401229033,-73.99972266284945,"(40.61354401229033, -73.99972266284945)"
32802747,02/29/2016 06:08:00 PM,03/01/2016 12:00:00 PM,DSNY,Department of Sanitation,Dirty Conditions,E8 Canine Violation,Sidewalk,10467,3216 PERRY AVENUE,PERRY AVENUE,EAST 206 STREET,EAST 207 STREET,,,ADDRESS,BRONX,,N/A,Closed,,The Department of Sanitation investigated this complaint and found no violation at the location.,03/01/2016 12:00:00 PM,07 BRONX,2033460015,BRONX,1018350,258162,PHONE,Unspecified,BRONX,,,,,,,,40.87520353675158,-73.87669589704095,"(40.87520353675158, -73.87669589704095)"
32800711,02/29/2016 02:09:00 PM,03/01/2016 12:00:00 PM,DSNY,Department of Sanitation,Dirty Conditions,E8 Canine Violation,Sidewalk,11226,,,,,EAST 16 STREET,DORCHESTER ROAD,INTERSECTION,BROOKLYN,,N/A,Closed,,The Department of Sanitation investigated this complaint and found no violation at the location.,03/01/2016 12:00:00 PM,14 BROOKLYN,,BROOKLYN,994467,172328,ONLINE,Unspecified,BROOKLYN,,,,,,,,40.63967126448915,-73.96318619202322,"(40.63967126448915, -73.96318619202322)"
32796607,02/29/2016 02:06:00 PM,03/03/2016 12:00:00 PM,DSNY,Department of Sanitation,Dirty Conditions,E8 Canine Violation,Sidewalk,10309,105 WATERBURY AVENUE,WATERBURY AVENUE,SEGUINE AVENUE,BAYVIEW AVENUE,,,ADDRESS,STATEN ISLAND,,N/A,Closed,,The Department of Sanitation investigated this complaint and found no violation at the location.,03/03/2016 12:00:00 PM,03 STATEN ISLAND,5067240096,STATEN ISLAND,928002,130587,PHONE,Unspecified,STATEN ISLAND,,,,,,,,40.524928097914085,-74.20232458637915,"(40.524928097914085, -74.20232458637915)"
32800710,02/29/2016 12:36:00 PM,03/01/2016 12:00:00 PM,DSNY,Department of Sanitation,Dirty Conditions,E8 Canine Violation,Sidewalk,11233,334 HOWARD AVENUE,HOWARD AVENUE,ATLANTIC AVENUE,PACIFIC STREET,,,ADDRESS,BROOKLYN,,N/A,Closed,,The Department of Sanitation investigated this complaint and found no violation at the location.,03/01/2016 12:00:00 PM,16 BROOKLYN,3014310043,BROOKLYN,1006632,185635,PHONE,Unspecified,BROOKLYN,,,,,,,,40.67617365452792,-73.91930921766286,"(40.67617365452792, -73.91930921766286)"
32800806,02/29/2016 11:37:00 AM,03/01/2016 12:00:00 PM,DSNY,Department of Sanitation,Dirty Conditions,E8 Canine Violation,Sidewalk,11213,1173 LINCOLN PLACE,LINCOLN PLACE,ALBANY AVENUE,TROY AVENUE,,,ADDRESS,BROOKLYN,,N/A,Closed,,The Department of Sanitation investigated this complaint and found no violation at the location.,03/01/2016 12:00:00 PM,08 BROOKLYN,3013820059,BROOKLYN,1001521,183423,PHONE,Unspecified,BROOKLYN,,,,,,,,40.67011365973705,-73.9377408720358,"(40.67011365973705, -73.9377408720358)"
32799638,02/29/2016 11:06:00 AM,03/01/2016 12:00:00 PM,DSNY,Department of Sanitation,Dirty Conditions,E8 Canine Violation,Sidewalk,11413,,,,,WESTGATE STREET,137 AVENUE,INTERSECTION,Springfield Gardens,,N/A,Closed,,The Department of Sanitation investigated this complaint and found no violation at the location.,03/01/2016 12:00:00 PM,12 QUEENS,,QUEENS,1050133,184993,PHONE,Unspecified,QUEENS,,,,,,,,40.67419464612494,-73.76248776570432,"(40.67419464612494, -73.76248776570432)"
32797665,02/29/2016 10:59:00 AM,03/01/2016 12:00:00 PM,DSNY,Department of Sanitation,Dirty Conditions,E8 Canine Violation,Sidewalk,10460,877 FAIRMOUNT PLACE,FAIRMOUNT PLACE,MARMION AVENUE,SOUTHERN BOULEVARD,,,ADDRESS,BRONX,,N/A,Closed,,The Department of Sanitation investigated this complaint and found no violation at the location.,03/01/2016 12:00:00 PM,06 BRONX,2029600105,BRONX,1015558,245927,PHONE,Unspecified,BRONX,,,,,,,,40.841632505128274,-73.88684878203426,"(40.841632505128274, -73.88684878203426)"
32803806,02/29/2016 09:17:00 AM,03/01/2016 12:00:00 PM,DSNY,Department of Sanitation,Dirty Conditions,E8 Canine Violation,Sidewalk,11221,,,,,GATES AVENUE,THROOP AVENUE,INTERSECTION,BROOKLYN,,N/A,Closed,,The Department of Sanitation investigated this complaint and found no violation at the location.,03/01/2016 12:00:00 PM,03 BROOKLYN,,BROOKLYN,1000395,189658,PHONE,Unspecified,BROOKLYN,,,,,,,,40.687229444626354,-73.94178497937632,"(40.687229444626354, -73.94178497937632)"
32801869,02/29/2016 08:18:00 AM,03/03/2016 12:00:00 PM,DSNY,Department of Sanitation,Dirty Conditions,E8 Canine Violation,Sidewalk,10312,491 WINCHESTER AVENUE,WINCHESTER AVENUE,OAKDALE STREET,OLD AMBOY ROAD,,,ADDRESS,STATEN ISLAND,,N/A,Closed,,The Department of Sanitation investigated this complaint and found no violation at the location.,03/03/2016 12:00:00 PM,03 STATEN ISLAND,5052380027,STATEN ISLAND,939278,137266,ONLINE,Unspecified,STATEN ISLAND,,,,,,,,40.543324995826154,-74.16180918961197,"(40.543324995826154, -74.16180918961197)"
32796570,02/29/2016 08:16:00 AM,03/01/2016 12:00:00 PM,DSNY,Department of Sanitation,Dirty Conditions,E8 Canine Violation,Sidewalk,11368,,,,,43 AVENUE,97 PLACE,INTERSECTION,Corona,,N/A,Closed,,The Department of Sanitation investigated this complaint and found no violation at the location.,03/01/2016 12:00:00 PM,04 QUEENS,,QUEENS,1021265,211129,PHONE,Unspecified,QUEENS,,,,,,,,40.74609944881674,-73.86641475513643,"(40.74609944881674, -73.86641475513643)"
32798194,02/29/2016 08:09:00 AM,02/29/2016 12:00:00 PM,DSNY,Department of Sanitation,Dirty Conditions,E8 Canine Violation,Sidewalk,11213,1445 SAINT JOHNS PLACE,SAINT JOHNS PLACE,UTICA AVENUE,ROCHESTER AVENUE,,,ADDRESS,BROOKLYN,,N/A,Closed,,The Department of Sanitation investigated this complaint and found no violation at the location.,02/29/2016 12:00:00 PM,08 BROOKLYN,3013790073,BROOKLYN,1003553,183588,MOBILE,Unspecified,BROOKLYN,,,,,,,,40.670562350418145,-73.93041537507712,"(40.670562350418145, -73.93041537507712)"
32803868,02/29/2016 08:04:00 AM,03/03/2016 12:00:00 PM,DSNY,Department of Sanitation,Dirty Conditions,E8 Canine Violation,Sidewalk,10308,200 CORBIN AVENUE,CORBIN AVENUE,NAHANT STREET,KENNINGTON STREET,,,ADDRESS,STATEN ISLAND,,N/A,Closed,,The Department of Sanitation investigated this complaint and found no violation at the location.,03/03/2016 12:00:00 PM,03 STATEN ISLAND,,STATEN ISLAND,943661,143371,ONLINE,Unspecified,STATEN ISLAND,,,,,,,,40.560103173534934,-74.14607582266073,"(40.560103173534934, -74.14607582266073)"
32792221,02/28/2016 11:07:00 PM,03/02/2016 12:00:00 PM,DSNY,Department of Sanitation,Dirty Conditions,E8 Canine Violation,Sidewalk,10472,,,,,BOYNTON AVENUE,WATSON AVENUE,INTERSECTION,BRONX,,N/A,Closed,,The Department of Sanitation investigated this complaint and found no violation at the location.,03/02/2016 12:00:00 PM,09 BRONX,,BRONX,1018110,240290,PHONE,Unspecified,BRONX,,,,,,,,40.82615116376492,-73.87765398540142,"(40.82615116376492, -73.87765398540142)"
32792240,02/28/2016 06:17:00 PM,03/03/2016 12:00:00 PM,DSNY,Department of Sanitation,Dirty Conditions,E8 Canine Violation,Sidewalk,10024,332 WEST   84 STREET,WEST   84 STREET,WEST END AVENUE,RIVERSIDE DRIVE,,,ADDRESS,NEW YORK,,N/A,Closed,,The Department of Sanitation investigated this complaint and found no violation at the location.,03/03/2016 12:00:00 PM,07 MANHATTAN,1012450092,MANHATTAN,989880,226336,ONLINE,Unspecified,MANHATTAN,,,,,,,,40.78791439598059,-73.97966886426185,"(40.78791439598059, -73.97966886426185)"
32795852,02/28/2016 04:51:00 PM,03/01/2016 12:00:00 PM,DSNY,Department of Sanitation,Dirty Conditions,E8 Canine Violation,Sidewalk,11372,83-10 35 AVENUE,35 AVENUE,83 STREET,84 STREET,,,ADDRESS,Jackson Heights,,N/A,Closed,,The Department of Sanitation investigated this complaint and found no violation at the location.,03/01/2016 12:00:00 PM,03 QUEENS,4014570001,QUEENS,1016515,213235,PHONE,Unspecified,QUEENS,,,,,,,,40.75189848963046,-73.88354713677606,"(40.75189848963046, -73.88354713677606)"
32792912,02/28/2016 04:17:00 PM,03/05/2016 12:00:00 PM,DSNY,Department of Sanitation,Dirty Conditions,E8 Canine Violation,Sidewalk,10028,,,,,EAST 86 STREET,LEXINGTON AVENUE,INTERSECTION,NEW YORK,,N/A,Closed,,The Department of Sanitation investigated this complaint and found no violation at the location.,03/05/2016 12:00:00 PM,08 MANHATTAN,,MANHATTAN,996551,223272,PHONE,Unspecified,MANHATTAN,,,,,,,,40.77949776479802,-73.95558406794517,"(40.77949776479802, -73.95558406794517)"
32793534,02/28/2016 11:39:00 AM,03/02/2016 12:00:00 PM,DSNY,Department of Sanitation,Dirty Conditions,E8 Canine Violation,Sidewalk,11426,85-15 250 STREET,250 STREET,85 AVENUE,86 AVENUE,,,ADDRESS,Bellerose,,N/A,Closed,,The Department of Sanitation investigated this complaint and found no violation at the location.,03/02/2016 12:00:00 PM,13 QUEENS,4086180017,QUEENS,1062810,206439,PHONE,Unspecified,QUEENS,,,,,,,,40.732955146003604,-73.71653651370413,"(40.732955146003604, -73.71653651370413)"
32784420,02/27/2016 11:36:00 AM,03/01/2016 12:00:00 PM,DSNY,Department of Sanitation,Dirty Conditions,E8 Canine Violation,Sidewalk,11421,83-15 98 STREET,98 STREET,WOODHAVEN BOULEVARD,BEND,,,ADDRESS,Woodhaven,,N/A,Closed,,The Department of Sanitation investigated this complaint and found no violation at the location.,03/01/2016 12:00:00 PM,09 QUEENS,4039070960,QUEENS,1025053,194292,PHONE,Unspecified,QUEENS,,,,,,,,40.69986935774847,-73.85284615772768,"(40.69986935774847, -73.85284615772768)"
32788714,02/27/2016 08:52:00 AM,03/01/2016 12:00:00 PM,DSNY,Department of Sanitation,Dirty Conditions,E8 Canine Violation,Sidewalk,10314,34 GARY COURT,GARY COURT,DEAD END,RICHARD LANE,,,ADDRESS,STATEN ISLAND,,N/A,Closed,,The Department of Sanitation investigated this complaint and found no violation at the location.,03/01/2016 12:00:00 PM,02 STATEN ISLAND,5015600157,STATEN ISLAND,940187,160936,PHONE,Unspecified,STATEN ISLAND,,,,,,,,40.60829895011573,-74.15869290195359,"(40.60829895011573, -74.15869290195359)"
32779310,02/26/2016 06:23:00 PM,02/27/2016 12:00:00 PM,DSNY,Department of Sanitation,Dirty Conditions,E8 Canine Violation,Sidewalk,11375,111-04 77 AVENUE,77 AVENUE,AUSTIN STREET,KEW FOREST LANE,,,ADDRESS,Forest Hills,,N/A,Closed,,The Department of Sanitation investigated this complaint and found no violation at the location.,02/27/2016 12:00:00 PM,06 QUEENS,4033430001,QUEENS,1029922,199755,PHONE,Unspecified,QUEENS,,,,,,,,40.714840185387644,-73.835249353217,"(40.714840185387644, -73.835249353217)"
32778534,02/26/2016 11:17:00 AM,02/27/2016 12:00:00 PM,DSNY,Department of Sanitation,Dirty Conditions,E8 Canine Violation,Sidewalk,10040,65 HILLSIDE AVENUE,HILLSIDE AVENUE,BEND,ELLWOOD STREET,,,ADDRESS,NEW YORK,,N/A,Closed,,The Department of Sanitation investigated this complaint and found no violation at the location.,02/27/2016 12:00:00 PM,12 MANHATTAN,1021700134,MANHATTAN,1004077,252084,ONLINE,Unspecified,MANHATTAN,,,,,,,,40.85856488364563,-73.9283243902081,"(40.85856488364563, -73.9283243902081)"
32776982,02/26/2016 09:56:00 AM,02/27/2016 12:00:00 PM,DSNY,Department of Sanitation,Dirty Conditions,E8 Canine Violation,Sidewalk,11102,26-49 30 AVENUE,30 AVENUE,CRESCENT STREET,27 STREET,,,ADDRESS,Astoria,,N/A,Closed,,The Department of Sanitation investigated this complaint and found no violation at the location.,02/27/2016 12:00:00 PM,01 QUEENS,,QUEENS,1005188,219204,ONLINE,Unspecified,QUEENS,,,,,,,,40.76831593454521,-73.9244106399108,"(40.76831593454521, -73.9244106399108)"
32776981,02/26/2016 09:53:00 AM,02/27/2016 12:00:00 PM,DSNY,Department of Sanitation,Dirty Conditions,E8 Canine Violation,Sidewalk,11214,2422 85 STREET,85 STREET,24 AVENUE,25 AVENUE,,,ADDRESS,BROOKLYN,,N/A,Closed,,The Department of Sanitation investigated this complaint and found no violation at the location.,02/27/2016 12:00:00 PM,11 BROOKLYN,3068590015,BROOKLYN,987555,157669,PHONE,Unspecified,BROOKLYN,,,,,,,,40.599440636548934,-73.98809862759212,"(40.599440636548934, -73.98809862759212)"
32780173,02/26/2016 09:06:00 AM,02/27/2016 12:00:00 PM,DSNY,Department of Sanitation,Dirty Conditions,E8 Canine Violation,Sidewalk,11385,,,,,LINDEN STREET,60 PLACE,INTERSECTION,Ridgewood,,N/A,Closed,,The Department of Sanitation investigated this complaint and found no violation at the location.,02/27/2016 12:00:00 PM,05 QUEENS,,QUEENS,1011467,197592,PHONE,Unspecified,QUEENS,,,,,,,,40.70897929042987,-73.90182995279802,"(40.70897929042987, -73.90182995279802)"
32774773,02/25/2016 10:01:00 PM,02/27/2016 12:00:00 PM,DSNY,Department of Sanitation,Dirty Conditions,E8 Canine Violation,Sidewalk,11216,732 SAINT MARKS AVENUE,SAINT MARKS AVENUE,NOSTRAND AVENUE,NEW YORK AVENUE,,,ADDRESS,BROOKLYN,,N/A,Closed,,The Department of Sanitation investigated this complaint and found no violation at the location.,02/27/2016 12:00:00 PM,08 BROOKLYN,3012270021,BROOKLYN,998429,185250,ONLINE,Unspecified,BROOKLYN,,,,,,,,40.675133856026086,-73.94888317987001,"(40.675133856026086, -73.94888317987001)"
32773556,02/25/2016 03:05:00 PM,03/01/2016 12:00:00 PM,DSNY,Department of Sanitation,Dirty Conditions,E8 Canine Violation,Sidewalk,11226,,,,,EAST 32 STREET,CLARENDON ROAD,INTERSECTION,BROOKLYN,,N/A,Closed,,The Department of Sanitation investigated this complaint and found no violation at the location.,03/01/2016 12:00:00 PM,17 BROOKLYN,,BROOKLYN,998998,173675,ONLINE,Unspecified,BROOKLYN,,,,,,,,40.64336210428355,-73.94685719005736,"(40.64336210428355, -73.94685719005736)"
32771351,02/25/2016 01:07:00 PM,02/26/2016 12:00:00 PM,DSNY,Department of Sanitation,Dirty Conditions,E8 Canine Violation,Sidewalk,10458,2779 WEBSTER AVENUE,WEBSTER AVENUE,EAST 198 STREET,OLIVER PLACE,,,ADDRESS,BRONX,,N/A,Closed,,The Department of Sanitation investigated this complaint and found no violation at the location.,02/26/2016 12:00:00 PM,07 BRONX,2032790021,BRONX,1015866,254833,ONLINE,Unspecified,BRONX,,,,,,,,40.8660757052886,-73.8856936292418,"(40.8660757052886, -73.8856936292418)"
32775936,02/25/2016 12:42:00 PM,02/26/2016 12:00:00 PM,DSNY,Department of Sanitation,Dirty Conditions,E8 Canine Violation,Sidewalk,11209,,,,,FT HAMILTON PARKWAY,92 STREET,INTERSECTION,BROOKLYN,,N/A,Closed,,The Department of Sanitation investigated this complaint and found no violation at the location.,02/26/2016 12:00:00 PM,10 BROOKLYN,,BROOKLYN,976618,164062,ONLINE,Unspecified,BROOKLYN,,,,,,,,40.61698544101389,-74.02749021159676,"(40.61698544101389, -74.02749021159676)"
32769120,02/25/2016 12:36:00 PM,03/01/2016 12:00:00 PM,DSNY,Department of Sanitation,Dirty Conditions,E8 Canine Violation,Sidewalk,10303,64 LAKE AVENUE,LAKE AVENUE,RICHMOND TERRACE,NYCTA SUBWAY,,,ADDRESS,STATEN ISLAND,,N/A,Closed,,The Department of Sanitation investigated this complaint and found no violation at the location.,03/01/2016 12:00:00 PM,01 STATEN ISLAND,5011600094,STATEN ISLAND,942436,170806,PHONE,Unspecified,STATEN ISLAND,,,,,,,,40.63540089776827,-74.15065427965774,"(40.63540089776827, -74.15065427965774)"
32773529,02/25/2016 09:39:00 AM,02/27/2016 12:00:00 PM,DSNY,Department of Sanitation,Dirty Conditions,E8 Canine Violation,Sidewalk,11420,118-09 SUTTER AVENUE,SUTTER AVENUE,118 STREET,LEFFERTS BOULEVARD,,,ADDRESS,South Ozone Park,,N/A,Closed,,The Department of Sanitation investigated this complaint and found no violation at the location.,02/27/2016 12:00:00 PM,10 QUEENS,4117110004,QUEENS,1034042,185000,PHONE,Unspecified,QUEENS,,,,,,,,40.67431898822877,-73.82049656201559,"(40.67431898822877, -73.82049656201559)"
32772376,02/25/2016 09:28:00 AM,03/01/2016 12:00:00 PM,DSNY,Department of Sanitation,Dirty Conditions,E8 Canine Violation,Sidewalk,10456,581 EAST  167 STREET,EAST  167 STREET,FRANKLIN AVENUE,BOSTON ROAD,,,ADDRESS,BRONX,,N/A,Closed,,The Department of Sanitation investigated this complaint and found no violation at the location.,03/01/2016 12:00:00 PM,03 BRONX,2026140070,BRONX,1010586,241260,ONLINE,Unspecified,BRONX,,,,,,,,40.828839174112986,-73.90483655066808,"(40.828839174112986, -73.90483655066808)"
32772414,02/25/2016 08:17:00 AM,02/27/2016 12:00:00 PM,DSNY,Department of Sanitation,Dirty Conditions,E8 Canine Violation,Sidewalk,11421,88-12 88 STREET,88 STREET,88 AVENUE,89 AVENUE,,,ADDRESS,Woodhaven,,N/A,Closed,,The Department of Sanitation investigated this complaint and found no violation at the location.,02/27/2016 12:00:00 PM,09 QUEENS,4089240011,QUEENS,1024271,191028,ONLINE,Unspecified,QUEENS,,,,,,,,40.69091401853279,-73.85568578698096,"(40.69091401853279, -73.85568578698096)"
32765883,02/24/2016 09:12:00 PM,02/25/2016 12:00:00 PM,DSNY,Department of Sanitation,Dirty Conditions,E8 Canine Violation,Sidewalk,10024,201 WEST   85 STREET,WEST   85 STREET,AMSTERDAM AVENUE,BROADWAY,,,ADDRESS,NEW YORK,,N/A,Closed,,The Department of Sanitation investigated this complaint and found no violation at the location.,02/25/2016 12:00:00 PM,07 MANHATTAN,1012330029,MANHATTAN,990972,226040,ONLINE,Unspecified,MANHATTAN,,,,,,,,40.7871011921247,-73.97572571479215,"(40.7871011921247, -73.97572571479215)"
32760410,02/24/2016 07:02:00 PM,02/27/2016 12:00:00 PM,DSNY,Department of Sanitation,Dirty Conditions,E8 Canine Violation,Sidewalk,10030,480 ST NICHOLAS AVENUE,ST NICHOLAS AVENUE,WEST 133 STREET,WEST 134 STREET,,,ADDRESS,NEW YORK,,N/A,Closed,,The Department of Sanitation investigated this complaint and found no violation at the location.,02/27/2016 12:00:00 PM,10 MANHATTAN,1019590001,MANHATTAN,998519,236627,PHONE,Unspecified,MANHATTAN,,,,,,,,40.816150640850616,-73.94844971999414,"(40.816150640850616, -73.94844971999414)"
32762598,02/24/2016 05:37:00 PM,02/25/2016 12:00:00 PM,DSNY,Department of Sanitation,Dirty Conditions,E8 Canine Violation,Sidewalk,11226,2409 ALBEMARLE ROAD,ALBEMARLE ROAD,OAKLAND PLACE,LOTT STREET,,,ADDRESS,BROOKLYN,,N/A,Closed,,The Department of Sanitation investigated this complaint and found no violation at the location.,02/25/2016 12:00:00 PM,17 BROOKLYN,3051100073,BROOKLYN,996839,175336,PHONE,Unspecified,BROOKLYN,,,,,,,,40.6479245222729,-73.95463380991598,"(40.6479245222729, -73.95463380991598)"
32766871,02/24/2016 04:17:00 PM,02/26/2016 12:00:00 PM,DSNY,Department of Sanitation,Dirty Conditions,E8 Canine Violation,Sidewalk,10467,3028 WALLACE AVENUE,WALLACE AVENUE,ADEE AVENUE,BURKE AVENUE,,,ADDRESS,BRONX,,N/A,Closed,,The Department of Sanitation investigated this complaint and issued a Notice of Violation.,02/26/2016 12:00:00 PM,12 BRONX,2045710016,BRONX,1021781,256303,PHONE,Unspecified,BRONX,,,,,,,,40.87008723587002,-73.86429998398982,"(40.87008723587002, -73.86429998398982)"
32766886,02/24/2016 03:20:00 PM,02/25/2016 12:00:00 PM,DSNY,Department of Sanitation,Dirty Conditions,E8 Canine Violation,Sidewalk,10036,,,,,WEST 46 STREET,9 AVENUE,INTERSECTION,NEW YORK,,N/A,Closed,,The Department of Sanitation investigated this complaint and found no violation at the location.,02/25/2016 12:00:00 PM,04 MANHATTAN,,MANHATTAN,986810,216527,PHONE,Unspecified,MANHATTAN,,,,,,,,40.7609926858091,-73.99075902845719,"(40.7609926858091, -73.99075902845719)"
32760411,02/24/2016 02:54:00 PM,03/02/2016 12:00:00 PM,DSNY,Department of Sanitation,Dirty Conditions,E8 Canine Violation,Sidewalk,10454,537 EAST  139 STREET,EAST  139 STREET,BROOK AVENUE,ST ANNS AVENUE,,,ADDRESS,BRONX,,N/A,Closed,,The Department of Sanitation investigated this complaint and issued a Notice of Violation.,03/02/2016 12:00:00 PM,01 BRONX,2022670065,BRONX,1006958,233634,PHONE,Unspecified,BRONX,,,,,,,,40.8079180306558,-73.91797189217512,"(40.8079180306558, -73.91797189217512)"
32760387,02/24/2016 01:24:00 PM,02/27/2016 12:00:00 PM,DSNY,Department of Sanitation,Dirty Conditions,E8 Canine Violation,Sidewalk,11434,130-15 176 PLACE,176 PLACE,130 AVENUE,DEAD END,,,ADDRESS,Jamaica,,N/A,Closed,,The Department of Sanitation investigated this complaint and found no violation at the location.,02/27/2016 12:00:00 PM,12 QUEENS,4125370087,QUEENS,1049141,186805,PHONE,Unspecified,QUEENS,,,,,,,,40.67917548652838,-73.76604652256388,"(40.67917548652838, -73.76604652256388)"
32765800,02/24/2016 11:46:00 AM,02/27/2016 12:00:00 PM,DSNY,Department of Sanitation,Dirty Conditions,E8 Canine Violation,Sidewalk,11421,80-49 90 ROAD,90 ROAD,80 STREET,84 STREET,,,ADDRESS,Woodhaven,,N/A,Closed,,The Department of Sanitation investigated this complaint and found no violation at the location.,02/27/2016 12:00:00 PM,09 QUEENS,4089640037,QUEENS,1023250,189808,PHONE,Unspecified,QUEENS,,,,,,,,40.68756996137053,-73.85937453040499,"(40.68756996137053, -73.85937453040499)"
32761462,02/24/2016 11:15:00 AM,02/25/2016 12:00:00 PM,DSNY,Department of Sanitation,Dirty Conditions,E8 Canine Violation,Sidewalk,,,,,,EAST 167 STREET,INTERVALE AVENUE,INTERSECTION,,,N/A,Closed,,The Department of Sanitation investigated this complaint and found no violation at the location.,02/25/2016 12:00:00 PM,02 BRONX,,BRONX,,,PHONE,Unspecified,BRONX,,,,,,,,,,
32763712,02/24/2016 08:10:00 AM,02/27/2016 12:00:00 PM,DSNY,Department of Sanitation,Dirty Conditions,E8 Canine Violation,Sidewalk,11221,127 WOODBINE STREET,WOODBINE STREET,EVERGREEN AVENUE,CENTRAL AVENUE,,,ADDRESS,BROOKLYN,,N/A,Closed,,The Department of Sanitation investigated this complaint and found no violation at the location.,02/27/2016 12:00:00 PM,04 BROOKLYN,3033500047,BROOKLYN,1007253,191484,ONLINE,Unspecified,BROOKLYN,,,,,,,,40.69222622557196,-73.91705044429203,"(40.69222622557196, -73.91705044429203)"
32757206,02/23/2016 10:10:00 PM,02/25/2016 12:00:00 PM,DSNY,Department of Sanitation,Dirty Conditions,E8 Canine Violation,Sidewalk,11226,,,,,DORCHESTER ROAD,EAST 16 STREET,INTERSECTION,BROOKLYN,,N/A,Closed,,The Department of Sanitation investigated this complaint and found no violation at the location.,02/25/2016 12:00:00 PM,14 BROOKLYN,,BROOKLYN,994467,172328,PHONE,Unspecified,BROOKLYN,,,,,,,,40.63967126448915,-73.96318619202322,"(40.63967126448915, -73.96318619202322)"
32750952,02/23/2016 02:18:00 PM,02/25/2016 12:00:00 PM,DSNY,Department of Sanitation,Dirty Conditions,E8 Canine Violation,Sidewalk,10463,3611 HENRY HUDSON PARKWAY,HENRY HUDSON PARKWAY,WEST 236 STREET,BLACKSTONE AVENUE,,,ADDRESS,BRONX,,N/A,Closed,,The Department of Sanitation investigated this complaint and found no violation at the location.,02/25/2016 12:00:00 PM,08 BRONX,2059030283,BRONX,1008543,262577,PHONE,Unspecified,BRONX,,,,,,,,40.887353772525834,-73.91214153787156,"(40.887353772525834, -73.91214153787156)"
32752022,02/23/2016 01:51:00 PM,02/27/2016 12:00:00 PM,DSNY,Department of Sanitation,Dirty Conditions,E8 Canine Violation,Sidewalk,10027,7 WEST  129 STREET,WEST  129 STREET,5 AVENUE,LENOX AVENUE,,,ADDRESS,NEW YORK,,N/A,Closed,,The Department of Sanitation investigated this complaint and found no violation at the location.,02/27/2016 12:00:00 PM,10 MANHATTAN,1017270030,MANHATTAN,1000455,234174,PHONE,Unspecified,MANHATTAN,,,,,,,,40.80941450172441,-73.94146136695755,"(40.80941450172441, -73.94146136695755)"
32754055,02/23/2016 12:19:00 PM,02/25/2016 12:00:00 PM,DSNY,Department of Sanitation,Dirty Conditions,E8 Canine Violation,Sidewalk,11209,325 OVINGTON AVENUE,OVINGTON AVENUE,3 AVENUE,4 AVENUE,,,ADDRESS,BROOKLYN,,N/A,Closed,,The Department of Sanitation investigated this complaint and found no violation at the location.,02/25/2016 12:00:00 PM,10 BROOKLYN,3058720071,BROOKLYN,977087,170484,ONLINE,Unspecified,BROOKLYN,,,,,,,,40.63461287418363,-74.02580770425773,"(40.63461287418363, -74.02580770425773)"
32752043,02/23/2016 11:10:00 AM,02/25/2016 12:00:00 PM,DSNY,Department of Sanitation,Dirty Conditions,E8 Canine Violation,Sidewalk,10460,,,,,BEACH AVENUE,EAST TREMONT AVENUE,INTERSECTION,BRONX,,N/A,Closed,,The Department of Sanitation investigated this complaint and found no violation at the location.,02/25/2016 12:00:00 PM,09 BRONX,,BRONX,1020939,245446,ONLINE,Unspecified,BRONX,,,,,,,,40.84029158463857,-73.86740380127358,"(40.84029158463857, -73.86740380127358)"
32757233,02/23/2016 08:50:00 AM,02/25/2016 12:00:00 PM,DSNY,Department of Sanitation,Dirty Conditions,E8 Canine Violation,Sidewalk,11233,422 HALSEY STREET,HALSEY STREET,MARCUS GARVEY BOULEVARD,LEWIS AVENUE,,,ADDRESS,BROOKLYN,,N/A,Closed,,The Department of Sanitation investigated this complaint and found no violation at the location.,02/25/2016 12:00:00 PM,03 BROOKLYN,3016640020,BROOKLYN,1001699,188215,PHONE,Unspecified,BROOKLYN,,,,,,,,40.68326626577429,-73.93708680476662,"(40.68326626577429, -73.93708680476662)"
32758282,02/23/2016 08:48:00 AM,02/25/2016 12:00:00 PM,DSNY,Department of Sanitation,Dirty Conditions,E8 Canine Violation,Sidewalk,11226,1575 DORCHESTER ROAD,DORCHESTER ROAD,NYCTA SUBWAY,EAST 16 STREET,,,ADDRESS,BROOKLYN,,N/A,Closed,,The Department of Sanitation investigated this complaint and found no violation at the location.,02/25/2016 12:00:00 PM,14 BROOKLYN,,BROOKLYN,994426,172307,ONLINE,Unspecified,BROOKLYN,,,,,,,,40.63961367118669,-73.96333395453148,"(40.63961367118669, -73.96333395453148)"
32742514,02/22/2016 05:47:00 PM,02/24/2016 12:00:00 PM,DSNY,Department of Sanitation,Dirty Conditions,E8 Canine Violation,Sidewalk,10466,4039 LOWERRE PLACE,LOWERRE PLACE,EAST 227 STREET,EAST 228 STREET,,,ADDRESS,BRONX,,N/A,Closed,,The Department of Sanitation investigated this complaint and found no violation at the location.,02/24/2016 12:00:00 PM,12 BRONX,2048300004,BRONX,1022835,263558,PHONE,Unspecified,BRONX,,,,,,,,40.889995387750766,-73.86044727536608,"(40.889995387750766, -73.86044727536608)"
32747775,02/22/2016 05:14:00 PM,02/24/2016 12:00:00 PM,DSNY,Department of Sanitation,Dirty Conditions,E8 Canine Violation,Sidewalk,11210,3506 BEDFORD AVENUE,BEDFORD AVENUE,AVENUE N,,,,ADDRESS,BROOKLYN,,N/A,Closed,,The Department of Sanitation investigated this complaint and found no violation at the location.,02/24/2016 12:00:00 PM,14 BROOKLYN,3076600001,BROOKLYN,998090,164008,PHONE,Unspecified,BROOKLYN,,,,,,,,40.61682969988941,-73.95014889215001,"(40.61682969988941, -73.95014889215001)"
32748915,02/22/2016 04:34:00 PM,02/24/2016 12:00:00 PM,DSNY,Department of Sanitation,Dirty Conditions,E8 Canine Violation,Sidewalk,11004,,,,,80 AVENUE,269 STREET,INTERSECTION,Glen Oaks,,N/A,Closed,,The Department of Sanitation investigated this complaint and found no violation at the location.,02/24/2016 12:00:00 PM,13 QUEENS,,QUEENS,1066577,211434,PHONE,Unspecified,QUEENS,,,,,,,,40.746630841118055,-73.70288323651404,"(40.746630841118055, -73.70288323651404)"
32745671,02/22/2016 03:58:00 PM,02/23/2016 12:00:00 PM,DSNY,Department of Sanitation,Dirty Conditions,E8 Canine Violation,Sidewalk,10469,999 PELHAM PARKWAY NORTH,PELHAM PARKWAY NORTH,BRONXWOOD AVENUE,UNNAMED STREET,,,ADDRESS,BRONX,,N/A,Closed,,The Department of Sanitation investigated this complaint and found no violation at the location.,02/23/2016 12:00:00 PM,11 BRONX,2043550001,BRONX,1023168,251922,PHONE,Unspecified,BRONX,,,,,,,,40.85805672605035,-73.85931048788044,"(40.85805672605035, -73.85931048788044)"
32744709,02/22/2016 02:31:00 PM,02/27/2016 12:00:00 PM,DSNY,Department of Sanitation,Dirty Conditions,E8 Canine Violation,Sidewalk,10031,48 HAMILTON TERRACE,HAMILTON TERRACE,WEST 141 STREET,WEST 144 STREET,,,ADDRESS,NEW YORK,,N/A,Closed,,The Department of Sanitation investigated this complaint and found no violation at the location.,02/27/2016 12:00:00 PM,09 MANHATTAN,1020500069,MANHATTAN,999062,239062,ONLINE,Unspecified,MANHATTAN,,,,,,,,40.82283313488829,-73.94648262458203,"(40.82283313488829, -73.94648262458203)"
32743610,02/22/2016 02:18:00 PM,02/23/2016 12:00:00 PM,DSNY,Department of Sanitation,Dirty Conditions,E8 Canine Violation,Sidewalk,10461,1054 NEILL AVENUE,NEILL AVENUE,HONE AVENUE,LURTING AVENUE,,,ADDRESS,BRONX,,N/A,Closed,,The Department of Sanitation investigated this complaint and found no violation at the location.,02/23/2016 12:00:00 PM,11 BRONX,2042700002,BRONX,1023679,250011,ONLINE,Unspecified,BRONX,,,,,,,,40.85280934098656,-73.85747445394476,"(40.85280934098656, -73.85747445394476)"
32745778,02/22/2016 02:09:00 PM,02/23/2016 12:00:00 PM,DSNY,Department of Sanitation,Dirty Conditions,E8 Canine Violation,Sidewalk,11416,82-01 101 AVENUE,101 AVENUE,82 STREET,83 STREET,,,ADDRESS,Ozone Park,,N/A,Closed,,The Department of Sanitation investigated this complaint and found no violation at the location.,02/23/2016 12:00:00 PM,09 QUEENS,4090530014,QUEENS,1023935,187478,ONLINE,Unspecified,QUEENS,,,,,,,,40.68117160691294,-73.8569182975762,"(40.68117160691294, -73.8569182975762)"
32742487,02/22/2016 01:12:00 PM,02/24/2016 12:00:00 PM,DSNY,Department of Sanitation,Dirty Conditions,E8 Canine Violation,Sidewalk,11214,2108 79 STREET,79 STREET,21 AVENUE,BAY PARKWAY,,,ADDRESS,BROOKLYN,,N/A,Closed,,The Department of Sanitation investigated this complaint and issued a Notice of Violation.,02/24/2016 12:00:00 PM,11 BROOKLYN,3062760009,BROOKLYN,986614,160405,PHONE,Unspecified,BROOKLYN,,,,,,,,40.60695070072836,-73.99148623018303,"(40.60695070072836, -73.99148623018303)"
32745672,02/22/2016 11:34:00 AM,02/23/2016 12:00:00 PM,DSNY,Department of Sanitation,Dirty Conditions,E8 Canine Violation,Sidewalk,11226,,,,,REGENT PLACE,EAST 21 STREET,INTERSECTION,BROOKLYN,,N/A,Closed,,The Department of Sanitation investigated this complaint and found no violation at the location.,02/23/2016 12:00:00 PM,14 BROOKLYN,,BROOKLYN,995572,174681,ONLINE,Unspecified,BROOKLYN,,,,,,,,40.6461283994922,-73.95920071706087,"(40.6461283994922, -73.95920071706087)"
32743620,02/22/2016 08:51:00 AM,02/25/2016 12:00:00 PM,DSNY,Department of Sanitation,Dirty Conditions,E8 Canine Violation,Sidewalk,11378,57-19 69 PLACE,69 PLACE,GRAND AVENUE,LONG ISLAND EXPRESSWAY,,,ADDRESS,Maspeth,,N/A,Closed,,The Department of Sanitation investigated this complaint and found no violation at the location.,02/25/2016 12:00:00 PM,05 QUEENS,4027920048,QUEENS,1013505,203839,PHONE,Unspecified,QUEENS,,,,,,,,40.72611929007782,-73.89445186882318,"(40.72611929007782, -73.89445186882318)"
32744653,02/22/2016 08:44:00 AM,02/24/2016 12:00:00 PM,DSNY,Department of Sanitation,Dirty Conditions,E8 Canine Violation,Sidewalk,10469,2730 PAULDING AVENUE,PAULDING AVENUE,ALLERTON AVENUE,ARNOW AVENUE,,,ADDRESS,BRONX,,N/A,Closed,,The Department of Sanitation investigated this complaint and found no violation at the location.,02/24/2016 12:00:00 PM,11 BRONX,2045180020,BRONX,1023348,254841,PHONE,Unspecified,BRONX,,,,,,,,40.86606769465311,-73.85864275629783,"(40.86606769465311, -73.85864275629783)"
32747776,02/22/2016 08:12:00 AM,02/25/2016 12:00:00 PM,DSNY,Department of Sanitation,Dirty Conditions,E8 Canine Violation,Sidewalk,11364,,,,,SPRINGFIELD BOULEVARD,64 AVENUE,INTERSECTION,Oakland Gardens,,N/A,Closed,,The Department of Sanitation investigated this complaint and found no violation at the location.,02/25/2016 12:00:00 PM,11 QUEENS,,QUEENS,1051914,211644,ONLINE,Unspecified,QUEENS,,,,,,,,40.74733158869632,-73.75579934112788,"(40.74733158869632, -73.75579934112788)"
32742488,02/22/2016 04:39:00 AM,02/27/2016 12:00:00 PM,DSNY,Department of Sanitation,Dirty Conditions,E8 Canine Violation,Sidewalk,10031,,,,,EDGECOMBE AVENUE,WEST 150 STREET,INTERSECTION,NEW YORK,,N/A,Closed,,The Department of Sanitation investigated this complaint and found no violation at the location.,02/27/2016 12:00:00 PM,09 MANHATTAN,,MANHATTAN,1000430,240516,PHONE,Unspecified,MANHATTAN,,,,,,,,40.82682155097773,-73.94153638618958,"(40.82682155097773, -73.94153638618958)"
32738855,02/21/2016 02:30:00 PM,02/27/2016 12:00:00 PM,DSNY,Department of Sanitation,Dirty Conditions,E8 Canine Violation,Sidewalk,11413,220-32 137 AVENUE,137 AVENUE,220 PLACE,220 PLACE,,,ADDRESS,Springfield Gardens,,N/A,Closed,,The Department of Sanitation investigated this complaint and found no violation at the location.,02/27/2016 12:00:00 PM,13 QUEENS,4131250028,QUEENS,1053432,185314,ONLINE,Unspecified,QUEENS,,,,,,,,40.675050548786885,-73.75059143732197,"(40.675050548786885, -73.75059143732197)"
32738269,02/21/2016 08:52:00 AM,02/23/2016 12:00:00 PM,DSNY,Department of Sanitation,Dirty Conditions,E8 Canine Violation,Sidewalk,11236,1543 EAST   96 STREET,EAST   96 STREET,AVENUE M,AVENUE N,,,ADDRESS,BROOKLYN,,N/A,Closed,,The Department of Sanitation investigated this complaint and found no violation at the location.,02/23/2016 12:00:00 PM,18 BROOKLYN,3082800015,BROOKLYN,1013950,170841,ONLINE,Unspecified,BROOKLYN,,,,,,,,40.63554586725825,-73.89299180338897,"(40.63554586725825, -73.89299180338897)"
32730744,02/20/2016 11:12:00 AM,02/22/2016 12:00:00 PM,DSNY,Department of Sanitation,Dirty Conditions,E8 Canine Violation,Sidewalk,11375,73-37 AUSTIN STREET,AUSTIN STREET,73 ROAD,75 AVENUE,,,ADDRESS,Forest Hills,,N/A,Closed,,The Department of Sanitation investigated this complaint and found no violation at the location.,02/22/2016 12:00:00 PM,06 QUEENS,4032930064,QUEENS,1028767,200801,PHONE,Unspecified,QUEENS,,,,,,,,40.71771708706444,-73.83940880837612,"(40.71771708706444, -73.83940880837612)"
32732658,02/20/2016 12:53:00 AM,02/20/2016 12:00:00 PM,DSNY,Department of Sanitation,Dirty Conditions,E8 Canine Violation,Sidewalk,10314,791 MANOR ROAD,MANOR ROAD,SCHMIDTS LANE,WESTWOOD AVENUE,,,ADDRESS,STATEN ISLAND,,N/A,Closed,,The Department of Sanitation investigated this complaint and found no violation at the location.,02/20/2016 12:00:00 PM,02 STATEN ISLAND,5007060001,STATEN ISLAND,950647,160605,PHONE,Unspecified,STATEN ISLAND,,,,,,,,40.607436262804384,-74.12101961864539,"(40.607436262804384, -74.12101961864539)"
32728872,02/19/2016 11:37:00 PM,02/21/2016 12:00:00 PM,DSNY,Department of Sanitation,Dirty Conditions,E8 Canine Violation,Sidewalk,,,,,,BOYNTON AVENUE,BRUCKNER BOULEVARD,INTERSECTION,,,N/A,Closed,,The Department of Sanitation investigated this complaint and found no violation at the location.,02/21/2016 12:00:00 PM,09 BRONX,,BRONX,,,PHONE,Unspecified,BRONX,,,,,,,,,,
32725156,02/19/2016 11:16:00 PM,02/25/2016 12:00:00 PM,DSNY,Department of Sanitation,Dirty Conditions,E8 Canine Violation,Sidewalk,11218,114 ALBEMARLE ROAD,ALBEMARLE ROAD,MC DONALD AVENUE,EAST 2 STREET,,,ADDRESS,BROOKLYN,,N/A,Closed,,The Department of Sanitation investigated this complaint and found no violation at the location.,02/25/2016 12:00:00 PM,12 BROOKLYN,3053340006,BROOKLYN,989989,174327,ONLINE,Unspecified,BROOKLYN,,,,,,,,40.645162123509614,-73.97931958244115,"(40.645162123509614, -73.97931958244115)"
32723587,02/19/2016 11:08:00 PM,02/21/2016 12:00:00 PM,DSNY,Department of Sanitation,Dirty Conditions,E8 Canine Violation,Sidewalk,10458,2435 PROSPECT AVENUE,PROSPECT AVENUE,EAST 187 STREET,DEAD END,,,ADDRESS,BRONX,,N/A,Closed,,The Department of Sanitation investigated this complaint and found no violation at the location.,02/21/2016 12:00:00 PM,06 BRONX,2031040045,BRONX,1016789,250557,PHONE,Unspecified,BRONX,,,,,,,,40.85433602801373,-73.88237732275556,"(40.85433602801373, -73.88237732275556)"
32725914,02/19/2016 09:23:00 PM,02/23/2016 12:00:00 PM,DSNY,Department of Sanitation,Dirty Conditions,E8 Canine Violation,Sidewalk,10461,,,,,B STREET,BAISLEY AVENUE,INTERSECTION,BRONX,,N/A,Closed,,The Department of Sanitation investigated this complaint and found no violation at the location.,02/23/2016 12:00:00 PM,10 BRONX,,BRONX,1031836,243957,ONLINE,Unspecified,BRONX,,,,,,,,40.83615272298838,-73.82803205793861,"(40.83615272298838, -73.82803205793861)"
32725837,02/19/2016 08:26:00 PM,02/23/2016 12:00:00 PM,DSNY,Department of Sanitation,Dirty Conditions,E8 Canine Violation,Sidewalk,11236,1232 EAST  100 STREET,EAST  100 STREET,AVENUE L,AVENUE M,,,ADDRESS,BROOKLYN,,N/A,Closed,,The Department of Sanitation investigated this complaint and found no violation at the location.,02/23/2016 12:00:00 PM,18 BROOKLYN,3082640052,BROOKLYN,1014174,172328,ONLINE,Unspecified,BROOKLYN,,,,,,,,40.63962660805665,-73.89217814442488,"(40.63962660805665, -73.89217814442488)"
32724331,02/19/2016 05:47:00 PM,02/23/2016 12:00:00 PM,DSNY,Department of Sanitation,Dirty Conditions,E8 Canine Violation,Sidewalk,10003,320 EAST   19 STREET,EAST   19 STREET,2 AVENUE,1 AVENUE,,,ADDRESS,NEW YORK,,N/A,Closed,,The Department of Sanitation investigated this complaint and found no violation at the location.,02/23/2016 12:00:00 PM,06 MANHATTAN,1009240055,MANHATTAN,989238,207105,PHONE,Unspecified,MANHATTAN,,,,,,,,40.735130630326495,-73.98200153290561,"(40.735130630326495, -73.98200153290561)"
32728158,02/19/2016 03:39:00 PM,02/27/2016 12:00:00 PM,DSNY,Department of Sanitation,Dirty Conditions,E8 Canine Violation,Sidewalk,10031,600 WEST  144 STREET,WEST  144 STREET,BROADWAY,RIVERSIDE DRIVE,,,ADDRESS,NEW YORK,,N/A,Closed,,The Department of Sanitation investigated this complaint and found no violation at the location.,02/27/2016 12:00:00 PM,09 MANHATTAN,1020900036,MANHATTAN,997739,240172,PHONE,Unspecified,MANHATTAN,,,,,,,,40.825881888709105,-73.9512605357054,"(40.825881888709105, -73.9512605357054)"
32726652,02/19/2016 01:42:00 PM,02/23/2016 12:00:00 PM,DSNY,Department of Sanitation,Dirty Conditions,E8 Canine Violation,Sidewalk,10462,1724 BARNES AVENUE,BARNES AVENUE,VAN NEST AVENUE,MORRIS PARK AVENUE,,,ADDRESS,BRONX,,N/A,Closed,,The Department of Sanitation investigated this complaint and found no violation at the location.,02/23/2016 12:00:00 PM,11 BRONX,2040440037,BRONX,1022372,247154,PHONE,Unspecified,BRONX,,,,,,,,40.844973469539745,-73.86221515414225,"(40.844973469539745, -73.86221515414225)"
32723614,02/19/2016 01:30:00 PM,02/22/2016 12:00:00 PM,DSNY,Department of Sanitation,Dirty Conditions,E8 Canine Violation,Sidewalk,11201,,,,,STATE STREET,CLINTON STREET,INTERSECTION,BROOKLYN,,N/A,Closed,,The Department of Sanitation investigated this complaint and found no violation at the location.,02/22/2016 12:00:00 PM,02 BROOKLYN,,BROOKLYN,985901,190989,PHONE,Unspecified,BROOKLYN,,,,,,,,40.69089730479175,-73.99404656059639,"(40.69089730479175, -73.99404656059639)"
32727335,02/19/2016 12:56:00 PM,02/21/2016 12:00:00 PM,DSNY,Department of Sanitation,Dirty Conditions,E8 Canine Violation,Sidewalk,10460,1950 BRYANT AVENUE,BRYANT AVENUE,BOSTON ROAD,EAST TREMONT AVENUE,,,ADDRESS,BRONX,,N/A,Closed,,The Department of Sanitation investigated this complaint and found no violation at the location.,02/21/2016 12:00:00 PM,06 BRONX,2030050077,BRONX,1016942,245458,PHONE,Unspecified,BRONX,,,,,,,,40.84034022277706,-73.88184911671107,"(40.84034022277706, -73.88184911671107)"
32723588,02/19/2016 10:31:00 AM,02/24/2016 12:00:00 PM,DSNY,Department of Sanitation,Dirty Conditions,E8 Canine Violation,Sidewalk,10075,230 EAST   78 STREET,EAST   78 STREET,3 AVENUE,2 AVENUE,,,ADDRESS,NEW YORK,,N/A,Closed,,The Department of Sanitation investigated this complaint and found no violation at the location.,02/24/2016 12:00:00 PM,08 MANHATTAN,1014320038,MANHATTAN,996165,220995,ONLINE,Unspecified,MANHATTAN,,,,,,,,40.7732485281701,-73.95698185783333,"(40.7732485281701, -73.95698185783333)"
32728157,02/19/2016 10:02:00 AM,02/21/2016 12:00:00 PM,DSNY,Department of Sanitation,Dirty Conditions,E8 Canine Violation,Sidewalk,10468,2454 DEVOE TERRACE,DEVOE TERRACE,BEND,BEND,,,ADDRESS,BRONX,,N/A,Closed,,The Department of Sanitation investigated this complaint and found no violation at the location.,02/21/2016 12:00:00 PM,07 BRONX,2032190162,BRONX,1010306,254242,PHONE,Unspecified,BRONX,,,,,,,,40.864471753022485,-73.9057978653207,"(40.864471753022485, -73.9057978653207)"
32725836,02/19/2016 08:34:00 AM,02/21/2016 12:00:00 PM,DSNY,Department of Sanitation,Dirty Conditions,E8 Canine Violation,Sidewalk,10472,2023 POWELL AVENUE,POWELL AVENUE,PUGSLEY AVENUE,OLMSTEAD AVENUE,,,ADDRESS,BRONX,,N/A,Closed,,The Department of Sanitation investigated this complaint and found no violation at the location.,02/21/2016 12:00:00 PM,09 BRONX,2038020074,BRONX,1024085,241891,PHONE,Unspecified,BRONX,,,,,,,,40.83052051921788,-73.85605510487599,"(40.83052051921788, -73.85605510487599)"
32727349,02/19/2016 08:09:00 AM,02/22/2016 12:00:00 PM,DSNY,Department of Sanitation,Dirty Conditions,E8 Canine Violation,Sidewalk,11106,32-72 30 STREET,30 STREET,BROADWAY,34 AVENUE,,,ADDRESS,Astoria,,N/A,Closed,,The Department of Sanitation investigated this complaint and found no violation at the location.,02/22/2016 12:00:00 PM,01 QUEENS,4005860070,QUEENS,1004594,216867,PHONE,Unspecified,QUEENS,,,,,,,,40.761902862531194,-73.92656214227237,"(40.761902862531194, -73.92656214227237)"
32719493,02/18/2016 10:12:00 PM,02/23/2016 12:00:00 PM,DSNY,Department of Sanitation,Dirty Conditions,E8 Canine Violation,Sidewalk,11365,198-01A 67 AVENUE,67 AVENUE,65 CRESCENT,198 STREET,,,ADDRESS,Fresh Meadows,,N/A,Closed,,The Department of Sanitation investigated this complaint and found no violation at the location.,02/23/2016 12:00:00 PM,08 QUEENS,4071170006,QUEENS,1046186,208737,ONLINE,Unspecified,QUEENS,,,,,,,,40.739394599516956,-73.77649847630828,"(40.739394599516956, -73.77649847630828)"
32715175,02/18/2016 06:00:00 PM,02/21/2016 12:00:00 PM,DSNY,Department of Sanitation,Dirty Conditions,E8 Canine Violation,Sidewalk,10452,,,,,GERARD AVENUE,EAST 164 STREET,INTERSECTION,BRONX,,N/A,Closed,,The Department of Sanitation investigated this complaint and found no violation at the location.,02/21/2016 12:00:00 PM,04 BRONX,,BRONX,1005483,241804,PHONE,Unspecified,BRONX,,,,,,,,40.830346039682254,-73.92327418203564,"(40.830346039682254, -73.92327418203564)"
32720412,02/18/2016 03:18:00 PM,02/19/2016 12:00:00 PM,DSNY,Department of Sanitation,Dirty Conditions,E8 Canine Violation,Sidewalk,11235,2739 HARING STREET,HARING STREET,VOORHIES AVENUE,BELT PARKWAY,,,ADDRESS,BROOKLYN,,N/A,Closed,,The Department of Sanitation investigated this complaint and found no violation at the location.,02/19/2016 12:00:00 PM,15 BROOKLYN,3087950120,BROOKLYN,1001388,153100,PHONE,Unspecified,BROOKLYN,,,,,,,,40.58688369790212,-73.93829731167186,"(40.58688369790212, -73.93829731167186)"
32722642,02/18/2016 01:38:00 PM,02/19/2016 12:00:00 PM,DSNY,Department of Sanitation,Dirty Conditions,E8 Canine Violation,Sidewalk,11207,1300 DECATUR STREET,DECATUR STREET,WILSON AVENUE,KNICKERBOCKER AVENUE,,,ADDRESS,BROOKLYN,,N/A,Closed,,The Department of Sanitation investigated this complaint and found no violation at the location.,02/19/2016 12:00:00 PM,04 BROOKLYN,3034360026,BROOKLYN,1010463,190991,PHONE,Unspecified,BROOKLYN,,,,,,,,40.69086412973512,-73.90547700811297,"(40.69086412973512, -73.90547700811297)"
32715146,02/18/2016 12:42:00 PM,02/21/2016 12:00:00 PM,DSNY,Department of Sanitation,Dirty Conditions,E8 Canine Violation,Sidewalk,10458,,,,,EAST 188 STREET,CAMBRELENG AVENUE,INTERSECTION,BRONX,,N/A,Closed,,The Department of Sanitation investigated this complaint and found no violation at the location.,02/21/2016 12:00:00 PM,06 BRONX,,BRONX,1016153,250939,PHONE,Unspecified,BRONX,,,,,,,,40.855386824257664,-73.88467452859332,"(40.855386824257664, -73.88467452859332)"
32716194,02/18/2016 12:06:00 PM,02/21/2016 12:00:00 PM,DSNY,Department of Sanitation,Dirty Conditions,E8 Canine Violation,Sidewalk,10456,,,,,JACKSON AVENUE,EAST 160 STREET,INTERSECTION,BRONX,,N/A,Closed,,The Department of Sanitation investigated this complaint and found no violation at the location.,02/21/2016 12:00:00 PM,01 BRONX,,BRONX,1010267,238312,PHONE,Unspecified,BRONX,,,,,,,,40.82074870176415,-73.90600066679092,"(40.82074870176415, -73.90600066679092)"
32722577,02/18/2016 10:52:00 AM,02/23/2016 12:00:00 PM,DSNY,Department of Sanitation,Dirty Conditions,E8 Canine Violation,Sidewalk,11691,336 BEACH   40 STREET,BEACH   40 STREET,ROCKAWAY BEACH BOULEVARD,BEACH CHANNEL DRIVE,,,ADDRESS,Far Rockaway,,N/A,Closed,,The Department of Sanitation investigated this complaint and found no violation at the location.,02/23/2016 12:00:00 PM,14 QUEENS,4158290123,QUEENS,1047535,156091,PHONE,Unspecified,QUEENS,,,,,,,,40.59488402386154,-73.77212471913236,"(40.59488402386154, -73.77212471913236)"
32715147,02/18/2016 09:52:00 AM,02/22/2016 12:00:00 PM,DSNY,Department of Sanitation,Dirty Conditions,E8 Canine Violation,Sidewalk,11360,28-39 213 STREET,213 STREET,28 AVENUE,29 AVENUE,,,ADDRESS,Bayside,,N/A,Closed,,The Department of Sanitation investigated this complaint and found no violation at the location.,02/22/2016 12:00:00 PM,11 QUEENS,4060130006,QUEENS,1046216,222092,PHONE,Unspecified,QUEENS,,,,,,,,40.77605033356753,-73.77626713000025,"(40.77605033356753, -73.77626713000025)"
32717328,02/18/2016 09:50:00 AM,02/19/2016 12:00:00 PM,DSNY,Department of Sanitation,Dirty Conditions,E8 Canine Violation,Sidewalk,11225,339 MIDWOOD STREET,MIDWOOD STREET,NOSTRAND AVENUE,NEW YORK AVENUE,,,ADDRESS,BROOKLYN,,N/A,Closed,,The Department of Sanitation investigated this complaint and found no violation at the location.,02/19/2016 12:00:00 PM,09 BROOKLYN,3047960067,BROOKLYN,998307,179810,PHONE,Unspecified,BROOKLYN,,,,,,,,40.66020246474084,-73.94933434621859,"(40.66020246474084, -73.94933434621859)"
32720573,02/18/2016 09:08:00 AM,02/23/2016 12:00:00 PM,DSNY,Department of Sanitation,Dirty Conditions,E8 Canine Violation,Sidewalk,10011,125 WEST   12 STREET,WEST   12 STREET,AVENUE OF THE AMERICAS,7 AVENUE,,,ADDRESS,NEW YORK,,N/A,Closed,,The Department of Sanitation investigated this complaint and found no violation at the location.,02/23/2016 12:00:00 PM,02 MANHATTAN,1006080053,MANHATTAN,984607,207576,ONLINE,Unspecified,MANHATTAN,,,,,,,,40.736424808393664,-73.99871179280078,"(40.736424808393664, -73.99871179280078)"
32718447,02/18/2016 08:26:00 AM,02/23/2016 12:00:00 PM,DSNY,Department of Sanitation,Dirty Conditions,E8 Canine Violation,Sidewalk,10462,1720 BARNES AVENUE,BARNES AVENUE,VAN NEST AVENUE,MORRIS PARK AVENUE,,,ADDRESS,BRONX,,N/A,Closed,,The Department of Sanitation investigated this complaint and found no violation at the location.,02/23/2016 12:00:00 PM,11 BRONX,2040440035,BRONX,1022377,247139,PHONE,Unspecified,BRONX,,,,,,,,40.84493227740517,-73.86219716789364,"(40.84493227740517, -73.86219716789364)"
32717263,02/18/2016 08:18:00 AM,02/24/2016 12:00:00 PM,DSNY,Department of Sanitation,Dirty Conditions,E8 Canine Violation,Sidewalk,10466,866 EAST  224 STREET,EAST  224 STREET,BARNES AVENUE,BRONXWOOD AVENUE,,,ADDRESS,BRONX,,N/A,Closed,,The Department of Sanitation investigated this complaint and found no violation at the location.,02/24/2016 12:00:00 PM,12 BRONX,2048480074,BRONX,1024013,261962,PHONE,Unspecified,BRONX,,,,,,,,40.88560964606151,-73.85619621456294,"(40.88560964606151, -73.85619621456294)"
32719492,02/18/2016 07:52:00 AM,02/18/2016 12:00:00 PM,DSNY,Department of Sanitation,Dirty Conditions,E8 Canine Violation,Sidewalk,10458,2609 BAINBRIDGE AVENUE,BAINBRIDGE AVENUE,EAST 193 STREET,EAST 194 STREET,,,ADDRESS,BRONX,,N/A,Closed,,The Department of Sanitation investigated this complaint and found no violation at the location.,02/18/2016 12:00:00 PM,07 BRONX,2032930054,BRONX,1014032,254176,MOBILE,Unspecified,BRONX,,,,,,,,40.864278818958006,-73.89232729500432,"(40.864278818958006, -73.89232729500432)"
32706475,02/17/2016 06:40:00 PM,02/22/2016 12:00:00 PM,DSNY,Department of Sanitation,Dirty Conditions,E8 Canine Violation,Sidewalk,11364,221-23 KINGSBURY AVENUE,KINGSBURY AVENUE,221 STREET,222 STREET,,,ADDRESS,Oakland Gardens,,N/A,Closed,,The Department of Sanitation investigated this complaint and found no violation at the location.,02/22/2016 12:00:00 PM,11 QUEENS,4077610203,QUEENS,1053433,207929,ONLINE,Unspecified,QUEENS,,,,,,,,40.73712312779926,-73.75035548081661,"(40.73712312779926, -73.75035548081661)"
32709678,02/17/2016 02:57:00 PM,02/22/2016 12:00:00 PM,DSNY,Department of Sanitation,Dirty Conditions,E8 Canine Violation,Sidewalk,11434,,,,,168 STREET,FOCH BOULEVARD,INTERSECTION,Jamaica,,N/A,Closed,,The Department of Sanitation investigated this complaint and found no violation at the location.,02/22/2016 12:00:00 PM,12 QUEENS,,QUEENS,1045623,189173,PHONE,Unspecified,QUEENS,,,,,,,,40.685700177098035,-73.77870845093231,"(40.685700177098035, -73.77870845093231)"
32713054,02/17/2016 12:17:00 PM,02/19/2016 12:00:00 PM,DSNY,Department of Sanitation,Dirty Conditions,E8 Canine Violation,Sidewalk,11221,,,,,MYRTLE AVENUE,WILLOUGHBY AVENUE,INTERSECTION,BROOKLYN,,N/A,Closed,,The Department of Sanitation investigated this complaint and found no violation at the location.,02/19/2016 12:00:00 PM,04 BROOKLYN,,BROOKLYN,1003289,193373,PHONE,Unspecified,BROOKLYN,,,,,,,,40.69742050624443,-73.93133940972433,"(40.69742050624443, -73.93133940972433)"
32714170,02/17/2016 12:14:00 PM,02/19/2016 12:00:00 PM,DSNY,Department of Sanitation,Dirty Conditions,E8 Canine Violation,Sidewalk,11221,,,,,WILLOUGHBY AVENUE,MYRTLE AVENUE,INTERSECTION,BROOKLYN,,N/A,Closed,,The Department of Sanitation investigated this complaint and found no violation at the location.,02/19/2016 12:00:00 PM,04 BROOKLYN,,BROOKLYN,1003289,193373,PHONE,Unspecified,BROOKLYN,,,,,,,,40.69742050624443,-73.93133940972433,"(40.69742050624443, -73.93133940972433)"
32711890,02/17/2016 11:30:00 AM,02/19/2016 12:00:00 PM,DSNY,Department of Sanitation,Dirty Conditions,E8 Canine Violation,Sidewalk,11235,3051 OCEAN AVENUE,OCEAN AVENUE,JEROME AVENUE,VOORHIES AVENUE,,,ADDRESS,BROOKLYN,,N/A,Closed,,The Department of Sanitation investigated this complaint and found no violation at the location.,02/19/2016 12:00:00 PM,15 BROOKLYN,3074650040,BROOKLYN,998408,153097,PHONE,Unspecified,BROOKLYN,,,,,,,,40.586880724152024,-73.94902633915798,"(40.586880724152024, -73.94902633915798)"
32714033,02/17/2016 10:49:00 AM,02/24/2016 12:00:00 PM,DSNY,Department of Sanitation,Dirty Conditions,E8 Canine Violation,Sidewalk,10025,107 WEST  109 STREET,WEST  109 STREET,COLUMBUS AVENUE,AMSTERDAM AVENUE,,,ADDRESS,NEW YORK,,N/A,Closed,,The Department of Sanitation investigated this complaint and found no violation at the location.,02/24/2016 12:00:00 PM,07 MANHATTAN,1018640023,MANHATTAN,994770,231255,PHONE,Unspecified,MANHATTAN,,,,,,,,40.80141124989614,-73.96200232327737,"(40.80141124989614, -73.96200232327737)"
32707530,02/17/2016 10:44:00 AM,02/19/2016 12:00:00 PM,DSNY,Department of Sanitation,Dirty Conditions,E8 Canine Violation,Sidewalk,11218,1162 37 STREET,37 STREET,FT HAMILTON PARKWAY,12 AVENUE,,,ADDRESS,BROOKLYN,,N/A,Closed,,The Department of Sanitation investigated this complaint and found no violation at the location.,02/19/2016 12:00:00 PM,12 BROOKLYN,3052917501,BROOKLYN,987569,173719,MOBILE,Unspecified,BROOKLYN,,,,,,,,40.64349453200192,-73.9880403223495,"(40.64349453200192, -73.9880403223495)"
32710867,02/17/2016 09:00:00 AM,02/18/2016 12:00:00 PM,DSNY,Department of Sanitation,Dirty Conditions,E8 Canine Violation,Sidewalk,10462,1728 BARNES AVENUE,BARNES AVENUE,VAN NEST AVENUE,MORRIS PARK AVENUE,,,ADDRESS,BRONX,,N/A,Closed,,The Department of Sanitation investigated this complaint and found no violation at the location.,02/18/2016 12:00:00 PM,11 BRONX,2040440038,BRONX,1022368,247169,PHONE,Unspecified,BRONX,,,,,,,,40.845014657354454,-73.8622295261037,"(40.845014657354454, -73.8622295261037)"
32711947,02/17/2016 07:25:00 AM,02/21/2016 12:00:00 PM,DSNY,Department of Sanitation,Dirty Conditions,E8 Canine Violation,Sidewalk,10458,,,,,EAST 193 STREET,BAINBRIDGE AVENUE,INTERSECTION,BRONX,,N/A,Closed,,The Department of Sanitation investigated this complaint and found no violation at the location.,02/21/2016 12:00:00 PM,07 BRONX,,BRONX,1014001,254089,PHONE,Unspecified,BRONX,,,,,,,,40.864040135005396,-73.892439757325,"(40.864040135005396, -73.892439757325)"
32710360,02/17/2016 03:37:00 AM,02/17/2016 12:00:00 PM,DSNY,Department of Sanitation,Dirty Conditions,E8 Canine Violation,Sidewalk,10472,,,,,BOYNTON AVENUE,WATSON AVENUE,INTERSECTION,BRONX,,N/A,Closed,,The Department of Sanitation investigated this complaint and found no violation at the location.,02/17/2016 12:00:00 PM,09 BRONX,,BRONX,1018110,240290,PHONE,Unspecified,BRONX,,,,,,,,40.82615116376492,-73.87765398540142,"(40.82615116376492, -73.87765398540142)"
32708648,02/17/2016 01:49:00 AM,02/19/2016 12:00:00 PM,DSNY,Department of Sanitation,Dirty Conditions,E8 Canine Violation,Sidewalk,11106,23-19 31 AVENUE,31 AVENUE,23 STREET,CRESCENT STREET,,,ADDRESS,Astoria,,N/A,Closed,,The Department of Sanitation investigated this complaint and found no violation at the location.,02/19/2016 12:00:00 PM,01 QUEENS,4005700013,QUEENS,1004136,218565,PHONE,Unspecified,QUEENS,,,,,,,,40.76656447489364,-73.92821040853418,"(40.76656447489364, -73.92821040853418)"
32699963,02/16/2016 09:37:00 PM,02/19/2016 12:00:00 PM,DSNY,Department of Sanitation,Dirty Conditions,E8 Canine Violation,Sidewalk,11221,,,,,WOODBINE STREET,CENTRAL AVENUE,INTERSECTION,BROOKLYN,,N/A,Closed,,The Department of Sanitation investigated this complaint and found no violation at the location.,02/19/2016 12:00:00 PM,04 BROOKLYN,,BROOKLYN,1007473,191774,ONLINE,Unspecified,BROOKLYN,,,,,,,,40.6930216336453,-73.91625611797058,"(40.6930216336453, -73.91625611797058)"
32697311,02/16/2016 06:50:00 PM,02/17/2016 12:00:00 PM,DSNY,Department of Sanitation,Dirty Conditions,E8 Canine Violation,Sidewalk,10458,2435 PROSPECT AVENUE,PROSPECT AVENUE,EAST 187 STREET,DEAD END,,,ADDRESS,BRONX,,N/A,Closed,,The Department of Sanitation investigated this complaint and found no violation at the location.,02/17/2016 12:00:00 PM,06 BRONX,2031040045,BRONX,1016789,250557,PHONE,Unspecified,BRONX,,,,,,,,40.85433602801373,-73.88237732275556,"(40.85433602801373, -73.88237732275556)"
32699954,02/16/2016 04:23:00 PM,02/18/2016 12:00:00 PM,DSNY,Department of Sanitation,Dirty Conditions,E8 Canine Violation,Sidewalk,10309,,,,,SHARROTTS ROAD,ROBIN COURT,INTERSECTION,STATEN ISLAND,,N/A,Closed,,The Department of Sanitation investigated this complaint and found no violation at the location.,02/18/2016 12:00:00 PM,03 STATEN ISLAND,,STATEN ISLAND,922724,135164,MOBILE,Unspecified,STATEN ISLAND,,,,,,,,40.53745604003665,-74.22135112668823,"(40.53745604003665, -74.22135112668823)"
32702642,02/16/2016 04:11:00 PM,02/17/2016 12:00:00 PM,DSNY,Department of Sanitation,Dirty Conditions,E8 Canine Violation,Sidewalk,11415,,,,,QUEENS BOULEVARD,83 AVENUE,INTERSECTION,Kew Gardens,,N/A,Closed,,The Department of Sanitation investigated this complaint and found no violation at the location.,02/17/2016 12:00:00 PM,09 QUEENS,,QUEENS,1032639,198726,PHONE,Unspecified,QUEENS,,,,,,,,40.71200138828801,-73.82545585702933,"(40.71200138828801, -73.82545585702933)"
32705276,02/16/2016 02:03:00 PM,02/19/2016 12:00:00 PM,DSNY,Department of Sanitation,Dirty Conditions,E8 Canine Violation,Sidewalk,11221,960 WILLOUGHBY AVENUE,WILLOUGHBY AVENUE,CHARLES PLACE,EVERGREEN AVENUE,,,ADDRESS,BROOKLYN,,N/A,Closed,,The Department of Sanitation investigated this complaint and found no violation at the location.,02/19/2016 12:00:00 PM,04 BROOKLYN,3032060001,BROOKLYN,1003493,193530,PHONE,Unspecified,BROOKLYN,,,,,,,,40.69785099331476,-73.93060327365919,"(40.69785099331476, -73.93060327365919)"
32704135,02/16/2016 12:24:00 PM,02/18/2016 12:00:00 PM,DSNY,Department of Sanitation,Dirty Conditions,E8 Canine Violation,Sidewalk,10031,,,,,WEST 133 STREET,AMSTERDAM AVENUE,INTERSECTION,NEW YORK,,N/A,Closed,,The Department of Sanitation investigated this complaint and found no violation at the location.,02/18/2016 12:00:00 PM,09 MANHATTAN,,MANHATTAN,997208,237154,PHONE,Unspecified,MANHATTAN,,,,,,,,40.8175991281164,-73.95318501220713,"(40.8175991281164, -73.95318501220713)"
32696027,02/16/2016 10:44:00 AM,02/19/2016 12:00:00 PM,DSNY,Department of Sanitation,Dirty Conditions,E8 Canine Violation,Sidewalk,11370,32-01 74 STREET,74 STREET,32 AVENUE,NORTHERN BOULEVARD,,,ADDRESS,East Elmhurst,,N/A,Closed,,The Department of Sanitation investigated this complaint and found no violation at the location.,02/19/2016 12:00:00 PM,03 QUEENS,4011700001,QUEENS,1013861,214938,PHONE,Unspecified,QUEENS,,,,,,,,40.75658207447796,-73.89311861051786,"(40.75658207447796, -73.89311861051786)"
32700058,02/16/2016 10:35:00 AM,02/19/2016 12:00:00 PM,DSNY,Department of Sanitation,Dirty Conditions,E8 Canine Violation,Sidewalk,11215,126 13 STREET,13 STREET,2 AVENUE,3 AVENUE,,,ADDRESS,BROOKLYN,,N/A,Closed,,The Department of Sanitation investigated this complaint and found no violation at the location.,02/19/2016 12:00:00 PM,06 BROOKLYN,3010320025,BROOKLYN,985885,183217,PHONE,Unspecified,BROOKLYN,,,,,,,,40.66956493119112,-73.99410614160904,"(40.66956493119112, -73.99410614160904)"
32697329,02/16/2016 09:03:00 AM,02/17/2016 12:00:00 PM,DSNY,Department of Sanitation,Dirty Conditions,E8 Canine Violation,Sidewalk,10009,710 EAST   13 STREET,EAST   13 STREET,AVENUE C,AVENUE D,,,ADDRESS,NEW YORK,,N/A,Closed,,The Department of Sanitation investigated this complaint and found no violation at the location.,02/17/2016 12:00:00 PM,03 MANHATTAN,1003820001,MANHATTAN,991038,204310,PHONE,Unspecified,MANHATTAN,,,,,,,,40.727457842393086,-73.97550931664854,"(40.727457842393086, -73.97550931664854)"
32696011,02/16/2016 07:55:00 AM,02/17/2016 12:00:00 PM,DSNY,Department of Sanitation,Dirty Conditions,E8 Canine Violation,Sidewalk,11218,114 ALBEMARLE ROAD,ALBEMARLE ROAD,MC DONALD AVENUE,EAST 2 STREET,,,ADDRESS,BROOKLYN,,N/A,Closed,,The Department of Sanitation investigated this complaint and found no violation at the location.,02/17/2016 12:00:00 PM,12 BROOKLYN,3053340006,BROOKLYN,989989,174327,ONLINE,Unspecified,BROOKLYN,,,,,,,,40.645162123509614,-73.97931958244115,"(40.645162123509614, -73.97931958244115)"
32702643,02/16/2016 07:37:00 AM,02/22/2016 12:00:00 PM,DSNY,Department of Sanitation,Dirty Conditions,E8 Canine Violation,Sidewalk,11417,106-35 96 STREET,96 STREET,ROCKAWAY BOULEVARD,108 AVENUE,,,ADDRESS,Ozone Park,,N/A,Closed,,The Department of Sanitation investigated this complaint and found no violation at the location.,02/22/2016 12:00:00 PM,10 QUEENS,4091670122,QUEENS,1027822,187110,PHONE,Unspecified,QUEENS,,,,,,,,40.680143251968595,-73.842906378456,"(40.680143251968595, -73.842906378456)"
32691167,02/15/2016 09:52:00 PM,02/17/2016 12:00:00 PM,DSNY,Department of Sanitation,Dirty Conditions,E8 Canine Violation,Sidewalk,10025,2475 BROADWAY,BROADWAY,WEST 91 STREET,WEST 92 STREET,,,ADDRESS,NEW YORK,,N/A,Closed,,The Department of Sanitation investigated this complaint and found no violation at the location.,02/17/2016 12:00:00 PM,07 MANHATTAN,1012390055,MANHATTAN,991525,227826,ONLINE,Unspecified,MANHATTAN,,,,,,,,40.792002844361214,-73.97372680343375,"(40.792002844361214, -73.97372680343375)"
32693558,02/15/2016 06:26:00 PM,02/16/2016 12:00:00 PM,DSNY,Department of Sanitation,Dirty Conditions,E8 Canine Violation,Sidewalk,11379,,,,,ADMIRAL AVENUE,TERRACE COURT,INTERSECTION,Middle Village,,N/A,Closed,,The Department of Sanitation investigated this complaint and found no violation at the location.,02/16/2016 12:00:00 PM,05 QUEENS,,QUEENS,1013708,198180,PHONE,Unspecified,QUEENS,,,,,,,,40.71058603257111,-73.89374423844427,"(40.71058603257111, -73.89374423844427)"
32686323,02/15/2016 05:43:00 PM,02/17/2016 12:00:00 PM,DSNY,Department of Sanitation,Dirty Conditions,E8 Canine Violation,Sidewalk,10463,2765 KINGSBRIDGE TERRACE,KINGSBRIDGE TERRACE,WEST KINGSBRIDGE ROAD,WEST 229 STREET,,,ADDRESS,BRONX,,N/A,Closed,,The Department of Sanitation investigated this complaint and found no violation at the location.,02/17/2016 12:00:00 PM,08 BRONX,2032560089,BRONX,1011007,257174,PHONE,Unspecified,BRONX,,,,,,,,40.87251709736538,-73.90325178389223,"(40.87251709736538, -73.90325178389223)"
32686324,02/15/2016 05:04:00 PM,02/17/2016 12:00:00 PM,DSNY,Department of Sanitation,Dirty Conditions,E8 Canine Violation,Sidewalk,11377,32-59 68 STREET,68 STREET,BROOKLYN QUEENS EXPRESSWAY,BEND,,,ADDRESS,Woodside,,N/A,Closed,,The Department of Sanitation investigated this complaint and found no violation at the location.,02/17/2016 12:00:00 PM,03 QUEENS,4011640064,QUEENS,1012333,214276,PHONE,Unspecified,QUEENS,,,,,,,,40.75477003944271,-73.89863671149938,"(40.75477003944271, -73.89863671149938)"
32688694,02/15/2016 03:50:00 PM,02/16/2016 12:00:00 PM,DSNY,Department of Sanitation,Dirty Conditions,E8 Canine Violation,Sidewalk,11385,416 WOODWARD AVENUE,WOODWARD AVENUE,STANHOPE STREET,HIMROD STREET,,,ADDRESS,Ridgewood,,N/A,Closed,,The Department of Sanitation investigated this complaint and found no violation at the location.,02/16/2016 12:00:00 PM,05 QUEENS,4034020045,QUEENS,1008642,197455,PHONE,Unspecified,QUEENS,,,,,,,,40.708611496920646,-73.91202004333307,"(40.708611496920646, -73.91202004333307)"
32686308,02/15/2016 12:56:00 PM,02/18/2016 12:00:00 PM,DSNY,Department of Sanitation,Dirty Conditions,E8 Canine Violation,Sidewalk,11205,,,,,GRAND AVENUE,MYRTLE AVENUE,INTERSECTION,BROOKLYN,,N/A,Closed,,The Department of Sanitation investigated this complaint and found no violation at the location.,02/18/2016 12:00:00 PM,02 BROOKLYN,,BROOKLYN,994218,191986,PHONE,Unspecified,BROOKLYN,,,,,,,,40.69362837992203,-73.96405432076857,"(40.69362837992203, -73.96405432076857)"
32694607,02/15/2016 12:00:00 PM,02/18/2016 12:00:00 PM,DSNY,Department of Sanitation,Dirty Conditions,E8 Canine Violation,Sidewalk,10033,739 WEST  186 STREET,WEST  186 STREET,BENNETT AVENUE,OVERLOOK TERRACE,,,ADDRESS,NEW YORK,,N/A,Closed,,The Department of Sanitation investigated this complaint and found no violation at the location.,02/18/2016 12:00:00 PM,12 MANHATTAN,1021800178,MANHATTAN,1002082,250275,PHONE,Unspecified,MANHATTAN,,,,,,,,40.85360397552196,-73.93554122577108,"(40.85360397552196, -73.93554122577108)"
32691093,02/15/2016 11:16:00 AM,02/18/2016 12:00:00 PM,DSNY,Department of Sanitation,Dirty Conditions,E8 Canine Violation,Sidewalk,11235,27 WEST END AVENUE,WEST END AVENUE,CASS PLACE,OCEAN COURT,,,ADDRESS,BROOKLYN,,N/A,Closed,,The Department of Sanitation investigated this complaint and found no violation at the location.,02/18/2016 12:00:00 PM,15 BROOKLYN,3087260077,BROOKLYN,997099,151104,PHONE,Unspecified,BROOKLYN,,,,,,,,40.581412329577105,-73.95374297677495,"(40.581412329577105, -73.95374297677495)"
32689831,02/15/2016 10:19:00 AM,02/17/2016 12:00:00 PM,DSNY,Department of Sanitation,Dirty Conditions,E8 Canine Violation,Sidewalk,10021,1 EAST   73 STREET,EAST   73 STREET,5 AVENUE,MADISON AVENUE,,,ADDRESS,NEW YORK,,N/A,Closed,,The Department of Sanitation investigated this complaint and found no violation at the location.,02/17/2016 12:00:00 PM,08 MANHATTAN,1013887501,MANHATTAN,993587,220920,ONLINE,Unspecified,MANHATTAN,,,,,,,,40.773045771804945,-73.96628962112811,"(40.773045771804945, -73.96628962112811)"
32686309,02/15/2016 10:00:00 AM,02/16/2016 12:00:00 PM,DSNY,Department of Sanitation,Dirty Conditions,E8 Canine Violation,Sidewalk,11420,118-02 SUTTER AVENUE,SUTTER AVENUE,118 STREET,LEFFERTS BOULEVARD,,,ADDRESS,South Ozone Park,,N/A,Closed,,The Department of Sanitation investigated this complaint and found no violation at the location.,02/16/2016 12:00:00 PM,10 QUEENS,4117250031,QUEENS,1034029,184997,PHONE,Unspecified,QUEENS,,,,,,,,40.674310827030524,-73.82054344989687,"(40.674310827030524, -73.82054344989687)"
32679828,02/14/2016 03:48:00 PM,02/16/2016 12:00:00 PM,DSNY,Department of Sanitation,Dirty Conditions,E8 Canine Violation,Sidewalk,11385,70-03 68 PLACE,68 PLACE,70 AVENUE,CENTRAL AVENUE,,,ADDRESS,Ridgewood,,N/A,Closed,,The Department of Sanitation investigated this complaint and found no violation at the location.,02/16/2016 12:00:00 PM,05 QUEENS,4036570001,QUEENS,1016115,196139,PHONE,Unspecified,QUEENS,,,,,,,,40.70497563367381,-73.8850717962085,"(40.70497563367381, -73.8850717962085)"
32677236,02/14/2016 03:15:00 PM,02/17/2016 12:00:00 PM,DSNY,Department of Sanitation,Dirty Conditions,E8 Canine Violation,Sidewalk,10460,1404 LELAND AVENUE,LELAND AVENUE,WOOD AVENUE,ARCHER STREET,,,ADDRESS,BRONX,,N/A,Closed,,The Department of Sanitation investigated this complaint and found no violation at the location.,02/17/2016 12:00:00 PM,09 BRONX,2039020003,BRONX,1021835,243831,PHONE,Unspecified,BRONX,,,,,,,,40.835855115665666,-73.86417466002183,"(40.835855115665666, -73.86417466002183)"
32684987,02/14/2016 03:09:00 PM,02/19/2016 12:00:00 PM,DSNY,Department of Sanitation,Dirty Conditions,E8 Canine Violation,Sidewalk,11217,,,,,BALTIC STREET,GREGORY PLACE,INTERSECTION,BROOKLYN,,N/A,Closed,,The Department of Sanitation investigated this complaint and found no violation at the location.,02/19/2016 12:00:00 PM,06 BROOKLYN,,BROOKLYN,990041,186981,ONLINE,Unspecified,BROOKLYN,,,,,,,,40.67989452083071,-73.97912133273077,"(40.67989452083071, -73.97912133273077)"
32674522,02/13/2016 09:24:00 PM,02/19/2016 12:00:00 PM,DSNY,Department of Sanitation,Dirty Conditions,E8 Canine Violation,Sidewalk,11209,,,,,OVINGTON AVENUE,RIDGE BOULEVARD,INTERSECTION,BROOKLYN,,N/A,Closed,,The Department of Sanitation investigated this complaint and found no violation at the location.,02/19/2016 12:00:00 PM,10 BROOKLYN,,BROOKLYN,976164,170761,PHONE,Unspecified,BROOKLYN,,,,,,,,40.63537238578247,-74.02913352960124,"(40.63537238578247, -74.02913352960124)"
32668200,02/13/2016 06:07:00 PM,02/17/2016 12:00:00 PM,DSNY,Department of Sanitation,Dirty Conditions,E8 Canine Violation,Sidewalk,10461,,,,,B STREET,BAISLEY AVENUE,INTERSECTION,BRONX,,N/A,Closed,,The Department of Sanitation investigated this complaint and found no violation at the location.,02/17/2016 12:00:00 PM,10 BRONX,,BRONX,1031836,243957,ONLINE,Unspecified,BRONX,,,,,,,,40.83615272298838,-73.82803205793861,"(40.83615272298838, -73.82803205793861)"
32669422,02/13/2016 12:22:00 AM,02/13/2016 12:00:00 PM,DSNY,Department of Sanitation,Dirty Conditions,E8 Canine Violation,Sidewalk,11373,,,,,ELMHURST AVENUE,JUDGE STREET,INTERSECTION,Elmhurst,,N/A,Closed,,The Department of Sanitation investigated this complaint and found no violation at the location.,02/13/2016 12:00:00 PM,04 QUEENS,,QUEENS,1017710,210270,ONLINE,Unspecified,QUEENS,,,,,,,,40.743755876781535,-73.8792488248973,"(40.743755876781535, -73.8792488248973)"
32661161,02/12/2016 01:06:00 PM,02/17/2016 12:00:00 PM,DSNY,Department of Sanitation,Dirty Conditions,E8 Canine Violation,Sidewalk,10466,1018 EAST  224 STREET,EAST  224 STREET,PAULDING AVENUE,EASTCHESTER ROAD,,,ADDRESS,BRONX,,N/A,Closed,,The Department of Sanitation investigated this complaint and found no violation at the location.,02/17/2016 12:00:00 PM,12 BRONX,2048700045,BRONX,1025273,261435,ONLINE,Unspecified,BRONX,,,,,,,,40.884157430837234,-73.85164263265325,"(40.884157430837234, -73.85164263265325)"
32662675,02/12/2016 01:05:00 PM,02/24/2016 12:00:00 PM,DSNY,Department of Sanitation,Dirty Conditions,E8 Canine Violation,Sidewalk,10301,89 OXFORD PLACE,OXFORD PLACE,CASTLETON AVENUE,WOODSTOCK AVENUE,,,ADDRESS,STATEN ISLAND,,N/A,Closed,,The Department of Sanitation investigated this complaint and found no violation at the location.,02/24/2016 12:00:00 PM,01 STATEN ISLAND,5001140001,STATEN ISLAND,959735,169803,PHONE,Unspecified,STATEN ISLAND,,,,,,,,40.6327126468737,-74.08832304245594,"(40.6327126468737, -74.08832304245594)"
32658402,02/12/2016 12:27:00 PM,02/17/2016 12:00:00 PM,DSNY,Department of Sanitation,Dirty Conditions,E8 Canine Violation,Sidewalk,10463,545 WEST  236 STREET,WEST  236 STREET,OXFORD AVENUE,JOHNSON AVENUE,,,ADDRESS,BRONX,,N/A,Closed,,The Department of Sanitation investigated this complaint and found no violation at the location.,02/17/2016 12:00:00 PM,08 BRONX,2057980077,BRONX,1009415,262284,ONLINE,Unspecified,BRONX,,,,,,,,40.88654713639936,-73.9089889515691,"(40.88654713639936, -73.9089889515691)"
32659819,02/12/2016 12:09:00 PM,02/16/2016 12:00:00 PM,DSNY,Department of Sanitation,Dirty Conditions,E8 Canine Violation,Sidewalk,10031,281 EDGECOMBE AVENUE,EDGECOMBE AVENUE,WEST 145 STREET,WEST 150 STREET,,,ADDRESS,NEW YORK,,N/A,Closed,,The Department of Sanitation investigated this complaint and found no violation at the location.,02/16/2016 12:00:00 PM,09 MANHATTAN,1020530014,MANHATTAN,1000055,239841,PHONE,Unspecified,MANHATTAN,,,,,,,,40.8249695474724,-73.94289297307817,"(40.8249695474724, -73.94289297307817)"
32657653,02/12/2016 12:08:00 PM,02/16/2016 12:00:00 PM,DSNY,Department of Sanitation,Dirty Conditions,E8 Canine Violation,Sidewalk,10031,287 EDGECOMBE AVENUE,EDGECOMBE AVENUE,WEST 145 STREET,WEST 150 STREET,,,ADDRESS,NEW YORK,,N/A,Closed,,The Department of Sanitation investigated this complaint and found no violation at the location.,02/16/2016 12:00:00 PM,09 MANHATTAN,1020530020,MANHATTAN,1000081,239890,PHONE,Unspecified,MANHATTAN,,,,,,,,40.82510399195542,-73.94279891363279,"(40.82510399195542, -73.94279891363279)"
32661160,02/12/2016 12:05:00 PM,02/16/2016 12:00:00 PM,DSNY,Department of Sanitation,Dirty Conditions,E8 Canine Violation,Sidewalk,10031,291 EDGECOMBE AVENUE,EDGECOMBE AVENUE,WEST 145 STREET,WEST 150 STREET,,,ADDRESS,NEW YORK,,N/A,Closed,,The Department of Sanitation investigated this complaint and found no violation at the location.,02/16/2016 12:00:00 PM,09 MANHATTAN,1020530024,MANHATTAN,1000099,239922,PHONE,Unspecified,MANHATTAN,,,,,,,,40.82519179056019,-73.9427337998751,"(40.82519179056019, -73.9427337998751)"
32662751,02/12/2016 12:01:00 PM,02/17/2016 12:00:00 PM,DSNY,Department of Sanitation,Dirty Conditions,E8 Canine Violation,Sidewalk,10467,,,,,ROCHAMBEAU AVENUE,GUN HILL ROAD,INTERSECTION,BRONX,,N/A,Closed,,The Department of Sanitation investigated this complaint and found no violation at the location.,02/17/2016 12:00:00 PM,07 BRONX,,BRONX,1017612,260457,ONLINE,Unspecified,BRONX,,,,,,,,40.88150541531775,-73.87935303961558,"(40.88150541531775, -73.87935303961558)"
32659752,02/12/2016 10:56:00 AM,02/13/2016 12:00:00 PM,DSNY,Department of Sanitation,Dirty Conditions,E8 Canine Violation,Sidewalk,11416,85-20 95 AVENUE,95 AVENUE,85 STREET,86 STREET,,,ADDRESS,Ozone Park,,N/A,Closed,,The Department of Sanitation investigated this complaint and found no violation at the location.,02/13/2016 12:00:00 PM,09 QUEENS,4090210010,QUEENS,1024283,188788,ONLINE,Unspecified,QUEENS,,,,,,,,40.68476568658295,-73.85565582550149,"(40.68476568658295, -73.85565582550149)"
32658401,02/12/2016 07:55:00 AM,02/16/2016 12:00:00 PM,DSNY,Department of Sanitation,Dirty Conditions,E8 Canine Violation,Sidewalk,11374,61-21 97 PLACE,97 PLACE,LONG ISLAND EXPRESSWAY,62 DRIVE,,,ADDRESS,Rego Park,,N/A,Closed,,The Department of Sanitation investigated this complaint and found no violation at the location.,02/16/2016 12:00:00 PM,06 QUEENS,4020830123,QUEENS,1022621,206814,PHONE,Unspecified,QUEENS,,,,,,,,40.73425008106287,-73.8615456421171,"(40.73425008106287, -73.8615456421171)"
32659124,02/12/2016 07:49:00 AM,02/19/2016 12:00:00 PM,DSNY,Department of Sanitation,Dirty Conditions,E8 Canine Violation,Sidewalk,11205,123 WILLOUGHBY AVENUE,WILLOUGHBY AVENUE,WAVERLY AVENUE,WASHINGTON AVENUE,,,ADDRESS,BROOKLYN,,N/A,Closed,,The Department of Sanitation investigated this complaint and found no violation at the location.,02/19/2016 12:00:00 PM,02 BROOKLYN,3019030059,BROOKLYN,993294,191272,PHONE,Unspecified,BROOKLYN,,,,,,,,40.69166960755205,-73.96738732233457,"(40.69166960755205, -73.96738732233457)"
32650094,02/11/2016 04:13:00 PM,02/17/2016 12:00:00 PM,DSNY,Department of Sanitation,Dirty Conditions,E8 Canine Violation,Sidewalk,11426,241-25 86 ROAD,86 ROAD,241 STREET,CROSS ISLAND PARKWAY,,,ADDRESS,Bellerose,,N/A,Closed,,The Department of Sanitation investigated this complaint and found no violation at the location.,02/17/2016 12:00:00 PM,13 QUEENS,4079640032,QUEENS,1060486,205816,PHONE,Unspecified,QUEENS,,,,,,,,40.73126550871897,-73.72492907088382,"(40.73126550871897, -73.72492907088382)"
32653334,02/11/2016 01:02:00 PM,02/17/2016 12:00:00 PM,DSNY,Department of Sanitation,Dirty Conditions,E8 Canine Violation,Sidewalk,10454,484 EAST  139 STREET,EAST  139 STREET,WILLIS AVENUE,BROOK AVENUE,,,ADDRESS,BRONX,,N/A,Closed,,The Department of Sanitation investigated this complaint and found no violation at the location.,02/17/2016 12:00:00 PM,01 BRONX,,BRONX,1006454,233907,PHONE,Unspecified,BRONX,,,,,,,,40.80866862082092,-73.91979158735789,"(40.80866862082092, -73.91979158735789)"
32651193,02/11/2016 10:57:00 AM,02/19/2016 12:00:00 PM,DSNY,Department of Sanitation,Dirty Conditions,E8 Canine Violation,Sidewalk,11214,,,,,BAY 25 STREET,BENSON AVENUE,INTERSECTION,BROOKLYN,,N/A,Closed,,The Department of Sanitation investigated this complaint and found no violation at the location.,02/19/2016 12:00:00 PM,11 BROOKLYN,,BROOKLYN,984450,158768,PHONE,Unspecified,BROOKLYN,,,,,,,,40.60245778257913,-73.99927976337715,"(40.60245778257913, -73.99927976337715)"
32650095,02/11/2016 04:06:00 AM,02/17/2016 12:00:00 PM,DSNY,Department of Sanitation,Dirty Conditions,E8 Canine Violation,Sidewalk,10467,3405 PUTNAM PLACE,PUTNAM PLACE,RESERVOIR OVAL,EAST GUN HILL ROAD,,,ADDRESS,BRONX,,N/A,Closed,,The Department of Sanitation investigated this complaint and found no violation at the location.,02/17/2016 12:00:00 PM,07 BRONX,2033430227,BRONX,1018567,259587,ONLINE,Unspecified,BRONX,,,,,,,,40.87911387624784,-73.87590393590823,"(40.87911387624784, -73.87590393590823)"
32644404,02/10/2016 06:04:00 PM,02/18/2016 12:00:00 PM,DSNY,Department of Sanitation,Dirty Conditions,E8 Canine Violation,Sidewalk,10033,4360 BROADWAY,BROADWAY,WEST 186 STREET,WEST 187 STREET,,,ADDRESS,NEW YORK,,N/A,Closed,,The Department of Sanitation investigated this complaint and found no violation at the location.,02/18/2016 12:00:00 PM,12 MANHATTAN,1021670029,MANHATTAN,1002495,250225,ONLINE,Unspecified,MANHATTAN,,,,,,,,40.8534658966435,-73.93404845786645,"(40.8534658966435, -73.93404845786645)"
32640737,02/10/2016 05:35:00 PM,02/15/2016 12:00:00 PM,DSNY,Department of Sanitation,Dirty Conditions,E8 Canine Violation,Sidewalk,11229,2028 EAST   26 STREET,EAST   26 STREET,AVENUE T,AVENUE U,,,ADDRESS,BROOKLYN,,N/A,Closed,,The Department of Sanitation investigated this complaint and found no violation at the location.,02/15/2016 12:00:00 PM,15 BROOKLYN,3073300018,BROOKLYN,999256,158420,PHONE,Unspecified,BROOKLYN,,,,,,,,40.6014898910024,-73.94596142614533,"(40.6014898910024, -73.94596142614533)"
32644327,02/10/2016 05:12:00 PM,02/11/2016 12:00:00 PM,DSNY,Department of Sanitation,Dirty Conditions,E8 Canine Violation,Sidewalk,11232,472 40 STREET,40 STREET,4 AVENUE,5 AVENUE,,,ADDRESS,BROOKLYN,,N/A,Closed,,The Department of Sanitation investigated this complaint and found no violation at the location.,02/11/2016 12:00:00 PM,07 BROOKLYN,3007140036,BROOKLYN,982798,176506,PHONE,Unspecified,BROOKLYN,,,,,,,,40.651144747085084,-74.00523273369788,"(40.651144747085084, -74.00523273369788)"
32642204,02/10/2016 05:05:00 PM,02/17/2016 12:00:00 PM,DSNY,Department of Sanitation,Dirty Conditions,E8 Canine Violation,Sidewalk,11354,,,,,154 STREET,26 AVENUE,INTERSECTION,Flushing,,N/A,Closed,,The Department of Sanitation investigated this complaint and found no violation at the location.,02/17/2016 12:00:00 PM,07 QUEENS,,QUEENS,1036945,221298,PHONE,Unspecified,QUEENS,,,,,,,,40.773931148125904,-73.80974687964209,"(40.773931148125904, -73.80974687964209)"
32642205,02/10/2016 03:42:00 PM,02/17/2016 12:00:00 PM,DSNY,Department of Sanitation,Dirty Conditions,E8 Canine Violation,Sidewalk,10023,315 WEST   70 STREET,WEST   70 STREET,WEST END AVENUE,FREEDOM PLACE,,,ADDRESS,NEW YORK,,N/A,Closed,,The Department of Sanitation investigated this complaint and found no violation at the location.,02/17/2016 12:00:00 PM,07 MANHATTAN,1011820020,MANHATTAN,988107,222996,PHONE,Unspecified,MANHATTAN,,,,,,,,40.778747935881874,-73.9860734644156,"(40.778747935881874, -73.9860734644156)"
32642178,02/10/2016 03:33:00 PM,02/13/2016 12:00:00 PM,DSNY,Department of Sanitation,Dirty Conditions,E8 Canine Violation,Sidewalk,11369,94-17 32 AVENUE,32 AVENUE,94 STREET,95 STREET,,,ADDRESS,East Elmhurst,,N/A,Closed,,The Department of Sanitation investigated this complaint and found no violation at the location.,02/13/2016 12:00:00 PM,03 QUEENS,4014060038,QUEENS,1019093,215691,PHONE,Unspecified,QUEENS,,,,,,,,40.75862979519348,-73.87422974243485,"(40.75862979519348, -73.87422974243485)"
32640749,02/10/2016 03:28:00 PM,02/11/2016 12:00:00 PM,DSNY,Department of Sanitation,Dirty Conditions,E8 Canine Violation,Sidewalk,,,,,,97 STREET,3 AVENUE,INTERSECTION,,,N/A,Closed,,The Department of Sanitation investigated this complaint and found no violation at the location.,02/11/2016 12:00:00 PM,10 BROOKLYN,,BROOKLYN,,,PHONE,Unspecified,BROOKLYN,,,,,,,,,,
32642896,02/10/2016 11:50:00 AM,02/11/2016 12:00:00 PM,DSNY,Department of Sanitation,Dirty Conditions,E8 Canine Violation,Sidewalk,11214,,,,,BAY 38 STREET,BATH AVENUE,INTERSECTION,BROOKLYN,,N/A,Closed,,The Department of Sanitation investigated this complaint and found no violation at the location.,02/11/2016 12:00:00 PM,11 BROOKLYN,,BROOKLYN,986562,155971,ONLINE,Unspecified,BROOKLYN,,,,,,,,40.59478028399385,-73.99167502192577,"(40.59478028399385, -73.99167502192577)"
32642943,02/10/2016 10:51:00 AM,02/17/2016 12:00:00 PM,DSNY,Department of Sanitation,Dirty Conditions,E8 Canine Violation,Sidewalk,11435,139-24 PERSHING CRESCENT,PERSHING CRESCENT,BEND,LANDER STREET,,,ADDRESS,Jamaica,,N/A,Closed,,The Department of Sanitation investigated this complaint and found no violation at the location.,02/17/2016 12:00:00 PM,08 QUEENS,4097150112,QUEENS,1034689,198237,PHONE,Unspecified,QUEENS,,,,,,,,40.710647753187544,-73.81806497866324,"(40.710647753187544, -73.81806497866324)"
32641490,02/10/2016 10:43:00 AM,02/16/2016 12:00:00 PM,DSNY,Department of Sanitation,Dirty Conditions,E8 Canine Violation,Sidewalk,10031,46 HAMILTON TERRACE,HAMILTON TERRACE,WEST 141 STREET,WEST 144 STREET,,,ADDRESS,NEW YORK,,N/A,Closed,,The Department of Sanitation investigated this complaint and found no violation at the location.,02/16/2016 12:00:00 PM,09 MANHATTAN,1020500070,MANHATTAN,999055,239049,ONLINE,Unspecified,MANHATTAN,,,,,,,,40.822797465312014,-73.94650794502397,"(40.822797465312014, -73.94650794502397)"
32644403,02/10/2016 10:41:00 AM,02/13/2016 12:00:00 PM,DSNY,Department of Sanitation,Dirty Conditions,E8 Canine Violation,Sidewalk,11372,37-27 86 STREET,86 STREET,37 AVENUE,ROOSEVELT AVENUE,,,ADDRESS,Jackson Heights,,N/A,Closed,,The Department of Sanitation investigated this complaint and found no violation at the location.,02/13/2016 12:00:00 PM,03 QUEENS,4014740058,QUEENS,1017374,212337,PHONE,Unspecified,QUEENS,,,,,,,,40.74943053261506,-73.88045120718839,"(40.74943053261506, -73.88045120718839)"
32641482,02/10/2016 10:41:00 AM,02/17/2016 12:00:00 PM,DSNY,Department of Sanitation,Dirty Conditions,E8 Canine Violation,Sidewalk,10075,333 EAST   80 STREET,EAST   80 STREET,2 AVENUE,1 AVENUE,,,ADDRESS,NEW YORK,,N/A,Closed,,The Department of Sanitation investigated this complaint and found no violation at the location.,02/17/2016 12:00:00 PM,08 MANHATTAN,1015430018,MANHATTAN,997188,221085,PHONE,Unspecified,MANHATTAN,,,,,,,,40.77349411646564,-73.9532882266125,"(40.77349411646564, -73.9532882266125)"
32645877,02/10/2016 10:15:00 AM,02/11/2016 12:00:00 PM,DSNY,Department of Sanitation,Dirty Conditions,E8 Canine Violation,Sidewalk,11223,2024 WEST STREET,WEST STREET,AVENUE T,SLOAN PLACE,,,ADDRESS,BROOKLYN,,N/A,Closed,,The Department of Sanitation investigated this complaint and found no violation at the location.,02/11/2016 12:00:00 PM,15 BROOKLYN,3071040355,BROOKLYN,992074,157483,PHONE,Unspecified,BROOKLYN,,,,,,,,40.598927266865495,-73.97182583264858,"(40.598927266865495, -73.97182583264858)"
32643663,02/10/2016 09:31:00 AM,02/11/2016 12:00:00 PM,DSNY,Department of Sanitation,Dirty Conditions,E8 Canine Violation,Sidewalk,11212,238 EAST   92 STREET,EAST   92 STREET,WINTHROP STREET,CLARKSON AVENUE,,,ADDRESS,BROOKLYN,,N/A,Closed,,The Department of Sanitation investigated this complaint and found no violation at the location.,02/11/2016 12:00:00 PM,17 BROOKLYN,3046270017,BROOKLYN,1005106,179538,PHONE,Unspecified,BROOKLYN,,,,,,,,40.659442480727996,-73.92482955768094,"(40.659442480727996, -73.92482955768094)"
32645878,02/10/2016 08:54:00 AM,02/11/2016 12:00:00 PM,DSNY,Department of Sanitation,Dirty Conditions,E8 Canine Violation,Sidewalk,11212,,,,,WINTHROP STREET,EAST 91 STREET,INTERSECTION,BROOKLYN,,N/A,Closed,,The Department of Sanitation investigated this complaint and found no violation at the location.,02/11/2016 12:00:00 PM,17 BROOKLYN,,BROOKLYN,1004652,179673,PHONE,Unspecified,BROOKLYN,,,,,,,,40.659814083590746,-73.9264654823903,"(40.659814083590746, -73.9264654823903)"
32642930,02/10/2016 08:37:00 AM,02/13/2016 12:00:00 PM,DSNY,Department of Sanitation,Dirty Conditions,E8 Canine Violation,Sidewalk,11370,,,,,32 AVENUE,81 STREET,INTERSECTION,East Elmhurst,,N/A,Closed,,The Department of Sanitation investigated this complaint and found no violation at the location.,02/13/2016 12:00:00 PM,03 QUEENS,,QUEENS,1015643,215306,PHONE,Unspecified,QUEENS,,,,,,,,40.75758599227332,-73.88668474102066,"(40.75758599227332, -73.88668474102066)"
32642944,02/10/2016 08:35:00 AM,02/18/2016 12:00:00 PM,DSNY,Department of Sanitation,Dirty Conditions,E8 Canine Violation,Sidewalk,10033,2440 AMSTERDAM AVENUE,AMSTERDAM AVENUE,WASHINGTON BRIDGE,WEST 182 STREET,,,ADDRESS,NEW YORK,,N/A,Closed,,The Department of Sanitation investigated this complaint and found no violation at the location.,02/18/2016 12:00:00 PM,12 MANHATTAN,1021550019,MANHATTAN,1003380,248299,ONLINE,Unspecified,MANHATTAN,,,,,,,,40.84817772571852,-73.93085488015083,"(40.84817772571852, -73.93085488015083)"
32645796,02/10/2016 08:03:00 AM,02/11/2016 12:00:00 PM,DSNY,Department of Sanitation,Dirty Conditions,E8 Canine Violation,Sidewalk,11208,,,,,CLEVELAND STREET,FULTON STREET,INTERSECTION,BROOKLYN,,N/A,Closed,,The Department of Sanitation investigated this complaint and found no violation at the location.,02/11/2016 12:00:00 PM,05 BROOKLYN,,BROOKLYN,1015993,186914,PHONE,Unspecified,BROOKLYN,,,,,,,,40.67965559988202,-73.885555285273,"(40.67965559988202, -73.885555285273)"
32645146,02/10/2016 08:00:00 AM,02/13/2016 12:00:00 PM,DSNY,Department of Sanitation,Dirty Conditions,E8 Canine Violation,Sidewalk,11373,41-71 DENMAN STREET,DENMAN STREET,LAMONT AVENUE,94 STREET,,,ADDRESS,Elmhurst,,N/A,Closed,,The Department of Sanitation investigated this complaint and found no violation at the location.,02/13/2016 12:00:00 PM,04 QUEENS,4015740001,QUEENS,1019540,210973,PHONE,Unspecified,QUEENS,,,,,,,,40.74567832051017,-73.87264100161151,"(40.74567832051017, -73.87264100161151)"
32636663,02/09/2016 08:56:00 PM,02/17/2016 12:00:00 PM,DSNY,Department of Sanitation,Dirty Conditions,E8 Canine Violation,Sidewalk,10001,1234 BROADWAY,BROADWAY,WEST 30 STREET,WEST 31 STREET,,,ADDRESS,NEW YORK,,N/A,Closed,,The Department of Sanitation investigated this complaint and found no violation at the location.,02/17/2016 12:00:00 PM,05 MANHATTAN,1008320066,MANHATTAN,987481,211541,ONLINE,Unspecified,MANHATTAN,,,,,,,,40.74730716246257,-73.98833927908684,"(40.74730716246257, -73.98833927908684)"
32634485,02/09/2016 04:14:00 PM,02/10/2016 12:00:00 PM,DSNY,Department of Sanitation,Dirty Conditions,E8 Canine Violation,Sidewalk,11225,,,,,STERLING STREET,NOSTRAND AVENUE,INTERSECTION,BROOKLYN,,N/A,Closed,,The Department of Sanitation investigated this complaint and found no violation at the location.,02/10/2016 12:00:00 PM,09 BROOKLYN,,BROOKLYN,997874,180875,PHONE,Unspecified,BROOKLYN,,,,,,,,40.663126330972496,-73.95089285614004,"(40.663126330972496, -73.95089285614004)"
32636611,02/09/2016 03:40:00 PM,02/19/2016 12:00:00 PM,DSNY,Department of Sanitation,Dirty Conditions,E8 Canine Violation,Sidewalk,10310,55 PURCELL STREET,PURCELL STREET,BEND,FREEMAN PLACE,,,ADDRESS,STATEN ISLAND,,N/A,Closed,,The Department of Sanitation investigated this complaint and found no violation at the location.,02/19/2016 12:00:00 PM,01 STATEN ISLAND,5003100123,STATEN ISLAND,951628,167744,ONLINE,Unspecified,STATEN ISLAND,,,,,,,,40.6270349852917,-74.11752109148496,"(40.6270349852917, -74.11752109148496)"
32637747,02/09/2016 03:38:00 PM,02/19/2016 12:00:00 PM,DSNY,Department of Sanitation,Dirty Conditions,E8 Canine Violation,Sidewalk,10301,,,,,VICTORY BOULEVARD,ONTARIO AVENUE,INTERSECTION,STATEN ISLAND,,N/A,Closed,,The Department of Sanitation investigated this complaint and found no violation at the location.,02/19/2016 12:00:00 PM,01 STATEN ISLAND,,STATEN ISLAND,955003,163583,PHONE,Unspecified,STATEN ISLAND,,,,,,,,40.61562570164789,-74.10534460452432,"(40.61562570164789, -74.10534460452432)"
32639791,02/09/2016 11:46:00 AM,02/13/2016 12:00:00 PM,DSNY,Department of Sanitation,Dirty Conditions,E8 Canine Violation,Sidewalk,11433,,,,,93 AVENUE,173 STREET,INTERSECTION,Jamaica,,N/A,Closed,,The Department of Sanitation investigated this complaint and found no violation at the location.,02/13/2016 12:00:00 PM,12 QUEENS,,QUEENS,1043566,196630,PHONE,Unspecified,QUEENS,,,,,,,,40.70618187315896,-73.78605964184203,"(40.70618187315896, -73.78605964184203)"
32634537,02/09/2016 10:04:00 AM,02/17/2016 12:00:00 PM,DSNY,Department of Sanitation,Dirty Conditions,E8 Canine Violation,Sidewalk,10452,,,,,GERARD AVENUE,EAST 162 STREET,INTERSECTION,BRONX,,N/A,Closed,,The Department of Sanitation investigated this complaint and found no violation at the location.,02/17/2016 12:00:00 PM,04 BRONX,,BRONX,1005154,241059,PHONE,Unspecified,BRONX,,,,,,,,40.82830201346359,-73.92446535007122,"(40.82830201346359, -73.92446535007122)"
32636613,02/09/2016 09:29:00 AM,02/11/2016 12:00:00 PM,DSNY,Department of Sanitation,Dirty Conditions,E8 Canine Violation,Sidewalk,11238,406 SAINT MARKS AVENUE,SAINT MARKS AVENUE,GRAND AVENUE,CLASSON AVENUE,,,ADDRESS,BROOKLYN,,N/A,Closed,,The Department of Sanitation investigated this complaint and found no violation at the location.,02/11/2016 12:00:00 PM,08 BROOKLYN,3011550021,BROOKLYN,994949,185944,ONLINE,Unspecified,BROOKLYN,,,,,,,,40.67704361924289,-73.96142785060803,"(40.67704361924289, -73.96142785060803)"
32636612,02/09/2016 09:27:00 AM,02/11/2016 12:00:00 PM,DSNY,Department of Sanitation,Dirty Conditions,E8 Canine Violation,Sidewalk,11208,,,,,LINCOLN AVENUE,PITKIN AVENUE,INTERSECTION,BROOKLYN,,N/A,Closed,,The Department of Sanitation investigated this complaint and found no violation at the location.,02/11/2016 12:00:00 PM,05 BROOKLYN,,BROOKLYN,1021070,185630,ONLINE,Unspecified,BROOKLYN,,,,,,,,40.67611165208636,-73.86725795011887,"(40.67611165208636, -73.86725795011887)"
32633434,02/09/2016 08:26:00 AM,02/17/2016 12:00:00 PM,DSNY,Department of Sanitation,Dirty Conditions,E8 Canine Violation,Sidewalk,10460,1550 VYSE AVENUE,VYSE AVENUE,EAST 172 STREET,EAST 173 STREET,,,ADDRESS,BRONX,,N/A,Closed,,The Department of Sanitation investigated this complaint and found no violation at the location.,02/17/2016 12:00:00 PM,03 BRONX,2029960010,BRONX,1015378,243203,PHONE,Unspecified,BRONX,,,,,,,,40.8341565580271,-73.88751196724176,"(40.8341565580271, -73.88751196724176)"
32633458,02/09/2016 08:03:00 AM,02/13/2016 12:00:00 PM,DSNY,Department of Sanitation,Dirty Conditions,E8 Canine Violation,Sidewalk,11433,108-20 171 STREET,171 STREET,108 AVENUE,108 DRIVE,,,ADDRESS,Jamaica,,N/A,Closed,,The Department of Sanitation investigated this complaint and found no violation at the location.,02/13/2016 12:00:00 PM,12 QUEENS,4102530047,QUEENS,1043875,193756,PHONE,Unspecified,QUEENS,,,,,,,,40.69829136397321,-73.78497059387517,"(40.69829136397321, -73.78497059387517)"
32629472,02/08/2016 09:41:00 PM,02/16/2016 12:00:00 PM,DSNY,Department of Sanitation,Dirty Conditions,E8 Canine Violation,Sidewalk,11414,151-16 79 STREET,79 STREET,151 AVENUE,153 AVENUE,,,ADDRESS,Howard Beach,,N/A,Closed,,The Department of Sanitation investigated this complaint and found no violation at the location.,02/16/2016 12:00:00 PM,10 QUEENS,4114257502,QUEENS,1024359,182292,ONLINE,Unspecified,QUEENS,,,,,,,,40.66693531114996,-73.85542045648205,"(40.66693531114996, -73.85542045648205)"
32627614,02/08/2016 04:12:00 PM,02/16/2016 12:00:00 PM,DSNY,Department of Sanitation,Dirty Conditions,E8 Canine Violation,Sidewalk,11377,51-40 66 STREET,66 STREET,51 ROAD,52 AVENUE,,,ADDRESS,Woodside,,N/A,Closed,,The Department of Sanitation investigated this complaint and found no violation at the location.,02/16/2016 12:00:00 PM,05 QUEENS,4023830013,QUEENS,1012221,206766,PHONE,Unspecified,QUEENS,,,,,,,,40.73415733689935,-73.89907219779413,"(40.73415733689935, -73.89907219779413)"
32628536,02/08/2016 01:41:00 PM,02/11/2016 12:00:00 PM,DSNY,Department of Sanitation,Dirty Conditions,E8 Canine Violation,Sidewalk,11207,313 BRADFORD STREET,BRADFORD STREET,PITKIN AVENUE,BELMONT AVENUE,,,ADDRESS,BROOKLYN,,N/A,Closed,,The Department of Sanitation investigated this complaint and found no violation at the location.,02/11/2016 12:00:00 PM,05 BROOKLYN,3037420003,BROOKLYN,1014243,183950,PHONE,Unspecified,BROOKLYN,,,,,,,,40.67152619648755,-73.89187783628209,"(40.67152619648755, -73.89187783628209)"
32627590,02/08/2016 09:29:00 AM,02/16/2016 12:00:00 PM,DSNY,Department of Sanitation,Dirty Conditions,E8 Canine Violation,Sidewalk,10033,452 FT WASHINGTON AVENUE,FT WASHINGTON AVENUE,WEST 180 STREET,WEST 181 STREET,,,ADDRESS,NEW YORK,,N/A,Closed,,The Department of Sanitation investigated this complaint and found no violation at the location.,02/16/2016 12:00:00 PM,12 MANHATTAN,1021760100,MANHATTAN,1001260,249072,ONLINE,Unspecified,MANHATTAN,,,,,,,,40.85030372032608,-73.93851562699032,"(40.85030372032608, -73.93851562699032)"
32627547,02/08/2016 08:52:00 AM,02/16/2016 12:00:00 PM,DSNY,Department of Sanitation,Dirty Conditions,E8 Canine Violation,Sidewalk,11379,69-53 75 STREET,75 STREET,69 ROAD,71 AVENUE,,,ADDRESS,Middle Village,,N/A,Closed,,The Department of Sanitation investigated this complaint and found no violation at the location.,02/16/2016 12:00:00 PM,05 QUEENS,4037940228,QUEENS,1018648,197224,ONLINE,Unspecified,QUEENS,,,,,,,,40.70794421540553,-73.87593043792863,"(40.70794421540553, -73.87593043792863)"
32630498,02/08/2016 07:43:00 AM,02/17/2016 12:00:00 PM,DSNY,Department of Sanitation,Dirty Conditions,E8 Canine Violation,Sidewalk,10454,370 BROOK AVENUE,BROOK AVENUE,EAST 142 STREET,EAST 143 STREET,,,ADDRESS,BRONX,,N/A,Closed,,The Department of Sanitation investigated this complaint and found no violation at the location.,02/17/2016 12:00:00 PM,01 BRONX,2022690001,BRONX,1007114,234638,PHONE,Unspecified,BRONX,,,,,,,,40.81067332885121,-73.91740495406697,"(40.81067332885121, -73.91740495406697)"
32628560,02/08/2016 07:31:00 AM,02/16/2016 12:00:00 PM,DSNY,Department of Sanitation,Dirty Conditions,E8 Canine Violation,Sidewalk,10128,317 EAST   92 STREET,EAST   92 STREET,2 AVENUE,1 AVENUE,,,ADDRESS,NEW YORK,,N/A,Closed,,The Department of Sanitation investigated this complaint and found no violation at the location.,02/16/2016 12:00:00 PM,08 MANHATTAN,1015550011,MANHATTAN,998560,223978,ONLINE,Unspecified,MANHATTAN,,,,,,,,40.781432523315935,-73.94832855332406,"(40.781432523315935, -73.94832855332406)"
32623320,02/07/2016 04:16:00 PM,02/13/2016 12:00:00 PM,DSNY,Department of Sanitation,Dirty Conditions,E8 Canine Violation,Sidewalk,11419,101-48 126 STREET,126 STREET,101 AVENUE,103 AVENUE,,,ADDRESS,South Richmond Hill,,N/A,Closed,,The Department of Sanitation investigated this complaint and found no violation at the location.,02/13/2016 12:00:00 PM,09 QUEENS,4094920031,QUEENS,1034202,191179,ONLINE,Unspecified,QUEENS,,,,,,,,40.69127799875372,-73.81987394767775,"(40.69127799875372, -73.81987394767775)"
32620236,02/07/2016 04:15:00 PM,02/17/2016 12:00:00 PM,DSNY,Department of Sanitation,Dirty Conditions,E8 Canine Violation,Sidewalk,10003,302 EAST   19 STREET,EAST   19 STREET,2 AVENUE,1 AVENUE,,,ADDRESS,NEW YORK,,N/A,Closed,,The Department of Sanitation investigated this complaint and found no violation at the location.,02/17/2016 12:00:00 PM,06 MANHATTAN,1009247501,MANHATTAN,989153,207152,PHONE,Unspecified,MANHATTAN,,,,,,,,40.73525968126271,-73.98230820868973,"(40.73525968126271, -73.98230820868973)"
32621537,02/07/2016 02:32:00 PM,02/18/2016 12:00:00 PM,DSNY,Department of Sanitation,Dirty Conditions,E8 Canine Violation,Sidewalk,11205,286 WILLOUGHBY AVENUE,WILLOUGHBY AVENUE,TAAFFE PLACE,KENT AVENUE,,,ADDRESS,BROOKLYN,,N/A,Closed,,The Department of Sanitation investigated this complaint and found no violation at the location.,02/18/2016 12:00:00 PM,03 BROOKLYN,3019250027,BROOKLYN,995445,191593,ONLINE,Unspecified,BROOKLYN,,,,,,,,40.692548218867756,-73.95963028062404,"(40.692548218867756, -73.95963028062404)"
32622145,02/07/2016 02:13:00 PM,02/12/2016 12:00:00 PM,DSNY,Department of Sanitation,Dirty Conditions,E8 Canine Violation,Sidewalk,11205,263 CLASSON AVENUE,CLASSON AVENUE,WILLOUGHBY AVENUE,DEKALB AVENUE,,,ADDRESS,BROOKLYN,,N/A,Closed,,The Department of Sanitation investigated this complaint and found no violation at the location.,02/12/2016 12:00:00 PM,03 BROOKLYN,3019247501,BROOKLYN,995176,191332,PHONE,Unspecified,BROOKLYN,,,,,,,,40.69183217039905,-73.96060073101341,"(40.69183217039905, -73.96060073101341)"
32622733,02/07/2016 02:01:00 PM,02/17/2016 12:00:00 PM,DSNY,Department of Sanitation,Dirty Conditions,E8 Canine Violation,Sidewalk,11691,163A BEACH   26 STREET,BEACH   26 STREET,DEAD END,SEAGIRT AVENUE,,,ADDRESS,Far Rockaway,,N/A,Closed,,The Department of Sanitation investigated this complaint and found no violation at the location.,02/17/2016 12:00:00 PM,14 QUEENS,4158180053,QUEENS,1051142,155783,PHONE,Unspecified,QUEENS,,,,,,,,40.59401213995806,-73.75913982345726,"(40.59401213995806, -73.75913982345726)"
32622689,02/07/2016 01:10:00 PM,02/17/2016 12:00:00 PM,DSNY,Department of Sanitation,Dirty Conditions,E8 Canine Violation,Sidewalk,10468,2785 SEDGWICK AVENUE,SEDGWICK AVENUE,WEST 195 STREET,WEST 197 STREET,,,ADDRESS,BRONX,,N/A,Closed,,The Department of Sanitation investigated this complaint and found no violation at the location.,02/17/2016 12:00:00 PM,08 BRONX,2032530047,BRONX,1011260,256919,PHONE,Unspecified,BRONX,,,,,,,,40.87181643042306,-73.9023380128015,"(40.87181643042306, -73.9023380128015)"
32619609,02/07/2016 07:15:00 AM,02/17/2016 12:00:00 PM,DSNY,Department of Sanitation,Dirty Conditions,E8 Canine Violation,Sidewalk,10474,710 MANIDA STREET,MANIDA STREET,SPOFFORD AVENUE,BEND,,,ADDRESS,BRONX,,N/A,Closed,,The Department of Sanitation investigated this complaint and found no violation at the location.,02/17/2016 12:00:00 PM,02 BRONX,,BRONX,1015126,236136,ONLINE,Unspecified,BRONX,,,,,,,,40.81476055018203,-73.88845514485546,"(40.81476055018203, -73.88845514485546)"
32618739,02/06/2016 05:25:00 PM,02/19/2016 12:00:00 PM,DSNY,Department of Sanitation,Dirty Conditions,E8 Canine Violation,Sidewalk,10304,55 AUSTIN PLACE,AUSTIN PLACE,VICTORY BOULEVARD,NATALIE COURT,,,ADDRESS,STATEN ISLAND,,N/A,Closed,,The Department of Sanitation investigated this complaint and found no violation at the location.,02/19/2016 12:00:00 PM,01 STATEN ISLAND,5005797501,STATEN ISLAND,960424,169290,ONLINE,Unspecified,STATEN ISLAND,,,,,,,,40.63130645116197,-74.08583889246876,"(40.63130645116197, -74.08583889246876)"
32612989,02/06/2016 05:24:00 PM,02/19/2016 12:00:00 PM,DSNY,Department of Sanitation,Dirty Conditions,E8 Canine Violation,Sidewalk,10314,,,,,SCHMIDTS LANE,MANOR ROAD,INTERSECTION,STATEN ISLAND,,N/A,Closed,,The Department of Sanitation investigated this complaint and found no violation at the location.,02/19/2016 12:00:00 PM,02 STATEN ISLAND,,STATEN ISLAND,950606,161114,PHONE,Unspecified,STATEN ISLAND,,,,,,,,40.60883320663564,-74.12116981373055,"(40.60883320663564, -74.12116981373055)"
32615875,02/06/2016 04:54:00 PM,02/17/2016 12:00:00 PM,DSNY,Department of Sanitation,Dirty Conditions,E8 Canine Violation,Sidewalk,11691,31-17 DWIGHT AVENUE,DWIGHT AVENUE,BAY 31 STREET,BAY 32 STREET,,,ADDRESS,Far Rockaway,,N/A,Closed,,The Department of Sanitation investigated this complaint and found no violation at the location.,02/17/2016 12:00:00 PM,14 QUEENS,4157420192,QUEENS,1048961,158271,PHONE,Unspecified,QUEENS,,,,,,,,40.60085736542136,-73.7669691505063,"(40.60085736542136, -73.7669691505063)"
32614927,02/06/2016 03:07:00 PM,02/12/2016 12:00:00 PM,DSNY,Department of Sanitation,Dirty Conditions,E8 Canine Violation,Sidewalk,11236,,,,,AVENUE L,EAST 85 STREET,INTERSECTION,BROOKLYN,,N/A,Closed,,The Department of Sanitation investigated this complaint and found no violation at the location.,02/12/2016 12:00:00 PM,18 BROOKLYN,,BROOKLYN,1010854,169893,PHONE,Unspecified,BROOKLYN,,,,,,,,40.63295364995982,-73.9041503251906,"(40.63295364995982, -73.9041503251906)"
32615873,02/06/2016 02:28:00 PM,02/13/2016 12:00:00 PM,DSNY,Department of Sanitation,Dirty Conditions,E8 Canine Violation,Sidewalk,11412,120-04 192 STREET,192 STREET,120 AVENUE,121 AVENUE,,,ADDRESS,Saint Albans,,N/A,Closed,,The Department of Sanitation investigated this complaint and found no violation at the location.,02/13/2016 12:00:00 PM,12 QUEENS,4126700017,QUEENS,1051699,189967,PHONE,Unspecified,QUEENS,,,,,,,,40.687835300707704,-73.75679248321984,"(40.687835300707704, -73.75679248321984)"
32616841,02/06/2016 01:42:00 PM,02/17/2016 12:00:00 PM,DSNY,Department of Sanitation,Dirty Conditions,E8 Canine Violation,Sidewalk,10458,,,,,BAINBRIDGE AVENUE,EAST 193 STREET,INTERSECTION,BRONX,,N/A,Closed,,The Department of Sanitation investigated this complaint and found no violation at the location.,02/17/2016 12:00:00 PM,07 BRONX,,BRONX,1014001,254089,PHONE,Unspecified,BRONX,,,,,,,,40.864040135005396,-73.892439757325,"(40.864040135005396, -73.892439757325)"
32614913,02/06/2016 11:10:00 AM,02/12/2016 12:00:00 PM,DSNY,Department of Sanitation,Dirty Conditions,E8 Canine Violation,Sidewalk,11237,,,,,DEKALB AVENUE,IRVING AVENUE,INTERSECTION,BROOKLYN,,N/A,Closed,,The Department of Sanitation investigated this complaint and found no violation at the location.,02/12/2016 12:00:00 PM,04 BROOKLYN,,BROOKLYN,1006202,195294,PHONE,Unspecified,BROOKLYN,,,,,,,,40.70268645368849,-73.92082796433571,"(40.70268645368849, -73.92082796433571)"
32609433,02/05/2016 06:29:00 PM,02/13/2016 12:00:00 PM,DSNY,Department of Sanitation,Dirty Conditions,E8 Canine Violation,Sidewalk,11412,118-57 201 STREET,201 STREET,118 AVENUE,119 AVENUE,,,ADDRESS,Saint Albans,,N/A,Closed,,The Department of Sanitation investigated this complaint and found no violation at the location.,02/13/2016 12:00:00 PM,12 QUEENS,4126300039,QUEENS,1053367,191735,PHONE,Unspecified,QUEENS,,,,,,,,40.692675165515055,-73.75075990418385,"(40.692675165515055, -73.75075990418385)"
32611550,02/05/2016 04:26:00 PM,02/10/2016 12:00:00 PM,DSNY,Department of Sanitation,Dirty Conditions,E8 Canine Violation,Sidewalk,11203,578 EAST   54 STREET,EAST   54 STREET,CLARENDON ROAD,KINGS HIGHWAY,,,ADDRESS,BROOKLYN,,N/A,Closed,,The Department of Sanitation investigated this complaint and found no violation at the location.,02/10/2016 12:00:00 PM,17 BROOKLYN,3047740012,BROOKLYN,1004873,173996,PHONE,Unspecified,BROOKLYN,,,,,,,,40.64423144836358,-73.92568629556787,"(40.64423144836358, -73.92568629556787)"
32608714,02/05/2016 02:29:00 PM,02/13/2016 12:00:00 PM,DSNY,Department of Sanitation,Dirty Conditions,E8 Canine Violation,Sidewalk,11412,,,,,118 AVENUE,201 STREET,INTERSECTION,Saint Albans,,N/A,Closed,,The Department of Sanitation investigated this complaint and found no violation at the location.,02/13/2016 12:00:00 PM,12 QUEENS,,QUEENS,1053240,192069,PHONE,Unspecified,QUEENS,,,,,,,,40.693592905489325,-73.75121445073971,"(40.693592905489325, -73.75121445073971)"
32607999,02/05/2016 01:40:00 PM,02/11/2016 12:00:00 PM,DSNY,Department of Sanitation,Dirty Conditions,E8 Canine Violation,Sidewalk,11233,,,,,SUMPTER STREET,MOTHER GASTON BOULEVARD,INTERSECTION,BROOKLYN,,N/A,Closed,,The Department of Sanitation investigated this complaint and found no violation at the location.,02/11/2016 12:00:00 PM,16 BROOKLYN,,BROOKLYN,1009568,187500,PHONE,Unspecified,BROOKLYN,,,,,,,,40.681284744402134,-73.90871745665605,"(40.681284744402134, -73.90871745665605)"
32609424,02/05/2016 01:26:00 PM,02/10/2016 12:00:00 PM,DSNY,Department of Sanitation,Dirty Conditions,E8 Canine Violation,Sidewalk,10461,1045 NEILL AVENUE,NEILL AVENUE,PAULDING AVENUE,HONE AVENUE,,,ADDRESS,BRONX,,N/A,Closed,,The Department of Sanitation investigated this complaint and found no violation at the location.,02/10/2016 12:00:00 PM,11 BRONX,,BRONX,1023552,249943,PHONE,Unspecified,BRONX,,,,,,,,40.85262326768072,-73.85793392364225,"(40.85262326768072, -73.85793392364225)"
32608321,02/05/2016 01:22:00 PM,02/12/2016 12:00:00 PM,DSNY,Department of Sanitation,Dirty Conditions,E8 Canine Violation,Sidewalk,11374,65-65 BOOTH STREET,BOOTH STREET,65 ROAD,66 AVENUE,,,ADDRESS,Rego Park,,N/A,Closed,,The Department of Sanitation investigated this complaint and found no violation at the location.,02/12/2016 12:00:00 PM,06 QUEENS,4030870052,QUEENS,1023626,204073,ONLINE,Unspecified,QUEENS,,,,,,,,40.72672229985371,-73.85793533972758,"(40.72672229985371, -73.85793533972758)"
32606111,02/05/2016 10:43:00 AM,02/06/2016 12:00:00 PM,DSNY,Department of Sanitation,Dirty Conditions,E8 Canine Violation,Sidewalk,11228,1501 BAY RIDGE PARKWAY,BAY RIDGE PARKWAY,15 AVENUE,16 AVENUE,,,ADDRESS,BROOKLYN,,N/A,Closed,,The Department of Sanitation investigated this complaint and found no violation at the location.,02/06/2016 12:00:00 PM,11 BROOKLYN,3062130001,BROOKLYN,983504,164231,ONLINE,Unspecified,BROOKLYN,,,,,,,,40.61745256660622,-74.00268708608903,"(40.61745256660622, -74.00268708608903)"
32608893,02/05/2016 10:04:00 AM,02/10/2016 12:00:00 PM,DSNY,Department of Sanitation,Dirty Conditions,E8 Canine Violation,Sidewalk,10452,54 FEATHERBED LANE,FEATHERBED LANE,BEND,BEND,,,ADDRESS,BRONX,,N/A,Closed,,The Department of Sanitation investigated this complaint and found no violation at the location.,02/10/2016 12:00:00 PM,05 BRONX,2028650103,BRONX,1007462,247388,ONLINE,Unspecified,BRONX,,,,,,,,40.84566751269749,-73.91610370963573,"(40.84566751269749, -73.91610370963573)"
32609578,02/05/2016 09:57:00 AM,02/10/2016 12:00:00 PM,DSNY,Department of Sanitation,Dirty Conditions,E8 Canine Violation,Sidewalk,10452,54 FEATHERBED LANE,FEATHERBED LANE,BEND,BEND,,,ADDRESS,BRONX,,N/A,Closed,,The Department of Sanitation investigated this complaint and found no violation at the location.,02/10/2016 12:00:00 PM,05 BRONX,2028650103,BRONX,1007462,247388,ONLINE,Unspecified,BRONX,,,,,,,,40.84566751269749,-73.91610370963573,"(40.84566751269749, -73.91610370963573)"
32608184,02/05/2016 12:26:00 AM,02/10/2016 12:00:00 PM,DSNY,Department of Sanitation,Dirty Conditions,E8 Canine Violation,Sidewalk,11212,,,,,EAST 92 STREET,RUTLAND ROAD,INTERSECTION,BROOKLYN,,N/A,Closed,,The Department of Sanitation investigated this complaint and found no violation at the location.,02/10/2016 12:00:00 PM,17 BROOKLYN,,BROOKLYN,1004346,180436,ONLINE,Unspecified,BROOKLYN,,,,,,,,40.661909049390275,-73.92756611749921,"(40.661909049390275, -73.92756611749921)"
32599284,02/04/2016 09:42:00 PM,02/11/2016 12:00:00 PM,DSNY,Department of Sanitation,Dirty Conditions,E8 Canine Violation,Sidewalk,11233,,,,,STERLING PLACE,RALPH AVENUE,INTERSECTION,BROOKLYN,,N/A,Closed,,The Department of Sanitation investigated this complaint and found no violation at the location.,02/11/2016 12:00:00 PM,08 BROOKLYN,,BROOKLYN,1005781,183753,PHONE,Unspecified,BROOKLYN,,,,,,,,40.671010100110195,-73.9223832225261,"(40.671010100110195, -73.9223832225261)"
32599319,02/04/2016 07:14:00 PM,02/11/2016 12:00:00 PM,DSNY,Department of Sanitation,Dirty Conditions,E8 Canine Violation,Sidewalk,11221,464 KOSCIUSZKO STREET,KOSCIUSZKO STREET,LEWIS AVENUE,STUYVESANT AVENUE,,,ADDRESS,BROOKLYN,,N/A,Closed,,The Department of Sanitation investigated this complaint and found no violation at the location.,02/11/2016 12:00:00 PM,03 BROOKLYN,3016060020,BROOKLYN,1002127,191556,ONLINE,Unspecified,BROOKLYN,,,,,,,,40.6924356875994,-73.93553476598035,"(40.6924356875994, -73.93553476598035)"
32599316,02/04/2016 06:15:00 PM,02/06/2016 12:00:00 PM,DSNY,Department of Sanitation,Dirty Conditions,E8 Canine Violation,Sidewalk,10467,3259 HULL AVENUE,HULL AVENUE,EAST 207 STREET,EAST 209 STREET,,,ADDRESS,BRONX,,N/A,Closed,,The Department of Sanitation investigated this complaint and issued a Notice of Violation.,02/06/2016 12:00:00 PM,07 BRONX,2033470059,BRONX,1018768,258388,MOBILE,Unspecified,BRONX,,,,,,,,40.87582221160098,-73.87518326499425,"(40.87582221160098, -73.87518326499425)"
32603385,02/04/2016 05:33:00 PM,02/06/2016 12:00:00 PM,DSNY,Department of Sanitation,Dirty Conditions,E8 Canine Violation,Sidewalk,10463,2880 KINGSBRIDGE TERRACE,KINGSBRIDGE TERRACE,WEST 229 STREET,WEST 230 STREET,,,ADDRESS,BRONX,,N/A,Closed,,The Department of Sanitation investigated this complaint and found no violation at the location.,02/06/2016 12:00:00 PM,08 BRONX,2032530341,BRONX,1011194,257864,PHONE,Unspecified,BRONX,,,,,,,,40.87441036529776,-73.90257285318309,"(40.87441036529776, -73.90257285318309)"
32605450,02/04/2016 05:27:00 PM,02/16/2016 12:00:00 PM,DSNY,Department of Sanitation,Dirty Conditions,E8 Canine Violation,Sidewalk,11417,105-21 91 STREET,91 STREET,LIBERTY AVENUE,107 AVENUE,,,ADDRESS,Ozone Park,,N/A,Closed,,The Department of Sanitation investigated this complaint and found no violation at the location.,02/16/2016 12:00:00 PM,10 QUEENS,4091580051,QUEENS,1026495,186981,PHONE,Unspecified,QUEENS,,,,,,,,40.67979560927984,-73.8476915167243,"(40.67979560927984, -73.8476915167243)"
32601323,02/04/2016 05:12:00 PM,02/11/2016 12:00:00 PM,DSNY,Department of Sanitation,Dirty Conditions,E8 Canine Violation,Sidewalk,11233,,,,,BAINBRIDGE STREET,RALPH AVENUE,INTERSECTION,BROOKLYN,,N/A,Closed,,The Department of Sanitation investigated this complaint and found no violation at the location.,02/11/2016 12:00:00 PM,03 BROOKLYN,,BROOKLYN,1005733,187733,PHONE,Unspecified,BROOKLYN,,,,,,,,40.68193441447485,-73.92254357042302,"(40.68193441447485, -73.92254357042302)"
32598241,02/04/2016 04:34:00 PM,02/16/2016 12:00:00 PM,DSNY,Department of Sanitation,Dirty Conditions,E8 Canine Violation,Sidewalk,11374,63-36 98 PLACE,98 PLACE,63 ROAD,63 DRIVE,,,ADDRESS,Rego Park,,N/A,Closed,,The Department of Sanitation investigated this complaint and found no violation at the location.,02/16/2016 12:00:00 PM,06 QUEENS,4020980018,QUEENS,1023605,205911,ONLINE,Unspecified,QUEENS,,,,,,,,40.73176724760799,-73.85800035578632,"(40.73176724760799, -73.85800035578632)"
32598233,02/04/2016 04:26:00 PM,02/11/2016 12:00:00 PM,DSNY,Department of Sanitation,Dirty Conditions,E8 Canine Violation,Sidewalk,11207,309 BRADFORD STREET,BRADFORD STREET,PITKIN AVENUE,BELMONT AVENUE,,,ADDRESS,BROOKLYN,,N/A,Closed,,The Department of Sanitation investigated this complaint and found no violation at the location.,02/11/2016 12:00:00 PM,05 BROOKLYN,3037420005,BROOKLYN,1014238,183978,PHONE,Unspecified,BROOKLYN,,,,,,,,40.67160306709523,-73.89189573626255,"(40.67160306709523, -73.89189573626255)"
32602334,02/04/2016 04:19:00 PM,02/16/2016 12:00:00 PM,DSNY,Department of Sanitation,Dirty Conditions,E8 Canine Violation,Sidewalk,11385,,,,,ST FELIX AVENUE,61 STREET,INTERSECTION,Ridgewood,,N/A,Closed,,The Department of Sanitation investigated this complaint and found no violation at the location.,02/16/2016 12:00:00 PM,05 QUEENS,,QUEENS,1013721,193280,ONLINE,Unspecified,QUEENS,,,,,,,,40.69713665089468,-73.89371879142394,"(40.69713665089468, -73.89371879142394)"
32598232,02/04/2016 04:15:00 PM,02/17/2016 12:00:00 PM,DSNY,Department of Sanitation,Dirty Conditions,E8 Canine Violation,Sidewalk,10456,,,,,GRAND CONCOURSE,MCCLELLAN STREET,INTERSECTION,BRONX,,N/A,Closed,,The Department of Sanitation investigated this complaint and found no violation at the location.,02/17/2016 12:00:00 PM,04 BRONX,,BRONX,1006656,242804,PHONE,Unspecified,BRONX,,,,,,,,40.83308785334797,-73.919032188267,"(40.83308785334797, -73.919032188267)"
32601356,02/04/2016 03:33:00 PM,02/11/2016 12:00:00 PM,DSNY,Department of Sanitation,Dirty Conditions,E8 Canine Violation,Sidewalk,11207,305 BRADFORD STREET,BRADFORD STREET,PITKIN AVENUE,BELMONT AVENUE,,,ADDRESS,BROOKLYN,,N/A,Closed,,The Department of Sanitation investigated this complaint and found no violation at the location.,02/11/2016 12:00:00 PM,05 BROOKLYN,3037420007,BROOKLYN,1014232,184006,PHONE,Unspecified,BROOKLYN,,,,,,,,40.6716799410862,-73.89191724120218,"(40.6716799410862, -73.89191724120218)"
32599241,02/04/2016 03:17:00 PM,02/05/2016 12:00:00 PM,DSNY,Department of Sanitation,Dirty Conditions,E8 Canine Violation,Sidewalk,10467,851 EAST  219 STREET,EAST  219 STREET,BARNES AVENUE,BRONXWOOD AVENUE,,,ADDRESS,BRONX,,N/A,Closed,,The Department of Sanitation investigated this complaint and found no violation at the location.,02/05/2016 12:00:00 PM,12 BRONX,2046780013,BRONX,1023385,260721,PHONE,Unspecified,BRONX,,,,,,,,40.88220630067079,-73.85847463787196,"(40.88220630067079, -73.85847463787196)"
32602336,02/04/2016 03:13:00 PM,02/06/2016 12:00:00 PM,DSNY,Department of Sanitation,Dirty Conditions,E8 Canine Violation,Sidewalk,10456,,,,,TELLER AVENUE,EAST 168 STREET,INTERSECTION,BRONX,,N/A,Closed,,The Department of Sanitation investigated this complaint and found no violation at the location.,02/06/2016 12:00:00 PM,04 BRONX,,BRONX,1008800,242712,PHONE,Unspecified,BRONX,,,,,,,,40.83282964041436,-73.91128482904479,"(40.83282964041436, -73.91128482904479)"
32604436,02/04/2016 02:56:00 PM,02/16/2016 12:00:00 PM,DSNY,Department of Sanitation,Dirty Conditions,E8 Canine Violation,Sidewalk,11694,1 BEACH  105 STREET,BEACH  105 STREET,SHORE FRONT PARKWAY,ROCKAWAY BEACH BOULEVARD,,,ADDRESS,Rockaway Park,,N/A,Closed,,The Department of Sanitation investigated this complaint and found no violation at the location.,02/16/2016 12:00:00 PM,14 QUEENS,4161770055,QUEENS,1032832,151068,PHONE,Unspecified,QUEENS,,,,,,,,40.58118970690347,-73.82510291850193,"(40.58118970690347, -73.82510291850193)"
32598240,02/04/2016 02:49:00 PM,02/12/2016 12:00:00 PM,DSNY,Department of Sanitation,Dirty Conditions,E8 Canine Violation,Sidewalk,11435,139-19 97 AVENUE,97 AVENUE,CRESSKILL PLACE,BRISBIN STREET,,,ADDRESS,Jamaica,,N/A,Closed,,The Department of Sanitation investigated this complaint and found no violation at the location.,02/12/2016 12:00:00 PM,12 QUEENS,4100060019,QUEENS,1036988,192889,PHONE,Unspecified,QUEENS,,,,,,,,40.69595537907816,-73.80981432264329,"(40.69595537907816, -73.80981432264329)"
32599327,02/04/2016 01:54:00 PM,02/12/2016 12:00:00 PM,DSNY,Department of Sanitation,Dirty Conditions,E8 Canine Violation,Sidewalk,11434,160-17 NORTH CONDUIT AVENUE,NORTH CONDUIT AVENUE,BELT PARKWAY EXIT 21 WESTBOUND,161 STREET,,,ADDRESS,Jamaica,,N/A,Closed,,The Department of Sanitation investigated this complaint and found no violation at the location.,02/12/2016 12:00:00 PM,12 QUEENS,4123160001,QUEENS,1046673,182706,PHONE,Unspecified,QUEENS,,,,,,,,40.66794243764061,-73.77498239931573,"(40.66794243764061, -73.77498239931573)"
32601316,02/04/2016 01:12:00 PM,02/11/2016 12:00:00 PM,DSNY,Department of Sanitation,Dirty Conditions,E8 Canine Violation,Sidewalk,11205,185 HALL STREET,HALL STREET,MYRTLE AVENUE,WILLOUGHBY AVENUE,,,ADDRESS,BROOKLYN,,N/A,Closed,,The Department of Sanitation investigated this complaint and found no violation at the location.,02/11/2016 12:00:00 PM,02 BROOKLYN,3019050001,BROOKLYN,993768,191515,PHONE,Unspecified,BROOKLYN,,,,,,,,40.692336089330055,-73.96567773445422,"(40.692336089330055, -73.96567773445422)"
32603386,02/04/2016 12:32:00 PM,02/11/2016 12:00:00 PM,DSNY,Department of Sanitation,Dirty Conditions,E8 Canine Violation,Sidewalk,,,,,,ALABAMA AVENUE,NEW LOTS AVENUE,INTERSECTION,,,N/A,Closed,,The Department of Sanitation investigated this complaint and found no violation at the location.,02/11/2016 12:00:00 PM,05 BROOKLYN,,BROOKLYN,,,PHONE,Unspecified,BROOKLYN,,,,,,,,,,
32603390,02/04/2016 12:11:00 PM,02/06/2016 12:00:00 PM,DSNY,Department of Sanitation,Dirty Conditions,E8 Canine Violation,Sidewalk,10035,207 EAST  119 STREET,EAST  119 STREET,3 AVENUE,2 AVENUE,,,ADDRESS,NEW YORK,,N/A,Closed,,The Department of Sanitation investigated this complaint and found no violation at the location.,02/06/2016 12:00:00 PM,11 MANHATTAN,1017840005,MANHATTAN,1001374,230641,ONLINE,Unspecified,MANHATTAN,,,,,,,,40.79971565746526,-73.93815060114409,"(40.79971565746526, -73.93815060114409)"
32605454,02/04/2016 11:29:00 AM,02/11/2016 12:00:00 PM,DSNY,Department of Sanitation,Dirty Conditions,E8 Canine Violation,Sidewalk,11207,,,,,MOFFAT STREET,EVERGREEN AVENUE,INTERSECTION,BROOKLYN,,N/A,Closed,,The Department of Sanitation investigated this complaint and found no violation at the location.,02/11/2016 12:00:00 PM,04 BROOKLYN,,BROOKLYN,1009783,189214,PHONE,Unspecified,BROOKLYN,,,,,,,,40.685988663410384,-73.90793579265576,"(40.685988663410384, -73.90793579265576)"
32598250,02/04/2016 11:27:00 AM,02/11/2016 12:00:00 PM,DSNY,Department of Sanitation,Dirty Conditions,E8 Canine Violation,Sidewalk,11207,,,,,EVERGREEN AVENUE,MOFFAT STREET,INTERSECTION,BROOKLYN,,N/A,Closed,,The Department of Sanitation investigated this complaint and found no violation at the location.,02/11/2016 12:00:00 PM,04 BROOKLYN,,BROOKLYN,1009783,189214,PHONE,Unspecified,BROOKLYN,,,,,,,,40.685988663410384,-73.90793579265576,"(40.685988663410384, -73.90793579265576)"
32604419,02/04/2016 11:17:00 AM,02/13/2016 12:00:00 PM,DSNY,Department of Sanitation,Dirty Conditions,E8 Canine Violation,Sidewalk,11372,,,,,92 STREET,35 AVENUE,INTERSECTION,Jackson Heights,,N/A,Closed,,The Department of Sanitation investigated this complaint and found no violation at the location.,02/13/2016 12:00:00 PM,03 QUEENS,,QUEENS,1018776,213553,PHONE,Unspecified,QUEENS,,,,,,,,40.75276277898579,-73.87538497153459,"(40.75276277898579, -73.87538497153459)"
32601317,02/04/2016 10:45:00 AM,02/11/2016 12:00:00 PM,DSNY,Department of Sanitation,Dirty Conditions,E8 Canine Violation,Sidewalk,11215,,,,,PROSPECT AVENUE,10 AVENUE,INTERSECTION,BROOKLYN,,N/A,Closed,,The Department of Sanitation investigated this complaint and found no violation at the location.,02/11/2016 12:00:00 PM,07 BROOKLYN,,BROOKLYN,989934,178814,PHONE,Unspecified,BROOKLYN,,,,,,,,40.65747799761902,-73.97951399293008,"(40.65747799761902, -73.97951399293008)"
32605406,02/04/2016 10:39:00 AM,02/06/2016 12:00:00 PM,DSNY,Department of Sanitation,Dirty Conditions,E8 Canine Violation,Sidewalk,10029,,,,,EAST 110 STREET,2 AVENUE,INTERSECTION,NEW YORK,,N/A,Closed,,The Department of Sanitation investigated this complaint and found no violation at the location.,02/06/2016 12:00:00 PM,11 MANHATTAN,,MANHATTAN,1000708,228262,PHONE,Unspecified,MANHATTAN,,,,,,,,40.79318721548483,-73.94056192598961,"(40.79318721548483, -73.94056192598961)"
32598230,02/04/2016 10:20:00 AM,02/11/2016 12:00:00 PM,DSNY,Department of Sanitation,Dirty Conditions,E8 Canine Violation,Sidewalk,11226,15 EAST   15 STREET,EAST   15 STREET,CATON AVENUE,CHURCH AVENUE,,,ADDRESS,BROOKLYN,,N/A,Closed,,The Department of Sanitation investigated this complaint and found no violation at the location.,02/11/2016 12:00:00 PM,14 BROOKLYN,,BROOKLYN,993676,175999,ONLINE,Unspecified,BROOKLYN,,,,,,,,40.64974824482806,-73.96603118689202,"(40.64974824482806, -73.96603118689202)"
32605471,02/04/2016 10:17:00 AM,02/10/2016 12:00:00 PM,DSNY,Department of Sanitation,Dirty Conditions,E8 Canine Violation,Sidewalk,11212,,,,,ROCKAWAY PARKWAY,WINTHROP AVENUE,INTERSECTION,BROOKLYN,,N/A,Closed,,The Department of Sanitation investigated this complaint and found no violation at the location.,02/10/2016 12:00:00 PM,17 BROOKLYN,,BROOKLYN,1005909,180742,PHONE,Unspecified,BROOKLYN,,,,,,,,40.66274526601523,-73.92193147108823,"(40.66274526601523, -73.92193147108823)"
32604423,02/04/2016 10:12:00 AM,02/06/2016 12:00:00 PM,DSNY,Department of Sanitation,Dirty Conditions,E8 Canine Violation,Sidewalk,10026,,,,,MORNINGSIDE AVENUE,WEST 118 STREET,INTERSECTION,NEW YORK,,N/A,Closed,,The Department of Sanitation investigated this complaint and found no violation at the location.,02/06/2016 12:00:00 PM,10 MANHATTAN,,MANHATTAN,996080,233261,PHONE,Unspecified,MANHATTAN,,,,,,,,40.806915511045965,-73.95726713949979,"(40.806915511045965, -73.95726713949979)"
32605412,02/04/2016 10:12:00 AM,02/06/2016 12:00:00 PM,DSNY,Department of Sanitation,Dirty Conditions,E8 Canine Violation,Sidewalk,10461,,,,,LATTING STREET,EDWARDS AVENUE,INTERSECTION,BRONX,,N/A,Closed,,The Department of Sanitation investigated this complaint and found no violation at the location.,02/06/2016 12:00:00 PM,10 BRONX,,BRONX,1029480,244721,PHONE,Unspecified,BRONX,,,,,,,,40.83826205851937,-73.83654108037042,"(40.83826205851937, -73.83654108037042)"
32605456,02/04/2016 10:08:00 AM,02/13/2016 12:00:00 PM,DSNY,Department of Sanitation,Dirty Conditions,E8 Canine Violation,Sidewalk,11104,46-06 SKILLMAN AVENUE,SKILLMAN AVENUE,46 STREET,47 STREET,,,ADDRESS,Sunnyside,,N/A,Closed,,The Department of Sanitation investigated this complaint and found no violation at the location.,02/13/2016 12:00:00 PM,02 QUEENS,4001370030,QUEENS,1007016,211271,ONLINE,Unspecified,QUEENS,,,,,,,,40.74653736569292,-73.91783814825422,"(40.74653736569292, -73.91783814825422)"
32598251,02/04/2016 09:25:00 AM,02/06/2016 12:00:00 PM,DSNY,Department of Sanitation,Dirty Conditions,E8 Canine Violation,Sidewalk,10457,,,,,EAST 179 STREET,3 AVENUE,INTERSECTION,BRONX,,N/A,Closed,,The Department of Sanitation investigated this complaint and found no violation at the location.,02/06/2016 12:00:00 PM,06 BRONX,,BRONX,1013314,248647,PHONE,Unspecified,BRONX,,,,,,,,40.849105771711436,-73.89494709489188,"(40.849105771711436, -73.89494709489188)"
32601299,02/04/2016 08:56:00 AM,02/11/2016 12:00:00 PM,DSNY,Department of Sanitation,Dirty Conditions,E8 Canine Violation,Sidewalk,11209,,,,,RIDGE BOULEVARD,87 STREET,INTERSECTION,BROOKLYN,,N/A,Closed,,The Department of Sanitation investigated this complaint and found no violation at the location.,02/11/2016 12:00:00 PM,10 BROOKLYN,,BROOKLYN,974800,166386,PHONE,Unspecified,BROOKLYN,,,,,,,,40.62336258411934,-74.03404183998452,"(40.62336258411934, -74.03404183998452)"
32603303,02/04/2016 08:52:00 AM,02/05/2016 12:00:00 PM,DSNY,Department of Sanitation,Dirty Conditions,E8 Canine Violation,Sidewalk,10466,4152 CARPENTER AVENUE,CARPENTER AVENUE,EAST 231 STREET,EAST 232 STREET,,,ADDRESS,BRONX,,N/A,Closed,,The Department of Sanitation investigated this complaint and found no violation at the location.,02/05/2016 12:00:00 PM,12 BRONX,2048340046,BRONX,1022716,264719,ONLINE,Unspecified,BRONX,,,,,,,,40.893182480873335,-73.86087099992451,"(40.893182480873335, -73.86087099992451)"
32601267,02/04/2016 08:47:00 AM,02/05/2016 12:00:00 PM,DSNY,Department of Sanitation,Dirty Conditions,E8 Canine Violation,Sidewalk,10466,4141 CARPENTER AVENUE,CARPENTER AVENUE,EAST 230 STREET,EAST 231 STREET,,,ADDRESS,BRONX,,N/A,Closed,,The Department of Sanitation investigated this complaint and found no violation at the location.,02/05/2016 12:00:00 PM,12 BRONX,2048230024,BRONX,1022616,264495,ONLINE,Unspecified,BRONX,,,,,,,,40.89256810804256,-73.8612339762186,"(40.89256810804256, -73.8612339762186)"
32600326,02/04/2016 08:20:00 AM,02/17/2016 12:00:00 PM,DSNY,Department of Sanitation,Dirty Conditions,E8 Canine Violation,Sidewalk,10454,450 EAST  140 STREET,EAST  140 STREET,WILLIS AVENUE,BROOK AVENUE,,,ADDRESS,BRONX,,N/A,Closed,,The Department of Sanitation investigated this complaint and found no violation at the location.,02/17/2016 12:00:00 PM,01 BRONX,2022840033,BRONX,1006311,234284,ONLINE,Unspecified,BRONX,,,,,,,,40.80970373916075,-73.92030691282201,"(40.80970373916075, -73.92030691282201)"
32601355,02/04/2016 08:08:00 AM,02/16/2016 12:00:00 PM,DSNY,Department of Sanitation,Dirty Conditions,E8 Canine Violation,Sidewalk,11385,,,,,MYRTLE AVENUE,88 PLACE,INTERSECTION,Ridgewood,,N/A,Closed,,The Department of Sanitation investigated this complaint and found no violation at the location.,02/16/2016 12:00:00 PM,05 QUEENS,,QUEENS,1023635,195387,PHONE,Unspecified,QUEENS,,,,,,,,40.70288129705116,-73.85795368621058,"(40.70288129705116, -73.85795368621058)"
32597366,02/03/2016 11:01:00 PM,02/10/2016 12:00:00 PM,DSNY,Department of Sanitation,Dirty Conditions,E8 Canine Violation,Sidewalk,11212,233 EAST   96 STREET,EAST   96 STREET,WINTHROP STREET,CLARKSON AVENUE,,,ADDRESS,BROOKLYN,,N/A,Closed,,"The Department of Sanitation has investigated the complaint and addressed the issue. If the problem persists, call 311 to enter a new complaint. If you are outside of New York City, please call (212) NEW-YORK (212-639-9675).",02/10/2016 12:00:00 PM,17 BROOKLYN,,BROOKLYN,1006033,180153,ONLINE,Unspecified,BROOKLYN,,,,,,,,40.66112828756048,-73.92148642384045,"(40.66112828756048, -73.92148642384045)"
32591679,02/03/2016 10:40:00 PM,02/05/2016 12:00:00 PM,DSNY,Department of Sanitation,Dirty Conditions,E8 Canine Violation,Sidewalk,11221,,,,,PUTNAM AVENUE,KNICKERBOCKER AVENUE,INTERSECTION,BROOKLYN,,N/A,Closed,,The Department of Sanitation investigated this complaint and found no violation at the location.,02/05/2016 12:00:00 PM,04 BROOKLYN,,BROOKLYN,1008691,192538,PHONE,Unspecified,BROOKLYN,,,,,,,,40.69511535576438,-73.91186114931513,"(40.69511535576438, -73.91186114931513)"
32593356,02/03/2016 08:53:00 PM,02/05/2016 12:00:00 PM,DSNY,Department of Sanitation,Dirty Conditions,E8 Canine Violation,Sidewalk,11205,,,,,WILLOUGHBY AVENUE,TAAFFE PLACE,INTERSECTION,BROOKLYN,,N/A,Closed,,The Department of Sanitation investigated this complaint and found no violation at the location.,02/05/2016 12:00:00 PM,03 BROOKLYN,,BROOKLYN,995386,191587,ONLINE,Unspecified,BROOKLYN,,,,,,,,40.692531824690874,-73.95984304740814,"(40.692531824690874, -73.95984304740814)"
32593348,02/03/2016 08:37:00 PM,02/16/2016 12:00:00 PM,DSNY,Department of Sanitation,Dirty Conditions,E8 Canine Violation,Sidewalk,11385,,,,,STOCKHOLM STREET,SENECA AVENUE,INTERSECTION,Ridgewood,,N/A,Closed,,The Department of Sanitation investigated this complaint and found no violation at the location.,02/16/2016 12:00:00 PM,05 QUEENS,,QUEENS,1007788,196937,PHONE,Unspecified,QUEENS,,,,,,,,40.707192023140976,-73.9151021605969,"(40.707192023140976, -73.9151021605969)"
32597393,02/03/2016 07:04:00 PM,02/04/2016 12:00:00 PM,DSNY,Department of Sanitation,Dirty Conditions,E8 Canine Violation,Sidewalk,10459,870 JENNINGS STREET,JENNINGS STREET,INTERVALE AVENUE,CHARLOTTE STREET,,,ADDRESS,BRONX,,N/A,Closed,,The Department of Sanitation investigated this complaint and found no violation at the location.,02/04/2016 12:00:00 PM,03 BRONX,2029767502,BRONX,1014022,242571,PHONE,Unspecified,BRONX,,,,,,,,40.832426576650235,-73.8924149783469,"(40.832426576650235, -73.8924149783469)"
32596559,02/03/2016 06:39:00 PM,02/04/2016 12:00:00 PM,DSNY,Department of Sanitation,Dirty Conditions,E8 Canine Violation,Sidewalk,10453,1950 ANDREWS AVENUE,ANDREWS AVENUE,WEST 179 STREET,WEST 180 STREET,,,ADDRESS,BRONX,,N/A,Closed,,The Department of Sanitation investigated this complaint and found no violation at the location.,02/04/2016 12:00:00 PM,05 BRONX,2032160026,BRONX,1008412,250921,PHONE,Unspecified,BRONX,,,,,,,,40.8553619982645,-73.91265734705858,"(40.8553619982645, -73.91265734705858)"
32592496,02/03/2016 06:08:00 PM,02/06/2016 12:00:00 PM,DSNY,Department of Sanitation,Dirty Conditions,E8 Canine Violation,Sidewalk,10024,,,,,WEST 79 STREET,AMSTERDAM AVENUE,INTERSECTION,NEW YORK,,N/A,Closed,,The Department of Sanitation investigated this complaint and found no violation at the location.,02/06/2016 12:00:00 PM,07 MANHATTAN,,MANHATTAN,990252,224599,PHONE,Unspecified,MANHATTAN,,,,,,,,40.78314654981733,-73.97832704460738,"(40.78314654981733, -73.97832704460738)"
32597362,02/03/2016 06:03:00 PM,02/04/2016 12:00:00 PM,DSNY,Department of Sanitation,Dirty Conditions,E8 Canine Violation,Sidewalk,10467,,,,,ROCHAMBEAU AVENUE,EAST 212 STREET,INTERSECTION,BRONX,,N/A,Closed,,The Department of Sanitation investigated this complaint and found no violation at the location.,02/04/2016 12:00:00 PM,07 BRONX,,BRONX,1017827,261293,PHONE,Unspecified,BRONX,,,,,,,,40.88379915699117,-73.87857134552725,"(40.88379915699117, -73.87857134552725)"
32592585,02/03/2016 06:03:00 PM,02/04/2016 12:00:00 PM,DSNY,Department of Sanitation,Dirty Conditions,E8 Canine Violation,Sidewalk,10453,,,,,ANDREWS AVENUE,WEST 179 STREET,INTERSECTION,BRONX,,N/A,Closed,,The Department of Sanitation investigated this complaint and found no violation at the location.,02/04/2016 12:00:00 PM,05 BRONX,,BRONX,1008383,250881,PHONE,Unspecified,BRONX,,,,,,,,40.85525228957311,-73.91276232241758,"(40.85525228957311, -73.91276232241758)"
32597363,02/03/2016 05:06:00 PM,02/06/2016 12:00:00 PM,DSNY,Department of Sanitation,Dirty Conditions,E8 Canine Violation,Sidewalk,10032,,,,,WEST 162 STREET,FORT WASHINGTON AVENUE,INTERSECTION,NEW YORK,,N/A,Closed,,The Department of Sanitation investigated this complaint and found no violation at the location.,02/06/2016 12:00:00 PM,12 MANHATTAN,,MANHATTAN,999740,244508,PHONE,Unspecified,MANHATTAN,,,,,,,,40.837779677824486,-73.94402036238559,"(40.837779677824486, -73.94402036238559)"
32597394,02/03/2016 04:57:00 PM,02/04/2016 12:00:00 PM,DSNY,Department of Sanitation,Dirty Conditions,E8 Canine Violation,Sidewalk,10460,2079 MOHEGAN AVENUE,MOHEGAN AVENUE,EAST 179 STREET,EAST 180 STREET,,,ADDRESS,BRONX,,N/A,Closed,,The Department of Sanitation investigated this complaint and found no violation at the location.,02/04/2016 12:00:00 PM,06 BRONX,2031180036,BRONX,1016350,247127,PHONE,Unspecified,BRONX,,,,,,,,40.8449233075465,-73.88398064933226,"(40.8449233075465, -73.88398064933226)"
32597364,02/03/2016 04:09:00 PM,02/12/2016 12:00:00 PM,DSNY,Department of Sanitation,Dirty Conditions,E8 Canine Violation,Sidewalk,11427,86-43 232 STREET,232 STREET,HILLSIDE AVENUE,87 AVENUE,,,ADDRESS,Queens Village,,N/A,Closed,,The Department of Sanitation investigated this complaint and found no violation at the location.,02/12/2016 12:00:00 PM,13 QUEENS,4079410015,QUEENS,1056962,206189,PHONE,Unspecified,QUEENS,,,,,,,,40.732318969013065,-73.73764008299236,"(40.732318969013065, -73.73764008299236)"
32592586,02/03/2016 03:55:00 PM,02/11/2016 12:00:00 PM,DSNY,Department of Sanitation,Dirty Conditions,E8 Canine Violation,Sidewalk,11234,,,,,AVENUE U,EAST 67 STREET,INTERSECTION,BROOKLYN,,N/A,Closed,,The Department of Sanitation investigated this complaint and found no violation at the location.,02/11/2016 12:00:00 PM,18 BROOKLYN,,BROOKLYN,1009164,164363,PHONE,Unspecified,BROOKLYN,,,,,,,,40.61777988216158,-73.91025951367801,"(40.61777988216158, -73.91025951367801)"
32591680,02/03/2016 03:13:00 PM,02/06/2016 12:00:00 PM,DSNY,Department of Sanitation,Dirty Conditions,E8 Canine Violation,Sidewalk,10029,,,,,EAST 100 STREET,1 AVENUE,INTERSECTION,NEW YORK,,N/A,Closed,,The Department of Sanitation investigated this complaint and found no violation at the location.,02/06/2016 12:00:00 PM,11 MANHATTAN,,MANHATTAN,1000077,225572,PHONE,Unspecified,MANHATTAN,,,,,,,,40.78580504204428,-73.94284712061528,"(40.78580504204428, -73.94284712061528)"
32591701,02/03/2016 03:00:00 PM,02/05/2016 12:00:00 PM,DSNY,Department of Sanitation,Dirty Conditions,E8 Canine Violation,Sidewalk,11207,269 JEROME STREET,JEROME STREET,LIBERTY AVENUE,GLENMORE AVENUE,,,ADDRESS,BROOKLYN,,N/A,Closed,,The Department of Sanitation investigated this complaint and found no violation at the location.,02/05/2016 12:00:00 PM,05 BROOKLYN,3039820007,BROOKLYN,1015529,185316,PHONE,Unspecified,BROOKLYN,,,,,,,,40.67527110633039,-73.88723558374153,"(40.67527110633039, -73.88723558374153)"
32597333,02/03/2016 02:34:00 PM,02/05/2016 12:00:00 PM,DSNY,Department of Sanitation,Dirty Conditions,E8 Canine Violation,Sidewalk,11221,,,,,BROADWAY,WILLOUGHBY AVENUE,INTERSECTION,BROOKLYN,,N/A,Closed,,The Department of Sanitation investigated this complaint and found no violation at the location.,02/05/2016 12:00:00 PM,03 BROOKLYN,,BROOKLYN,1002796,192779,PHONE,Unspecified,BROOKLYN,,,,,,,,40.69579116172514,-73.933118956802,"(40.69579116172514, -73.933118956802)"
32593383,02/03/2016 01:55:00 PM,02/04/2016 12:00:00 PM,DSNY,Department of Sanitation,Dirty Conditions,E8 Canine Violation,Sidewalk,10452,1030 SUMMIT AVENUE,SUMMIT AVENUE,WEST 164 STREET,WEST 165 STREET,,,ADDRESS,BRONX,,N/A,Closed,,The Department of Sanitation investigated this complaint and found no violation at the location.,02/04/2016 12:00:00 PM,04 BRONX,2025250014,BRONX,1003686,243120,PHONE,Unspecified,BRONX,,,,,,,,40.83396221749479,-73.92976385723935,"(40.83396221749479, -73.92976385723935)"
32594186,02/03/2016 01:53:00 PM,02/10/2016 12:00:00 PM,DSNY,Department of Sanitation,Dirty Conditions,E8 Canine Violation,Sidewalk,10460,1719 FILLMORE STREET,FILLMORE STREET,VAN NEST AVENUE,MORRIS PARK AVENUE,,,ADDRESS,BRONX,,N/A,Closed,,The Department of Sanitation investigated this complaint and found no violation at the location.,02/10/2016 12:00:00 PM,11 BRONX,,BRONX,1020841,246553,ONLINE,Unspecified,BRONX,,,,,,,,40.84333037955207,-73.86775193842236,"(40.84333037955207, -73.86775193842236)"
32594922,02/03/2016 01:22:00 PM,02/05/2016 12:00:00 PM,DSNY,Department of Sanitation,Dirty Conditions,E8 Canine Violation,Sidewalk,11216,827 ST JOHN PLACE,ST JOHN PLACE,ROGERS AVENUE,NOSTRAND AVENUE,,,ADDRESS,BROOKLYN,,N/A,Closed,,The Department of Sanitation investigated this complaint and found no violation at the location.,02/05/2016 12:00:00 PM,08 BROOKLYN,3012470055,BROOKLYN,997879,183990,PHONE,Unspecified,BROOKLYN,,,,,,,,40.67167630341583,-73.95086853636249,"(40.67167630341583, -73.95086853636249)"
32593330,02/03/2016 12:59:00 PM,02/12/2016 12:00:00 PM,DSNY,Department of Sanitation,Dirty Conditions,E8 Canine Violation,Sidewalk,11374,99-60 64 AVENUE,64 AVENUE,99 STREET,102 STREET,,,ADDRESS,Rego Park,,N/A,Closed,,The Department of Sanitation investigated this complaint and found no violation at the location.,02/12/2016 12:00:00 PM,06 QUEENS,4021130034,QUEENS,1024608,205818,PHONE,Unspecified,QUEENS,,,,,,,,40.731507466162846,-73.85438192277974,"(40.731507466162846, -73.85438192277974)"
32594958,02/03/2016 12:41:00 PM,02/06/2016 12:00:00 PM,DSNY,Department of Sanitation,Dirty Conditions,E8 Canine Violation,Sidewalk,11417,,,,,DUMONT AVENUE,87 STREET,INTERSECTION,Ozone Park,,N/A,Closed,,The Department of Sanitation investigated this complaint and found no violation at the location.,02/06/2016 12:00:00 PM,10 QUEENS,,QUEENS,1026114,184484,PHONE,Unspecified,QUEENS,,,,,,,,40.6729437278371,-73.84908066694773,"(40.6729437278371, -73.84908066694773)"
32592538,02/03/2016 12:31:00 PM,02/11/2016 12:00:00 PM,DSNY,Department of Sanitation,Dirty Conditions,E8 Canine Violation,Sidewalk,11209,549 82 STREET,82 STREET,5 AVENUE,6 AVENUE,,,ADDRESS,BROOKLYN,,N/A,Closed,,The Department of Sanitation investigated this complaint and found no violation at the location.,02/11/2016 12:00:00 PM,10 BROOKLYN,3059990067,BROOKLYN,977704,166481,ONLINE,Unspecified,BROOKLYN,,,,,,,,40.62362596090923,-74.02358082126422,"(40.62362596090923, -74.02358082126422)"
32591732,02/03/2016 12:07:00 PM,02/06/2016 12:00:00 PM,DSNY,Department of Sanitation,Dirty Conditions,E8 Canine Violation,Sidewalk,10024,,,,,WEST 89 STREET,COLUMBUS AVENUE,INTERSECTION,NEW YORK,,N/A,Closed,,The Department of Sanitation investigated this complaint and found no violation at the location.,02/06/2016 12:00:00 PM,07 MANHATTAN,,MANHATTAN,992346,226521,PHONE,Unspecified,MANHATTAN,,,,,,,,40.78842025637503,-73.97076338771852,"(40.78842025637503, -73.97076338771852)"
32591700,02/03/2016 11:57:00 AM,02/05/2016 12:00:00 PM,DSNY,Department of Sanitation,Dirty Conditions,E8 Canine Violation,Sidewalk,11208,19 HILL STREET,HILL STREET,EUCLID AVENUE,CRESCENT STREET,,,ADDRESS,BROOKLYN,,N/A,Closed,,The Department of Sanitation investigated this complaint and found no violation at the location.,02/05/2016 12:00:00 PM,05 BROOKLYN,3041650050,BROOKLYN,1019701,186566,PHONE,Unspecified,BROOKLYN,,,,,,,,40.67868634616717,-73.87218848563356,"(40.67868634616717, -73.87218848563356)"
32591702,02/03/2016 11:43:00 AM,02/05/2016 12:00:00 PM,DSNY,Department of Sanitation,Dirty Conditions,E8 Canine Violation,Sidewalk,11211,371 SOUTH    5 STREET,SOUTH    5 STREET,,,,,ADDRESS,BROOKLYN,,N/A,Closed,,The Department of Sanitation investigated this complaint and found no violation at the location.,02/05/2016 12:00:00 PM,01 BROOKLYN,3024500029,BROOKLYN,997014,197178,PHONE,Unspecified,BROOKLYN,,,,,,,,40.70787561245955,-73.95396180580511,"(40.70787561245955, -73.95396180580511)"
32591704,02/03/2016 11:35:00 AM,02/06/2016 12:00:00 PM,DSNY,Department of Sanitation,Dirty Conditions,E8 Canine Violation,Sidewalk,11417,87-15 DUMONT AVENUE,DUMONT AVENUE,87 STREET,88 STREET,,,ADDRESS,Ozone Park,,N/A,Closed,,The Department of Sanitation investigated this complaint and found no violation at the location.,02/06/2016 12:00:00 PM,10 QUEENS,4113670040,QUEENS,1026194,184498,ONLINE,Unspecified,QUEENS,,,,,,,,40.672981775963144,-73.84879218113996,"(40.672981775963144, -73.84879218113996)"
32593388,02/03/2016 11:02:00 AM,02/05/2016 12:00:00 PM,DSNY,Department of Sanitation,Dirty Conditions,E8 Canine Violation,Sidewalk,11238,512 CLASSON AVENUE,CLASSON AVENUE,PUTNAM AVENUE,FULTON STREET,,,ADDRESS,BROOKLYN,,N/A,Closed,,The Department of Sanitation investigated this complaint and found no violation at the location.,02/05/2016 12:00:00 PM,02 BROOKLYN,3019930031,BROOKLYN,995683,187990,ONLINE,Unspecified,BROOKLYN,,,,,,,,40.68265850713949,-73.95877815517528,"(40.68265850713949, -73.95877815517528)"
32595705,02/03/2016 10:57:00 AM,02/06/2016 12:00:00 PM,DSNY,Department of Sanitation,Dirty Conditions,E8 Canine Violation,Sidewalk,11229,,,,,EAST 12 STREET,KINGS HIGHWAY,INTERSECTION,BROOKLYN,,N/A,Closed,,The Department of Sanitation investigated this complaint and found no violation at the location.,02/06/2016 12:00:00 PM,15 BROOKLYN,,BROOKLYN,995104,160678,PHONE,Unspecified,BROOKLYN,,,,,,,,40.60769369784423,-73.96090969164462,"(40.60769369784423, -73.96090969164462)"
32594094,02/03/2016 09:47:00 AM,02/04/2016 12:00:00 PM,DSNY,Department of Sanitation,Dirty Conditions,E8 Canine Violation,Sidewalk,10467,341 EAST  207 STREET,EAST  207 STREET,HULL AVENUE,DECATUR AVENUE,,,ADDRESS,BRONX,,N/A,Closed,,The Department of Sanitation investigated this complaint and found no violation at the location.,02/04/2016 12:00:00 PM,07 BRONX,2033510001,BRONX,1018759,258145,ONLINE,Unspecified,BRONX,,,,,,,,40.87515528739087,-73.87521706055172,"(40.87515528739087, -73.87521706055172)"
32596574,02/03/2016 09:45:00 AM,02/04/2016 12:00:00 PM,DSNY,Department of Sanitation,Dirty Conditions,E8 Canine Violation,Sidewalk,10467,3264 HULL AVENUE,HULL AVENUE,EAST 207 STREET,EAST 209 STREET,,,ADDRESS,BRONX,,N/A,Closed,,The Department of Sanitation investigated this complaint and found no violation at the location.,02/04/2016 12:00:00 PM,07 BRONX,2033510014,BRONX,1018797,258425,ONLINE,Unspecified,BRONX,,,,,,,,40.87592365161958,-73.87507821063377,"(40.87592365161958, -73.87507821063377)"
32593307,02/03/2016 09:44:00 AM,02/04/2016 12:00:00 PM,DSNY,Department of Sanitation,Dirty Conditions,E8 Canine Violation,Sidewalk,10467,3269 HULL AVENUE,HULL AVENUE,EAST 207 STREET,EAST 209 STREET,,,ADDRESS,BRONX,,N/A,Closed,,The Department of Sanitation investigated this complaint and found no violation at the location.,02/04/2016 12:00:00 PM,07 BRONX,2033470051,BRONX,1018807,258455,ONLINE,Unspecified,BRONX,,,,,,,,40.87600595313181,-73.87504189598268,"(40.87600595313181, -73.87504189598268)"
32595735,02/03/2016 08:40:00 AM,02/08/2016 12:00:00 PM,DSNY,Department of Sanitation,Dirty Conditions,E8 Canine Violation,Sidewalk,11216,,,,,STERLING PLACE,ROGERS AVENUE,INTERSECTION,BROOKLYN,,N/A,Closed,,The Department of Sanitation investigated this complaint and found no violation at the location.,02/08/2016 12:00:00 PM,08 BROOKLYN,,BROOKLYN,997282,184356,PHONE,Unspecified,BROOKLYN,,,,,,,,40.67268179015976,-73.95301996595336,"(40.67268179015976, -73.95301996595336)"
32592537,02/03/2016 08:31:00 AM,02/06/2016 12:00:00 PM,DSNY,Department of Sanitation,Dirty Conditions,E8 Canine Violation,Sidewalk,10002,75 MONTGOMERY STREET,MONTGOMERY STREET,CHERRY STREET,WATER STREET,,,ADDRESS,NEW YORK,,N/A,Closed,,The Department of Sanitation investigated this complaint and found no violation at the location.,02/06/2016 12:00:00 PM,03 MANHATTAN,1002590001,MANHATTAN,988459,198508,PHONE,Unspecified,MANHATTAN,,,,,,,,40.71153435232572,-73.98481781669754,"(40.71153435232572, -73.98481781669754)"
32593347,02/03/2016 07:42:00 AM,02/10/2016 12:00:00 PM,DSNY,Department of Sanitation,Dirty Conditions,E8 Canine Violation,Sidewalk,11214,44 BAY   13 STREET,BAY   13 STREET,86 STREET,BENSON AVENUE,,,ADDRESS,BROOKLYN,,N/A,Closed,,The Department of Sanitation investigated this complaint and found no violation at the location.,02/10/2016 12:00:00 PM,11 BROOKLYN,3063630062,BROOKLYN,982197,161050,PHONE,Unspecified,BROOKLYN,,,,,,,,40.608721171163175,-74.00739392257415,"(40.608721171163175, -74.00739392257415)"
32594562,02/03/2016 12:26:00 AM,02/03/2016 12:00:00 PM,DSNY,Department of Sanitation,Dirty Conditions,E8 Canine Violation,Sidewalk,10472,,,,,BOYNTON AVENUE,WATSON AVENUE,INTERSECTION,BRONX,,N/A,Closed,,The Department of Sanitation investigated this complaint and found no violation at the location.,02/03/2016 12:00:00 PM,09 BRONX,,BRONX,1018110,240290,PHONE,Unspecified,BRONX,,,,,,,,40.82615116376492,-73.87765398540142,"(40.82615116376492, -73.87765398540142)"
32582825,02/02/2016 11:50:00 PM,02/09/2016 12:00:00 PM,DSNY,Department of Sanitation,Dirty Conditions,E8 Canine Violation,Sidewalk,11364,48-29 201 STREET,201 STREET,48 AVENUE,50 AVENUE,,,ADDRESS,Oakland Gardens,,N/A,Closed,,The Department of Sanitation investigated this complaint and found no violation at the location.,02/09/2016 12:00:00 PM,11 QUEENS,4073600040,QUEENS,1045558,213290,ONLINE,Unspecified,QUEENS,,,,,,,,40.75189577925765,-73.77872315704437,"(40.75189577925765, -73.77872315704437)"
32586223,02/02/2016 11:37:00 PM,02/04/2016 12:00:00 PM,DSNY,Department of Sanitation,Dirty Conditions,E8 Canine Violation,Sidewalk,10009,,,,,EAST 8 STREET,AVENUE C,INTERSECTION,NEW YORK,,N/A,Closed,,The Department of Sanitation investigated this complaint and found no violation at the location.,02/04/2016 12:00:00 PM,03 MANHATTAN,,MANHATTAN,990233,203302,PHONE,Unspecified,MANHATTAN,,,,,,,,40.724691708675806,-73.9784146028053,"(40.724691708675806, -73.9784146028053)"
32590775,02/02/2016 09:15:00 PM,02/10/2016 12:00:00 PM,DSNY,Department of Sanitation,Dirty Conditions,E8 Canine Violation,Sidewalk,11218,295 OCEAN PARKWAY,OCEAN PARKWAY,BEVERLEY ROAD,AVENUE C,,,ADDRESS,BROOKLYN,,N/A,Closed,,The Department of Sanitation investigated this complaint and found no violation at the location.,02/10/2016 12:00:00 PM,12 BROOKLYN,3053580077,BROOKLYN,991502,173239,ONLINE,Unspecified,BROOKLYN,,,,,,,,40.64217468806764,-73.97386867496752,"(40.64217468806764, -73.97386867496752)"
32582810,02/02/2016 08:48:00 PM,02/09/2016 12:00:00 PM,DSNY,Department of Sanitation,Dirty Conditions,E8 Canine Violation,Sidewalk,11355,,,,,60 AVENUE,136 STREET,INTERSECTION,Flushing,,N/A,Closed,,The Department of Sanitation investigated this complaint and found no violation at the location.,02/09/2016 12:00:00 PM,07 QUEENS,,QUEENS,1031454,210224,PHONE,Unspecified,QUEENS,,,,,,,,40.743566936860475,-73.82964960871196,"(40.743566936860475, -73.82964960871196)"
32589518,02/02/2016 08:27:00 PM,02/10/2016 12:00:00 PM,DSNY,Department of Sanitation,Dirty Conditions,E8 Canine Violation,Sidewalk,11106,34-53 28 STREET,28 STREET,34 AVENUE,35 AVENUE,,,ADDRESS,Astoria,,N/A,Closed,,The Department of Sanitation investigated this complaint and found no violation at the location.,02/10/2016 12:00:00 PM,01 QUEENS,4005840007,QUEENS,1003561,216169,ONLINE,Unspecified,QUEENS,,,,,,,,40.75998934896627,-73.93029307349651,"(40.75998934896627, -73.93029307349651)"
32587334,02/02/2016 08:20:00 PM,02/16/2016 12:00:00 PM,DSNY,Department of Sanitation,Dirty Conditions,E8 Canine Violation,Sidewalk,11417,103-16 92 STREET,92 STREET,ROCKAWAY BOULEVARD,LIBERTY AVENUE,,,ADDRESS,Ozone Park,,N/A,Closed,,The Department of Sanitation investigated this complaint and found no violation at the location.,02/16/2016 12:00:00 PM,10 QUEENS,4091110013,QUEENS,1026578,187486,PHONE,Unspecified,QUEENS,,,,,,,,40.68118132106054,-73.84738910033828,"(40.68118132106054, -73.84738910033828)"
32587261,02/02/2016 07:04:00 PM,02/06/2016 12:00:00 PM,DSNY,Department of Sanitation,Dirty Conditions,E8 Canine Violation,Sidewalk,11416,88-12 102 ROAD,102 ROAD,88 STREET,89 STREET,,,ADDRESS,Ozone Park,,N/A,Closed,,The Department of Sanitation investigated this complaint and found no violation at the location.,02/06/2016 12:00:00 PM,09 QUEENS,4090920005,QUEENS,1025544,187524,PHONE,Unspecified,QUEENS,,,,,,,,40.681290506377835,-73.85111688114591,"(40.681290506377835, -73.85111688114591)"
32588387,02/02/2016 05:48:00 PM,02/10/2016 12:00:00 PM,DSNY,Department of Sanitation,Dirty Conditions,E8 Canine Violation,Sidewalk,11218,,,,,SHERMAN STREET,GREENWOOD AVENUE,INTERSECTION,BROOKLYN,,N/A,Closed,,The Department of Sanitation investigated this complaint and found no violation at the location.,02/10/2016 12:00:00 PM,07 BROOKLYN,,BROOKLYN,991464,176865,PHONE,Unspecified,BROOKLYN,,,,,,,,40.65212730461629,-73.97400172357125,"(40.65212730461629, -73.97400172357125)"
32587262,02/02/2016 05:48:00 PM,02/12/2016 12:00:00 PM,DSNY,Department of Sanitation,Dirty Conditions,E8 Canine Violation,Sidewalk,11432,182-35 WEXFORD TERRACE,WEXFORD TERRACE,AVON STREET,184 STREET,,,ADDRESS,Jamaica,,N/A,Closed,,The Department of Sanitation investigated this complaint and found no violation at the location.,02/12/2016 12:00:00 PM,08 QUEENS,4099510081,QUEENS,1045027,199723,PHONE,Unspecified,QUEENS,,,,,,,,40.714661482785196,-73.78076222271883,"(40.714661482785196, -73.78076222271883)"
32585126,02/02/2016 05:07:00 PM,02/11/2016 12:00:00 PM,DSNY,Department of Sanitation,Dirty Conditions,E8 Canine Violation,Sidewalk,11234,,,,,RALPH AVENUE,AVENUE J,INTERSECTION,BROOKLYN,,N/A,Closed,,The Department of Sanitation investigated this complaint and found no violation at the location.,02/11/2016 12:00:00 PM,18 BROOKLYN,,BROOKLYN,1006944,168365,PHONE,Unspecified,BROOKLYN,,,,,,,,40.628770494915074,-73.91824251758966,"(40.628770494915074, -73.91824251758966)"
32587327,02/02/2016 04:18:00 PM,02/03/2016 12:00:00 PM,DSNY,Department of Sanitation,Dirty Conditions,E8 Canine Violation,Sidewalk,10475,3565 BIVONA STREET,BIVONA STREET,BEND,BOSTON ROAD,,,ADDRESS,BRONX,,N/A,Closed,,The Department of Sanitation investigated this complaint and found no violation at the location.,02/03/2016 12:00:00 PM,12 BRONX,2052630040,BRONX,1030340,261111,PHONE,Unspecified,BRONX,,,,,,,,40.883243145164954,-73.83332038409704,"(40.883243145164954, -73.83332038409704)"
32589620,02/02/2016 04:01:00 PM,02/18/2016 12:00:00 PM,DSNY,Department of Sanitation,Dirty Conditions,E8 Canine Violation,Sidewalk,11361,,,,,42 AVENUE,203 STREET,INTERSECTION,Bayside,,N/A,Closed,,The Department of Sanitation investigated this complaint and found no violation at the location.,02/18/2016 12:00:00 PM,11 QUEENS,,QUEENS,1044835,216326,PHONE,Unspecified,QUEENS,,,,,,,,40.76023378324262,-73.78130528807515,"(40.76023378324262, -73.78130528807515)"
32583965,02/02/2016 03:44:00 PM,02/05/2016 12:00:00 PM,DSNY,Department of Sanitation,Dirty Conditions,E8 Canine Violation,Sidewalk,11206,185 ELLERY STREET,ELLERY STREET,DELMONICO PLACE,THROOP AVENUE,,,ADDRESS,BROOKLYN,,N/A,Closed,,The Department of Sanitation investigated this complaint and found no violation at the location.,02/05/2016 12:00:00 PM,03 BROOKLYN,3017260014,BROOKLYN,999489,193898,ONLINE,Unspecified,BROOKLYN,,,,,,,,40.69886886811279,-73.945042206645,"(40.69886886811279, -73.945042206645)"
32585112,02/02/2016 03:16:00 PM,02/10/2016 12:00:00 PM,DSNY,Department of Sanitation,Dirty Conditions,E8 Canine Violation,Sidewalk,11214,2260 BENSON AVENUE,BENSON AVENUE,BAY 32 STREET,23 AVENUE,,,ADDRESS,BROOKLYN,,N/A,Closed,,The Department of Sanitation investigated this complaint and found no violation at the location.,02/10/2016 12:00:00 PM,11 BROOKLYN,3064170039,BROOKLYN,985945,157580,ONLINE,Unspecified,BROOKLYN,,,,,,,,40.5991968037294,-73.99389629273313,"(40.5991968037294, -73.99389629273313)"
32590779,02/02/2016 02:49:00 PM,02/05/2016 12:00:00 PM,DSNY,Department of Sanitation,Dirty Conditions,E8 Canine Violation,Sidewalk,11208,654 JAMAICA AVENUE,JAMAICA AVENUE,NORWOOD AVENUE,LOGAN STREET,,,ADDRESS,BROOKLYN,,N/A,Closed,,The Department of Sanitation investigated this complaint and found no violation at the location.,02/05/2016 12:00:00 PM,05 BROOKLYN,3041010012,BROOKLYN,1017561,189397,PHONE,Unspecified,BROOKLYN,,,,,,,,40.68646510104018,-73.87988982418341,"(40.68646510104018, -73.87988982418341)"
32590680,02/02/2016 02:49:00 PM,02/13/2016 12:00:00 PM,DSNY,Department of Sanitation,Dirty Conditions,E8 Canine Violation,Sidewalk,11373,41-24 ELBERTSON STREET,ELBERTSON STREET,ELMHURST AVENUE,WHITNEY AVENUE,,,ADDRESS,Elmhurst,,N/A,Closed,,The Department of Sanitation investigated this complaint and found no violation at the location.,02/13/2016 12:00:00 PM,04 QUEENS,4015540019,QUEENS,1018447,211308,ONLINE,Unspecified,QUEENS,,,,,,,,40.74660210479317,-73.87658384907061,"(40.74660210479317, -73.87658384907061)"
32588519,02/02/2016 02:01:00 PM,02/05/2016 12:00:00 PM,DSNY,Department of Sanitation,Dirty Conditions,E8 Canine Violation,Sidewalk,11233,,,,,HALSEY STREET,RALPH AVENUE,INTERSECTION,BROOKLYN,,N/A,Closed,,The Department of Sanitation investigated this complaint and found no violation at the location.,02/05/2016 12:00:00 PM,03 BROOKLYN,,BROOKLYN,1005577,188806,PHONE,Unspecified,BROOKLYN,,,,,,,,40.684879930996935,-73.92310262818476,"(40.684879930996935, -73.92310262818476)"
32586220,02/02/2016 01:53:00 PM,02/10/2016 12:00:00 PM,DSNY,Department of Sanitation,Dirty Conditions,E8 Canine Violation,Sidewalk,11226,,,,,PARKSIDE AVENUE,OCEAN AVENUE,INTERSECTION,BROOKLYN,,N/A,Closed,,The Department of Sanitation investigated this complaint and found no violation at the location.,02/10/2016 12:00:00 PM,14 BROOKLYN,,BROOKLYN,994827,177870,PHONE,Unspecified,BROOKLYN,,,,,,,,40.654882431881674,-73.9618803533782,"(40.654882431881674, -73.9618803533782)"
32583986,02/02/2016 12:34:00 PM,02/04/2016 12:00:00 PM,DSNY,Department of Sanitation,Dirty Conditions,E8 Canine Violation,Sidewalk,10009,440 EAST   13 STREET,EAST   13 STREET,1 AVENUE,AVENUE A,,,ADDRESS,NEW YORK,,N/A,Closed,,The Department of Sanitation investigated this complaint and found no violation at the location.,02/04/2016 12:00:00 PM,03 MANHATTAN,1004400028,MANHATTAN,989208,205324,ONLINE,Unspecified,MANHATTAN,,,,,,,,40.730242239759086,-73.982111095907,"(40.730242239759086, -73.982111095907)"
32586228,02/02/2016 12:14:00 PM,02/03/2016 12:00:00 PM,DSNY,Department of Sanitation,Dirty Conditions,E8 Canine Violation,Sidewalk,11233,,,,,SUMPTER STREET,ROCKAWAY AVENUE,INTERSECTION,BROOKLYN,,N/A,Closed,,The Department of Sanitation investigated this complaint and found no violation at the location.,02/03/2016 12:00:00 PM,16 BROOKLYN,,BROOKLYN,1008831,187388,PHONE,Unspecified,BROOKLYN,,,,,,,,40.68097940732426,-73.91137507303307,"(40.68097940732426, -73.91137507303307)"
32582811,02/02/2016 12:12:00 PM,02/03/2016 12:00:00 PM,DSNY,Department of Sanitation,Dirty Conditions,E8 Canine Violation,Sidewalk,11237,,,,,HANCOCK STREET,WYCKOFF AVENUE,INTERSECTION,BROOKLYN,,N/A,Closed,,The Department of Sanitation investigated this complaint and found no violation at the location.,02/03/2016 12:00:00 PM,04 BROOKLYN,,BROOKLYN,1010170,193217,PHONE,Unspecified,BROOKLYN,,,,,,,,40.696974843784375,-73.90652498770243,"(40.696974843784375, -73.90652498770243)"
32585073,02/02/2016 12:06:00 PM,02/03/2016 12:00:00 PM,DSNY,Department of Sanitation,Dirty Conditions,E8 Canine Violation,Sidewalk,11233,369 SUMPTER STREET,SUMPTER STREET,ROCKAWAY AVENUE,MOTHER GASTON BOULEVARD,,,ADDRESS,BROOKLYN,,N/A,Closed,,"The Department of Sanitation has investigated the complaint and addressed the issue. If the problem persists, call 311 to enter a new complaint. If you are outside of New York City, please call (212) NEW-YORK (212-639-9675).",02/03/2016 12:00:00 PM,16 BROOKLYN,3015220061,BROOKLYN,1009191,187446,PHONE,Unspecified,BROOKLYN,,,,,,,,40.68113759703429,-73.91007690663699,"(40.68113759703429, -73.91007690663699)"
32589650,02/02/2016 12:00:00 PM,02/04/2016 12:00:00 PM,DSNY,Department of Sanitation,Dirty Conditions,E8 Canine Violation,Sidewalk,11233,407 CHAUNCEY STREET,CHAUNCEY STREET,HOWARD AVENUE,SARATOGA AVENUE,,,ADDRESS,BROOKLYN,,N/A,Closed,,The Department of Sanitation investigated this complaint and found no violation at the location.,02/04/2016 12:00:00 PM,03 BROOKLYN,3015090054,BROOKLYN,1006930,187648,ONLINE,Unspecified,BROOKLYN,,,,,,,,40.68169812282769,-73.91822810480839,"(40.68169812282769, -73.91822810480839)"
32588447,02/02/2016 10:56:00 AM,02/03/2016 12:00:00 PM,DSNY,Department of Sanitation,Dirty Conditions,E8 Canine Violation,Sidewalk,10455,,,,,ST JOHNS AVENUE,FOX STREET,INTERSECTION,BRONX,,N/A,Closed,,The Department of Sanitation investigated this complaint and found no violation at the location.,02/03/2016 12:00:00 PM,02 BRONX,,BRONX,1011424,235743,PHONE,Unspecified,BRONX,,,,,,,,40.813694038754335,-73.90183083510546,"(40.813694038754335, -73.90183083510546)"
32587263,02/02/2016 09:54:00 AM,02/03/2016 12:00:00 PM,DSNY,Department of Sanitation,Dirty Conditions,E8 Canine Violation,Sidewalk,11208,223 AUTUMN AVENUE,AUTUMN AVENUE,RIDGEWOOD AVENUE,FULTON STREET,,,ADDRESS,BROOKLYN,,N/A,Closed,,The Department of Sanitation investigated this complaint and found no violation at the location.,02/03/2016 12:00:00 PM,05 BROOKLYN,3041330011,BROOKLYN,1020179,188833,PHONE,Unspecified,BROOKLYN,,,,,,,,40.68490681162317,-73.87045306710058,"(40.68490681162317, -73.87045306710058)"
32585157,02/02/2016 08:18:00 AM,02/06/2016 12:00:00 PM,DSNY,Department of Sanitation,Dirty Conditions,E8 Canine Violation,Sidewalk,11421,,,,,85 STREET,88 ROAD,INTERSECTION,Woodhaven,,N/A,Closed,,The Department of Sanitation investigated this complaint and found no violation at the location.,02/06/2016 12:00:00 PM,09 QUEENS,,QUEENS,1023600,190652,PHONE,Unspecified,QUEENS,,,,,,,,40.68988499527376,-73.85810757957361,"(40.68988499527376, -73.85810757957361)"
32590774,02/02/2016 08:10:00 AM,02/12/2016 12:00:00 PM,DSNY,Department of Sanitation,Dirty Conditions,E8 Canine Violation,Sidewalk,11375,,,,,64 ROAD,102 STREET,INTERSECTION,Forest Hills,,N/A,Closed,,The Department of Sanitation investigated this complaint and found no violation at the location.,02/12/2016 12:00:00 PM,06 QUEENS,,QUEENS,1024919,205665,PHONE,Unspecified,QUEENS,,,,,,,,40.7310860947644,-73.85326071221834,"(40.7310860947644, -73.85326071221834)"
32583918,02/02/2016 07:56:00 AM,02/17/2016 12:00:00 PM,DSNY,Department of Sanitation,Dirty Conditions,E8 Canine Violation,Sidewalk,10454,,,,,EAST 139 STREET,BROOK AVENUE,INTERSECTION,BRONX,,N/A,Closed,,The Department of Sanitation investigated this complaint and found no violation at the location.,02/17/2016 12:00:00 PM,01 BRONX,,BRONX,1006727,233759,PHONE,Unspecified,BRONX,,,,,,,,40.80826171163451,-73.91880591445779,"(40.80826171163451, -73.91880591445779)"
32586153,02/02/2016 07:45:00 AM,02/12/2016 12:00:00 PM,DSNY,Department of Sanitation,Dirty Conditions,E8 Canine Violation,Sidewalk,11423,194-18 100 AVENUE,100 AVENUE,194 STREET,195 STREET,,,ADDRESS,Hollis,,N/A,Closed,,The Department of Sanitation investigated this complaint and found no violation at the location.,02/12/2016 12:00:00 PM,12 QUEENS,4108610035,QUEENS,1049523,197786,PHONE,Unspecified,QUEENS,,,,,,,,40.70931286996206,-73.76456288600666,"(40.70931286996206, -73.76456288600666)"
32590784,02/02/2016 07:37:00 AM,02/03/2016 12:00:00 PM,DSNY,Department of Sanitation,Dirty Conditions,E8 Canine Violation,Sidewalk,10314,,,,,LAMBERT STREET,COMSTOCK AVENUE,INTERSECTION,STATEN ISLAND,,N/A,Closed,,The Department of Sanitation investigated this complaint and found no violation at the location.,02/03/2016 12:00:00 PM,01 STATEN ISLAND,,STATEN ISLAND,939863,164618,ONLINE,Unspecified,STATEN ISLAND,,,,,,,,40.61840364670018,-74.1598839891033,"(40.61840364670018, -74.1598839891033)"
32585076,02/02/2016 07:37:00 AM,02/03/2016 12:00:00 PM,DSNY,Department of Sanitation,Dirty Conditions,E8 Canine Violation,Sidewalk,10463,525 WEST  235 STREET,WEST  235 STREET,CAMBRIDGE AVENUE,OXFORD AVENUE,,,ADDRESS,BRONX,,N/A,Closed,,The Department of Sanitation investigated this complaint and found no violation at the location.,02/03/2016 12:00:00 PM,08 BRONX,2057920445,BRONX,1009578,261857,ONLINE,Unspecified,BRONX,,,,,,,,40.88537468961376,-73.90840106549352,"(40.88537468961376, -73.90840106549352)"
32577909,02/01/2016 09:13:00 PM,02/02/2016 12:00:00 PM,DSNY,Department of Sanitation,Dirty Conditions,E8 Canine Violation,Sidewalk,10458,,,,,EAST 188 STREET,WASHINGTON AVENUE,INTERSECTION,BRONX,,N/A,Closed,,The Department of Sanitation investigated this complaint and found no violation at the location.,02/02/2016 12:00:00 PM,06 BRONX,,BRONX,1014512,252037,PHONE,Unspecified,BRONX,,,,,,,,40.85840628067201,-73.89060158103919,"(40.85840628067201, -73.89060158103919)"
32576040,02/01/2016 07:41:00 PM,02/04/2016 12:00:00 PM,DSNY,Department of Sanitation,Dirty Conditions,E8 Canine Violation,Sidewalk,10017,,,,,SECOND AVENUE,EAST 42 STREET,INTERSECTION,NEW YORK,,N/A,Closed,,The Department of Sanitation investigated this complaint and found no violation at the location.,02/04/2016 12:00:00 PM,06 MANHATTAN,,MANHATTAN,991952,212459,ONLINE,Unspecified,MANHATTAN,,,,,,,,40.74982407737251,-73.97220233150266,"(40.74982407737251, -73.97220233150266)"
32578908,02/01/2016 06:29:00 PM,02/04/2016 12:00:00 PM,DSNY,Department of Sanitation,Dirty Conditions,E8 Canine Violation,Sidewalk,,,,,,THIRD AVENUE,MARINE AVENUE,INTERSECTION,,,N/A,Closed,,The Department of Sanitation investigated this complaint and found no violation at the location.,02/04/2016 12:00:00 PM,10 BROOKLYN,,BROOKLYN,,,PHONE,Unspecified,BROOKLYN,,,,,,,,,,
32578877,02/01/2016 06:12:00 PM,02/04/2016 12:00:00 PM,DSNY,Department of Sanitation,Dirty Conditions,E8 Canine Violation,Sidewalk,11238,999 PACIFIC STREET,PACIFIC STREET,GRAND AVENUE,CLASSON AVENUE,,,ADDRESS,BROOKLYN,,N/A,Closed,,The Department of Sanitation investigated this complaint and found no violation at the location.,02/04/2016 12:00:00 PM,08 BROOKLYN,3011250075,BROOKLYN,995184,186832,ONLINE,Unspecified,BROOKLYN,,,,,,,,40.67948069097289,-73.96057918548681,"(40.67948069097289, -73.96057918548681)"
32580820,02/01/2016 05:37:00 PM,02/04/2016 12:00:00 PM,DSNY,Department of Sanitation,Dirty Conditions,E8 Canine Violation,Sidewalk,10009,,,,,EAST 19 STREET,1 AVENUE,INTERSECTION,NEW YORK,,N/A,Closed,,The Department of Sanitation investigated this complaint and found no violation at the location.,02/04/2016 12:00:00 PM,06 MANHATTAN,,MANHATTAN,989736,206834,PHONE,Unspecified,MANHATTAN,,,,,,,,40.734386507251564,-73.98020479391482,"(40.734386507251564, -73.98020479391482)"
32577931,02/01/2016 04:18:00 PM,02/04/2016 12:00:00 PM,DSNY,Department of Sanitation,Dirty Conditions,E8 Canine Violation,Sidewalk,11221,,,,,LAFAYETTE AVENUE,THROOP AVENUE,INTERSECTION,BROOKLYN,,N/A,Closed,,The Department of Sanitation investigated this complaint and found no violation at the location.,02/04/2016 12:00:00 PM,03 BROOKLYN,,BROOKLYN,1000191,190992,PHONE,Unspecified,BROOKLYN,,,,,,,,40.690891336959034,-73.94251739807575,"(40.690891336959034, -73.94251739807575)"
32576991,02/01/2016 03:34:00 PM,02/12/2016 12:00:00 PM,DSNY,Department of Sanitation,Dirty Conditions,E8 Canine Violation,Sidewalk,11374,63-63 98 STREET,98 STREET,63 DRIVE,64 AVENUE,,,ADDRESS,Rego Park,,N/A,Closed,,The Department of Sanitation investigated this complaint and found no violation at the location.,02/12/2016 12:00:00 PM,06 QUEENS,4020900026,QUEENS,1023403,205536,PHONE,Unspecified,QUEENS,,,,,,,,40.730738862322674,-73.85873138753814,"(40.730738862322674, -73.85873138753814)"
32576929,02/01/2016 03:22:00 PM,02/04/2016 12:00:00 PM,DSNY,Department of Sanitation,Dirty Conditions,E8 Canine Violation,Sidewalk,11216,171 NEW YORK AVENUE,NEW YORK AVENUE,ST MARKS AVENUE,PROSPECT PLACE,,,ADDRESS,BROOKLYN,,N/A,Closed,,The Department of Sanitation investigated this complaint and found no violation at the location.,02/04/2016 12:00:00 PM,08 BROOKLYN,3012280001,BROOKLYN,998873,184964,ONLINE,Unspecified,BROOKLYN,,,,,,,,40.67434812824287,-73.94728313299518,"(40.67434812824287, -73.94728313299518)"
32576074,02/01/2016 02:42:00 PM,02/02/2016 12:00:00 PM,DSNY,Department of Sanitation,Dirty Conditions,E8 Canine Violation,Sidewalk,10451,739 BROOK AVENUE,BROOK AVENUE,EAST 156 STREET,EAST 157 STREET,,,ADDRESS,BRONX,,N/A,Closed,,The Department of Sanitation investigated this complaint and found no violation at the location.,02/02/2016 12:00:00 PM,01 BRONX,2023640021,BRONX,1008571,237986,ONLINE,Unspecified,BRONX,,,,,,,,40.81985875661087,-73.91212948632507,"(40.81985875661087, -73.91212948632507)"
32577932,02/01/2016 02:28:00 PM,02/02/2016 12:00:00 PM,DSNY,Department of Sanitation,Dirty Conditions,E8 Canine Violation,Sidewalk,10452,1323 INWOOD AVENUE,INWOOD AVENUE,CLARKE PLACE WEST,WEST 170 STREET,,,ADDRESS,BRONX,,N/A,Closed,,The Department of Sanitation investigated this complaint and found no violation at the location.,02/02/2016 12:00:00 PM,04 BRONX,2028640073,BRONX,1006436,244973,ONLINE,Unspecified,BRONX,,,,,,,,40.83904168374704,-73.91982002009365,"(40.83904168374704, -73.91982002009365)"
32581779,02/01/2016 02:27:00 PM,02/13/2016 12:00:00 PM,DSNY,Department of Sanitation,Dirty Conditions,E8 Canine Violation,Sidewalk,11377,41-28 67 STREET,67 STREET,41 AVENUE,WOODSIDE AVENUE,,,ADDRESS,Woodside,,N/A,Closed,,The Department of Sanitation investigated this complaint and found no violation at the location.,02/13/2016 12:00:00 PM,02 QUEENS,4013060125,QUEENS,1012596,210356,PHONE,Unspecified,QUEENS,,,,,,,,40.744009795727386,-73.89770395849769,"(40.744009795727386, -73.89770395849769)"
32580818,02/01/2016 01:39:00 PM,02/04/2016 12:00:00 PM,DSNY,Department of Sanitation,Dirty Conditions,E8 Canine Violation,Sidewalk,10065,,,,,EAST 66 STREET,2 AVENUE,INTERSECTION,NEW YORK,,N/A,Closed,,The Department of Sanitation investigated this complaint and found no violation at the location.,02/04/2016 12:00:00 PM,08 MANHATTAN,,MANHATTAN,995012,217985,PHONE,Unspecified,MANHATTAN,,,,,,,,40.76498834054505,-73.96114949015954,"(40.76498834054505, -73.96114949015954)"
32581780,02/01/2016 01:38:00 PM,02/02/2016 12:00:00 PM,DSNY,Department of Sanitation,Dirty Conditions,E8 Canine Violation,Sidewalk,11223,,,,,KINGS HIGHWAY,OCEAN PARKWAY,INTERSECTION,BROOKLYN,,N/A,Closed,,The Department of Sanitation investigated this complaint and found no violation at the location.,02/02/2016 12:00:00 PM,15 BROOKLYN,,BROOKLYN,993424,159942,PHONE,Unspecified,BROOKLYN,,,,,,,,40.60567542697827,-73.96696115309008,"(40.60567542697827, -73.96696115309008)"
32578876,02/01/2016 01:26:00 PM,02/03/2016 12:00:00 PM,DSNY,Department of Sanitation,Dirty Conditions,E8 Canine Violation,Sidewalk,10458,2720 GRAND CONCOURSE,GRAND CONCOURSE,EAST KINGSBRIDGE ROAD,EAST 196 STREET,,,ADDRESS,BRONX,,N/A,Closed,,The Department of Sanitation investigated this complaint and found no violation at the location.,02/03/2016 12:00:00 PM,07 BRONX,2033040035,BRONX,1013785,255380,PHONE,Unspecified,BRONX,,,,,,,,40.86758426084022,-73.89321498210387,"(40.86758426084022, -73.89321498210387)"
32575034,02/01/2016 12:48:00 PM,02/06/2016 12:00:00 PM,DSNY,Department of Sanitation,Dirty Conditions,E8 Canine Violation,Sidewalk,10023,75 WEST END AVENUE,WEST END AVENUE,WEST 63 STREET,,,,ADDRESS,NEW YORK,,N/A,Closed,,The Department of Sanitation investigated this complaint and found no violation at the location.,02/06/2016 12:00:00 PM,07 MANHATTAN,1011710063,MANHATTAN,987231,221346,PHONE,Unspecified,MANHATTAN,,,,,,,,40.77421945878715,-73.9892371845004,"(40.77421945878715, -73.9892371845004)"
32579783,02/01/2016 12:31:00 PM,02/12/2016 12:00:00 PM,DSNY,Department of Sanitation,Dirty Conditions,E8 Canine Violation,Sidewalk,11415,84-09 TALBOT STREET,TALBOT STREET,84 AVENUE,84 ROAD,,,ADDRESS,Kew Gardens,,N/A,Closed,,The Department of Sanitation investigated this complaint and found no violation at the location.,02/12/2016 12:00:00 PM,09 QUEENS,4033570012,QUEENS,1032053,197469,ONLINE,Unspecified,QUEENS,,,,,,,,40.708554413815015,-73.82757853904246,"(40.708554413815015, -73.82757853904246)"
32580819,02/01/2016 10:46:00 AM,02/03/2016 12:00:00 PM,DSNY,Department of Sanitation,Dirty Conditions,E8 Canine Violation,Sidewalk,10468,130 WEST KINGSBRIDGE ROAD,WEST KINGSBRIDGE ROAD,WEBB AVENUE,SEDGWICK AVENUE,,,ADDRESS,BRONX,,N/A,Closed,,The Department of Sanitation investigated this complaint and found no violation at the location.,02/03/2016 12:00:00 PM,07 BRONX,2032260100,BRONX,1011059,255919,ONLINE,Unspecified,BRONX,,,,,,,,40.86907235069333,-73.9030687833209,"(40.86907235069333, -73.9030687833209)"
32576075,02/01/2016 10:38:00 AM,02/06/2016 12:00:00 PM,DSNY,Department of Sanitation,Dirty Conditions,E8 Canine Violation,Sidewalk,10019,540 WEST   52 STREET,WEST   52 STREET,10 AVENUE,11 AVENUE,,,ADDRESS,NEW YORK,,N/A,Closed,,The Department of Sanitation investigated this complaint and found no violation at the location.,02/06/2016 12:00:00 PM,04 MANHATTAN,1010800010,MANHATTAN,986338,218567,ONLINE,Unspecified,MANHATTAN,,,,,,,,40.76659208388042,-73.99246219890752,"(40.76659208388042, -73.99246219890752)"
32580765,02/01/2016 10:00:00 AM,02/02/2016 12:00:00 PM,DSNY,Department of Sanitation,Dirty Conditions,E8 Canine Violation,Sidewalk,10466,954 CRANFORD AVENUE,CRANFORD AVENUE,SETON AVENUE,BOROUGH BOUNDARY,,,ADDRESS,BRONX,,N/A,Closed,,The Department of Sanitation investigated this complaint and found no violation at the location.,02/02/2016 12:00:00 PM,12 BRONX,2051250017,BRONX,1027903,268672,PHONE,Unspecified,BRONX,,,,,,,,40.904008046700106,-73.8420842240185,"(40.904008046700106, -73.8420842240185)"
32581763,02/01/2016 09:16:00 AM,02/06/2016 12:00:00 PM,DSNY,Department of Sanitation,Dirty Conditions,E8 Canine Violation,Sidewalk,10002,,,,,RIDGE STREET,STANTON STREET,INTERSECTION,NEW YORK,,N/A,Closed,,The Department of Sanitation investigated this complaint and found no violation at the location.,02/06/2016 12:00:00 PM,03 MANHATTAN,,MANHATTAN,989017,201491,PHONE,Unspecified,MANHATTAN,,,,,,,,40.71972169035385,-73.98280295590307,"(40.71972169035385, -73.98280295590307)"
32581732,02/01/2016 08:19:00 AM,02/04/2016 12:00:00 PM,DSNY,Department of Sanitation,Dirty Conditions,E8 Canine Violation,Sidewalk,11209,8814 RIDGE BOULEVARD,RIDGE BOULEVARD,88 STREET,89 STREET,,,ADDRESS,BROOKLYN,,N/A,Closed,,The Department of Sanitation investigated this complaint and found no violation at the location.,02/04/2016 12:00:00 PM,10 BROOKLYN,3060600037,BROOKLYN,974700,166077,PHONE,Unspecified,BROOKLYN,,,,,,,,40.62251433653694,-74.03440163391073,"(40.62251433653694, -74.03440163391073)"
32570160,01/31/2016 07:45:00 PM,02/02/2016 12:00:00 PM,DSNY,Department of Sanitation,Dirty Conditions,E8 Canine Violation,Sidewalk,11230,,,,,NEWKIRK AVENUE,EAST 12 STREET,INTERSECTION,BROOKLYN,,N/A,Closed,,The Department of Sanitation investigated this complaint and found no violation at the location.,02/02/2016 12:00:00 PM,14 BROOKLYN,,BROOKLYN,993700,170358,ONLINE,Unspecified,BROOKLYN,,,,,,,,40.63426488631625,-73.96595259861678,"(40.63426488631625, -73.96595259861678)"
32572575,01/31/2016 05:46:00 PM,02/03/2016 12:00:00 PM,DSNY,Department of Sanitation,Dirty Conditions,E8 Canine Violation,Sidewalk,11238,,,,,PACIFIC STREET,CLASSON AVENUE,INTERSECTION,BROOKLYN,,N/A,Closed,,The Department of Sanitation investigated this complaint and found no violation at the location.,02/03/2016 12:00:00 PM,08 BROOKLYN,,BROOKLYN,995742,186675,ONLINE,Unspecified,BROOKLYN,,,,,,,,40.679049054753314,-73.95856767241285,"(40.679049054753314, -73.95856767241285)"
32573763,01/31/2016 05:00:00 PM,02/02/2016 12:00:00 PM,DSNY,Department of Sanitation,Dirty Conditions,E8 Canine Violation,Sidewalk,11236,,,,,EAST 99 STREET,AVENUE M,INTERSECTION,BROOKLYN,,N/A,Closed,,The Department of Sanitation investigated this complaint and found no violation at the location.,02/02/2016 12:00:00 PM,18 BROOKLYN,,BROOKLYN,1014292,171793,PHONE,Unspecified,BROOKLYN,,,,,,,,40.6381577490625,-73.89175535052709,"(40.6381577490625, -73.89175535052709)"
32571352,01/31/2016 03:21:00 PM,02/05/2016 12:00:00 PM,DSNY,Department of Sanitation,Dirty Conditions,E8 Canine Violation,Sidewalk,11358,46-26 159 STREET,159 STREET,46 AVENUE,LABURNUM AVENUE,,,ADDRESS,Flushing,,N/A,Closed,,The Department of Sanitation investigated this complaint and found no violation at the location.,02/05/2016 12:00:00 PM,07 QUEENS,4054570048,QUEENS,1037502,213773,PHONE,Unspecified,QUEENS,,,,,,,,40.75327367456744,-73.80779547363908,"(40.75327367456744, -73.80779547363908)"
32572593,01/31/2016 02:03:00 PM,02/03/2016 12:00:00 PM,DSNY,Department of Sanitation,Dirty Conditions,E8 Canine Violation,Sidewalk,11213,,,,,PARK PLACE,BUFFALO AVENUE,INTERSECTION,BROOKLYN,,N/A,Closed,,The Department of Sanitation investigated this complaint and found no violation at the location.,02/03/2016 12:00:00 PM,08 BROOKLYN,,BROOKLYN,1004987,184136,PHONE,Unspecified,BROOKLYN,,,,,,,,40.67206324438088,-73.92524432147842,"(40.67206324438088, -73.92524432147842)"
32574295,01/31/2016 12:16:00 PM,02/02/2016 12:00:00 PM,DSNY,Department of Sanitation,Dirty Conditions,E8 Canine Violation,Sidewalk,10314,176 LA GUARDIA AVENUE,LA GUARDIA AVENUE,TILLMAN STREET,LINCOLN STREET,,,ADDRESS,STATEN ISLAND,,N/A,Closed,,The Department of Sanitation investigated this complaint and found no violation at the location.,02/02/2016 12:00:00 PM,02 STATEN ISLAND,5007000044,STATEN ISLAND,951500,159390,PHONE,Unspecified,STATEN ISLAND,,,,,,,,40.60410453249084,-74.11794169159732,"(40.60410453249084, -74.11794169159732)"
32570720,01/31/2016 10:36:00 AM,02/02/2016 12:00:00 PM,DSNY,Department of Sanitation,Dirty Conditions,E8 Canine Violation,Sidewalk,11212,,,,,EAST 92 STREET,WINTHROP STREET,INTERSECTION,BROOKLYN,,N/A,Closed,,The Department of Sanitation investigated this complaint and found no violation at the location.,02/02/2016 12:00:00 PM,17 BROOKLYN,,BROOKLYN,1004851,179842,PHONE,Unspecified,BROOKLYN,,,,,,,,40.66027749043937,-73.92574771471432,"(40.66027749043937, -73.92574771471432)"
32573756,01/31/2016 09:56:00 AM,02/13/2016 12:00:00 PM,DSNY,Department of Sanitation,Dirty Conditions,E8 Canine Violation,Sidewalk,11368,54-34 102 STREET,102 STREET,LEWIS AVENUE,LARUE AVENUE,,,ADDRESS,Corona,,N/A,Closed,,The Department of Sanitation investigated this complaint and found no violation at the location.,02/13/2016 12:00:00 PM,04 QUEENS,4019390043,QUEENS,1023467,209099,PHONE,Unspecified,QUEENS,,,,,,,,40.74051812186584,-73.85847969901536,"(40.74051812186584, -73.85847969901536)"
32568291,01/30/2016 09:32:00 PM,02/02/2016 12:00:00 PM,DSNY,Department of Sanitation,Dirty Conditions,E8 Canine Violation,Sidewalk,11230,881 OCEAN PARKWAY,OCEAN PARKWAY,ELMWOOD AVENUE,AVENUE I,,,ADDRESS,BROOKLYN,,N/A,Closed,,The Department of Sanitation investigated this complaint and found no violation at the location.,02/02/2016 12:00:00 PM,12 BROOKLYN,3065090053,BROOKLYN,992299,167733,ONLINE,Unspecified,BROOKLYN,,,,,,,,40.62706120012982,-73.97100339125689,"(40.62706120012982, -73.97100339125689)"
32564412,01/30/2016 05:21:00 PM,02/02/2016 12:00:00 PM,DSNY,Department of Sanitation,Dirty Conditions,E8 Canine Violation,Sidewalk,10459,870 EAST  167 STREET,EAST  167 STREET,INTERVALE AVENUE,KELLY STREET,,,ADDRESS,BRONX,,N/A,Closed,,The Department of Sanitation investigated this complaint and found no violation at the location.,02/02/2016 12:00:00 PM,02 BRONX,2027050027,BRONX,1012843,240222,PHONE,Unspecified,BRONX,,,,,,,,40.82598314396862,-73.89668545671066,"(40.82598314396862, -73.89668545671066)"
32566321,01/30/2016 11:41:00 AM,02/05/2016 12:00:00 PM,DSNY,Department of Sanitation,Dirty Conditions,E8 Canine Violation,Sidewalk,11415,84-19 TALBOT STREET,TALBOT STREET,84 AVENUE,84 ROAD,,,ADDRESS,Kew Gardens,,N/A,Closed,,The Department of Sanitation investigated this complaint and found no violation at the location.,02/05/2016 12:00:00 PM,09 QUEENS,4033570037,QUEENS,1032079,197434,PHONE,Unspecified,QUEENS,,,,,,,,40.70845820677903,-73.82748500806107,"(40.70845820677903, -73.82748500806107)"
32566354,01/30/2016 07:12:00 AM,02/02/2016 12:00:00 PM,DSNY,Department of Sanitation,Dirty Conditions,E8 Canine Violation,Sidewalk,10465,3135 COUNTRY CLUB ROAD,COUNTRY CLUB ROAD,KEARNEY AVENUE,ROBERTSON PLACE,,,ADDRESS,BRONX,,N/A,Closed,,The Department of Sanitation investigated this complaint and found no violation at the location.,02/02/2016 12:00:00 PM,10 BRONX,2054110127,BRONX,1032853,246276,PHONE,Unspecified,BRONX,,,,,,,,40.84251215227546,-73.82433999222908,"(40.84251215227546, -73.82433999222908)"
32560975,01/29/2016 06:57:00 PM,02/05/2016 12:00:00 PM,DSNY,Department of Sanitation,Dirty Conditions,E8 Canine Violation,Sidewalk,11421,84-13 85 ROAD,85 ROAD,FOREST PARKWAY,85 STREET,,,ADDRESS,Woodhaven,,N/A,Closed,,The Department of Sanitation investigated this complaint and found no violation at the location.,02/05/2016 12:00:00 PM,09 QUEENS,4088570082,QUEENS,1022695,192534,ONLINE,Unspecified,QUEENS,,,,,,,,40.695054621385225,-73.86136017876576,"(40.695054621385225, -73.86136017876576)"
32560255,01/29/2016 04:16:00 PM,02/02/2016 12:00:00 PM,DSNY,Department of Sanitation,Dirty Conditions,E8 Canine Violation,Sidewalk,10466,4012 BRUNER AVENUE,BRUNER AVENUE,EAST 233 STREET,EDENWALD AVENUE,,,ADDRESS,BRONX,,N/A,Closed,,The Department of Sanitation investigated this complaint and found no violation at the location.,02/02/2016 12:00:00 PM,12 BRONX,2049780107,BRONX,1026687,263715,PHONE,Unspecified,BRONX,,,,,,,,40.8904086185051,-73.8465145441321,"(40.8904086185051, -73.8465145441321)"
32558860,01/29/2016 03:57:00 PM,02/12/2016 12:00:00 PM,DSNY,Department of Sanitation,Dirty Conditions,E8 Canine Violation,Sidewalk,11422,,,,,259 STREET,148 DRIVE,INTERSECTION,Rosedale,,N/A,Closed,,The Department of Sanitation investigated this complaint and found no violation at the location.,02/12/2016 12:00:00 PM,13 QUEENS,,QUEENS,1059250,177513,ONLINE,Unspecified,QUEENS,,,,,,,,40.653591255521356,-73.72970382799294,"(40.653591255521356, -73.72970382799294)"
32558882,01/29/2016 09:10:00 AM,02/03/2016 12:00:00 PM,DSNY,Department of Sanitation,Dirty Conditions,E8 Canine Violation,Sidewalk,11233,2113 DEAN STREET,DEAN STREET,HOWARD AVENUE,SARATOGA AVENUE,,,ADDRESS,BROOKLYN,,N/A,Closed,,The Department of Sanitation investigated this complaint and found no violation at the location.,02/03/2016 12:00:00 PM,16 BROOKLYN,3014390157,BROOKLYN,1007080,185255,PHONE,Unspecified,BROOKLYN,,,,,,,,40.675129496574556,-73.91769539228717,"(40.675129496574556, -73.91769539228717)"
32559594,01/29/2016 08:49:00 AM,02/02/2016 12:00:00 PM,DSNY,Department of Sanitation,Dirty Conditions,E8 Canine Violation,Sidewalk,10466,,,,,BRONX BOULEVARD,EAST 222 STREET,INTERSECTION,BRONX,,N/A,Closed,,The Department of Sanitation investigated this complaint and found no violation at the location.,02/02/2016 12:00:00 PM,12 BRONX,,BRONX,1021473,262422,PHONE,Unspecified,BRONX,,,,,,,,40.88688327946857,-73.86537961019994,"(40.88688327946857, -73.86537961019994)"
32561006,01/29/2016 08:44:00 AM,02/02/2016 12:00:00 PM,DSNY,Department of Sanitation,Dirty Conditions,E8 Canine Violation,Sidewalk,10466,,,,,EAST 222 STREET,CARPENTER AVENUE,INTERSECTION,BRONX,,N/A,Closed,,The Department of Sanitation investigated this complaint and found no violation at the location.,02/02/2016 12:00:00 PM,12 BRONX,,BRONX,1021715,262322,PHONE,Unspecified,BRONX,,,,,,,,40.88660778710542,-73.86450495583237,"(40.88660778710542, -73.86450495583237)"
32561736,01/29/2016 07:40:00 AM,02/01/2016 12:00:00 PM,DSNY,Department of Sanitation,Dirty Conditions,E8 Canine Violation,Sidewalk,10454,466 EAST  140 STREET,EAST  140 STREET,WILLIS AVENUE,BROOK AVENUE,,,ADDRESS,BRONX,,N/A,Closed,,The Department of Sanitation investigated this complaint and found no violation at the location.,02/01/2016 12:00:00 PM,01 BRONX,2022840034,BRONX,1006410,234229,ONLINE,Unspecified,BRONX,,,,,,,,40.80955253171107,-73.9199494672962,"(40.80955253171107, -73.9199494672962)"
32559595,01/29/2016 07:30:00 AM,02/02/2016 12:00:00 PM,DSNY,Department of Sanitation,Dirty Conditions,E8 Canine Violation,Sidewalk,11228,,,,,73 STREET,12 AVENUE,INTERSECTION,BROOKLYN,,N/A,Closed,,The Department of Sanitation investigated this complaint and found no violation at the location.,02/02/2016 12:00:00 PM,10 BROOKLYN,,BROOKLYN,981912,166178,ONLINE,Unspecified,BROOKLYN,,,,,,,,40.62279639913885,-74.00842213173156,"(40.62279639913885, -74.00842213173156)"
32561713,01/29/2016 07:09:00 AM,02/06/2016 12:00:00 PM,DSNY,Department of Sanitation,Dirty Conditions,E8 Canine Violation,Sidewalk,11420,131-01 109 AVENUE,109 AVENUE,131 STREET,132 STREET,,,ADDRESS,South Ozone Park,,N/A,Closed,,The Department of Sanitation investigated this complaint and found no violation at the location.,02/06/2016 12:00:00 PM,10 QUEENS,4096110042,QUEENS,1036300,189024,ONLINE,Unspecified,QUEENS,,,,,,,,40.68535094223868,-73.81232526737647,"(40.68535094223868, -73.81232526737647)"
32559586,01/29/2016 03:52:00 AM,02/02/2016 12:00:00 PM,DSNY,Department of Sanitation,Dirty Conditions,E8 Canine Violation,Sidewalk,,,,,,BOYNTON AVENUE,BRUCKNER BOULEVARD,INTERSECTION,,,N/A,Closed,,The Department of Sanitation investigated this complaint and found no violation at the location.,02/02/2016 12:00:00 PM,09 BRONX,,BRONX,,,PHONE,Unspecified,BRONX,,,,,,,,,,
32553910,01/28/2016 08:52:00 PM,02/05/2016 12:00:00 PM,DSNY,Department of Sanitation,Dirty Conditions,E8 Canine Violation,Sidewalk,11356,11-19 128 STREET,128 STREET,11 AVENUE,14 AVENUE,,,ADDRESS,College Point,,N/A,Closed,,The Department of Sanitation investigated this complaint and found no violation at the location.,02/05/2016 12:00:00 PM,07 QUEENS,4040060008,QUEENS,1028534,226211,ONLINE,Unspecified,QUEENS,,,,,,,,40.78746214859342,-73.84008199087359,"(40.78746214859342, -73.84008199087359)"
32551049,01/28/2016 05:18:00 PM,02/02/2016 12:00:00 PM,DSNY,Department of Sanitation,Dirty Conditions,E8 Canine Violation,Sidewalk,10465,,,,,SWINTON AVENUE,PHILIP AVENUE,INTERSECTION,BRONX,,N/A,Closed,,The Department of Sanitation investigated this complaint and found no violation at the location.,02/02/2016 12:00:00 PM,10 BRONX,,BRONX,1032131,240329,ONLINE,Unspecified,BRONX,,,,,,,,40.826193329312424,-73.82699187415635,"(40.826193329312424, -73.82699187415635)"
32551059,01/28/2016 04:59:00 PM,02/02/2016 12:00:00 PM,DSNY,Department of Sanitation,Dirty Conditions,E8 Canine Violation,Sidewalk,10467,728 ARNOW AVENUE,ARNOW AVENUE,CRUGER AVENUE,HOLLAND AVENUE,,,ADDRESS,BRONX,,N/A,Closed,,The Department of Sanitation investigated this complaint and found no violation at the location.,02/02/2016 12:00:00 PM,11 BRONX,2045100028,BRONX,1021287,255492,PHONE,Unspecified,BRONX,,,,,,,,40.86786337750963,-73.86609060879601,"(40.86786337750963, -73.86609060879601)"
32551029,01/28/2016 04:34:00 PM,02/02/2016 12:00:00 PM,DSNY,Department of Sanitation,Dirty Conditions,E8 Canine Violation,Sidewalk,11226,558 PARKSIDE AVENUE,PARKSIDE AVENUE,BEDFORD AVENUE,ROGERS AVENUE,,,ADDRESS,BROOKLYN,,N/A,Closed,,The Department of Sanitation investigated this complaint and found no violation at the location.,02/02/2016 12:00:00 PM,09 BROOKLYN,3050560029,BROOKLYN,996801,178266,PHONE,Unspecified,BROOKLYN,,,,,,,,40.655966787233105,-73.9547652956801,"(40.655966787233105, -73.9547652956801)"
32555910,01/28/2016 04:31:00 PM,02/02/2016 12:00:00 PM,DSNY,Department of Sanitation,Dirty Conditions,E8 Canine Violation,Sidewalk,10454,,,,,BROOK AVENUE,EAST 142 STREET,INTERSECTION,BRONX,,N/A,Closed,,The Department of Sanitation investigated this complaint and found no violation at the location.,02/02/2016 12:00:00 PM,01 BRONX,,BRONX,1007060,234521,PHONE,Unspecified,BRONX,,,,,,,,40.810352336067936,-73.91760042380388,"(40.810352336067936, -73.91760042380388)"
32552966,01/28/2016 08:07:00 AM,02/05/2016 12:00:00 PM,DSNY,Department of Sanitation,Dirty Conditions,E8 Canine Violation,Sidewalk,11379,69-53 75 STREET,75 STREET,69 ROAD,71 AVENUE,,,ADDRESS,Middle Village,,N/A,Closed,,The Department of Sanitation investigated this complaint and found no violation at the location.,02/05/2016 12:00:00 PM,05 QUEENS,4037940228,QUEENS,1018648,197224,ONLINE,Unspecified,QUEENS,,,,,,,,40.70794421540553,-73.87593043792863,"(40.70794421540553, -73.87593043792863)"
32544666,01/27/2016 10:00:00 PM,01/30/2016 12:00:00 PM,DSNY,Department of Sanitation,Dirty Conditions,E8 Canine Violation,Sidewalk,11203,868 EAST   45 STREET,EAST   45 STREET,AVENUE D,FOSTER AVENUE,,,ADDRESS,BROOKLYN,,N/A,Closed,,The Department of Sanitation investigated this complaint and found no violation at the location.,01/30/2016 12:00:00 PM,17 BROOKLYN,3049780040,BROOKLYN,1002569,172482,PHONE,Unspecified,BROOKLYN,,,,,,,,40.64008090990256,-73.93399272463493,"(40.64008090990256, -73.93399272463493)"
32539989,01/27/2016 06:12:00 PM,02/04/2016 12:00:00 PM,DSNY,Department of Sanitation,Dirty Conditions,E8 Canine Violation,Sidewalk,10314,2054 RICHMOND AVENUE,RICHMOND AVENUE,WILLOWBROOK PARK BOUNDARY,RIVINGTON AVENUE,,,ADDRESS,STATEN ISLAND,,N/A,Closed,,The Department of Sanitation investigated this complaint and found no violation at the location.,02/04/2016 12:00:00 PM,02 STATEN ISLAND,5021000505,STATEN ISLAND,939138,157108,PHONE,Unspecified,STATEN ISLAND,,,,,,,,40.5977866087215,-74.16244530054692,"(40.5977866087215, -74.16244530054692)"
32542342,01/27/2016 05:58:00 PM,02/02/2016 12:00:00 PM,DSNY,Department of Sanitation,Dirty Conditions,E8 Canine Violation,Sidewalk,10470,4460 CARPENTER AVENUE,CARPENTER AVENUE,NEREID AVENUE,EAST 239 STREET,,,ADDRESS,BRONX,,N/A,Closed,,The Department of Sanitation investigated this complaint and found no violation at the location.,02/02/2016 12:00:00 PM,12 BRONX,2050670028,BRONX,1024001,267380,PHONE,Unspecified,BRONX,,,,,,,,40.9004803714948,-73.85620744832961,"(40.9004803714948, -73.85620744832961)"
32544645,01/27/2016 05:25:00 PM,02/02/2016 12:00:00 PM,DSNY,Department of Sanitation,Dirty Conditions,E8 Canine Violation,Sidewalk,10465,3184 AMPERE AVENUE,AMPERE AVENUE,KENNELWORTH PLACE,OHM AVENUE,,,ADDRESS,BRONX,,N/A,Closed,,The Department of Sanitation investigated this complaint and found no violation at the location.,02/02/2016 12:00:00 PM,10 BRONX,2054120084,BRONX,1033541,247646,PHONE,Unspecified,BRONX,,,,,,,,40.84626857924835,-73.8218433726773,"(40.84626857924835, -73.8218433726773)"
32547020,01/27/2016 01:04:00 PM,02/02/2016 12:00:00 PM,DSNY,Department of Sanitation,Dirty Conditions,E8 Canine Violation,Sidewalk,10462,1636 PARKER STREET,PARKER STREET,MACLAY AVENUE,BEND,,,ADDRESS,BRONX,,N/A,Closed,,The Department of Sanitation investigated this complaint and found no violation at the location.,02/02/2016 12:00:00 PM,10 BRONX,2039910117,BRONX,1025247,245119,PHONE,Unspecified,BRONX,,,,,,,,40.8393751169675,-73.85183646354801,"(40.8393751169675, -73.85183646354801)"
32545856,01/27/2016 12:24:00 PM,02/06/2016 12:00:00 PM,DSNY,Department of Sanitation,Dirty Conditions,E8 Canine Violation,Sidewalk,10031,,,,,WEST 149 STREET,BROADWAY,INTERSECTION,NEW YORK,,N/A,Closed,,The Department of Sanitation investigated this complaint and found no violation at the location.,02/06/2016 12:00:00 PM,09 MANHATTAN,,MANHATTAN,998477,241299,PHONE,Unspecified,MANHATTAN,,,,,,,,40.828974023743896,-73.9485915496301,"(40.828974023743896, -73.9485915496301)"
32541213,01/27/2016 12:11:00 PM,01/31/2016 12:00:00 PM,DSNY,Department of Sanitation,Dirty Conditions,E8 Canine Violation,Sidewalk,11226,,,,,EAST 17 STREET,ALBEMARLE ROAD,INTERSECTION,BROOKLYN,,N/A,Closed,,The Department of Sanitation investigated this complaint and found no violation at the location.,01/31/2016 12:00:00 PM,14 BROOKLYN,,BROOKLYN,994360,174963,PHONE,Unspecified,BROOKLYN,,,,,,,,40.64690389500621,-73.96356778469152,"(40.64690389500621, -73.96356778469152)"
32543484,01/27/2016 12:07:00 PM,02/10/2016 12:00:00 PM,DSNY,Department of Sanitation,Dirty Conditions,E8 Canine Violation,Sidewalk,,,,,,SHORE PARKWAY,EAST 11 STREET,INTERSECTION,,,N/A,Closed,,The Department of Sanitation investigated this complaint and found no violation at the location.,02/10/2016 12:00:00 PM,15 BROOKLYN,,BROOKLYN,,,ONLINE,Unspecified,BROOKLYN,,,,,,,,,,
32539999,01/27/2016 11:10:00 AM,02/05/2016 12:00:00 PM,DSNY,Department of Sanitation,Dirty Conditions,E8 Canine Violation,Sidewalk,10308,,,,,ARTHUR KILL ROAD,TROY STREET,INTERSECTION,STATEN ISLAND,,N/A,Closed,,The Department of Sanitation investigated this complaint and found no violation at the location.,02/05/2016 12:00:00 PM,03 STATEN ISLAND,,STATEN ISLAND,941580,145615,PHONE,Unspecified,STATEN ISLAND,,,,,,,,40.56625274100368,-74.15357928127415,"(40.56625274100368, -74.15357928127415)"
32541157,01/27/2016 10:39:00 AM,02/04/2016 12:00:00 PM,DSNY,Department of Sanitation,Dirty Conditions,E8 Canine Violation,Sidewalk,10016,,,,,EAST 35 STREET,1 AVENUE,INTERSECTION,NEW YORK,,N/A,Closed,,The Department of Sanitation investigated this complaint and found no violation at the location.,02/04/2016 12:00:00 PM,06 MANHATTAN,,MANHATTAN,991724,210501,ONLINE,Unspecified,MANHATTAN,,,,,,,,40.74445005512102,-73.9730273934635,"(40.74445005512102, -73.9730273934635)"
32547032,01/27/2016 10:05:00 AM,02/02/2016 12:00:00 PM,DSNY,Department of Sanitation,Dirty Conditions,E8 Canine Violation,Sidewalk,11203,,,,,FOSTER AVENUE,EAST 46 STREET,INTERSECTION,BROOKLYN,,N/A,Closed,,The Department of Sanitation investigated this complaint and found no violation at the location.,02/02/2016 12:00:00 PM,17 BROOKLYN,,BROOKLYN,1002849,172290,ONLINE,Unspecified,BROOKLYN,,,,,,,,40.639553327597596,-73.93298435440437,"(40.639553327597596, -73.93298435440437)"
32548156,01/27/2016 09:35:00 AM,01/31/2016 12:00:00 PM,DSNY,Department of Sanitation,Dirty Conditions,E8 Canine Violation,Sidewalk,,,,,,SHORE PARKWAY,EAST 11 STREET,INTERSECTION,,,N/A,Closed,,The Department of Sanitation investigated this complaint and found no violation at the location.,01/31/2016 12:00:00 PM,15 BROOKLYN,,BROOKLYN,,,ONLINE,Unspecified,BROOKLYN,,,,,,,,,,
32532573,01/26/2016 10:31:00 PM,02/06/2016 12:00:00 PM,DSNY,Department of Sanitation,Dirty Conditions,E8 Canine Violation,Sidewalk,10033,511W WEST  182 STREET,WEST  182 STREET,AMSTERDAM AVENUE,AUDUBON AVENUE,,,ADDRESS,NEW YORK,,N/A,Closed,,The Department of Sanitation investigated this complaint and found no violation at the location.,02/06/2016 12:00:00 PM,12 MANHATTAN,1021550035,MANHATTAN,1003354,248565,ONLINE,Unspecified,MANHATTAN,,,,,,,,40.84890787326551,-73.93094809884894,"(40.84890787326551, -73.93094809884894)"
32529966,01/26/2016 08:16:00 PM,02/18/2016 12:00:00 PM,DSNY,Department of Sanitation,Dirty Conditions,E8 Canine Violation,Sidewalk,10034,2 CUMMING STREET,CUMMING STREET,BROADWAY,SEAMAN AVENUE,,,ADDRESS,NEW YORK,,N/A,Closed,,The Department of Sanitation investigated this complaint and found no violation at the location.,02/18/2016 12:00:00 PM,12 MANHATTAN,1022370075,MANHATTAN,1004710,254858,MOBILE,Unspecified,MANHATTAN,,,,,,,,40.86617722931299,-73.92602759582446,"(40.86617722931299, -73.92602759582446)"
32535644,01/26/2016 07:34:00 PM,02/03/2016 12:00:00 PM,DSNY,Department of Sanitation,Dirty Conditions,E8 Canine Violation,Sidewalk,11208,96 LINWOOD STREET,LINWOOD STREET,JAMAICA AVENUE,RIDGEWOOD AVENUE,,,ADDRESS,BROOKLYN,,N/A,Closed,,The Department of Sanitation investigated this complaint and found no violation at the location.,02/03/2016 12:00:00 PM,05 BROOKLYN,3039090020,BROOKLYN,1016240,188344,PHONE,Unspecified,BROOKLYN,,,,,,,,40.683579732192804,-73.88465797554213,"(40.683579732192804, -73.88465797554213)"
32531668,01/26/2016 01:35:00 PM,02/02/2016 12:00:00 PM,DSNY,Department of Sanitation,Dirty Conditions,E8 Canine Violation,Sidewalk,10305,21 FATHER CAPODANNO BOULEVARD,FATHER CAPODANNO BOULEVARD,LILY POND AVENUE,ROBIN ROAD,,,ADDRESS,STATEN ISLAND,,N/A,Closed,,The Department of Sanitation investigated this complaint and found no violation at the location.,02/02/2016 12:00:00 PM,02 STATEN ISLAND,5031210217,STATEN ISLAND,966966,156407,PHONE,Unspecified,STATEN ISLAND,,,,,,,,40.595960464568634,-74.06223679762502,"(40.595960464568634, -74.06223679762502)"
32533049,01/26/2016 12:56:00 PM,02/05/2016 12:00:00 PM,DSNY,Department of Sanitation,Dirty Conditions,E8 Canine Violation,Sidewalk,11434,117-26 SMITH STREET,SMITH STREET,MARSDEN STREET,DEAD END,,,ADDRESS,Jamaica,,N/A,Closed,,The Department of Sanitation investigated this complaint and found no violation at the location.,02/05/2016 12:00:00 PM,12 QUEENS,4123570024,QUEENS,1045421,188620,PHONE,Unspecified,QUEENS,,,,,,,,40.68418372160116,-73.77944181617531,"(40.68418372160116, -73.77944181617531)"
32531323,01/26/2016 11:00:00 AM,02/03/2016 12:00:00 PM,DSNY,Department of Sanitation,Dirty Conditions,E8 Canine Violation,Sidewalk,10038,59 MAIDEN LANE,MAIDEN LANE,NASSAU STREET,WILLIAM STREET,,,ADDRESS,NEW YORK,,N/A,Closed,,The Department of Sanitation investigated this complaint and found no violation at the location.,02/03/2016 12:00:00 PM,01 MANHATTAN,1000670001,MANHATTAN,981968,197317,ONLINE,Unspecified,MANHATTAN,,,,,,,,40.708266046703514,-74.0082309440472,"(40.708266046703514, -74.0082309440472)"
32538660,01/26/2016 08:31:00 AM,02/06/2016 12:00:00 PM,DSNY,Department of Sanitation,Dirty Conditions,E8 Canine Violation,Sidewalk,10034,73 SEAMAN AVENUE,SEAMAN AVENUE,ACADEMY STREET,WEST 204 STREET,,,ADDRESS,NEW YORK,,N/A,Closed,,The Department of Sanitation investigated this complaint and found no violation at the location.,02/06/2016 12:00:00 PM,12 MANHATTAN,1022390005,MANHATTAN,1004919,255523,PHONE,Unspecified,MANHATTAN,,,,,,,,40.868001964495,-73.92526991298504,"(40.868001964495, -73.92526991298504)"
32535961,01/26/2016 04:14:00 AM,02/03/2016 12:00:00 PM,DSNY,Department of Sanitation,Dirty Conditions,E8 Canine Violation,Sidewalk,10305,150 LAMPORT BOULEVARD,LAMPORT BOULEVARD,KRAMER STREET,MC CLEAN AVENUE,,,ADDRESS,STATEN ISLAND,,N/A,Closed,,The Department of Sanitation investigated this complaint and found no violation at the location.,02/03/2016 12:00:00 PM,02 STATEN ISLAND,5032430100,STATEN ISLAND,962729,156082,PHONE,Unspecified,STATEN ISLAND,,,,,,,,40.59505912984151,-74.07749248460824,"(40.59505912984151, -74.07749248460824)"
32523352,01/25/2016 05:47:00 PM,02/10/2016 12:00:00 PM,DSNY,Department of Sanitation,Dirty Conditions,E8 Canine Violation,Sidewalk,11211,382 SOUTH    5 STREET,SOUTH    5 STREET,KEAP STREET,HOOPER STREET,,,ADDRESS,BROOKLYN,,N/A,Closed,,The Department of Sanitation investigated this complaint and found no violation at the location.,02/10/2016 12:00:00 PM,01 BROOKLYN,3024630119,BROOKLYN,997002,197177,ONLINE,Unspecified,BROOKLYN,,,,,,,,40.707872884998935,-73.95400509023023,"(40.707872884998935, -73.95400509023023)"
32527372,01/25/2016 04:58:00 PM,02/03/2016 12:00:00 PM,DSNY,Department of Sanitation,Dirty Conditions,E8 Canine Violation,Sidewalk,11233,1743 STERLING PLACE,STERLING PLACE,RALPH AVENUE,HOWARD AVENUE,,,ADDRESS,BROOKLYN,,N/A,Closed,,The Department of Sanitation investigated this complaint and found no violation at the location.,02/03/2016 12:00:00 PM,16 BROOKLYN,3014660158,BROOKLYN,1006195,183726,PHONE,Unspecified,BROOKLYN,,,,,,,,40.67093497463517,-73.92089088886847,"(40.67093497463517, -73.92089088886847)"
32517122,01/25/2016 02:24:00 PM,02/02/2016 12:00:00 PM,DSNY,Department of Sanitation,Dirty Conditions,E8 Canine Violation,Sidewalk,11225,25 OCEAN AVENUE,OCEAN AVENUE,EMPIRE BOULEVARD,BEND,,,ADDRESS,BROOKLYN,,N/A,Closed,,The Department of Sanitation investigated this complaint and found no violation at the location.,02/02/2016 12:00:00 PM,09 BROOKLYN,,BROOKLYN,994515,180614,ONLINE,Unspecified,BROOKLYN,,,,,,,,40.66241447518088,-73.96300062823587,"(40.66241447518088, -73.96300062823587)"
32513068,01/25/2016 02:04:00 PM,02/01/2016 12:00:00 PM,DSNY,Department of Sanitation,Dirty Conditions,E8 Canine Violation,Sidewalk,11226,25 TENNIS COURT,TENNIS COURT,EAST 19 STREET,OCEAN AVENUE,,,ADDRESS,BROOKLYN,,N/A,Closed,,The Department of Sanitation investigated this complaint and found no violation at the location.,02/01/2016 12:00:00 PM,14 BROOKLYN,3050990021,BROOKLYN,994862,175559,ONLINE,Unspecified,BROOKLYN,,,,,,,,40.648539198578376,-73.96175784905559,"(40.648539198578376, -73.96175784905559)"
32519155,01/25/2016 10:11:00 AM,02/10/2016 12:00:00 PM,DSNY,Department of Sanitation,Dirty Conditions,E8 Canine Violation,Sidewalk,11226,571 OCEAN AVENUE,OCEAN AVENUE,CHURCH AVENUE,TENNIS COURT,,,ADDRESS,BROOKLYN,,N/A,Closed,,The Department of Sanitation investigated this complaint and found no violation at the location.,02/10/2016 12:00:00 PM,14 BROOKLYN,3051010026,BROOKLYN,995131,175716,ONLINE,Unspecified,BROOKLYN,,,,,,,,40.648969803086054,-73.96078820856658,"(40.648969803086054, -73.96078820856658)"
32515084,01/25/2016 08:50:00 AM,02/05/2016 12:00:00 PM,DSNY,Department of Sanitation,Dirty Conditions,E8 Canine Violation,Sidewalk,11106,,,,,34 STREET,35 AVENUE,INTERSECTION,Astoria,,N/A,Closed,,The Department of Sanitation investigated this complaint and found no violation at the location.,02/05/2016 12:00:00 PM,01 QUEENS,,QUEENS,1004723,215082,PHONE,Unspecified,QUEENS,,,,,,,,40.75700319859925,-73.92610191355796,"(40.75700319859925, -73.92610191355796)"
32521219,01/25/2016 08:36:00 AM,02/05/2016 12:00:00 PM,DSNY,Department of Sanitation,Dirty Conditions,E8 Canine Violation,Sidewalk,11416,,,,,101 AVENUE,89 STREET,INTERSECTION,Ozone Park,,N/A,Closed,,The Department of Sanitation investigated this complaint and found no violation at the location.,02/05/2016 12:00:00 PM,09 QUEENS,,QUEENS,1025540,188077,PHONE,Unspecified,QUEENS,,,,,,,,40.68280838204617,-73.85112791439654,"(40.68280838204617, -73.85112791439654)"
32510082,01/24/2016 11:44:00 AM,02/06/2016 12:00:00 PM,DSNY,Department of Sanitation,Dirty Conditions,E8 Canine Violation,Sidewalk,10031,,,,,WEST 147 STREET,BROADWAY,INTERSECTION,NEW YORK,,N/A,Closed,,The Department of Sanitation investigated this complaint and found no violation at the location.,02/06/2016 12:00:00 PM,09 MANHATTAN,,MANHATTAN,998224,240845,PHONE,Unspecified,MANHATTAN,,,,,,,,40.827728327584346,-73.94950669607618,"(40.827728327584346, -73.94950669607618)"
32487454,01/23/2016 01:15:00 AM,02/10/2016 12:00:00 PM,DSNY,Department of Sanitation,Dirty Conditions,E8 Canine Violation,Sidewalk,11226,,,,,REGENT PLACE,OCEAN AVENUE,INTERSECTION,BROOKLYN,,N/A,Closed,,The Department of Sanitation investigated this complaint and found no violation at the location.,02/10/2016 12:00:00 PM,14 BROOKLYN,,BROOKLYN,995297,174560,ONLINE,Unspecified,BROOKLYN,,,,,,,,40.645796627938886,-73.96019188864787,"(40.645796627938886, -73.96019188864787)"
32476295,01/22/2016 05:24:00 PM,02/10/2016 12:00:00 PM,DSNY,Department of Sanitation,Dirty Conditions,E8 Canine Violation,Sidewalk,11220,,,,,56 STREET,5 AVENUE,INTERSECTION,BROOKLYN,,N/A,Closed,,The Department of Sanitation investigated this complaint and found no violation at the location.,02/10/2016 12:00:00 PM,07 BROOKLYN,,BROOKLYN,980416,173082,ONLINE,Unspecified,BROOKLYN,,,,,,,,40.64174589590802,-74.01381506553874,"(40.64174589590802, -74.01381506553874)"
32478611,01/22/2016 03:40:00 PM,02/10/2016 12:00:00 PM,DSNY,Department of Sanitation,Dirty Conditions,E8 Canine Violation,Sidewalk,11207,,,,,HINSDALE STREET,NEW LOTS AVENUE,INTERSECTION,BROOKLYN,,N/A,Closed,,The Department of Sanitation investigated this complaint and found no violation at the location.,02/10/2016 12:00:00 PM,05 BROOKLYN,,BROOKLYN,1012661,179688,PHONE,Unspecified,BROOKLYN,,,,,,,,40.65983317931408,-73.89759876441934,"(40.65983317931408, -73.89759876441934)"
32479529,01/22/2016 03:38:00 PM,02/10/2016 12:00:00 PM,DSNY,Department of Sanitation,Dirty Conditions,E8 Canine Violation,Sidewalk,11207,,,,,HINSDALE STREET,RIVERDALE AVENUE,INTERSECTION,BROOKLYN,,N/A,Closed,,The Department of Sanitation investigated this complaint and found no violation at the location.,02/10/2016 12:00:00 PM,05 BROOKLYN,,BROOKLYN,1012468,180672,PHONE,Unspecified,BROOKLYN,,,,,,,,40.66253465755822,-73.89829027208609,"(40.66253465755822, -73.89829027208609)"
32480474,01/22/2016 02:51:00 PM,02/03/2016 12:00:00 PM,DSNY,Department of Sanitation,Dirty Conditions,E8 Canine Violation,Sidewalk,10305,307 OLYMPIA BOULEVARD,OLYMPIA BOULEVARD,VULCAN STREET,WINFIELD STREET,,,ADDRESS,STATEN ISLAND,,N/A,Closed,,The Department of Sanitation investigated this complaint and found no violation at the location.,02/03/2016 12:00:00 PM,02 STATEN ISLAND,5033970036,STATEN ISLAND,962623,154215,PHONE,Unspecified,STATEN ISLAND,,,,,,,,40.589934333424644,-74.07786819156505,"(40.589934333424644, -74.07786819156505)"
32477671,01/22/2016 01:07:00 PM,02/02/2016 12:00:00 PM,DSNY,Department of Sanitation,Dirty Conditions,E8 Canine Violation,Sidewalk,10467,,,,,BRONX PARK EAST,MACE AVENUE,INTERSECTION,BRONX,,N/A,Closed,,The Department of Sanitation investigated this complaint and found no violation at the location.,02/02/2016 12:00:00 PM,11 BRONX,,BRONX,1020085,253817,PHONE,Unspecified,BRONX,,,,,,,,40.86327097725834,-73.8704454588617,"(40.86327097725834, -73.8704454588617)"
32479549,01/22/2016 09:31:00 AM,02/09/2016 12:00:00 PM,DSNY,Department of Sanitation,Dirty Conditions,E8 Canine Violation,Sidewalk,11364,65-36B 223 PLACE,223 PLACE,65 AVENUE,67 AVENUE,,,ADDRESS,Oakland Gardens,,N/A,Closed,,The Department of Sanitation investigated this complaint and found no violation at the location.,02/09/2016 12:00:00 PM,11 QUEENS,,QUEENS,1052443,211340,PHONE,Unspecified,QUEENS,,,,,,,,40.746493124749065,-73.75389326254681,"(40.746493124749065, -73.75389326254681)"
32477264,01/22/2016 09:13:00 AM,02/10/2016 12:00:00 PM,DSNY,Department of Sanitation,Dirty Conditions,E8 Canine Violation,Sidewalk,11207,576 WILLIAMS AVENUE,WILLIAMS AVENUE,RIVERDALE AVENUE,NEWPORT STREET,,,ADDRESS,BROOKLYN,,N/A,Closed,,The Department of Sanitation investigated this complaint and found no violation at the location.,02/10/2016 12:00:00 PM,05 BROOKLYN,3038350041,BROOKLYN,1012790,180368,ONLINE,Unspecified,BROOKLYN,,,,,,,,40.661699213233376,-73.89713093435454,"(40.661699213233376, -73.89713093435454)"
32480463,01/22/2016 08:56:00 AM,02/18/2016 12:00:00 PM,DSNY,Department of Sanitation,Dirty Conditions,E8 Canine Violation,Sidewalk,11364,221-27 KINGSBURY AVENUE,KINGSBURY AVENUE,221 STREET,222 STREET,,,ADDRESS,Oakland Gardens,,N/A,Closed,,The Department of Sanitation investigated this complaint and found no violation at the location.,02/18/2016 12:00:00 PM,11 QUEENS,4077610201,QUEENS,1053440,207930,PHONE,Unspecified,QUEENS,,,,,,,,40.73712581778194,-73.75033021140496,"(40.73712581778194, -73.75033021140496)"
32475502,01/21/2016 09:04:00 PM,02/04/2016 12:00:00 PM,DSNY,Department of Sanitation,Dirty Conditions,E8 Canine Violation,Sidewalk,11374,61-35 98 STREET,98 STREET,LONG ISLAND EXPRESSWAY,DRIVEWAY,,,ADDRESS,Rego Park,,N/A,Closed,,The Department of Sanitation investigated this complaint and found no violation at the location.,02/04/2016 12:00:00 PM,06 QUEENS,4020930001,QUEENS,1022926,206765,ONLINE,Unspecified,QUEENS,,,,,,,,40.73411425985717,-73.86044539193561,"(40.73411425985717, -73.86044539193561)"
32470171,01/21/2016 08:36:00 PM,02/06/2016 12:00:00 PM,DSNY,Department of Sanitation,Dirty Conditions,E8 Canine Violation,Sidewalk,11238,500 ST JOHNS PLACE,ST JOHNS PLACE,,,,,ADDRESS,BROOKLYN,,N/A,Closed,,The Department of Sanitation investigated this complaint and found no violation at the location.,02/06/2016 12:00:00 PM,08 BROOKLYN,3011770017,BROOKLYN,994904,184579,PHONE,Unspecified,BROOKLYN,,,,,,,,40.67329705625501,-73.96159224277311,"(40.67329705625501, -73.96159224277311)"
32473377,01/21/2016 08:32:00 PM,02/04/2016 12:00:00 PM,DSNY,Department of Sanitation,Dirty Conditions,E8 Canine Violation,Sidewalk,11415,127-15 KEW GARDENS ROAD,KEW GARDENS ROAD,,,,,ADDRESS,Kew Gardens,,N/A,Closed,,The Department of Sanitation investigated this complaint and found no violation at the location.,02/04/2016 12:00:00 PM,09 QUEENS,,QUEENS,1032789,197040,PHONE,Unspecified,QUEENS,,,,,,,,40.70737290567641,-73.82492694761542,"(40.70737290567641, -73.82492694761542)"
32472219,01/21/2016 06:01:00 PM,02/04/2016 12:00:00 PM,DSNY,Department of Sanitation,Dirty Conditions,E8 Canine Violation,Sidewalk,11103,38-25 ASTORIA BOULEVARD,ASTORIA BOULEVARD,38 STREET,STEINWAY STREET,,,ADDRESS,Astoria,,N/A,Closed,,The Department of Sanitation investigated this complaint and found no violation at the location.,02/04/2016 12:00:00 PM,01 QUEENS,4008030076,QUEENS,1008849,219669,ONLINE,Unspecified,QUEENS,,,,,,,,40.76958280891749,-73.91119218033606,"(40.76958280891749, -73.91119218033606)"
32474435,01/21/2016 04:04:00 PM,02/04/2016 12:00:00 PM,DSNY,Department of Sanitation,Dirty Conditions,E8 Canine Violation,Sidewalk,10001,,,,,WEST 29 STREET,8 AVENUE,INTERSECTION,NEW YORK,,N/A,Closed,,The Department of Sanitation investigated this complaint and found no violation at the location.,02/04/2016 12:00:00 PM,04 MANHATTAN,,MANHATTAN,985428,212177,PHONE,Unspecified,MANHATTAN,,,,,,,,40.74905333423899,-73.99574847129311,"(40.74905333423899, -73.99574847129311)"
32471249,01/21/2016 02:53:00 PM,02/06/2016 12:00:00 PM,DSNY,Department of Sanitation,Dirty Conditions,E8 Canine Violation,Sidewalk,10035,70 PALADINO AVENUE,PALADINO AVENUE,BEND,BEND,,,ADDRESS,NEW YORK,,N/A,Closed,,The Department of Sanitation investigated this complaint and found no violation at the location.,02/06/2016 12:00:00 PM,11 MANHATTAN,1018080001,MANHATTAN,1003707,230171,ONLINE,Unspecified,MANHATTAN,,,,,,,,40.798420806778914,-73.9297255095368,"(40.798420806778914, -73.9297255095368)"
32470131,01/21/2016 02:05:00 PM,02/06/2016 12:00:00 PM,DSNY,Department of Sanitation,Dirty Conditions,E8 Canine Violation,Sidewalk,11231,,,,,WOLCOTT STREET,VAN BRUNT STREET,INTERSECTION,BROOKLYN,,N/A,Closed,,The Department of Sanitation investigated this complaint and found no violation at the location.,02/06/2016 12:00:00 PM,06 BROOKLYN,,BROOKLYN,980664,186046,ONLINE,Unspecified,BROOKLYN,,,,,,,,40.67732932538408,-74.01292834062261,"(40.67732932538408, -74.01292834062261)"
32474487,01/21/2016 01:52:00 PM,02/02/2016 12:00:00 PM,DSNY,Department of Sanitation,Dirty Conditions,E8 Canine Violation,Sidewalk,10452,,,,,GERARD AVENUE,EAST 164 STREET,INTERSECTION,BRONX,,N/A,Closed,,The Department of Sanitation investigated this complaint and found no violation at the location.,02/02/2016 12:00:00 PM,04 BRONX,,BRONX,1005483,241804,PHONE,Unspecified,BRONX,,,,,,,,40.830346039682254,-73.92327418203564,"(40.830346039682254, -73.92327418203564)"
32467977,01/21/2016 01:29:00 PM,02/02/2016 12:00:00 PM,DSNY,Department of Sanitation,Dirty Conditions,E8 Canine Violation,Sidewalk,10464,568 MINNIEFORD AVENUE,MINNIEFORD AVENUE,CROSS STREET,KILROE STREET,,,ADDRESS,BRONX,,N/A,Closed,,The Department of Sanitation investigated this complaint and found no violation at the location.,02/02/2016 12:00:00 PM,10 BRONX,2056470100,BRONX,1042512,250476,PHONE,Unspecified,BRONX,,,,,,,,40.853981434116,-73.78939425213987,"(40.853981434116, -73.78939425213987)"
32474437,01/21/2016 11:46:00 AM,02/06/2016 12:00:00 PM,DSNY,Department of Sanitation,Dirty Conditions,E8 Canine Violation,Sidewalk,11218,270 EAST    2 STREET,EAST    2 STREET,ALBEMARLE ROAD,CHURCH AVENUE,,,ADDRESS,BROOKLYN,,N/A,Closed,,The Department of Sanitation investigated this complaint and found no violation at the location.,02/06/2016 12:00:00 PM,12 BROOKLYN,3053340014,BROOKLYN,990184,174170,ONLINE,Unspecified,BROOKLYN,,,,,,,,40.64473106385616,-73.97861704041314,"(40.64473106385616, -73.97861704041314)"
32472222,01/21/2016 11:02:00 AM,02/01/2016 12:00:00 PM,DSNY,Department of Sanitation,Dirty Conditions,E8 Canine Violation,Sidewalk,10454,,,,,JACKSON AVENUE,EAST 141 STREET,INTERSECTION,BRONX,,N/A,Closed,,The Department of Sanitation investigated this complaint and found no violation at the location.,02/01/2016 12:00:00 PM,01 BRONX,,BRONX,1008704,233289,PHONE,Unspecified,BRONX,,,,,,,,40.806966441332804,-73.91166607726646,"(40.806966441332804, -73.91166607726646)"
32470209,01/21/2016 07:58:00 AM,02/06/2016 12:00:00 PM,DSNY,Department of Sanitation,Dirty Conditions,E8 Canine Violation,Sidewalk,11229,2128 OCEAN AVENUE,OCEAN AVENUE,KINGS HIGHWAY,QUENTIN ROAD,,,ADDRESS,BROOKLYN,,N/A,Closed,,The Department of Sanitation investigated this complaint and found no violation at the location.,02/06/2016 12:00:00 PM,15 BROOKLYN,3067820028,BROOKLYN,997188,161467,PHONE,Unspecified,BROOKLYN,,,,,,,,40.609856543104435,-73.95340272693187,"(40.609856543104435, -73.95340272693187)"
32472235,01/21/2016 07:56:00 AM,02/05/2016 12:00:00 PM,DSNY,Department of Sanitation,Dirty Conditions,E8 Canine Violation,Sidewalk,11385,60-38 COOPER AVENUE,COOPER AVENUE,60 STREET,60 LANE,,,ADDRESS,Ridgewood,,N/A,Closed,,The Department of Sanitation investigated this complaint and found no violation at the location.,02/05/2016 12:00:00 PM,05 QUEENS,4037120026,QUEENS,1013436,192818,ONLINE,Unspecified,QUEENS,,,,,,,,40.69586951372035,-73.89474858725534,"(40.69586951372035, -73.89474858725534)"
32464361,01/20/2016 11:04:00 PM,01/21/2016 12:00:00 PM,DSNY,Department of Sanitation,Dirty Conditions,E8 Canine Violation,Sidewalk,10472,1035 BOYNTON AVENUE,BOYNTON AVENUE,BRUCKNER BOULEVARD,WATSON AVENUE,,,ADDRESS,BRONX,,N/A,Closed,,The Department of Sanitation investigated this complaint and found no violation at the location.,01/21/2016 12:00:00 PM,09 BRONX,2037140050,BRONX,1018197,239789,PHONE,Unspecified,BRONX,,,,,,,,40.82477572866116,-73.87734216435173,"(40.82477572866116, -73.87734216435173)"
32459889,01/20/2016 09:21:00 PM,02/04/2016 12:00:00 PM,DSNY,Department of Sanitation,Dirty Conditions,E8 Canine Violation,Sidewalk,10005,63 WALL STREET,WALL STREET,HANOVER STREET,PEARL STREET,,,ADDRESS,NEW YORK,,N/A,Closed,,The Department of Sanitation investigated this complaint and found no violation at the location.,02/04/2016 12:00:00 PM,01 MANHATTAN,1000270009,MANHATTAN,981889,196434,ONLINE,Unspecified,MANHATTAN,,,,,,,,40.70584239953142,-74.00851557947222,"(40.70584239953142, -74.00851557947222)"
32459897,01/20/2016 04:46:00 PM,02/06/2016 12:00:00 PM,DSNY,Department of Sanitation,Dirty Conditions,E8 Canine Violation,Sidewalk,11208,578 ESSEX STREET,ESSEX STREET,BLAKE AVENUE,DUMONT AVENUE,,,ADDRESS,BROOKLYN,,N/A,Closed,,The Department of Sanitation investigated this complaint and found no violation at the location.,02/06/2016 12:00:00 PM,05 BROOKLYN,3040670029,BROOKLYN,1017377,183194,PHONE,Unspecified,BROOKLYN,,,,,,,,40.66943997506834,-73.88058376668963,"(40.66943997506834, -73.88058376668963)"
32466720,01/20/2016 03:45:00 PM,02/03/2016 12:00:00 PM,DSNY,Department of Sanitation,Dirty Conditions,E8 Canine Violation,Sidewalk,10301,,,,,ONTARIO AVENUE,SCHOHARIE STREET,INTERSECTION,STATEN ISLAND,,N/A,Closed,,The Department of Sanitation investigated this complaint and found no violation at the location.,02/03/2016 12:00:00 PM,01 STATEN ISLAND,,STATEN ISLAND,955316,162922,PHONE,Unspecified,STATEN ISLAND,,,,,,,,40.613812422192744,-74.10421438016003,"(40.613812422192744, -74.10421438016003)"
32466742,01/20/2016 02:11:00 PM,01/21/2016 12:00:00 PM,DSNY,Department of Sanitation,Dirty Conditions,E8 Canine Violation,Sidewalk,10003,205 EAST   16 STREET,EAST   16 STREET,3 AVENUE,RUTHERFORD PLACE,,,ADDRESS,NEW YORK,,N/A,Closed,,The Department of Sanitation investigated this complaint and found no violation at the location.,01/21/2016 12:00:00 PM,06 MANHATTAN,1008977501,MANHATTAN,988144,206881,ONLINE,Unspecified,MANHATTAN,,,,,,,,40.73451635485018,-73.98594920117007,"(40.73451635485018, -73.98594920117007)"
32466698,01/20/2016 01:41:00 PM,02/02/2016 12:00:00 PM,DSNY,Department of Sanitation,Dirty Conditions,E8 Canine Violation,Sidewalk,10455,,,,,EAST 147 STREET,CONCORD AVENUE,INTERSECTION,BRONX,,N/A,Closed,,The Department of Sanitation investigated this complaint and found no violation at the location.,02/02/2016 12:00:00 PM,01 BRONX,,BRONX,1009529,234973,PHONE,Unspecified,BRONX,,,,,,,,40.81158623017517,-73.9086796328778,"(40.81158623017517, -73.9086796328778)"
32459861,01/20/2016 01:30:00 PM,02/02/2016 12:00:00 PM,DSNY,Department of Sanitation,Dirty Conditions,E8 Canine Violation,Sidewalk,10455,480 CONCORD AVENUE,CONCORD AVENUE,EAST 145 STREET,EAST 147 STREET,,,ADDRESS,BRONX,,N/A,Closed,,The Department of Sanitation investigated this complaint and found no violation at the location.,02/02/2016 12:00:00 PM,01 BRONX,2025770038,BRONX,1009493,234831,PHONE,Unspecified,BRONX,,,,,,,,40.8111965828086,-73.90881021676769,"(40.8111965828086, -73.90881021676769)"
32458669,01/20/2016 12:51:00 PM,01/21/2016 12:00:00 PM,DSNY,Department of Sanitation,Dirty Conditions,E8 Canine Violation,Sidewalk,10451,,,,,GERARD AVENUE,EAST 161 STREET,INTERSECTION,BRONX,,N/A,Closed,,The Department of Sanitation investigated this complaint and found no violation at the location.,01/21/2016 12:00:00 PM,04 BRONX,,BRONX,1005022,240771,PHONE,Unspecified,BRONX,,,,,,,,40.82751184741256,-73.92494321117745,"(40.82751184741256, -73.92494321117745)"
32466752,01/20/2016 11:41:00 AM,01/21/2016 12:00:00 PM,DSNY,Department of Sanitation,Dirty Conditions,E8 Canine Violation,Sidewalk,11238,500 ST JOHNS PLACE,ST JOHNS PLACE,WASHINGTON AVENUE,CLASSON AVENUE,,,ADDRESS,BROOKLYN,,N/A,Closed,,The Department of Sanitation investigated this complaint and found no violation at the location.,01/21/2016 12:00:00 PM,08 BROOKLYN,3011770017,BROOKLYN,994904,184579,ONLINE,Unspecified,BROOKLYN,,,,,,,,40.67329705625501,-73.96159224277311,"(40.67329705625501, -73.96159224277311)"
32459822,01/20/2016 11:38:00 AM,02/12/2016 12:00:00 PM,DSNY,Department of Sanitation,Dirty Conditions,E8 Canine Violation,Sidewalk,11421,87-57 96 STREET,96 STREET,JAMAICA AVENUE,89 AVENUE,,,ADDRESS,Woodhaven,,N/A,Closed,,The Department of Sanitation investigated this complaint and found no violation at the location.,02/12/2016 12:00:00 PM,09 QUEENS,4089370068,QUEENS,1026032,192143,PHONE,Unspecified,QUEENS,,,,,,,,40.69396629307964,-73.84932878412509,"(40.69396629307964, -73.84932878412509)"
32458676,01/20/2016 11:26:00 AM,01/21/2016 12:00:00 PM,DSNY,Department of Sanitation,Dirty Conditions,E8 Canine Violation,Sidewalk,11209,9303 3 AVENUE,3 AVENUE,93 STREET,93 STREET,,,ADDRESS,BROOKLYN,,N/A,Closed,,The Department of Sanitation investigated this complaint and found no violation at the location.,01/21/2016 12:00:00 PM,10 BROOKLYN,3061070012,BROOKLYN,975086,164675,PHONE,Unspecified,BROOKLYN,,,,,,,,40.61866654657726,-74.03300925649475,"(40.61866654657726, -74.03300925649475)"
32466699,01/20/2016 11:10:00 AM,02/06/2016 12:00:00 PM,DSNY,Department of Sanitation,Dirty Conditions,E8 Canine Violation,Sidewalk,10033,561 WEST  186 STREET,WEST  186 STREET,AUDUBON AVENUE,ST NICHOLAS AVENUE,,,ADDRESS,NEW YORK,,N/A,Closed,,The Department of Sanitation investigated this complaint and found no violation at the location.,02/06/2016 12:00:00 PM,12 MANHATTAN,1021570096,MANHATTAN,1003427,249709,ONLINE,Unspecified,MANHATTAN,,,,,,,,40.85204765529435,-73.93068096637785,"(40.85204765529435, -73.93068096637785)"
32461002,01/20/2016 09:50:00 AM,01/21/2016 12:00:00 PM,DSNY,Department of Sanitation,Dirty Conditions,E8 Canine Violation,Sidewalk,11238,500 SAINT JOHN'S PLACE,SAINT JOHN'S PLACE,WASHINGTON AVENUE,CLASSON AVENUE,,,ADDRESS,BROOKLYN,,N/A,Closed,,The Department of Sanitation investigated this complaint and found no violation at the location.,01/21/2016 12:00:00 PM,08 BROOKLYN,3011770017,BROOKLYN,994904,184579,ONLINE,Unspecified,BROOKLYN,,,,,,,,40.67329705625501,-73.96159224277311,"(40.67329705625501, -73.96159224277311)"
32466751,01/20/2016 09:41:00 AM,01/21/2016 12:00:00 PM,DSNY,Department of Sanitation,Dirty Conditions,E8 Canine Violation,Sidewalk,10459,,,,,REV JAMES A POLITE AVENUE,EAST 169 STREET,INTERSECTION,BRONX,,N/A,Closed,,The Department of Sanitation investigated this complaint and found no violation at the location.,01/21/2016 12:00:00 PM,03 BRONX,,BRONX,1012922,241235,PHONE,Unspecified,BRONX,,,,,,,,40.828763281934634,-73.8963956786699,"(40.828763281934634, -73.8963956786699)"
32462115,01/20/2016 08:38:00 AM,01/21/2016 12:00:00 PM,DSNY,Department of Sanitation,Dirty Conditions,E8 Canine Violation,Sidewalk,11218,,,,,MACDONALD AVENUE,CHURCH AVENUE,INTERSECTION,BROOKLYN,,N/A,Closed,,The Department of Sanitation investigated this complaint and found no violation at the location.,01/21/2016 12:00:00 PM,12 BROOKLYN,,BROOKLYN,989955,173465,PHONE,Unspecified,BROOKLYN,,,,,,,,40.64279614108937,-73.97944282998752,"(40.64279614108937, -73.97944282998752)"
32466741,01/20/2016 08:34:00 AM,01/21/2016 12:00:00 PM,DSNY,Department of Sanitation,Dirty Conditions,E8 Canine Violation,Sidewalk,11205,,,,,LAFAYETTE AVENUE,NOSTRAND AVENUE,INTERSECTION,BROOKLYN,,N/A,Closed,,The Department of Sanitation investigated this complaint and found no violation at the location.,01/21/2016 12:00:00 PM,03 BROOKLYN,,BROOKLYN,997710,190616,PHONE,Unspecified,BROOKLYN,,,,,,,,40.68986342464845,-73.95146453307221,"(40.68986342464845, -73.95146453307221)"
32452318,01/19/2016 08:46:00 PM,02/12/2016 12:00:00 PM,DSNY,Department of Sanitation,Dirty Conditions,E8 Canine Violation,Sidewalk,11418,87-76 126 STREET,126 STREET,JAMAICA AVENUE,89 AVENUE,,,ADDRESS,Richmond Hill,,N/A,Closed,,The Department of Sanitation investigated this complaint and found no violation at the location.,02/12/2016 12:00:00 PM,09 QUEENS,4093340045,QUEENS,1032897,194629,PHONE,Unspecified,QUEENS,,,,,,,,40.70075469768622,-73.8245548256123,"(40.70075469768622, -73.8245548256123)"
32446791,01/19/2016 02:09:00 PM,01/20/2016 12:00:00 PM,DSNY,Department of Sanitation,Dirty Conditions,E8 Canine Violation,Sidewalk,11207,277 BARBEY STREET,BARBEY STREET,ATLANTIC AVENUE,LIBERTY AVENUE,,,ADDRESS,BROOKLYN,,N/A,Closed,,The Department of Sanitation investigated this complaint and issued a Notice of Violation.,01/20/2016 12:00:00 PM,05 BROOKLYN,3039650003,BROOKLYN,1015211,185640,PHONE,Unspecified,BROOKLYN,,,,,,,,40.67616153048762,-73.88838052093074,"(40.67616153048762, -73.88838052093074)"
32452732,01/19/2016 12:44:00 PM,01/21/2016 12:00:00 PM,DSNY,Department of Sanitation,Dirty Conditions,E8 Canine Violation,Sidewalk,10456,,,,,GRAND CONCOURSE,EAST 167 STREET,INTERSECTION,BRONX,,N/A,Closed,,The Department of Sanitation investigated this complaint and issued a Notice of Violation.,01/21/2016 12:00:00 PM,04 BRONX,,BRONX,1007023,243324,PHONE,Unspecified,BRONX,,,,,,,,40.83451416412613,-73.91770420805199,"(40.83451416412613, -73.91770420805199)"
32454287,01/19/2016 12:36:00 PM,01/20/2016 12:00:00 PM,DSNY,Department of Sanitation,Dirty Conditions,E8 Canine Violation,Sidewalk,10469,2412 WILSON AVENUE,WILSON AVENUE,WARING AVENUE,MACE AVENUE,,,ADDRESS,BRONX,,N/A,Closed,,The Department of Sanitation investigated this complaint and found no violation at the location.,01/20/2016 12:00:00 PM,11 BRONX,2044660010,BRONX,1025962,253162,PHONE,Unspecified,BRONX,,,,,,,,40.86144738954147,-73.84920241274311,"(40.86144738954147, -73.84920241274311)"
32452789,01/19/2016 10:09:00 AM,01/19/2016 12:00:00 PM,DSNY,Department of Sanitation,Dirty Conditions,E8 Canine Violation,Sidewalk,10016,,,,,1 AVENUE,EAST 36 STREET,INTERSECTION,NEW YORK,,N/A,Closed,,The Department of Sanitation investigated this complaint and found no violation at the location.,01/19/2016 12:00:00 PM,06 MANHATTAN,,MANHATTAN,991849,210726,ONLINE,Unspecified,MANHATTAN,,,,,,,,40.74506751725303,-73.97257603200211,"(40.74506751725303, -73.97257603200211)"
32449740,01/19/2016 09:52:00 AM,01/23/2016 12:00:00 PM,DSNY,Department of Sanitation,Dirty Conditions,E8 Canine Violation,Sidewalk,11226,25 TENNIS COURT,TENNIS COURT,EAST 19 STREET,OCEAN AVENUE,,,ADDRESS,BROOKLYN,,N/A,Closed,,The Department of Sanitation investigated this complaint and found no violation at the location.,01/23/2016 12:00:00 PM,14 BROOKLYN,3050990021,BROOKLYN,994862,175559,ONLINE,Unspecified,BROOKLYN,,,,,,,,40.648539198578376,-73.96175784905559,"(40.648539198578376, -73.96175784905559)"
32449741,01/19/2016 09:28:00 AM,02/06/2016 12:00:00 PM,DSNY,Department of Sanitation,Dirty Conditions,E8 Canine Violation,Sidewalk,11221,1134 DEKALB AVENUE,DEKALB AVENUE,BROADWAY,BUSHWICK AVENUE,,,ADDRESS,BROOKLYN,,N/A,Closed,,The Department of Sanitation investigated this complaint and found no violation at the location.,02/06/2016 12:00:00 PM,04 BROOKLYN,3032410003,BROOKLYN,1003867,192243,ONLINE,Unspecified,BROOKLYN,,,,,,,,40.69431765727998,-73.9292582527868,"(40.69431765727998, -73.9292582527868)"
32453804,01/19/2016 02:26:00 AM,01/19/2016 12:00:00 PM,DSNY,Department of Sanitation,Dirty Conditions,E8 Canine Violation,Sidewalk,10472,,,,,BOYNTON AVENUE,WATSON AVENUE,INTERSECTION,BRONX,,N/A,Closed,,The Department of Sanitation investigated this complaint and found no violation at the location.,01/19/2016 12:00:00 PM,09 BRONX,,BRONX,1018110,240290,PHONE,Unspecified,BRONX,,,,,,,,40.82615116376492,-73.87765398540142,"(40.82615116376492, -73.87765398540142)"
32441607,01/18/2016 09:07:00 PM,01/21/2016 12:00:00 PM,DSNY,Department of Sanitation,Dirty Conditions,E8 Canine Violation,Sidewalk,11223,1783 WEST    5 STREET,WEST    5 STREET,KINGS HIGHWAY,HIGHLAWN AVENUE,,,ADDRESS,BROOKLYN,,N/A,Closed,,The Department of Sanitation investigated this complaint and found no violation at the location.,01/21/2016 12:00:00 PM,11 BROOKLYN,3066520057,BROOKLYN,990383,159371,ONLINE,Unspecified,BROOKLYN,,,,,,,,40.60411077489227,-73.97791339690639,"(40.60411077489227, -73.97791339690639)"
32440684,01/18/2016 03:04:00 PM,01/19/2016 12:00:00 PM,DSNY,Department of Sanitation,Dirty Conditions,E8 Canine Violation,Sidewalk,10037,417 LENOX AVENUE,LENOX AVENUE,WEST 130 STREET,WEST 131 STREET,,,ADDRESS,NEW YORK,,N/A,Closed,,The Department of Sanitation investigated this complaint and found no violation at the location.,01/19/2016 12:00:00 PM,10 MANHATTAN,,MANHATTAN,1000085,234925,PHONE,Unspecified,MANHATTAN,,,,,,,,40.81147645868268,-73.94279617590892,"(40.81147645868268, -73.94279617590892)"
32445801,01/18/2016 02:15:00 PM,02/12/2016 12:00:00 PM,DSNY,Department of Sanitation,Dirty Conditions,E8 Canine Violation,Sidewalk,11416,77-21 101 AVENUE,101 AVENUE,77 STREET,78 STREET,,,ADDRESS,Ozone Park,,N/A,Closed,,The Department of Sanitation investigated this complaint and found no violation at the location.,02/12/2016 12:00:00 PM,09 QUEENS,4090490030,QUEENS,1022994,187125,PHONE,Unspecified,QUEENS,,,,,,,,40.68020687207423,-73.86031303597203,"(40.68020687207423, -73.86031303597203)"
32439745,01/18/2016 12:10:00 PM,01/19/2016 12:00:00 PM,DSNY,Department of Sanitation,Dirty Conditions,E8 Canine Violation,Sidewalk,11208,681 ELDERT LANE,ELDERT LANE,SUTTER AVENUE,BLAKE AVENUE,,,ADDRESS,BROOKLYN,,N/A,Closed,,The Department of Sanitation investigated this complaint and found no violation at the location.,01/19/2016 12:00:00 PM,05 BROOKLYN,3042740019,BROOKLYN,1022038,184636,PHONE,Unspecified,BROOKLYN,,,,,,,,40.67337926991116,-73.86377373215099,"(40.67337926991116, -73.86377373215099)"
32440665,01/18/2016 11:49:00 AM,01/20/2016 12:00:00 PM,DSNY,Department of Sanitation,Dirty Conditions,E8 Canine Violation,Sidewalk,11233,1739 STERLING PLACE,STERLING PLACE,RALPH AVENUE,HOWARD AVENUE,,,ADDRESS,BROOKLYN,,N/A,Closed,,The Department of Sanitation investigated this complaint and found no violation at the location.,01/20/2016 12:00:00 PM,16 BROOKLYN,3014660160,BROOKLYN,1006122,183731,PHONE,Unspecified,BROOKLYN,,,,,,,,40.670948879162715,-73.92115402880736,"(40.670948879162715, -73.92115402880736)"
32445794,01/18/2016 11:05:00 AM,02/06/2016 12:00:00 PM,DSNY,Department of Sanitation,Dirty Conditions,E8 Canine Violation,Sidewalk,11208,113 EUCLID AVENUE,EUCLID AVENUE,ETNA STREET,RIDGEWOOD AVENUE,,,ADDRESS,BROOKLYN,,N/A,Closed,,The Department of Sanitation investigated this complaint and found no violation at the location.,02/06/2016 12:00:00 PM,05 BROOKLYN,3041170113,BROOKLYN,1018983,189158,PHONE,Unspecified,BROOKLYN,,,,,,,,40.685803635441154,-73.87476372766551,"(40.685803635441154, -73.87476372766551)"
32445787,01/18/2016 09:28:00 AM,01/19/2016 12:00:00 PM,DSNY,Department of Sanitation,Dirty Conditions,E8 Canine Violation,Sidewalk,11235,,,,,AVENUE X,EAST 12 STREET,INTERSECTION,BROOKLYN,,N/A,Closed,,The Department of Sanitation investigated this complaint and found no violation at the location.,01/19/2016 12:00:00 PM,15 BROOKLYN,,BROOKLYN,995638,154882,PHONE,Unspecified,BROOKLYN,,,,,,,,40.591784183471916,-73.95899628028614,"(40.591784183471916, -73.95899628028614)"
32436054,01/17/2016 11:49:00 PM,01/18/2016 12:00:00 PM,DSNY,Department of Sanitation,Dirty Conditions,E8 Canine Violation,Sidewalk,10472,1003 ELDER AVENUE,ELDER AVENUE,BRUCKNER BOULEVARD,WATSON AVENUE,,,ADDRESS,BRONX,,N/A,Closed,,The Department of Sanitation investigated this complaint and found no violation at the location.,01/18/2016 12:00:00 PM,09 BRONX,2037130067,BRONX,1017971,239577,PHONE,Unspecified,BRONX,,,,,,,,40.82419471511577,-73.8781598155,"(40.82419471511577, -73.8781598155)"
32437305,01/17/2016 11:46:00 PM,01/18/2016 12:00:00 PM,DSNY,Department of Sanitation,Dirty Conditions,E8 Canine Violation,Sidewalk,,,,,,BOYNTON AVENUE,BRUCKNER BOULEVARD,INTERSECTION,,,N/A,Closed,,The Department of Sanitation investigated this complaint and found no violation at the location.,01/18/2016 12:00:00 PM,09 BRONX,,BRONX,,,PHONE,Unspecified,BRONX,,,,,,,,,,
32434870,01/17/2016 08:05:00 PM,01/19/2016 12:00:00 PM,DSNY,Department of Sanitation,Dirty Conditions,E8 Canine Violation,Sidewalk,11232,245 24 STREET,24 STREET,3 AVENUE,4 AVENUE,,,ADDRESS,BROOKLYN,,N/A,Closed,,The Department of Sanitation investigated this complaint and issued a Notice of Violation.,01/19/2016 12:00:00 PM,07 BROOKLYN,3006480042,BROOKLYN,984868,180188,MOBILE,Unspecified,BROOKLYN,,,,,,,,40.6612511280114,-73.99777250732556,"(40.6612511280114, -73.99777250732556)"
32436635,01/17/2016 06:07:00 PM,02/02/2016 12:00:00 PM,DSNY,Department of Sanitation,Dirty Conditions,E8 Canine Violation,Sidewalk,10452,1015 NELSON AVENUE,NELSON AVENUE,WEST 164 STREET,WEST 165 STREET,,,ADDRESS,BRONX,,N/A,Closed,,The Department of Sanitation investigated this complaint and found no violation at the location.,02/02/2016 12:00:00 PM,04 BRONX,2025120039,BRONX,1004050,242836,MOBILE,Unspecified,BRONX,,,,,,,,40.83318191102114,-73.92844930426301,"(40.83318191102114, -73.92844930426301)"
32437289,01/17/2016 01:33:00 PM,01/20/2016 12:00:00 PM,DSNY,Department of Sanitation,Dirty Conditions,E8 Canine Violation,Sidewalk,11226,259 EAST   28 STREET,EAST   28 STREET,CORTELYOU ROAD,CLARENDON ROAD,,,ADDRESS,BROOKLYN,,N/A,Closed,,The Department of Sanitation investigated this complaint and found no violation at the location.,01/20/2016 12:00:00 PM,17 BROOKLYN,3051720043,BROOKLYN,997924,173833,PHONE,Unspecified,BROOKLYN,,,,,,,,40.64379750351373,-73.95072691085568,"(40.64379750351373, -73.95072691085568)"
32439148,01/17/2016 12:08:00 PM,01/19/2016 12:00:00 PM,DSNY,Department of Sanitation,Dirty Conditions,E8 Canine Violation,Sidewalk,11369,24-42 88 STREET,88 STREET,24 AVENUE,ASTORIA BOULEVARD,,,ADDRESS,East Elmhurst,,N/A,Closed,,The Department of Sanitation investigated this complaint and found no violation at the location.,01/19/2016 12:00:00 PM,03 QUEENS,4010990022,QUEENS,1017132,217787,PHONE,Unspecified,QUEENS,,,,,,,,40.764390281953354,-73.88129796111178,"(40.764390281953354, -73.88129796111178)"
32435477,01/17/2016 10:58:00 AM,01/19/2016 12:00:00 PM,DSNY,Department of Sanitation,Dirty Conditions,E8 Canine Violation,Sidewalk,10016,,,,,EAST 35 STREET,2 AVENUE,INTERSECTION,NEW YORK,,N/A,Closed,,The Department of Sanitation investigated this complaint and found no violation at the location.,01/19/2016 12:00:00 PM,06 MANHATTAN,,MANHATTAN,991068,210862,ONLINE,Unspecified,MANHATTAN,,,,,,,,40.745441439798356,-73.9753944383944,"(40.745441439798356, -73.9753944383944)"
32436098,01/17/2016 08:57:00 AM,01/20/2016 12:00:00 PM,DSNY,Department of Sanitation,Dirty Conditions,E8 Canine Violation,Sidewalk,11236,112 EAST   86 STREET,EAST   86 STREET,RALPH AVENUE,AVENUE B,,,ADDRESS,BROOKLYN,,N/A,Closed,,The Department of Sanitation investigated this complaint and found no violation at the location.,01/20/2016 12:00:00 PM,17 BROOKLYN,3047450024,BROOKLYN,1006431,175493,PHONE,Unspecified,BROOKLYN,,,,,,,,40.64833662343447,-73.92006721961833,"(40.64833662343447, -73.92006721961833)"
32436088,01/17/2016 07:59:00 AM,02/06/2016 12:00:00 PM,DSNY,Department of Sanitation,Dirty Conditions,E8 Canine Violation,Sidewalk,10021,,,,,EAST 74 STREET,YORK AVENUE,INTERSECTION,NEW YORK,,N/A,Closed,,The Department of Sanitation investigated this complaint and found no violation at the location.,02/06/2016 12:00:00 PM,08 MANHATTAN,,MANHATTAN,997328,219145,ONLINE,Unspecified,MANHATTAN,,,,,,,,40.768169116989434,-73.95278654135322,"(40.768169116989434, -73.95278654135322)"
32428748,01/16/2016 05:07:00 PM,02/06/2016 12:00:00 PM,DSNY,Department of Sanitation,Dirty Conditions,E8 Canine Violation,Sidewalk,10025,,,,,WEST 92 STREET,BROADWAY,INTERSECTION,NEW YORK,,N/A,Closed,,The Department of Sanitation investigated this complaint and found no violation at the location.,02/06/2016 12:00:00 PM,07 MANHATTAN,,MANHATTAN,991547,227859,ONLINE,Unspecified,MANHATTAN,,,,,,,,40.79209340232126,-73.9736473159943,"(40.79209340232126, -73.9736473159943)"
32433275,01/16/2016 04:18:00 PM,02/12/2016 12:00:00 PM,DSNY,Department of Sanitation,Dirty Conditions,E8 Canine Violation,Sidewalk,11418,91-16 109 STREET,109 STREET,91 AVENUE,ATLANTIC AVENUE,,,ADDRESS,Richmond Hill,,N/A,Closed,,The Department of Sanitation investigated this complaint and found no violation at the location.,02/12/2016 12:00:00 PM,09 QUEENS,4093150006,QUEENS,1029367,191749,PHONE,Unspecified,QUEENS,,,,,,,,40.69286848278389,-73.83730501469982,"(40.69286848278389, -73.83730501469982)"
32428379,01/16/2016 03:50:00 PM,02/06/2016 12:00:00 PM,DSNY,Department of Sanitation,Dirty Conditions,E8 Canine Violation,Sidewalk,11205,223 CUMBERLAND STREET,CUMBERLAND STREET,DEKALB AVENUE,LAFAYETTE AVENUE,,,ADDRESS,BROOKLYN,,N/A,Closed,,The Department of Sanitation investigated this complaint and found no violation at the location.,02/06/2016 12:00:00 PM,02 BROOKLYN,3021020024,BROOKLYN,991740,190299,PHONE,Unspecified,BROOKLYN,,,,,,,,40.68900039834607,-73.97299213007003,"(40.68900039834607, -73.97299213007003)"
32432249,01/16/2016 03:33:00 PM,02/06/2016 12:00:00 PM,DSNY,Department of Sanitation,Dirty Conditions,E8 Canine Violation,Sidewalk,10023,37 RIVERSIDE DRIVE,RIVERSIDE DRIVE,WEST 76 STREET,,,,ADDRESS,NEW YORK,,N/A,Closed,,The Department of Sanitation investigated this complaint and found no violation at the location.,02/06/2016 12:00:00 PM,07 MANHATTAN,1011850042,MANHATTAN,988609,224541,ONLINE,Unspecified,MANHATTAN,,,,,,,,40.78298831826955,-73.98425988210684,"(40.78298831826955, -73.98425988210684)"
32429706,01/16/2016 02:38:00 PM,02/06/2016 12:00:00 PM,DSNY,Department of Sanitation,Dirty Conditions,E8 Canine Violation,Sidewalk,11231,,,,,TIFFANY PLACE,KANE STREET,INTERSECTION,BROOKLYN,,N/A,Closed,,The Department of Sanitation investigated this complaint and found no violation at the location.,02/06/2016 12:00:00 PM,06 BROOKLYN,,BROOKLYN,984101,189744,ONLINE,Unspecified,BROOKLYN,,,,,,,,40.68748021877294,-74.00053726045564,"(40.68748021877294, -74.00053726045564)"
32432248,01/16/2016 01:45:00 PM,01/20/2016 12:00:00 PM,DSNY,Department of Sanitation,Dirty Conditions,E8 Canine Violation,Sidewalk,11237,138 WILSON AVENUE,WILSON AVENUE,WILLOUGHBY AVENUE,SUYDAM STREET,,,ADDRESS,BROOKLYN,,N/A,Closed,,The Department of Sanitation investigated this complaint and found no violation at the location.,01/20/2016 12:00:00 PM,04 BROOKLYN,,BROOKLYN,1004868,194551,ONLINE,Unspecified,BROOKLYN,,,,,,,,40.70065030227433,-73.92564143817617,"(40.70065030227433, -73.92564143817617)"
32429909,01/16/2016 01:04:00 PM,01/19/2016 12:00:00 PM,DSNY,Department of Sanitation,Dirty Conditions,E8 Canine Violation,Sidewalk,10468,,,,,WEST 197 STREET,SEDGWICK AVENUE,INTERSECTION,BRONX,,N/A,Closed,,The Department of Sanitation investigated this complaint and found no violation at the location.,01/19/2016 12:00:00 PM,08 BRONX,,BRONX,1011313,257169,PHONE,Unspecified,BRONX,,,,,,,,40.87250244098894,-73.90214536728152,"(40.87250244098894, -73.90214536728152)"
32434376,01/16/2016 12:53:00 PM,01/19/2016 12:00:00 PM,DSNY,Department of Sanitation,Dirty Conditions,E8 Canine Violation,Sidewalk,10467,3269 HULL AVENUE,HULL AVENUE,EAST 207 STREET,EAST 209 STREET,,,ADDRESS,BRONX,,N/A,Closed,,The Department of Sanitation investigated this complaint and found no violation at the location.,01/19/2016 12:00:00 PM,07 BRONX,2033470051,BRONX,1018807,258455,MOBILE,Unspecified,BRONX,,,,,,,,40.87600595313181,-73.87504189598268,"(40.87600595313181, -73.87504189598268)"
32429704,01/16/2016 11:43:00 AM,01/19/2016 12:00:00 PM,DSNY,Department of Sanitation,Dirty Conditions,E8 Canine Violation,Sidewalk,10016,,,,,EAST 36 STREET,2 AVENUE,INTERSECTION,NEW YORK,,N/A,Closed,,The Department of Sanitation investigated this complaint and found no violation at the location.,01/19/2016 12:00:00 PM,06 MANHATTAN,,MANHATTAN,991195,211094,ONLINE,Unspecified,MANHATTAN,,,,,,,,40.7460781227927,-73.97493586703608,"(40.7460781227927, -73.97493586703608)"
32430534,01/16/2016 11:16:00 AM,01/19/2016 12:00:00 PM,DSNY,Department of Sanitation,Dirty Conditions,E8 Canine Violation,Sidewalk,10009,208 EAST    7 STREET,EAST    7 STREET,AVENUE B,AVENUE C,,,ADDRESS,NEW YORK,,N/A,Closed,,The Department of Sanitation investigated this complaint and found no violation at the location.,01/19/2016 12:00:00 PM,03 MANHATTAN,1003890022,MANHATTAN,989803,203246,ONLINE,Unspecified,MANHATTAN,,,,,,,,40.724538282645796,-73.97996599791028,"(40.724538282645796, -73.97996599791028)"
32431575,01/16/2016 09:53:00 AM,02/12/2016 12:00:00 PM,DSNY,Department of Sanitation,Dirty Conditions,E8 Canine Violation,Sidewalk,11358,37-09 194 STREET,194 STREET,37 AVENUE,39 AVENUE,,,ADDRESS,Flushing,,N/A,Closed,,The Department of Sanitation investigated this complaint and found no violation at the location.,02/12/2016 12:00:00 PM,11 QUEENS,4053200004,QUEENS,1042909,217183,PHONE,Unspecified,QUEENS,,,,,,,,40.76259900937072,-73.78825009771876,"(40.76259900937072, -73.78825009771876)"
32431574,01/16/2016 08:33:00 AM,01/19/2016 12:00:00 PM,DSNY,Department of Sanitation,Dirty Conditions,E8 Canine Violation,Sidewalk,10033,,,,,WEST 177 STREET,HAVEN AVENUE,INTERSECTION,NEW YORK,,N/A,Closed,,The Department of Sanitation investigated this complaint and found no violation at the location.,01/19/2016 12:00:00 PM,12 MANHATTAN,,MANHATTAN,1000282,248347,PHONE,Unspecified,MANHATTAN,,,,,,,,40.848315639988755,-73.94205243985753,"(40.848315639988755, -73.94205243985753)"
32423847,01/15/2016 06:42:00 PM,02/12/2016 12:00:00 PM,DSNY,Department of Sanitation,Dirty Conditions,E8 Canine Violation,Sidewalk,11420,135-19 120 AVENUE,120 AVENUE,,,,,ADDRESS,South Ozone Park,,N/A,Closed,,The Department of Sanitation investigated this complaint and found no violation at the location.,02/12/2016 12:00:00 PM,10 QUEENS,4116990032,QUEENS,1038737,185483,PHONE,Unspecified,QUEENS,,,,,,,,40.67561705884047,-73.80356692755792,"(40.67561705884047, -73.80356692755792)"
32422449,01/15/2016 05:26:00 PM,01/21/2016 12:00:00 PM,DSNY,Department of Sanitation,Dirty Conditions,E8 Canine Violation,Sidewalk,11219,1220 66 STREET,66 STREET,12 AVENUE,13 AVENUE,,,ADDRESS,BROOKLYN,,N/A,Closed,,The Department of Sanitation investigated this complaint and found no violation at the location.,01/21/2016 12:00:00 PM,10 BROOKLYN,3057600014,BROOKLYN,983219,167460,ONLINE,Unspecified,BROOKLYN,,,,,,,,40.62631546909561,-74.0037141469803,"(40.62631546909561, -74.0037141469803)"
32424093,01/15/2016 05:20:00 PM,01/21/2016 12:00:00 PM,DSNY,Department of Sanitation,Dirty Conditions,E8 Canine Violation,Sidewalk,11216,277 GATES AVENUE,GATES AVENUE,FRANKLIN AVENUE,BEDFORD AVENUE,,,ADDRESS,BROOKLYN,,N/A,Closed,,The Department of Sanitation investigated this complaint and found no violation at the location.,01/21/2016 12:00:00 PM,03 BROOKLYN,3019740051,BROOKLYN,996424,189059,PHONE,Unspecified,BROOKLYN,,,,,,,,40.685591679713994,-73.95610453811491,"(40.685591679713994, -73.95610453811491)"
32426849,01/15/2016 03:46:00 PM,02/12/2016 12:00:00 PM,DSNY,Department of Sanitation,Dirty Conditions,E8 Canine Violation,Sidewalk,11355,146-46 58 ROAD,58 ROAD,146 STREET,148 STREET,,,ADDRESS,Flushing,,N/A,Closed,,The Department of Sanitation investigated this complaint and found no violation at the location.,02/12/2016 12:00:00 PM,07 QUEENS,4064150030,QUEENS,1033604,210291,PHONE,Unspecified,QUEENS,,,,,,,,40.74373909730643,-73.82189019085364,"(40.74373909730643, -73.82189019085364)"
32426807,01/15/2016 03:20:00 PM,01/19/2016 12:00:00 PM,DSNY,Department of Sanitation,Dirty Conditions,E8 Canine Violation,Sidewalk,10460,,,,,EAST 179 STREET,MOHEGAN AVENUE,INTERSECTION,BRONX,,N/A,Closed,,The Department of Sanitation investigated this complaint and found no violation at the location.,01/19/2016 12:00:00 PM,06 BRONX,,BRONX,1016226,246929,PHONE,Unspecified,BRONX,,,,,,,,40.84438030600165,-73.88442976741067,"(40.84438030600165, -73.88442976741067)"
32424070,01/15/2016 02:01:00 PM,01/16/2016 12:00:00 PM,DSNY,Department of Sanitation,Dirty Conditions,E8 Canine Violation,Sidewalk,10031,520 WEST  151 STREET,WEST  151 STREET,AMSTERDAM AVENUE,BROADWAY,,,ADDRESS,NEW YORK,,N/A,Closed,,The Department of Sanitation investigated this complaint and found no violation at the location.,01/16/2016 12:00:00 PM,09 MANHATTAN,1020820047,MANHATTAN,999292,241438,ONLINE,Unspecified,MANHATTAN,,,,,,,,40.82935418849809,-73.94564628284782,"(40.82935418849809, -73.94564628284782)"
32424092,01/15/2016 01:50:00 PM,02/12/2016 12:00:00 PM,DSNY,Department of Sanitation,Dirty Conditions,E8 Canine Violation,Sidewalk,11414,157-34 98 STREET,98 STREET,BEND,158 AVENUE,,,ADDRESS,Howard Beach,,N/A,Closed,,The Department of Sanitation investigated this complaint and found no violation at the location.,02/12/2016 12:00:00 PM,10 QUEENS,4141580032,QUEENS,1029788,180671,PHONE,Unspecified,QUEENS,,,,,,,,40.662459774106175,-73.83586171734737,"(40.662459774106175, -73.83586171734737)"
32424764,01/15/2016 12:32:00 PM,01/20/2016 12:00:00 PM,DSNY,Department of Sanitation,Dirty Conditions,E8 Canine Violation,Sidewalk,11213,,,,,STERLING PLACE,UTICA AVENUE,INTERSECTION,BROOKLYN,,N/A,Closed,,The Department of Sanitation investigated this complaint and found no violation at the location.,01/20/2016 12:00:00 PM,08 BROOKLYN,,BROOKLYN,1003427,183920,ONLINE,Unspecified,BROOKLYN,,,,,,,,40.67147388965715,-73.93086864280842,"(40.67147388965715, -73.93086864280842)"
32424082,01/15/2016 11:23:00 AM,01/20/2016 12:00:00 PM,DSNY,Department of Sanitation,Dirty Conditions,E8 Canine Violation,Sidewalk,11212,230 EAST   92 STREET,EAST   92 STREET,WINTHROP STREET,CLARKSON AVENUE,,,ADDRESS,BROOKLYN,,N/A,Closed,,The Department of Sanitation investigated this complaint and found no violation at the location.,01/20/2016 12:00:00 PM,17 BROOKLYN,3046270013,BROOKLYN,1005071,179578,PHONE,Unspecified,BROOKLYN,,,,,,,,40.65955235425374,-73.9249555832015,"(40.65955235425374, -73.9249555832015)"
32426141,01/15/2016 10:35:00 AM,01/16/2016 12:00:00 PM,DSNY,Department of Sanitation,Dirty Conditions,E8 Canine Violation,Sidewalk,10032,771 RIVERSIDE DRIVE,RIVERSIDE DRIVE,WEST 156 STREET,BEND,,,ADDRESS,NEW YORK,,N/A,Closed,,The Department of Sanitation investigated this complaint and found no violation at the location.,01/16/2016 12:00:00 PM,12 MANHATTAN,,MANHATTAN,998705,243315,ONLINE,Unspecified,MANHATTAN,,,,,,,,40.83450699335856,-73.94776334080238,"(40.83450699335856, -73.94776334080238)"
32420443,01/14/2016 06:51:00 PM,02/12/2016 12:00:00 PM,DSNY,Department of Sanitation,Dirty Conditions,E8 Canine Violation,Sidewalk,11421,88-65 ELDERT LANE,ELDERT LANE,90 AVENUE,,,,ADDRESS,Woodhaven,,N/A,Closed,,The Department of Sanitation investigated this complaint and found no violation at the location.,02/12/2016 12:00:00 PM,09 QUEENS,4088940086,QUEENS,1021086,189752,PHONE,Unspecified,QUEENS,,,,,,,,40.687425525197995,-73.86717773493918,"(40.687425525197995, -73.86717773493918)"
32418109,01/14/2016 04:24:00 PM,01/15/2016 12:00:00 PM,DSNY,Department of Sanitation,Dirty Conditions,E8 Canine Violation,Sidewalk,10128,17 EAST   93 STREET,EAST   93 STREET,5 AVENUE,MADISON AVENUE,,,ADDRESS,NEW YORK,,N/A,Closed,,The Department of Sanitation investigated this complaint and found no violation at the location.,01/15/2016 12:00:00 PM,08 MANHATTAN,1015050011,MANHATTAN,996303,225530,PHONE,Unspecified,MANHATTAN,,,,,,,,40.785695715968515,-73.9564754847044,"(40.785695715968515, -73.9564754847044)"
32418110,01/14/2016 03:27:00 PM,01/19/2016 12:00:00 PM,DSNY,Department of Sanitation,Dirty Conditions,E8 Canine Violation,Sidewalk,11233,378 BAINBRIDGE STREET,BAINBRIDGE STREET,RALPH AVENUE,HOWARD AVENUE,,,ADDRESS,BROOKLYN,,N/A,Closed,,The Department of Sanitation investigated this complaint and found no violation at the location.,01/19/2016 12:00:00 PM,03 BROOKLYN,3015080019,BROOKLYN,1006002,187772,PHONE,Unspecified,BROOKLYN,,,,,,,,40.68204080360494,-73.92157357214369,"(40.68204080360494, -73.92157357214369)"
32414935,01/14/2016 12:15:00 PM,01/20/2016 12:00:00 PM,DSNY,Department of Sanitation,Dirty Conditions,E8 Canine Violation,Sidewalk,11360,204-16 23 AVENUE,23 AVENUE,204 STREET,205 STREET,,,ADDRESS,Bayside,,N/A,Closed,,The Department of Sanitation investigated this complaint and found no violation at the location.,01/20/2016 12:00:00 PM,07 QUEENS,4058040009,QUEENS,1042694,222546,PHONE,Unspecified,QUEENS,,,,,,,,40.77732042927411,-73.7889795745061,"(40.77732042927411, -73.7889795745061)"
32415990,01/14/2016 10:20:00 AM,01/21/2016 12:00:00 PM,DSNY,Department of Sanitation,Dirty Conditions,E8 Canine Violation,Sidewalk,11385,77-19 61 STREET,61 STREET,COOPER AVENUE,80 AVENUE,,,ADDRESS,Ridgewood,,N/A,Closed,,The Department of Sanitation investigated this complaint and found no violation at the location.,01/21/2016 12:00:00 PM,05 QUEENS,4037140056,QUEENS,1013791,193118,ONLINE,Unspecified,QUEENS,,,,,,,,40.69669176551141,-73.89346706132163,"(40.69669176551141, -73.89346706132163)"
32416065,01/14/2016 10:10:00 AM,01/15/2016 12:00:00 PM,DSNY,Department of Sanitation,Dirty Conditions,E8 Canine Violation,Sidewalk,10460,,,,,THIERIOT AVENUE,EAST TREMONT AVENUE,INTERSECTION,BRONX,,N/A,Closed,,The Department of Sanitation investigated this complaint and found no violation at the location.,01/15/2016 12:00:00 PM,09 BRONX,,BRONX,1021227,245556,PHONE,Unspecified,BRONX,,,,,,,,40.84059230099668,-73.8663623474906,"(40.84059230099668, -73.8663623474906)"
32414936,01/14/2016 09:48:00 AM,01/21/2016 12:00:00 PM,DSNY,Department of Sanitation,Dirty Conditions,E8 Canine Violation,Sidewalk,11433,109-13 173 STREET,173 STREET,109 AVENUE,BRINKERHOFF AVENUE,,,ADDRESS,Jamaica,,N/A,Closed,,The Department of Sanitation investigated this complaint and found no violation at the location.,01/21/2016 12:00:00 PM,12 QUEENS,4102650113,QUEENS,1044811,193683,PHONE,Unspecified,QUEENS,,,,,,,,40.69808464060819,-73.78159570818646,"(40.69808464060819, -73.78159570818646)"
32417139,01/14/2016 08:24:00 AM,01/15/2016 12:00:00 PM,DSNY,Department of Sanitation,Dirty Conditions,E8 Canine Violation,Sidewalk,11226,,,,,OCEAN AVENUE,REGENT PLACE,INTERSECTION,BROOKLYN,,N/A,Closed,,The Department of Sanitation investigated this complaint and found no violation at the location.,01/15/2016 12:00:00 PM,14 BROOKLYN,,BROOKLYN,995297,174560,PHONE,Unspecified,BROOKLYN,,,,,,,,40.645796627938886,-73.96019188864787,"(40.645796627938886, -73.96019188864787)"
32406561,01/13/2016 02:49:00 PM,01/20/2016 12:00:00 PM,DSNY,Department of Sanitation,Dirty Conditions,E8 Canine Violation,Sidewalk,10305,307 OLYMPIA BOULEVARD,OLYMPIA BOULEVARD,VULCAN STREET,WINFIELD STREET,,,ADDRESS,STATEN ISLAND,,N/A,Closed,,The Department of Sanitation investigated this complaint and found no violation at the location.,01/20/2016 12:00:00 PM,02 STATEN ISLAND,5033970036,STATEN ISLAND,962623,154215,PHONE,Unspecified,STATEN ISLAND,,,,,,,,40.589934333424644,-74.07786819156505,"(40.589934333424644, -74.07786819156505)"
32410124,01/13/2016 09:52:00 AM,01/20/2016 12:00:00 PM,DSNY,Department of Sanitation,Dirty Conditions,E8 Canine Violation,Sidewalk,11214,1974 84 STREET,84 STREET,19 AVENUE,20 AVENUE,,,ADDRESS,BROOKLYN,,N/A,Closed,,The Department of Sanitation investigated this complaint and found no violation at the location.,01/20/2016 12:00:00 PM,11 BROOKLYN,3063330037,BROOKLYN,984872,160127,PHONE,Unspecified,BROOKLYN,,,,,,,,40.60618794104996,-73.99775993895243,"(40.60618794104996, -73.99775993895243)"
32407761,01/13/2016 08:38:00 AM,01/15/2016 12:00:00 PM,DSNY,Department of Sanitation,Dirty Conditions,E8 Canine Violation,Sidewalk,10472,1121 COLGATE AVENUE,COLGATE AVENUE,WATSON AVENUE,WESTCHESTER AVENUE,,,ADDRESS,BRONX,,N/A,Closed,,The Department of Sanitation investigated this complaint and found no violation at the location.,01/15/2016 12:00:00 PM,09 BRONX,2037360073,BRONX,1017033,240395,PHONE,Unspecified,BRONX,,,,,,,,40.82644342162665,-73.88154498134838,"(40.82644342162665, -73.88154498134838)"
32403075,01/12/2016 08:21:00 PM,01/20/2016 12:00:00 PM,DSNY,Department of Sanitation,Dirty Conditions,E8 Canine Violation,Sidewalk,10309,15 SALAMANDER COURT,SALAMANDER COURT,VETERANS ROAD EAST,BEND,,,ADDRESS,STATEN ISLAND,,N/A,Closed,,The Department of Sanitation investigated this complaint and found no violation at the location.,01/20/2016 12:00:00 PM,03 STATEN ISLAND,5072670383,STATEN ISLAND,922074,135364,PHONE,Unspecified,STATEN ISLAND,,,,,,,,40.5380004685902,-74.22369144882732,"(40.5380004685902, -74.22369144882732)"
32396551,01/12/2016 03:54:00 PM,01/13/2016 12:00:00 PM,DSNY,Department of Sanitation,Dirty Conditions,E8 Canine Violation,Sidewalk,11417,96-06 134 ROAD,134 ROAD,96 STREET,96 STREET,,,ADDRESS,Ozone Park,,N/A,Closed,,The Department of Sanitation investigated this complaint and found no violation at the location.,01/13/2016 12:00:00 PM,10 QUEENS,4114970046,QUEENS,1028446,185113,ONLINE,Unspecified,QUEENS,,,,,,,,40.67465885365891,-73.84066972214065,"(40.67465885365891, -73.84066972214065)"
32396556,01/12/2016 03:44:00 PM,01/13/2016 12:00:00 PM,DSNY,Department of Sanitation,Dirty Conditions,E8 Canine Violation,Sidewalk,11223,164 VAN SICKLEN STREET,VAN SICKLEN STREET,AVENUE S,AVENUE T,,,ADDRESS,BROOKLYN,,N/A,Closed,,The Department of Sanitation investigated this complaint and found no violation at the location.,01/13/2016 12:00:00 PM,11 BROOKLYN,3070850112,BROOKLYN,991317,157991,ONLINE,Unspecified,BROOKLYN,,,,,,,,40.60032225988792,-73.97455125255655,"(40.60032225988792, -73.97455125255655)"
32403049,01/12/2016 02:51:00 PM,01/13/2016 12:00:00 PM,DSNY,Department of Sanitation,Dirty Conditions,E8 Canine Violation,Sidewalk,10458,2591 BAINBRIDGE AVENUE,BAINBRIDGE AVENUE,COLES LANE,EAST 193 STREET,,,ADDRESS,BRONX,,N/A,Closed,,The Department of Sanitation investigated this complaint and found no violation at the location.,01/13/2016 12:00:00 PM,07 BRONX,2032930066,BRONX,1013957,253987,PHONE,Unspecified,BRONX,,,,,,,,40.86376032425919,-73.8925992846472,"(40.86376032425919, -73.8925992846472)"
32397649,01/12/2016 02:41:00 PM,01/13/2016 12:00:00 PM,DSNY,Department of Sanitation,Dirty Conditions,E8 Canine Violation,Sidewalk,10466,4012 BRUNER AVENUE,BRUNER AVENUE,EAST 233 STREET,EDENWALD AVENUE,,,ADDRESS,BRONX,,N/A,Closed,,The Department of Sanitation investigated this complaint and found no violation at the location.,01/13/2016 12:00:00 PM,12 BRONX,2049780107,BRONX,1026687,263715,PHONE,Unspecified,BRONX,,,,,,,,40.8904086185051,-73.8465145441321,"(40.8904086185051, -73.8465145441321)"
32398760,01/12/2016 02:12:00 PM,01/14/2016 12:00:00 PM,DSNY,Department of Sanitation,Dirty Conditions,E8 Canine Violation,Sidewalk,10460,,,,,EAST 172 STREET,VYSE AVENUE,INTERSECTION,BRONX,,N/A,Closed,,The Department of Sanitation investigated this complaint and found no violation at the location.,01/14/2016 12:00:00 PM,03 BRONX,,BRONX,1015258,242944,PHONE,Unspecified,BRONX,,,,,,,,40.83344610040562,-73.88794681103148,"(40.83344610040562, -73.88794681103148)"
32400915,01/12/2016 01:18:00 PM,01/14/2016 12:00:00 PM,DSNY,Department of Sanitation,Dirty Conditions,E8 Canine Violation,Sidewalk,10451,2950 PARK AVENUE,PARK AVENUE,EAST 151 STREET,EAST 153 STREET,,,ADDRESS,BRONX,,N/A,Closed,,The Department of Sanitation investigated this complaint and found no violation at the location.,01/14/2016 12:00:00 PM,01 BRONX,2024410001,BRONX,1005544,238077,PHONE,Unspecified,BRONX,,,,,,,,40.820116341402354,-73.92306558580785,"(40.820116341402354, -73.92306558580785)"
32398737,01/12/2016 12:57:00 PM,01/14/2016 12:00:00 PM,DSNY,Department of Sanitation,Dirty Conditions,E8 Canine Violation,Sidewalk,10460,1465 MINFORD PLACE,MINFORD PLACE,JENNINGS STREET,EAST 172 STREET,,,ADDRESS,BRONX,,N/A,Closed,,The Department of Sanitation investigated this complaint and found no violation at the location.,01/14/2016 12:00:00 PM,03 BRONX,2029770363,BRONX,1014380,243001,PHONE,Unspecified,BRONX,,,,,,,,40.833605587874175,-73.8911193683789,"(40.833605587874175, -73.8911193683789)"
32399918,01/12/2016 10:01:00 AM,01/13/2016 12:00:00 PM,DSNY,Department of Sanitation,Dirty Conditions,E8 Canine Violation,Sidewalk,11435,139-07 101 AVENUE,101 AVENUE,CRESSKILL PLACE,BRISBIN STREET,,,ADDRESS,Jamaica,,N/A,Closed,,The Department of Sanitation investigated this complaint and found no violation at the location.,01/13/2016 12:00:00 PM,12 QUEENS,4100120023,QUEENS,1037196,192458,PHONE,Unspecified,QUEENS,,,,,,,,40.6947711449294,-73.80906761573097,"(40.6947711449294, -73.80906761573097)"
32394434,01/11/2016 05:54:00 PM,01/12/2016 12:00:00 PM,DSNY,Department of Sanitation,Dirty Conditions,E8 Canine Violation,Sidewalk,10466,4625 WILDER AVENUE,WILDER AVENUE,ST OUEN STREET,PENFIELD STREET,,,ADDRESS,BRONX,,N/A,Closed,,The Department of Sanitation investigated this complaint and found no violation at the location.,01/12/2016 12:00:00 PM,12 BRONX,2051180045,BRONX,1026800,268626,PHONE,Unspecified,BRONX,,,,,,,,40.90388718039586,-73.84607463709844,"(40.90388718039586, -73.84607463709844)"
32389795,01/11/2016 02:10:00 PM,01/19/2016 12:00:00 PM,DSNY,Department of Sanitation,Dirty Conditions,E8 Canine Violation,Sidewalk,11223,1947 WEST    3 STREET,WEST    3 STREET,APPLEGATE COURT,AVENUE T,,,ADDRESS,BROOKLYN,,N/A,Closed,,The Department of Sanitation investigated this complaint and found no violation at the location.,01/19/2016 12:00:00 PM,11 BROOKLYN,3070850112,BROOKLYN,991109,157942,ONLINE,Unspecified,BROOKLYN,,,,,,,,40.60018792824735,-73.97530032441097,"(40.60018792824735, -73.97530032441097)"
32386280,01/11/2016 02:00:00 PM,01/19/2016 12:00:00 PM,DSNY,Department of Sanitation,Dirty Conditions,E8 Canine Violation,Sidewalk,11223,,,,,WEST 3 STREET,AVENUE S,INTERSECTION,BROOKLYN,,N/A,Closed,,The Department of Sanitation investigated this complaint and found no violation at the location.,01/19/2016 12:00:00 PM,11 BROOKLYN,,BROOKLYN,991042,158407,PHONE,Unspecified,BROOKLYN,,,,,,,,40.60146431047518,-73.97554112791619,"(40.60146431047518, -73.97554112791619)"
32393270,01/11/2016 01:57:00 PM,01/13/2016 12:00:00 PM,DSNY,Department of Sanitation,Dirty Conditions,E8 Canine Violation,Sidewalk,11414,,,,,92 STREET,156 AVENUE,INTERSECTION,Howard Beach,,N/A,Closed,,The Department of Sanitation investigated this complaint and found no violation at the location.,01/13/2016 12:00:00 PM,10 QUEENS,,QUEENS,1028056,181248,PHONE,Unspecified,QUEENS,,,,,,,,40.66405224732692,-73.84210081790927,"(40.66405224732692, -73.84210081790927)"
32392102,01/11/2016 12:39:00 PM,01/14/2016 12:00:00 PM,DSNY,Department of Sanitation,Dirty Conditions,E8 Canine Violation,Sidewalk,11211,,,,,SOUTH 5 STREET,HOOPER STREET,INTERSECTION,BROOKLYN,,N/A,Closed,,The Department of Sanitation investigated this complaint and found no violation at the location.,01/14/2016 12:00:00 PM,01 BROOKLYN,,BROOKLYN,997113,197130,ONLINE,Unspecified,BROOKLYN,,,,,,,,40.70774372046053,-73.95360481662026,"(40.70774372046053, -73.95360481662026)"
32394448,01/11/2016 11:30:00 AM,01/12/2016 12:00:00 PM,DSNY,Department of Sanitation,Dirty Conditions,E8 Canine Violation,Sidewalk,10453,55 RICHMOND PLAZA,RICHMOND PLAZA,MAC CRACKEN AVENUE,,,,ADDRESS,BRONX,,N/A,Closed,,The Department of Sanitation investigated this complaint and found no violation at the location.,01/12/2016 12:00:00 PM,05 BRONX,2028820229,BRONX,1005744,249763,PHONE,Unspecified,BRONX,,,,,,,,40.85219053269003,-73.92230554575585,"(40.85219053269003, -73.92230554575585)"
32388620,01/11/2016 11:17:00 AM,01/12/2016 12:00:00 PM,DSNY,Department of Sanitation,Dirty Conditions,E8 Canine Violation,Sidewalk,10469,2834 BRUNER AVENUE,BRUNER AVENUE,BARTOW AVENUE,ARNOW AVENUE,,,ADDRESS,BRONX,,N/A,Closed,,The Department of Sanitation investigated this complaint and found no violation at the location.,01/12/2016 12:00:00 PM,12 BRONX,,BRONX,1029609,255643,PHONE,Unspecified,BRONX,,,,,,,,40.86823898548618,-73.83600098369774,"(40.86823898548618, -73.83600098369774)"
32387474,01/11/2016 08:21:00 AM,01/12/2016 12:00:00 PM,DSNY,Department of Sanitation,Dirty Conditions,E8 Canine Violation,Sidewalk,11204,7102 17 AVENUE,17 AVENUE,71 STREET,72 STREET,,,ADDRESS,BROOKLYN,,N/A,Closed,,The Department of Sanitation investigated this complaint and found no violation at the location.,01/12/2016 12:00:00 PM,11 BROOKLYN,3061810045,BROOKLYN,985331,164076,PHONE,Unspecified,BROOKLYN,,,,,,,,40.617027089211476,-73.99610627138374,"(40.617027089211476, -73.99610627138374)"
32386268,01/11/2016 05:26:00 AM,01/13/2016 12:00:00 PM,DSNY,Department of Sanitation,Dirty Conditions,E8 Canine Violation,Sidewalk,11434,161-05 119 AVENUE,119 AVENUE,LONG STREET,GUY R BREWER BOULEVARD,,,ADDRESS,Jamaica,,N/A,Closed,,The Department of Sanitation investigated this complaint and found no violation at the location.,01/13/2016 12:00:00 PM,12 QUEENS,4122440001,QUEENS,1044345,187798,PHONE,Unspecified,QUEENS,,,,,,,,40.68193489657266,-73.78332875720626,"(40.68193489657266, -73.78332875720626)"
32463971,01/10/2016 07:23:00 PM,01/20/2016 12:00:00 PM,DSNY,Department of Sanitation,Dirty Conditions,E8 Canine Violation,Sidewalk,10472,1222 MANOR AVENUE,MANOR AVENUE,WESTCHESTER AVENUE,EAST 172 STREET,,,ADDRESS,BRONX,,N/A,Closed,,The Department of Sanitation investigated this complaint and found no violation at the location.,01/20/2016 12:00:00 PM,09 BRONX,2037760016,BRONX,1018411,241582,ONLINE,Unspecified,BRONX,,,,,,,,40.82969617230902,-73.87655980784253,"(40.82969617230902, -73.87655980784253)"
32380470,01/09/2016 07:44:00 PM,01/13/2016 12:00:00 PM,DSNY,Department of Sanitation,Dirty Conditions,E8 Canine Violation,Sidewalk,11435,146-53 106 AVENUE,106 AVENUE,WALTHAM STREET,SUTPHIN BOULEVARD,,,ADDRESS,Jamaica,,N/A,Closed,,The Department of Sanitation investigated this complaint and found no violation at the location.,01/13/2016 12:00:00 PM,12 QUEENS,4100560022,QUEENS,1038743,192405,PHONE,Unspecified,QUEENS,,,,,,,,40.694616282191454,-73.80348931481593,"(40.694616282191454, -73.80348931481593)"
32378434,01/09/2016 04:44:00 PM,01/12/2016 12:00:00 PM,DSNY,Department of Sanitation,Dirty Conditions,E8 Canine Violation,Sidewalk,11208,1121 BLAKE AVENUE,BLAKE AVENUE,MONTAUK AVENUE,MILFORD STREET,,,ADDRESS,BROOKLYN,,N/A,Closed,,The Department of Sanitation investigated this complaint and found no violation at the location.,01/12/2016 12:00:00 PM,05 BROOKLYN,3040560147,BROOKLYN,1018520,183600,PHONE,Unspecified,BROOKLYN,,,,,,,,40.67055000257302,-73.87646142079836,"(40.67055000257302, -73.87646142079836)"
32374578,01/09/2016 02:56:00 PM,01/12/2016 12:00:00 PM,DSNY,Department of Sanitation,Dirty Conditions,E8 Canine Violation,Sidewalk,11218,924 MCDONALD AVENUE,MCDONALD AVENUE,AVENUE F,18 AVENUE,,,ADDRESS,BROOKLYN,,N/A,Closed,,The Department of Sanitation investigated this complaint and found no violation at the location.,01/12/2016 12:00:00 PM,12 BROOKLYN,3054070038,BROOKLYN,990540,169389,ONLINE,Unspecified,BROOKLYN,,,,,,,,40.631607994347604,-73.977338663945,"(40.631607994347604, -73.977338663945)"
32374524,01/09/2016 02:55:00 PM,01/11/2016 12:00:00 PM,DSNY,Department of Sanitation,Dirty Conditions,E8 Canine Violation,Sidewalk,10031,721 RIVERSIDE DRIVE,RIVERSIDE DRIVE,BEND,WEST 150 STREET,,,ADDRESS,NEW YORK,,N/A,Closed,,The Department of Sanitation investigated this complaint and found no violation at the location.,01/11/2016 12:00:00 PM,09 MANHATTAN,,MANHATTAN,998137,241646,ONLINE,Unspecified,MANHATTAN,,,,,,,,40.829926980388535,-73.94981940161797,"(40.829926980388535, -73.94981940161797)"
32380430,01/09/2016 01:22:00 PM,01/13/2016 12:00:00 PM,DSNY,Department of Sanitation,Dirty Conditions,E8 Canine Violation,Sidewalk,11385,77-19 61 STREET,61 STREET,COOPER AVENUE,80 AVENUE,,,ADDRESS,Ridgewood,,N/A,Closed,,The Department of Sanitation investigated this complaint and found no violation at the location.,01/13/2016 12:00:00 PM,05 QUEENS,4037140056,QUEENS,1013791,193118,ONLINE,Unspecified,QUEENS,,,,,,,,40.69669176551141,-73.89346706132163,"(40.69669176551141, -73.89346706132163)"
32375493,01/09/2016 10:31:00 AM,01/16/2016 12:00:00 PM,DSNY,Department of Sanitation,Dirty Conditions,E8 Canine Violation,Sidewalk,11215,363 4 STREET,4 STREET,5 AVENUE,6 AVENUE,,,ADDRESS,BROOKLYN,,N/A,Closed,,The Department of Sanitation investigated this complaint and found no violation at the location.,01/16/2016 12:00:00 PM,06 BROOKLYN,3009820055,BROOKLYN,989175,183907,PHONE,Unspecified,BROOKLYN,,,,,,,,40.671457607933135,-73.98224582478792,"(40.671457607933135, -73.98224582478792)"
32376477,01/09/2016 10:20:00 AM,01/11/2016 12:00:00 PM,DSNY,Department of Sanitation,Dirty Conditions,E8 Canine Violation,Sidewalk,10023,,,,,WEST 61 STREET,WEST END AVENUE,INTERSECTION,NEW YORK,,N/A,Closed,,The Department of Sanitation investigated this complaint and found no violation at the location.,01/11/2016 12:00:00 PM,07 MANHATTAN,,MANHATTAN,987147,220853,PHONE,Unspecified,MANHATTAN,,,,,,,,40.77286633080446,-73.98954067663415,"(40.77286633080446, -73.98954067663415)"
32375490,01/09/2016 10:02:00 AM,01/11/2016 12:00:00 PM,DSNY,Department of Sanitation,Dirty Conditions,E8 Canine Violation,Sidewalk,10460,1740 TAYLOR AVENUE,TAYLOR AVENUE,VAN NEST AVENUE,MORRIS PARK AVENUE,,,ADDRESS,BRONX,,N/A,Closed,,The Department of Sanitation investigated this complaint and found no violation at the location.,01/11/2016 12:00:00 PM,11 BRONX,2040210049,BRONX,1020389,246327,PHONE,Unspecified,BRONX,,,,,,,,40.842711937773494,-73.8693867830483,"(40.842711937773494, -73.8693867830483)"
32379440,01/09/2016 09:37:00 AM,01/12/2016 12:00:00 PM,DSNY,Department of Sanitation,Dirty Conditions,E8 Canine Violation,Sidewalk,11208,,,,,BELMONT AVENUE,MILFORD STREET,INTERSECTION,BROOKLYN,,N/A,Closed,,The Department of Sanitation investigated this complaint and found no violation at the location.,01/12/2016 12:00:00 PM,05 BROOKLYN,,BROOKLYN,1018425,184633,PHONE,Unspecified,BROOKLYN,,,,,,,,40.673385720476084,-73.8767986447463,"(40.673385720476084, -73.8767986447463)"
32373167,01/09/2016 01:08:00 AM,01/09/2016 12:00:00 PM,DSNY,Department of Sanitation,Dirty Conditions,E8 Canine Violation,Sidewalk,10472,1057 BOYNTON AVENUE,BOYNTON AVENUE,BRUCKNER BOULEVARD,WATSON AVENUE,,,ADDRESS,BRONX,,N/A,Closed,,The Department of Sanitation investigated this complaint and found no violation at the location.,01/09/2016 12:00:00 PM,09 BRONX,2037140036,BRONX,1018159,240003,PHONE,Unspecified,BRONX,,,,,,,,40.82536324322324,-73.87747838486375,"(40.82536324322324, -73.87747838486375)"
32371267,01/08/2016 05:49:00 PM,01/20/2016 12:00:00 PM,DSNY,Department of Sanitation,Dirty Conditions,E8 Canine Violation,Sidewalk,11207,103 VANDERVEER STREET,VANDERVEER STREET,BUSHWICK AVENUE,CEMETERY OF EVERGRNS BOUNDARY,,,ADDRESS,BROOKLYN,,N/A,Closed,,The Department of Sanitation investigated this complaint and found no violation at the location.,01/20/2016 12:00:00 PM,04 BROOKLYN,3034710032,BROOKLYN,1011019,187831,ONLINE,Unspecified,BROOKLYN,,,,,,,,40.682188994442086,-73.90348465166757,"(40.682188994442086, -73.90348465166757)"
32367709,01/08/2016 05:23:00 PM,01/11/2016 12:00:00 PM,DSNY,Department of Sanitation,Dirty Conditions,E8 Canine Violation,Sidewalk,10011,430 WEST   24 STREET,WEST   24 STREET,9 AVENUE,10 AVENUE,,,ADDRESS,NEW YORK,,N/A,Closed,,The Department of Sanitation investigated this complaint and found no violation at the location.,01/11/2016 12:00:00 PM,04 MANHATTAN,1007210007,MANHATTAN,983727,211640,ONLINE,Unspecified,MANHATTAN,,,,,,,,40.747579467378,-74.00188752149415,"(40.747579467378, -74.00188752149415)"
32369591,01/08/2016 04:08:00 PM,01/13/2016 12:00:00 PM,DSNY,Department of Sanitation,Dirty Conditions,E8 Canine Violation,Sidewalk,10034,2 CUMMING STREET,CUMMING STREET,BROADWAY,SEAMAN AVENUE,,,ADDRESS,NEW YORK,,N/A,Closed,,The Department of Sanitation investigated this complaint and found no condition at the location.,01/13/2016 12:00:00 PM,12 MANHATTAN,1022370075,MANHATTAN,1004710,254858,MOBILE,Unspecified,MANHATTAN,,,,,,,,40.86617722931299,-73.92602759582446,"(40.86617722931299, -73.92602759582446)"
32367708,01/08/2016 03:57:00 PM,01/11/2016 12:00:00 PM,DSNY,Department of Sanitation,Dirty Conditions,E8 Canine Violation,Sidewalk,11235,,,,,AVENUE Y,EAST 21 STREET,INTERSECTION,BROOKLYN,,N/A,Closed,,The Department of Sanitation investigated this complaint and found no violation at the location.,01/11/2016 12:00:00 PM,15 BROOKLYN,,BROOKLYN,998493,154506,PHONE,Unspecified,BROOKLYN,,,,,,,,40.590748010983276,-73.94871734019125,"(40.590748010983276, -73.94871734019125)"
32370571,01/08/2016 03:56:00 PM,01/11/2016 12:00:00 PM,DSNY,Department of Sanitation,Dirty Conditions,E8 Canine Violation,Sidewalk,11235,,,,,EAST 22 STREET,AVENUE Y,INTERSECTION,BROOKLYN,,N/A,Closed,,The Department of Sanitation investigated this complaint and found no violation at the location.,01/11/2016 12:00:00 PM,15 BROOKLYN,,BROOKLYN,998751,154544,PHONE,Unspecified,BROOKLYN,,,,,,,,40.59085189502069,-73.94778831648435,"(40.59085189502069, -73.94778831648435)"
32372752,01/08/2016 02:00:00 PM,01/20/2016 12:00:00 PM,DSNY,Department of Sanitation,Dirty Conditions,E8 Canine Violation,Sidewalk,11216,,,,,BERGEN STREET,NOSTRAND AVENUE,INTERSECTION,BROOKLYN,,N/A,Closed,,The Department of Sanitation investigated this complaint and found no violation at the location.,01/20/2016 12:00:00 PM,08 BROOKLYN,,BROOKLYN,998143,185600,ONLINE,Unspecified,BROOKLYN,,,,,,,,40.67609498046784,-73.94991351893904,"(40.67609498046784, -73.94991351893904)"
32368381,01/08/2016 12:52:00 PM,01/11/2016 12:00:00 PM,DSNY,Department of Sanitation,Dirty Conditions,E8 Canine Violation,Sidewalk,11203,870 LINDEN BOULEVARD,LINDEN BOULEVARD,EAST 55 STREET,EAST 56 STREET,,,ADDRESS,BROOKLYN,,N/A,Closed,,The Department of Sanitation investigated this complaint and found no violation at the location.,01/11/2016 12:00:00 PM,17 BROOKLYN,3046810001,BROOKLYN,1004882,177592,PHONE,Unspecified,BROOKLYN,,,,,,,,40.654101664048454,-73.92564286524225,"(40.654101664048454, -73.92564286524225)"
32369893,01/08/2016 11:41:00 AM,01/11/2016 12:00:00 PM,DSNY,Department of Sanitation,Dirty Conditions,E8 Canine Violation,Sidewalk,10033,809 WEST  177 STREET,WEST  177 STREET,FT WASHINGTON AVENUE,PINEHURST AVENUE,,,ADDRESS,NEW YORK,,N/A,Closed,,The Department of Sanitation investigated this complaint and found no violation at the location.,01/11/2016 12:00:00 PM,12 MANHATTAN,1021770014,MANHATTAN,1000768,248232,PHONE,Unspecified,MANHATTAN,,,,,,,,40.8479991031889,-73.94029607984919,"(40.8479991031889, -73.94029607984919)"
32371278,01/08/2016 11:35:00 AM,01/11/2016 12:00:00 PM,DSNY,Department of Sanitation,Dirty Conditions,E8 Canine Violation,Sidewalk,11377,43-03 63 STREET,63 STREET,43 AVENUE,MACKINTOSH STREET,,,ADDRESS,Woodside,,N/A,Closed,,The Department of Sanitation investigated this complaint and found no violation at the location.,01/11/2016 12:00:00 PM,02 QUEENS,4013400013,QUEENS,1011364,209719,PHONE,Unspecified,QUEENS,,,,,,,,40.74226525397331,-73.9021526074584,"(40.74226525397331, -73.9021526074584)"
32369151,01/08/2016 11:24:00 AM,01/12/2016 12:00:00 PM,DSNY,Department of Sanitation,Dirty Conditions,E8 Canine Violation,Sidewalk,10305,19 CAMERON AVENUE,CAMERON AVENUE,NORWAY AVENUE,OBERLIN STREET,,,ADDRESS,STATEN ISLAND,,N/A,Closed,,The Department of Sanitation investigated this complaint and found no violation at the location.,01/12/2016 12:00:00 PM,02 STATEN ISLAND,5033920012,STATEN ISLAND,962262,155357,PHONE,Unspecified,STATEN ISLAND,,,,,,,,40.59306800515022,-74.0791716906231,"(40.59306800515022, -74.0791716906231)"
32368417,01/08/2016 10:27:00 AM,01/11/2016 12:00:00 PM,DSNY,Department of Sanitation,Dirty Conditions,E8 Canine Violation,Sidewalk,11106,14-40 31 AVENUE,31 AVENUE,14 STREET,21 STREET,,,ADDRESS,Astoria,,N/A,Closed,,The Department of Sanitation investigated this complaint and found no violation at the location.,01/11/2016 12:00:00 PM,01 QUEENS,4005330039,QUEENS,1003170,219126,PHONE,Unspecified,QUEENS,,,,,,,,40.76810639414496,-73.93169614286754,"(40.76810639414496, -73.93169614286754)"
32367697,01/08/2016 09:13:00 AM,01/11/2016 12:00:00 PM,DSNY,Department of Sanitation,Dirty Conditions,E8 Canine Violation,Sidewalk,11372,37-27 89 STREET,89 STREET,37 AVENUE,ROOSEVELT AVENUE,,,ADDRESS,Jackson Heights,,N/A,Closed,,The Department of Sanitation investigated this complaint and found no violation at the location.,01/11/2016 12:00:00 PM,03 QUEENS,4014770065,QUEENS,1018147,212445,PHONE,Unspecified,QUEENS,,,,,,,,40.74972403571981,-73.87766080959007,"(40.74972403571981, -73.87766080959007)"
32365684,01/07/2016 09:46:00 PM,01/11/2016 12:00:00 PM,DSNY,Department of Sanitation,Dirty Conditions,E8 Canine Violation,Sidewalk,10024,495 WEST END AVENUE,WEST END AVENUE,WEST 83 STREET,WEST 84 STREET,,,ADDRESS,NEW YORK,,N/A,Closed,,The Department of Sanitation investigated this complaint and found no violation at the location.,01/11/2016 12:00:00 PM,07 MANHATTAN,1012450075,MANHATTAN,990076,226144,ONLINE,Unspecified,MANHATTAN,,,,,,,,40.78738728036714,-73.97896123283954,"(40.78738728036714, -73.97896123283954)"
32366720,01/07/2016 04:51:00 PM,01/19/2016 12:00:00 PM,DSNY,Department of Sanitation,Dirty Conditions,E8 Canine Violation,Sidewalk,11208,368 MONTAUK AVENUE,MONTAUK AVENUE,BLAKE AVENUE,NEW LOTS AVENUE,,,ADDRESS,BROOKLYN,,N/A,Closed,,The Department of Sanitation investigated this complaint and found no violation at the location.,01/19/2016 12:00:00 PM,05 BROOKLYN,3040710046,BROOKLYN,1018431,183196,PHONE,Unspecified,BROOKLYN,,,,,,,,40.66944145802489,-73.8767843015285,"(40.66944145802489, -73.8767843015285)"
32362454,01/07/2016 03:46:00 PM,01/20/2016 12:00:00 PM,DSNY,Department of Sanitation,Dirty Conditions,E8 Canine Violation,Sidewalk,11203,289 EAST   46 STREET,EAST   46 STREET,LENOX ROAD,LINDEN BOULEVARD,,,ADDRESS,BROOKLYN,,N/A,Closed,,The Department of Sanitation investigated this complaint and found no violation at the location.,01/20/2016 12:00:00 PM,17 BROOKLYN,3048670053,BROOKLYN,1002398,177813,PHONE,Unspecified,BROOKLYN,,,,,,,,40.654713699707685,-73.93459453156461,"(40.654713699707685, -73.93459453156461)"
32361471,01/07/2016 01:53:00 PM,01/08/2016 12:00:00 PM,DSNY,Department of Sanitation,Dirty Conditions,E8 Canine Violation,Sidewalk,11412,203-01 116 AVENUE,116 AVENUE,203 STREET,204 STREET,,,ADDRESS,Saint Albans,,N/A,Closed,,The Department of Sanitation investigated this complaint and found no violation at the location.,01/08/2016 12:00:00 PM,12 QUEENS,4110440006,QUEENS,1053544,193199,PHONE,Unspecified,QUEENS,,,,,,,,40.696692105711165,-73.75010657447184,"(40.696692105711165, -73.75010657447184)"
32359413,01/07/2016 10:04:00 AM,01/08/2016 12:00:00 PM,DSNY,Department of Sanitation,Dirty Conditions,E8 Canine Violation,Sidewalk,11104,,,,,39 PLACE,SKILLMAN AVENUE,INTERSECTION,Sunnyside,,N/A,Closed,,The Department of Sanitation investigated this complaint and found no violation at the location.,01/08/2016 12:00:00 PM,02 QUEENS,,QUEENS,1005167,211555,PHONE,Unspecified,QUEENS,,,,,,,,40.74732144091902,-73.9245102503601,"(40.74732144091902, -73.9245102503601)"
32359464,01/07/2016 09:02:00 AM,01/08/2016 12:00:00 PM,DSNY,Department of Sanitation,Dirty Conditions,E8 Canine Violation,Sidewalk,11416,,,,,97 AVENUE,103 STREET,INTERSECTION,Ozone Park,,N/A,Closed,,The Department of Sanitation investigated this complaint and found no violation at the location.,01/08/2016 12:00:00 PM,09 QUEENS,,QUEENS,1028417,189854,PHONE,Unspecified,QUEENS,,,,,,,,40.68767194476877,-73.84074319567387,"(40.68767194476877, -73.84074319567387)"
32359421,01/07/2016 09:00:00 AM,01/11/2016 12:00:00 PM,DSNY,Department of Sanitation,Dirty Conditions,E8 Canine Violation,Sidewalk,10314,19 LAMBERTS STREET,LAMBERTS STREET,COMSTOCK AVENUE,GOETHALS ROAD NORTH,,,ADDRESS,STATEN ISLAND,,N/A,Closed,,The Department of Sanitation investigated this complaint and found no violation at the location.,01/11/2016 12:00:00 PM,01 STATEN ISLAND,5016420017,STATEN ISLAND,939832,164488,ONLINE,Unspecified,STATEN ISLAND,,,,,,,,40.618046668932166,-74.15999479698395,"(40.618046668932166, -74.15999479698395)"
32361007,01/07/2016 04:01:00 AM,01/07/2016 12:00:00 PM,DSNY,Department of Sanitation,Dirty Conditions,E8 Canine Violation,Sidewalk,10472,,,,,ELDER AVENUE,WATSON AVENUE,INTERSECTION,BRONX,,N/A,Closed,,The Department of Sanitation investigated this complaint and issued a Notice of Violation.,01/07/2016 12:00:00 PM,09 BRONX,,BRONX,1017854,240245,PHONE,Unspecified,BRONX,,,,,,,,40.82602862936386,-73.87857921194824,"(40.82602862936386, -73.87857921194824)"
32358988,01/07/2016 04:00:00 AM,01/07/2016 12:00:00 PM,DSNY,Department of Sanitation,Dirty Conditions,E8 Canine Violation,Sidewalk,,,,,,ELDER AVENUE,BRUCKNER BOULEVARD,INTERSECTION,,,N/A,Closed,,The Department of Sanitation investigated this complaint and found no violation at the location.,01/07/2016 12:00:00 PM,09 BRONX,,BRONX,,,PHONE,Unspecified,BRONX,,,,,,,,,,
32359981,01/07/2016 03:57:00 AM,01/07/2016 12:00:00 PM,DSNY,Department of Sanitation,Dirty Conditions,E8 Canine Violation,Sidewalk,10472,,,,,BOYNTON AVENUE,WATSON AVENUE,INTERSECTION,BRONX,,N/A,Closed,,The Department of Sanitation investigated this complaint and found no violation at the location.,01/07/2016 12:00:00 PM,09 BRONX,,BRONX,1018110,240290,PHONE,Unspecified,BRONX,,,,,,,,40.82615116376492,-73.87765398540142,"(40.82615116376492, -73.87765398540142)"
32359976,01/07/2016 03:36:00 AM,01/07/2016 12:00:00 PM,DSNY,Department of Sanitation,Dirty Conditions,E8 Canine Violation,Sidewalk,10472,1025 BOYNTON AVENUE,BOYNTON AVENUE,BRUCKNER BOULEVARD,WATSON AVENUE,,,ADDRESS,BRONX,,N/A,Closed,,The Department of Sanitation investigated this complaint and found no violation at the location.,01/07/2016 12:00:00 PM,09 BRONX,2037140054,BRONX,1018209,239723,PHONE,Unspecified,BRONX,,,,,,,,40.824594531459304,-73.8772991398564,"(40.824594531459304, -73.8772991398564)"
32349741,01/06/2016 08:29:00 PM,01/08/2016 12:00:00 PM,DSNY,Department of Sanitation,Dirty Conditions,E8 Canine Violation,Sidewalk,10458,2324 GRAND CONCOURSE,GRAND CONCOURSE,EAST 183 STREET,FIELD PLACE,,,ADDRESS,BRONX,,N/A,Closed,,The Department of Sanitation investigated this complaint and found no violation at the location.,01/08/2016 12:00:00 PM,05 BRONX,2031590007,BRONX,1012030,251903,MOBILE,Unspecified,BRONX,,,,,,,,40.858046649998535,-73.8995746638981,"(40.858046649998535, -73.8995746638981)"
32349745,01/06/2016 07:37:00 PM,01/08/2016 12:00:00 PM,DSNY,Department of Sanitation,Dirty Conditions,E8 Canine Violation,Sidewalk,11417,,,,,87 STREET,SUTTER AVENUE,INTERSECTION,Ozone Park,,N/A,Closed,,The Department of Sanitation investigated this complaint and found no violation at the location.,01/08/2016 12:00:00 PM,10 QUEENS,,QUEENS,1025930,185591,ONLINE,Unspecified,QUEENS,,,,,,,,40.675983057553026,-73.84973713832545,"(40.675983057553026, -73.84973713832545)"
32352178,01/06/2016 12:21:00 PM,01/07/2016 12:00:00 PM,DSNY,Department of Sanitation,Dirty Conditions,E8 Canine Violation,Sidewalk,10040,461 AUDUBON AVENUE,AUDUBON AVENUE,WEST 188 STREET,WEST 189 STREET,,,ADDRESS,NEW YORK,,N/A,Closed,,The Department of Sanitation investigated this complaint and found no violation at the location.,01/07/2016 12:00:00 PM,12 MANHATTAN,1021590035,MANHATTAN,1003881,250142,ONLINE,Unspecified,MANHATTAN,,,,,,,,40.85323511348856,-73.92903862698563,"(40.85323511348856, -73.92903862698563)"
32350910,01/06/2016 10:50:00 AM,01/08/2016 12:00:00 PM,DSNY,Department of Sanitation,Dirty Conditions,E8 Canine Violation,Sidewalk,10467,3230 CRUGER AVENUE,CRUGER AVENUE,BURKE AVENUE,SOUTH OAK DRIVE,,,ADDRESS,BRONX,,N/A,Closed,,The Department of Sanitation investigated this complaint and found no violation at the location.,01/08/2016 12:00:00 PM,12 BRONX,2045970021,BRONX,1021274,257092,PHONE,Unspecified,BRONX,,,,,,,,40.87225493792927,-73.8661287701622,"(40.87225493792927, -73.8661287701622)"
32350911,01/06/2016 10:42:00 AM,01/16/2016 12:00:00 PM,DSNY,Department of Sanitation,Dirty Conditions,E8 Canine Violation,Sidewalk,11233,1265 HERKIMER STREET,HERKIMER STREET,GUNTHER PLACE,ROCKAWAY AVENUE,,,ADDRESS,BROOKLYN,,N/A,Closed,,The Department of Sanitation investigated this complaint and found no violation at the location.,01/16/2016 12:00:00 PM,16 BROOKLYN,3015510068,BROOKLYN,1008782,186145,PHONE,Unspecified,BROOKLYN,,,,,,,,40.67756779160429,-73.9115562635365,"(40.67756779160429, -73.9115562635365)"
32349783,01/06/2016 10:35:00 AM,01/19/2016 12:00:00 PM,DSNY,Department of Sanitation,Dirty Conditions,E8 Canine Violation,Sidewalk,11214,,,,,BAY 38 STREET,BATH AVENUE,INTERSECTION,BROOKLYN,,N/A,Closed,,The Department of Sanitation investigated this complaint and found no violation at the location.,01/19/2016 12:00:00 PM,11 BROOKLYN,,BROOKLYN,986562,155971,ONLINE,Unspecified,BROOKLYN,,,,,,,,40.59478028399385,-73.99167502192577,"(40.59478028399385, -73.99167502192577)"
32353374,01/06/2016 09:36:00 AM,01/20/2016 12:00:00 PM,DSNY,Department of Sanitation,Dirty Conditions,E8 Canine Violation,Sidewalk,11233,423 MARION STREET,MARION STREET,THOMAS S BOYLAND STREET,ROCKAWAY AVENUE,,,ADDRESS,BROOKLYN,,N/A,Closed,,The Department of Sanitation investigated this complaint and found no violation at the location.,01/20/2016 12:00:00 PM,16 BROOKLYN,3015160048,BROOKLYN,1008564,187624,ONLINE,Unspecified,BROOKLYN,,,,,,,,40.68162791079799,-73.91233686907081,"(40.68162791079799, -73.91233686907081)"
32353440,01/06/2016 09:31:00 AM,01/14/2016 12:00:00 PM,DSNY,Department of Sanitation,Dirty Conditions,E8 Canine Violation,Sidewalk,11233,476 MARION STREET,MARION STREET,ROCKAWAY AVENUE,BEND,,,ADDRESS,BROOKLYN,,N/A,Closed,,The Department of Sanitation investigated this complaint and found no violation at the location.,01/14/2016 12:00:00 PM,16 BROOKLYN,3015220021,BROOKLYN,1009113,187701,ONLINE,Unspecified,BROOKLYN,,,,,,,,40.681837733140505,-73.9103571893251,"(40.681837733140505, -73.9103571893251)"
32358169,01/06/2016 08:32:00 AM,01/07/2016 12:00:00 PM,DSNY,Department of Sanitation,Dirty Conditions,E8 Canine Violation,Sidewalk,,,,,,WEST 138 STREET,5 AVENUE,INTERSECTION,,,N/A,Closed,,The Department of Sanitation investigated this complaint and found no violation at the location.,01/07/2016 12:00:00 PM,10 MANHATTAN,,MANHATTAN,,,PHONE,Unspecified,MANHATTAN,,,,,,,,,,
32346421,01/05/2016 09:57:00 PM,01/07/2016 12:00:00 PM,DSNY,Department of Sanitation,Dirty Conditions,E8 Canine Violation,Sidewalk,10302,,,,,LAFORGE PLACE,BURDEN AVENUE,INTERSECTION,STATEN ISLAND,,N/A,Closed,,The Department of Sanitation investigated this complaint and found no violation at the location.,01/07/2016 12:00:00 PM,01 STATEN ISLAND,,STATEN ISLAND,945165,169583,PHONE,Unspecified,STATEN ISLAND,,,,,,,,40.632056488783284,-74.1408147287265,"(40.632056488783284, -74.1408147287265)"
32337879,01/05/2016 09:51:00 PM,01/07/2016 12:00:00 PM,DSNY,Department of Sanitation,Dirty Conditions,E8 Canine Violation,Sidewalk,10312,,,,,KENMORE STREET,TYNAN STREET,INTERSECTION,STATEN ISLAND,,N/A,Closed,,The Department of Sanitation investigated this complaint and found no violation at the location.,01/07/2016 12:00:00 PM,03 STATEN ISLAND,,STATEN ISLAND,934677,144203,PHONE,Unspecified,STATEN ISLAND,,,,,,,,40.562341175909424,-74.17841437319409,"(40.562341175909424, -74.17841437319409)"
32344741,01/05/2016 03:43:00 PM,01/07/2016 12:00:00 PM,DSNY,Department of Sanitation,Dirty Conditions,E8 Canine Violation,Sidewalk,10302,,,,,LA FORGE PLACE,BURDEN AVENUE,INTERSECTION,STATEN ISLAND,,N/A,Closed,,The Department of Sanitation investigated this complaint and found no violation at the location.,01/07/2016 12:00:00 PM,01 STATEN ISLAND,,STATEN ISLAND,945165,169583,PHONE,Unspecified,STATEN ISLAND,,,,,,,,40.632056488783284,-74.1408147287265,"(40.632056488783284, -74.1408147287265)"
32337949,01/05/2016 03:42:00 PM,01/12/2016 12:00:00 PM,DSNY,Department of Sanitation,Dirty Conditions,E8 Canine Violation,Sidewalk,11201,11 METROTECH,METROTECH,BRIDGE STREET,,,,ADDRESS,BROOKLYN,,N/A,Closed,,The Department of Sanitation investigated this complaint and found no violation at the location.,01/12/2016 12:00:00 PM,02 BROOKLYN,3001320001,BROOKLYN,988381,192639,ONLINE,Unspecified,BROOKLYN,,,,,,,,40.69542536301317,-73.98510276889384,"(40.69542536301317, -73.98510276889384)"
32343021,01/05/2016 03:08:00 PM,01/11/2016 12:00:00 PM,DSNY,Department of Sanitation,Dirty Conditions,E8 Canine Violation,Sidewalk,11249,50 DIVISION AVENUE,DIVISION AVENUE,WYTHE AVENUE,BERRY STREET,,,ADDRESS,BROOKLYN,,N/A,Closed,,The Department of Sanitation investigated this complaint and found no violation at the location.,01/11/2016 12:00:00 PM,01 BROOKLYN,3021660001,BROOKLYN,993472,196891,PHONE,Unspecified,BROOKLYN,,,,,,,,40.707092265932474,-73.96673776023567,"(40.707092265932474, -73.96673776023567)"
32346479,01/05/2016 02:13:00 PM,01/08/2016 12:00:00 PM,DSNY,Department of Sanitation,Dirty Conditions,E8 Canine Violation,Sidewalk,11433,109-13 173 STREET,173 STREET,109 AVENUE,BRINKERHOFF AVENUE,,,ADDRESS,Jamaica,,N/A,Closed,,The Department of Sanitation investigated this complaint and found no violation at the location.,01/08/2016 12:00:00 PM,12 QUEENS,4102650113,QUEENS,1044811,193683,PHONE,Unspecified,QUEENS,,,,,,,,40.69808464060819,-73.78159570818646,"(40.69808464060819, -73.78159570818646)"
32341274,01/05/2016 01:26:00 PM,01/07/2016 12:00:00 PM,DSNY,Department of Sanitation,Dirty Conditions,E8 Canine Violation,Sidewalk,10472,1420 BRONX RIVER AVENUE,BRONX RIVER AVENUE,EAST 174 STREET,CROSS BRONX EXPRESSWAY,,,ADDRESS,BRONX,,N/A,Closed,,The Department of Sanitation investigated this complaint and found no violation at the location.,01/07/2016 12:00:00 PM,09 BRONX,2038860002,BRONX,1017703,243360,PHONE,Unspecified,BRONX,,,,,,,,40.83457897653522,-73.87910928385111,"(40.83457897653522, -73.87910928385111)"
32343059,01/05/2016 10:10:00 AM,01/08/2016 12:00:00 PM,DSNY,Department of Sanitation,Dirty Conditions,E8 Canine Violation,Sidewalk,10467,3574 DEKALB AVENUE,DEKALB AVENUE,EAST 212 STREET,EAST 213 STREET,,,ADDRESS,BRONX,,N/A,Closed,,The Department of Sanitation investigated this complaint and found no violation at the location.,01/08/2016 12:00:00 PM,07 BRONX,2033290010,BRONX,1017747,261480,ONLINE,Unspecified,BRONX,,,,,,,,40.88431271705718,-73.87885972381333,"(40.88431271705718, -73.87885972381333)"
32341273,01/05/2016 09:49:00 AM,01/06/2016 12:00:00 PM,DSNY,Department of Sanitation,Dirty Conditions,E8 Canine Violation,Sidewalk,10041,55 WATER STREET,WATER STREET,COENTIES SLIP,HANOVER SQUARE,,,ADDRESS,NEW YORK,,N/A,Closed,,The Department of Sanitation investigated this complaint and found no condition at the location.,01/06/2016 12:00:00 PM,01 MANHATTAN,1000327501,MANHATTAN,981538,195616,ONLINE,Unspecified,MANHATTAN,,,,,,,,40.7035970814381,-74.00978122562515,"(40.7035970814381, -74.00978122562515)"
32337950,01/05/2016 09:45:00 AM,01/07/2016 12:00:00 PM,DSNY,Department of Sanitation,Dirty Conditions,E8 Canine Violation,Sidewalk,11226,571 OCEAN AVENUE,OCEAN AVENUE,CHURCH AVENUE,TENNIS COURT,,,ADDRESS,BROOKLYN,,N/A,Closed,,The Department of Sanitation investigated this complaint and found no violation at the location.,01/07/2016 12:00:00 PM,14 BROOKLYN,3051010026,BROOKLYN,995131,175716,ONLINE,Unspecified,BROOKLYN,,,,,,,,40.648969803086054,-73.96078820856658,"(40.648969803086054, -73.96078820856658)"
32348098,01/05/2016 09:22:00 AM,01/06/2016 12:00:00 PM,DSNY,Department of Sanitation,Dirty Conditions,E8 Canine Violation,Sidewalk,10002,118 SUFFOLK STREET,SUFFOLK STREET,DELANCEY STREET,RIVINGTON STREET,,,ADDRESS,NEW YORK,,N/A,Closed,,The Department of Sanitation investigated this complaint and found no condition at the location.,01/06/2016 12:00:00 PM,03 MANHATTAN,1003480011,MANHATTAN,988119,201246,ONLINE,Unspecified,MANHATTAN,,,,,,,,40.71904966263287,-73.98604264892421,"(40.71904966263287, -73.98604264892421)"
32327312,01/04/2016 09:00:00 PM,01/08/2016 12:00:00 PM,DSNY,Department of Sanitation,Dirty Conditions,E8 Canine Violation,Sidewalk,11428,93-26 210 STREET,210 STREET,93 AVENUE,94 AVENUE,,,ADDRESS,Queens Village,,N/A,Closed,,The Department of Sanitation investigated this complaint and found no violation at the location.,01/08/2016 12:00:00 PM,13 QUEENS,4105500056,QUEENS,1052972,200627,PHONE,Unspecified,QUEENS,,,,,,,,40.71708459045299,-73.75209354425571,"(40.71708459045299, -73.75209354425571)"
32327304,01/04/2016 05:20:00 PM,01/05/2016 12:00:00 PM,DSNY,Department of Sanitation,Dirty Conditions,E8 Canine Violation,Sidewalk,10460,2079 MOHEGAN AVENUE,MOHEGAN AVENUE,EAST 179 STREET,EAST 180 STREET,,,ADDRESS,BRONX,,N/A,Closed,,The Department of Sanitation investigated this complaint and found no violation at the location.,01/05/2016 12:00:00 PM,06 BRONX,2031180036,BRONX,1016350,247127,ONLINE,Unspecified,BRONX,,,,,,,,40.8449233075465,-73.88398064933226,"(40.8449233075465, -73.88398064933226)"
32326070,01/04/2016 12:00:00 PM,01/08/2016 12:00:00 PM,DSNY,Department of Sanitation,Dirty Conditions,E8 Canine Violation,Sidewalk,11221,,,,,KOSCIUSKO STREET,THROOP AVENUE,INTERSECTION,BROOKLYN,,N/A,Closed,,The Department of Sanitation investigated this complaint and found no violation at the location.,01/08/2016 12:00:00 PM,03 BROOKLYN,,BROOKLYN,1000151,191259,PHONE,Unspecified,BROOKLYN,,,,,,,,40.69162426218111,-73.942661006199,"(40.69162426218111, -73.942661006199)"
32332290,01/04/2016 11:44:00 AM,01/05/2016 12:00:00 PM,DSNY,Department of Sanitation,Dirty Conditions,E8 Canine Violation,Sidewalk,10472,1255 HARROD AVENUE,HARROD AVENUE,BRONX RIVER PARKWAY EXIT 3 SB,EAST 172 STREET,,,ADDRESS,BRONX,,N/A,Closed,,The Department of Sanitation investigated this complaint and found no violation at the location.,01/05/2016 12:00:00 PM,09 BRONX,2037780039,BRONX,1019128,241969,PHONE,Unspecified,BRONX,,,,,,,,40.83075557298559,-73.87396693206983,"(40.83075557298559, -73.87396693206983)"
32332364,01/04/2016 11:37:00 AM,01/08/2016 12:00:00 PM,DSNY,Department of Sanitation,Dirty Conditions,E8 Canine Violation,Sidewalk,11420,109-66 134 STREET,134 STREET,109 AVENUE,111 AVENUE,,,ADDRESS,South Ozone Park,,N/A,Closed,,The Department of Sanitation investigated this complaint and found no violation at the location.,01/08/2016 12:00:00 PM,10 QUEENS,4116130034,QUEENS,1036995,189230,PHONE,Unspecified,QUEENS,,,,,,,,40.68591224949495,-73.80981772715135,"(40.68591224949495, -73.80981772715135)"
32328619,01/04/2016 11:20:00 AM,01/11/2016 12:00:00 PM,DSNY,Department of Sanitation,Dirty Conditions,E8 Canine Violation,Sidewalk,11207,140 VAN SICLEN AVENUE,VAN SICLEN AVENUE,FULTON STREET,ATLANTIC AVENUE,,,ADDRESS,BROOKLYN,,N/A,Closed,,The Department of Sanitation investigated this complaint and found no violation at the location.,01/11/2016 12:00:00 PM,05 BROOKLYN,3039460034,BROOKLYN,1014366,185952,PHONE,Unspecified,BROOKLYN,,,,,,,,40.67702081447199,-73.89142548707672,"(40.67702081447199, -73.89142548707672)"
32332404,01/04/2016 10:29:00 AM,01/06/2016 12:00:00 PM,DSNY,Department of Sanitation,Dirty Conditions,E8 Canine Violation,Sidewalk,10473,916 WHEELER AVENUE,WHEELER AVENUE,STORY AVENUE,BRUCKNER BOULEVARD,,,ADDRESS,BRONX,,N/A,Closed,,The Department of Sanitation investigated this complaint and found no violation at the location.,01/06/2016 12:00:00 PM,09 BRONX,2036517501,BRONX,1017853,238797,PHONE,Unspecified,BRONX,,,,,,,,40.82205428788051,-73.87859007683281,"(40.82205428788051, -73.87859007683281)"
32334862,01/04/2016 10:06:00 AM,01/06/2016 12:00:00 PM,DSNY,Department of Sanitation,Dirty Conditions,E8 Canine Violation,Sidewalk,10458,,,,,EAST 192 STREET,GRAND CONCOURSE,INTERSECTION,BRONX,,N/A,Closed,,The Department of Sanitation investigated this complaint and found no violation at the location.,01/06/2016 12:00:00 PM,07 BRONX,,BRONX,1013073,254152,PHONE,Unspecified,BRONX,,,,,,,,40.86421612958148,-73.89579452686064,"(40.86421612958148, -73.89579452686064)"
32323414,01/03/2016 11:27:00 PM,01/06/2016 12:00:00 PM,DSNY,Department of Sanitation,Dirty Conditions,E8 Canine Violation,Sidewalk,10024,495 WEST END AVENUE,WEST END AVENUE,WEST 83 STREET,WEST 84 STREET,,,ADDRESS,NEW YORK,,N/A,Closed,,The Department of Sanitation investigated this complaint and found no violation at the location.,01/06/2016 12:00:00 PM,07 MANHATTAN,1012450075,MANHATTAN,990076,226144,ONLINE,Unspecified,MANHATTAN,,,,,,,,40.78738728036714,-73.97896123283954,"(40.78738728036714, -73.97896123283954)"
32324687,01/03/2016 03:12:00 PM,01/06/2016 12:00:00 PM,DSNY,Department of Sanitation,Dirty Conditions,E8 Canine Violation,Sidewalk,11692,,,,,BEACH 54 STREET,BEACH CHANNEL DRIVE,INTERSECTION,Arverne,,N/A,Closed,,The Department of Sanitation investigated this complaint and found no violation at the location.,01/06/2016 12:00:00 PM,14 QUEENS,,QUEENS,1044086,156152,PHONE,Unspecified,QUEENS,,,,,,,,40.595075411920945,-73.78454321313197,"(40.595075411920945, -73.78454321313197)"
32322782,01/03/2016 11:40:00 AM,01/05/2016 12:00:00 PM,DSNY,Department of Sanitation,Dirty Conditions,E8 Canine Violation,Sidewalk,11223,1613 WEST   13 STREET,WEST   13 STREET,AVENUE P,KINGS HIGHWAY,,,ADDRESS,BROOKLYN,,N/A,Closed,,The Department of Sanitation investigated this complaint and found no violation at the location.,01/05/2016 12:00:00 PM,11 BROOKLYN,3066190073,BROOKLYN,988092,160397,PHONE,Unspecified,BROOKLYN,,,,,,,,40.606928224817175,-73.98616332795719,"(40.606928224817175, -73.98616332795719)"
32319313,01/02/2016 11:42:00 PM,01/06/2016 12:00:00 PM,DSNY,Department of Sanitation,Dirty Conditions,E8 Canine Violation,Sidewalk,10473,,,,,BRUCKNER BOULEVARD,WARD AVENUE,INTERSECTION,BRONX,,N/A,Closed,,The Department of Sanitation investigated this complaint and found no violation at the location.,01/06/2016 12:00:00 PM,09 BRONX,,BRONX,1018510,239538,PHONE,Unspecified,BRONX,,,,,,,,40.8240855971261,-73.87621251091896,"(40.8240855971261, -73.87621251091896)"
32315152,01/02/2016 10:28:00 PM,01/04/2016 12:00:00 PM,DSNY,Department of Sanitation,Dirty Conditions,E8 Canine Violation,Sidewalk,11203,,,,,BROOKLYN AVENUE,LINDEN BOULEVARD,INTERSECTION,BROOKLYN,,N/A,Closed,,The Department of Sanitation investigated this complaint and found no violation at the location.,01/04/2016 12:00:00 PM,17 BROOKLYN,,BROOKLYN,999788,177177,ONLINE,Unspecified,BROOKLYN,,,,,,,,40.652972983260085,-73.94400244506079,"(40.652972983260085, -73.94400244506079)"
32315930,01/02/2016 07:14:00 PM,01/04/2016 12:00:00 PM,DSNY,Department of Sanitation,Dirty Conditions,E8 Canine Violation,Sidewalk,11238,,,,,CLASSON AVENUE,ST JOHN'S PLACE,INTERSECTION,BROOKLYN,,N/A,Closed,,The Department of Sanitation investigated this complaint and found no violation at the location.,01/04/2016 12:00:00 PM,08 BROOKLYN,,BROOKLYN,995149,184515,ONLINE,Unspecified,BROOKLYN,,,,,,,,40.67312109240261,-73.96070911937178,"(40.67312109240261, -73.96070911937178)"
32320150,01/02/2016 02:27:00 PM,01/04/2016 12:00:00 PM,DSNY,Department of Sanitation,Dirty Conditions,E8 Canine Violation,Sidewalk,11233,1237 HERKIMER STREET,HERKIMER STREET,MARCONI PLACE,GUNTHER PLACE,,,ADDRESS,BROOKLYN,,N/A,Closed,,The Department of Sanitation investigated this complaint and found no violation at the location.,01/04/2016 12:00:00 PM,16 BROOKLYN,3015510023,BROOKLYN,1008542,186162,ONLINE,Unspecified,BROOKLYN,,,,,,,,40.67761511459722,-73.91242145917137,"(40.67761511459722, -73.91242145917137)"
32318479,01/02/2016 02:23:00 PM,01/07/2016 12:00:00 PM,DSNY,Department of Sanitation,Dirty Conditions,E8 Canine Violation,Sidewalk,10312,72 LITTLEFIELD AVENUE,LITTLEFIELD AVENUE,TENNYSON DRIVE,HYLAN BOULEVARD,,,ADDRESS,STATEN ISLAND,,N/A,Closed,,The Department of Sanitation investigated this complaint and found no violation at the location.,01/07/2016 12:00:00 PM,03 STATEN ISLAND,5053180017,STATEN ISLAND,942436,134473,PHONE,Unspecified,STATEN ISLAND,,,,,,,,40.53567419640658,-74.15042947611117,"(40.53567419640658, -74.15042947611117)"
32317593,01/02/2016 02:14:00 PM,01/06/2016 12:00:00 PM,DSNY,Department of Sanitation,Dirty Conditions,E8 Canine Violation,Sidewalk,10032,3799 BROADWAY,BROADWAY,WEST 157 STREET,WEST 158 STREET,,,ADDRESS,NEW YORK,,N/A,Closed,,The Department of Sanitation investigated this complaint and found no violation at the location.,01/06/2016 12:00:00 PM,12 MANHATTAN,1021340180,MANHATTAN,999608,243347,ONLINE,Unspecified,MANHATTAN,,,,,,,,40.834593299958165,-73.94450005819566,"(40.834593299958165, -73.94450005819566)"
32316770,01/02/2016 09:31:00 AM,01/06/2016 12:00:00 PM,DSNY,Department of Sanitation,Dirty Conditions,E8 Canine Violation,Sidewalk,,,,,,91 AVENUE,CROSS ISLAND PARKWAY,INTERSECTION,,,N/A,Closed,,The Department of Sanitation investigated this complaint and found no violation at the location.,01/06/2016 12:00:00 PM,13 QUEENS,,QUEENS,,,PHONE,Unspecified,QUEENS,,,,,,,,,,
32319248,01/02/2016 01:23:00 AM,01/06/2016 12:00:00 PM,DSNY,Department of Sanitation,Dirty Conditions,E8 Canine Violation,Sidewalk,,,,,,ELDER AVENUE,PEDESTRIAN OVERPASS,INTERSECTION,,,N/A,Closed,,The Department of Sanitation investigated this complaint and found no violation at the location.,01/06/2016 12:00:00 PM,09 BRONX,,BRONX,,,PHONE,Unspecified,BRONX,,,,,,,,,,
32315963,01/02/2016 01:18:00 AM,01/06/2016 12:00:00 PM,DSNY,Department of Sanitation,Dirty Conditions,E8 Canine Violation,Sidewalk,10472,,,,,ELDER AVENUE,WATSON AVENUE,INTERSECTION,BRONX,,N/A,Closed,,The Department of Sanitation investigated this complaint and issued a Notice of Violation.,01/06/2016 12:00:00 PM,09 BRONX,,BRONX,1017854,240245,PHONE,Unspecified,BRONX,,,,,,,,40.82602862936386,-73.87857921194824,"(40.82602862936386, -73.87857921194824)"
32311034,01/01/2016 09:06:00 PM,01/02/2016 12:00:00 PM,DSNY,Department of Sanitation,Dirty Conditions,E8 Canine Violation,Sidewalk,11216,834 PROSPECT PLACE,PROSPECT PLACE,NOSTRAND AVENUE,NEW YORK AVENUE,,,ADDRESS,BROOKLYN,,N/A,Closed,,The Department of Sanitation investigated this complaint and found no violation at the location.,01/02/2016 12:00:00 PM,08 BROOKLYN,3012340018,BROOKLYN,998422,184925,ONLINE,Unspecified,BROOKLYN,,,,,,,,40.674241815520155,-73.94890909898537,"(40.674241815520155, -73.94890909898537)"
32313480,01/01/2016 08:14:00 PM,01/04/2016 12:00:00 PM,DSNY,Department of Sanitation,Dirty Conditions,E8 Canine Violation,Sidewalk,10312,120 CORTELYOU AVENUE,CORTELYOU AVENUE,BARLOW AVENUE,LEVERETT AVENUE,,,ADDRESS,STATEN ISLAND,,N/A,Closed,,The Department of Sanitation investigated this complaint and found no violation at the location.,01/04/2016 12:00:00 PM,03 STATEN ISLAND,5054910102,STATEN ISLAND,938627,142180,ONLINE,Unspecified,STATEN ISLAND,,,,,,,,40.556809642692215,-74.16418462007755,"(40.556809642692215, -74.16418462007755)"
32312275,01/01/2016 06:36:00 PM,01/06/2016 12:00:00 PM,DSNY,Department of Sanitation,Dirty Conditions,E8 Canine Violation,Sidewalk,10472,,,,,BOYNTON AVENUE,WATSON AVENUE,INTERSECTION,BRONX,,N/A,Closed,,The Department of Sanitation investigated this complaint and found no violation at the location.,01/06/2016 12:00:00 PM,09 BRONX,,BRONX,1018110,240290,PHONE,Unspecified,BRONX,,,,,,,,40.82615116376492,-73.87765398540142,"(40.82615116376492, -73.87765398540142)"
32311443,01/01/2016 02:10:00 PM,01/05/2016 12:00:00 PM,DSNY,Department of Sanitation,Dirty Conditions,E8 Canine Violation,Sidewalk,10462,993 PIERCE AVENUE,PIERCE AVENUE,RADCLIFF AVENUE,COLDEN AVENUE,,,ADDRESS,BRONX,,N/A,Closed,,The Department of Sanitation investigated this complaint and found no violation at the location.,01/05/2016 12:00:00 PM,11 BRONX,2040970033,BRONX,1024628,247103,PHONE,Unspecified,BRONX,,,,,,,,40.84482346180293,-73.8540615854416,"(40.84482346180293, -73.8540615854416)"
