Unique Key,Created Date,Closed Date,Agency,Agency Name,Complaint Type,Descriptor,Location Type,Incident Zip,Incident Address,Street Name,Cross Street 1,Cross Street 2,Intersection Street 1,Intersection Street 2,Address Type,City,Landmark,Facility Type,Status,Due Date,Resolution Description,Resolution Action Updated Date,Community Board,BBL,Borough,X Coordinate (State Plane),Y Coordinate (State Plane),Open Data Channel Type,Park Facility Name,Park Borough,Vehicle Type,Taxi Company Borough,Taxi Pick Up Location,Bridge Highway Name,Bridge Highway Direction,Road Ramp,Bridge Highway Segment,Latitude,Longitude,Location
35842027,03/31/2017 01:51:00 PM,04/01/2017 12:00:00 PM,DSNY,Department of Sanitation,Dirty Conditions,E8 Canine Violation,Sidewalk,10458,203 EAST  202 STREET,EAST  202 STREET,GRAND CONCOURSE,VALENTINE AVENUE,,,ADDRESS,BRONX,,N/A,Closed,,The Department of Sanitation investigated this complaint and issued a Notice of Violation.,04/01/2017 12:00:00 PM,07 BRONX,2033080043,BRONX,1015612,257448,PHONE,Unspecified,BRONX,,,,,,,,40.87325398165691,-73.88659971558981,"(40.87325398165691, -73.88659971558981)"
35835799,03/31/2017 12:38:00 AM,04/08/2017 12:00:00 PM,DSNY,Department of Sanitation,Dirty Conditions,E8 Canine Violation,Sidewalk,11436,,,,,LINDEN BOULEVARD,145 STREET,INTERSECTION,Jamaica,,N/A,Closed,,The Department of Sanitation investigated this complaint and found no condition at the location.,04/08/2017 12:00:00 PM,12 QUEENS,,QUEENS,1040001,188853,PHONE,Unspecified,QUEENS,,,,,,,,40.684859049707526,-73.79898217069032,"(40.684859049707526, -73.79898217069032)"
35837293,03/31/2017 12:14:00 AM,04/04/2017 12:00:00 PM,DSNY,Department of Sanitation,Dirty Conditions,E8 Canine Violation,Sidewalk,11226,38 MARTENSE STREET,MARTENSE STREET,MARTENSE COURT,BEDFORD AVENUE,,,ADDRESS,BROOKLYN,,N/A,Closed,,The Department of Sanitation investigated this complaint and found no violation at the location.,04/04/2017 12:00:00 PM,14 BROOKLYN,3050890020,BROOKLYN,996043,176558,PHONE,Unspecified,BROOKLYN,,,,,,,,40.65127974247331,-73.95750016821826,"(40.65127974247331, -73.95750016821826)"
35838873,03/30/2017 11:51:00 PM,04/01/2017 12:00:00 PM,DSNY,Department of Sanitation,Dirty Conditions,E8 Canine Violation,Sidewalk,10461,,,,,ELLISON AVENUE,EDWARDS AVENUE,INTERSECTION,BRONX,,N/A,Closed,,The Department of Sanitation investigated this complaint and issued a Notice of Violation.,04/01/2017 12:00:00 PM,10 BRONX,,BRONX,1029388,244817,PHONE,Unspecified,BRONX,,,,,,,,40.838526020902385,-73.83687291683867,"(40.838526020902385, -73.83687291683867)"
35838199,03/30/2017 09:06:00 PM,04/01/2017 12:00:00 PM,DSNY,Department of Sanitation,Dirty Conditions,E8 Canine Violation,Sidewalk,10472,,,,,EVERGREEN AVENUE,WESTCHESTER AVENUE,INTERSECTION,BRONX,,N/A,Closed,,The Department of Sanitation investigated this complaint and found no violation at the location.,04/01/2017 12:00:00 PM,09 BRONX,,BRONX,1017170,241120,PHONE,Unspecified,BRONX,,,,,,,,40.82843282838519,-73.88104640162443,"(40.82843282838519, -73.88104640162443)"
35834323,03/30/2017 05:47:00 PM,04/03/2017 12:00:00 PM,DSNY,Department of Sanitation,Dirty Conditions,E8 Canine Violation,Sidewalk,10457,1691 FULTON AVENUE,FULTON AVENUE,EAST 172 STREET,EAST 173 STREET,,,ADDRESS,BRONX,,N/A,Closed,,The Department of Sanitation investigated this complaint and found no violation at the location.,04/03/2017 12:00:00 PM,03 BRONX,2029290074,BRONX,1012348,245467,PHONE,Unspecified,BRONX,,,,,,,,40.84038073741601,-73.89845205929869,"(40.84038073741601, -73.89845205929869)"
35835024,03/30/2017 04:18:00 PM,04/03/2017 12:00:00 PM,DSNY,Department of Sanitation,Dirty Conditions,E8 Canine Violation,Sidewalk,10128,,,,,EAST 93 STREET,3 AVENUE,INTERSECTION,NEW YORK,,N/A,Closed,,The Department of Sanitation investigated this complaint and found no violation at the location.,04/03/2017 12:00:00 PM,08 MANHATTAN,,MANHATTAN,997892,224644,PHONE,Unspecified,MANHATTAN,,,,,,,,40.783261572489764,-73.95073925678315,"(40.783261572489764, -73.95073925678315)"
35834324,03/30/2017 04:10:00 PM,04/04/2017 12:00:00 PM,DSNY,Department of Sanitation,Dirty Conditions,E8 Canine Violation,Sidewalk,10029,1365 FIFTH AVENUE,FIFTH AVENUE,EAST 112 STREET,EAST 115 STREET,,,ADDRESS,NEW YORK,,N/A,Closed,,The Department of Sanitation investigated this complaint and found no violation at the location.,04/04/2017 12:00:00 PM,11 MANHATTAN,1016180001,MANHATTAN,998703,230311,ONLINE,Unspecified,MANHATTAN,,,,,,,,40.79881467021513,-73.94779857268328,"(40.79881467021513, -73.94779857268328)"
35826183,03/30/2017 01:29:00 PM,04/03/2017 12:00:00 PM,DSNY,Department of Sanitation,Dirty Conditions,E8 Canine Violation,Sidewalk,11235,2790 BRAGG STREET,BRAGG STREET,BELT PARKWAY,EMMONS AVENUE,,,ADDRESS,BROOKLYN,,N/A,Closed,,The Department of Sanitation investigated this complaint and found no violation at the location.,04/03/2017 12:00:00 PM,15 BROOKLYN,3088050036,BROOKLYN,1002782,152650,PHONE,Unspecified,BROOKLYN,,,,,,,,40.585645733025395,-73.93327966861078,"(40.585645733025395, -73.93327966861078)"
35826799,03/30/2017 01:01:00 PM,04/01/2017 12:00:00 PM,DSNY,Department of Sanitation,Dirty Conditions,E8 Canine Violation,Sidewalk,10467,744 EAST  214 STREET,EAST  214 STREET,HOLLAND AVENUE,BARNES AVENUE,,,ADDRESS,BRONX,,N/A,Closed,,The Department of Sanitation investigated this complaint and found no violation at the location.,04/01/2017 12:00:00 PM,12 BRONX,2046610052,BRONX,1022091,259677,PHONE,Unspecified,BRONX,,,,,,,,40.87934649208376,-73.86316006847781,"(40.87934649208376, -73.86316006847781)"
35825539,03/30/2017 12:58:00 PM,04/08/2017 12:00:00 PM,DSNY,Department of Sanitation,Dirty Conditions,E8 Canine Violation,Sidewalk,11102,,,,,30 DRIVE,29 STREET,INTERSECTION,Astoria,,N/A,Closed,,The Department of Sanitation investigated this complaint and found no violation at the location.,04/08/2017 12:00:00 PM,01 QUEENS,,QUEENS,1005209,218353,ONLINE,Unspecified,QUEENS,,,,,,,,40.76598011122937,-73.92433748041941,"(40.76598011122937, -73.92433748041941)"
35823719,03/30/2017 12:49:00 PM,04/04/2017 12:00:00 PM,DSNY,Department of Sanitation,Dirty Conditions,E8 Canine Violation,Sidewalk,10451,,,,,EAST 157 STREET,GERARD AVENUE,INTERSECTION,BRONX,,N/A,Closed,,The Department of Sanitation investigated this complaint and found no violation at the location.,04/04/2017 12:00:00 PM,04 BRONX,,BRONX,1004680,239996,ONLINE,Unspecified,BRONX,,,,,,,,40.825385491626605,-73.92618134081594,"(40.825385491626605, -73.92618134081594)"
35824262,03/30/2017 12:20:00 PM,04/03/2017 12:00:00 PM,DSNY,Department of Sanitation,Dirty Conditions,E8 Canine Violation,Sidewalk,,,,,,WEST 182 STREET,AMSTERDAM AVENUE,INTERSECTION,,,N/A,Closed,,The Department of Sanitation investigated this complaint and found no violation at the location.,04/03/2017 12:00:00 PM,12 MANHATTAN,,MANHATTAN,,,ONLINE,Unspecified,MANHATTAN,,,,,,,,,,
35828987,03/30/2017 11:36:00 AM,04/03/2017 12:00:00 PM,DSNY,Department of Sanitation,Dirty Conditions,E8 Canine Violation,Sidewalk,10033,2440 AMSTERDAM AVENUE,AMSTERDAM AVENUE,WASHINGTON BRIDGE,WEST 182 STREET,,,ADDRESS,NEW YORK,,N/A,Closed,,The Department of Sanitation investigated this complaint and found no violation at the location.,04/03/2017 12:00:00 PM,12 MANHATTAN,1021550019,MANHATTAN,1003380,248299,ONLINE,Unspecified,MANHATTAN,,,,,,,,40.84817772571852,-73.93085488015083,"(40.84817772571852, -73.93085488015083)"
35825551,03/30/2017 10:04:00 AM,04/01/2017 12:00:00 PM,DSNY,Department of Sanitation,Dirty Conditions,E8 Canine Violation,Sidewalk,10453,,,,,LORING PLACE,HALL OF FAME TERRACE,INTERSECTION,BRONX,,N/A,Closed,,The Department of Sanitation investigated this complaint and issued a Notice of Violation.,04/01/2017 12:00:00 PM,07 BRONX,,BRONX,1008901,252165,PHONE,Unspecified,BRONX,,,,,,,,40.85877505240617,-73.91088509870036,"(40.85877505240617, -73.91088509870036)"
35824887,03/30/2017 09:57:00 AM,04/01/2017 12:00:00 PM,DSNY,Department of Sanitation,Dirty Conditions,E8 Canine Violation,Sidewalk,10467,,,,,VAN CORTLANDT AVENUE EAST,ROCHAMBEAU AVENUE,INTERSECTION,BRONX,,N/A,Closed,,The Department of Sanitation investigated this complaint and found no violation at the location.,04/01/2017 12:00:00 PM,07 BRONX,,BRONX,1017256,258627,PHONE,Unspecified,BRONX,,,,,,,,40.87648397598507,-73.88064945711628,"(40.87648397598507, -73.88064945711628)"
35826800,03/30/2017 09:35:00 AM,04/01/2017 12:00:00 PM,DSNY,Department of Sanitation,Dirty Conditions,E8 Canine Violation,Sidewalk,11208,384 GRANT AVENUE,GRANT AVENUE,ATLANTIC AVENUE,MC KINLEY AVENUE,,,ADDRESS,BROOKLYN,,N/A,Closed,,The Department of Sanitation investigated this complaint and found no violation at the location.,04/01/2017 12:00:00 PM,05 BROOKLYN,3041740066,BROOKLYN,1021178,187578,PHONE,Unspecified,BROOKLYN,,,,,,,,40.68145801503632,-73.86685791899212,"(40.68145801503632, -73.86685791899212)"
35825532,03/30/2017 08:33:00 AM,04/01/2017 12:00:00 PM,DSNY,Department of Sanitation,Dirty Conditions,E8 Canine Violation,Sidewalk,,,,,,BRUCKNER BOULEVARD,EVERGREEN AVENUE,INTERSECTION,,,N/A,Closed,,The Department of Sanitation investigated this complaint and found no violation at the location.,04/01/2017 12:00:00 PM,09 BRONX,,BRONX,,,PHONE,Unspecified,BRONX,,,,,,,,,,
35828119,03/29/2017 07:07:00 PM,04/08/2017 12:00:00 PM,DSNY,Department of Sanitation,Dirty Conditions,E8 Canine Violation,Sidewalk,11374,64-21 BOOTH STREET,BOOTH STREET,63 DRIVE,64 ROAD,,,ADDRESS,Rego Park,,N/A,Closed,,The Department of Sanitation investigated this complaint and found no violation at the location.,04/08/2017 12:00:00 PM,06 QUEENS,4030830085,QUEENS,1022642,204544,ONLINE,Unspecified,QUEENS,,,,,,,,40.72801940396591,-73.86148281995314,"(40.72801940396591, -73.86148281995314)"
35825538,03/29/2017 04:03:00 PM,04/08/2017 12:00:00 PM,DSNY,Department of Sanitation,Dirty Conditions,E8 Canine Violation,Sidewalk,11421,87-01 ELDERT LANE,ELDERT LANE,87 AVENUE,87 ROAD,,,ADDRESS,Woodhaven,,N/A,Closed,,The Department of Sanitation investigated this complaint and found no condition at the location.,04/08/2017 12:00:00 PM,09 QUEENS,4088980040,QUEENS,1020890,190827,ONLINE,Unspecified,QUEENS,,,,,,,,40.69037696334311,-73.86787861901996,"(40.69037696334311, -73.86787861901996)"
35828615,03/29/2017 03:28:00 PM,04/08/2017 12:00:00 PM,DSNY,Department of Sanitation,Dirty Conditions,E8 Canine Violation,Sidewalk,11105,,,,,21 STREET,23 DRIVE,INTERSECTION,Astoria,,N/A,Closed,,The Department of Sanitation investigated this complaint and found no violation at the location.,04/08/2017 12:00:00 PM,01 QUEENS,,QUEENS,1006334,222604,ONLINE,Unspecified,QUEENS,,,,,,,,40.77764525269288,-73.92026223487086,"(40.77764525269288, -73.92026223487086)"
35823718,03/29/2017 02:03:00 PM,04/03/2017 12:00:00 PM,DSNY,Department of Sanitation,Dirty Conditions,E8 Canine Violation,Sidewalk,11234,2343 EAST   66 STREET,EAST   66 STREET,OHIO WALK,WHITMAN DRIVE,,,ADDRESS,BROOKLYN,,N/A,Closed,,The Department of Sanitation investigated this complaint and found no violation at the location.,04/03/2017 12:00:00 PM,18 BROOKLYN,3086160093,BROOKLYN,1010103,162611,ONLINE,Unspecified,BROOKLYN,,,,,,,,40.61296831711186,-73.9068839367539,"(40.61296831711186, -73.9068839367539)"
35828102,03/29/2017 01:53:00 PM,03/30/2017 12:00:00 PM,DSNY,Department of Sanitation,Dirty Conditions,E8 Canine Violation,Sidewalk,10451,244 EAST  161 STREET,EAST  161 STREET,SHERMAN AVENUE,MORRIS AVENUE,,,ADDRESS,BRONX,,N/A,Closed,,The Department of Sanitation investigated this complaint and found no violation at the location.,03/30/2017 12:00:00 PM,04 BRONX,2024430100,BRONX,1006598,240158,ONLINE,Unspecified,BRONX,,,,,,,,40.82582549080059,-73.91925059508344,"(40.82582549080059, -73.91925059508344)"
35821571,03/29/2017 01:32:00 PM,04/04/2017 12:00:00 PM,DSNY,Department of Sanitation,Dirty Conditions,E8 Canine Violation,Sidewalk,11220,365 44 STREET,44 STREET,3 AVENUE,4 AVENUE,,,ADDRESS,BROOKLYN,,N/A,Closed,,The Department of Sanitation investigated this complaint and found no violation at the location.,04/04/2017 12:00:00 PM,07 BROOKLYN,3007280047,BROOKLYN,981520,176195,ONLINE,Unspecified,BROOKLYN,,,,,,,,40.65029081791802,-74.00983827835863,"(40.65029081791802, -74.00983827835863)"
35823476,03/29/2017 12:54:00 PM,03/30/2017 12:00:00 PM,DSNY,Department of Sanitation,Dirty Conditions,E8 Canine Violation,Sidewalk,11105,,,,,20 ROAD,45 STREET,INTERSECTION,Astoria,,N/A,Closed,,The Department of Sanitation investigated this complaint and found no violation at the location.,03/30/2017 12:00:00 PM,01 QUEENS,,QUEENS,1011972,221103,PHONE,Unspecified,QUEENS,,,,,,,,40.77350952015162,-73.89991155497194,"(40.77350952015162, -73.89991155497194)"
35817559,03/29/2017 12:18:00 PM,04/01/2017 12:00:00 PM,DSNY,Department of Sanitation,Dirty Conditions,E8 Canine Violation,Sidewalk,11213,1245 EASTERN PARKWAY,EASTERN PARKWAY,ROCHESTER AVENUE,BUFFALO AVENUE,,,ADDRESS,BROOKLYN,,N/A,Closed,,The Department of Sanitation investigated this complaint and found no violation at the location.,04/01/2017 12:00:00 PM,08 BROOKLYN,3013920023,BROOKLYN,1004481,182870,PHONE,Unspecified,BROOKLYN,,,,,,,,40.668589529442876,-73.92707222075616,"(40.668589529442876, -73.92707222075616)"
35823291,03/29/2017 11:53:00 AM,04/08/2017 12:00:00 PM,DSNY,Department of Sanitation,Dirty Conditions,E8 Canine Violation,Sidewalk,11416,101-38 94 STREET,94 STREET,101 AVENUE,103 AVENUE,,,ADDRESS,Ozone Park,,N/A,Closed,,The Department of Sanitation investigated this complaint and found no condition at the location.,04/08/2017 12:00:00 PM,09 QUEENS,4091000026,QUEENS,1026787,188406,ONLINE,Unspecified,QUEENS,,,,,,,,40.68370550589534,-73.84662975813787,"(40.68370550589534, -73.84662975813787)"
35819974,03/29/2017 11:11:00 AM,04/01/2017 12:00:00 PM,DSNY,Department of Sanitation,Dirty Conditions,E8 Canine Violation,Sidewalk,10472,,,,,BRONX RIVER AVENUE,WHEELER AVENUE,INTERSECTION,BRONX,,N/A,Closed,,The Department of Sanitation investigated this complaint and found no violation at the location.,04/01/2017 12:00:00 PM,09 BRONX,,BRONX,1017183,242505,PHONE,Unspecified,BRONX,,,,,,,,40.83223420440337,-73.88099262820703,"(40.83223420440337, -73.88099262820703)"
35819190,03/29/2017 10:19:00 AM,04/08/2017 12:00:00 PM,DSNY,Department of Sanitation,Dirty Conditions,E8 Canine Violation,Sidewalk,11372,71-20 34 AVENUE,34 AVENUE,71 STREET,72 STREET,,,ADDRESS,Jackson Heights,,N/A,Closed,,The Department of Sanitation investigated this complaint and found no violation at the location.,04/08/2017 12:00:00 PM,03 QUEENS,4012580009,QUEENS,1013346,213515,PHONE,Unspecified,QUEENS,,,,,,,,40.75267801367581,-73.89498366737924,"(40.75267801367581, -73.89498366737924)"
35823430,03/28/2017 09:45:00 PM,03/30/2017 12:00:00 PM,DSNY,Department of Sanitation,Dirty Conditions,E8 Canine Violation,Sidewalk,11235,109 CORBIN PLACE,CORBIN PLACE,BRIGHTON 14 STREET,OCEAN VIEW AVENUE,,,ADDRESS,BROOKLYN,,N/A,Closed,,The Department of Sanitation investigated this complaint and found no violation at the location.,03/30/2017 12:00:00 PM,15 BROOKLYN,3087130047,BROOKLYN,996931,150319,PHONE,Unspecified,BROOKLYN,,,,,,,,40.57925790181899,-73.95434925758508,"(40.57925790181899, -73.95434925758508)"
35820782,03/28/2017 05:37:00 PM,04/08/2017 12:00:00 PM,DSNY,Department of Sanitation,Dirty Conditions,E8 Canine Violation,Sidewalk,11365,50-18 195 STREET,195 STREET,BEND,53 AVENUE,,,ADDRESS,Fresh Meadows,,N/A,Closed,,The Department of Sanitation investigated this complaint and found no violation at the location.,04/08/2017 12:00:00 PM,11 QUEENS,4056480040,QUEENS,1044026,212055,ONLINE,Unspecified,QUEENS,,,,,,,,40.748516515541446,-73.78426350685717,"(40.748516515541446, -73.78426350685717)"
35819821,03/28/2017 03:44:00 PM,04/08/2017 12:00:00 PM,DSNY,Department of Sanitation,Dirty Conditions,E8 Canine Violation,Sidewalk,11378,,,,,60 STREET,62 AVENUE,INTERSECTION,Maspeth,,N/A,Closed,,"The Department of Sanitation has investigated the complaint and addressed the issue. If the problem persists, call 311 to enter a new complaint. If you are outside of New York City, please call (212) NEW-YORK (212-639-9675).",04/08/2017 12:00:00 PM,05 QUEENS,,QUEENS,1010430,199316,ONLINE,Unspecified,QUEENS,,,,,,,,40.71371438694256,-73.90556364128885,"(40.71371438694256, -73.90556364128885)"
35817492,03/28/2017 03:38:00 PM,03/29/2017 12:00:00 PM,DSNY,Department of Sanitation,Dirty Conditions,E8 Canine Violation,Sidewalk,10460,,,,,EAST 172 STREET,BRYANT AVENUE,INTERSECTION,BRONX,,N/A,Closed,,The Department of Sanitation investigated this complaint and found no violation at the location.,03/29/2017 12:00:00 PM,03 BRONX,,BRONX,1015494,242837,PHONE,Unspecified,BRONX,,,,,,,,40.83315158471916,-73.88709448035182,"(40.83315158471916, -73.88709448035182)"
35814503,03/28/2017 01:22:00 PM,04/08/2017 12:00:00 PM,DSNY,Department of Sanitation,Dirty Conditions,E8 Canine Violation,Sidewalk,11106,31-35 31 STREET,31 STREET,31 AVENUE,BROADWAY,,,ADDRESS,Astoria,,N/A,Closed,,The Department of Sanitation investigated this complaint and found no condition at the location.,04/08/2017 12:00:00 PM,01 QUEENS,4006137501,QUEENS,1005247,217417,ONLINE,Unspecified,QUEENS,,,,,,,,40.763410943692996,-73.9242032233188,"(40.763410943692996, -73.9242032233188)"
35811927,03/28/2017 11:51:00 AM,03/29/2017 12:00:00 PM,DSNY,Department of Sanitation,Dirty Conditions,E8 Canine Violation,Sidewalk,10457,,,,,WASHINGTON AVENUE,FLETCHER PLACE,INTERSECTION,BRONX,,N/A,Closed,,The Department of Sanitation investigated this complaint and found no violation at the location.,03/29/2017 12:00:00 PM,06 BRONX,,BRONX,1013578,250521,PHONE,Unspecified,BRONX,,,,,,,,40.85424846903035,-73.89398466017758,"(40.85424846903035, -73.89398466017758)"
35809478,03/28/2017 11:09:00 AM,03/30/2017 12:00:00 PM,DSNY,Department of Sanitation,Dirty Conditions,E8 Canine Violation,Sidewalk,10309,1466 WOODROW ROAD,WOODROW ROAD,BROOKSIDE LOOP,WINANT AVENUE,,,ADDRESS,STATEN ISLAND,,N/A,Closed,,The Department of Sanitation investigated this complaint and found no violation at the location.,03/30/2017 12:00:00 PM,03 STATEN ISLAND,5070220077,STATEN ISLAND,924689,136597,ONLINE,Unspecified,STATEN ISLAND,,,,,,,,40.54140275547988,-74.21429431776617,"(40.54140275547988, -74.21429431776617)"
35811865,03/28/2017 11:05:00 AM,03/30/2017 12:00:00 PM,DSNY,Department of Sanitation,Dirty Conditions,E8 Canine Violation,Sidewalk,10462,2180 HOLLAND AVENUE,HOLLAND AVENUE,LYDIG AVENUE,PELHAM PARKWAY,,,ADDRESS,BRONX,,N/A,Closed,,The Department of Sanitation investigated this complaint and found no violation at the location.,03/30/2017 12:00:00 PM,11 BRONX,2043200014,BRONX,1021402,251118,ONLINE,Unspecified,BRONX,,,,,,,,40.855857597551505,-73.86569906649564,"(40.855857597551505, -73.86569906649564)"
35808659,03/28/2017 11:01:00 AM,04/03/2017 12:00:00 PM,DSNY,Department of Sanitation,Dirty Conditions,E8 Canine Violation,Sidewalk,10025,,,,,WEST 91 STREET,CENTRAL PARK WEST,INTERSECTION,NEW YORK,,N/A,Closed,,The Department of Sanitation investigated this complaint and found no violation at the location.,04/03/2017 12:00:00 PM,07 MANHATTAN,,MANHATTAN,993385,226542,PHONE,Unspecified,MANHATTAN,,,,,,,,40.78847688285163,-73.96701127943423,"(40.78847688285163, -73.96701127943423)"
35813634,03/28/2017 10:52:00 AM,03/30/2017 12:00:00 PM,DSNY,Department of Sanitation,Dirty Conditions,E8 Canine Violation,Sidewalk,11212,331 EAST   91 STREET,EAST   91 STREET,CLARKSON AVENUE,LENOX ROAD,,,ADDRESS,BROOKLYN,,N/A,Closed,,The Department of Sanitation investigated this complaint and found no violation at the location.,03/30/2017 12:00:00 PM,17 BROOKLYN,3046460062,BROOKLYN,1005434,178759,PHONE,Unspecified,BROOKLYN,,,,,,,,40.657303519068655,-73.92364980828276,"(40.657303519068655, -73.92364980828276)"
35811928,03/28/2017 10:37:00 AM,03/31/2017 12:00:00 PM,DSNY,Department of Sanitation,Dirty Conditions,E8 Canine Violation,Sidewalk,10461,1717 PARKVIEW AVENUE,PARKVIEW AVENUE,ROBERTS AVENUE,BUHRE AVENUE,,,ADDRESS,BRONX,,N/A,Closed,,The Department of Sanitation investigated this complaint and found no violation at the location.,03/31/2017 12:00:00 PM,10 BRONX,2041770024,BRONX,1031827,247922,PHONE,Unspecified,BRONX,,,,,,,,40.84703551814276,-73.82803645319619,"(40.84703551814276, -73.82803645319619)"
35811921,03/28/2017 09:07:00 AM,04/07/2017 12:00:00 PM,DSNY,Department of Sanitation,Dirty Conditions,E8 Canine Violation,Sidewalk,11415,84-20 120 STREET,120 STREET,84 AVENUE,85 AVENUE,,,ADDRESS,Kew Gardens,,N/A,Closed,,The Department of Sanitation investigated this complaint and found no violation at the location.,04/07/2017 12:00:00 PM,09 QUEENS,4092350016,QUEENS,1030911,195827,PHONE,Unspecified,QUEENS,,,,,,,,40.70405361560777,-73.83170900652775,"(40.70405361560777, -73.83170900652775)"
35808357,03/28/2017 08:34:00 AM,04/03/2017 12:00:00 PM,DSNY,Department of Sanitation,Dirty Conditions,E8 Canine Violation,Sidewalk,10035,,,,,EAST 117 STREET,PLEASANT AVENUE,INTERSECTION,NEW YORK,,N/A,Closed,,The Department of Sanitation investigated this complaint and found no violation at the location.,04/03/2017 12:00:00 PM,11 MANHATTAN,,MANHATTAN,1002895,229191,PHONE,Unspecified,MANHATTAN,,,,,,,,40.795732724593925,-73.93266099831932,"(40.795732724593925, -73.93266099831932)"
35813597,03/28/2017 08:09:00 AM,03/29/2017 12:00:00 PM,DSNY,Department of Sanitation,Dirty Conditions,E8 Canine Violation,Sidewalk,10472,1417 NOBLE AVENUE,NOBLE AVENUE,EAST 174 STREET,CROSS BRONX EXPRESSWAY,,,ADDRESS,BRONX,,N/A,Closed,,The Department of Sanitation investigated this complaint and issued a Notice of Violation.,03/29/2017 12:00:00 PM,09 BRONX,2038930042,BRONX,1019944,243542,PHONE,Unspecified,BRONX,,,,,,,,40.835069740423386,-73.87100991714452,"(40.835069740423386, -73.87100991714452)"
35808368,03/28/2017 01:53:00 AM,03/29/2017 12:00:00 PM,DSNY,Department of Sanitation,Dirty Conditions,E8 Canine Violation,Sidewalk,10472,1003 ELDER AVENUE,ELDER AVENUE,BRUCKNER BOULEVARD,WATSON AVENUE,,,ADDRESS,BRONX,,N/A,Closed,,The Department of Sanitation investigated this complaint and found no violation at the location.,03/29/2017 12:00:00 PM,09 BRONX,2037130067,BRONX,1017971,239577,PHONE,Unspecified,BRONX,,,,,,,,40.82419471511577,-73.8781598155,"(40.82419471511577, -73.8781598155)"
35810169,03/28/2017 01:49:00 AM,03/29/2017 12:00:00 PM,DSNY,Department of Sanitation,Dirty Conditions,E8 Canine Violation,Sidewalk,10472,1035 BOYNTON AVENUE,BOYNTON AVENUE,BRUCKNER BOULEVARD,WATSON AVENUE,,,ADDRESS,BRONX,,N/A,Closed,,The Department of Sanitation investigated this complaint and found no violation at the location.,03/29/2017 12:00:00 PM,09 BRONX,2037140050,BRONX,1018197,239789,PHONE,Unspecified,BRONX,,,,,,,,40.82477572866116,-73.87734216435173,"(40.82477572866116, -73.87734216435173)"
35810756,03/27/2017 11:03:00 PM,03/28/2017 12:00:00 PM,DSNY,Department of Sanitation,Dirty Conditions,E8 Canine Violation,Sidewalk,10032,718 WEST  171 STREET,WEST  171 STREET,FT WASHINGTON AVENUE,HAVEN AVENUE,,,ADDRESS,NEW YORK,,N/A,Closed,,The Department of Sanitation investigated this complaint and found no violation at the location.,03/28/2017 12:00:00 PM,12 MANHATTAN,1021390167,MANHATTAN,1000432,246846,ONLINE,Unspecified,MANHATTAN,,,,,,,,40.84419556371538,-73.94151388834001,"(40.84419556371538, -73.94151388834001)"
35810158,03/27/2017 06:57:00 PM,03/30/2017 12:00:00 PM,DSNY,Department of Sanitation,Dirty Conditions,E8 Canine Violation,Sidewalk,11214,1832 86 STREET,86 STREET,BAY 19 STREET,NEW UTRECHT AVENUE,,,ADDRESS,BROOKLYN,,N/A,Closed,,The Department of Sanitation investigated this complaint and found no violation at the location.,03/30/2017 12:00:00 PM,11 BROOKLYN,3063700041,BROOKLYN,983726,160345,PHONE,Unspecified,BROOKLYN,,,,,,,,40.606786312830565,-74.00188714229803,"(40.606786312830565, -74.00188714229803)"
35810892,03/27/2017 06:32:00 PM,03/31/2017 12:00:00 PM,DSNY,Department of Sanitation,Dirty Conditions,E8 Canine Violation,Sidewalk,10464,,,,,KING AVENUE,KILROE STREET,INTERSECTION,BRONX,,N/A,Closed,,The Department of Sanitation investigated this complaint and found no violation at the location.,03/31/2017 12:00:00 PM,10 BRONX,,BRONX,1042594,250835,MOBILE,Unspecified,BRONX,,,,,,,,40.85496623777699,-73.78909471484016,"(40.85496623777699, -73.78909471484016)"
35809246,03/27/2017 06:09:00 PM,03/29/2017 12:00:00 PM,DSNY,Department of Sanitation,Dirty Conditions,E8 Canine Violation,Sidewalk,10452,1414 MERRIAM AVENUE,MERRIAM AVENUE,WEST 171 STREET,UNIVERSITY AVENUE,,,ADDRESS,BRONX,,N/A,Closed,,The Department of Sanitation investigated this complaint and found no violation at the location.,03/29/2017 12:00:00 PM,04 BRONX,2025360005,BRONX,1005087,246493,PHONE,Unspecified,BRONX,,,,,,,,40.84321692491928,-73.9246905672982,"(40.84321692491928, -73.9246905672982)"
35811923,03/27/2017 05:10:00 PM,04/07/2017 12:00:00 PM,DSNY,Department of Sanitation,Dirty Conditions,E8 Canine Violation,Sidewalk,11365,61-28 169 STREET,169 STREET,LONG ISLAND EXPWY ET 25 EB,65 AVENUE,,,ADDRESS,Fresh Meadows,,N/A,Closed,,The Department of Sanitation investigated this complaint and found no condition at the location.,04/07/2017 12:00:00 PM,08 QUEENS,4068960055,QUEENS,1039659,208126,ONLINE,Unspecified,QUEENS,,,,,,,,40.73776086134218,-73.80005667800418,"(40.73776086134218, -73.80005667800418)"
35809148,03/27/2017 04:21:00 PM,03/29/2017 12:00:00 PM,DSNY,Department of Sanitation,Dirty Conditions,E8 Canine Violation,Sidewalk,10459,870 JENNINGS STREET,JENNINGS STREET,INTERVALE AVENUE,CHARLOTTE STREET,,,ADDRESS,BRONX,,N/A,Closed,,The Department of Sanitation investigated this complaint and found no violation at the location.,03/29/2017 12:00:00 PM,03 BRONX,2029767502,BRONX,1014022,242571,PHONE,Unspecified,BRONX,,,,,,,,40.832426576650235,-73.8924149783469,"(40.832426576650235, -73.8924149783469)"
35810006,03/27/2017 04:14:00 PM,03/29/2017 12:00:00 PM,DSNY,Department of Sanitation,Dirty Conditions,E8 Canine Violation,Sidewalk,10474,621 BARRETTO STREET,BARRETTO STREET,RANDALL AVENUE,SPOFFORD AVENUE,,,ADDRESS,BRONX,,N/A,Closed,,The Department of Sanitation investigated this complaint and found no violation at the location.,03/29/2017 12:00:00 PM,02 BRONX,2027650161,BRONX,1015023,235293,PHONE,Unspecified,BRONX,,,,,,,,40.81244711168299,-73.88883111464597,"(40.81244711168299, -73.88883111464597)"
35808159,03/27/2017 03:24:00 PM,04/08/2017 12:00:00 PM,DSNY,Department of Sanitation,Dirty Conditions,E8 Canine Violation,Sidewalk,11104,43-04 48 STREET,48 STREET,43 AVENUE,QUEENS BOULEVARD,,,ADDRESS,Sunnyside,,N/A,Closed,,The Department of Sanitation investigated this complaint and found no condition at the location.,04/08/2017 12:00:00 PM,02 QUEENS,4001400025,QUEENS,1007371,210495,PHONE,Unspecified,QUEENS,,,,,,,,40.744406520031475,-73.9165596317009,"(40.744406520031475, -73.9165596317009)"
35808143,03/27/2017 03:12:00 PM,03/30/2017 12:00:00 PM,DSNY,Department of Sanitation,Dirty Conditions,E8 Canine Violation,Sidewalk,10467,2400 BARKER AVENUE,BARKER AVENUE,WARING AVENUE,MACE AVENUE,,,ADDRESS,BRONX,,N/A,Closed,,The Department of Sanitation investigated this complaint and found no violation at the location.,03/30/2017 12:00:00 PM,11 BRONX,2044250001,BRONX,1020370,253231,PHONE,Unspecified,BRONX,,,,,,,,40.86166142443711,-73.86941825593304,"(40.86166142443711, -73.86941825593304)"
35810912,03/27/2017 02:50:00 PM,03/30/2017 12:00:00 PM,DSNY,Department of Sanitation,Dirty Conditions,E8 Canine Violation,Sidewalk,10462,2131 WALLACE AVENUE,WALLACE AVENUE,BRADY AVENUE,LYDIG AVENUE,,,ADDRESS,BRONX,,N/A,Closed,,The Department of Sanitation investigated this complaint and found no violation at the location.,03/30/2017 12:00:00 PM,11 BRONX,2042910024,BRONX,1021641,250422,PHONE,Unspecified,BRONX,,,,,,,,40.85394627842468,-73.86483898777793,"(40.85394627842468, -73.86483898777793)"
35811736,03/27/2017 02:48:00 PM,03/30/2017 12:00:00 PM,DSNY,Department of Sanitation,Dirty Conditions,E8 Canine Violation,Sidewalk,11207,416 WILLIAMS AVENUE,WILLIAMS AVENUE,DUMONT AVENUE,LIVONIA AVENUE,,,ADDRESS,BROOKLYN,,N/A,Closed,,The Department of Sanitation investigated this complaint and found no violation at the location.,03/30/2017 12:00:00 PM,05 BROOKLYN,3038010126,BROOKLYN,1012517,181757,PHONE,Unspecified,BROOKLYN,,,,,,,,40.66551258387221,-73.89810910636416,"(40.66551258387221, -73.89810910636416)"
35814497,03/27/2017 02:20:00 PM,03/29/2017 12:00:00 PM,DSNY,Department of Sanitation,Dirty Conditions,E8 Canine Violation,Sidewalk,11215,644 PRESIDENT STREET,PRESIDENT STREET,4 AVENUE,5 AVENUE,,,ADDRESS,BROOKLYN,,N/A,Closed,,The Department of Sanitation investigated this complaint and found no violation at the location.,03/29/2017 12:00:00 PM,06 BROOKLYN,3009580038,BROOKLYN,989355,185577,PHONE,Unspecified,BROOKLYN,,,,,,,,40.67604128059095,-73.98159567639215,"(40.67604128059095, -73.98159567639215)"
35811738,03/27/2017 01:49:00 PM,03/28/2017 12:00:00 PM,DSNY,Department of Sanitation,Dirty Conditions,E8 Canine Violation,Sidewalk,11207,511 WYONA STREET,WYONA STREET,DUMONT AVENUE,LIVONIA AVENUE,,,ADDRESS,BROOKLYN,,N/A,Closed,,The Department of Sanitation investigated this complaint and found no violation at the location.,03/28/2017 12:00:00 PM,05 BROOKLYN,3038090013,BROOKLYN,1014373,181938,PHONE,Unspecified,BROOKLYN,,,,,,,,40.66600326818573,-73.89141818864857,"(40.66600326818573, -73.89141818864857)"
35804349,03/27/2017 01:07:00 PM,03/29/2017 12:00:00 PM,DSNY,Department of Sanitation,Dirty Conditions,E8 Canine Violation,Sidewalk,10472,2064 CROSS BRONX EXPRESSWAY,CROSS BRONX EXPRESSWAY,GLEASON AVENUE,OLMSTEAD AVENUE,,,ADDRESS,BRONX,,N/A,Closed,,The Department of Sanitation investigated this complaint and issued a Notice of Violation.,03/29/2017 12:00:00 PM,09 BRONX,2038020041,BRONX,1024458,242158,ONLINE,Unspecified,BRONX,,,,,,,,40.831251666398835,-73.85470566102762,"(40.831251666398835, -73.85470566102762)"
35798717,03/27/2017 12:39:00 PM,03/29/2017 12:00:00 PM,DSNY,Department of Sanitation,Dirty Conditions,E8 Canine Violation,Sidewalk,10456,1451 CROTONA PLACE,CROTONA PLACE,ST PAULS PLACE,EAST 171 STREET,,,ADDRESS,BRONX,,N/A,Closed,,The Department of Sanitation investigated this complaint and found no violation at the location.,03/29/2017 12:00:00 PM,03 BRONX,2029270031,BRONX,1011489,243967,ONLINE,Unspecified,BRONX,,,,,,,,40.83626636696819,-73.90156262866701,"(40.83626636696819, -73.90156262866701)"
35803283,03/27/2017 12:36:00 PM,03/29/2017 12:00:00 PM,DSNY,Department of Sanitation,Dirty Conditions,E8 Canine Violation,Sidewalk,10473,2040 BRUCKNER BOULEVARD,BRUCKNER BOULEVARD,PUGSLEY AVENUE,OLMSTEAD AVENUE,,,ADDRESS,BRONX,,N/A,Closed,,The Department of Sanitation investigated this complaint and found no violation at the location.,03/29/2017 12:00:00 PM,09 BRONX,2036820001,BRONX,1024397,240317,ONLINE,Unspecified,BRONX,,,,,,,,40.8261989321845,-73.85493710507038,"(40.8261989321845, -73.85493710507038)"
35803390,03/27/2017 12:13:00 PM,03/30/2017 12:00:00 PM,DSNY,Department of Sanitation,Dirty Conditions,E8 Canine Violation,Sidewalk,10462,,,,,PELHAM PARKWAY SOUTH,MATTHEWS AVENUE,INTERSECTION,BRONX,,N/A,Closed,,The Department of Sanitation investigated this complaint and found no violation at the location.,03/30/2017 12:00:00 PM,11 BRONX,,BRONX,1022187,251447,PHONE,Unspecified,BRONX,,,,,,,,40.856757264868,-73.8628595090712,"(40.856757264868, -73.8628595090712)"
35802253,03/27/2017 12:11:00 PM,03/30/2017 12:00:00 PM,DSNY,Department of Sanitation,Dirty Conditions,E8 Canine Violation,Sidewalk,10305,15 FATHER CAPODANNO BOULEVARD,FATHER CAPODANNO BOULEVARD,LILY POND AVENUE,ROBIN ROAD,,,ADDRESS,STATEN ISLAND,,N/A,Closed,,The Department of Sanitation investigated this complaint and found no violation at the location.,03/30/2017 12:00:00 PM,02 STATEN ISLAND,5031210212,STATEN ISLAND,966992,156428,PHONE,Unspecified,STATEN ISLAND,,,,,,,,40.59601815598721,-74.06214322964293,"(40.59601815598721, -74.06214322964293)"
35802918,03/27/2017 11:30:00 AM,03/29/2017 12:00:00 PM,DSNY,Department of Sanitation,Dirty Conditions,E8 Canine Violation,Sidewalk,10473,456 TAYLOR AVENUE,TAYLOR AVENUE,PATTERSON AVENUE,LACOMBE AVENUE,,,ADDRESS,BRONX,,N/A,Closed,,The Department of Sanitation investigated this complaint and found no violation at the location.,03/29/2017 12:00:00 PM,09 BRONX,2034960037,BRONX,1022657,235900,PHONE,Unspecified,BRONX,,,,,,,,40.81408326544563,-73.8612495048855,"(40.81408326544563, -73.8612495048855)"
35802630,03/27/2017 10:27:00 AM,03/28/2017 12:00:00 PM,DSNY,Department of Sanitation,Dirty Conditions,E8 Canine Violation,Sidewalk,10025,,,,,CENTRAL PARK WEST,WEST 91 STREET,INTERSECTION,NEW YORK,,N/A,Closed,,The Department of Sanitation investigated this complaint and found no violation at the location.,03/28/2017 12:00:00 PM,07 MANHATTAN,,MANHATTAN,993385,226542,ONLINE,Unspecified,MANHATTAN,,,,,,,,40.78847688285163,-73.96701127943423,"(40.78847688285163, -73.96701127943423)"
35801615,03/27/2017 10:14:00 AM,04/07/2017 12:00:00 PM,DSNY,Department of Sanitation,Dirty Conditions,E8 Canine Violation,Sidewalk,11428,214-85 JAMAICA AVENUE,JAMAICA AVENUE,VANDERVEER STREET,215 STREET,,,ADDRESS,Queens Village,,N/A,Closed,,The Department of Sanitation investigated this complaint and found no violation at the location.,04/07/2017 12:00:00 PM,13 QUEENS,4106060256,QUEENS,1056007,200611,PHONE,Unspecified,QUEENS,,,,,,,,40.717016578449616,-73.74114537504508,"(40.717016578449616, -73.74114537504508)"
35804348,03/27/2017 10:04:00 AM,04/06/2017 12:00:00 PM,DSNY,Department of Sanitation,Dirty Conditions,E8 Canine Violation,Sidewalk,11106,,,,,31 AVENUE,35 STREET,INTERSECTION,Astoria,,N/A,Closed,,The Department of Sanitation investigated this complaint and found no violation at the location.,04/06/2017 12:00:00 PM,01 QUEENS,,QUEENS,1006333,217204,ONLINE,Unspecified,QUEENS,,,,,,,,40.76282366785378,-73.92028358894625,"(40.76282366785378, -73.92028358894625)"
35804025,03/27/2017 09:21:00 AM,03/30/2017 12:00:00 PM,DSNY,Department of Sanitation,Dirty Conditions,E8 Canine Violation,Sidewalk,11212,364 LEGION STREET,LEGION STREET,RIVERDALE AVENUE,EAST 98 STREET,,,ADDRESS,BROOKLYN,,N/A,Closed,,The Department of Sanitation investigated this complaint and found no violation at the location.,03/30/2017 12:00:00 PM,16 BROOKLYN,3035940020,BROOKLYN,1007564,179581,PHONE,Unspecified,BROOKLYN,,,,,,,,40.65955437547606,-73.91597014357768,"(40.65955437547606, -73.91597014357768)"
35801989,03/27/2017 09:02:00 AM,03/28/2017 12:00:00 PM,DSNY,Department of Sanitation,Dirty Conditions,E8 Canine Violation,Sidewalk,10022,,,,,2 AVENUE,EAST 53 STREET,INTERSECTION,NEW YORK,,N/A,Closed,,The Department of Sanitation investigated this complaint and found no violation at the location.,03/28/2017 12:00:00 PM,06 MANHATTAN,,MANHATTAN,993350,214988,ONLINE,Unspecified,MANHATTAN,,,,,,,,40.75676421229663,-73.96715331852165,"(40.75676421229663, -73.96715331852165)"
35799096,03/27/2017 06:49:00 AM,04/06/2017 12:00:00 PM,DSNY,Department of Sanitation,Dirty Conditions,E8 Canine Violation,Sidewalk,11102,25-19 ASTORIA BOULEVARD,ASTORIA BOULEVARD,CRESCENT STREET,27 STREET,,,ADDRESS,Astoria,,N/A,Closed,,The Department of Sanitation investigated this complaint and found no violation at the location.,04/06/2017 12:00:00 PM,01 QUEENS,4008610009,QUEENS,1005732,220273,MOBILE,Unspecified,QUEENS,,,,,,,,40.771248754965725,-73.92244330140275,"(40.771248754965725, -73.92244330140275)"
35798991,03/27/2017 12:09:00 AM,03/27/2017 12:00:00 PM,DSNY,Department of Sanitation,Dirty Conditions,E8 Canine Violation,Sidewalk,10472,1057 BOYNTON AVENUE,BOYNTON AVENUE,BRUCKNER BOULEVARD,WATSON AVENUE,,,ADDRESS,BRONX,,N/A,Closed,,The Department of Sanitation investigated this complaint and found no violation at the location.,03/27/2017 12:00:00 PM,09 BRONX,2037140036,BRONX,1018159,240003,PHONE,Unspecified,BRONX,,,,,,,,40.82536324322324,-73.87747838486375,"(40.82536324322324, -73.87747838486375)"
35798025,03/26/2017 09:15:00 PM,03/28/2017 12:00:00 PM,DSNY,Department of Sanitation,Dirty Conditions,E8 Canine Violation,Sidewalk,10465,,,,,REVERE AVENUE,RANDALL AVENUE,INTERSECTION,BRONX,,N/A,Closed,,The Department of Sanitation investigated this complaint and found no violation at the location.,03/28/2017 12:00:00 PM,10 BRONX,,BRONX,1033214,240090,ONLINE,Unspecified,BRONX,,,,,,,,40.82553140641559,-73.82308043153189,"(40.82553140641559, -73.82308043153189)"
35803691,03/26/2017 08:15:00 PM,04/05/2017 12:00:00 PM,DSNY,Department of Sanitation,Dirty Conditions,E8 Canine Violation,Sidewalk,11237,841 HART STREET,HART STREET,KNICKERBOCKER AVENUE,IRVING AVENUE,,,ADDRESS,BROOKLYN,,N/A,Closed,,The Department of Sanitation investigated this complaint and found no violation at the location.,04/05/2017 12:00:00 PM,04 BROOKLYN,3032200049,BROOKLYN,1005744,195120,ONLINE,Unspecified,BROOKLYN,,,,,,,,40.70220998902515,-73.92248034062433,"(40.70220998902515, -73.92248034062433)"
35803919,03/26/2017 06:48:00 PM,03/31/2017 12:00:00 PM,DSNY,Department of Sanitation,Dirty Conditions,E8 Canine Violation,Sidewalk,11222,260 NASSAU AVENUE,NASSAU AVENUE,KINGSLAND AVENUE,SUTTON STREET,,,ADDRESS,BROOKLYN,,N/A,Closed,,The Department of Sanitation investigated this complaint and found no violation at the location.,03/31/2017 12:00:00 PM,01 BROOKLYN,3026890010,BROOKLYN,1000637,203766,ONLINE,Unspecified,BROOKLYN,,,,,,,,40.7259521207001,-73.9408780516265,"(40.7259521207001, -73.9408780516265)"
35799321,03/26/2017 04:34:00 PM,03/28/2017 12:00:00 PM,DSNY,Department of Sanitation,Dirty Conditions,E8 Canine Violation,Sidewalk,10025,,,,,COLUMBUS AVENUE,WEST 103 STREET,INTERSECTION,NEW YORK,,N/A,Closed,,The Department of Sanitation investigated this complaint and found no violation at the location.,03/28/2017 12:00:00 PM,07 MANHATTAN,,MANHATTAN,994138,229759,ONLINE,Unspecified,MANHATTAN,,,,,,,,40.79730586816635,-73.96428727613109,"(40.79730586816635, -73.96428727613109)"
35802911,03/26/2017 04:01:00 PM,03/28/2017 12:00:00 PM,DSNY,Department of Sanitation,Dirty Conditions,E8 Canine Violation,Sidewalk,11208,1121 GLENMORE AVENUE,GLENMORE AVENUE,LINCOLN AVENUE,SHERIDAN AVENUE,,,ADDRESS,BROOKLYN,,N/A,Closed,,The Department of Sanitation investigated this complaint and found no violation at the location.,03/28/2017 12:00:00 PM,05 BROOKLYN,3042020043,BROOKLYN,1021006,186086,PHONE,Unspecified,BROOKLYN,,,,,,,,40.67736353369901,-73.86748619319891,"(40.67736353369901, -73.86748619319891)"
35798712,03/26/2017 02:11:00 PM,04/07/2017 12:00:00 PM,DSNY,Department of Sanitation,Dirty Conditions,E8 Canine Violation,Sidewalk,11365,70-11 174 STREET,174 STREET,JEWEL AVENUE,73 AVENUE,,,ADDRESS,Fresh Meadows,,N/A,Closed,,The Department of Sanitation investigated this complaint and found no violation at the location.,04/07/2017 12:00:00 PM,08 QUEENS,4069620131,QUEENS,1040797,205631,ONLINE,Unspecified,QUEENS,,,,,,,,40.73090551656589,-73.79597119078142,"(40.73090551656589, -73.79597119078142)"
35797139,03/26/2017 01:33:00 PM,04/06/2017 12:00:00 PM,DSNY,Department of Sanitation,Dirty Conditions,E8 Canine Violation,Sidewalk,11216,361 QUINCY STREET,QUINCY STREET,MARCY AVENUE,TOMPKINS AVENUE,,,ADDRESS,BROOKLYN,,N/A,Closed,,The Department of Sanitation investigated this complaint and found no violation at the location.,04/06/2017 12:00:00 PM,03 BROOKLYN,3018040056,BROOKLYN,999165,189747,MOBILE,Unspecified,BROOKLYN,,,,,,,,40.68747588736184,-73.94621986792909,"(40.68747588736184, -73.94621986792909)"
35794286,03/26/2017 12:28:00 PM,03/31/2017 12:00:00 PM,DSNY,Department of Sanitation,Dirty Conditions,E8 Canine Violation,Sidewalk,11249,,,,,SOUTH 10 STREET,WYTHE AVENUE,INTERSECTION,BROOKLYN,,N/A,Closed,,The Department of Sanitation investigated this complaint and found no violation at the location.,03/31/2017 12:00:00 PM,01 BROOKLYN,,BROOKLYN,993334,197349,PHONE,Unspecified,BROOKLYN,,,,,,,,40.70834951031882,-73.96723488563673,"(40.70834951031882, -73.96723488563673)"
35797805,03/25/2017 11:47:00 PM,03/29/2017 12:00:00 PM,DSNY,Department of Sanitation,Dirty Conditions,E8 Canine Violation,Sidewalk,10463,3804 GREYSTONE AVENUE,GREYSTONE AVENUE,WEST 238 STREET,WEST 240 STREET,,,ADDRESS,BRONX,,N/A,Closed,,The Department of Sanitation investigated this complaint and found no violation at the location.,03/29/2017 12:00:00 PM,08 BRONX,2057790810,BRONX,1010457,262672,ONLINE,Unspecified,BRONX,,,,,,,,40.8876090409491,-73.90521896753835,"(40.8876090409491, -73.90521896753835)"
35794300,03/25/2017 05:54:00 PM,03/28/2017 12:00:00 PM,DSNY,Department of Sanitation,Dirty Conditions,E8 Canine Violation,Sidewalk,11203,5527 JODIE COURT,JODIE COURT,KINGS HIGHWAY,DEAD END,,,ADDRESS,BROOKLYN,,N/A,Closed,,The Department of Sanitation investigated this complaint and found no violation at the location.,03/28/2017 12:00:00 PM,17 BROOKLYN,3079300001,BROOKLYN,1005165,173043,PHONE,Unspecified,BROOKLYN,,,,,,,,40.64161498440839,-73.92463704660636,"(40.64161498440839, -73.92463704660636)"
35794325,03/25/2017 03:57:00 PM,03/31/2017 12:00:00 PM,DSNY,Department of Sanitation,Dirty Conditions,E8 Canine Violation,Sidewalk,11249,451 WYTHE AVENUE,WYTHE AVENUE,SOUTH 9 STREET,SOUTH 10 STREET,,,ADDRESS,BROOKLYN,,N/A,Closed,,The Department of Sanitation investigated this complaint and found no violation at the location.,03/31/2017 12:00:00 PM,01 BROOKLYN,3021450008,BROOKLYN,993368,197567,ONLINE,Unspecified,BROOKLYN,,,,,,,,40.70894783369382,-73.96711195570292,"(40.70894783369382, -73.96711195570292)"
35796696,03/25/2017 02:19:00 PM,04/08/2017 12:00:00 PM,DSNY,Department of Sanitation,Dirty Conditions,E8 Canine Violation,Sidewalk,11102,,,,,29 STREET,30 DRIVE,INTERSECTION,Astoria,,N/A,Closed,,The Department of Sanitation investigated this complaint and found no violation at the location.,04/08/2017 12:00:00 PM,01 QUEENS,,QUEENS,1005209,218353,PHONE,Unspecified,QUEENS,,,,,,,,40.76598011122937,-73.92433748041941,"(40.76598011122937, -73.92433748041941)"
35796156,03/25/2017 01:52:00 PM,03/28/2017 12:00:00 PM,DSNY,Department of Sanitation,Dirty Conditions,E8 Canine Violation,Sidewalk,11234,EAST   58 STREET,EAST   58 STREET,AVENUE M,AVENUE N,,,BLOCKFACE,BROOKLYN,,N/A,Closed,,The Department of Sanitation investigated this complaint and found no violation at the location.,03/28/2017 12:00:00 PM,18 BROOKLYN,,BROOKLYN,1006645,165399,PHONE,Unspecified,BROOKLYN,,,,,,,,40.62063021074011,-73.91932953577964,"(40.62063021074011, -73.91932953577964)"
35787395,03/25/2017 11:27:00 AM,03/28/2017 12:00:00 PM,DSNY,Department of Sanitation,Dirty Conditions,E8 Canine Violation,Sidewalk,11228,56 BAY    7 STREET,BAY    7 STREET,86 STREET,BENSON AVENUE,,,ADDRESS,BROOKLYN,,N/A,Closed,,The Department of Sanitation investigated this complaint and found no violation at the location.,03/28/2017 12:00:00 PM,11 BROOKLYN,3063570057,BROOKLYN,980902,161972,PHONE,Unspecified,BROOKLYN,,,,,,,,40.61125147714944,-74.0120583493004,"(40.61125147714944, -74.0120583493004)"
35784518,03/25/2017 08:28:00 AM,04/06/2017 12:00:00 PM,DSNY,Department of Sanitation,Dirty Conditions,E8 Canine Violation,Sidewalk,11211,217 SOUTH    3 STREET,SOUTH    3 STREET,ROEBLING STREET,HAVEMEYER STREET,,,ADDRESS,BROOKLYN,,N/A,Closed,,The Department of Sanitation investigated this complaint and found no violation at the location.,04/06/2017 12:00:00 PM,01 BROOKLYN,3024200040,BROOKLYN,995673,198375,ONLINE,Unspecified,BROOKLYN,,,,,,,,40.71116292618242,-73.95879659799998,"(40.71116292618242, -73.95879659799998)"
35783193,03/25/2017 08:25:00 AM,03/27/2017 12:00:00 PM,DSNY,Department of Sanitation,Dirty Conditions,E8 Canine Violation,Sidewalk,10309,,,,,AMBOY ROAD,STATION AVENUE,INTERSECTION,STATEN ISLAND,,N/A,Closed,,"The Department of Sanitation has investigated the complaint and addressed the issue. If the problem persists, call 311 to enter a new complaint. If you are outside of New York City, please call (212) NEW-YORK (212-639-9675).",03/27/2017 12:00:00 PM,03 STATEN ISLAND,,STATEN ISLAND,924132,129944,ONLINE,Unspecified,STATEN ISLAND,,,,,,,,40.523137808198776,-74.21623924866687,"(40.523137808198776, -74.21623924866687)"
35783349,03/24/2017 05:10:00 PM,03/28/2017 12:00:00 PM,DSNY,Department of Sanitation,Dirty Conditions,E8 Canine Violation,Sidewalk,11214,2740 CROPSEY AVENUE,CROPSEY AVENUE,BAY 46 STREET,BAY 47 STREET,,,ADDRESS,BROOKLYN,,N/A,Closed,,The Department of Sanitation investigated this complaint and found no violation at the location.,03/28/2017 12:00:00 PM,13 BROOKLYN,3069370048,BROOKLYN,987254,153299,PHONE,Unspecified,BROOKLYN,,,,,,,,40.58744597164237,-73.98918447768092,"(40.58744597164237, -73.98918447768092)"
35790300,03/24/2017 05:01:00 PM,04/06/2017 12:00:00 PM,DSNY,Department of Sanitation,Dirty Conditions,E8 Canine Violation,Sidewalk,11218,,,,,AVENUE F,EAST 3 STREET,INTERSECTION,BROOKLYN,,N/A,Closed,,The Department of Sanitation investigated this complaint and found no violation at the location.,04/06/2017 12:00:00 PM,12 BROOKLYN,,BROOKLYN,991047,170037,PHONE,Unspecified,BROOKLYN,,,,,,,,40.63338624251468,-73.97551141402465,"(40.63338624251468, -73.97551141402465)"
35780528,03/24/2017 03:00:00 PM,03/27/2017 12:00:00 PM,DSNY,Department of Sanitation,Dirty Conditions,E8 Canine Violation,Sidewalk,11215,308 14 STREET,14 STREET,5 AVENUE,6 AVENUE,,,ADDRESS,BROOKLYN,,N/A,Closed,,The Department of Sanitation investigated this complaint and found no violation at the location.,03/27/2017 12:00:00 PM,06 BROOKLYN,3010420037,BROOKLYN,987831,181674,PHONE,Unspecified,BROOKLYN,,,,,,,,40.665329166530626,-73.98709200814237,"(40.665329166530626, -73.98709200814237)"
35790222,03/24/2017 02:18:00 PM,03/27/2017 12:00:00 PM,DSNY,Department of Sanitation,Dirty Conditions,E8 Canine Violation,Sidewalk,11209,230 87 STREET,87 STREET,RIDGE BOULEVARD,3 AVENUE,,,ADDRESS,BROOKLYN,,N/A,Closed,,The Department of Sanitation investigated this complaint and found no violation at the location.,03/27/2017 12:00:00 PM,10 BROOKLYN,3060480015,BROOKLYN,975053,166304,PHONE,Unspecified,BROOKLYN,,,,,,,,40.62313777753769,-74.03313034364201,"(40.62313777753769, -74.03313034364201)"
35785916,03/24/2017 02:08:00 PM,03/27/2017 12:00:00 PM,DSNY,Department of Sanitation,Dirty Conditions,E8 Canine Violation,Sidewalk,10467,2822 BRONX PARK EAST,BRONX PARK EAST,,,,,ADDRESS,BRONX,,N/A,Closed,,The Department of Sanitation investigated this complaint and found no violation at the location.,03/27/2017 12:00:00 PM,11 BRONX,2045060040,BRONX,1020081,255189,PHONE,Unspecified,BRONX,,,,,,,,40.86703671338112,-73.87045258444047,"(40.86703671338112, -73.87045258444047)"
35780558,03/24/2017 12:44:00 PM,03/28/2017 12:00:00 PM,DSNY,Department of Sanitation,Dirty Conditions,E8 Canine Violation,Sidewalk,10465,3169 AMPERE AVENUE,AMPERE AVENUE,ROBERTSON PLACE,KENNELWORTH PLACE,,,ADDRESS,BRONX,,N/A,Closed,,The Department of Sanitation investigated this complaint and found no violation at the location.,03/28/2017 12:00:00 PM,10 BRONX,2054130027,BRONX,1033358,247661,PHONE,Unspecified,BRONX,,,,,,,,40.84631076940254,-73.82250469337501,"(40.84631076940254, -73.82250469337501)"
35783350,03/24/2017 12:04:00 PM,04/07/2017 12:00:00 PM,DSNY,Department of Sanitation,Dirty Conditions,E8 Canine Violation,Sidewalk,11004,79-26 261 STREET,261 STREET,79 AVENUE,80 AVENUE,,,ADDRESS,Glen Oaks,,N/A,Closed,,The Department of Sanitation investigated this complaint and found no violation at the location.,04/07/2017 12:00:00 PM,13 QUEENS,4086970024,QUEENS,1064422,211283,ONLINE,Unspecified,QUEENS,,,,,,,,40.74623618622938,-73.71066233808499,"(40.74623618622938, -73.71066233808499)"
35783237,03/24/2017 11:42:00 AM,04/05/2017 12:00:00 PM,DSNY,Department of Sanitation,Dirty Conditions,E8 Canine Violation,Sidewalk,11435,139-66 PERSHING CRESCENT,PERSHING CRESCENT,BEND,LANDER STREET,,,ADDRESS,Jamaica,,N/A,Closed,,The Department of Sanitation investigated this complaint and found no violation at the location.,04/05/2017 12:00:00 PM,08 QUEENS,4097150133,QUEENS,1034693,198253,ONLINE,Unspecified,QUEENS,,,,,,,,40.71069164648938,-73.81805043070662,"(40.71069164648938, -73.81805043070662)"
35783194,03/24/2017 11:24:00 AM,04/04/2017 12:00:00 PM,DSNY,Department of Sanitation,Dirty Conditions,E8 Canine Violation,Sidewalk,11201,19 DOCK STREET,DOCK STREET,OLD DOCK STREET,RAMP,,,ADDRESS,BROOKLYN,,N/A,Closed,,The Department of Sanitation investigated this complaint and found no violation at the location.,04/04/2017 12:00:00 PM,02 BROOKLYN,3000367504,BROOKLYN,986316,195437,ONLINE,Unspecified,BROOKLYN,,,,,,,,40.70310594288745,-73.99254872299217,"(40.70310594288745, -73.99254872299217)"
35787413,03/24/2017 09:58:00 AM,03/28/2017 12:00:00 PM,DSNY,Department of Sanitation,Dirty Conditions,E8 Canine Violation,Sidewalk,10037,2300 5 AVENUE,5 AVENUE,HARLEM RIVER DRV NB EN E  139 ST,EAST 141 STREET,,,ADDRESS,NEW YORK,,N/A,Closed,,The Department of Sanitation investigated this complaint and found no violation at the location.,03/28/2017 12:00:00 PM,10 MANHATTAN,1017370025,MANHATTAN,1002067,236396,PHONE,Unspecified,MANHATTAN,,,,,,,,40.815510167325854,-73.93563231275274,"(40.815510167325854, -73.93563231275274)"
35783235,03/24/2017 08:29:00 AM,04/06/2017 12:00:00 PM,DSNY,Department of Sanitation,Dirty Conditions,E8 Canine Violation,Sidewalk,11355,47-28 PARSONS BOULEVARD,PARSONS BOULEVARD,LABURNUM AVENUE,NEGUNDO AVENUE,,,ADDRESS,Flushing,,N/A,Closed,,The Department of Sanitation investigated this complaint and found no violation at the location.,04/06/2017 12:00:00 PM,07 QUEENS,4052210019,QUEENS,1036256,213322,PHONE,Unspecified,QUEENS,,,,,,,,40.752043212896055,-73.81229618431918,"(40.752043212896055, -73.81229618431918)"
35781972,03/24/2017 08:14:00 AM,03/29/2017 12:00:00 PM,DSNY,Department of Sanitation,Dirty Conditions,E8 Canine Violation,Sidewalk,10302,61 VELTMAN AVENUE,VELTMAN AVENUE,ORDELL AVENUE,JEWETT AVENUE,,,ADDRESS,STATEN ISLAND,,N/A,Closed,,The Department of Sanitation investigated this complaint and found no violation at the location.,03/29/2017 12:00:00 PM,01 STATEN ISLAND,5003880018,STATEN ISLAND,947313,166803,PHONE,Unspecified,STATEN ISLAND,,,,,,,,40.62443520014318,-74.13306075160641,"(40.62443520014318, -74.13306075160641)"
35790223,03/23/2017 07:02:00 PM,03/28/2017 12:00:00 PM,DSNY,Department of Sanitation,Dirty Conditions,E8 Canine Violation,Sidewalk,11208,698 LIBERTY AVENUE,LIBERTY AVENUE,ELTON STREET,LINWOOD STREET,,,ADDRESS,BROOKLYN,,N/A,Closed,,The Department of Sanitation investigated this complaint and found no violation at the location.,03/28/2017 12:00:00 PM,05 BROOKLYN,3039860010,BROOKLYN,1016449,185678,PHONE,Unspecified,BROOKLYN,,,,,,,,40.67626141536952,-73.88391715161917,"(40.67626141536952, -73.88391715161917)"
35783236,03/23/2017 05:03:00 PM,03/27/2017 12:00:00 PM,DSNY,Department of Sanitation,Dirty Conditions,E8 Canine Violation,Sidewalk,10307,7316 AMBOY ROAD,AMBOY ROAD,FISHER AVENUE,WOOD AVENUE,,,ADDRESS,STATEN ISLAND,,N/A,Closed,,The Department of Sanitation investigated this complaint and found no violation at the location.,03/27/2017 12:00:00 PM,03 STATEN ISLAND,5078680019,STATEN ISLAND,917213,125628,PHONE,Unspecified,STATEN ISLAND,,,,,,,,40.51124164468761,-74.24108344877686,"(40.51124164468761, -74.24108344877686)"
35774744,03/23/2017 11:36:00 AM,03/28/2017 12:00:00 PM,DSNY,Department of Sanitation,Dirty Conditions,E8 Canine Violation,Sidewalk,11233,,,,,MONACO PLACE,HERKIMER STREET,INTERSECTION,BROOKLYN,,N/A,Closed,,The Department of Sanitation investigated this complaint and found no violation at the location.,03/28/2017 12:00:00 PM,16 BROOKLYN,,BROOKLYN,1009496,186092,PHONE,Unspecified,BROOKLYN,,,,,,,,40.67742031115682,-73.90898232286823,"(40.67742031115682, -73.90898232286823)"
35774322,03/23/2017 10:14:00 AM,03/30/2017 12:00:00 PM,DSNY,Department of Sanitation,Dirty Conditions,E8 Canine Violation,Sidewalk,10457,461 EAST  180 STREET,EAST  180 STREET,PARK AVENUE,WASHINGTON AVENUE,,,ADDRESS,BRONX,,N/A,Closed,,The Department of Sanitation investigated this complaint and found no violation at the location.,03/30/2017 12:00:00 PM,06 BRONX,2030370025,BRONX,1012999,249573,PHONE,Unspecified,BRONX,,,,,,,,40.85164839702561,-73.8960817023096,"(40.85164839702561, -73.8960817023096)"
35775237,03/23/2017 10:10:00 AM,03/25/2017 12:00:00 PM,DSNY,Department of Sanitation,Dirty Conditions,E8 Canine Violation,Sidewalk,11221,,,,,THROOP AVENUE,PUTNAM AVENUE,INTERSECTION,BROOKLYN,,N/A,Closed,,The Department of Sanitation investigated this complaint and found no violation at the location.,03/25/2017 12:00:00 PM,03 BROOKLYN,,BROOKLYN,1000517,188857,ONLINE,Unspecified,BROOKLYN,,,,,,,,40.68503066006019,-73.94134701047392,"(40.68503066006019, -73.94134701047392)"
35772876,03/23/2017 10:02:00 AM,03/31/2017 12:00:00 PM,DSNY,Department of Sanitation,Dirty Conditions,E8 Canine Violation,Sidewalk,11379,,,,,79 STREET,69 ROAD,INTERSECTION,Middle Village,,N/A,Closed,,The Department of Sanitation investigated this complaint and found no violation at the location.,03/31/2017 12:00:00 PM,05 QUEENS,,QUEENS,1019382,197640,PHONE,Unspecified,QUEENS,,,,,,,,40.70908315181371,-73.87328081886155,"(40.70908315181371, -73.87328081886155)"
35776626,03/23/2017 09:54:00 AM,03/25/2017 12:00:00 PM,DSNY,Department of Sanitation,Dirty Conditions,E8 Canine Violation,Sidewalk,11209,93 STREET,93 STREET,3 AVENUE,4 AVENUE,,,BLOCKFACE,BROOKLYN,,N/A,Closed,,The Department of Sanitation investigated this complaint and found no violation at the location.,03/25/2017 12:00:00 PM,10 BROOKLYN,,BROOKLYN,975443,164504,PHONE,Unspecified,BROOKLYN,,,,,,,,40.61819754918799,-74.03172309895572,"(40.61819754918799, -74.03172309895572)"
35776624,03/23/2017 08:31:00 AM,03/29/2017 12:00:00 PM,DSNY,Department of Sanitation,Dirty Conditions,E8 Canine Violation,Sidewalk,10457,1541 SELWYN AVENUE,SELWYN AVENUE,EAST 172 STREET,EAST MT EDEN AVENUE,,,ADDRESS,BRONX,,N/A,Closed,,The Department of Sanitation investigated this complaint and found no violation at the location.,03/29/2017 12:00:00 PM,04 BRONX,2028190018,BRONX,1009007,246022,ONLINE,Unspecified,BRONX,,,,,,,,40.841914048218754,-73.9105245858305,"(40.841914048218754, -73.9105245858305)"
35777073,03/22/2017 11:36:00 PM,04/08/2017 12:00:00 PM,DSNY,Department of Sanitation,Dirty Conditions,E8 Canine Violation,Sidewalk,11105,21-23 27 STREET,27 STREET,21 AVENUE,DITMARS BOULEVARD,,,ADDRESS,Astoria,,N/A,Closed,,The Department of Sanitation investigated this complaint and found no violation at the location.,04/08/2017 12:00:00 PM,01 QUEENS,4008570024,QUEENS,1008729,223094,MOBILE,Unspecified,QUEENS,,,,,,,,40.778983864434615,-73.91161293003498,"(40.778983864434615, -73.91161293003498)"
35772897,03/22/2017 08:27:00 PM,03/27/2017 12:00:00 PM,DSNY,Department of Sanitation,Dirty Conditions,E8 Canine Violation,Sidewalk,10305,247 MCCLEAN AVENUE,MCCLEAN AVENUE,WALLACE AVENUE,MILLS AVENUE,,,ADDRESS,STATEN ISLAND,,N/A,Closed,,The Department of Sanitation investigated this complaint and found no violation at the location.,03/27/2017 12:00:00 PM,02 STATEN ISLAND,5030980006,STATEN ISLAND,965135,156885,ONLINE,Unspecified,STATEN ISLAND,,,,,,,,40.59726871788968,-74.06883127273534,"(40.59726871788968, -74.06883127273534)"
35779018,03/22/2017 05:21:00 PM,03/24/2017 12:00:00 PM,DSNY,Department of Sanitation,Dirty Conditions,E8 Canine Violation,Sidewalk,10456,,,,,BOSTON ROAD,UNION AVENUE,INTERSECTION,BRONX,,N/A,Closed,,The Department of Sanitation investigated this complaint and found no violation at the location.,03/24/2017 12:00:00 PM,03 BRONX,,BRONX,1012194,242414,PHONE,Unspecified,BRONX,,,,,,,,40.832001630078246,-73.89902134374913,"(40.832001630078246, -73.89902134374913)"
35778584,03/22/2017 02:02:00 PM,03/27/2017 12:00:00 PM,DSNY,Department of Sanitation,Dirty Conditions,E8 Canine Violation,Sidewalk,10032,644 WEST  173 STREET,WEST  173 STREET,BROADWAY,FT WASHINGTON AVENUE,,,ADDRESS,NEW YORK,,N/A,Closed,,The Department of Sanitation investigated this complaint and found no violation at the location.,03/27/2017 12:00:00 PM,12 MANHATTAN,1021420112,MANHATTAN,1001000,247111,ONLINE,Unspecified,MANHATTAN,,,,,,,,40.844921851657475,-73.93946032187884,"(40.844921851657475, -73.93946032187884)"
35767529,03/22/2017 11:26:00 AM,03/23/2017 12:00:00 PM,DSNY,Department of Sanitation,Dirty Conditions,E8 Canine Violation,Sidewalk,11435,139-60 85 DRIVE,85 DRIVE,139 STREET,143 STREET,,,ADDRESS,Jamaica,,N/A,Closed,,The Department of Sanitation investigated this complaint and found no condition at the location.,03/23/2017 12:00:00 PM,08 QUEENS,4097100037,QUEENS,1035611,197607,PHONE,Unspecified,QUEENS,,,,,,,,40.70891325235092,-73.81474411205105,"(40.70891325235092, -73.81474411205105)"
35768548,03/22/2017 10:58:00 AM,03/25/2017 12:00:00 PM,DSNY,Department of Sanitation,Dirty Conditions,E8 Canine Violation,Sidewalk,11223,,,,,QUENTIN ROAD,WEST 13 STREET,INTERSECTION,BROOKLYN,,N/A,Closed,,The Department of Sanitation investigated this complaint and found no violation at the location.,03/25/2017 12:00:00 PM,11 BROOKLYN,,BROOKLYN,988179,159771,PHONE,Unspecified,BROOKLYN,,,,,,,,40.605209944566305,-73.98585036822048,"(40.605209944566305, -73.98585036822048)"
35765238,03/22/2017 10:31:00 AM,03/23/2017 12:00:00 PM,DSNY,Department of Sanitation,Dirty Conditions,E8 Canine Violation,Sidewalk,11358,,,,,45 AVENUE,159 STREET,INTERSECTION,Flushing,,N/A,Closed,,The Department of Sanitation investigated this complaint and found no violation at the location.,03/23/2017 12:00:00 PM,07 QUEENS,,QUEENS,1037631,214993,PHONE,Unspecified,QUEENS,,,,,,,,40.75662147840618,-73.80732018465679,"(40.75662147840618, -73.80732018465679)"
35764138,03/22/2017 10:28:00 AM,03/25/2017 12:00:00 PM,DSNY,Department of Sanitation,Dirty Conditions,E8 Canine Violation,Sidewalk,10460,534 MORRIS PARK AVENUE,MORRIS PARK AVENUE,VAN BUREN STREET,MELVILLE STREET,,,ADDRESS,BRONX,,N/A,Closed,,The Department of Sanitation investigated this complaint and found no violation at the location.,03/25/2017 12:00:00 PM,11 BRONX,2040190003,BRONX,1019865,246350,PHONE,Unspecified,BRONX,,,,,,,,40.842777194921986,-73.87128049377816,"(40.842777194921986, -73.87128049377816)"
35769673,03/22/2017 09:31:00 AM,03/23/2017 12:00:00 PM,DSNY,Department of Sanitation,Dirty Conditions,E8 Canine Violation,Sidewalk,11417,136-11 94 STREET,94 STREET,LINDEN BOULEVARD,PITKIN AVENUE,,,ADDRESS,Ozone Park,,N/A,Closed,,The Department of Sanitation investigated this complaint and found no violation at the location.,03/23/2017 12:00:00 PM,10 QUEENS,,QUEENS,1028031,184369,PHONE,Unspecified,QUEENS,,,,,,,,40.67261880627768,-73.84217066125828,"(40.67261880627768, -73.84217066125828)"
35769639,03/22/2017 09:07:00 AM,03/23/2017 12:00:00 PM,DSNY,Department of Sanitation,Dirty Conditions,E8 Canine Violation,Sidewalk,11377,,,,,49 STREET,QUEENS BOULEVARD,INTERSECTION,Woodside,,N/A,Closed,,The Department of Sanitation investigated this complaint and found no violation at the location.,03/23/2017 12:00:00 PM,02 QUEENS,,QUEENS,1007551,209924,PHONE,Unspecified,QUEENS,,,,,,,,40.74283879596225,-73.9159120160546,"(40.74283879596225, -73.9159120160546)"
35764197,03/22/2017 09:05:00 AM,03/25/2017 12:00:00 PM,DSNY,Department of Sanitation,Dirty Conditions,E8 Canine Violation,Sidewalk,10463,,,,,WEST 235 STREET,OXFORD AVENUE,INTERSECTION,BRONX,,N/A,Closed,,The Department of Sanitation investigated this complaint and found no violation at the location.,03/25/2017 12:00:00 PM,Unspecified BRONX,,BRONX,1009403,261896,PHONE,Unspecified,BRONX,,,,,,,,40.88548223286441,-73.90903380760602,"(40.88548223286441, -73.90903380760602)"
35769561,03/22/2017 09:02:00 AM,03/25/2017 12:00:00 PM,DSNY,Department of Sanitation,Dirty Conditions,E8 Canine Violation,Sidewalk,10463,,,,,OXFORD AVENUE,CAMBRIDGE AVENUE,INTERSECTION,BRONX,,N/A,Closed,,The Department of Sanitation investigated this complaint and found no violation at the location.,03/25/2017 12:00:00 PM,Unspecified BRONX,,BRONX,1009241,261244,PHONE,Unspecified,BRONX,,,,,,,,40.883693158069576,-73.90962211537547,"(40.883693158069576, -73.90962211537547)"
35770792,03/22/2017 07:52:00 AM,03/24/2017 12:00:00 PM,DSNY,Department of Sanitation,Dirty Conditions,E8 Canine Violation,Sidewalk,10460,1500 BOONE AVENUE,BOONE AVENUE,JENNINGS STREET,EAST 172 STREET,,,ADDRESS,BRONX,,N/A,Closed,,The Department of Sanitation investigated this complaint and found no violation at the location.,03/24/2017 12:00:00 PM,03 BRONX,,BRONX,1015878,242416,PHONE,Unspecified,BRONX,,,,,,,,40.83199469499121,-73.88570881742748,"(40.83199469499121, -73.88570881742748)"
35768546,03/21/2017 10:51:00 PM,03/23/2017 12:00:00 PM,DSNY,Department of Sanitation,Dirty Conditions,E8 Canine Violation,Sidewalk,11249,224 WYTHE AVENUE,WYTHE AVENUE,NORTH 4 STREET,NORTH 3 STREET,,,ADDRESS,BROOKLYN,,N/A,Closed,,The Department of Sanitation investigated this complaint and found no violation at the location.,03/23/2017 12:00:00 PM,01 BROOKLYN,3023490018,BROOKLYN,994694,200785,ONLINE,Unspecified,BROOKLYN,,,,,,,,40.717779009714896,-73.96232416659295,"(40.717779009714896, -73.96232416659295)"
35767498,03/21/2017 06:47:00 PM,03/23/2017 12:00:00 PM,DSNY,Department of Sanitation,Dirty Conditions,E8 Canine Violation,Sidewalk,11422,253-51 149 DRIVE,149 DRIVE,253 STREET,254 STREET,,,ADDRESS,Rosedale,,N/A,Closed,,The Department of Sanitation investigated this complaint and found no violation at the location.,03/23/2017 12:00:00 PM,13 QUEENS,4136560061,QUEENS,1057416,176780,PHONE,Unspecified,QUEENS,,,,,,,,40.65159468247729,-73.7363213817653,"(40.65159468247729, -73.7363213817653)"
35767561,03/21/2017 06:03:00 PM,03/24/2017 12:00:00 PM,DSNY,Department of Sanitation,Dirty Conditions,E8 Canine Violation,Sidewalk,10452,1470 WYTHE PLACE,WYTHE PLACE,EAST 171 STREET,EAST 172 STREET,,,ADDRESS,BRONX,,N/A,Closed,,The Department of Sanitation investigated this complaint and found no violation at the location.,03/24/2017 12:00:00 PM,04 BRONX,,BRONX,1008037,245588,ONLINE,Unspecified,BRONX,,,,,,,,40.84072551159327,-73.91403184458636,"(40.84072551159327, -73.91403184458636)"
35771804,03/21/2017 05:08:00 PM,03/24/2017 12:00:00 PM,DSNY,Department of Sanitation,Dirty Conditions,E8 Canine Violation,Sidewalk,10454,,,,,EAST 141 STREET,JACKSON AVENUE,INTERSECTION,BRONX,,N/A,Closed,,The Department of Sanitation investigated this complaint and found no violation at the location.,03/24/2017 12:00:00 PM,01 BRONX,,BRONX,1008704,233289,PHONE,Unspecified,BRONX,,,,,,,,40.806966441332804,-73.91166607726646,"(40.806966441332804, -73.91166607726646)"
35771849,03/21/2017 05:03:00 PM,03/24/2017 12:00:00 PM,DSNY,Department of Sanitation,Dirty Conditions,E8 Canine Violation,Sidewalk,10454,,,,,EAST 139 STREET,BROOK AVENUE,INTERSECTION,BRONX,,N/A,Closed,,The Department of Sanitation investigated this complaint and found no violation at the location.,03/24/2017 12:00:00 PM,01 BRONX,,BRONX,1006727,233759,PHONE,Unspecified,BRONX,,,,,,,,40.80826171163451,-73.91880591445779,"(40.80826171163451, -73.91880591445779)"
35771866,03/21/2017 04:23:00 PM,03/27/2017 12:00:00 PM,DSNY,Department of Sanitation,Dirty Conditions,E8 Canine Violation,Sidewalk,10027,,,,,WEST 120 STREET,LENOX AVENUE,INTERSECTION,NEW YORK,,N/A,Closed,,The Department of Sanitation investigated this complaint and found no violation at the location.,03/27/2017 12:00:00 PM,10 MANHATTAN,,MANHATTAN,998698,232414,PHONE,Unspecified,MANHATTAN,,,,,,,,40.804586836572064,-73.94781210645304,"(40.804586836572064, -73.94781210645304)"
35768549,03/21/2017 03:51:00 PM,03/28/2017 12:00:00 PM,DSNY,Department of Sanitation,Dirty Conditions,E8 Canine Violation,Sidewalk,11234,,,,,BARLOW DRIVE NORTH,BASSETT AVENUE,INTERSECTION,BROOKLYN,,N/A,Closed,,The Department of Sanitation investigated this complaint and found no violation at the location.,03/28/2017 12:00:00 PM,18 BROOKLYN,,BROOKLYN,1010672,161208,PHONE,Unspecified,BROOKLYN,,,,,,,,40.60911569444904,-73.90484003167678,"(40.60911569444904, -73.90484003167678)"
35765205,03/21/2017 03:20:00 PM,04/06/2017 12:00:00 PM,DSNY,Department of Sanitation,Dirty Conditions,E8 Canine Violation,Sidewalk,11209,7109 6 AVENUE,6 AVENUE,71 STREET,72 STREET,,,ADDRESS,BROOKLYN,,N/A,Closed,,The Department of Sanitation investigated this complaint and found no violation at the location.,04/06/2017 12:00:00 PM,10 BROOKLYN,3058990001,BROOKLYN,978940,169110,PHONE,Unspecified,BROOKLYN,,,,,,,,40.630842840016975,-74.01913041565113,"(40.630842840016975, -74.01913041565113)"
35765253,03/21/2017 02:17:00 PM,03/25/2017 12:00:00 PM,DSNY,Department of Sanitation,Dirty Conditions,E8 Canine Violation,Sidewalk,10469,2901 ELY AVENUE,ELY AVENUE,ARNOW AVENUE,ADEE AVENUE,,,ADDRESS,BRONX,,N/A,Closed,,The Department of Sanitation investigated this complaint and found no violation at the location.,03/25/2017 12:00:00 PM,12 BRONX,2047910129,BRONX,1029651,256244,PHONE,Unspecified,BRONX,,,,,,,,40.869888328288255,-73.83584505769349,"(40.869888328288255, -73.83584505769349)"
35763233,03/21/2017 01:31:00 PM,03/27/2017 12:00:00 PM,DSNY,Department of Sanitation,Dirty Conditions,E8 Canine Violation,Sidewalk,10026,313 WEST  119 STREET,WEST  119 STREET,8 AVENUE,MANHATTAN AVENUE,,,ADDRESS,NEW YORK,,N/A,Closed,,The Department of Sanitation investigated this complaint and found no violation at the location.,03/27/2017 12:00:00 PM,10 MANHATTAN,1019467501,MANHATTAN,996868,233132,PHONE,Unspecified,MANHATTAN,,,,,,,,40.80656035145149,-73.95442093325532,"(40.80656035145149, -73.95442093325532)"
35758375,03/21/2017 01:30:00 PM,03/27/2017 12:00:00 PM,DSNY,Department of Sanitation,Dirty Conditions,E8 Canine Violation,Sidewalk,10027,310 WEST  120 STREET,WEST  120 STREET,8 AVENUE,MANHATTAN AVENUE,,,ADDRESS,NEW YORK,,N/A,Closed,,The Department of Sanitation investigated this complaint and found no violation at the location.,03/27/2017 12:00:00 PM,10 MANHATTAN,1019467501,MANHATTAN,997003,233349,PHONE,Unspecified,MANHATTAN,,,,,,,,40.80715576263236,-73.95393287061863,"(40.80715576263236, -73.95393287061863)"
35757315,03/21/2017 01:03:00 PM,04/06/2017 12:00:00 PM,DSNY,Department of Sanitation,Dirty Conditions,E8 Canine Violation,Sidewalk,11209,435 100 STREET,100 STREET,4 AVENUE,FT HAMILTON PARKWAY,,,ADDRESS,BROOKLYN,,N/A,Closed,,The Department of Sanitation investigated this complaint and found no violation at the location.,04/06/2017 12:00:00 PM,10 BROOKLYN,3061350009,BROOKLYN,975105,162426,ONLINE,Unspecified,BROOKLYN,,,,,,,,40.61249352699702,-74.03293777130705,"(40.61249352699702, -74.03293777130705)"
35759452,03/21/2017 12:33:00 PM,03/28/2017 12:00:00 PM,DSNY,Department of Sanitation,Dirty Conditions,E8 Canine Violation,Sidewalk,10011,415 WEST   24 STREET,WEST   24 STREET,9 AVENUE,10 AVENUE,,,ADDRESS,NEW YORK,,N/A,Closed,,The Department of Sanitation investigated this complaint and found no violation at the location.,03/28/2017 12:00:00 PM,04 MANHATTAN,1007220026,MANHATTAN,983820,211595,ONLINE,Unspecified,MANHATTAN,,,,,,,,40.747455958699824,-74.00155187903968,"(40.747455958699824, -74.00155187903968)"
35761563,03/21/2017 12:12:00 PM,04/06/2017 12:00:00 PM,DSNY,Department of Sanitation,Dirty Conditions,E8 Canine Violation,Sidewalk,11249,50 DIVISION AVENUE,DIVISION AVENUE,WYTHE AVENUE,BERRY STREET,,,ADDRESS,BROOKLYN,,N/A,Closed,,The Department of Sanitation investigated this complaint and found no violation at the location.,04/06/2017 12:00:00 PM,01 BROOKLYN,3021660001,BROOKLYN,993472,196891,PHONE,Unspecified,BROOKLYN,,,,,,,,40.707092265932474,-73.96673776023567,"(40.707092265932474, -73.96673776023567)"
35757833,03/21/2017 11:54:00 AM,03/27/2017 12:00:00 PM,DSNY,Department of Sanitation,Dirty Conditions,E8 Canine Violation,Sidewalk,10029,1660 MADISON AVENUE,MADISON AVENUE,EAST 110 STREET,EAST 111 STREET,,,ADDRESS,NEW YORK,,N/A,Closed,,The Department of Sanitation investigated this complaint and found no violation at the location.,03/27/2017 12:00:00 PM,11 MANHATTAN,1016160001,MANHATTAN,998803,229452,PHONE,Unspecified,MANHATTAN,,,,,,,,40.796456785179494,-73.9474392538126,"(40.796456785179494, -73.9474392538126)"
35762679,03/21/2017 11:53:00 AM,03/27/2017 12:00:00 PM,DSNY,Department of Sanitation,Dirty Conditions,E8 Canine Violation,Sidewalk,10029,1295 5 AVENUE,5 AVENUE,FRAWLEY CIRCLE,EAST 111 STREET,,,ADDRESS,NEW YORK,,N/A,Closed,,The Department of Sanitation investigated this complaint and found no violation at the location.,03/27/2017 12:00:00 PM,11 MANHATTAN,1016160001,MANHATTAN,998367,229705,PHONE,Unspecified,MANHATTAN,,,,,,,,40.79715190862778,-73.94901341309001,"(40.79715190862778, -73.94901341309001)"
35756735,03/21/2017 11:50:00 AM,03/27/2017 12:00:00 PM,DSNY,Department of Sanitation,Dirty Conditions,E8 Canine Violation,Sidewalk,10029,1309 5 AVENUE,5 AVENUE,FRAWLEY CIRCLE,EAST 111 STREET,,,ADDRESS,NEW YORK,,N/A,Closed,,The Department of Sanitation investigated this complaint and found no violation at the location.,03/27/2017 12:00:00 PM,11 MANHATTAN,1016160001,MANHATTAN,998398,229762,PHONE,Unspecified,MANHATTAN,,,,,,,,40.797308308526034,-73.94890132984646,"(40.797308308526034, -73.94890132984646)"
35762680,03/21/2017 10:56:00 AM,03/27/2017 12:00:00 PM,DSNY,Department of Sanitation,Dirty Conditions,E8 Canine Violation,Sidewalk,10009,276 EAST    4 STREET,EAST    4 STREET,AVENUE B,AVENUE C,,,ADDRESS,NEW YORK,,N/A,Closed,,The Department of Sanitation investigated this complaint and found no violation at the location.,03/27/2017 12:00:00 PM,03 MANHATTAN,1003860033,MANHATTAN,989375,202627,ONLINE,Unspecified,MANHATTAN,,,,,,,,40.72283953595421,-73.98151059905453,"(40.72283953595421, -73.98151059905453)"
35760347,03/21/2017 09:48:00 AM,03/25/2017 12:00:00 PM,DSNY,Department of Sanitation,Dirty Conditions,E8 Canine Violation,Sidewalk,11106,32-72 30 STREET,30 STREET,BROADWAY,34 AVENUE,,,ADDRESS,Astoria,,N/A,Closed,,The Department of Sanitation investigated this complaint and found no violation at the location.,03/25/2017 12:00:00 PM,01 QUEENS,4005860070,QUEENS,1004594,216867,PHONE,Unspecified,QUEENS,,,,,,,,40.761902862531194,-73.92656214227237,"(40.761902862531194, -73.92656214227237)"
35758934,03/21/2017 09:12:00 AM,03/30/2017 12:00:00 PM,DSNY,Department of Sanitation,Dirty Conditions,E8 Canine Violation,Sidewalk,11375,108-14 67 DRIVE,67 DRIVE,108 STREET,110 STREET,,,ADDRESS,Forest Hills,,N/A,Closed,,The Department of Sanitation investigated this complaint and found no violation at the location.,03/30/2017 12:00:00 PM,06 QUEENS,4021780011,QUEENS,1026791,204441,PHONE,Unspecified,QUEENS,,,,,,,,40.72771771368481,-73.8465140331665,"(40.72771771368481, -73.8465140331665)"
35762701,03/21/2017 08:12:00 AM,03/27/2017 12:00:00 PM,DSNY,Department of Sanitation,Dirty Conditions,E8 Canine Violation,Sidewalk,10031,,,,,RIVERSIDE DRIVE,WEST 153 STREET,INTERSECTION,NEW YORK,,N/A,Closed,,The Department of Sanitation investigated this complaint and found no violation at the location.,03/27/2017 12:00:00 PM,09 MANHATTAN,,MANHATTAN,998166,242655,ONLINE,Unspecified,MANHATTAN,,,,,,,,40.832696349602095,-73.94971251720928,"(40.832696349602095, -73.94971251720928)"
35756728,03/21/2017 07:53:00 AM,04/05/2017 12:00:00 PM,DSNY,Department of Sanitation,Dirty Conditions,E8 Canine Violation,Sidewalk,11225,285 FENIMORE STREET,FENIMORE STREET,ROGERS AVENUE,NOSTRAND AVENUE,,,ADDRESS,BROOKLYN,,N/A,Closed,,The Department of Sanitation investigated this complaint and found no violation at the location.,04/05/2017 12:00:00 PM,09 BROOKLYN,3050390001,BROOKLYN,997378,179211,PHONE,Unspecified,BROOKLYN,,,,,,,,40.65855976790474,-73.95268390699984,"(40.65855976790474, -73.95268390699984)"
35763782,03/21/2017 05:23:00 AM,03/24/2017 12:00:00 PM,DSNY,Department of Sanitation,Dirty Conditions,E8 Canine Violation,Sidewalk,10472,,,,,BOYNTON AVENUE,WATSON AVENUE,INTERSECTION,BRONX,,N/A,Closed,,The Department of Sanitation investigated this complaint and found no violation at the location.,03/24/2017 12:00:00 PM,09 BRONX,,BRONX,1018110,240290,PHONE,Unspecified,BRONX,,,,,,,,40.82615116376492,-73.87765398540142,"(40.82615116376492, -73.87765398540142)"
35760939,03/20/2017 10:03:00 PM,03/23/2017 12:00:00 PM,DSNY,Department of Sanitation,Dirty Conditions,E8 Canine Violation,Sidewalk,11372,35-20 94 STREET,94 STREET,35 AVENUE,37 AVENUE,,,ADDRESS,Jackson Heights,,N/A,Closed,,The Department of Sanitation investigated this complaint and found no violation at the location.,03/23/2017 12:00:00 PM,03 QUEENS,4014670014,QUEENS,1019317,213407,ONLINE,Unspecified,QUEENS,,,,,,,,40.752359917424535,-73.87343309904473,"(40.752359917424535, -73.87343309904473)"
35760316,03/20/2017 04:59:00 PM,03/23/2017 12:00:00 PM,DSNY,Department of Sanitation,Dirty Conditions,E8 Canine Violation,Sidewalk,11411,114-04 FRANCIS LEWIS BOULEVARD,FRANCIS LEWIS BOULEVARD,MURDOCK AVENUE,114 ROAD,,,ADDRESS,Cambria Heights,,N/A,Closed,,The Department of Sanitation investigated this complaint and found no violation at the location.,03/23/2017 12:00:00 PM,12 QUEENS,4110220079,QUEENS,1053965,194917,PHONE,Unspecified,QUEENS,,,,,,,,40.701404288913096,-73.74857055668255,"(40.701404288913096, -73.74857055668255)"
35759773,03/20/2017 03:53:00 PM,03/27/2017 12:00:00 PM,DSNY,Department of Sanitation,Dirty Conditions,E8 Canine Violation,Sidewalk,10069,,,,,RIVERSIDE BOULEVARD,WEST 62 STREET,INTERSECTION,NEW YORK,,N/A,Closed,,The Department of Sanitation investigated this complaint and found no violation at the location.,03/27/2017 12:00:00 PM,07 MANHATTAN,,MANHATTAN,986624,221445,ONLINE,Unspecified,MANHATTAN,,,,,,,,40.774491371694324,-73.9914287057018,"(40.774491371694324, -73.9914287057018)"
35755597,03/20/2017 02:23:00 PM,04/06/2017 12:00:00 PM,DSNY,Department of Sanitation,Dirty Conditions,E8 Canine Violation,Sidewalk,11206,,,,,ELLERY STREET,MARCY AVENUE,INTERSECTION,BROOKLYN,,N/A,Closed,,The Department of Sanitation investigated this complaint and found no violation at the location.,04/06/2017 12:00:00 PM,03 BROOKLYN,,BROOKLYN,998173,193694,PHONE,Unspecified,BROOKLYN,,,,,,,,40.6983111041311,-73.94978863790115,"(40.6983111041311, -73.94978863790115)"
35763232,03/20/2017 02:14:00 PM,04/06/2017 12:00:00 PM,DSNY,Department of Sanitation,Dirty Conditions,E8 Canine Violation,Sidewalk,11225,1026 PRESIDENT STREET,PRESIDENT STREET,FRANKLIN AVENUE,BEDFORD AVENUE,,,ADDRESS,BROOKLYN,,N/A,Closed,,The Department of Sanitation investigated this complaint and found no violation at the location.,04/06/2017 12:00:00 PM,09 BROOKLYN,3012800019,BROOKLYN,996036,182894,PHONE,Unspecified,BROOKLYN,,,,,,,,40.6686706742082,-73.95751432028796,"(40.6686706742082, -73.95751432028796)"
35756729,03/20/2017 01:58:00 PM,03/23/2017 12:00:00 PM,DSNY,Department of Sanitation,Dirty Conditions,E8 Canine Violation,Sidewalk,10305,19 CAMERON AVENUE,CAMERON AVENUE,NORWAY AVENUE,OBERLIN STREET,,,ADDRESS,STATEN ISLAND,,N/A,Closed,,The Department of Sanitation investigated this complaint and found no violation at the location.,03/23/2017 12:00:00 PM,02 STATEN ISLAND,5033920012,STATEN ISLAND,962262,155357,PHONE,Unspecified,STATEN ISLAND,,,,,,,,40.59306800515022,-74.0791716906231,"(40.59306800515022, -74.0791716906231)"
35748267,03/20/2017 01:36:00 PM,03/24/2017 12:00:00 PM,DSNY,Department of Sanitation,Dirty Conditions,E8 Canine Violation,Sidewalk,10460,1444 BEACH AVENUE,BEACH AVENUE,GUION PLACE,MERRILL STREET,,,ADDRESS,BRONX,,N/A,Closed,,"The Department of Sanitation has investigated the complaint and addressed the issue. If the problem persists, call 311 to enter a new complaint. If you are outside of New York City, please call (212) NEW-YORK (212-639-9675).",03/24/2017 12:00:00 PM,09 BRONX,2038990016,BRONX,1021039,244033,ONLINE,Unspecified,BRONX,,,,,,,,40.83641289836865,-73.86705014654596,"(40.83641289836865, -73.86705014654596)"
35751274,03/20/2017 01:25:00 PM,03/24/2017 12:00:00 PM,DSNY,Department of Sanitation,Dirty Conditions,E8 Canine Violation,Sidewalk,10472,,,,,METCALF AVENUE,EAST 174 STREET,INTERSECTION,BRONX,,N/A,Closed,,The Department of Sanitation investigated this complaint and found no violation at the location.,03/24/2017 12:00:00 PM,09 BRONX,,BRONX,1019219,243252,PHONE,Unspecified,BRONX,,,,,,,,40.834276675425414,-73.87363141215228,"(40.834276675425414, -73.87363141215228)"
35746624,03/20/2017 01:24:00 PM,04/06/2017 12:00:00 PM,DSNY,Department of Sanitation,Dirty Conditions,E8 Canine Violation,Sidewalk,11225,,,,,FLATBUSH AVENUE,WINTHROP STREET,INTERSECTION,BROOKLYN,,N/A,Closed,,The Department of Sanitation investigated this complaint and found no violation at the location.,04/06/2017 12:00:00 PM,09 BROOKLYN,,BROOKLYN,995328,178454,PHONE,Unspecified,BROOKLYN,,,,,,,,40.65648477129687,-73.96007378372889,"(40.65648477129687, -73.96007378372889)"
35751275,03/20/2017 10:40:00 AM,03/25/2017 12:00:00 PM,DSNY,Department of Sanitation,Dirty Conditions,E8 Canine Violation,Sidewalk,10471,,,,,RIVERDALE AVENUE,WEST 254 STREET,INTERSECTION,BRONX,,N/A,Closed,,The Department of Sanitation investigated this complaint and found no violation at the location.,03/25/2017 12:00:00 PM,08 BRONX,,BRONX,1010228,267815,PHONE,Unspecified,BRONX,,,,,,,,40.901725609283254,-73.90602722115646,"(40.901725609283254, -73.90602722115646)"
35746625,03/20/2017 08:31:00 AM,03/27/2017 12:00:00 PM,DSNY,Department of Sanitation,Dirty Conditions,E8 Canine Violation,Sidewalk,10002,300 DELANCY STREET,DELANCY STREET,WILLIAMSBURG BRIDGE,,,,ADDRESS,NEW YORK,,N/A,Closed,,The Department of Sanitation investigated this complaint and found no violation at the location.,03/27/2017 12:00:00 PM,03 MANHATTAN,1003230001,MANHATTAN,989979,200047,PHONE,Unspecified,MANHATTAN,,,,,,,,40.7157576864177,-73.9793337515229,"(40.7157576864177, -73.9793337515229)"
35747149,03/19/2017 10:03:00 PM,03/24/2017 12:00:00 PM,DSNY,Department of Sanitation,Dirty Conditions,E8 Canine Violation,Sidewalk,10460,,,,,THIERIOT AVENUE,EAST TREMONT AVENUE,INTERSECTION,BRONX,,N/A,Closed,,The Department of Sanitation investigated this complaint and found no violation at the location.,03/24/2017 12:00:00 PM,09 BRONX,,BRONX,1021227,245556,PHONE,Unspecified,BRONX,,,,,,,,40.84059230099668,-73.8663623474906,"(40.84059230099668, -73.8663623474906)"
35753440,03/19/2017 06:09:00 PM,03/24/2017 12:00:00 PM,DSNY,Department of Sanitation,Dirty Conditions,E8 Canine Violation,Sidewalk,10467,679 WARING AVENUE,WARING AVENUE,OLINVILLE AVENUE,WHITE PLAINS ROAD,,,ADDRESS,BRONX,,N/A,Closed,,The Department of Sanitation investigated this complaint and found no violation at the location.,03/24/2017 12:00:00 PM,11 BRONX,2044260005,BRONX,1020699,253124,PHONE,Unspecified,BRONX,,,,,,,,40.86136638977537,-73.86822943225765,"(40.86136638977537, -73.86822943225765)"
35748228,03/19/2017 05:52:00 PM,03/27/2017 12:00:00 PM,DSNY,Department of Sanitation,Dirty Conditions,E8 Canine Violation,Sidewalk,10456,1300 WEBSTER AVENUE,WEBSTER AVENUE,EAST 168 STREET,EAST 169 STREET,,,ADDRESS,BRONX,,N/A,Closed,,The Department of Sanitation investigated this complaint and found no violation at the location.,03/27/2017 12:00:00 PM,03 BRONX,,BRONX,1009505,243081,PHONE,Unspecified,BRONX,,,,,,,,40.83384045072375,-73.90873581653335,"(40.83384045072375, -73.90873581653335)"
35753964,03/19/2017 02:42:00 PM,04/06/2017 12:00:00 PM,DSNY,Department of Sanitation,Dirty Conditions,E8 Canine Violation,Sidewalk,11208,65 RICHMOND STREET,RICHMOND STREET,ETNA STREET,RIDGEWOOD AVENUE,,,ADDRESS,BROOKLYN,,N/A,Closed,,The Department of Sanitation investigated this complaint and found no violation at the location.,04/06/2017 12:00:00 PM,05 BROOKLYN,3041150020,BROOKLYN,1018253,189075,ONLINE,Unspecified,BROOKLYN,,,,,,,,40.68557865417497,-73.87739629343079,"(40.68557865417497, -73.87739629343079)"
35752368,03/19/2017 02:36:00 PM,04/06/2017 12:00:00 PM,DSNY,Department of Sanitation,Dirty Conditions,E8 Canine Violation,Sidewalk,11208,186 ETNA STREET,ETNA STREET,RICHMOND STREET,CHESTNUT STREET,,,ADDRESS,BROOKLYN,,N/A,Closed,,The Department of Sanitation investigated this complaint and found no violation at the location.,04/06/2017 12:00:00 PM,05 BROOKLYN,3041150027,BROOKLYN,1018427,189245,ONLINE,Unspecified,BROOKLYN,,,,,,,,40.68604459466454,-73.87676804479679,"(40.68604459466454, -73.87676804479679)"
35734662,03/19/2017 10:57:00 AM,03/23/2017 12:00:00 PM,DSNY,Department of Sanitation,Dirty Conditions,E8 Canine Violation,Sidewalk,11434,155-21 114 ROAD,114 ROAD,155 STREET,157 STREET,,,ADDRESS,Jamaica,,N/A,Closed,,The Department of Sanitation investigated this complaint and found no violation at the location.,03/23/2017 12:00:00 PM,12 QUEENS,4121860090,QUEENS,1042164,189390,PHONE,Unspecified,QUEENS,,,,,,,,40.68631909936925,-73.79117859264416,"(40.68631909936925, -73.79117859264416)"
35743113,03/19/2017 08:39:00 AM,03/21/2017 12:00:00 PM,DSNY,Department of Sanitation,Dirty Conditions,E8 Canine Violation,Sidewalk,11361,206-20 47 AVENUE,47 AVENUE,206 STREET,207 STREET,,,ADDRESS,Bayside,,N/A,Closed,,The Department of Sanitation investigated this complaint and found no violation at the location.,03/21/2017 12:00:00 PM,11 QUEENS,4073210123,QUEENS,1046552,214404,PHONE,Unspecified,QUEENS,,,,,,,,40.75494646890568,-73.77512524112413,"(40.75494646890568, -73.77512524112413)"
35733095,03/18/2017 10:29:00 PM,03/27/2017 12:00:00 PM,DSNY,Department of Sanitation,Dirty Conditions,E8 Canine Violation,Sidewalk,10451,159 EAST  159 STREET,EAST  159 STREET,GRAND CONCOURSE,SHERIDAN AVENUE,,,ADDRESS,BRONX,,N/A,Closed,,The Department of Sanitation investigated this complaint and issued a Notice of Violation.,03/27/2017 12:00:00 PM,04 BRONX,,BRONX,1005618,240225,ONLINE,Unspecified,BRONX,,,,,,,,40.82601181183981,-73.92279138648803,"(40.82601181183981, -73.92279138648803)"
35739729,03/18/2017 05:37:00 PM,03/27/2017 12:00:00 PM,DSNY,Department of Sanitation,Dirty Conditions,E8 Canine Violation,Sidewalk,10467,2401 WHITE PLAINS ROAD,WHITE PLAINS ROAD,WARING AVENUE,MACE AVENUE,,,ADDRESS,BRONX,,N/A,Closed,,The Department of Sanitation investigated this complaint and found no violation at the location.,03/27/2017 12:00:00 PM,11 BRONX,2044260001,BRONX,1020904,253219,PHONE,Unspecified,BRONX,,,,,,,,40.861626287060766,-73.86748779703808,"(40.861626287060766, -73.86748779703808)"
35741520,03/18/2017 03:10:00 PM,03/27/2017 12:00:00 PM,DSNY,Department of Sanitation,Dirty Conditions,E8 Canine Violation,Sidewalk,10031,,,,,WEST 151 STREET,BROADWAY,INTERSECTION,NEW YORK,,N/A,Closed,,The Department of Sanitation investigated this complaint and found no violation at the location.,03/27/2017 12:00:00 PM,09 MANHATTAN,,MANHATTAN,998728,241754,PHONE,Unspecified,MANHATTAN,,,,,,,,40.830222460372724,-73.94768359377827,"(40.830222460372724, -73.94768359377827)"
35743179,03/18/2017 03:00:00 PM,03/27/2017 12:00:00 PM,DSNY,Department of Sanitation,Dirty Conditions,E8 Canine Violation,Sidewalk,11221,59 LINDEN STREET,LINDEN STREET,BUSHWICK AVENUE,EVERGREEN AVENUE,,,ADDRESS,BROOKLYN,,N/A,Closed,,The Department of Sanitation investigated this complaint and found no violation at the location.,03/27/2017 12:00:00 PM,04 BROOKLYN,3033220035,BROOKLYN,1006101,191246,ONLINE,Unspecified,BROOKLYN,,,,,,,,40.69157589001004,-73.92120536292872,"(40.69157589001004, -73.92120536292872)"
35743227,03/18/2017 02:22:00 PM,04/06/2017 12:00:00 PM,DSNY,Department of Sanitation,Dirty Conditions,E8 Canine Violation,Sidewalk,11208,599 PINE STREET,PINE STREET,BLAKE AVENUE,DUMONT AVENUE,,,ADDRESS,BROOKLYN,,N/A,Closed,,The Department of Sanitation investigated this complaint and found no violation at the location.,04/06/2017 12:00:00 PM,05 BROOKLYN,3042820012,BROOKLYN,1020378,183628,PHONE,Unspecified,BROOKLYN,,,,,,,,40.67061946900663,-73.86976344900263,"(40.67061946900663, -73.86976344900263)"
35736363,03/18/2017 01:13:00 PM,03/27/2017 12:00:00 PM,DSNY,Department of Sanitation,Dirty Conditions,E8 Canine Violation,Sidewalk,11205,223 CUMBERLAND STREET,CUMBERLAND STREET,DEKALB AVENUE,LAFAYETTE AVENUE,,,ADDRESS,BROOKLYN,,N/A,Closed,,The Department of Sanitation investigated this complaint and found no violation at the location.,03/27/2017 12:00:00 PM,02 BROOKLYN,3021020024,BROOKLYN,991740,190299,PHONE,Unspecified,BROOKLYN,,,,,,,,40.68900039834607,-73.97299213007003,"(40.68900039834607, -73.97299213007003)"
35743170,03/18/2017 07:55:00 AM,03/24/2017 12:00:00 PM,DSNY,Department of Sanitation,Dirty Conditions,E8 Canine Violation,Sidewalk,10455,372 EAST  152 STREET,EAST  152 STREET,COURTLANDT AVENUE,MELROSE AVENUE,,,ADDRESS,BRONX,,N/A,Closed,,The Department of Sanitation investigated this complaint and found no violation at the location.,03/24/2017 12:00:00 PM,01 BRONX,2023980014,BRONX,1006966,237495,ONLINE,Unspecified,BRONX,,,,,,,,40.8185153736559,-73.91792992673089,"(40.8185153736559, -73.91792992673089)"
35738109,03/17/2017 04:41:00 PM,03/30/2017 12:00:00 PM,DSNY,Department of Sanitation,Dirty Conditions,E8 Canine Violation,Sidewalk,11374,65-20 BOOTH STREET,BOOTH STREET,64 ROAD,65 ROAD,,,ADDRESS,Rego Park,,N/A,Closed,,The Department of Sanitation investigated this complaint and found no violation at the location.,03/30/2017 12:00:00 PM,06 QUEENS,4030977505,QUEENS,1023232,204255,ONLINE,Unspecified,QUEENS,,,,,,,,40.727223589985634,-73.85935579548855,"(40.727223589985634, -73.85935579548855)"
35733060,03/17/2017 01:56:00 PM,03/21/2017 12:00:00 PM,DSNY,Department of Sanitation,Dirty Conditions,E8 Canine Violation,Sidewalk,10032,,,,,WEST 171 STREET,FORT WASHINGTON AVENUE,INTERSECTION,NEW YORK,,N/A,Closed,,The Department of Sanitation investigated this complaint and found no violation at the location.,03/21/2017 12:00:00 PM,12 MANHATTAN,,MANHATTAN,1000535,246793,ONLINE,Unspecified,MANHATTAN,,,,,,,,40.844049904927246,-73.9411417473869,"(40.844049904927246, -73.9411417473869)"
35727736,03/17/2017 11:40:00 AM,03/28/2017 12:00:00 PM,DSNY,Department of Sanitation,Dirty Conditions,E8 Canine Violation,Sidewalk,10019,,,,,WEST 55 STREET,11 AVENUE,INTERSECTION,NEW YORK,,N/A,Closed,,The Department of Sanitation investigated this complaint and found no violation at the location.,03/28/2017 12:00:00 PM,04 MANHATTAN,,MANHATTAN,986369,219446,PHONE,Unspecified,MANHATTAN,,,,,,,,40.76900470342804,-73.99235000998665,"(40.76900470342804, -73.99235000998665)"
35730568,03/17/2017 08:14:00 AM,03/27/2017 12:00:00 PM,DSNY,Department of Sanitation,Dirty Conditions,E8 Canine Violation,Sidewalk,10009,691 FDR DRIVE,FDR DRIVE,EAST HOUSTON STREET,FDR DRIVE EXIT 5 SOUTHBOUND,,,ADDRESS,NEW YORK,,N/A,Closed,,The Department of Sanitation investigated this complaint and found no violation at the location.,03/27/2017 12:00:00 PM,03 MANHATTAN,1003560001,MANHATTAN,991180,201527,ONLINE,Unspecified,MANHATTAN,,,,,,,,40.719819071722334,-73.97499985513412,"(40.719819071722334, -73.97499985513412)"
35731488,03/16/2017 03:07:00 PM,03/21/2017 12:00:00 PM,DSNY,Department of Sanitation,Dirty Conditions,E8 Canine Violation,Sidewalk,11208,740 PINE STREET,PINE STREET,LINDEN BOULEVARD,LORING AVENUE,,,ADDRESS,BROOKLYN,,N/A,Closed,,The Department of Sanitation investigated this complaint and found no violation at the location.,03/21/2017 12:00:00 PM,05 BROOKLYN,3044840034,BROOKLYN,1020611,182381,ONLINE,Unspecified,BROOKLYN,,,,,,,,40.667195782175206,-73.86893024294328,"(40.667195782175206, -73.86893024294328)"
35726853,03/16/2017 02:48:00 PM,03/21/2017 12:00:00 PM,DSNY,Department of Sanitation,Dirty Conditions,E8 Canine Violation,Sidewalk,10029,,,,,PARK AVENUE,EAST 102 STREET,INTERSECTION,NEW YORK,,N/A,Closed,,The Department of Sanitation investigated this complaint and found no violation at the location.,03/21/2017 12:00:00 PM,11 MANHATTAN,,MANHATTAN,998160,227234,PHONE,Unspecified,MANHATTAN,,,,,,,,40.79037001106577,-73.9497661559271,"(40.79037001106577, -73.9497661559271)"
35731423,03/16/2017 02:47:00 PM,03/21/2017 12:00:00 PM,DSNY,Department of Sanitation,Dirty Conditions,E8 Canine Violation,Sidewalk,11364,226-15 77 AVENUE,77 AVENUE,226 STREET,CLOVERDALE BOULEVARD,,,ADDRESS,Oakland Gardens,,N/A,Closed,,The Department of Sanitation investigated this complaint and found no violation at the location.,03/21/2017 12:00:00 PM,11 QUEENS,4078350068,QUEENS,1054762,208642,PHONE,Unspecified,QUEENS,,,,,,,,40.73906963225747,-73.74555238250495,"(40.73906963225747, -73.74555238250495)"
35720551,03/16/2017 12:29:00 PM,03/23/2017 12:00:00 PM,DSNY,Department of Sanitation,Dirty Conditions,E8 Canine Violation,Sidewalk,11369,86-19 32 AVENUE,32 AVENUE,86 STREET,87 STREET,,,ADDRESS,East Elmhurst,,N/A,Closed,,The Department of Sanitation investigated this complaint and found no violation at the location.,03/23/2017 12:00:00 PM,03 QUEENS,4013980028,QUEENS,1017110,215514,ONLINE,Unspecified,QUEENS,,,,,,,,40.75815156820852,-73.88138849023984,"(40.75815156820852, -73.88138849023984)"
35720593,03/16/2017 12:21:00 PM,03/27/2017 12:00:00 PM,DSNY,Department of Sanitation,Dirty Conditions,E8 Canine Violation,Sidewalk,10022,,,,,EAST 51 STREET,1 AVENUE,INTERSECTION,NEW YORK,,N/A,Closed,,The Department of Sanitation investigated this complaint and found no violation at the location.,03/27/2017 12:00:00 PM,06 MANHATTAN,,MANHATTAN,993754,214165,ONLINE,Unspecified,MANHATTAN,,,,,,,,40.75450486193672,-73.96569623371674,"(40.75450486193672, -73.96569623371674)"
35716169,03/16/2017 09:43:00 AM,03/21/2017 12:00:00 PM,DSNY,Department of Sanitation,Dirty Conditions,E8 Canine Violation,Sidewalk,11238,560 PARK PLACE,PARK PLACE,CLASSON AVENUE,NYCTA SUBWAY,,,ADDRESS,BROOKLYN,,N/A,Closed,,The Department of Sanitation investigated this complaint and found no violation at the location.,03/21/2017 12:00:00 PM,08 BROOKLYN,,BROOKLYN,995549,185090,ONLINE,Unspecified,BROOKLYN,,,,,,,,40.67469883649672,-73.9592661561902,"(40.67469883649672, -73.9592661561902)"
35720594,03/16/2017 12:58:00 AM,03/23/2017 12:00:00 PM,DSNY,Department of Sanitation,Dirty Conditions,E8 Canine Violation,Sidewalk,10314,92 DREYER AVENUE,DREYER AVENUE,BEND,CANTERBURY AVENUE,,,ADDRESS,STATEN ISLAND,,N/A,Closed,,The Department of Sanitation investigated this complaint and found no violation at the location.,03/23/2017 12:00:00 PM,02 STATEN ISLAND,5020870012,STATEN ISLAND,942012,160664,ONLINE,Unspecified,STATEN ISLAND,,,,,,,,40.60756125386702,-74.1521184764911,"(40.60756125386702, -74.1521184764911)"
35719133,03/15/2017 06:15:00 PM,03/20/2017 12:00:00 PM,DSNY,Department of Sanitation,Dirty Conditions,E8 Canine Violation,Sidewalk,11208,,,,,LINCOLN AVENUE,GLENMORE AVENUE,INTERSECTION,BROOKLYN,,N/A,Closed,,The Department of Sanitation investigated this complaint and found no violation at the location.,03/20/2017 12:00:00 PM,05 BROOKLYN,,BROOKLYN,1020968,186076,PHONE,Unspecified,BROOKLYN,,,,,,,,40.67733624369111,-73.86762324618435,"(40.67733624369111, -73.86762324618435)"
35714601,03/15/2017 05:36:00 PM,03/23/2017 12:00:00 PM,DSNY,Department of Sanitation,Dirty Conditions,E8 Canine Violation,Sidewalk,11373,42-22 KETCHAM STREET,KETCHAM STREET,BAXTER AVENUE,PETTIT AVENUE,,,ADDRESS,Elmhurst,,N/A,Closed,,The Department of Sanitation investigated this complaint and found no violation at the location.,03/23/2017 12:00:00 PM,04 QUEENS,4015080011,QUEENS,1016505,210685,ONLINE,Unspecified,QUEENS,,,,,,,,40.74489942410997,-73.88359545968551,"(40.74489942410997, -73.88359545968551)"
35703824,03/15/2017 01:08:00 PM,03/28/2017 12:00:00 PM,DSNY,Department of Sanitation,Dirty Conditions,E8 Canine Violation,Sidewalk,10025,1 WEST   96 STREET,WEST   96 STREET,CENTRAL PARK WEST,COLUMBUS AVENUE,,,ADDRESS,NEW YORK,,N/A,Closed,,The Department of Sanitation investigated this complaint and found no violation at the location.,03/28/2017 12:00:00 PM,07 MANHATTAN,1018320029,MANHATTAN,993938,227757,ONLINE,Unspecified,MANHATTAN,,,,,,,,40.79181114207886,-73.96501250881722,"(40.79181114207886, -73.96501250881722)"
35705163,03/15/2017 12:17:00 PM,03/25/2017 12:00:00 PM,DSNY,Department of Sanitation,Dirty Conditions,E8 Canine Violation,Sidewalk,11435,,,,,LIBERTY AVENUE,LIVERPOOL STREET,INTERSECTION,Jamaica,,N/A,Closed,,The Department of Sanitation investigated this complaint and found no violation at the location.,03/25/2017 12:00:00 PM,12 QUEENS,,QUEENS,1037979,192449,PHONE,Unspecified,QUEENS,,,,,,,,40.694741723013195,-73.80624406396272,"(40.694741723013195, -73.80624406396272)"
35711758,03/14/2017 11:39:00 PM,03/24/2017 12:00:00 PM,DSNY,Department of Sanitation,Dirty Conditions,E8 Canine Violation,Sidewalk,10472,1057 BOYNTON AVENUE,BOYNTON AVENUE,BRUCKNER BOULEVARD,WATSON AVENUE,,,ADDRESS,BRONX,,N/A,Closed,,The Department of Sanitation investigated this complaint and found no violation at the location.,03/24/2017 12:00:00 PM,09 BRONX,2037140036,BRONX,1018159,240003,PHONE,Unspecified,BRONX,,,,,,,,40.82536324322324,-73.87747838486375,"(40.82536324322324, -73.87747838486375)"
35710471,03/14/2017 08:26:00 PM,03/23/2017 12:00:00 PM,DSNY,Department of Sanitation,Dirty Conditions,E8 Canine Violation,Sidewalk,11226,,,,,EAST 18 STREET,CHURCH AVENUE,INTERSECTION,BROOKLYN,,N/A,Closed,,The Department of Sanitation investigated this complaint and found no violation at the location.,03/23/2017 12:00:00 PM,14 BROOKLYN,,BROOKLYN,994496,175887,ONLINE,Unspecified,BROOKLYN,,,,,,,,40.64943991839931,-73.9630762940512,"(40.64943991839931, -73.9630762940512)"
35709125,03/14/2017 02:33:00 PM,03/23/2017 12:00:00 PM,DSNY,Department of Sanitation,Dirty Conditions,E8 Canine Violation,Sidewalk,10302,,,,,HEBERTON AVENUE,BENNETT STREET,INTERSECTION,STATEN ISLAND,,N/A,Closed,,The Department of Sanitation investigated this complaint and found no violation at the location.,03/23/2017 12:00:00 PM,01 STATEN ISLAND,,STATEN ISLAND,947893,171480,ONLINE,Unspecified,STATEN ISLAND,,,,,,,,40.63727496167995,-74.13099657558952,"(40.63727496167995, -74.13099657558952)"
35693629,03/13/2017 12:07:00 PM,03/25/2017 12:00:00 PM,DSNY,Department of Sanitation,Dirty Conditions,E8 Canine Violation,Sidewalk,10470,435 EAST  239 STREET,EAST  239 STREET,MARTHA AVENUE,VIREO AVENUE,,,ADDRESS,BRONX,,N/A,Closed,,The Department of Sanitation investigated this complaint and found no violation at the location.,03/25/2017 12:00:00 PM,12 BRONX,2033930068,BRONX,1021738,267447,ONLINE,Unspecified,BRONX,,,,,,,,40.9006741703563,-73.86439308125877,"(40.9006741703563, -73.86439308125877)"
35692496,03/13/2017 11:21:00 AM,03/25/2017 12:00:00 PM,DSNY,Department of Sanitation,Dirty Conditions,E8 Canine Violation,Sidewalk,10467,664 THWAITES PLACE,THWAITES PLACE,BARKER AVENUE,OLINVILLE AVENUE,,,ADDRESS,BRONX,,N/A,Closed,,The Department of Sanitation investigated this complaint and found no violation at the location.,03/25/2017 12:00:00 PM,11 BRONX,2043380012,BRONX,1020499,252202,PHONE,Unspecified,BRONX,,,,,,,,40.858836603380695,-73.86895745833976,"(40.858836603380695, -73.86895745833976)"
35694714,03/13/2017 10:28:00 AM,03/28/2017 12:00:00 PM,DSNY,Department of Sanitation,Dirty Conditions,E8 Canine Violation,Sidewalk,10024,139 WEST   82 STREET,WEST   82 STREET,COLUMBUS AVENUE,AMSTERDAM AVENUE,,,ADDRESS,NEW YORK,,N/A,Closed,,The Department of Sanitation investigated this complaint and found no violation at the location.,03/28/2017 12:00:00 PM,07 MANHATTAN,1012130009,MANHATTAN,991104,225060,PHONE,Unspecified,MANHATTAN,,,,,,,,40.784411252443704,-73.97525004027167,"(40.784411252443704, -73.97525004027167)"
35687889,03/13/2017 09:13:00 AM,03/22/2017 12:00:00 PM,DSNY,Department of Sanitation,Dirty Conditions,E8 Canine Violation,Sidewalk,11206,64 TROUTMAN STREET,TROUTMAN STREET,BUSHWICK AVENUE,EVERGREEN AVENUE,,,ADDRESS,BROOKLYN,,N/A,Closed,,The Department of Sanitation investigated this complaint and found no violation at the location.,03/22/2017 12:00:00 PM,04 BROOKLYN,3031830032,BROOKLYN,1003213,193782,ONLINE,Unspecified,BROOKLYN,,,,,,,,40.6985432788012,-73.93161233786238,"(40.6985432788012, -73.93161233786238)"
35690226,03/13/2017 08:36:00 AM,03/27/2017 12:00:00 PM,DSNY,Department of Sanitation,Dirty Conditions,E8 Canine Violation,Sidewalk,10040,121 FORT GEORGE AVENUE,FORT GEORGE AVENUE,BEND,AUDUBON AVENUE,,,ADDRESS,NEW YORK,,N/A,Closed,,The Department of Sanitation investigated this complaint and found no violation at the location.,03/27/2017 12:00:00 PM,12 MANHATTAN,1021490265,MANHATTAN,1004446,251683,PHONE,Unspecified,MANHATTAN,,,,,,,,40.85746342279737,-73.92699164532567,"(40.85746342279737, -73.92699164532567)"
35692529,03/12/2017 03:48:00 PM,03/23/2017 12:00:00 PM,DSNY,Department of Sanitation,Dirty Conditions,E8 Canine Violation,Sidewalk,11377,43-01 72 STREET,72 STREET,43 AVENUE,44 AVENUE,,,ADDRESS,Woodside,,N/A,Closed,,The Department of Sanitation investigated this complaint and found no violation at the location.,03/23/2017 12:00:00 PM,02 QUEENS,4013540011,QUEENS,1014004,209597,PHONE,Unspecified,QUEENS,,,,,,,,40.74192190654129,-73.89262608106687,"(40.74192190654129, -73.89262608106687)"
35680189,03/12/2017 01:35:00 PM,03/25/2017 12:00:00 PM,DSNY,Department of Sanitation,Dirty Conditions,E8 Canine Violation,Sidewalk,10463,3021 KINGSBRIDGE AVENUE,KINGSBRIDGE AVENUE,MARBLE HILL AVENUE,WEST 231 STREET,,,ADDRESS,BRONX,,N/A,Closed,,The Department of Sanitation investigated this complaint and found no violation at the location.,03/25/2017 12:00:00 PM,08 BRONX,2057090054,BRONX,1009800,259439,PHONE,Unspecified,BRONX,,,,,,,,40.878737396819396,-73.9076074245641,"(40.878737396819396, -73.9076074245641)"
35682090,03/12/2017 01:27:00 PM,03/23/2017 12:00:00 PM,DSNY,Department of Sanitation,Dirty Conditions,E8 Canine Violation,Sidewalk,11368,59-27 VANDOREN STREET,VANDOREN STREET,SAULTELL AVENUE,LONG ISLAND EXPWY ET 22 A WB,,,ADDRESS,Corona,,N/A,Closed,,The Department of Sanitation investigated this complaint and found no violation at the location.,03/23/2017 12:00:00 PM,04 QUEENS,4019710010,QUEENS,1025846,208582,PHONE,Unspecified,QUEENS,,,,,,,,40.739088218021756,-73.84989794155028,"(40.739088218021756, -73.84989794155028)"
35679210,03/12/2017 12:18:00 PM,03/23/2017 12:00:00 PM,DSNY,Department of Sanitation,Dirty Conditions,E8 Canine Violation,Sidewalk,11226,4 LLOYD STREET,LLOYD STREET,CHURCH AVENUE,ERASMUS STREET,,,ADDRESS,BROOKLYN,,N/A,Closed,,The Department of Sanitation investigated this complaint and found no violation at the location.,03/23/2017 12:00:00 PM,17 BROOKLYN,3051050066,BROOKLYN,997744,176280,PHONE,Unspecified,BROOKLYN,,,,,,,,40.65051426444583,-73.95137063028012,"(40.65051426444583, -73.95137063028012)"
35681235,03/11/2017 05:39:00 PM,03/23/2017 12:00:00 PM,DSNY,Department of Sanitation,Dirty Conditions,E8 Canine Violation,Sidewalk,11379,62-52 65 STREET,65 STREET,62 AVENUE,METROPOLITAN AVENUE,,,ADDRESS,Middle Village,,N/A,Closed,,The Department of Sanitation investigated this complaint and found no violation at the location.,03/23/2017 12:00:00 PM,05 QUEENS,4027720067,QUEENS,1012814,199505,ONLINE,Unspecified,QUEENS,,,,,,,,40.71422577088958,-73.89696329466844,"(40.71422577088958, -73.89696329466844)"
35683062,03/11/2017 02:05:00 PM,03/23/2017 12:00:00 PM,DSNY,Department of Sanitation,Dirty Conditions,E8 Canine Violation,Sidewalk,11418,,,,,111 STREET,JAMAICA AVENUE,INTERSECTION,Richmond Hill,,N/A,Closed,,The Department of Sanitation investigated this complaint and found no violation at the location.,03/23/2017 12:00:00 PM,09 QUEENS,,QUEENS,1029403,193205,ONLINE,Unspecified,QUEENS,,,,,,,,40.69686467467221,-73.83716543651087,"(40.69686467467221, -73.83716543651087)"
35673185,03/11/2017 11:58:00 AM,03/27/2017 12:00:00 PM,DSNY,Department of Sanitation,Dirty Conditions,E8 Canine Violation,Sidewalk,10456,,,,,BOSTON ROAD,JEFFERSON PLACE,INTERSECTION,BRONX,,N/A,Closed,,The Department of Sanitation investigated this complaint and found no violation at the location.,03/27/2017 12:00:00 PM,03 BRONX,,BRONX,1012473,242681,PHONE,Unspecified,BRONX,,,,,,,,40.83273358063354,-73.89801202474206,"(40.83273358063354, -73.89801202474206)"
35675536,03/11/2017 10:41:00 AM,03/23/2017 12:00:00 PM,DSNY,Department of Sanitation,Dirty Conditions,E8 Canine Violation,Sidewalk,11358,,,,,195 STREET,37 AVENUE,INTERSECTION,Flushing,,N/A,Closed,,The Department of Sanitation investigated this complaint and found no violation at the location.,03/23/2017 12:00:00 PM,11 QUEENS,,QUEENS,1043150,217248,PHONE,Unspecified,QUEENS,,,,,,,,40.76277581482081,-73.78737955893673,"(40.76277581482081, -73.78737955893673)"
35672381,03/11/2017 10:38:00 AM,03/23/2017 12:00:00 PM,DSNY,Department of Sanitation,Dirty Conditions,E8 Canine Violation,Sidewalk,11358,,,,,194 STREET,37 AVENUE,INTERSECTION,Flushing,,N/A,Closed,,The Department of Sanitation investigated this complaint and found no violation at the location.,03/23/2017 12:00:00 PM,11 QUEENS,,QUEENS,1042902,217221,PHONE,Unspecified,QUEENS,,,,,,,,40.76270335572752,-73.78827503498282,"(40.76270335572752, -73.78827503498282)"
35675537,03/11/2017 10:30:00 AM,03/22/2017 12:00:00 PM,DSNY,Department of Sanitation,Dirty Conditions,E8 Canine Violation,Sidewalk,11214,7724 16 AVENUE,16 AVENUE,77 STREET,78 STREET,,,ADDRESS,BROOKLYN,,N/A,Closed,,The Department of Sanitation investigated this complaint and found no violation at the location.,03/22/2017 12:00:00 PM,11 BROOKLYN,3062460041,BROOKLYN,983632,163330,PHONE,Unspecified,BROOKLYN,,,,,,,,40.614979518050724,-74.00222594863416,"(40.614979518050724, -74.00222594863416)"
35673978,03/11/2017 10:05:00 AM,03/22/2017 12:00:00 PM,DSNY,Department of Sanitation,Dirty Conditions,E8 Canine Violation,Sidewalk,11214,,,,,16 AVENUE,78 STREET,INTERSECTION,BROOKLYN,,N/A,Closed,,The Department of Sanitation investigated this complaint and found no violation at the location.,03/22/2017 12:00:00 PM,11 BROOKLYN,,BROOKLYN,983524,163190,PHONE,Unspecified,BROOKLYN,,,,,,,,40.614595238796504,-74.00261493431307,"(40.614595238796504, -74.00261493431307)"
35675661,03/11/2017 10:01:00 AM,03/22/2017 12:00:00 PM,DSNY,Department of Sanitation,Dirty Conditions,E8 Canine Violation,Sidewalk,11214,7718 16 AVENUE,16 AVENUE,77 STREET,78 STREET,,,ADDRESS,BROOKLYN,,N/A,Closed,,The Department of Sanitation investigated this complaint and found no violation at the location.,03/22/2017 12:00:00 PM,11 BROOKLYN,3062460039,BROOKLYN,983638,163338,PHONE,Unspecified,BROOKLYN,,,,,,,,40.61500147681319,-74.0022043382075,"(40.61500147681319, -74.0022043382075)"
35675135,03/11/2017 07:44:00 AM,03/27/2017 12:00:00 PM,DSNY,Department of Sanitation,Dirty Conditions,E8 Canine Violation,Sidewalk,10473,866 OLMSTEAD AVENUE,OLMSTEAD AVENUE,HERMANY AVENUE,STORY AVENUE,,,ADDRESS,BRONX,,N/A,Closed,,The Department of Sanitation investigated this complaint and found no violation at the location.,03/27/2017 12:00:00 PM,09 BRONX,2036860004,BRONX,1025086,239704,PHONE,Unspecified,BRONX,,,,,,,,40.82451326529899,-73.85245128135975,"(40.82451326529899, -73.85245128135975)"
35674387,03/11/2017 02:44:00 AM,03/24/2017 12:00:00 PM,DSNY,Department of Sanitation,Dirty Conditions,E8 Canine Violation,Sidewalk,10472,1003 ELDER AVENUE,ELDER AVENUE,BRUCKNER BOULEVARD,WATSON AVENUE,,,ADDRESS,BRONX,,N/A,Closed,,The Department of Sanitation investigated this complaint and found no violation at the location.,03/24/2017 12:00:00 PM,09 BRONX,2037130067,BRONX,1017971,239577,PHONE,Unspecified,BRONX,,,,,,,,40.82419471511577,-73.8781598155,"(40.82419471511577, -73.8781598155)"
35673977,03/11/2017 02:39:00 AM,03/24/2017 12:00:00 PM,DSNY,Department of Sanitation,Dirty Conditions,E8 Canine Violation,Sidewalk,10472,1035 BOYNTON AVENUE,BOYNTON AVENUE,BRUCKNER BOULEVARD,WATSON AVENUE,,,ADDRESS,BRONX,,N/A,Closed,,The Department of Sanitation investigated this complaint and found no violation at the location.,03/24/2017 12:00:00 PM,09 BRONX,2037140050,BRONX,1018197,239789,PHONE,Unspecified,BRONX,,,,,,,,40.82477572866116,-73.87734216435173,"(40.82477572866116, -73.87734216435173)"
35673393,03/10/2017 08:31:00 PM,03/27/2017 12:00:00 PM,DSNY,Department of Sanitation,Dirty Conditions,E8 Canine Violation,Sidewalk,10065,446 EAST   66 STREET,EAST   66 STREET,1 AVENUE,YORK AVENUE,,,ADDRESS,NEW YORK,,N/A,Closed,,The Department of Sanitation investigated this complaint and found no violation at the location.,03/27/2017 12:00:00 PM,08 MANHATTAN,1014600022,MANHATTAN,995965,217454,ONLINE,Unspecified,MANHATTAN,,,,,,,,40.7635296712442,-73.9577101135694,"(40.7635296712442, -73.9577101135694)"
35675059,03/10/2017 06:12:00 PM,04/07/2017 12:00:00 PM,DSNY,Department of Sanitation,Dirty Conditions,E8 Canine Violation,Sidewalk,11358,160-01 SANFORD AVENUE,SANFORD AVENUE,160 STREET,161 STREET,,,ADDRESS,Flushing,,N/A,Closed,,The Department of Sanitation investigated this complaint and found no violation at the location.,04/07/2017 12:00:00 PM,07 QUEENS,4053330009,QUEENS,1038077,216442,ONLINE,Unspecified,QUEENS,,,,,,,,40.76059589913974,-73.80569874257218,"(40.76059589913974, -73.80569874257218)"
35668266,03/10/2017 12:07:00 PM,03/24/2017 12:00:00 PM,DSNY,Department of Sanitation,Dirty Conditions,E8 Canine Violation,Sidewalk,10454,458 EAST  144 STREET,EAST  144 STREET,WILLIS AVENUE,BROOK AVENUE,,,ADDRESS,BRONX,,N/A,Closed,,The Department of Sanitation investigated this complaint and found no violation at the location.,03/24/2017 12:00:00 PM,01 BRONX,2022880035,BRONX,1006937,235140,ONLINE,Unspecified,BRONX,,,,,,,,40.81205163496401,-73.91804266056687,"(40.81205163496401, -73.91804266056687)"
35671717,03/10/2017 10:47:00 AM,03/24/2017 12:00:00 PM,DSNY,Department of Sanitation,Dirty Conditions,E8 Canine Violation,Sidewalk,10457,2254 CROTONA AVENUE,CROTONA AVENUE,GROTE STREET,EAST 183 STREET,,,ADDRESS,BRONX,,N/A,Closed,,The Department of Sanitation investigated this complaint and issued a Notice of Violation.,03/24/2017 12:00:00 PM,06 BRONX,2031010021,BRONX,1015973,249393,PHONE,Unspecified,BRONX,,,,,,,,40.85114416633141,-73.88533252164136,"(40.85114416633141, -73.88533252164136)"
35667981,03/10/2017 03:12:00 AM,03/22/2017 12:00:00 PM,DSNY,Department of Sanitation,Dirty Conditions,E8 Canine Violation,Sidewalk,11230,1333 OCEAN AVENUE,OCEAN AVENUE,AVENUE H,LONG ISLAND RAILROAD,,,ADDRESS,BROOKLYN,,N/A,Closed,,The Department of Sanitation investigated this complaint and found no violation at the location.,03/22/2017 12:00:00 PM,14 BROOKLYN,3075520100,BROOKLYN,996141,168743,ONLINE,Unspecified,BROOKLYN,,,,,,,,40.62982911317613,-73.95716076752326,"(40.62982911317613, -73.95716076752326)"
35668132,03/09/2017 06:41:00 PM,03/27/2017 12:00:00 PM,DSNY,Department of Sanitation,Dirty Conditions,E8 Canine Violation,Sidewalk,10037,,,,,LENOX AVENUE,WEST 138 STREET,INTERSECTION,NEW YORK,,N/A,Closed,,The Department of Sanitation investigated this complaint and found no violation at the location.,03/27/2017 12:00:00 PM,10 MANHATTAN,,MANHATTAN,1001008,236583,PHONE,Unspecified,MANHATTAN,,,,,,,,40.81602550221721,-73.93945770643693,"(40.81602550221721, -73.93945770643693)"
35670139,03/09/2017 04:38:00 PM,03/24/2017 12:00:00 PM,DSNY,Department of Sanitation,Dirty Conditions,E8 Canine Violation,Sidewalk,10467,,,,,EAST 213 STREET,JEROME AVENUE,INTERSECTION,BRONX,,N/A,Closed,,The Department of Sanitation investigated this complaint and found no violation at the location.,03/24/2017 12:00:00 PM,07 BRONX,,BRONX,1017607,261810,PHONE,Unspecified,BRONX,,,,,,,,40.88521899320349,-73.87936438283849,"(40.88521899320349, -73.87936438283849)"
35670444,03/09/2017 04:16:00 PM,03/22/2017 12:00:00 PM,DSNY,Department of Sanitation,Dirty Conditions,E8 Canine Violation,Sidewalk,11209,9902 3 AVENUE,3 AVENUE,99 STREET,100 STREET,,,ADDRESS,BROOKLYN,,N/A,Closed,,The Department of Sanitation investigated this complaint and found no violation at the location.,03/22/2017 12:00:00 PM,10 BROOKLYN,3061330025,BROOKLYN,974523,163037,ONLINE,Unspecified,BROOKLYN,,,,,,,,40.6141699760399,-74.03503485495723,"(40.6141699760399, -74.03503485495723)"
35659413,03/09/2017 12:25:00 PM,03/23/2017 12:00:00 PM,DSNY,Department of Sanitation,Dirty Conditions,E8 Canine Violation,Sidewalk,11368,49-14 106 STREET,106 STREET,49 AVENUE,CORONA AVENUE,,,ADDRESS,Corona,,N/A,Closed,,The Department of Sanitation investigated this complaint and found no violation at the location.,03/23/2017 12:00:00 PM,04 QUEENS,4019930021,QUEENS,1023798,210606,ONLINE,Unspecified,QUEENS,,,,,,,,40.74465298152659,-73.8572763784426,"(40.74465298152659, -73.8572763784426)"
35660373,03/09/2017 11:02:00 AM,03/25/2017 12:00:00 PM,DSNY,Department of Sanitation,Dirty Conditions,E8 Canine Violation,Sidewalk,10465,4 SCHUYLER TERRACE,SCHUYLER TERRACE,PENNYFIELD AVENUE,DEAD END,,,ADDRESS,BRONX,,N/A,Closed,,The Department of Sanitation investigated this complaint and found no violation at the location.,03/25/2017 12:00:00 PM,10 BRONX,2055290412,BRONX,1038792,234309,ONLINE,Unspecified,BRONX,,,,,,,,40.80963154228447,-73.80297272511186,"(40.80963154228447, -73.80297272511186)"
35661518,03/09/2017 10:36:00 AM,03/11/2017 12:00:00 PM,DSNY,Department of Sanitation,Dirty Conditions,E8 Canine Violation,Sidewalk,11208,100 BERRIMAN STREET,BERRIMAN STREET,LIBERTY AVENUE,GLENMORE AVENUE,,,ADDRESS,BROOKLYN,,N/A,Closed,,The Department of Sanitation investigated this complaint and found no violation at the location.,03/11/2017 12:00:00 PM,05 BROOKLYN,3039890020,BROOKLYN,1017421,185713,PHONE,Unspecified,BROOKLYN,,,,,,,,40.67635389352484,-73.88041275902532,"(40.67635389352484, -73.88041275902532)"
35662554,03/09/2017 10:29:00 AM,03/22/2017 12:00:00 PM,DSNY,Department of Sanitation,Dirty Conditions,E8 Canine Violation,Sidewalk,11208,,,,,BERRIMAN STREET,GLENMORE AVENUE,INTERSECTION,BROOKLYN,,N/A,Closed,,The Department of Sanitation investigated this complaint and found no violation at the location.,03/22/2017 12:00:00 PM,05 BROOKLYN,,BROOKLYN,1017481,185411,PHONE,Unspecified,BROOKLYN,,,,,,,,40.67552474735076,-73.88019793787082,"(40.67552474735076, -73.88019793787082)"
35662618,03/09/2017 09:50:00 AM,03/25/2017 12:00:00 PM,DSNY,Department of Sanitation,Dirty Conditions,E8 Canine Violation,Sidewalk,10462,1981 BRONXDALE AVENUE,BRONXDALE AVENUE,BARNES AVENUE,NEILL AVENUE,,,ADDRESS,BRONX,,N/A,Closed,,The Department of Sanitation investigated this complaint and found no violation at the location.,03/25/2017 12:00:00 PM,11 BRONX,2042610033,BRONX,1021805,248912,PHONE,Unspecified,BRONX,,,,,,,,40.849801085458026,-73.86425461995799,"(40.849801085458026, -73.86425461995799)"
35663679,03/09/2017 09:47:00 AM,03/27/2017 12:00:00 PM,DSNY,Department of Sanitation,Dirty Conditions,E8 Canine Violation,Sidewalk,10016,,,,,LEXINGTON AVENUE,EAST 35 STREET,INTERSECTION,NEW YORK,,N/A,Closed,,The Department of Sanitation investigated this complaint and found no violation at the location.,03/27/2017 12:00:00 PM,06 MANHATTAN,,MANHATTAN,990003,211454,PHONE,Unspecified,MANHATTAN,,,,,,,,40.747067088217776,-73.97923742305866,"(40.747067088217776, -73.97923742305866)"
35664755,03/09/2017 09:29:00 AM,03/22/2017 12:00:00 PM,DSNY,Department of Sanitation,Dirty Conditions,E8 Canine Violation,Sidewalk,11235,2001 ORIENTAL BOULEVARD,ORIENTAL BOULEVARD,BEND,DECATUR AVENUE,,,ADDRESS,BROOKLYN,,N/A,Closed,,The Department of Sanitation investigated this complaint and found no violation at the location.,03/22/2017 12:00:00 PM,15 BROOKLYN,3087600060,BROOKLYN,1002334,150045,ONLINE,Unspecified,BROOKLYN,,,,,,,,40.57849645091775,-73.93489956212686,"(40.57849645091775, -73.93489956212686)"
35660374,03/09/2017 09:27:00 AM,03/22/2017 12:00:00 PM,DSNY,Department of Sanitation,Dirty Conditions,E8 Canine Violation,Sidewalk,11206,30 MONTROSE AVENUE,MONTROSE AVENUE,NEW MONTROSE AVENUE,LORIMER STREET,,,ADDRESS,BROOKLYN,,N/A,Closed,,The Department of Sanitation investigated this complaint and found no violation at the location.,03/22/2017 12:00:00 PM,01 BROOKLYN,3030580001,BROOKLYN,998359,196773,PHONE,Unspecified,BROOKLYN,,,,,,,,40.70676194087251,-73.94911140420245,"(40.70676194087251, -73.94911140420245)"
35659414,03/09/2017 09:21:00 AM,03/24/2017 12:00:00 PM,DSNY,Department of Sanitation,Dirty Conditions,E8 Canine Violation,Sidewalk,10452,1675 GRAND CONCOURSE,GRAND CONCOURSE,EAST 173 STREET,EAST 174 STREET,,,ADDRESS,BRONX,,N/A,Closed,,The Department of Sanitation investigated this complaint and found no violation at the location.,03/24/2017 12:00:00 PM,04 BRONX,2028380012,BRONX,1008729,246928,PHONE,Unspecified,BRONX,,,,,,,,40.844401526841494,-73.91152601056106,"(40.844401526841494, -73.91152601056106)"
35660470,03/09/2017 09:05:00 AM,03/22/2017 12:00:00 PM,DSNY,Department of Sanitation,Dirty Conditions,E8 Canine Violation,Sidewalk,11218,,,,,AVENUE F,EAST 3 STREET,INTERSECTION,BROOKLYN,,N/A,Closed,,The Department of Sanitation investigated this complaint and found no violation at the location.,03/22/2017 12:00:00 PM,12 BROOKLYN,,BROOKLYN,991047,170037,PHONE,Unspecified,BROOKLYN,,,,,,,,40.63338624251468,-73.97551141402465,"(40.63338624251468, -73.97551141402465)"
35664752,03/08/2017 09:44:00 PM,03/23/2017 12:00:00 PM,DSNY,Department of Sanitation,Dirty Conditions,E8 Canine Violation,Sidewalk,11373,,,,,57 AVENUE,VANHORN STREET,INTERSECTION,Elmhurst,,N/A,Closed,,The Department of Sanitation investigated this complaint and found no violation at the location.,03/23/2017 12:00:00 PM,04 QUEENS,,QUEENS,1018496,206132,PHONE,Unspecified,QUEENS,,,,,,,,40.73239509418512,-73.8764333599813,"(40.73239509418512, -73.8764333599813)"
35660425,03/08/2017 07:21:00 PM,03/25/2017 12:00:00 PM,DSNY,Department of Sanitation,Dirty Conditions,E8 Canine Violation,Sidewalk,10461,2617 HALPERIN AVENUE,HALPERIN AVENUE,WILLIAMSBRIDGE ROAD,BLONDELL AVENUE,,,ADDRESS,BRONX,,N/A,Closed,,The Department of Sanitation investigated this complaint and found no violation at the location.,03/25/2017 12:00:00 PM,10 BRONX,2040750031,BRONX,1027395,246496,PHONE,Unspecified,BRONX,,,,,,,,40.84314434104825,-73.8440647288728,"(40.84314434104825, -73.8440647288728)"
35663678,03/08/2017 05:02:00 PM,03/13/2017 12:00:00 PM,DSNY,Department of Sanitation,Dirty Conditions,E8 Canine Violation,Sidewalk,10304,51 HILL STREET,HILL STREET,TOMPKINS AVENUE,WARREN STREET,,,ADDRESS,STATEN ISLAND,,N/A,Closed,,The Department of Sanitation investigated this complaint and found no violation at the location.,03/13/2017 12:00:00 PM,01 STATEN ISLAND,5005450100,STATEN ISLAND,962075,165708,PHONE,Unspecified,STATEN ISLAND,,,,,,,,40.62147890434334,-74.0798790035632,"(40.62147890434334, -74.0798790035632)"
35661569,03/08/2017 04:41:00 PM,03/23/2017 12:00:00 PM,DSNY,Department of Sanitation,Dirty Conditions,E8 Canine Violation,Sidewalk,11362,46-20 241 STREET,241 STREET,ALAMEDA AVENUE,RUSHMORE AVENUE,,,ADDRESS,Little Neck,,N/A,Closed,,The Department of Sanitation investigated this complaint and found no violation at the location.,03/23/2017 12:00:00 PM,11 QUEENS,4081680023,QUEENS,1055096,217537,PHONE,Unspecified,QUEENS,,,,,,,,40.76348138498037,-73.74425341340478,"(40.76348138498037, -73.74425341340478)"
35658399,03/08/2017 01:15:00 PM,03/23/2017 12:00:00 PM,DSNY,Department of Sanitation,Dirty Conditions,E8 Canine Violation,Sidewalk,11420,,,,,131 STREET,109 AVENUE,INTERSECTION,South Ozone Park,,N/A,Closed,,The Department of Sanitation investigated this complaint and found no condition at the location.,03/23/2017 12:00:00 PM,10 QUEENS,,QUEENS,1036269,189001,PHONE,Unspecified,QUEENS,,,,,,,,40.68528799488517,-73.8124372201415,"(40.68528799488517, -73.8124372201415)"
35658383,03/08/2017 12:59:00 PM,03/11/2017 12:00:00 PM,DSNY,Department of Sanitation,Dirty Conditions,E8 Canine Violation,Sidewalk,11215,709 5 AVENUE,5 AVENUE,22 STREET,23 STREET,,,ADDRESS,BROOKLYN,,N/A,Closed,,The Department of Sanitation investigated this complaint and found no violation at the location.,03/11/2017 12:00:00 PM,07 BROOKLYN,3008990009,BROOKLYN,985892,179987,ONLINE,Unspecified,BROOKLYN,,,,,,,,40.660699296661825,-73.99408169463258,"(40.660699296661825, -73.99408169463258)"
35651166,03/08/2017 11:41:00 AM,03/24/2017 12:00:00 PM,DSNY,Department of Sanitation,Dirty Conditions,E8 Canine Violation,Sidewalk,10454,328 BEEKMAN AVENUE,BEEKMAN AVENUE,EAST 141 STREET,OAK TERRACE,,,ADDRESS,BRONX,,N/A,Closed,,The Department of Sanitation investigated this complaint and found no violation at the location.,03/24/2017 12:00:00 PM,01 BRONX,2025540010,BRONX,1008030,233796,ONLINE,Unspecified,BRONX,,,,,,,,40.80835985531363,-73.9140989351677,"(40.80835985531363, -73.9140989351677)"
35651043,03/08/2017 11:35:00 AM,03/22/2017 12:00:00 PM,DSNY,Department of Sanitation,Dirty Conditions,E8 Canine Violation,Sidewalk,11221,1048 LAFAYETTE AVENUE,LAFAYETTE AVENUE,MALCOLM X BOULEVARD,KOSSUTH PLACE,,,ADDRESS,BROOKLYN,,N/A,Closed,,The Department of Sanitation investigated this complaint and found no violation at the location.,03/22/2017 12:00:00 PM,03 BROOKLYN,3016120018,BROOKLYN,1003694,191521,PHONE,Unspecified,BROOKLYN,,,,,,,,40.69233631672685,-73.9298841996496,"(40.69233631672685, -73.9298841996496)"
35653254,03/08/2017 11:22:00 AM,03/11/2017 12:00:00 PM,DSNY,Department of Sanitation,Dirty Conditions,E8 Canine Violation,Sidewalk,11233,121 THOMAS S BOYLAND STREET,THOMAS S BOYLAND STREET,MARION STREET,SUMPTER STREET,,,ADDRESS,BROOKLYN,,N/A,Closed,,The Department of Sanitation investigated this complaint and found no violation at the location.,03/11/2017 12:00:00 PM,16 BROOKLYN,3015210080,BROOKLYN,1008087,187349,ONLINE,Unspecified,BROOKLYN,,,,,,,,40.68087439603472,-73.9140576446845,"(40.68087439603472, -73.9140576446845)"
35656320,03/08/2017 11:09:00 AM,03/11/2017 12:00:00 PM,DSNY,Department of Sanitation,Dirty Conditions,E8 Canine Violation,Sidewalk,11233,184 PATCHEN AVENUE,PATCHEN AVENUE,HANCOCK STREET,HALSEY STREET,,,ADDRESS,BROOKLYN,,N/A,Closed,,The Department of Sanitation investigated this complaint and found no violation at the location.,03/11/2017 12:00:00 PM,03 BROOKLYN,3016620046,BROOKLYN,1004644,188801,PHONE,Unspecified,BROOKLYN,,,,,,,,40.68486840603582,-73.92646669890192,"(40.68486840603582, -73.92646669890192)"
35657338,03/08/2017 08:42:00 AM,03/11/2017 12:00:00 PM,DSNY,Department of Sanitation,Dirty Conditions,E8 Canine Violation,Sidewalk,11233,9 PLEASANT PLACE,PLEASANT PLACE,HERKIMER STREET,ATLANTIC AVENUE,,,ADDRESS,BROOKLYN,,N/A,Closed,,The Department of Sanitation investigated this complaint and found no violation at the location.,03/11/2017 12:00:00 PM,16 BROOKLYN,3015690014,BROOKLYN,1009239,185978,ONLINE,Unspecified,BROOKLYN,,,,,,,,40.677108136293235,-73.90990928942969,"(40.677108136293235, -73.90990928942969)"
35652153,03/07/2017 06:57:00 PM,03/09/2017 12:00:00 PM,DSNY,Department of Sanitation,Dirty Conditions,E8 Canine Violation,Sidewalk,11215,555 18 STREET,18 STREET,PROSPECT PARK WEST,10 AVENUE,,,ADDRESS,BROOKLYN,,N/A,Closed,,The Department of Sanitation investigated this complaint and found no violation at the location.,03/09/2017 12:00:00 PM,07 BROOKLYN,3008770052,BROOKLYN,989448,178553,PHONE,Unspecified,BROOKLYN,,,,,,,,40.65676190851413,-73.981265812535,"(40.65676190851413, -73.981265812535)"
35651855,03/07/2017 06:11:00 PM,03/08/2017 12:00:00 PM,DSNY,Department of Sanitation,Dirty Conditions,E8 Canine Violation,Sidewalk,11208,740 EUCLID AVENUE,EUCLID AVENUE,DUMONT AVENUE,LINDEN BOULEVARD,,,ADDRESS,BROOKLYN,,N/A,Closed,,The Department of Sanitation investigated this complaint and found no violation at the location.,03/08/2017 12:00:00 PM,05 BROOKLYN,3042920061,BROOKLYN,1020221,183004,PHONE,Unspecified,BROOKLYN,,,,,,,,40.66890736958754,-73.8703327416901,"(40.66890736958754, -73.8703327416901)"
35658291,03/07/2017 05:14:00 PM,03/07/2017 05:14:00 PM,DSNY,Department of Sanitation,Dirty Conditions,E8 Canine Violation,Sidewalk,10472,1003 ELDER AVENUE,ELDER AVENUE,BRUCKNER BOULEVARD,WATSON AVENUE,,,ADDRESS,BRONX,,N/A,Closed,,The Department of Sanitation investigated this complaint and found no violation at the location.,03/07/2017 05:14:00 PM,09 BRONX,2037130067,BRONX,1017971,239577,PHONE,Unspecified,BRONX,,,,,,,,40.82419471511577,-73.8781598155,"(40.82419471511577, -73.8781598155)"
35651942,03/07/2017 05:12:00 PM,03/08/2017 12:00:00 PM,DSNY,Department of Sanitation,Dirty Conditions,E8 Canine Violation,Sidewalk,10472,1035 BOYNTON AVENUE,BOYNTON AVENUE,BRUCKNER BOULEVARD,WATSON AVENUE,,,ADDRESS,BRONX,,N/A,Closed,,The Department of Sanitation investigated this complaint and found no violation at the location.,03/08/2017 12:00:00 PM,09 BRONX,2037140050,BRONX,1018197,239789,PHONE,Unspecified,BRONX,,,,,,,,40.82477572866116,-73.87734216435173,"(40.82477572866116, -73.87734216435173)"
35653255,03/07/2017 05:08:00 PM,03/25/2017 12:00:00 PM,DSNY,Department of Sanitation,Dirty Conditions,E8 Canine Violation,Sidewalk,11427,89-89 213 STREET,213 STREET,89 AVENUE,90 AVENUE,,,ADDRESS,Queens Village,,N/A,Closed,,The Department of Sanitation investigated this complaint and found no violation at the location.,03/25/2017 12:00:00 PM,13 QUEENS,,QUEENS,1053714,202737,PHONE,Unspecified,QUEENS,,,,,,,,40.72287021364698,-73.74939510615964,"(40.72287021364698, -73.74939510615964)"
35656331,03/07/2017 03:00:00 PM,03/09/2017 12:00:00 PM,DSNY,Department of Sanitation,Dirty Conditions,E8 Canine Violation,Sidewalk,10465,2819 SCHURZ AVENUE,SCHURZ AVENUE,SWINTON AVENUE,CALHOUN AVENUE,,,ADDRESS,BRONX,,N/A,Closed,,The Department of Sanitation investigated this complaint and found no violation at the location.,03/09/2017 12:00:00 PM,10 BRONX,2055920132,BRONX,1034736,235959,PHONE,Unspecified,BRONX,,,,,,,,40.81418443209479,-73.81761214682733,"(40.81418443209479, -73.81761214682733)"
35650911,03/07/2017 02:24:00 PM,03/07/2017 02:24:00 PM,DSNY,Department of Sanitation,Dirty Conditions,E8 Canine Violation,Sidewalk,10466,715 EAST  237 STREET,EAST  237 STREET,WHITE PLAINS ROAD,FURMAN AVENUE,,,ADDRESS,BRONX,,N/A,Closed,,The Department of Sanitation investigated this complaint and found no violation at the location.,03/07/2017 02:24:00 PM,12 BRONX,2050460003,BRONX,1024443,266134,PHONE,Unspecified,BRONX,,,,,,,,40.89705850262972,-73.8546160711702,"(40.89705850262972, -73.8546160711702)"
35651937,03/07/2017 02:22:00 PM,03/08/2017 12:00:00 PM,DSNY,Department of Sanitation,Dirty Conditions,E8 Canine Violation,Sidewalk,10466,4364 BYRON AVENUE,BYRON AVENUE,EAST 237 STREET,NEREID AVENUE,,,ADDRESS,BRONX,,N/A,Closed,,The Department of Sanitation investigated this complaint and found no violation at the location.,03/08/2017 12:00:00 PM,12 BRONX,2050480034,BRONX,1024828,266126,PHONE,Unspecified,BRONX,,,,,,,,40.897034783021766,-73.85322352123589,"(40.897034783021766, -73.85322352123589)"
35657305,03/07/2017 02:14:00 PM,03/08/2017 12:00:00 PM,DSNY,Department of Sanitation,Dirty Conditions,E8 Canine Violation,Sidewalk,11208,81 HILL STREET,HILL STREET,CRESCENT STREET,AUTUMN AVENUE,,,ADDRESS,BROOKLYN,,N/A,Closed,,The Department of Sanitation investigated this complaint and found no violation at the location.,03/08/2017 12:00:00 PM,05 BROOKLYN,3041700039,BROOKLYN,1020258,186672,PHONE,Unspecified,BROOKLYN,,,,,,,,40.67897504362468,-73.87017976970468,"(40.67897504362468, -73.87017976970468)"
35644527,03/07/2017 12:34:00 PM,04/06/2017 12:00:00 PM,DSNY,Department of Sanitation,Dirty Conditions,E8 Canine Violation,Sidewalk,11355,,,,,PARSONS BOULEVARD,BARCLAY AVENUE,INTERSECTION,Flushing,,N/A,Closed,,The Department of Sanitation investigated this complaint and found no violation at the location.,04/06/2017 12:00:00 PM,07 QUEENS,,QUEENS,1033793,216101,PHONE,Unspecified,QUEENS,,,,,,,,40.75968498732696,-73.82116531957904,"(40.75968498732696, -73.82116531957904)"
35647236,03/07/2017 12:30:00 PM,03/23/2017 12:00:00 PM,DSNY,Department of Sanitation,Dirty Conditions,E8 Canine Violation,Sidewalk,10310,,,,,MYRTLE AVENUE,ELIZABETH STREET,INTERSECTION,STATEN ISLAND,,N/A,Closed,,The Department of Sanitation investigated this complaint and found no violation at the location.,03/23/2017 12:00:00 PM,01 STATEN ISLAND,,STATEN ISLAND,951088,168604,PHONE,Unspecified,STATEN ISLAND,,,,,,,,40.62939349706174,-74.11947067012555,"(40.62939349706174, -74.11947067012555)"
35648237,03/07/2017 10:18:00 AM,03/08/2017 12:00:00 PM,DSNY,Department of Sanitation,Dirty Conditions,E8 Canine Violation,Sidewalk,11206,,,,,FLUSHING AVENUE,BUSHWICK AVENUE,INTERSECTION,BROOKLYN,,N/A,Closed,,The Department of Sanitation investigated this complaint and found no violation at the location.,03/08/2017 12:00:00 PM,01 BROOKLYN,,BROOKLYN,1001724,195008,PHONE,Unspecified,BROOKLYN,,,,,,,,40.7019114267916,-73.93697904524475,"(40.7019114267916, -73.93697904524475)"
35650214,03/07/2017 10:09:00 AM,03/25/2017 12:00:00 PM,DSNY,Department of Sanitation,Dirty Conditions,E8 Canine Violation,Sidewalk,11105,22-45 41 STREET,41 STREET,DITMARS BOULEVARD,23 AVENUE,,,ADDRESS,Astoria,,N/A,Closed,,The Department of Sanitation investigated this complaint and found no violation at the location.,03/25/2017 12:00:00 PM,01 QUEENS,4007940017,QUEENS,1010195,220373,PHONE,Unspecified,QUEENS,,,,,,,,40.77151125641159,-73.90633010905562,"(40.77151125641159, -73.90633010905562)"
35649118,03/07/2017 09:15:00 AM,03/23/2017 12:00:00 PM,DSNY,Department of Sanitation,Dirty Conditions,E8 Canine Violation,Sidewalk,11433,108-20 171 STREET,171 STREET,108 AVENUE,108 DRIVE,,,ADDRESS,Jamaica,,N/A,Closed,,The Department of Sanitation investigated this complaint and found no violation at the location.,03/23/2017 12:00:00 PM,12 QUEENS,4102530047,QUEENS,1043875,193756,PHONE,Unspecified,QUEENS,,,,,,,,40.69829136397321,-73.78497059387517,"(40.69829136397321, -73.78497059387517)"
35647394,03/07/2017 07:53:00 AM,03/08/2017 12:00:00 PM,DSNY,Department of Sanitation,Dirty Conditions,E8 Canine Violation,Sidewalk,10460,922 BRONX PARK SOUTH,BRONX PARK SOUTH,DALY AVENUE,VYSE AVENUE,,,ADDRESS,BRONX,,N/A,Closed,,The Department of Sanitation investigated this complaint and found no violation at the location.,03/08/2017 12:00:00 PM,06 BRONX,2031290010,BRONX,1017383,247530,ONLINE,Unspecified,BRONX,,,,,,,,40.84602560749318,-73.88024508040856,"(40.84602560749318, -73.88024508040856)"
35646394,03/07/2017 07:51:00 AM,03/22/2017 12:00:00 PM,DSNY,Department of Sanitation,Dirty Conditions,E8 Canine Violation,Sidewalk,11229,2245 OCEAN AVENUE,OCEAN AVENUE,QUENTIN ROAD,AVENUE R,,,ADDRESS,BROOKLYN,,N/A,Closed,,The Department of Sanitation investigated this complaint and found no violation at the location.,03/22/2017 12:00:00 PM,15 BROOKLYN,3068030062,BROOKLYN,997340,160468,PHONE,Unspecified,BROOKLYN,,,,,,,,40.60711426999454,-73.95285722286124,"(40.60711426999454, -73.95285722286124)"
35650215,03/06/2017 02:28:00 PM,03/23/2017 12:00:00 PM,DSNY,Department of Sanitation,Dirty Conditions,E8 Canine Violation,Sidewalk,11423,,,,,191 STREET,JAMAICA AVENUE,INTERSECTION,Hollis,,N/A,Closed,,The Department of Sanitation investigated this complaint and found no violation at the location.,03/23/2017 12:00:00 PM,12 QUEENS,,QUEENS,1048378,198943,PHONE,Unspecified,QUEENS,,,,,,,,40.71249692178624,-73.76868181578858,"(40.71249692178624, -73.76868181578858)"
35639903,03/05/2017 10:43:00 PM,03/07/2017 12:00:00 PM,DSNY,Department of Sanitation,Dirty Conditions,E8 Canine Violation,Sidewalk,11225,340 MAPLE STREET,MAPLE STREET,NOSTRAND AVENUE,NEW YORK AVENUE,,,ADDRESS,BROOKLYN,,N/A,Closed,,The Department of Sanitation investigated this complaint and found no violation at the location.,03/07/2017 12:00:00 PM,09 BROOKLYN,3047960022,BROOKLYN,998288,180062,ONLINE,Unspecified,BROOKLYN,,,,,,,,40.660894179220875,-73.9494023032745,"(40.660894179220875, -73.9494023032745)"
35637350,03/05/2017 06:29:00 PM,03/06/2017 12:00:00 PM,DSNY,Department of Sanitation,Dirty Conditions,E8 Canine Violation,Sidewalk,10033,,,,,WEST 186 STREET,OVERLOOK TERRACE,INTERSECTION,NEW YORK,,N/A,Closed,,The Department of Sanitation investigated this complaint and found no violation at the location.,03/06/2017 12:00:00 PM,12 MANHATTAN,,MANHATTAN,1001857,250354,PHONE,Unspecified,MANHATTAN,,,,,,,,40.85382125851575,-73.93635434371556,"(40.85382125851575, -73.93635434371556)"
35629335,03/05/2017 12:34:00 PM,03/07/2017 12:00:00 PM,DSNY,Department of Sanitation,Dirty Conditions,E8 Canine Violation,Sidewalk,11434,131-32 MERRICK BOULEVARD,MERRICK BOULEVARD,FARMERS BOULEVARD,BELKNAP STREET,,,ADDRESS,Jamaica,,N/A,Closed,,The Department of Sanitation investigated this complaint and found no violation at the location.,03/07/2017 12:00:00 PM,12 QUEENS,4129830045,QUEENS,1050610,186832,ONLINE,Unspecified,QUEENS,,,,,,,,40.679238704454576,-73.76075005278102,"(40.679238704454576, -73.76075005278102)"
35634904,03/05/2017 10:32:00 AM,03/06/2017 12:00:00 PM,DSNY,Department of Sanitation,Dirty Conditions,E8 Canine Violation,Sidewalk,10463,3630 OXFORD AVENUE,OXFORD AVENUE,TULFAN TERRACE,BEND,,,ADDRESS,BRONX,,N/A,Closed,,The Department of Sanitation investigated this complaint and found no violation at the location.,03/06/2017 12:00:00 PM,08 BRONX,2057960124,BRONX,1009531,262509,ONLINE,Unspecified,BRONX,,,,,,,,40.88716435885164,-73.90856858011036,"(40.88716435885164, -73.90856858011036)"
35631115,03/05/2017 10:16:00 AM,03/07/2017 12:00:00 PM,DSNY,Department of Sanitation,Dirty Conditions,E8 Canine Violation,Sidewalk,10463,,,,,OXFORD AVENUE,WEST 236 STREET,INTERSECTION,BRONX,,N/A,Closed,,The Department of Sanitation investigated this complaint and found no violation at the location.,03/07/2017 12:00:00 PM,Unspecified BRONX,,BRONX,1009496,262265,PHONE,Unspecified,BRONX,,,,,,,,40.88649475603563,-73.90869608102625,"(40.88649475603563, -73.90869608102625)"
35623509,03/04/2017 12:04:00 PM,03/22/2017 12:00:00 PM,DSNY,Department of Sanitation,Dirty Conditions,E8 Canine Violation,Sidewalk,11216,830 LINCOLN PLACE,LINCOLN PLACE,NOSTRAND AVENUE,NEW YORK AVENUE,,,ADDRESS,BROOKLYN,,N/A,Closed,,The Department of Sanitation investigated this complaint and found no violation at the location.,03/22/2017 12:00:00 PM,08 BROOKLYN,3012620021,BROOKLYN,998395,183621,PHONE,Unspecified,BROOKLYN,,,,,,,,40.670662671780526,-73.94900917204167,"(40.670662671780526, -73.94900917204167)"
35626963,03/04/2017 10:48:00 AM,03/06/2017 12:00:00 PM,DSNY,Department of Sanitation,Dirty Conditions,E8 Canine Violation,Sidewalk,10029,,,,,EAST 111 STREET,1 AVENUE,INTERSECTION,NEW YORK,,N/A,Closed,,The Department of Sanitation investigated this complaint and found no violation at the location.,03/06/2017 12:00:00 PM,11 MANHATTAN,,MANHATTAN,1001491,228127,PHONE,Unspecified,MANHATTAN,,,,,,,,40.79281518408062,-73.9377344686472,"(40.79281518408062, -73.9377344686472)"
35626542,03/04/2017 12:01:00 AM,03/04/2017 12:00:00 PM,DSNY,Department of Sanitation,Dirty Conditions,E8 Canine Violation,Sidewalk,10457,2236 BASSFORD AVENUE,BASSFORD AVENUE,EAST 182 STREET,FLETCHER PLACE,,,ADDRESS,BRONX,,N/A,Closed,,The Department of Sanitation investigated this complaint and found no violation at the location.,03/04/2017 12:00:00 PM,06 BRONX,,BRONX,1013703,250353,ONLINE,Unspecified,BRONX,,,,,,,,40.85378694329135,-73.89353354665701,"(40.85378694329135, -73.89353354665701)"
35626959,03/03/2017 04:22:00 PM,03/07/2017 12:00:00 PM,DSNY,Department of Sanitation,Dirty Conditions,E8 Canine Violation,Sidewalk,10304,,,,,HAY STREET,TARGEE STREET,INTERSECTION,STATEN ISLAND,,N/A,Closed,,The Department of Sanitation investigated this complaint and found no violation at the location.,03/07/2017 12:00:00 PM,02 STATEN ISLAND,,STATEN ISLAND,958939,159397,PHONE,Unspecified,STATEN ISLAND,,,,,,,,40.60414811545276,-74.0911518699704,"(40.60414811545276, -74.0911518699704)"
35623875,03/03/2017 01:42:00 PM,03/07/2017 12:00:00 PM,DSNY,Department of Sanitation,Dirty Conditions,E8 Canine Violation,Sidewalk,11365,64-06 174 STREET,174 STREET,64 AVENUE,65 AVENUE,,,ADDRESS,Fresh Meadows,,N/A,Closed,,The Department of Sanitation investigated this complaint and found no violation at the location.,03/07/2017 12:00:00 PM,08 QUEENS,4069020039,QUEENS,1041081,208094,ONLINE,Unspecified,QUEENS,,,,,,,,40.73766400639429,-73.79492568124886,"(40.73766400639429, -73.79492568124886)"
35623583,03/03/2017 01:01:00 PM,03/04/2017 12:00:00 PM,DSNY,Department of Sanitation,Dirty Conditions,E8 Canine Violation,Sidewalk,10021,444 EAST   75 STREET,EAST   75 STREET,YORK AVENUE,,,,ADDRESS,NEW YORK,,N/A,Closed,,The Department of Sanitation investigated this complaint and found no violation at the location.,03/04/2017 12:00:00 PM,08 MANHATTAN,1014690028,MANHATTAN,997392,219371,PHONE,Unspecified,MANHATTAN,,,,,,,,40.76878933328586,-73.9525550502961,"(40.76878933328586, -73.9525550502961)"
35626414,03/03/2017 10:57:00 AM,03/04/2017 12:00:00 PM,DSNY,Department of Sanitation,Dirty Conditions,E8 Canine Violation,Sidewalk,10037,2350 5 AVENUE,5 AVENUE,WEST 141 STREET,BEND,,,ADDRESS,NEW YORK,,N/A,Closed,,The Department of Sanitation investigated this complaint and found no violation at the location.,03/04/2017 12:00:00 PM,10 MANHATTAN,1017390033,MANHATTAN,1002311,236847,PHONE,Unspecified,MANHATTAN,,,,,,,,40.81674754013462,-73.9347495977067,"(40.81674754013462, -73.9347495977067)"
35619926,03/03/2017 10:41:00 AM,03/04/2017 12:00:00 PM,DSNY,Department of Sanitation,Dirty Conditions,E8 Canine Violation,Sidewalk,10463,3143 KINGSBRIDGE AVENUE,KINGSBRIDGE AVENUE,NAPLES TERRACE,WEST 232 STREET,,,ADDRESS,BRONX,,N/A,Closed,,The Department of Sanitation investigated this complaint and found no violation at the location.,03/04/2017 12:00:00 PM,08 BRONX,2057080088,BRONX,1010279,260097,PHONE,Unspecified,BRONX,,,,,,,,40.88054200186549,-73.90587273430374,"(40.88054200186549, -73.90587273430374)"
35621228,03/03/2017 10:19:00 AM,03/06/2017 12:00:00 PM,DSNY,Department of Sanitation,Dirty Conditions,E8 Canine Violation,Sidewalk,10454,458 EAST  144 STREET,EAST  144 STREET,WILLIS AVENUE,BROOK AVENUE,,,ADDRESS,BRONX,,N/A,Closed,,The Department of Sanitation investigated this complaint and found no violation at the location.,03/06/2017 12:00:00 PM,01 BRONX,2022880035,BRONX,1006937,235140,ONLINE,Unspecified,BRONX,,,,,,,,40.81205163496401,-73.91804266056687,"(40.81205163496401, -73.91804266056687)"
35614242,03/03/2017 09:09:00 AM,03/04/2017 12:00:00 PM,DSNY,Department of Sanitation,Dirty Conditions,E8 Canine Violation,Sidewalk,11219,1239 51 STREET,51 STREET,NEW UTRECHT AVENUE,13 AVENUE,,,ADDRESS,BROOKLYN,,N/A,Closed,,The Department of Sanitation investigated this complaint and found no violation at the location.,03/04/2017 12:00:00 PM,12 BROOKLYN,3056480061,BROOKLYN,985833,170451,PHONE,Unspecified,BROOKLYN,,,,,,,,40.634525050970645,-73.99429658781051,"(40.634525050970645, -73.99429658781051)"
35615001,03/03/2017 08:46:00 AM,03/06/2017 12:00:00 PM,DSNY,Department of Sanitation,Dirty Conditions,E8 Canine Violation,Sidewalk,11416,95-12 103 STREET,103 STREET,95 AVENUE,97 AVENUE,,,ADDRESS,Ozone Park,,N/A,Closed,,The Department of Sanitation investigated this complaint and found no violation at the location.,03/06/2017 12:00:00 PM,09 QUEENS,4093820012,QUEENS,1028291,190182,PHONE,Unspecified,QUEENS,,,,,,,,40.68857285585944,-73.84119537976137,"(40.68857285585944, -73.84119537976137)"
35615799,03/03/2017 06:48:00 AM,03/04/2017 12:00:00 PM,DSNY,Department of Sanitation,Dirty Conditions,E8 Canine Violation,Sidewalk,10469,2891 ELY AVENUE,ELY AVENUE,BARTOW AVENUE,ARNOW AVENUE,,,ADDRESS,BRONX,,N/A,Closed,,The Department of Sanitation investigated this complaint and found no violation at the location.,03/04/2017 12:00:00 PM,12 BRONX,2047957501,BRONX,1029739,256009,MOBILE,Unspecified,BRONX,,,,,,,,40.869242873122666,-73.83552847500863,"(40.869242873122666, -73.83552847500863)"
35615688,03/02/2017 09:47:00 PM,03/04/2017 12:00:00 PM,DSNY,Department of Sanitation,Dirty Conditions,E8 Canine Violation,Sidewalk,11233,547 CHAUNCEY STREET,CHAUNCEY STREET,THOMAS S BOYLAND STREET,ROCKAWAY AVENUE,,,ADDRESS,BROOKLYN,,N/A,Closed,,The Department of Sanitation investigated this complaint and found no violation at the location.,03/04/2017 12:00:00 PM,16 BROOKLYN,3015110052,BROOKLYN,1008421,187875,PHONE,Unspecified,BROOKLYN,,,,,,,,40.682317240007485,-73.91285154903775,"(40.682317240007485, -73.91285154903775)"
35618791,03/02/2017 06:14:00 PM,03/07/2017 12:00:00 PM,DSNY,Department of Sanitation,Dirty Conditions,E8 Canine Violation,Sidewalk,11355,140-70 ASH AVENUE,ASH AVENUE,KISSENA BOULEVARD,BOWNE STREET,,,ADDRESS,Flushing,,N/A,Closed,,The Department of Sanitation investigated this complaint and found no violation at the location.,03/07/2017 12:00:00 PM,07 QUEENS,4051850037,QUEENS,1033511,214764,PHONE,Unspecified,QUEENS,,,,,,,,40.75601684711122,-73.82219304448839,"(40.75601684711122, -73.82219304448839)"
35614466,03/02/2017 04:02:00 PM,03/03/2017 12:00:00 PM,DSNY,Department of Sanitation,Dirty Conditions,E8 Canine Violation,Sidewalk,10039,335 WEST  150 STREET,WEST  150 STREET,8 AVENUE,BRADHURST AVENUE,,,ADDRESS,NEW YORK,,N/A,Closed,,The Department of Sanitation investigated this complaint and found no violation at the location.,03/03/2017 12:00:00 PM,10 MANHATTAN,,MANHATTAN,1000857,240281,PHONE,Unspecified,MANHATTAN,,,,,,,,40.82617575055177,-73.93999407815969,"(40.82617575055177, -73.93999407815969)"
35616454,03/02/2017 03:31:00 PM,03/07/2017 12:00:00 PM,DSNY,Department of Sanitation,Dirty Conditions,E8 Canine Violation,Sidewalk,11354,33-39 MURRAY STREET,MURRAY STREET,33 ROAD,34 AVENUE,,,ADDRESS,Flushing,,N/A,Closed,,The Department of Sanitation investigated this complaint and found no violation at the location.,03/07/2017 12:00:00 PM,07 QUEENS,4052360001,QUEENS,1036045,219071,PHONE,Unspecified,QUEENS,,,,,,,,40.767823947056414,-73.81301344584563,"(40.767823947056414, -73.81301344584563)"
35618821,03/02/2017 02:35:00 PM,03/04/2017 12:00:00 PM,DSNY,Department of Sanitation,Dirty Conditions,E8 Canine Violation,Sidewalk,10464,51 HAWKINS STREET,HAWKINS STREET,PAULIS PLACE,WILLIAM AVENUE,,,ADDRESS,BRONX,,N/A,Closed,,The Department of Sanitation investigated this complaint and found no violation at the location.,03/04/2017 12:00:00 PM,10 BRONX,2056290042,BRONX,1042668,247524,PHONE,Unspecified,BRONX,,,,,,,,40.84587806017173,-73.78885606584095,"(40.84587806017173, -73.78885606584095)"
35610726,03/02/2017 01:42:00 PM,03/23/2017 12:00:00 PM,DSNY,Department of Sanitation,Dirty Conditions,E8 Canine Violation,Sidewalk,10305,,,,,OLYMPIA BOULEVARD,MALLORY AVENUE,INTERSECTION,STATEN ISLAND,,N/A,Closed,,The Department of Sanitation investigated this complaint and found no violation at the location.,03/23/2017 12:00:00 PM,02 STATEN ISLAND,,STATEN ISLAND,963187,154524,PHONE,Unspecified,STATEN ISLAND,,,,,,,,40.59078383447112,-74.0758384691605,"(40.59078383447112, -74.0758384691605)"
35610709,03/02/2017 08:52:00 AM,03/04/2017 12:00:00 PM,DSNY,Department of Sanitation,Dirty Conditions,E8 Canine Violation,Sidewalk,10453,2020 MORRIS AVENUE,MORRIS AVENUE,EAST 179 STREET,EAST BURNSIDE AVENUE,,,ADDRESS,BRONX,,N/A,Closed,,The Department of Sanitation investigated this complaint and found no violation at the location.,03/04/2017 12:00:00 PM,05 BRONX,2028070043,BRONX,1010161,249816,PHONE,Unspecified,BRONX,,,,,,,,40.85232414420199,-73.9063392031496,"(40.85232414420199, -73.9063392031496)"
35604879,03/02/2017 04:37:00 AM,03/02/2017 12:00:00 PM,DSNY,Department of Sanitation,Dirty Conditions,E8 Canine Violation,Sidewalk,10472,,,,,BOYNTON AVENUE,WATSON AVENUE,INTERSECTION,BRONX,,N/A,Closed,,The Department of Sanitation investigated this complaint and found no violation at the location.,03/02/2017 12:00:00 PM,09 BRONX,,BRONX,1018110,240290,PHONE,Unspecified,BRONX,,,,,,,,40.82615116376492,-73.87765398540142,"(40.82615116376492, -73.87765398540142)"
35605231,03/02/2017 04:36:00 AM,03/06/2017 12:00:00 PM,DSNY,Department of Sanitation,Dirty Conditions,E8 Canine Violation,Sidewalk,11377,,,,,58 STREET,32 AVENUE,INTERSECTION,Woodside,,N/A,Closed,,The Department of Sanitation investigated this complaint and found no violation at the location.,03/06/2017 12:00:00 PM,01 QUEENS,,QUEENS,1011013,214659,PHONE,Unspecified,QUEENS,,,,,,,,40.75582537026595,-73.90339961494442,"(40.75582537026595, -73.90339961494442)"
35610528,03/02/2017 02:57:00 AM,03/04/2017 12:00:00 PM,DSNY,Department of Sanitation,Dirty Conditions,E8 Canine Violation,Sidewalk,11233,539 MACON STREET,MACON STREET,STUYVESANT AVENUE,MALCOLM X BOULEVARD,,,ADDRESS,BROOKLYN,,N/A,Closed,,The Department of Sanitation investigated this complaint and found no violation at the location.,03/04/2017 12:00:00 PM,03 BROOKLYN,3016660056,BROOKLYN,1003616,188239,ONLINE,Unspecified,BROOKLYN,,,,,,,,40.68332815367145,-73.9301749043551,"(40.68332815367145, -73.9301749043551)"
35606977,03/02/2017 01:06:00 AM,03/02/2017 12:00:00 PM,DSNY,Department of Sanitation,Dirty Conditions,E8 Canine Violation,Sidewalk,10468,2856 WEBB AVENUE,WEBB AVENUE,WEST 197 STREET,RESERVOIR AVENUE,,,ADDRESS,BRONX,,N/A,Closed,,The Department of Sanitation investigated this complaint and found no violation at the location.,03/02/2017 12:00:00 PM,08 BRONX,2032500071,BRONX,1011734,257483,PHONE,Unspecified,BRONX,,,,,,,,40.87336297316026,-73.90062182502744,"(40.87336297316026, -73.90062182502744)"
35606088,03/01/2017 08:04:00 PM,03/07/2017 12:00:00 PM,DSNY,Department of Sanitation,Dirty Conditions,E8 Canine Violation,Sidewalk,10305,234 MARYLAND AVENUE,MARYLAND AVENUE,VERMONT AVENUE,TOMPKINS AVENUE,,,ADDRESS,STATEN ISLAND,,N/A,Closed,,The Department of Sanitation investigated this complaint and found no violation at the location.,03/07/2017 12:00:00 PM,01 STATEN ISLAND,5028590040,STATEN ISLAND,964969,162043,ONLINE,Unspecified,STATEN ISLAND,,,,,,,,40.61142601262236,-74.06944374681638,"(40.61142601262236, -74.06944374681638)"
35610725,03/01/2017 06:46:00 PM,03/09/2017 12:00:00 PM,DSNY,Department of Sanitation,Dirty Conditions,E8 Canine Violation,Sidewalk,11232,128 33 STREET,33 STREET,3 AVENUE,4 AVENUE,,,ADDRESS,BROOKLYN,,N/A,Closed,,The Department of Sanitation investigated this complaint and found no violation at the location.,03/09/2017 12:00:00 PM,07 BROOKLYN,3006840017,BROOKLYN,983180,178527,ONLINE,Unspecified,BROOKLYN,,,,,,,,40.65669200522837,-74.00385639850646,"(40.65669200522837, -74.00385639850646)"
35607025,03/01/2017 06:19:00 PM,03/06/2017 12:00:00 PM,DSNY,Department of Sanitation,Dirty Conditions,E8 Canine Violation,Sidewalk,11385,1820 PALMETTO STREET,PALMETTO STREET,SENECA AVENUE,,,,ADDRESS,Ridgewood,,N/A,Closed,,The Department of Sanitation investigated this complaint and found no violation at the location.,03/06/2017 12:00:00 PM,05 QUEENS,4034580018,QUEENS,1009955,195479,ONLINE,Unspecified,QUEENS,,,,,,,,40.70318412878659,-73.90729170588125,"(40.70318412878659, -73.90729170588125)"
35607093,03/01/2017 05:36:00 PM,03/03/2017 12:00:00 PM,DSNY,Department of Sanitation,Dirty Conditions,E8 Canine Violation,Sidewalk,10454,451 EAST  144 STREET,EAST  144 STREET,WILLIS AVENUE,BROOK AVENUE,,,ADDRESS,BRONX,,N/A,Closed,,The Department of Sanitation investigated this complaint and found no violation at the location.,03/03/2017 12:00:00 PM,01 BRONX,2022890169,BRONX,1006902,235162,ONLINE,Unspecified,BRONX,,,,,,,,40.81211210862419,-73.91816902460084,"(40.81211210862419, -73.91816902460084)"
35606976,03/01/2017 04:38:00 PM,03/02/2017 12:00:00 PM,DSNY,Department of Sanitation,Dirty Conditions,E8 Canine Violation,Sidewalk,10461,2617 HALPERIN AVENUE,HALPERIN AVENUE,WILLIAMSBRIDGE ROAD,BLONDELL AVENUE,,,ADDRESS,BRONX,,N/A,Closed,,The Department of Sanitation investigated this complaint and found no violation at the location.,03/02/2017 12:00:00 PM,10 BRONX,2040750031,BRONX,1027395,246496,ONLINE,Unspecified,BRONX,,,,,,,,40.84314434104825,-73.8440647288728,"(40.84314434104825, -73.8440647288728)"
35611381,03/01/2017 03:07:00 PM,03/02/2017 12:00:00 PM,DSNY,Department of Sanitation,Dirty Conditions,E8 Canine Violation,Sidewalk,10460,,,,,EAST 187 STREET,SOUTHERN BOULEVARD,INTERSECTION,BRONX,,N/A,Closed,,The Department of Sanitation investigated this complaint and found no violation at the location.,03/02/2017 12:00:00 PM,06 BRONX,,BRONX,1016986,250197,PHONE,Unspecified,BRONX,,,,,,,,40.853347207852266,-73.88166696172384,"(40.853347207852266, -73.88166696172384)"
35606106,03/01/2017 02:53:00 PM,03/21/2017 12:00:00 PM,DSNY,Department of Sanitation,Dirty Conditions,E8 Canine Violation,Sidewalk,11207,669 JEROME STREET,JEROME STREET,MC CLANCY PLACE,HEGEMAN AVENUE,,,ADDRESS,BROOKLYN,,N/A,Closed,,The Department of Sanitation investigated this complaint and found no violation at the location.,03/21/2017 12:00:00 PM,05 BROOKLYN,3043100060,BROOKLYN,1016421,181287,PHONE,Unspecified,BROOKLYN,,,,,,,,40.664209214405716,-73.88403905233251,"(40.664209214405716, -73.88403905233251)"
35609086,03/01/2017 02:13:00 PM,03/02/2017 12:00:00 PM,DSNY,Department of Sanitation,Dirty Conditions,E8 Canine Violation,Sidewalk,10457,740 EAST  181 STREET,EAST  181 STREET,CLINTON AVENUE,PROSPECT AVENUE,,,ADDRESS,BRONX,,N/A,Closed,,The Department of Sanitation investigated this complaint and found no violation at the location.,03/02/2017 12:00:00 PM,06 BRONX,2030960118,BRONX,1015602,248317,PHONE,Unspecified,BRONX,,,,,,,,40.848192192166046,-73.88667858606773,"(40.848192192166046, -73.88667858606773)"
35599738,03/01/2017 01:32:00 PM,03/03/2017 12:00:00 PM,DSNY,Department of Sanitation,Dirty Conditions,E8 Canine Violation,Sidewalk,10040,65 HILLSIDE AVENUE,HILLSIDE AVENUE,BEND,ELLWOOD STREET,,,ADDRESS,NEW YORK,,N/A,Closed,,The Department of Sanitation investigated this complaint and found no violation at the location.,03/03/2017 12:00:00 PM,12 MANHATTAN,1021700134,MANHATTAN,1004077,252084,ONLINE,Unspecified,MANHATTAN,,,,,,,,40.85856488364563,-73.9283243902081,"(40.85856488364563, -73.9283243902081)"
35602028,03/01/2017 01:28:00 PM,03/02/2017 12:00:00 PM,DSNY,Department of Sanitation,Dirty Conditions,E8 Canine Violation,Sidewalk,10024,68 WEST   91 STREET,WEST   91 STREET,CENTRAL PARK WEST,COLUMBUS AVENUE,,,ADDRESS,NEW YORK,,N/A,Closed,,The Department of Sanitation investigated this complaint and found no violation at the location.,03/02/2017 12:00:00 PM,07 MANHATTAN,1012040056,MANHATTAN,992766,226882,ONLINE,Unspecified,MANHATTAN,,,,,,,,40.78941070972924,-73.96924620866251,"(40.78941070972924, -73.96924620866251)"
35599853,03/01/2017 11:46:00 AM,03/03/2017 12:00:00 PM,DSNY,Department of Sanitation,Dirty Conditions,E8 Canine Violation,Sidewalk,11233,,,,,BERGEN STREET,SARATOGA AVENUE,INTERSECTION,BROOKLYN,,N/A,Closed,,The Department of Sanitation investigated this complaint and found no violation at the location.,03/03/2017 12:00:00 PM,16 BROOKLYN,,BROOKLYN,1007359,184946,PHONE,Unspecified,BROOKLYN,,,,,,,,40.6742806375732,-73.91669062730395,"(40.6742806375732, -73.91669062730395)"
35604465,03/01/2017 11:00:00 AM,03/07/2017 12:00:00 PM,DSNY,Department of Sanitation,Dirty Conditions,E8 Canine Violation,Sidewalk,,,,,,160 STREET,HORACE HARDING EXPRESSWAY,INTERSECTION,,,N/A,Closed,,The Department of Sanitation investigated this complaint and found no violation at the location.,03/07/2017 12:00:00 PM,07 QUEENS,,QUEENS,,,PHONE,Unspecified,QUEENS,,,,,,,,,,
35598333,03/01/2017 10:04:00 AM,03/06/2017 12:00:00 PM,DSNY,Department of Sanitation,Dirty Conditions,E8 Canine Violation,Sidewalk,11211,487 DRIGGS AVENUE,DRIGGS AVENUE,NORTH 10 STREET,NORTH 9 STREET,,,ADDRESS,BROOKLYN,,N/A,Closed,,The Department of Sanitation investigated this complaint and found no violation at the location.,03/06/2017 12:00:00 PM,01 BROOKLYN,3023060005,BROOKLYN,996766,201049,ONLINE,Unspecified,BROOKLYN,,,,,,,,40.71850093751148,-73.95484911480308,"(40.71850093751148, -73.95484911480308)"
35599936,03/01/2017 09:23:00 AM,03/02/2017 12:00:00 PM,DSNY,Department of Sanitation,Dirty Conditions,E8 Canine Violation,Sidewalk,10453,,,,,MORRIS AVENUE,EAST BURNSIDE AVENUE,INTERSECTION,BRONX,,N/A,Closed,,The Department of Sanitation investigated this complaint and found no violation at the location.,03/02/2017 12:00:00 PM,05 BRONX,,BRONX,1010365,250117,PHONE,Unspecified,BRONX,,,,,,,,40.853149698235654,-73.90560062999992,"(40.853149698235654, -73.90560062999992)"
35602066,03/01/2017 09:01:00 AM,03/06/2017 12:00:00 PM,DSNY,Department of Sanitation,Dirty Conditions,E8 Canine Violation,Sidewalk,11106,32-72 30 STREET,30 STREET,BROADWAY,34 AVENUE,,,ADDRESS,Astoria,,N/A,Closed,,The Department of Sanitation investigated this complaint and found no violation at the location.,03/06/2017 12:00:00 PM,01 QUEENS,4005860070,QUEENS,1004594,216867,PHONE,Unspecified,QUEENS,,,,,,,,40.761902862531194,-73.92656214227237,"(40.761902862531194, -73.92656214227237)"
35602067,03/01/2017 06:26:00 AM,03/03/2017 12:00:00 PM,DSNY,Department of Sanitation,Dirty Conditions,E8 Canine Violation,Sidewalk,10459,,,,,SIMPSON STREET,EAST 167 STREET,INTERSECTION,BRONX,,N/A,Closed,,The Department of Sanitation investigated this complaint and found no violation at the location.,03/03/2017 12:00:00 PM,02 BRONX,,BRONX,1013881,240516,ONLINE,Unspecified,BRONX,,,,,,,,40.82678666842819,-73.89293357630528,"(40.82678666842819, -73.89293357630528)"
35599066,03/01/2017 06:22:00 AM,03/03/2017 12:00:00 PM,DSNY,Department of Sanitation,Dirty Conditions,E8 Canine Violation,Sidewalk,10459,,,,,EAST 167 STREET,FOX STREET,INTERSECTION,BRONX,,N/A,Closed,,The Department of Sanitation investigated this complaint and found no violation at the location.,03/03/2017 12:00:00 PM,02 BRONX,,BRONX,1013623,240417,ONLINE,Unspecified,BRONX,,,,,,,,40.82651580359574,-73.89386624657344,"(40.82651580359574, -73.89386624657344)"
35599408,03/01/2017 01:29:00 AM,03/01/2017 12:00:00 PM,DSNY,Department of Sanitation,Dirty Conditions,E8 Canine Violation,Sidewalk,10472,1035 BOYNTON AVENUE,BOYNTON AVENUE,BRUCKNER BOULEVARD,WATSON AVENUE,,,ADDRESS,BRONX,,N/A,Closed,,The Department of Sanitation investigated this complaint and found no violation at the location.,03/01/2017 12:00:00 PM,09 BRONX,2037140050,BRONX,1018197,239789,PHONE,Unspecified,BRONX,,,,,,,,40.82477572866116,-73.87734216435173,"(40.82477572866116, -73.87734216435173)"
35600467,02/28/2017 11:32:00 PM,03/03/2017 12:00:00 PM,DSNY,Department of Sanitation,Dirty Conditions,E8 Canine Violation,Sidewalk,11204,,,,,WEST 7 STREET,BAY PARKWAY,INTERSECTION,BROOKLYN,,N/A,Closed,,The Department of Sanitation investigated this complaint and found no violation at the location.,03/03/2017 12:00:00 PM,11 BROOKLYN,,BROOKLYN,989317,162811,ONLINE,Unspecified,BROOKLYN,,,,,,,,40.61355354299921,-73.98174977204332,"(40.61355354299921, -73.98174977204332)"
35603244,02/28/2017 05:51:00 PM,03/07/2017 12:00:00 PM,DSNY,Department of Sanitation,Dirty Conditions,E8 Canine Violation,Sidewalk,11365,69-46 184 STREET,184 STREET,69 AVENUE,73 AVENUE,,,ADDRESS,Fresh Meadows,,N/A,Closed,,The Department of Sanitation investigated this complaint and found no violation at the location.,03/07/2017 12:00:00 PM,08 QUEENS,4071360028,QUEENS,1043160,206733,ONLINE,Unspecified,QUEENS,,,,,,,,40.7339148048145,-73.78743556874642,"(40.7339148048145, -73.78743556874642)"
35603000,02/28/2017 04:58:00 PM,03/02/2017 12:00:00 PM,DSNY,Department of Sanitation,Dirty Conditions,E8 Canine Violation,Sidewalk,11237,,,,,DEKALB AVENUE,KNICKERBOCKER AVENUE,INTERSECTION,BROOKLYN,,N/A,Closed,,The Department of Sanitation investigated this complaint and found no violation at the location.,03/02/2017 12:00:00 PM,04 BROOKLYN,,BROOKLYN,1005771,194717,PHONE,Unspecified,BROOKLYN,,,,,,,,40.70110378324054,-73.9223842510617,"(40.70110378324054, -73.9223842510617)"
35602593,02/28/2017 03:09:00 PM,03/02/2017 12:00:00 PM,DSNY,Department of Sanitation,Dirty Conditions,E8 Canine Violation,Sidewalk,11208,489 LINCOLN AVENUE,LINCOLN AVENUE,LIBERTY AVENUE,GLENMORE AVENUE,,,ADDRESS,BROOKLYN,,N/A,Closed,,The Department of Sanitation investigated this complaint and found no violation at the location.,03/02/2017 12:00:00 PM,05 BROOKLYN,3042020007,BROOKLYN,1020925,186323,PHONE,Unspecified,BROOKLYN,,,,,,,,40.678014380347385,-73.86777692659824,"(40.678014380347385, -73.86777692659824)"
35603001,02/28/2017 02:32:00 PM,03/02/2017 12:00:00 PM,DSNY,Department of Sanitation,Dirty Conditions,E8 Canine Violation,Sidewalk,11234,4206 AVENUE R,AVENUE R,HENDRICKSON STREET,AVENUE O,,,ADDRESS,BROOKLYN,,N/A,Closed,,The Department of Sanitation investigated this complaint and found no violation at the location.,03/02/2017 12:00:00 PM,18 BROOKLYN,3084860038,BROOKLYN,1003541,163669,PHONE,Unspecified,BROOKLYN,,,,,,,,40.61588902388884,-73.93051559114821,"(40.61588902388884, -73.93051559114821)"
35593123,02/28/2017 11:30:00 AM,03/01/2017 12:00:00 PM,DSNY,Department of Sanitation,Dirty Conditions,E8 Canine Violation,Sidewalk,10461,1500 JARVIS AVENUE,JARVIS AVENUE,BRUCKNER BOULEVARD,ZULETTE AVENUE,,,ADDRESS,BRONX,,N/A,Closed,,The Department of Sanitation investigated this complaint and found no violation at the location.,03/01/2017 12:00:00 PM,10 BRONX,2054040201,BRONX,1032275,246492,ONLINE,Unspecified,BRONX,,,,,,,,40.84310817033392,-73.82642743610353,"(40.84310817033392, -73.82642743610353)"
35594039,02/28/2017 08:40:00 AM,03/03/2017 12:00:00 PM,DSNY,Department of Sanitation,Dirty Conditions,E8 Canine Violation,Sidewalk,11207,98 VANDERVEER STREET,VANDERVEER STREET,BUSHWICK AVENUE,DEAD END,,,ADDRESS,BROOKLYN,,N/A,Closed,,The Department of Sanitation investigated this complaint and found no violation at the location.,03/03/2017 12:00:00 PM,04 BROOKLYN,3034730021,BROOKLYN,1011005,187801,PHONE,Unspecified,BROOKLYN,,,,,,,,40.68210669364546,-73.90353524759391,"(40.68210669364546, -73.90353524759391)"
35591248,02/27/2017 05:03:00 PM,02/28/2017 12:00:00 PM,DSNY,Department of Sanitation,Dirty Conditions,E8 Canine Violation,Sidewalk,11210,621 EAST   26 STREET,EAST   26 STREET,AMERSFORT PLACE,GLENWOOD ROAD,,,ADDRESS,BROOKLYN,,N/A,Closed,,The Department of Sanitation investigated this complaint and found no violation at the location.,02/28/2017 12:00:00 PM,14 BROOKLYN,3052470034,BROOKLYN,997483,170709,PHONE,Unspecified,BROOKLYN,,,,,,,,40.63522346289652,-73.95232214335931,"(40.63522346289652, -73.95232214335931)"
35593124,02/27/2017 04:22:00 PM,03/06/2017 12:00:00 PM,DSNY,Department of Sanitation,Dirty Conditions,E8 Canine Violation,Sidewalk,11367,153-28 75 AVENUE,75 AVENUE,153 STREET,KISSENA BOULEVARD,,,ADDRESS,Flushing,,N/A,Closed,,The Department of Sanitation investigated this complaint and found no violation at the location.,03/06/2017 12:00:00 PM,08 QUEENS,4068080025,QUEENS,1036064,203900,PHONE,Unspecified,QUEENS,,,,,,,,40.72618334661375,-73.81306173463281,"(40.72618334661375, -73.81306173463281)"
35590177,02/27/2017 04:07:00 PM,03/01/2017 12:00:00 PM,DSNY,Department of Sanitation,Dirty Conditions,E8 Canine Violation,Sidewalk,10472,2032 CROSS BRONX EXPRESSWAY,CROSS BRONX EXPRESSWAY,ELLIS AVENUE,PEDESTRIAN OVERPASS,,,ADDRESS,BRONX,,N/A,Closed,,The Department of Sanitation investigated this complaint and found no violation at the location.,03/01/2017 12:00:00 PM,09 BRONX,2038030019,BRONX,1024053,242315,PHONE,Unspecified,BRONX,,,,,,,,40.831684420229976,-73.85616822185519,"(40.831684420229976, -73.85616822185519)"
35592138,02/27/2017 02:42:00 PM,03/01/2017 12:00:00 PM,DSNY,Department of Sanitation,Dirty Conditions,E8 Canine Violation,Sidewalk,11229,,,,,AVENUE R,BURNETT STREET,INTERSECTION,BROOKLYN,,N/A,Closed,,The Department of Sanitation investigated this complaint and found no violation at the location.,03/01/2017 12:00:00 PM,15 BROOKLYN,,BROOKLYN,1000679,161241,PHONE,Unspecified,BROOKLYN,,,,,,,,40.60923043477535,-73.9408301560068,"(40.60923043477535, -73.9408301560068)"
35593125,02/27/2017 01:58:00 PM,03/07/2017 12:00:00 PM,DSNY,Department of Sanitation,Dirty Conditions,E8 Canine Violation,Sidewalk,10304,101 MEDFORD ROAD,MEDFORD ROAD,BEND,KEUNE COURT,,,ADDRESS,STATEN ISLAND,,N/A,Closed,,The Department of Sanitation investigated this complaint and found no violation at the location.,03/07/2017 12:00:00 PM,02 STATEN ISLAND,5008420081,STATEN ISLAND,956907,158610,PHONE,Unspecified,STATEN ISLAND,,,,,,,,40.60198192521421,-74.0984664688345,"(40.60198192521421, -74.0984664688345)"
35581518,02/27/2017 12:04:00 PM,03/06/2017 12:00:00 PM,DSNY,Department of Sanitation,Dirty Conditions,E8 Canine Violation,Sidewalk,11373,86-10 GRAND AVENUE,GRAND AVENUE,GOLDSMITH STREET,VAN LOON STREET,,,ADDRESS,Elmhurst,,N/A,Closed,,The Department of Sanitation investigated this complaint and found no violation at the location.,03/06/2017 12:00:00 PM,04 QUEENS,4028640021,QUEENS,1017479,207392,PHONE,Unspecified,QUEENS,,,,,,,,40.73585735992973,-73.8800966783062,"(40.73585735992973, -73.8800966783062)"
35585690,02/27/2017 11:56:00 AM,02/28/2017 12:00:00 PM,DSNY,Department of Sanitation,Dirty Conditions,E8 Canine Violation,Sidewalk,10459,1118 SIMPSON STREET,SIMPSON STREET,WESTCHESTER AVENUE,EAST 167 STREET,,,ADDRESS,BRONX,,N/A,Closed,,The Department of Sanitation investigated this complaint and found no violation at the location.,02/28/2017 12:00:00 PM,02 BRONX,2027270132,BRONX,1013883,240337,ONLINE,Unspecified,BRONX,,,,,,,,40.826295358084,-73.89292714024859,"(40.826295358084, -73.89292714024859)"
35581557,02/27/2017 11:32:00 AM,03/06/2017 12:00:00 PM,DSNY,Department of Sanitation,Dirty Conditions,E8 Canine Violation,Sidewalk,11379,63-31 71 STREET,71 STREET,BEND,PENELOPE AVENUE,,,ADDRESS,Middle Village,,N/A,Closed,,The Department of Sanitation investigated this complaint and found no violation at the location.,03/06/2017 12:00:00 PM,05 QUEENS,4029800170,QUEENS,1016380,200425,ONLINE,Unspecified,QUEENS,,,,,,,,40.71673871697236,-73.88409556211495,"(40.71673871697236, -73.88409556211495)"
35584760,02/27/2017 10:36:00 AM,03/06/2017 12:00:00 PM,DSNY,Department of Sanitation,Dirty Conditions,E8 Canine Violation,Sidewalk,11373,86-06 58 AVENUE,58 AVENUE,VAN HORN STREET,SEABURY STREET,,,ADDRESS,Elmhurst,,N/A,Closed,,The Department of Sanitation investigated this complaint and found no violation at the location.,03/06/2017 12:00:00 PM,04 QUEENS,4028720010,QUEENS,1018929,205832,ONLINE,Unspecified,QUEENS,,,,,,,,40.73156998154002,-73.87487255490767,"(40.73156998154002, -73.87487255490767)"
35585699,02/27/2017 10:06:00 AM,03/02/2017 12:00:00 PM,DSNY,Department of Sanitation,Dirty Conditions,E8 Canine Violation,Sidewalk,11234,1188 EAST   53 STREET,EAST   53 STREET,AVENUE I,AVENUE J,,,ADDRESS,BROOKLYN,,N/A,Closed,,The Department of Sanitation investigated this complaint and found no violation at the location.,03/02/2017 12:00:00 PM,18 BROOKLYN,3077780051,BROOKLYN,1005030,168791,PHONE,Unspecified,BROOKLYN,,,,,,,,40.629944471179364,-73.92513658544537,"(40.629944471179364, -73.92513658544537)"
35582484,02/27/2017 09:56:00 AM,02/28/2017 12:00:00 PM,DSNY,Department of Sanitation,Dirty Conditions,E8 Canine Violation,Sidewalk,10463,3021 HEATH AVENUE,HEATH AVENUE,WEST 230 STREET,ALBANY CRESCENT,,,ADDRESS,BRONX,,N/A,Closed,,The Department of Sanitation investigated this complaint and found no violation at the location.,02/28/2017 12:00:00 PM,08 BRONX,2032600064,BRONX,1011123,258562,PHONE,Unspecified,BRONX,,,,,,,,40.876326375414884,-73.9028267829456,"(40.876326375414884, -73.9028267829456)"
35584570,02/27/2017 08:44:00 AM,02/28/2017 12:00:00 PM,DSNY,Department of Sanitation,Dirty Conditions,E8 Canine Violation,Sidewalk,10453,2130 WALTON AVENUE,WALTON AVENUE,EAST BURNSIDE AVENUE,EAST 181 STREET,,,ADDRESS,BRONX,,N/A,Closed,,The Department of Sanitation investigated this complaint and found no violation at the location.,02/28/2017 12:00:00 PM,05 BRONX,,BRONX,1010476,250732,PHONE,Unspecified,BRONX,,,,,,,,40.854837360090336,-73.90519698637857,"(40.854837360090336, -73.90519698637857)"
35583457,02/26/2017 11:36:00 PM,02/28/2017 12:00:00 PM,DSNY,Department of Sanitation,Dirty Conditions,E8 Canine Violation,Sidewalk,11236,1181 REMSEN AVENUE,REMSEN AVENUE,CONKLIN AVENUE,FLATLANDS AVENUE,,,ADDRESS,BROOKLYN,,N/A,Closed,,The Department of Sanitation investigated this complaint and found no violation at the location.,02/28/2017 12:00:00 PM,18 BROOKLYN,3081790027,BROOKLYN,1010200,172720,PHONE,Unspecified,BROOKLYN,,,,,,,,40.640715098185844,-73.90649570181407,"(40.640715098185844, -73.90649570181407)"
35583618,02/26/2017 02:57:00 PM,03/06/2017 12:00:00 PM,DSNY,Department of Sanitation,Dirty Conditions,E8 Canine Violation,Sidewalk,11101,41-40 29 STREET,29 STREET,41 AVENUE,QUEENS PLAZA,,,ADDRESS,Long Island City,,N/A,Closed,,The Department of Sanitation investigated this complaint and found no violation at the location.,03/06/2017 12:00:00 PM,01 QUEENS,,QUEENS,1001636,212720,PHONE,Unspecified,QUEENS,,,,,,,,40.750526718816154,-73.93725066278489,"(40.750526718816154, -73.93725066278489)"
35584759,02/26/2017 02:52:00 PM,03/06/2017 12:00:00 PM,DSNY,Department of Sanitation,Dirty Conditions,E8 Canine Violation,Sidewalk,,,,,,BEACH 56 PLACE,ROCKAWAY BEACH BOULEVARD,INTERSECTION,,,N/A,Closed,,The Department of Sanitation investigated this complaint and found no violation at the location.,03/06/2017 12:00:00 PM,14 QUEENS,,QUEENS,,,PHONE,Unspecified,QUEENS,,,,,,,,,,
35585663,02/26/2017 02:20:00 PM,02/27/2017 12:00:00 PM,DSNY,Department of Sanitation,Dirty Conditions,E8 Canine Violation,Sidewalk,10306,34 DONGAN HILLS AVENUE,DONGAN HILLS AVENUE,RICHMOND ROAD,JEFFERSON STREET,,,ADDRESS,STATEN ISLAND,,N/A,Closed,,The Department of Sanitation investigated this complaint and found no violation at the location.,02/27/2017 12:00:00 PM,02 STATEN ISLAND,5035320500,STATEN ISLAND,956246,153546,ONLINE,Unspecified,STATEN ISLAND,,,,,,,,40.58808020974709,-74.10082584210119,"(40.58808020974709, -74.10082584210119)"
35575811,02/26/2017 09:12:00 AM,03/07/2017 12:00:00 PM,DSNY,Department of Sanitation,Dirty Conditions,E8 Canine Violation,Sidewalk,11367,147-45 75 AVENUE,75 AVENUE,147 STREET,150 STREET,,,ADDRESS,Flushing,,N/A,Closed,,The Department of Sanitation investigated this complaint and found no violation at the location.,03/07/2017 12:00:00 PM,08 QUEENS,4066820018,QUEENS,1034684,203362,ONLINE,Unspecified,QUEENS,,,,,,,,40.724714646170796,-73.81804461496749,"(40.724714646170796, -73.81804461496749)"
35575810,02/26/2017 08:52:00 AM,02/27/2017 12:00:00 PM,DSNY,Department of Sanitation,Dirty Conditions,E8 Canine Violation,Sidewalk,10461,,,,,EAST TREMONT AVENUE,DUDLEY AVENUE,INTERSECTION,BRONX,,N/A,Closed,,The Department of Sanitation investigated this complaint and found no violation at the location.,02/27/2017 12:00:00 PM,10 BRONX,,BRONX,1029551,245052,PHONE,Unspecified,BRONX,,,,,,,,40.839170191836864,-73.8362822548714,"(40.839170191836864, -73.8362822548714)"
35580050,02/25/2017 07:37:00 PM,02/28/2017 12:00:00 PM,DSNY,Department of Sanitation,Dirty Conditions,E8 Canine Violation,Sidewalk,11218,,,,,BEVERLY ROAD,EAST 3 STREET,INTERSECTION,BROOKLYN,,N/A,Closed,,The Department of Sanitation investigated this complaint and found no violation at the location.,02/28/2017 12:00:00 PM,12 BROOKLYN,,BROOKLYN,990544,173521,PHONE,Unspecified,BROOKLYN,,,,,,,,40.6429494500645,-73.97732039866821,"(40.6429494500645, -73.97732039866821)"
35576545,02/25/2017 04:36:00 PM,02/27/2017 12:00:00 PM,DSNY,Department of Sanitation,Dirty Conditions,E8 Canine Violation,Sidewalk,10453,,,,,AQUEDUCT AVENUE,WEST 181 STREET,INTERSECTION,BRONX,,N/A,Closed,,The Department of Sanitation investigated this complaint and issued a Notice of Violation.,02/27/2017 12:00:00 PM,05 BRONX,,BRONX,1009432,251515,ONLINE,Unspecified,BRONX,,,,,,,,40.85698949949495,-73.90896794390353,"(40.85698949949495, -73.90896794390353)"
35576452,02/25/2017 03:50:00 PM,03/02/2017 12:00:00 PM,DSNY,Department of Sanitation,Dirty Conditions,E8 Canine Violation,Sidewalk,11212,106 ROCKAWAY PARKWAY,ROCKAWAY PARKWAY,RUTLAND ROAD,WINTHROP STREET,,,ADDRESS,BROOKLYN,,N/A,Closed,,The Department of Sanitation investigated this complaint and found no violation at the location.,03/02/2017 12:00:00 PM,17 BROOKLYN,3046150016,BROOKLYN,1005581,181123,PHONE,Unspecified,BROOKLYN,,,,,,,,40.663791822577274,-73.92311252084497,"(40.663791822577274, -73.92311252084497)"
35575849,02/25/2017 01:59:00 PM,03/01/2017 12:00:00 PM,DSNY,Department of Sanitation,Dirty Conditions,E8 Canine Violation,Sidewalk,11369,,,,,23 AVENUE,92 STREET,INTERSECTION,East Elmhurst,,N/A,Closed,,The Department of Sanitation investigated this complaint and found no violation at the location.,03/01/2017 12:00:00 PM,03 QUEENS,,QUEENS,1018005,219079,PHONE,Unspecified,QUEENS,,,,,,,,40.767933194048936,-73.87813999939156,"(40.767933194048936, -73.87813999939156)"
35571363,02/25/2017 07:19:00 AM,03/06/2017 12:00:00 PM,DSNY,Department of Sanitation,Dirty Conditions,E8 Canine Violation,Sidewalk,11417,,,,,TAHOE STREET,NORTH CONDUIT AVENUE,INTERSECTION,Ozone Park,,N/A,Closed,,The Department of Sanitation investigated this complaint and found no violation at the location.,03/06/2017 12:00:00 PM,10 QUEENS,,QUEENS,1029096,182684,ONLINE,Unspecified,QUEENS,,,,,,,,40.66798853494745,-73.83834258327131,"(40.66798853494745, -73.83834258327131)"
35570621,02/25/2017 06:04:00 AM,02/27/2017 12:00:00 PM,DSNY,Department of Sanitation,Dirty Conditions,E8 Canine Violation,Sidewalk,10467,2401 WHITE PLAINS ROAD,WHITE PLAINS ROAD,WARING AVENUE,MACE AVENUE,,,ADDRESS,BRONX,,N/A,Closed,,The Department of Sanitation investigated this complaint and found no violation at the location.,02/27/2017 12:00:00 PM,11 BRONX,2044260001,BRONX,1020904,253219,PHONE,Unspecified,BRONX,,,,,,,,40.861626287060766,-73.86748779703808,"(40.861626287060766, -73.86748779703808)"
35569626,02/24/2017 11:15:00 PM,02/25/2017 12:00:00 PM,DSNY,Department of Sanitation,Dirty Conditions,E8 Canine Violation,Sidewalk,11415,117-14 UNION TURNPIKE,UNION TURNPIKE,PARK LANE,GRENFELL STREET,,,ADDRESS,Kew Gardens,,N/A,Closed,,The Department of Sanitation investigated this complaint and found no violation at the location.,02/25/2017 12:00:00 PM,09 QUEENS,4033160010,QUEENS,1029812,198634,ONLINE,Unspecified,QUEENS,,,,,,,,40.71176388024919,-73.83565373724505,"(40.71176388024919, -73.83565373724505)"
35570521,02/24/2017 11:10:00 PM,02/27/2017 12:00:00 PM,DSNY,Department of Sanitation,Dirty Conditions,E8 Canine Violation,Sidewalk,11232,208 22 STREET,22 STREET,4 AVENUE,5 AVENUE,,,ADDRESS,BROOKLYN,,N/A,Closed,,The Department of Sanitation investigated this complaint and found no violation at the location.,02/27/2017 12:00:00 PM,07 BROOKLYN,3006460028,BROOKLYN,985622,180244,ONLINE,Unspecified,BROOKLYN,,,,,,,,40.66140475092285,-73.99505481069784,"(40.66140475092285, -73.99505481069784)"
35572144,02/24/2017 10:23:00 PM,02/28/2017 12:00:00 PM,DSNY,Department of Sanitation,Dirty Conditions,E8 Canine Violation,Sidewalk,11218,,,,,EAST 3 STREET,VANDERBILT STREET,INTERSECTION,BROOKLYN,,N/A,Closed,,The Department of Sanitation investigated this complaint and found no violation at the location.,02/28/2017 12:00:00 PM,07 BROOKLYN,,BROOKLYN,990045,176956,ONLINE,Unspecified,BROOKLYN,,,,,,,,40.652378122063496,-73.97911552848272,"(40.652378122063496, -73.97911552848272)"
35568788,02/24/2017 10:13:00 PM,02/28/2017 12:00:00 PM,DSNY,Department of Sanitation,Dirty Conditions,E8 Canine Violation,Sidewalk,10304,55 AUSTIN PLACE,AUSTIN PLACE,VICTORY BOULEVARD,NATALIE COURT,,,ADDRESS,STATEN ISLAND,,N/A,Closed,,The Department of Sanitation investigated this complaint and found no violation at the location.,02/28/2017 12:00:00 PM,01 STATEN ISLAND,5005797501,STATEN ISLAND,960424,169290,ONLINE,Unspecified,STATEN ISLAND,,,,,,,,40.63130645116197,-74.08583889246876,"(40.63130645116197, -74.08583889246876)"
35573189,02/24/2017 07:48:00 PM,02/25/2017 12:00:00 PM,DSNY,Department of Sanitation,Dirty Conditions,E8 Canine Violation,Sidewalk,11354,,,,,154 STREET,26 AVENUE,INTERSECTION,Flushing,,N/A,Closed,,The Department of Sanitation investigated this complaint and found no violation at the location.,02/25/2017 12:00:00 PM,07 QUEENS,,QUEENS,1036945,221298,PHONE,Unspecified,QUEENS,,,,,,,,40.773931148125904,-73.80974687964209,"(40.773931148125904, -73.80974687964209)"
35569758,02/24/2017 06:04:00 PM,02/25/2017 12:00:00 PM,DSNY,Department of Sanitation,Dirty Conditions,E8 Canine Violation,Sidewalk,10452,,,,,GRAND CONCOURSE,MOUNT EDEN PARKWAY,INTERSECTION,BRONX,,N/A,Closed,,The Department of Sanitation investigated this complaint and found no violation at the location.,02/25/2017 12:00:00 PM,04 BRONX,,BRONX,1008613,246481,PHONE,Unspecified,BRONX,,,,,,,,40.84317496421008,-73.91194689088798,"(40.84317496421008, -73.91194689088798)"
35569773,02/24/2017 04:51:00 PM,03/03/2017 12:00:00 PM,DSNY,Department of Sanitation,Dirty Conditions,E8 Canine Violation,Sidewalk,11206,,,,,LEONARD STREET,MAUJER STREET,INTERSECTION,BROOKLYN,,N/A,Closed,,The Department of Sanitation investigated this complaint and found no violation at the location.,03/03/2017 12:00:00 PM,01 BROOKLYN,,BROOKLYN,998915,198167,PHONE,Unspecified,BROOKLYN,,,,,,,,40.71058723610241,-73.94710297766562,"(40.71058723610241, -73.94710297766562)"
35573186,02/24/2017 04:41:00 PM,02/28/2017 12:00:00 PM,DSNY,Department of Sanitation,Dirty Conditions,E8 Canine Violation,Sidewalk,11221,,,,,PUTNAM AVENUE,MALCOM X BOULEVARD,INTERSECTION,BROOKLYN,,N/A,Closed,,The Department of Sanitation investigated this complaint and found no violation at the location.,02/28/2017 12:00:00 PM,03 BROOKLYN,,BROOKLYN,1003733,189346,PHONE,Unspecified,BROOKLYN,,,,,,,,40.686366358062955,-73.9297498541701,"(40.686366358062955, -73.9297498541701)"
35573187,02/24/2017 04:32:00 PM,02/28/2017 12:00:00 PM,DSNY,Department of Sanitation,Dirty Conditions,E8 Canine Violation,Sidewalk,11238,,,,,STERLING PLACE,CLASSON AVENUE,INTERSECTION,BROOKLYN,,N/A,Closed,,The Department of Sanitation investigated this complaint and found no violation at the location.,02/28/2017 12:00:00 PM,08 BROOKLYN,,BROOKLYN,995237,184835,PHONE,Unspecified,BROOKLYN,,,,,,,,40.67399931164611,-73.96039135791041,"(40.67399931164611, -73.96039135791041)"
35571439,02/24/2017 03:45:00 PM,02/28/2017 12:00:00 PM,DSNY,Department of Sanitation,Dirty Conditions,E8 Canine Violation,Sidewalk,11219,936 40 STREET,40 STREET,9 AVENUE,NEW UTRECHT AVENUE,,,ADDRESS,BROOKLYN,,N/A,Closed,,The Department of Sanitation investigated this complaint and found no violation at the location.,02/28/2017 12:00:00 PM,12 BROOKLYN,3055860022,BROOKLYN,985676,174225,PHONE,Unspecified,BROOKLYN,,,,,,,,40.64488390014155,-73.99486144760183,"(40.64488390014155, -73.99486144760183)"
35568195,02/24/2017 12:58:00 PM,02/25/2017 12:00:00 PM,DSNY,Department of Sanitation,Dirty Conditions,E8 Canine Violation,Sidewalk,11418,87-96 LEFFERTS BOULEVARD,LEFFERTS BOULEVARD,JAMAICA AVENUE,89 AVENUE,,,ADDRESS,Richmond Hill,,N/A,Closed,,The Department of Sanitation investigated this complaint and found no violation at the location.,02/25/2017 12:00:00 PM,09 QUEENS,4093280050,QUEENS,1031215,194147,PHONE,Unspecified,QUEENS,,,,,,,,40.69944080955401,-73.83062429641717,"(40.69944080955401, -73.83062429641717)"
35568335,02/24/2017 12:23:00 PM,02/27/2017 12:00:00 PM,DSNY,Department of Sanitation,Dirty Conditions,E8 Canine Violation,Sidewalk,11207,195 NEW LOTS AVENUE,NEW LOTS AVENUE,SNEDIKER AVENUE,HINSDALE STREET,,,ADDRESS,BROOKLYN,,N/A,Closed,,The Department of Sanitation investigated this complaint and found no violation at the location.,02/27/2017 12:00:00 PM,05 BROOKLYN,3038510140,BROOKLYN,1012457,179572,PHONE,Unspecified,BROOKLYN,,,,,,,,40.659515437280255,-73.89833452238214,"(40.659515437280255, -73.89833452238214)"
35566478,02/24/2017 10:17:00 AM,02/27/2017 12:00:00 PM,DSNY,Department of Sanitation,Dirty Conditions,E8 Canine Violation,Sidewalk,11207,309 BRADFORD STREET,BRADFORD STREET,PITKIN AVENUE,BELMONT AVENUE,,,ADDRESS,BROOKLYN,,N/A,Closed,,The Department of Sanitation investigated this complaint and found no violation at the location.,02/27/2017 12:00:00 PM,05 BROOKLYN,3037420005,BROOKLYN,1014238,183978,PHONE,Unspecified,BROOKLYN,,,,,,,,40.67160306709523,-73.89189573626255,"(40.67160306709523, -73.89189573626255)"
35567284,02/24/2017 09:57:00 AM,03/07/2017 12:00:00 PM,DSNY,Department of Sanitation,Dirty Conditions,E8 Canine Violation,Sidewalk,10309,,,,,MAGUIRE AVENUE,SHELDON AVENUE,INTERSECTION,STATEN ISLAND,,N/A,Closed,,The Department of Sanitation investigated this complaint and found no violation at the location.,03/07/2017 12:00:00 PM,03 STATEN ISLAND,,STATEN ISLAND,925345,135124,PHONE,Unspecified,STATEN ISLAND,,,,,,,,40.53736403967149,-74.21192128549545,"(40.53736403967149, -74.21192128549545)"
35564064,02/24/2017 09:49:00 AM,02/27/2017 12:00:00 PM,DSNY,Department of Sanitation,Dirty Conditions,E8 Canine Violation,Sidewalk,11232,21 23 STREET,23 STREET,DEAD END,3 AVENUE,,,ADDRESS,BROOKLYN,,N/A,Closed,,The Department of Sanitation investigated this complaint and found no violation at the location.,02/27/2017 12:00:00 PM,07 BROOKLYN,,BROOKLYN,984456,180843,ONLINE,Unspecified,BROOKLYN,,,,,,,,40.66304897746611,-73.99925748242995,"(40.66304897746611, -73.99925748242995)"
35568319,02/24/2017 07:59:00 AM,02/28/2017 12:00:00 PM,DSNY,Department of Sanitation,Dirty Conditions,E8 Canine Violation,Sidewalk,11207,1117 HALSEY STREET,HALSEY STREET,EVERGREEN AVENUE,CENTRAL AVENUE,,,ADDRESS,BROOKLYN,,N/A,Closed,,The Department of Sanitation investigated this complaint and found no violation at the location.,02/28/2017 12:00:00 PM,04 BROOKLYN,3034030152,BROOKLYN,1008744,190437,PHONE,Unspecified,BROOKLYN,,,,,,,,40.68934845241711,-73.9116776607759,"(40.68934845241711, -73.9116776607759)"
35563085,02/24/2017 07:04:00 AM,02/27/2017 12:00:00 PM,DSNY,Department of Sanitation,Dirty Conditions,E8 Canine Violation,Sidewalk,11234,,,,,ROYCE PLACE,ROYCE STREET,INTERSECTION,BROOKLYN,,N/A,Closed,,The Department of Sanitation investigated this complaint and found no violation at the location.,02/27/2017 12:00:00 PM,18 BROOKLYN,,BROOKLYN,1009215,166858,ONLINE,Unspecified,BROOKLYN,,,,,,,,40.62462798975608,-73.91006658458522,"(40.62462798975608, -73.91006658458522)"
35564808,02/24/2017 05:11:00 AM,02/25/2017 12:00:00 PM,DSNY,Department of Sanitation,Dirty Conditions,E8 Canine Violation,Sidewalk,10467,620 THWAITES PLACE,THWAITES PLACE,BRONX PARK EAST,BARKER AVENUE,,,ADDRESS,BRONX,,N/A,Closed,,The Department of Sanitation investigated this complaint and found no violation at the location.,02/25/2017 12:00:00 PM,11 BRONX,2043370027,BRONX,1020110,252216,PHONE,Unspecified,BRONX,,,,,,,,40.858876617792056,-73.87036364220225,"(40.858876617792056, -73.87036364220225)"
35564809,02/24/2017 04:43:00 AM,02/25/2017 12:00:00 PM,DSNY,Department of Sanitation,Dirty Conditions,E8 Canine Violation,Sidewalk,10459,,,,,EAST 167 STREET,SIMPSON STREET,INTERSECTION,BRONX,,N/A,Closed,,The Department of Sanitation investigated this complaint and found no violation at the location.,02/25/2017 12:00:00 PM,02 BRONX,,BRONX,1013881,240516,PHONE,Unspecified,BRONX,,,,,,,,40.82678666842819,-73.89293357630528,"(40.82678666842819, -73.89293357630528)"
35562570,02/23/2017 08:20:00 PM,02/24/2017 12:00:00 PM,DSNY,Department of Sanitation,Dirty Conditions,E8 Canine Violation,Sidewalk,10462,,,,,WALLACE AVENUE,LYDIG AVENUE,INTERSECTION,BRONX,,N/A,Closed,,The Department of Sanitation investigated this complaint and issued a Notice of Violation.,02/24/2017 12:00:00 PM,11 BRONX,,BRONX,1021648,250603,PHONE,Unspecified,BRONX,,,,,,,,40.85444303926804,-73.86481267447654,"(40.85444303926804, -73.86481267447654)"
35561858,02/23/2017 07:15:00 PM,02/25/2017 12:00:00 PM,DSNY,Department of Sanitation,Dirty Conditions,E8 Canine Violation,Sidewalk,11228,1316 78 STREET,78 STREET,13 AVENUE,14 AVENUE,,,ADDRESS,BROOKLYN,,N/A,Closed,,The Department of Sanitation investigated this complaint and found no violation at the location.,02/25/2017 12:00:00 PM,10 BROOKLYN,3062560011,BROOKLYN,981851,164513,ONLINE,Unspecified,BROOKLYN,,,,,,,,40.6182263046961,-74.00864127916881,"(40.6182263046961, -74.00864127916881)"
35566866,02/23/2017 05:20:00 PM,02/24/2017 12:00:00 PM,DSNY,Department of Sanitation,Dirty Conditions,E8 Canine Violation,Sidewalk,10463,545 WEST  236 STREET,WEST  236 STREET,OXFORD AVENUE,JOHNSON AVENUE,,,ADDRESS,BRONX,,N/A,Closed,,The Department of Sanitation investigated this complaint and found no violation at the location.,02/24/2017 12:00:00 PM,08 BRONX,2057980077,BRONX,1009415,262284,ONLINE,Unspecified,BRONX,,,,,,,,40.88654713639936,-73.9089889515691,"(40.88654713639936, -73.9089889515691)"
35568351,02/23/2017 04:13:00 PM,03/01/2017 12:00:00 PM,DSNY,Department of Sanitation,Dirty Conditions,E8 Canine Violation,Sidewalk,11433,108-51 MERRICK BOULEVARD,MERRICK BOULEVARD,108 AVENUE,108 DRIVE,,,ADDRESS,Jamaica,,N/A,Closed,,The Department of Sanitation investigated this complaint and found no violation at the location.,03/01/2017 12:00:00 PM,12 QUEENS,4102530010,QUEENS,1043743,193567,PHONE,Unspecified,QUEENS,,,,,,,,40.69777349295626,-73.78544830135678,"(40.69777349295626, -73.78544830135678)"
35564810,02/23/2017 02:54:00 PM,02/25/2017 12:00:00 PM,DSNY,Department of Sanitation,Dirty Conditions,E8 Canine Violation,Sidewalk,11385,,,,,CATALPA AVENUE,64 PLACE,INTERSECTION,Ridgewood,,N/A,Closed,,The Department of Sanitation investigated this complaint and found no violation at the location.,02/25/2017 12:00:00 PM,05 QUEENS,,QUEENS,1013911,196007,PHONE,Unspecified,QUEENS,,,,,,,,40.704620987462135,-73.89302158522409,"(40.704620987462135, -73.89302158522409)"
35553856,02/23/2017 01:22:00 PM,02/25/2017 12:00:00 PM,DSNY,Department of Sanitation,Dirty Conditions,E8 Canine Violation,Sidewalk,10454,575 EAST  140 STREET,EAST  140 STREET,ST ANNS AVENUE,CYPRESS AVENUE,,,ADDRESS,BRONX,,N/A,Closed,,The Department of Sanitation investigated this complaint and found no violation at the location.,02/25/2017 12:00:00 PM,01 BRONX,2025530002,BRONX,1007501,233628,ONLINE,Unspecified,BRONX,,,,,,,,40.807900150004926,-73.91601043525816,"(40.807900150004926, -73.91601043525816)"
35558849,02/23/2017 11:12:00 AM,02/25/2017 12:00:00 PM,DSNY,Department of Sanitation,Dirty Conditions,E8 Canine Violation,Sidewalk,11221,,,,,GROVE STREET,BROADWAY,INTERSECTION,BROOKLYN,,N/A,Closed,,The Department of Sanitation investigated this complaint and found no violation at the location.,02/25/2017 12:00:00 PM,04 BROOKLYN,,BROOKLYN,1005425,190817,PHONE,Unspecified,BROOKLYN,,,,,,,,40.690400027548165,-73.92364436398681,"(40.690400027548165, -73.92364436398681)"
35554680,02/23/2017 11:10:00 AM,02/25/2017 12:00:00 PM,DSNY,Department of Sanitation,Dirty Conditions,E8 Canine Violation,Sidewalk,11221,,,,,MENAHAN STREET,BUSHWICK AVENUE,INTERSECTION,BROOKLYN,,N/A,Closed,,The Department of Sanitation investigated this complaint and found no violation at the location.,02/25/2017 12:00:00 PM,04 BROOKLYN,,BROOKLYN,1005626,191478,PHONE,Unspecified,BROOKLYN,,,,,,,,40.692213836211415,-73.92291747436518,"(40.692213836211415, -73.92291747436518)"
35559803,02/23/2017 10:21:00 AM,02/25/2017 12:00:00 PM,DSNY,Department of Sanitation,Dirty Conditions,E8 Canine Violation,Sidewalk,11215,327 12 STREET,12 STREET,5 AVENUE,6 AVENUE,,,ADDRESS,BROOKLYN,,N/A,Closed,,The Department of Sanitation investigated this complaint and found no violation at the location.,02/25/2017 12:00:00 PM,06 BROOKLYN,3010230058,BROOKLYN,988058,182153,ONLINE,Unspecified,BROOKLYN,,,,,,,,40.66664382036957,-73.98627349851627,"(40.66664382036957, -73.98627349851627)"
35555668,02/23/2017 09:43:00 AM,02/24/2017 12:00:00 PM,DSNY,Department of Sanitation,Dirty Conditions,E8 Canine Violation,Sidewalk,10467,,,,,BARKER AVENUE,ARNOW AVENUE,INTERSECTION,BRONX,,N/A,Closed,,The Department of Sanitation investigated this complaint and found no violation at the location.,02/24/2017 12:00:00 PM,11 BRONX,,BRONX,1020414,255514,PHONE,Unspecified,BRONX,,,,,,,,40.867927380505186,-73.86924686673781,"(40.867927380505186, -73.86924686673781)"
35553827,02/23/2017 08:56:00 AM,02/24/2017 12:00:00 PM,DSNY,Department of Sanitation,Dirty Conditions,E8 Canine Violation,Sidewalk,10472,2003 GLEASON AVENUE,GLEASON AVENUE,PUGSLEY AVENUE,CROSS BRONX EXPRESSWAY,,,ADDRESS,BRONX,,N/A,Closed,,The Department of Sanitation investigated this complaint and found no violation at the location.,02/24/2017 12:00:00 PM,09 BRONX,2038030001,BRONX,1023871,242122,PHONE,Unspecified,BRONX,,,,,,,,40.83115550970665,-73.85682703421405,"(40.83115550970665, -73.85682703421405)"
35555669,02/23/2017 08:45:00 AM,02/27/2017 12:00:00 PM,DSNY,Department of Sanitation,Dirty Conditions,E8 Canine Violation,Sidewalk,11221,,,,,HANCOCK STREET,BUSHWICK AVENUE,INTERSECTION,BROOKLYN,,N/A,Closed,,The Department of Sanitation investigated this complaint and found no violation at the location.,02/27/2017 12:00:00 PM,04 BROOKLYN,,BROOKLYN,1007714,189921,PHONE,Unspecified,BROOKLYN,,,,,,,,40.68793494219768,-73.91539350832625,"(40.68793494219768, -73.91539350832625)"
35557779,02/23/2017 08:15:00 AM,03/06/2017 12:00:00 PM,DSNY,Department of Sanitation,Dirty Conditions,E8 Canine Violation,Sidewalk,11694,,,,,SHORE FRONT PARKWAY,BEACH 108 STREET,INTERSECTION,Rockaway Park,,N/A,Closed,,The Department of Sanitation investigated this complaint and found no violation at the location.,03/06/2017 12:00:00 PM,14 QUEENS,,QUEENS,1031791,150696,PHONE,Unspecified,QUEENS,,,,,,,,40.58017428620698,-73.82885316572036,"(40.58017428620698, -73.82885316572036)"
35556686,02/23/2017 07:29:00 AM,02/24/2017 12:00:00 PM,DSNY,Department of Sanitation,Dirty Conditions,E8 Canine Violation,Sidewalk,10468,2457 DAVIDSON AVENUE,DAVIDSON AVENUE,WEST FORDHAM ROAD,WEST 190 STREET,,,ADDRESS,BRONX,,N/A,Closed,,The Department of Sanitation investigated this complaint and found no violation at the location.,02/24/2017 12:00:00 PM,07 BRONX,,BRONX,1011354,253745,PHONE,Unspecified,BRONX,,,,,,,,40.863104483699026,-73.90201096849125,"(40.863104483699026, -73.90201096849125)"
35557610,02/23/2017 03:16:00 AM,02/23/2017 12:00:00 PM,DSNY,Department of Sanitation,Dirty Conditions,E8 Canine Violation,Sidewalk,10472,1057 BOYNTON AVENUE,BOYNTON AVENUE,BRUCKNER BOULEVARD,WATSON AVENUE,,,ADDRESS,BRONX,,N/A,Closed,,The Department of Sanitation investigated this complaint and found no violation at the location.,02/23/2017 12:00:00 PM,09 BRONX,2037140036,BRONX,1018159,240003,PHONE,Unspecified,BRONX,,,,,,,,40.82536324322324,-73.87747838486375,"(40.82536324322324, -73.87747838486375)"
35555709,02/22/2017 06:55:00 PM,02/24/2017 12:00:00 PM,DSNY,Department of Sanitation,Dirty Conditions,E8 Canine Violation,Sidewalk,11106,11-24 31 AVENUE,31 AVENUE,VERNON BOULEVARD,12 STREET,,,ADDRESS,Astoria,,N/A,Closed,,The Department of Sanitation investigated this complaint and found no violation at the location.,02/24/2017 12:00:00 PM,01 QUEENS,4005037502,QUEENS,1002349,219557,PHONE,Unspecified,QUEENS,,,,,,,,40.76929109581678,-73.93465890640535,"(40.76929109581678, -73.93465890640535)"
35555567,02/22/2017 05:47:00 PM,02/23/2017 12:00:00 PM,DSNY,Department of Sanitation,Dirty Conditions,E8 Canine Violation,Sidewalk,10461,2617 HALPERIN AVENUE,HALPERIN AVENUE,WILLIAMSBRIDGE ROAD,BLONDELL AVENUE,,,ADDRESS,BRONX,,N/A,Closed,,The Department of Sanitation investigated this complaint and found no violation at the location.,02/23/2017 12:00:00 PM,10 BRONX,2040750031,BRONX,1027395,246496,ONLINE,Unspecified,BRONX,,,,,,,,40.84314434104825,-73.8440647288728,"(40.84314434104825, -73.8440647288728)"
35556763,02/22/2017 05:24:00 PM,02/28/2017 12:00:00 PM,DSNY,Department of Sanitation,Dirty Conditions,E8 Canine Violation,Sidewalk,11355,146-47 56 ROAD,56 ROAD,146 STREET,148 STREET,,,ADDRESS,Flushing,,N/A,Closed,,The Department of Sanitation investigated this complaint and found no violation at the location.,02/28/2017 12:00:00 PM,07 QUEENS,4051730102,QUEENS,1033946,211021,PHONE,Unspecified,QUEENS,,,,,,,,40.745740845155034,-73.8206505832794,"(40.745740845155034, -73.8206505832794)"
35556687,02/22/2017 05:14:00 PM,02/24/2017 12:00:00 PM,DSNY,Department of Sanitation,Dirty Conditions,E8 Canine Violation,Sidewalk,11226,,,,,EAST 18 STREET,TENNIS COURT,INTERSECTION,BROOKLYN,,N/A,Closed,,The Department of Sanitation investigated this complaint and issued a Notice of Violation.,02/24/2017 12:00:00 PM,14 BROOKLYN,,BROOKLYN,994552,175509,PHONE,Unspecified,BROOKLYN,,,,,,,,40.64840232546488,-73.96287506312737,"(40.64840232546488, -73.96287506312737)"
35554707,02/22/2017 05:14:00 PM,02/23/2017 12:00:00 PM,DSNY,Department of Sanitation,Dirty Conditions,E8 Canine Violation,Sidewalk,10011,360 WEST   22 STREET,WEST   22 STREET,8 AVENUE,9 AVENUE,,,ADDRESS,NEW YORK,,N/A,Closed,,The Department of Sanitation investigated this complaint and found no violation at the location.,02/23/2017 12:00:00 PM,04 MANHATTAN,1007457502,MANHATTAN,984079,210814,ONLINE,Unspecified,MANHATTAN,,,,,,,,40.745312318455504,-74.00061712273754,"(40.745312318455504, -74.00061712273754)"
35560631,02/22/2017 05:01:00 PM,02/23/2017 12:00:00 PM,DSNY,Department of Sanitation,Dirty Conditions,E8 Canine Violation,Sidewalk,10458,2966 MARION AVENUE,MARION AVENUE,BEDFORD PARK BOULEVARD,EAST 201 STREET,,,ADDRESS,BRONX,,N/A,Closed,,The Department of Sanitation investigated this complaint and found no violation at the location.,02/23/2017 12:00:00 PM,07 BRONX,2032850011,BRONX,1016328,255943,PHONE,Unspecified,BRONX,,,,,,,,40.869120647952144,-73.8840179752722,"(40.869120647952144, -73.8840179752722)"
35557708,02/22/2017 03:23:00 PM,02/24/2017 12:00:00 PM,DSNY,Department of Sanitation,Dirty Conditions,E8 Canine Violation,Sidewalk,11249,,,,,BERRY STREET,DIVISION AVENUE,INTERSECTION,BROOKLYN,,N/A,Closed,,The Department of Sanitation investigated this complaint and found no violation at the location.,02/24/2017 12:00:00 PM,01 BROOKLYN,,BROOKLYN,993695,196946,PHONE,Unspecified,BROOKLYN,,,,,,,,40.70724299270041,-73.96593335878342,"(40.70724299270041, -73.96593335878342)"
35558818,02/22/2017 03:12:00 PM,02/24/2017 12:00:00 PM,DSNY,Department of Sanitation,Dirty Conditions,E8 Canine Violation,Sidewalk,11411,115-10 230 STREET,230 STREET,115 AVENUE,115 ROAD,,,ADDRESS,Cambria Heights,,N/A,Closed,,The Department of Sanitation investigated this complaint and found no violation at the location.,02/24/2017 12:00:00 PM,13 QUEENS,4112930043,QUEENS,1059398,193366,PHONE,Unspecified,QUEENS,,,,,,,,40.6971027058698,-73.7289936894912,"(40.6971027058698, -73.7289936894912)"
35559682,02/22/2017 01:55:00 PM,02/23/2017 12:00:00 PM,DSNY,Department of Sanitation,Dirty Conditions,E8 Canine Violation,Sidewalk,10468,2435 SEDGEWICK AVENUE,SEDGEWICK AVENUE,FORDHAM HILL OVAL,BAILEY AVENUE,,,ADDRESS,BRONX,,N/A,Closed,,"The Department of Sanitation has investigated the complaint and addressed the issue. If the problem persists, call 311 to enter a new complaint. If you are outside of New York City, please call (212) NEW-YORK (212-639-9675).",02/23/2017 12:00:00 PM,07 BRONX,,BRONX,1009448,254276,PHONE,Unspecified,BRONX,,,,,,,,40.864567563491846,-73.90889972444442,"(40.864567563491846, -73.90889972444442)"
35546100,02/22/2017 01:43:00 PM,02/23/2017 12:00:00 PM,DSNY,Department of Sanitation,Dirty Conditions,E8 Canine Violation,Sidewalk,,,,,,LORING PLACE NORTH,WEST 183 STREET,INTERSECTION,,,N/A,Closed,,The Department of Sanitation investigated this complaint and found no violation at the location.,02/23/2017 12:00:00 PM,07 BRONX,,BRONX,,,PHONE,Unspecified,BRONX,,,,,,,,,,
35551963,02/22/2017 10:57:00 AM,02/24/2017 12:00:00 PM,DSNY,Department of Sanitation,Dirty Conditions,E8 Canine Violation,Sidewalk,11378,58-31 58 AVENUE,58 AVENUE,58 STREET,58 PLACE,,,ADDRESS,Maspeth,,N/A,Closed,,The Department of Sanitation investigated this complaint and found no violation at the location.,02/24/2017 12:00:00 PM,05 QUEENS,4026760050,QUEENS,1008940,201967,PHONE,Unspecified,QUEENS,,,,,,,,40.72099502570724,-73.9109286340631,"(40.72099502570724, -73.9109286340631)"
35551964,02/22/2017 10:19:00 AM,02/24/2017 12:00:00 PM,DSNY,Department of Sanitation,Dirty Conditions,E8 Canine Violation,Sidewalk,11212,91 EAST   91 STREET,EAST   91 STREET,EAST NEW YORK AVENUE,RUTLAND ROAD,,,ADDRESS,BROOKLYN,,N/A,Closed,,The Department of Sanitation investigated this complaint and found no violation at the location.,02/24/2017 12:00:00 PM,17 BROOKLYN,3045940075,BROOKLYN,1003919,180543,PHONE,Unspecified,BROOKLYN,,,,,,,,40.662203699500736,-73.92910488051274,"(40.662203699500736, -73.92910488051274)"
35548158,02/22/2017 09:51:00 AM,02/24/2017 12:00:00 PM,DSNY,Department of Sanitation,Dirty Conditions,E8 Canine Violation,Sidewalk,11369,31-31 93 STREET,93 STREET,31 AVENUE,32 AVENUE,,,ADDRESS,East Elmhurst,,N/A,Closed,,The Department of Sanitation investigated this complaint and found no violation at the location.,02/24/2017 12:00:00 PM,03 QUEENS,4014050052,QUEENS,1018688,216086,ONLINE,Unspecified,QUEENS,,,,,,,,40.75971555476066,-73.87568961630025,"(40.75971555476066, -73.87568961630025)"
35552073,02/21/2017 03:56:00 PM,02/23/2017 12:00:00 PM,DSNY,Department of Sanitation,Dirty Conditions,E8 Canine Violation,Sidewalk,11218,641 20 STREET,20 STREET,SEELEY STREET,VANDERBILT STREET,,,ADDRESS,BROOKLYN,,N/A,Closed,,The Department of Sanitation investigated this complaint and found no violation at the location.,02/23/2017 12:00:00 PM,07 BROOKLYN,3052650015,BROOKLYN,989968,177260,PHONE,Unspecified,BROOKLYN,,,,,,,,40.65321258582891,-73.97939276932388,"(40.65321258582891, -73.97939276932388)"
35539190,02/21/2017 01:01:00 PM,02/24/2017 12:00:00 PM,DSNY,Department of Sanitation,Dirty Conditions,E8 Canine Violation,Sidewalk,11375,89-17 69 ROAD,69 ROAD,METROPOLITAN AVENUE,OLCOTT STREET,,,ADDRESS,Forest Hills,,N/A,Closed,,The Department of Sanitation investigated this complaint and found no violation at the location.,02/24/2017 12:00:00 PM,06 QUEENS,4032060011,QUEENS,1024544,198466,ONLINE,Unspecified,QUEENS,,,,,,,,40.71132832064505,-73.8546568589395,"(40.71132832064505, -73.8546568589395)"
35543225,02/21/2017 12:06:00 PM,02/24/2017 12:00:00 PM,DSNY,Department of Sanitation,Dirty Conditions,E8 Canine Violation,Sidewalk,11691,,,,,PLAINVIEW AVENUE,BEACH 20 STREET,INTERSECTION,Far Rockaway,,N/A,Closed,,The Department of Sanitation investigated this complaint and found no violation at the location.,02/24/2017 12:00:00 PM,14 QUEENS,,QUEENS,1052493,156991,PHONE,Unspecified,QUEENS,,,,,,,,40.59731754433884,-73.7542630573998,"(40.59731754433884, -73.7542630573998)"
35537567,02/21/2017 12:05:00 PM,02/22/2017 12:00:00 PM,DSNY,Department of Sanitation,Dirty Conditions,E8 Canine Violation,Sidewalk,10030,,,,,WEST 140 STREET,ST NICHOLAS AVENUE,INTERSECTION,NEW YORK,,N/A,Closed,,The Department of Sanitation investigated this complaint and issued a Notice of Violation.,02/22/2017 12:00:00 PM,10 MANHATTAN,,MANHATTAN,999085,238238,ONLINE,Unspecified,MANHATTAN,,,,,,,,40.82057144966086,-73.94640134476684,"(40.82057144966086, -73.94640134476684)"
35544911,02/21/2017 11:26:00 AM,02/24/2017 12:00:00 PM,DSNY,Department of Sanitation,Dirty Conditions,E8 Canine Violation,Sidewalk,11103,30-78 37 STREET,37 STREET,30 AVENUE,31 AVENUE,,,ADDRESS,Astoria,,N/A,Closed,,The Department of Sanitation investigated this complaint and found no violation at the location.,02/24/2017 12:00:00 PM,01 QUEENS,4006510078,QUEENS,1006943,217207,PHONE,Unspecified,QUEENS,,,,,,,,40.762830357371364,-73.91808156900247,"(40.762830357371364, -73.91808156900247)"
35539134,02/21/2017 09:58:00 AM,02/22/2017 12:00:00 PM,DSNY,Department of Sanitation,Dirty Conditions,E8 Canine Violation,Sidewalk,10011,,,,,WEST 21 STREET,8 AVENUE,INTERSECTION,NEW YORK,,N/A,Closed,,The Department of Sanitation investigated this complaint and found no violation at the location.,02/22/2017 12:00:00 PM,04 MANHATTAN,,MANHATTAN,984412,210338,PHONE,Unspecified,MANHATTAN,,,,,,,,40.74400581773386,-73.99941536887154,"(40.74400581773386, -73.99941536887154)"
35540904,02/21/2017 07:43:00 AM,02/23/2017 12:00:00 PM,DSNY,Department of Sanitation,Dirty Conditions,E8 Canine Violation,Sidewalk,10301,170 VAN CORTLANDT AVENUE,VAN CORTLANDT AVENUE,ELM PLACE,CLOVE ROAD,,,ADDRESS,STATEN ISLAND,,N/A,Closed,,The Department of Sanitation investigated this complaint and found no violation at the location.,02/23/2017 12:00:00 PM,01 STATEN ISLAND,5006080010,STATEN ISLAND,956082,163312,PHONE,Unspecified,STATEN ISLAND,,,,,,,,40.61488535915961,-74.10145703349026,"(40.61488535915961, -74.10145703349026)"
35540106,02/21/2017 07:37:00 AM,02/23/2017 12:00:00 PM,DSNY,Department of Sanitation,Dirty Conditions,E8 Canine Violation,Sidewalk,10065,420 EAST   61 STREET,EAST   61 STREET,1 AVENUE,YORK AVENUE,,,ADDRESS,NEW YORK,,N/A,Closed,,The Department of Sanitation investigated this complaint and found no violation at the location.,02/23/2017 12:00:00 PM,08 MANHATTAN,1014550013,MANHATTAN,995217,216377,ONLINE,Unspecified,MANHATTAN,,,,,,,,40.76057454300212,-73.96041206955331,"(40.76057454300212, -73.96041206955331)"
35545463,02/20/2017 10:44:00 PM,02/24/2017 12:00:00 PM,DSNY,Department of Sanitation,Dirty Conditions,E8 Canine Violation,Sidewalk,11434,121-30 172 STREET,172 STREET,AMELIA ROAD,BROCHER ROAD,,,ADDRESS,Jamaica,,N/A,Closed,,The Department of Sanitation investigated this complaint and found no violation at the location.,02/24/2017 12:00:00 PM,12 QUEENS,4123880213,QUEENS,1047270,188036,ONLINE,Unspecified,QUEENS,,,,,,,,40.682567808611246,-73.77278055235956,"(40.682567808611246, -73.77278055235956)"
35541698,02/20/2017 10:29:00 PM,02/27/2017 12:00:00 PM,DSNY,Department of Sanitation,Dirty Conditions,E8 Canine Violation,Sidewalk,11433,108-20 171 STREET,171 STREET,108 AVENUE,108 DRIVE,,,ADDRESS,Jamaica,,N/A,Closed,,"The Department of Sanitation has investigated the complaint and addressed the issue. If the problem persists, call 311 to enter a new complaint. If you are outside of New York City, please call (212) NEW-YORK (212-639-9675).",02/27/2017 12:00:00 PM,12 QUEENS,4102530047,QUEENS,1043875,193756,PHONE,Unspecified,QUEENS,,,,,,,,40.69829136397321,-73.78497059387517,"(40.69829136397321, -73.78497059387517)"
35543226,02/20/2017 07:47:00 PM,02/21/2017 12:00:00 PM,DSNY,Department of Sanitation,Dirty Conditions,E8 Canine Violation,Sidewalk,10312,125 CORTELYOU AVENUE,CORTELYOU AVENUE,BARLOW AVENUE,LEVERETT AVENUE,,,ADDRESS,STATEN ISLAND,,N/A,Closed,,The Department of Sanitation investigated this complaint and found no violation at the location.,02/21/2017 12:00:00 PM,03 STATEN ISLAND,5054917501,STATEN ISLAND,938643,142113,ONLINE,Unspecified,STATEN ISLAND,,,,,,,,40.55662582316304,-74.16412658885218,"(40.55662582316304, -74.16412658885218)"
35542951,02/20/2017 02:48:00 PM,02/21/2017 12:00:00 PM,DSNY,Department of Sanitation,Dirty Conditions,E8 Canine Violation,Sidewalk,10029,,,,,EAST 100 STREET,LEXINGTON AVENUE,INTERSECTION,NEW YORK,,N/A,Closed,,The Department of Sanitation investigated this complaint and issued a Notice of Violation.,02/21/2017 12:00:00 PM,11 MANHATTAN,,MANHATTAN,998355,226527,PHONE,Unspecified,MANHATTAN,,,,,,,,40.78842917713003,-73.94906342798072,"(40.78842917713003, -73.94906342798072)"
35534290,02/20/2017 12:02:00 PM,02/24/2017 12:00:00 PM,DSNY,Department of Sanitation,Dirty Conditions,E8 Canine Violation,Sidewalk,10461,,,,,PARKVIEW AVENUE,BUHRE AVENUE,INTERSECTION,BRONX,,N/A,Closed,,The Department of Sanitation investigated this complaint and found no violation at the location.,02/24/2017 12:00:00 PM,10 BRONX,,BRONX,1031602,248380,PHONE,Unspecified,BRONX,,,,,,,,40.84829380021413,-73.82884646253129,"(40.84829380021413, -73.82884646253129)"
35534341,02/20/2017 11:24:00 AM,02/21/2017 12:00:00 PM,DSNY,Department of Sanitation,Dirty Conditions,E8 Canine Violation,Sidewalk,10009,258 EAST    4 STREET,EAST    4 STREET,AVENUE B,AVENUE C,,,ADDRESS,NEW YORK,,N/A,Closed,,The Department of Sanitation investigated this complaint and found no violation at the location.,02/21/2017 12:00:00 PM,03 MANHATTAN,1003860015,MANHATTAN,989247,202698,ONLINE,Unspecified,MANHATTAN,,,,,,,,40.7230344870004,-73.98197233038869,"(40.7230344870004, -73.98197233038869)"
35532123,02/20/2017 08:52:00 AM,02/22/2017 12:00:00 PM,DSNY,Department of Sanitation,Dirty Conditions,E8 Canine Violation,Sidewalk,11212,780 ROCKAWAY AVENUE,ROCKAWAY AVENUE,RIVERDALE AVENUE,NEWPORT STREET,,,ADDRESS,BROOKLYN,,N/A,Closed,,The Department of Sanitation investigated this complaint and found no violation at the location.,02/22/2017 12:00:00 PM,16 BROOKLYN,3036027501,BROOKLYN,1009656,179963,ONLINE,Unspecified,BROOKLYN,,,,,,,,40.66059712539279,-73.90842858517726,"(40.66059712539279, -73.90842858517726)"
35531474,02/20/2017 08:49:00 AM,02/22/2017 12:00:00 PM,DSNY,Department of Sanitation,Dirty Conditions,E8 Canine Violation,Sidewalk,11213,,,,,PROSPECT PLACE,BUFFALO AVENUE,INTERSECTION,BROOKLYN,,N/A,Closed,,The Department of Sanitation investigated this complaint and found no violation at the location.,02/22/2017 12:00:00 PM,08 BROOKLYN,,BROOKLYN,1005010,184460,PHONE,Unspecified,BROOKLYN,,,,,,,,40.67295249747627,-73.92516040996338,"(40.67295249747627, -73.92516040996338)"
35532836,02/20/2017 01:06:00 AM,02/21/2017 12:00:00 PM,DSNY,Department of Sanitation,Dirty Conditions,E8 Canine Violation,Sidewalk,10472,,,,,BOYNTON AVENUE,WATSON AVENUE,INTERSECTION,BRONX,,N/A,Closed,,The Department of Sanitation investigated this complaint and found no violation at the location.,02/21/2017 12:00:00 PM,09 BRONX,,BRONX,1018110,240290,PHONE,Unspecified,BRONX,,,,,,,,40.82615116376492,-73.87765398540142,"(40.82615116376492, -73.87765398540142)"
35531456,02/19/2017 09:23:00 PM,02/22/2017 12:00:00 PM,DSNY,Department of Sanitation,Dirty Conditions,E8 Canine Violation,Sidewalk,11225,,,,,CARROLL STREET,FRANKLIN AVENUE,INTERSECTION,BROOKLYN,,N/A,Closed,,The Department of Sanitation investigated this complaint and found no violation at the location.,02/22/2017 12:00:00 PM,09 BROOKLYN,,BROOKLYN,995644,182657,ONLINE,Unspecified,BROOKLYN,,,,,,,,40.66802067528837,-73.95892778585076,"(40.66802067528837, -73.95892778585076)"
35531444,02/19/2017 07:57:00 PM,03/01/2017 12:00:00 PM,DSNY,Department of Sanitation,Dirty Conditions,E8 Canine Violation,Sidewalk,11216,,,,,NEW YORK AVENUE,PROSPECT PLACE,INTERSECTION,BROOKLYN,,N/A,Closed,,The Department of Sanitation investigated this complaint and found no violation at the location.,03/01/2017 12:00:00 PM,08 BROOKLYN,,BROOKLYN,998865,184896,PHONE,Unspecified,BROOKLYN,,,,,,,,40.67416149677965,-73.94731212095822,"(40.67416149677965, -73.94731212095822)"
35530199,02/19/2017 12:25:00 PM,02/21/2017 12:00:00 PM,DSNY,Department of Sanitation,Dirty Conditions,E8 Canine Violation,Sidewalk,10468,2891 SEDGWICK AVENUE,SEDGWICK AVENUE,WEST 229 STREET,RESERVOIR AVENUE,,,ADDRESS,BRONX,,N/A,Closed,,The Department of Sanitation investigated this complaint and found no violation at the location.,02/21/2017 12:00:00 PM,08 BRONX,2032530250,BRONX,1011542,258028,PHONE,Unspecified,BRONX,,,,,,,,40.87485942532114,-73.90131384860724,"(40.87485942532114, -73.90131384860724)"
35529591,02/19/2017 11:41:00 AM,02/21/2017 12:00:00 PM,DSNY,Department of Sanitation,Dirty Conditions,E8 Canine Violation,Sidewalk,10029,420 EAST  111 STREET,EAST  111 STREET,UNNAMED STREET,F D R DRIVE,,,ADDRESS,NEW YORK,,N/A,Closed,,The Department of Sanitation investigated this complaint and found no violation at the location.,02/21/2017 12:00:00 PM,11 MANHATTAN,1017010001,MANHATTAN,1001824,227931,PHONE,Unspecified,MANHATTAN,,,,,,,,40.792276561152036,-73.93653235899903,"(40.792276561152036, -73.93653235899903)"
35528918,02/19/2017 10:31:00 AM,02/21/2017 12:00:00 PM,DSNY,Department of Sanitation,Dirty Conditions,E8 Canine Violation,Sidewalk,,,,,,GADSEN PLACE,SAXON AVENUE,INTERSECTION,,,N/A,Closed,,The Department of Sanitation investigated this complaint and found no violation at the location.,02/21/2017 12:00:00 PM,02 STATEN ISLAND,,STATEN ISLAND,,,ONLINE,Unspecified,STATEN ISLAND,,,,,,,,,,
35530947,02/19/2017 09:59:00 AM,02/23/2017 12:00:00 PM,DSNY,Department of Sanitation,Dirty Conditions,E8 Canine Violation,Sidewalk,10452,1360 OGDEN AVENUE,OGDEN AVENUE,WEST 170 STREET,WEST 171 STREET,,,ADDRESS,BRONX,,N/A,Closed,,The Department of Sanitation investigated this complaint and issued a Notice of Violation.,02/23/2017 12:00:00 PM,04 BRONX,2025220043,BRONX,1005084,245932,PHONE,Unspecified,BRONX,,,,,,,,40.84167715154349,-73.92470315280627,"(40.84167715154349, -73.92470315280627)"
35530281,02/18/2017 07:39:00 PM,02/24/2017 12:00:00 PM,DSNY,Department of Sanitation,Dirty Conditions,E8 Canine Violation,Sidewalk,11368,55-10 102 STREET,102 STREET,LARUE AVENUE,MARTENSE AVENUE,,,ADDRESS,Corona,,N/A,Closed,,The Department of Sanitation investigated this complaint and found no violation at the location.,02/24/2017 12:00:00 PM,04 QUEENS,4019397501,QUEENS,1023639,208934,ONLINE,Unspecified,QUEENS,,,,,,,,40.74006447408759,-73.85785997902627,"(40.74006447408759, -73.85785997902627)"
35526961,02/18/2017 03:27:00 PM,02/24/2017 12:00:00 PM,DSNY,Department of Sanitation,Dirty Conditions,E8 Canine Violation,Sidewalk,11105,47-02 DITMARS BOULEVARD,DITMARS BOULEVARD,47 STREET,48 STREET,,,ADDRESS,Astoria,,N/A,Closed,,The Department of Sanitation investigated this complaint and found no violation at the location.,02/24/2017 12:00:00 PM,01 QUEENS,4007590027,QUEENS,1011486,219730,PHONE,Unspecified,QUEENS,,,,,,,,40.76974250672426,-73.90167178868721,"(40.76974250672426, -73.90167178868721)"
35525653,02/18/2017 11:34:00 AM,02/24/2017 12:00:00 PM,DSNY,Department of Sanitation,Dirty Conditions,E8 Canine Violation,Sidewalk,11231,135 RICHARD STREET,RICHARD STREET,KING STREET,SULLIVAN STREET,,,ADDRESS,BROOKLYN,,N/A,Closed,,The Department of Sanitation investigated this complaint and found no violation at the location.,02/24/2017 12:00:00 PM,06 BROOKLYN,3005570001,BROOKLYN,981379,185999,PHONE,Unspecified,BROOKLYN,,,,,,,,40.677200581770165,-74.01035058400049,"(40.677200581770165, -74.01035058400049)"
35518508,02/18/2017 08:58:00 AM,02/21/2017 12:00:00 PM,DSNY,Department of Sanitation,Dirty Conditions,E8 Canine Violation,Sidewalk,10022,326 EAST   58 STREET,EAST   58 STREET,,,,,ADDRESS,NEW YORK,,N/A,Closed,,The Department of Sanitation investigated this complaint and issued a Notice of Violation.,02/21/2017 12:00:00 PM,06 MANHATTAN,1013500038,MANHATTAN,994336,215972,PHONE,Unspecified,MANHATTAN,,,,,,,,40.759463970832314,-73.96359285064304,"(40.759463970832314, -73.96359285064304)"
35524271,02/18/2017 04:07:00 AM,02/25/2017 12:00:00 PM,DSNY,Department of Sanitation,Dirty Conditions,E8 Canine Violation,Sidewalk,10305,,,,,NARROWS ROAD SOUTH,FINGERBOARD ROAD,INTERSECTION,STATEN ISLAND,,N/A,Closed,,The Department of Sanitation investigated this complaint and found no violation at the location.,02/25/2017 12:00:00 PM,02 STATEN ISLAND,,STATEN ISLAND,965006,159201,ONLINE,Unspecified,STATEN ISLAND,,,,,,,,40.603625387178006,-74.0693023870406,"(40.603625387178006, -74.0693023870406)"
35518492,02/17/2017 09:57:00 PM,02/18/2017 12:00:00 PM,DSNY,Department of Sanitation,Dirty Conditions,E8 Canine Violation,Sidewalk,10467,,,,,EAST 205 STREET,PERRY AVENUE,INTERSECTION,BRONX,,N/A,Closed,,The Department of Sanitation investigated this complaint and found no violation at the location.,02/18/2017 12:00:00 PM,07 BRONX,,BRONX,1018124,257774,PHONE,Unspecified,BRONX,,,,,,,,40.874139467516635,-73.87751506381505,"(40.874139467516635, -73.87751506381505)"
35522564,02/17/2017 08:20:00 PM,02/23/2017 12:00:00 PM,DSNY,Department of Sanitation,Dirty Conditions,E8 Canine Violation,Sidewalk,10452,1114 GERARD AVENUE,GERARD AVENUE,EAST 165 STREET,MC CLELLAN STREET,,,ADDRESS,BRONX,,N/A,Closed,,The Department of Sanitation investigated this complaint and found no violation at the location.,02/23/2017 12:00:00 PM,04 BRONX,2024780024,BRONX,1005924,242786,PHONE,Unspecified,BRONX,,,,,,,,40.83304027529165,-73.92167744887476,"(40.83304027529165, -73.92167744887476)"
35524562,02/17/2017 08:18:00 PM,02/23/2017 12:00:00 PM,DSNY,Department of Sanitation,Dirty Conditions,E8 Canine Violation,Sidewalk,10452,1100 GERARD AVENUE,GERARD AVENUE,EAST 165 STREET,MC CLELLAN STREET,,,ADDRESS,BRONX,,N/A,Closed,,The Department of Sanitation investigated this complaint and found no violation at the location.,02/23/2017 12:00:00 PM,04 BRONX,2024780018,BRONX,1005887,242703,PHONE,Unspecified,BRONX,,,,,,,,40.832812554998156,-73.92181142208624,"(40.832812554998156, -73.92181142208624)"
35525650,02/17/2017 08:16:00 PM,02/21/2017 12:00:00 PM,DSNY,Department of Sanitation,Dirty Conditions,E8 Canine Violation,Sidewalk,10452,1112 GERARD AVENUE,GERARD AVENUE,EAST 165 STREET,MC CLELLAN STREET,,,ADDRESS,BRONX,,N/A,Closed,,The Department of Sanitation investigated this complaint and found no violation at the location.,02/21/2017 12:00:00 PM,04 BRONX,2024780024,BRONX,1005918,242774,PHONE,Unspecified,BRONX,,,,,,,,40.83300735348213,-73.92169916960842,"(40.83300735348213, -73.92169916960842)"
35524630,02/17/2017 08:15:00 PM,02/21/2017 12:00:00 PM,DSNY,Department of Sanitation,Dirty Conditions,E8 Canine Violation,Sidewalk,10452,1098 GERARD AVENUE,GERARD AVENUE,EAST 165 STREET,MC CLELLAN STREET,,,ADDRESS,BRONX,,N/A,Closed,,The Department of Sanitation investigated this complaint and found no violation at the location.,02/21/2017 12:00:00 PM,04 BRONX,2024780018,BRONX,1005881,242691,PHONE,Unspecified,BRONX,,,,,,,,40.832779633162104,-73.92183314267928,"(40.832779633162104, -73.92183314267928)"
35518471,02/17/2017 05:45:00 PM,02/27/2017 12:00:00 PM,DSNY,Department of Sanitation,Dirty Conditions,E8 Canine Violation,Sidewalk,11106,32-74 30 STREET,30 STREET,BROADWAY,34 AVENUE,,,ADDRESS,Astoria,,N/A,Closed,,The Department of Sanitation investigated this complaint and found no violation at the location.,02/27/2017 12:00:00 PM,01 QUEENS,4005860171,QUEENS,1004594,216866,PHONE,Unspecified,QUEENS,,,,,,,,40.76190011778919,-73.92656214529866,"(40.76190011778919, -73.92656214529866)"
35518261,02/17/2017 03:05:00 PM,02/21/2017 12:00:00 PM,DSNY,Department of Sanitation,Dirty Conditions,E8 Canine Violation,Sidewalk,10308,41 KATAN AVENUE,KATAN AVENUE,EXETER STREET,SHAFTER AVENUE,,,ADDRESS,STATEN ISLAND,,N/A,Closed,,The Department of Sanitation investigated this complaint and found no violation at the location.,02/21/2017 12:00:00 PM,03 STATEN ISLAND,5046310027,STATEN ISLAND,943305,141266,ONLINE,Unspecified,STATEN ISLAND,,,,,,,,40.55432372399717,-74.14734428648093,"(40.55432372399717, -74.14734428648093)"
35522508,02/17/2017 02:05:00 PM,02/21/2017 12:00:00 PM,DSNY,Department of Sanitation,Dirty Conditions,E8 Canine Violation,Sidewalk,10314,24 GADSEN PLACE,GADSEN PLACE,SAXON AVENUE,TRAVIS AVENUE,,,ADDRESS,STATEN ISLAND,,N/A,Closed,,The Department of Sanitation investigated this complaint and found no violation at the location.,02/21/2017 12:00:00 PM,02 STATEN ISLAND,5023620054,STATEN ISLAND,939779,155512,PHONE,Unspecified,STATEN ISLAND,,,,,,,,40.59340915713319,-74.16012660192287,"(40.59340915713319, -74.16012660192287)"
35524559,02/17/2017 02:01:00 PM,02/21/2017 12:00:00 PM,DSNY,Department of Sanitation,Dirty Conditions,E8 Canine Violation,Sidewalk,10314,21 GADSEN PLACE,GADSEN PLACE,SAXON AVENUE,TRAVIS AVENUE,,,ADDRESS,STATEN ISLAND,,N/A,Closed,,The Department of Sanitation investigated this complaint and found no violation at the location.,02/21/2017 12:00:00 PM,02 STATEN ISLAND,5023637501,STATEN ISLAND,939790,155520,PHONE,Unspecified,STATEN ISLAND,,,,,,,,40.593431170674705,-74.16008704698582,"(40.593431170674705, -74.16008704698582)"
35517661,02/17/2017 12:01:00 PM,02/18/2017 12:00:00 PM,DSNY,Department of Sanitation,Dirty Conditions,E8 Canine Violation,Sidewalk,10035,,,,,EAST 120 STREET,PARK AVENUE,INTERSECTION,NEW YORK,,N/A,Closed,,The Department of Sanitation investigated this complaint and found no violation at the location.,02/18/2017 12:00:00 PM,11 MANHATTAN,,MANHATTAN,1000487,231424,PHONE,Unspecified,MANHATTAN,,,,,,,,40.80186645236,-73.94135242178578,"(40.80186645236, -73.94135242178578)"
35512033,02/17/2017 11:50:00 AM,02/24/2017 12:00:00 PM,DSNY,Department of Sanitation,Dirty Conditions,E8 Canine Violation,Sidewalk,11201,414 HICKS STREET,HICKS STREET,WARREN STREET,BALTIC STREET,,,ADDRESS,BROOKLYN,,N/A,Closed,,The Department of Sanitation investigated this complaint and found no violation at the location.,02/24/2017 12:00:00 PM,06 BROOKLYN,3003047501,BROOKLYN,984392,190124,PHONE,Unspecified,BROOKLYN,,,,,,,,40.68852323167549,-73.99948797195933,"(40.68852323167549, -73.99948797195933)"
35516118,02/17/2017 11:45:00 AM,02/21/2017 12:00:00 PM,DSNY,Department of Sanitation,Dirty Conditions,E8 Canine Violation,Sidewalk,10472,1160 MANOR AVENUE,MANOR AVENUE,WATSON AVENUE,WESTCHESTER AVENUE,,,ADDRESS,BRONX,,N/A,Closed,,The Department of Sanitation investigated this complaint and found no violation at the location.,02/21/2017 12:00:00 PM,09 BRONX,2037430032,BRONX,1018525,240946,PHONE,Unspecified,BRONX,,,,,,,,40.82795009425688,-73.87615112059125,"(40.82795009425688, -73.87615112059125)"
35512575,02/17/2017 11:10:00 AM,02/24/2017 12:00:00 PM,DSNY,Department of Sanitation,Dirty Conditions,E8 Canine Violation,Sidewalk,,,,,,HOLLAND AVENUE,BEACH 90 STREET,INTERSECTION,,,N/A,Closed,,The Department of Sanitation investigated this complaint and found no violation at the location.,02/24/2017 12:00:00 PM,14 QUEENS,,QUEENS,,,PHONE,Unspecified,QUEENS,,,,,,,,,,
35511947,02/17/2017 10:30:00 AM,02/28/2017 12:00:00 PM,DSNY,Department of Sanitation,Dirty Conditions,E8 Canine Violation,Sidewalk,11226,582 PARKSIDE AVENUE,PARKSIDE AVENUE,BEDFORD AVENUE,ROGERS AVENUE,,,ADDRESS,BROOKLYN,,N/A,Closed,,The Department of Sanitation investigated this complaint and found no violation at the location.,02/28/2017 12:00:00 PM,09 BROOKLYN,3050560039,BROOKLYN,996956,178279,PHONE,Unspecified,BROOKLYN,,,,,,,,40.656002248329614,-73.95420664016926,"(40.656002248329614, -73.95420664016926)"
35513890,02/17/2017 10:11:00 AM,02/24/2017 12:00:00 PM,DSNY,Department of Sanitation,Dirty Conditions,E8 Canine Violation,Sidewalk,11215,273 8 STREET,8 STREET,4 AVENUE,5 AVENUE,,,ADDRESS,BROOKLYN,,N/A,Closed,,The Department of Sanitation investigated this complaint and found no violation at the location.,02/24/2017 12:00:00 PM,06 BROOKLYN,3009980041,BROOKLYN,988042,183395,ONLINE,Unspecified,BROOKLYN,,,,,,,,40.670052840299086,-73.98633047426075,"(40.670052840299086, -73.98633047426075)"
35513782,02/17/2017 08:19:00 AM,02/24/2017 12:00:00 PM,DSNY,Department of Sanitation,Dirty Conditions,E8 Canine Violation,Sidewalk,10465,,,,,EAST TREMONT AVENUE,PHILIP AVENUE,INTERSECTION,BRONX,,N/A,Closed,,The Department of Sanitation investigated this complaint and found no violation at the location.,02/24/2017 12:00:00 PM,10 BRONX,,BRONX,1033074,240941,PHONE,Unspecified,BRONX,,,,,,,,40.827867929137774,-73.82358009351974,"(40.827867929137774, -73.82358009351974)"
35511980,02/17/2017 04:40:00 AM,02/22/2017 12:00:00 PM,DSNY,Department of Sanitation,Dirty Conditions,E8 Canine Violation,Sidewalk,10467,679 WARING AVENUE,WARING AVENUE,OLINVILLE AVENUE,WHITE PLAINS ROAD,,,ADDRESS,BRONX,,N/A,Closed,,The Department of Sanitation investigated this complaint and found no violation at the location.,02/22/2017 12:00:00 PM,11 BRONX,2044260005,BRONX,1020699,253124,PHONE,Unspecified,BRONX,,,,,,,,40.86136638977537,-73.86822943225765,"(40.86136638977537, -73.86822943225765)"
35513886,02/16/2017 09:42:00 PM,02/18/2017 12:00:00 PM,DSNY,Department of Sanitation,Dirty Conditions,E8 Canine Violation,Sidewalk,10461,2620 HALPERIN AVENUE,HALPERIN AVENUE,WILLIAMSBRIDGE ROAD,BLONDELL AVENUE,,,ADDRESS,BRONX,,N/A,Closed,,The Department of Sanitation investigated this complaint and found no violation at the location.,02/18/2017 12:00:00 PM,10 BRONX,2040740014,BRONX,1027427,246510,ONLINE,Unspecified,BRONX,,,,,,,,40.84318261048177,-73.84394898412336,"(40.84318261048177, -73.84394898412336)"
35516925,02/16/2017 09:40:00 PM,02/18/2017 12:00:00 PM,DSNY,Department of Sanitation,Dirty Conditions,E8 Canine Violation,Sidewalk,10461,2623 HALPERIN AVENUE,HALPERIN AVENUE,WILLIAMSBRIDGE ROAD,BLONDELL AVENUE,,,ADDRESS,BRONX,,N/A,Closed,,The Department of Sanitation investigated this complaint and found no violation at the location.,02/18/2017 12:00:00 PM,10 BRONX,2040750030,BRONX,1027438,246525,ONLINE,Unspecified,BRONX,,,,,,,,40.84322372723437,-73.84390913122522,"(40.84322372723437, -73.84390913122522)"
35514447,02/16/2017 09:38:00 PM,02/18/2017 12:00:00 PM,DSNY,Department of Sanitation,Dirty Conditions,E8 Canine Violation,Sidewalk,10461,2617 HALPERIN AVENUE,HALPERIN AVENUE,WILLIAMSBRIDGE ROAD,BLONDELL AVENUE,,,ADDRESS,BRONX,,N/A,Closed,,The Department of Sanitation investigated this complaint and found no violation at the location.,02/18/2017 12:00:00 PM,10 BRONX,2040750031,BRONX,1027395,246496,ONLINE,Unspecified,BRONX,,,,,,,,40.84314434104825,-73.8440647288728,"(40.84314434104825, -73.8440647288728)"
35516703,02/16/2017 04:21:00 PM,02/18/2017 12:00:00 PM,DSNY,Department of Sanitation,Dirty Conditions,E8 Canine Violation,Sidewalk,11419,107-63 114 STREET,114 STREET,107 AVENUE,109 AVENUE,,,ADDRESS,South Richmond Hill,,N/A,Closed,,The Department of Sanitation investigated this complaint and found no violation at the location.,02/18/2017 12:00:00 PM,10 QUEENS,4095520047,QUEENS,1032175,188086,PHONE,Unspecified,QUEENS,,,,,,,,40.682799647523495,-73.82720525646566,"(40.682799647523495, -73.82720525646566)"
35506274,02/16/2017 12:44:00 PM,02/18/2017 12:00:00 PM,DSNY,Department of Sanitation,Dirty Conditions,E8 Canine Violation,Sidewalk,10033,,,,,WEST 178 STREET,WADSWORTH AVENUE,INTERSECTION,NEW YORK,,N/A,Closed,,The Department of Sanitation investigated this complaint and found no violation at the location.,02/18/2017 12:00:00 PM,12 MANHATTAN,,MANHATTAN,1001845,248186,PHONE,Unspecified,MANHATTAN,,,,,,,,40.84787076634195,-73.93640341087016,"(40.84787076634195, -73.93640341087016)"
35509253,02/16/2017 12:30:00 PM,02/18/2017 12:00:00 PM,DSNY,Department of Sanitation,Dirty Conditions,E8 Canine Violation,Sidewalk,10458,,,,,BAINBRIDGE AVENUE,EAST 193 STREET,INTERSECTION,BRONX,,N/A,Closed,,The Department of Sanitation investigated this complaint and found no violation at the location.,02/18/2017 12:00:00 PM,07 BRONX,,BRONX,1014001,254089,PHONE,Unspecified,BRONX,,,,,,,,40.864040135005396,-73.892439757325,"(40.864040135005396, -73.892439757325)"
35504107,02/16/2017 12:20:00 PM,02/18/2017 12:00:00 PM,DSNY,Department of Sanitation,Dirty Conditions,E8 Canine Violation,Sidewalk,11215,,,,,8 STREET,5 AVENUE,INTERSECTION,BROOKLYN,,N/A,Closed,,The Department of Sanitation investigated this complaint and found no violation at the location.,02/18/2017 12:00:00 PM,06 BROOKLYN,,BROOKLYN,988190,183297,ONLINE,Unspecified,BROOKLYN,,,,,,,,40.66978378757261,-73.98579701630447,"(40.66978378757261, -73.98579701630447)"
35509298,02/16/2017 07:38:00 AM,02/17/2017 12:00:00 PM,DSNY,Department of Sanitation,Dirty Conditions,E8 Canine Violation,Sidewalk,10469,,,,,BRONXWOOD AVENUE,EAST 217 STREET,INTERSECTION,BRONX,,N/A,Closed,,The Department of Sanitation investigated this complaint and found no violation at the location.,02/17/2017 12:00:00 PM,12 BRONX,,BRONX,1023563,260040,PHONE,Unspecified,BRONX,,,,,,,,40.880336378943866,-73.857834927805,"(40.880336378943866, -73.857834927805)"
35506272,02/16/2017 01:13:00 AM,02/21/2017 12:00:00 PM,DSNY,Department of Sanitation,Dirty Conditions,E8 Canine Violation,Sidewalk,11210,,,,,FLATBUSH AVENUE,HUBBARD PLACE,INTERSECTION,BROOKLYN,,N/A,Closed,,The Department of Sanitation investigated this complaint and found no violation at the location.,02/21/2017 12:00:00 PM,18 BROOKLYN,,BROOKLYN,1001301,166706,PHONE,Unspecified,BROOKLYN,,,,,,,,40.62422954844458,-73.93857619193803,"(40.62422954844458, -73.93857619193803)"
35510317,02/15/2017 10:48:00 PM,02/27/2017 12:00:00 PM,DSNY,Department of Sanitation,Dirty Conditions,E8 Canine Violation,Sidewalk,11217,480 BALTIC STREET,BALTIC STREET,BOND STREET,NEVINS STREET,,,ADDRESS,BROOKLYN,,N/A,Closed,,The Department of Sanitation investigated this complaint and found no violation at the location.,02/27/2017 12:00:00 PM,06 BROOKLYN,3004050024,BROOKLYN,988104,187968,ONLINE,Unspecified,BROOKLYN,,,,,,,,40.68260466681323,-73.9861043596178,"(40.68260466681323, -73.9861043596178)"
35510127,02/15/2017 03:56:00 PM,02/16/2017 12:00:00 PM,DSNY,Department of Sanitation,Dirty Conditions,E8 Canine Violation,Sidewalk,10021,,,,,EAST 75 STREET,1 AVENUE,INTERSECTION,NEW YORK,,N/A,Closed,,The Department of Sanitation investigated this complaint and found no violation at the location.,02/16/2017 12:00:00 PM,08 MANHATTAN,,MANHATTAN,996832,219722,PHONE,Unspecified,MANHATTAN,,,,,,,,40.7697535516452,-73.95457609210037,"(40.7697535516452, -73.95457609210037)"
35505192,02/15/2017 02:29:00 PM,02/22/2017 12:00:00 PM,DSNY,Department of Sanitation,Dirty Conditions,E8 Canine Violation,Sidewalk,11201,,,,,STATE STREET,COURT STREET,INTERSECTION,BROOKLYN,,N/A,Closed,,The Department of Sanitation investigated this complaint and found no violation at the location.,02/22/2017 12:00:00 PM,02 BROOKLYN,,BROOKLYN,986454,190788,PHONE,Unspecified,BROOKLYN,,,,,,,,40.69034548566969,-73.99205253067136,"(40.69034548566969, -73.99205253067136)"
35495266,02/15/2017 01:19:00 PM,02/16/2017 12:00:00 PM,DSNY,Department of Sanitation,Dirty Conditions,E8 Canine Violation,Sidewalk,10472,1160 MANOR AVENUE,MANOR AVENUE,WATSON AVENUE,WESTCHESTER AVENUE,,,ADDRESS,BRONX,,N/A,Closed,,The Department of Sanitation investigated this complaint and found no violation at the location.,02/16/2017 12:00:00 PM,09 BRONX,2037430032,BRONX,1018525,240946,PHONE,Unspecified,BRONX,,,,,,,,40.82795009425688,-73.87615112059125,"(40.82795009425688, -73.87615112059125)"
35499288,02/15/2017 11:48:00 AM,02/22/2017 12:00:00 PM,DSNY,Department of Sanitation,Dirty Conditions,E8 Canine Violation,Sidewalk,11208,314 MILFORD STREET,MILFORD STREET,SUTTER AVENUE,BLAKE AVENUE,,,ADDRESS,BROOKLYN,,N/A,Closed,,The Department of Sanitation investigated this complaint and found no violation at the location.,02/22/2017 12:00:00 PM,05 BROOKLYN,3040560035,BROOKLYN,1018551,183958,PHONE,Unspecified,BROOKLYN,,,,,,,,40.67153251141101,-73.87634784853849,"(40.67153251141101, -73.87634784853849)"
35498301,02/15/2017 11:19:00 AM,02/18/2017 12:00:00 PM,DSNY,Department of Sanitation,Dirty Conditions,E8 Canine Violation,Sidewalk,11372,35-35 95 STREET,95 STREET,35 AVENUE,37 AVENUE,,,ADDRESS,Jackson Heights,,N/A,Closed,,The Department of Sanitation investigated this complaint and found no violation at the location.,02/18/2017 12:00:00 PM,03 QUEENS,4014690058,QUEENS,1019564,213563,PHONE,Unspecified,QUEENS,,,,,,,,40.75278711444592,-73.87254078690279,"(40.75278711444592, -73.87254078690279)"
35499319,02/15/2017 11:12:00 AM,02/16/2017 12:00:00 PM,DSNY,Department of Sanitation,Dirty Conditions,E8 Canine Violation,Sidewalk,10030,251 WEST  138 STREET,WEST  138 STREET,7 AVENUE,8 AVENUE,,,ADDRESS,NEW YORK,,N/A,Closed,,The Department of Sanitation investigated this complaint and found no violation at the location.,02/16/2017 12:00:00 PM,10 MANHATTAN,1020240111,MANHATTAN,999716,237303,PHONE,Unspecified,MANHATTAN,,,,,,,,40.81800405623245,-73.94412370571008,"(40.81800405623245, -73.94412370571008)"
35498309,02/15/2017 11:01:00 AM,02/18/2017 12:00:00 PM,DSNY,Department of Sanitation,Dirty Conditions,E8 Canine Violation,Sidewalk,11354,34-25 150 PLACE,150 PLACE,34 AVENUE,35 AVENUE,,,ADDRESS,Flushing,,N/A,Closed,,The Department of Sanitation investigated this complaint and found no violation at the location.,02/18/2017 12:00:00 PM,07 QUEENS,4050010001,QUEENS,1035688,218792,PHONE,Unspecified,QUEENS,,,,,,,,40.76706025056887,-73.81430439268455,"(40.76706025056887, -73.81430439268455)"
35499320,02/15/2017 10:19:00 AM,02/21/2017 12:00:00 PM,DSNY,Department of Sanitation,Dirty Conditions,E8 Canine Violation,Sidewalk,11229,,,,,EVERETT AVENUE,BEVY COURT,INTERSECTION,BROOKLYN,,N/A,Closed,,The Department of Sanitation investigated this complaint and found no violation at the location.,02/21/2017 12:00:00 PM,15 BROOKLYN,,BROOKLYN,1004717,155186,PHONE,Unspecified,BROOKLYN,,,,,,,,40.59260228741495,-73.92630545473664,"(40.59260228741495, -73.92630545473664)"
35501436,02/15/2017 09:34:00 AM,02/17/2017 12:00:00 PM,DSNY,Department of Sanitation,Dirty Conditions,E8 Canine Violation,Sidewalk,10469,2744 SEXTON PLACE,SEXTON PLACE,BEND,YOUNG AVENUE,,,ADDRESS,BRONX,,N/A,Closed,,The Department of Sanitation investigated this complaint and found no violation at the location.,02/17/2017 12:00:00 PM,11 BRONX,2045640031,BRONX,1026174,255614,PHONE,Unspecified,BRONX,,,,,,,,40.868176372181246,-73.84842065080176,"(40.868176372181246, -73.84842065080176)"
35499289,02/15/2017 01:36:00 AM,02/16/2017 12:00:00 PM,DSNY,Department of Sanitation,Dirty Conditions,E8 Canine Violation,Sidewalk,10472,1003 ELDER AVENUE,ELDER AVENUE,BRUCKNER BOULEVARD,WATSON AVENUE,,,ADDRESS,BRONX,,N/A,Closed,,The Department of Sanitation investigated this complaint and found no violation at the location.,02/16/2017 12:00:00 PM,09 BRONX,2037130067,BRONX,1017971,239577,PHONE,Unspecified,BRONX,,,,,,,,40.82419471511577,-73.8781598155,"(40.82419471511577, -73.8781598155)"
35495265,02/14/2017 09:53:00 PM,02/18/2017 12:00:00 PM,DSNY,Department of Sanitation,Dirty Conditions,E8 Canine Violation,Sidewalk,11419,132-11 95 AVENUE,95 AVENUE,,,,,ADDRESS,South Richmond Hill,,N/A,Closed,,The Department of Sanitation investigated this complaint and found no violation at the location.,02/18/2017 12:00:00 PM,09 QUEENS,4094480039,QUEENS,1035171,192704,PHONE,Unspecified,QUEENS,,,,,,,,40.69545823960037,-73.81636823259066,"(40.69545823960037, -73.81636823259066)"
35497228,02/14/2017 08:43:00 PM,02/17/2017 12:00:00 PM,DSNY,Department of Sanitation,Dirty Conditions,E8 Canine Violation,Sidewalk,11435,108-11 SUTPHIN BOULEVARD,SUTPHIN BOULEVARD,108 AVENUE,ARLINGTON TERRACE,,,ADDRESS,Jamaica,,N/A,Closed,,The Department of Sanitation investigated this complaint and found no violation at the location.,02/17/2017 12:00:00 PM,12 QUEENS,4101410054,QUEENS,1039974,191713,ONLINE,Unspecified,QUEENS,,,,,,,,40.69270924191773,-73.79905586702813,"(40.69270924191773, -73.79905586702813)"
35500407,02/14/2017 06:59:00 PM,02/18/2017 12:00:00 PM,DSNY,Department of Sanitation,Dirty Conditions,E8 Canine Violation,Sidewalk,11104,43-33 48 STREET,48 STREET,43 AVENUE,QUEENS BOULEVARD,,,ADDRESS,Sunnyside,,N/A,Closed,,The Department of Sanitation investigated this complaint and found no violation at the location.,02/18/2017 12:00:00 PM,02 QUEENS,4001397501,QUEENS,1007359,210380,PHONE,Unspecified,QUEENS,,,,,,,,40.7440909052983,-73.91660333306818,"(40.7440909052983, -73.91660333306818)"
35496224,02/14/2017 05:58:00 PM,02/16/2017 12:00:00 PM,DSNY,Department of Sanitation,Dirty Conditions,E8 Canine Violation,Sidewalk,11207,669 JEROME STREET,JEROME STREET,MC CLANCY PLACE,HEGEMAN AVENUE,,,ADDRESS,BROOKLYN,,N/A,Closed,,The Department of Sanitation investigated this complaint and found no violation at the location.,02/16/2017 12:00:00 PM,05 BROOKLYN,3043100060,BROOKLYN,1016421,181287,PHONE,Unspecified,BROOKLYN,,,,,,,,40.664209214405716,-73.88403905233251,"(40.664209214405716, -73.88403905233251)"
35496301,02/14/2017 04:24:00 PM,02/18/2017 12:00:00 PM,DSNY,Department of Sanitation,Dirty Conditions,E8 Canine Violation,Sidewalk,11375,89-17 69 ROAD,69 ROAD,METROPOLITAN AVENUE,OLCOTT STREET,,,ADDRESS,Forest Hills,,N/A,Closed,,The Department of Sanitation investigated this complaint and found no violation at the location.,02/18/2017 12:00:00 PM,06 QUEENS,4032060011,QUEENS,1024544,198466,ONLINE,Unspecified,QUEENS,,,,,,,,40.71132832064505,-73.8546568589395,"(40.71132832064505, -73.8546568589395)"
35496304,02/14/2017 04:22:00 PM,02/18/2017 12:00:00 PM,DSNY,Department of Sanitation,Dirty Conditions,E8 Canine Violation,Sidewalk,11377,40-65 67 STREET,67 STREET,66 STREET,41 AVENUE,,,ADDRESS,Woodside,,N/A,Closed,,The Department of Sanitation investigated this complaint and found no violation at the location.,02/18/2017 12:00:00 PM,02 QUEENS,,QUEENS,1012567,210589,PHONE,Unspecified,QUEENS,,,,,,,,40.74464941492544,-73.89780763366339,"(40.74464941492544, -73.89780763366339)"
35492386,02/14/2017 12:51:00 PM,02/16/2017 12:00:00 PM,DSNY,Department of Sanitation,Dirty Conditions,E8 Canine Violation,Sidewalk,11219,1225 44 STREET,44 STREET,12 AVENUE,13 AVENUE,,,ADDRESS,BROOKLYN,,N/A,Closed,,The Department of Sanitation investigated this complaint and found no violation at the location.,02/16/2017 12:00:00 PM,12 BROOKLYN,3056047506,BROOKLYN,986833,171984,PHONE,Unspecified,BROOKLYN,,,,,,,,40.63873257421249,-73.99069308742858,"(40.63873257421249, -73.99069308742858)"
35490109,02/14/2017 12:29:00 PM,02/16/2017 12:00:00 PM,DSNY,Department of Sanitation,Dirty Conditions,E8 Canine Violation,Sidewalk,10459,1197A BRYANT AVENUE,BRYANT AVENUE,HOME STREET,FREEMAN STREET,,,ADDRESS,BRONX,,N/A,Closed,,The Department of Sanitation investigated this complaint and found no violation at the location.,02/16/2017 12:00:00 PM,03 BRONX,2029930027,BRONX,1014967,241301,PHONE,Unspecified,BRONX,,,,,,,,40.82893755754946,-73.88900591576031,"(40.82893755754946, -73.88900591576031)"
35489100,02/14/2017 10:33:00 AM,02/16/2017 12:00:00 PM,DSNY,Department of Sanitation,Dirty Conditions,E8 Canine Violation,Sidewalk,11223,2086 EAST    5 STREET,EAST    5 STREET,AVENUE T,AVENUE U,,,ADDRESS,BROOKLYN,,N/A,Closed,,The Department of Sanitation investigated this complaint and found no violation at the location.,02/16/2017 12:00:00 PM,15 BROOKLYN,3071070003,BROOKLYN,993366,157637,PHONE,Unspecified,BROOKLYN,,,,,,,,40.59934873089151,-73.96717314259043,"(40.59934873089151, -73.96717314259043)"
35490037,02/14/2017 08:57:00 AM,02/23/2017 12:00:00 PM,DSNY,Department of Sanitation,Dirty Conditions,E8 Canine Violation,Sidewalk,11219,,,,,54 STREET,11 AVENUE,INTERSECTION,BROOKLYN,,N/A,Closed,,The Department of Sanitation investigated this complaint and found no violation at the location.,02/23/2017 12:00:00 PM,12 BROOKLYN,,BROOKLYN,984407,170582,ONLINE,Unspecified,BROOKLYN,,,,,,,,40.63488475819795,-73.99943433952008,"(40.63488475819795, -73.99943433952008)"
35491294,02/14/2017 08:50:00 AM,02/17/2017 12:00:00 PM,DSNY,Department of Sanitation,Dirty Conditions,E8 Canine Violation,Sidewalk,10467,,,,,OLINVILLE AVENUE,MACE AVENUE,INTERSECTION,BRONX,,N/A,Closed,,The Department of Sanitation investigated this complaint and found no violation at the location.,02/17/2017 12:00:00 PM,11 BRONX,,BRONX,1020641,253803,PHONE,Unspecified,BRONX,,,,,,,,40.863230277024954,-73.86843542695887,"(40.863230277024954, -73.86843542695887)"
35489122,02/14/2017 08:11:00 AM,02/16/2017 12:00:00 PM,DSNY,Department of Sanitation,Dirty Conditions,E8 Canine Violation,Sidewalk,10468,,,,,ANDREWS AVENUE,WEST 183 STREET,INTERSECTION,BRONX,,N/A,Closed,,The Department of Sanitation investigated this complaint and issued a Notice of Violation.,02/16/2017 12:00:00 PM,07 BRONX,,BRONX,1009530,252627,ONLINE,Unspecified,BRONX,,,,,,,,40.860041324195976,-73.90860948364706,"(40.860041324195976, -73.90860948364706)"
35492384,02/14/2017 08:05:00 AM,02/25/2017 12:00:00 PM,DSNY,Department of Sanitation,Dirty Conditions,E8 Canine Violation,Sidewalk,10301,201 MILFORD AVENUE,MILFORD AVENUE,ENDOR AVENUE,OCEAN TERRACE,,,ADDRESS,STATEN ISLAND,,N/A,Closed,,The Department of Sanitation investigated this complaint and found no violation at the location.,02/25/2017 12:00:00 PM,02 STATEN ISLAND,5008370170,STATEN ISLAND,956111,160753,PHONE,Unspecified,STATEN ISLAND,,,,,,,,40.60786152748806,-74.1013419164249,"(40.60786152748806, -74.1013419164249)"
35494357,02/14/2017 01:16:00 AM,02/15/2017 12:00:00 PM,DSNY,Department of Sanitation,Dirty Conditions,E8 Canine Violation,Sidewalk,10462,2051 ELLIS AVENUE,ELLIS AVENUE,,,,,ADDRESS,BRONX,,N/A,Closed,,The Department of Sanitation investigated this complaint and found no violation at the location.,02/15/2017 12:00:00 PM,09 BRONX,2038040052,BRONX,1024312,242440,PHONE,Unspecified,BRONX,,,,,,,,40.832026337802745,-73.85523155687942,"(40.832026337802745, -73.85523155687942)"
35492308,02/13/2017 10:31:00 PM,02/21/2017 12:00:00 PM,DSNY,Department of Sanitation,Dirty Conditions,E8 Canine Violation,Sidewalk,11235,2669 EAST   11 STREET,EAST   11 STREET,GILMORE COURT,BELT PARKWAY,,,ADDRESS,BROOKLYN,,N/A,Closed,,The Department of Sanitation investigated this complaint and found no violation at the location.,02/21/2017 12:00:00 PM,15 BROOKLYN,3074557502,BROOKLYN,995581,152665,ONLINE,Unspecified,BROOKLYN,,,,,,,,40.585699034810744,-73.95920523243055,"(40.585699034810744, -73.95920523243055)"
35487122,02/13/2017 05:27:00 PM,02/16/2017 12:00:00 PM,DSNY,Department of Sanitation,Dirty Conditions,E8 Canine Violation,Sidewalk,11220,503 61 STREET,61 STREET,5 AVENUE,6 AVENUE,,,ADDRESS,BROOKLYN,,N/A,Closed,,The Department of Sanitation investigated this complaint and found no violation at the location.,02/16/2017 12:00:00 PM,07 BROOKLYN,3057830001,BROOKLYN,979698,171968,ONLINE,Unspecified,BROOKLYN,,,,,,,,40.638687864566165,-74.01640148579473,"(40.638687864566165, -74.01640148579473)"
35490172,02/13/2017 05:16:00 PM,02/15/2017 12:00:00 PM,DSNY,Department of Sanitation,Dirty Conditions,E8 Canine Violation,Sidewalk,10472,,,,,WATSON AVENUE,OLMSTEAD AVENUE,INTERSECTION,BRONX,,N/A,Closed,,The Department of Sanitation investigated this complaint and found no violation at the location.,02/15/2017 12:00:00 PM,09 BRONX,,BRONX,1024767,241469,PHONE,Unspecified,BRONX,,,,,,,,40.829359149388445,-73.85359323188084,"(40.829359149388445, -73.85359323188084)"
35492385,02/13/2017 04:14:00 PM,02/15/2017 12:00:00 PM,DSNY,Department of Sanitation,Dirty Conditions,E8 Canine Violation,Sidewalk,11233,,,,,SARATOGA AVENUE,PACIFIC STREET,INTERSECTION,BROOKLYN,,N/A,Closed,,The Department of Sanitation investigated this complaint and found no violation at the location.,02/15/2017 12:00:00 PM,16 BROOKLYN,,BROOKLYN,1007399,185514,PHONE,Unspecified,BROOKLYN,,,,,,,,40.675839564474096,-73.916544474062,"(40.675839564474096, -73.916544474062)"
35493297,02/13/2017 03:18:00 PM,02/15/2017 12:00:00 PM,DSNY,Department of Sanitation,Dirty Conditions,E8 Canine Violation,Sidewalk,11236,651 EAST  108 STREET,EAST  108 STREET,FARRAGUT ROAD,GLENWOOD ROAD,,,ADDRESS,BROOKLYN,,N/A,Closed,,The Department of Sanitation investigated this complaint and found no violation at the location.,02/15/2017 12:00:00 PM,18 BROOKLYN,3081580001,BROOKLYN,1013395,176505,PHONE,Unspecified,BROOKLYN,,,,,,,,40.65109416152064,-73.8949669804103,"(40.65109416152064, -73.8949669804103)"
35491261,02/13/2017 01:49:00 PM,02/25/2017 12:00:00 PM,DSNY,Department of Sanitation,Dirty Conditions,E8 Canine Violation,Sidewalk,10306,30 EBBITTS STREET,EBBITTS STREET,ALLISON AVENUE,MILL ROAD,,,ADDRESS,STATEN ISLAND,,N/A,Closed,,The Department of Sanitation investigated this complaint and found no violation at the location.,02/25/2017 12:00:00 PM,03 STATEN ISLAND,5039830065,STATEN ISLAND,953564,144952,PHONE,Unspecified,STATEN ISLAND,,,,,,,,40.564482508203916,-74.11044311641699,"(40.564482508203916, -74.11044311641699)"
35479057,02/13/2017 01:10:00 PM,02/16/2017 12:00:00 PM,DSNY,Department of Sanitation,Dirty Conditions,E8 Canine Violation,Sidewalk,10459,870 EAST  167 STREET,EAST  167 STREET,INTERVALE AVENUE,KELLY STREET,,,ADDRESS,BRONX,,N/A,Closed,,The Department of Sanitation investigated this complaint and found no violation at the location.,02/16/2017 12:00:00 PM,02 BRONX,2027050027,BRONX,1012843,240222,PHONE,Unspecified,BRONX,,,,,,,,40.82598314396862,-73.89668545671066,"(40.82598314396862, -73.89668545671066)"
35480800,02/13/2017 12:35:00 PM,02/16/2017 12:00:00 PM,DSNY,Department of Sanitation,Dirty Conditions,E8 Canine Violation,Sidewalk,11249,112 BERRY STREET,BERRY STREET,NORTH 8 STREET,NORTH 7 STREET,,,ADDRESS,BROOKLYN,,N/A,Closed,,The Department of Sanitation investigated this complaint and found no violation at the location.,02/16/2017 12:00:00 PM,01 BROOKLYN,3023180023,BROOKLYN,995661,201161,ONLINE,Unspecified,BROOKLYN,,,,,,,,40.71880984484529,-73.95883516018799,"(40.71880984484529, -73.95883516018799)"
35484754,02/13/2017 11:13:00 AM,02/21/2017 12:00:00 PM,DSNY,Department of Sanitation,Dirty Conditions,E8 Canine Violation,Sidewalk,11355,143-16 BARCLAY AVENUE,BARCLAY AVENUE,BOWNE STREET,PARSONS BOULEVARD,,,ADDRESS,Flushing,,N/A,Closed,,The Department of Sanitation investigated this complaint and found no violation at the location.,02/21/2017 12:00:00 PM,07 QUEENS,4050490006,QUEENS,1033307,215925,PHONE,Unspecified,QUEENS,,,,,,,,40.75920462334929,-73.8229209065161,"(40.75920462334929, -73.8229209065161)"
35482508,02/13/2017 10:54:00 AM,02/15/2017 12:00:00 PM,DSNY,Department of Sanitation,Dirty Conditions,E8 Canine Violation,Sidewalk,11233,91A SOMERS STREET,SOMERS STREET,ROCKAWAY AVENUE,MOTHER GASTON BOULEVARD,,,ADDRESS,BROOKLYN,,N/A,Closed,,The Department of Sanitation investigated this complaint and found no violation at the location.,02/15/2017 12:00:00 PM,16 BROOKLYN,3015390058,BROOKLYN,1009401,186659,PHONE,Unspecified,BROOKLYN,,,,,,,,40.67897686749721,-73.90932270358378,"(40.67897686749721, -73.90932270358378)"
35481515,02/13/2017 10:48:00 AM,02/15/2017 12:00:00 PM,DSNY,Department of Sanitation,Dirty Conditions,E8 Canine Violation,Sidewalk,11234,2115 EAST   38 STREET,EAST   38 STREET,AVENUE T,AVENUE U,,,ADDRESS,BROOKLYN,,N/A,Closed,,The Department of Sanitation investigated this complaint and found no violation at the location.,02/15/2017 12:00:00 PM,18 BROOKLYN,3085380034,BROOKLYN,1004352,161032,ONLINE,Unspecified,BROOKLYN,,,,,,,,40.60864920168923,-73.9276022951297,"(40.60864920168923, -73.9276022951297)"
35485307,02/13/2017 10:46:00 AM,02/15/2017 12:00:00 PM,DSNY,Department of Sanitation,Dirty Conditions,E8 Canine Violation,Sidewalk,10460,1465 BEACH AVENUE,BEACH AVENUE,MERRILL STREET,ARCHER STREET,,,ADDRESS,BRONX,,N/A,Closed,,The Department of Sanitation investigated this complaint and issued a Notice of Violation.,02/15/2017 12:00:00 PM,09 BRONX,,BRONX,1021004,244232,ONLINE,Unspecified,BRONX,,,,,,,,40.83695924084359,-73.86717554056997,"(40.83695924084359, -73.86717554056997)"
35478207,02/13/2017 12:28:00 AM,02/15/2017 12:00:00 PM,DSNY,Department of Sanitation,Dirty Conditions,E8 Canine Violation,Sidewalk,10472,,,,,BOYNTON AVENUE,WATSON AVENUE,INTERSECTION,BRONX,,N/A,Closed,,The Department of Sanitation investigated this complaint and found no violation at the location.,02/15/2017 12:00:00 PM,09 BRONX,,BRONX,1018110,240290,PHONE,Unspecified,BRONX,,,,,,,,40.82615116376492,-73.87765398540142,"(40.82615116376492, -73.87765398540142)"
35484136,02/12/2017 11:49:00 PM,02/13/2017 12:00:00 PM,DSNY,Department of Sanitation,Dirty Conditions,E8 Canine Violation,Sidewalk,11372,,,,,77 STREET,34 AVENUE,INTERSECTION,Jackson Heights,,N/A,Closed,,The Department of Sanitation investigated this complaint and found no violation at the location.,02/13/2017 12:00:00 PM,03 QUEENS,,QUEENS,1014814,213723,PHONE,Unspecified,QUEENS,,,,,,,,40.7532439681097,-73.88968426795279,"(40.7532439681097, -73.88968426795279)"
35479863,02/12/2017 04:17:00 PM,02/17/2017 12:00:00 PM,DSNY,Department of Sanitation,Dirty Conditions,E8 Canine Violation,Sidewalk,10465,2881 RANDALL AVENUE,RANDALL AVENUE,REVERE AVENUE,EAST TREMONT AVENUE,,,ADDRESS,BRONX,,N/A,Closed,,The Department of Sanitation investigated this complaint and found no violation at the location.,02/17/2017 12:00:00 PM,10 BRONX,2055430168,BRONX,1033414,240220,ONLINE,Unspecified,BRONX,,,,,,,,40.825887107732896,-73.82235682931729,"(40.825887107732896, -73.82235682931729)"
35478183,02/12/2017 03:21:00 PM,02/14/2017 12:00:00 PM,DSNY,Department of Sanitation,Dirty Conditions,E8 Canine Violation,Sidewalk,10457,380 EAST  173 STREET,EAST  173 STREET,CARTER AVENUE,WEBSTER AVENUE,,,ADDRESS,BRONX,,N/A,Closed,,The Department of Sanitation investigated this complaint and found no violation at the location.,02/14/2017 12:00:00 PM,04 BRONX,2028880039,BRONX,1010820,246456,ONLINE,Unspecified,BRONX,,,,,,,,40.84309998167381,-73.90397042455193,"(40.84309998167381, -73.90397042455193)"
35477201,02/12/2017 09:09:00 AM,02/21/2017 12:00:00 PM,DSNY,Department of Sanitation,Dirty Conditions,E8 Canine Violation,Sidewalk,11691,333 BEACH   32 STREET,BEACH   32 STREET,SEAGIRT BOULEVARD,DEAD END,,,ADDRESS,Far Rockaway,,N/A,Closed,,The Department of Sanitation investigated this complaint and found no violation at the location.,02/21/2017 12:00:00 PM,14 QUEENS,4159450001,QUEENS,1049588,156636,ONLINE,Unspecified,QUEENS,,,,,,,,40.596365036852184,-73.76472708466362,"(40.596365036852184, -73.76472708466362)"
35474387,02/12/2017 08:41:00 AM,02/14/2017 12:00:00 PM,DSNY,Department of Sanitation,Dirty Conditions,E8 Canine Violation,Sidewalk,10025,,,,,WEST END AVENUE,WEST 92 STREET,INTERSECTION,NEW YORK,,N/A,Closed,,The Department of Sanitation investigated this complaint and found no violation at the location.,02/14/2017 12:00:00 PM,07 MANHATTAN,,MANHATTAN,991152,228079,ONLINE,Unspecified,MANHATTAN,,,,,,,,40.79269756028083,-73.97507360897227,"(40.79269756028083, -73.97507360897227)"
35475901,02/12/2017 12:52:00 AM,02/14/2017 12:00:00 PM,DSNY,Department of Sanitation,Dirty Conditions,E8 Canine Violation,Sidewalk,10468,,,,,DAVIDSON AVENUE,WEST FORDHAM ROAD,INTERSECTION,BRONX,,N/A,Closed,,The Department of Sanitation investigated this complaint and found no violation at the location.,02/14/2017 12:00:00 PM,07 BRONX,,BRONX,1011276,253604,ONLINE,Unspecified,BRONX,,,,,,,,40.86271772067602,-73.90229353007098,"(40.86271772067602, -73.90229353007098)"
35475397,02/11/2017 08:02:00 PM,02/16/2017 12:00:00 PM,DSNY,Department of Sanitation,Dirty Conditions,E8 Canine Violation,Sidewalk,11219,1109 54 STREET,54 STREET,11 AVENUE,12 AVENUE,,,ADDRESS,BROOKLYN,,N/A,Closed,,The Department of Sanitation investigated this complaint and found no violation at the location.,02/16/2017 12:00:00 PM,12 BROOKLYN,3056680074,BROOKLYN,984536,170484,ONLINE,Unspecified,BROOKLYN,,,,,,,,40.6346157657941,-73.99896956531747,"(40.6346157657941, -73.99896956531747)"
35476344,02/11/2017 04:45:00 PM,02/25/2017 12:00:00 PM,DSNY,Department of Sanitation,Dirty Conditions,E8 Canine Violation,Sidewalk,10303,8 WENLOCK STREET,WENLOCK STREET,MORNINGSTAR ROAD,HUDSON PLACE,,,ADDRESS,STATEN ISLAND,,N/A,Closed,,The Department of Sanitation investigated this complaint and found no violation at the location.,02/25/2017 12:00:00 PM,01 STATEN ISLAND,5011790030,STATEN ISLAND,942971,167689,PHONE,Unspecified,STATEN ISLAND,,,,,,,,40.62684791340253,-74.14870763327798,"(40.62684791340253, -74.14870763327798)"
35466974,02/11/2017 10:28:00 AM,02/16/2017 12:00:00 PM,DSNY,Department of Sanitation,Dirty Conditions,E8 Canine Violation,Sidewalk,11220,,,,,51 STREET,6 AVENUE,INTERSECTION,BROOKLYN,,N/A,Closed,,The Department of Sanitation investigated this complaint and found no violation at the location.,02/16/2017 12:00:00 PM,07 BROOKLYN,,BROOKLYN,981836,173618,PHONE,Unspecified,BROOKLYN,,,,,,,,40.64321760163222,-74.00869856643068,"(40.64321760163222, -74.00869856643068)"
35462900,02/10/2017 04:12:00 PM,02/13/2017 12:00:00 PM,DSNY,Department of Sanitation,Dirty Conditions,E8 Canine Violation,Sidewalk,11226,2101 BEDFORD AVENUE,BEDFORD AVENUE,LENOX ROAD,CATON AVENUE,,,ADDRESS,BROOKLYN,,N/A,Closed,,The Department of Sanitation investigated this complaint and found no violation at the location.,02/13/2017 12:00:00 PM,17 BROOKLYN,3050840010,BROOKLYN,996437,177229,ONLINE,Unspecified,BROOKLYN,,,,,,,,40.65312095765086,-73.95607905149825,"(40.65312095765086, -73.95607905149825)"
35465209,02/10/2017 04:08:00 PM,02/13/2017 12:00:00 PM,DSNY,Department of Sanitation,Dirty Conditions,E8 Canine Violation,Sidewalk,11226,2101 BEDFORD AVENUE,BEDFORD AVENUE,LENOX ROAD,CATON AVENUE,,,ADDRESS,BROOKLYN,,N/A,Closed,,The Department of Sanitation investigated this complaint and found no violation at the location.,02/13/2017 12:00:00 PM,17 BROOKLYN,3050840010,BROOKLYN,996437,177229,ONLINE,Unspecified,BROOKLYN,,,,,,,,40.65312095765086,-73.95607905149825,"(40.65312095765086, -73.95607905149825)"
35470242,02/10/2017 03:30:00 PM,02/18/2017 12:00:00 PM,DSNY,Department of Sanitation,Dirty Conditions,E8 Canine Violation,Sidewalk,11375,89-17 69 ROAD,69 ROAD,METROPOLITAN AVENUE,OLCOTT STREET,,,ADDRESS,Forest Hills,,N/A,Closed,,The Department of Sanitation investigated this complaint and found no violation at the location.,02/18/2017 12:00:00 PM,06 QUEENS,4032060011,QUEENS,1024544,198466,MOBILE,Unspecified,QUEENS,,,,,,,,40.71132832064505,-73.8546568589395,"(40.71132832064505, -73.8546568589395)"
35470000,02/10/2017 02:20:00 PM,02/14/2017 12:00:00 PM,DSNY,Department of Sanitation,Dirty Conditions,E8 Canine Violation,Sidewalk,11367,153-28 75 AVENUE,75 AVENUE,153 STREET,KISSENA BOULEVARD,,,ADDRESS,Flushing,,N/A,Closed,,The Department of Sanitation investigated this complaint and found no violation at the location.,02/14/2017 12:00:00 PM,08 QUEENS,4068080025,QUEENS,1036064,203900,PHONE,Unspecified,QUEENS,,,,,,,,40.72618334661375,-73.81306173463281,"(40.72618334661375, -73.81306173463281)"
35463826,02/10/2017 01:48:00 PM,02/14/2017 12:00:00 PM,DSNY,Department of Sanitation,Dirty Conditions,E8 Canine Violation,Sidewalk,10457,2233 BATHGATE AVENUE,BATHGATE AVENUE,EAST 182 STREET,EAST 183 STREET,,,ADDRESS,BRONX,,N/A,Closed,,The Department of Sanitation investigated this complaint and issued a Notice of Violation.,02/14/2017 12:00:00 PM,06 BRONX,2030500088,BRONX,1013971,250361,ONLINE,Unspecified,BRONX,,,,,,,,40.853808002795276,-73.89256474804114,"(40.853808002795276, -73.89256474804114)"
35459930,02/10/2017 01:33:00 PM,02/13/2017 12:00:00 PM,DSNY,Department of Sanitation,Dirty Conditions,E8 Canine Violation,Sidewalk,11368,55-06 99 STREET,99 STREET,55 AVENUE,57 AVENUE,,,ADDRESS,Corona,,N/A,Closed,,The Department of Sanitation investigated this complaint and found no violation at the location.,02/13/2017 12:00:00 PM,04 QUEENS,4019070025,QUEENS,1022930,208553,PHONE,Unspecified,QUEENS,,,,,,,,40.739021854309044,-73.86042067858587,"(40.739021854309044, -73.86042067858587)"
35459281,02/10/2017 12:57:00 PM,02/15/2017 12:00:00 PM,DSNY,Department of Sanitation,Dirty Conditions,E8 Canine Violation,Sidewalk,10308,,,,,WIMAN AVENUE,HYLAN BOULEVARD,INTERSECTION,STATEN ISLAND,,N/A,Closed,,The Department of Sanitation investigated this complaint and found no violation at the location.,02/15/2017 12:00:00 PM,03 STATEN ISLAND,,STATEN ISLAND,943364,136416,PHONE,Unspecified,STATEN ISLAND,,,,,,,,40.541011685024344,-74.14710266084691,"(40.541011685024344, -74.14710266084691)"
35461798,02/10/2017 11:33:00 AM,02/16/2017 12:00:00 PM,DSNY,Department of Sanitation,Dirty Conditions,E8 Canine Violation,Sidewalk,11204,,,,,74 STREET,19 AVENUE,INTERSECTION,BROOKLYN,,N/A,Closed,,The Department of Sanitation investigated this complaint and found no violation at the location.,02/16/2017 12:00:00 PM,11 BROOKLYN,,BROOKLYN,986098,162526,PHONE,Unspecified,BROOKLYN,,,,,,,,40.61277253286595,-73.9933439853032,"(40.61277253286595, -73.9933439853032)"
35460919,02/09/2017 03:52:00 PM,02/14/2017 12:00:00 PM,DSNY,Department of Sanitation,Dirty Conditions,E8 Canine Violation,Sidewalk,11375,89-17 69 ROAD,69 ROAD,METROPOLITAN AVENUE,OLCOTT STREET,,,ADDRESS,Forest Hills,,N/A,Closed,,The Department of Sanitation investigated this complaint and found no violation at the location.,02/14/2017 12:00:00 PM,06 QUEENS,4032060011,QUEENS,1024544,198466,ONLINE,Unspecified,QUEENS,,,,,,,,40.71132832064505,-73.8546568589395,"(40.71132832064505, -73.8546568589395)"
35457414,02/09/2017 03:47:00 PM,02/11/2017 12:00:00 PM,DSNY,Department of Sanitation,Dirty Conditions,E8 Canine Violation,Sidewalk,11375,89-17 69 ROAD,69 ROAD,METROPOLITAN AVENUE,OLCOTT STREET,,,ADDRESS,Forest Hills,,N/A,Closed,,The Department of Sanitation investigated this complaint and found no violation at the location.,02/11/2017 12:00:00 PM,06 QUEENS,4032060011,QUEENS,1024544,198466,MOBILE,Unspecified,QUEENS,,,,,,,,40.71132832064505,-73.8546568589395,"(40.71132832064505, -73.8546568589395)"
35452152,02/09/2017 01:07:00 PM,02/14/2017 12:00:00 PM,DSNY,Department of Sanitation,Dirty Conditions,E8 Canine Violation,Sidewalk,10027,,,,,WEST 130 STREET,ST NICHOLAS AVENUE,INTERSECTION,NEW YORK,,N/A,Closed,,The Department of Sanitation investigated this complaint and found no violation at the location.,02/14/2017 12:00:00 PM,10 MANHATTAN,,MANHATTAN,998129,235770,ONLINE,Unspecified,MANHATTAN,,,,,,,,40.813799037250405,-73.94986046300399,"(40.813799037250405, -73.94986046300399)"
35451175,02/09/2017 12:41:00 PM,02/14/2017 12:00:00 PM,DSNY,Department of Sanitation,Dirty Conditions,E8 Canine Violation,Sidewalk,10462,1922 HOLLAND AVENUE,HOLLAND AVENUE,RHINELANDER AVENUE,HUNT AVENUE,,,ADDRESS,BRONX,,N/A,Closed,,The Department of Sanitation investigated this complaint and found no violation at the location.,02/14/2017 12:00:00 PM,11 BRONX,2042600011,BRONX,1021511,248395,PHONE,Unspecified,BRONX,,,,,,,,40.84838332046601,-73.86532017661023,"(40.84838332046601, -73.86532017661023)"
35451212,02/08/2017 11:34:00 PM,02/21/2017 12:00:00 PM,DSNY,Department of Sanitation,Dirty Conditions,E8 Canine Violation,Sidewalk,11694,,,,,BEACH 117 STREET,ROCKAWAY BEACH BOULEVARD,INTERSECTION,Rockaway Park,,N/A,Closed,,The Department of Sanitation investigated this complaint and found no violation at the location.,02/21/2017 12:00:00 PM,14 QUEENS,,QUEENS,1029222,150450,ONLINE,Unspecified,QUEENS,,,,,,,,40.57951247064039,-73.8381031394337,"(40.57951247064039, -73.8381031394337)"
35452158,02/08/2017 09:37:00 PM,02/14/2017 12:00:00 PM,DSNY,Department of Sanitation,Dirty Conditions,E8 Canine Violation,Sidewalk,11235,1112 GILMORE COURT,GILMORE COURT,EAST 11 STREET,EAST 12 STREET,,,ADDRESS,BROOKLYN,,N/A,Closed,,The Department of Sanitation investigated this complaint and found no violation at the location.,02/14/2017 12:00:00 PM,15 BROOKLYN,3074550074,BROOKLYN,995658,152760,ONLINE,Unspecified,BROOKLYN,,,,,,,,40.58595969212501,-73.95892785057809,"(40.58595969212501, -73.95892785057809)"
35453074,02/08/2017 09:32:00 PM,02/22/2017 12:00:00 PM,DSNY,Department of Sanitation,Dirty Conditions,E8 Canine Violation,Sidewalk,11233,539 MACON STREET,MACON STREET,STUYVESANT AVENUE,MALCOLM X BOULEVARD,,,ADDRESS,BROOKLYN,,N/A,Closed,,The Department of Sanitation investigated this complaint and found no violation at the location.,02/22/2017 12:00:00 PM,03 BROOKLYN,3016660056,BROOKLYN,1003616,188239,ONLINE,Unspecified,BROOKLYN,,,,,,,,40.68332815367145,-73.9301749043551,"(40.68332815367145, -73.9301749043551)"
35450254,02/08/2017 05:12:00 PM,02/13/2017 12:00:00 PM,DSNY,Department of Sanitation,Dirty Conditions,E8 Canine Violation,Sidewalk,11368,,,,,97 STREET,40 ROAD,INTERSECTION,Corona,,N/A,Closed,,The Department of Sanitation investigated this complaint and found no violation at the location.,02/13/2017 12:00:00 PM,04 QUEENS,,QUEENS,1020799,212054,PHONE,Unspecified,QUEENS,,,,,,,,40.74864027676631,-73.8680914958321,"(40.74864027676631, -73.8680914958321)"
35456021,02/08/2017 04:28:00 PM,02/22/2017 12:00:00 PM,DSNY,Department of Sanitation,Dirty Conditions,E8 Canine Violation,Sidewalk,11221,446 PULASKI STREET,PULASKI STREET,STUYVESANT AVENUE,MALCOLM X BOULEVARD,,,ADDRESS,BROOKLYN,,N/A,Closed,,The Department of Sanitation investigated this complaint and found no violation at the location.,02/22/2017 12:00:00 PM,03 BROOKLYN,3015990118,BROOKLYN,1002769,192199,PHONE,Unspecified,BROOKLYN,,,,,,,,40.694199253242516,-73.93321791942552,"(40.694199253242516, -73.93321791942552)"
35449243,02/08/2017 03:09:00 PM,02/14/2017 12:00:00 PM,DSNY,Department of Sanitation,Dirty Conditions,E8 Canine Violation,Sidewalk,10474,,,,,SENECA AVENUE,BRYANT AVENUE,INTERSECTION,BRONX,,N/A,Closed,,The Department of Sanitation investigated this complaint and found no violation at the location.,02/14/2017 12:00:00 PM,02 BRONX,,BRONX,1015610,237678,ONLINE,Unspecified,BRONX,,,,,,,,40.81899119919747,-73.88669940828962,"(40.81899119919747, -73.88669940828962)"
35449257,02/08/2017 02:27:00 PM,02/14/2017 12:00:00 PM,DSNY,Department of Sanitation,Dirty Conditions,E8 Canine Violation,Sidewalk,11226,165 EAST   19 STREET,EAST   19 STREET,ALBEMARLE ROAD,BEVERLEY ROAD,,,ADDRESS,BROOKLYN,,N/A,Closed,,The Department of Sanitation investigated this complaint and found no violation at the location.,02/14/2017 12:00:00 PM,14 BROOKLYN,3051230051,BROOKLYN,994967,174511,PHONE,Unspecified,BROOKLYN,,,,,,,,40.64566253900396,-73.96138112871078,"(40.64566253900396, -73.96138112871078)"
35450219,02/08/2017 02:17:00 PM,02/16/2017 12:00:00 PM,DSNY,Department of Sanitation,Dirty Conditions,E8 Canine Violation,Sidewalk,11214,264 BAY   20 STREET,BAY   20 STREET,CROPSEY AVENUE,BELT PARKWAY,,,ADDRESS,BROOKLYN,,N/A,Closed,,The Department of Sanitation investigated this complaint and found no violation at the location.,02/16/2017 12:00:00 PM,11 BROOKLYN,3064640042,BROOKLYN,982405,158296,ONLINE,Unspecified,BROOKLYN,,,,,,,,40.60116204865258,-74.00664405391035,"(40.60116204865258, -74.00664405391035)"
35451176,02/08/2017 01:46:00 PM,02/14/2017 12:00:00 PM,DSNY,Department of Sanitation,Dirty Conditions,E8 Canine Violation,Sidewalk,10456,3480 3 AVENUE,3 AVENUE,EAST 167 STREET,EAST 168 STREET,,,ADDRESS,BRONX,,N/A,Closed,,The Department of Sanitation investigated this complaint and found no violation at the location.,02/14/2017 12:00:00 PM,03 BRONX,2026097501,BRONX,1010199,241744,PHONE,Unspecified,BRONX,,,,,,,,40.83016876027181,-73.9062330772249,"(40.83016876027181, -73.9062330772249)"
35443881,02/08/2017 11:45:00 AM,02/14/2017 12:00:00 PM,DSNY,Department of Sanitation,Dirty Conditions,E8 Canine Violation,Sidewalk,10457,2252 CROTONA AVENUE,CROTONA AVENUE,GARDEN STREET,GROTE STREET,,,ADDRESS,BRONX,,N/A,Closed,,The Department of Sanitation investigated this complaint and found no violation at the location.,02/14/2017 12:00:00 PM,06 BRONX,2031000078,BRONX,1015929,249342,ONLINE,Unspecified,BRONX,,,,,,,,40.85100434454481,-73.88549180695247,"(40.85100434454481, -73.88549180695247)"
35441666,02/08/2017 11:37:00 AM,02/13/2017 12:00:00 PM,DSNY,Department of Sanitation,Dirty Conditions,E8 Canine Violation,Sidewalk,11105,,,,,18 AVENUE,21 STREET,INTERSECTION,Astoria,,N/A,Closed,,The Department of Sanitation investigated this complaint and found no violation at the location.,02/13/2017 12:00:00 PM,01 QUEENS,,QUEENS,1008762,225290,PHONE,Unspecified,QUEENS,,,,,,,,40.785011207195005,-73.91148576384495,"(40.785011207195005, -73.91148576384495)"
35448547,02/08/2017 11:32:00 AM,02/14/2017 12:00:00 PM,DSNY,Department of Sanitation,Dirty Conditions,E8 Canine Violation,Sidewalk,11366,75-76 198 STREET,198 STREET,75 AVENUE,UNION TURNPIKE,,,ADDRESS,Fresh Meadows,,N/A,Closed,,The Department of Sanitation investigated this complaint and found no violation at the location.,02/14/2017 12:00:00 PM,08 QUEENS,4072140042,QUEENS,1047262,206088,PHONE,Unspecified,QUEENS,,,,,,,,40.73211617193932,-73.7726404634306,"(40.73211617193932, -73.7726404634306)"
35444631,02/08/2017 10:58:00 AM,02/16/2017 12:00:00 PM,DSNY,Department of Sanitation,Dirty Conditions,E8 Canine Violation,Sidewalk,11204,1379 WEST    7 STREET,WEST    7 STREET,BAY PARKWAY,AVENUE O,,,ADDRESS,BROOKLYN,,N/A,Closed,,The Department of Sanitation investigated this complaint and found no violation at the location.,02/16/2017 12:00:00 PM,11 BROOKLYN,3065787502,BROOKLYN,989388,162341,PHONE,Unspecified,BROOKLYN,,,,,,,,40.61226344903863,-73.98149440317407,"(40.61226344903863, -73.98149440317407)"
35447504,02/08/2017 10:30:00 AM,02/15/2017 12:00:00 PM,DSNY,Department of Sanitation,Dirty Conditions,E8 Canine Violation,Sidewalk,10472,1341 THIERIOT AVENUE,THIERIOT AVENUE,WESTCHESTER AVENUE,CROSS BRONX EXPRESSWAY,,,ADDRESS,BRONX,,N/A,Closed,,The Department of Sanitation investigated this complaint and found no violation at the location.,02/15/2017 12:00:00 PM,09 BRONX,2038780044,BRONX,1021676,242949,PHONE,Unspecified,BRONX,,,,,,,,40.83343495838556,-73.8647541772938,"(40.83343495838556, -73.8647541772938)"
35443936,02/08/2017 10:05:00 AM,02/16/2017 12:00:00 PM,DSNY,Department of Sanitation,Dirty Conditions,E8 Canine Violation,Sidewalk,11249,,,,,DIVISION AVENUE,BERRY STREET,INTERSECTION,BROOKLYN,,N/A,Closed,,The Department of Sanitation investigated this complaint and found no violation at the location.,02/16/2017 12:00:00 PM,01 BROOKLYN,,BROOKLYN,993695,196946,PHONE,Unspecified,BROOKLYN,,,,,,,,40.70724299270041,-73.96593335878342,"(40.70724299270041, -73.96593335878342)"
35441672,02/08/2017 10:03:00 AM,02/14/2017 12:00:00 PM,DSNY,Department of Sanitation,Dirty Conditions,E8 Canine Violation,Sidewalk,10463,3900 WALDO AVENUE,WALDO AVENUE,DASH PLACE,MANHATTAN COLLEGE PARKWAY,,,ADDRESS,BRONX,,N/A,Closed,,The Department of Sanitation investigated this complaint and found no violation at the location.,02/14/2017 12:00:00 PM,08 BRONX,2057770719,BRONX,1011080,263143,PHONE,Unspecified,BRONX,,,,,,,,40.88889991475012,-73.90296392164939,"(40.88889991475012, -73.90296392164939)"
35444704,02/08/2017 09:23:00 AM,02/15/2017 12:00:00 PM,DSNY,Department of Sanitation,Dirty Conditions,E8 Canine Violation,Sidewalk,10473,656 UNDERHILL AVENUE,UNDERHILL AVENUE,RANDALL AVENUE,SEWARD AVENUE,,,ADDRESS,BRONX,,N/A,Closed,,The Department of Sanitation investigated this complaint and found no violation at the location.,02/15/2017 12:00:00 PM,09 BRONX,2035620135,BRONX,1023154,237572,PHONE,Unspecified,BRONX,,,,,,,,40.81867025617782,-73.8594443359558,"(40.81867025617782, -73.8594443359558)"
35445487,02/08/2017 08:32:00 AM,02/14/2017 12:00:00 PM,DSNY,Department of Sanitation,Dirty Conditions,E8 Canine Violation,Sidewalk,10027,127 WEST  127 STREET,WEST  127 STREET,LENOX AVENUE,7 AVENUE,,,ADDRESS,NEW YORK,,N/A,Closed,,The Department of Sanitation investigated this complaint and found no violation at the location.,02/14/2017 12:00:00 PM,10 MANHATTAN,1019120012,MANHATTAN,999338,234200,ONLINE,Unspecified,MANHATTAN,,,,,,,,40.80948784271144,-73.94549633694241,"(40.80948784271144, -73.94549633694241)"
35446919,02/08/2017 08:24:00 AM,02/13/2017 12:00:00 PM,DSNY,Department of Sanitation,Dirty Conditions,E8 Canine Violation,Sidewalk,11368,,,,,57 AVENUE,98 STREET,INTERSECTION,Corona,,N/A,Closed,,The Department of Sanitation investigated this complaint and found no violation at the location.,02/13/2017 12:00:00 PM,04 QUEENS,,QUEENS,1022410,208064,PHONE,Unspecified,QUEENS,,,,,,,,40.73768193109322,-73.862299903515,"(40.73768193109322, -73.862299903515)"
35448313,02/08/2017 04:29:00 AM,02/14/2017 12:00:00 PM,DSNY,Department of Sanitation,Dirty Conditions,E8 Canine Violation,Sidewalk,11210,,,,,HUBBARD PLACE,FLATBUSH AVENUE,INTERSECTION,BROOKLYN,,N/A,Closed,,The Department of Sanitation investigated this complaint and found no violation at the location.,02/14/2017 12:00:00 PM,18 BROOKLYN,,BROOKLYN,1001301,166706,PHONE,Unspecified,BROOKLYN,,,,,,,,40.62422954844458,-73.93857619193803,"(40.62422954844458, -73.93857619193803)"
35443944,02/07/2017 09:28:00 PM,02/14/2017 12:00:00 PM,DSNY,Department of Sanitation,Dirty Conditions,E8 Canine Violation,Sidewalk,11226,1911 ALBEMARLE ROAD,ALBEMARLE ROAD,EAST 19 STREET,OCEAN AVENUE,,,ADDRESS,BROOKLYN,,N/A,Closed,,The Department of Sanitation investigated this complaint and found no violation at the location.,02/14/2017 12:00:00 PM,14 BROOKLYN,3051000080,BROOKLYN,995019,175062,PHONE,Unspecified,BROOKLYN,,,,,,,,40.64717485176219,-73.9611928663221,"(40.64717485176219, -73.9611928663221)"
35445446,02/07/2017 07:42:00 PM,02/08/2017 12:00:00 PM,DSNY,Department of Sanitation,Dirty Conditions,E8 Canine Violation,Sidewalk,10472,1000 ELDER AVENUE,ELDER AVENUE,BRUCKNER BOULEVARD,WATSON AVENUE,,,ADDRESS,BRONX,,N/A,Closed,,The Department of Sanitation investigated this complaint and found no violation at the location.,02/08/2017 12:00:00 PM,09 BRONX,2037140002,BRONX,1017979,239566,ONLINE,Unspecified,BRONX,,,,,,,,40.824164492722204,-73.87813096535862,"(40.824164492722204, -73.87813096535862)"
35446287,02/07/2017 06:32:00 PM,02/14/2017 12:00:00 PM,DSNY,Department of Sanitation,Dirty Conditions,E8 Canine Violation,Sidewalk,11236,,,,,EAST 78 STREET,FARRAGUT ROAD,INTERSECTION,BROOKLYN,,N/A,Closed,,The Department of Sanitation investigated this complaint and found no violation at the location.,02/14/2017 12:00:00 PM,18 BROOKLYN,,BROOKLYN,1006887,171672,PHONE,Unspecified,BROOKLYN,,,,,,,,40.637847650592526,-73.91843677272519,"(40.637847650592526, -73.91843677272519)"
35441681,02/07/2017 05:31:00 PM,02/13/2017 12:00:00 PM,DSNY,Department of Sanitation,Dirty Conditions,E8 Canine Violation,Sidewalk,11379,66-81 74 STREET,74 STREET,JUNIPER VALLEY ROAD,66 DRIVE,,,ADDRESS,Middle Village,,N/A,Closed,,The Department of Sanitation investigated this complaint and found no violation at the location.,02/13/2017 12:00:00 PM,05 QUEENS,4030590001,QUEENS,1017845,199255,PHONE,Unspecified,QUEENS,,,,,,,,40.71352190799951,-73.87881662693903,"(40.71352190799951, -73.87881662693903)"
35447234,02/07/2017 05:00:00 PM,02/15/2017 12:00:00 PM,DSNY,Department of Sanitation,Dirty Conditions,E8 Canine Violation,Sidewalk,11221,960 WILLOUGHBY AVENUE,WILLOUGHBY AVENUE,CHARLES PLACE,EVERGREEN AVENUE,,,ADDRESS,BROOKLYN,,N/A,Closed,,The Department of Sanitation investigated this complaint and found no violation at the location.,02/15/2017 12:00:00 PM,04 BROOKLYN,3032060001,BROOKLYN,1003493,193530,ONLINE,Unspecified,BROOKLYN,,,,,,,,40.69785099331476,-73.93060327365919,"(40.69785099331476, -73.93060327365919)"
35446276,02/07/2017 03:32:00 PM,02/14/2017 12:00:00 PM,DSNY,Department of Sanitation,Dirty Conditions,E8 Canine Violation,Sidewalk,11365,,,,,71 AVENUE,165 STREET,INTERSECTION,Fresh Meadows,,N/A,Closed,,The Department of Sanitation investigated this complaint and found no violation at the location.,02/14/2017 12:00:00 PM,08 QUEENS,,QUEENS,1038534,205466,PHONE,Unspecified,QUEENS,,,,,,,,40.7304668109594,-73.80413768761764,"(40.7304668109594, -73.80413768761764)"
35443935,02/07/2017 02:53:00 PM,02/16/2017 12:00:00 PM,DSNY,Department of Sanitation,Dirty Conditions,E8 Canine Violation,Sidewalk,11206,,,,,MCKIBBIN STREET,WHITE STREET,INTERSECTION,BROOKLYN,,N/A,Closed,,The Department of Sanitation investigated this complaint and found no violation at the location.,02/16/2017 12:00:00 PM,01 BROOKLYN,,BROOKLYN,1002139,196502,ONLINE,Unspecified,BROOKLYN,,,,,,,,40.70601127525018,-73.93547835636267,"(40.70601127525018, -73.93547835636267)"
35438467,02/07/2017 10:13:00 AM,02/14/2017 12:00:00 PM,DSNY,Department of Sanitation,Dirty Conditions,E8 Canine Violation,Sidewalk,11230,1564 EAST   17 STREET,EAST   17 STREET,AVENUE O,AVENUE P,,,ADDRESS,BROOKLYN,,N/A,Closed,,The Department of Sanitation investigated this complaint and found no violation at the location.,02/14/2017 12:00:00 PM,14 BROOKLYN,,BROOKLYN,996204,162186,ONLINE,Unspecified,BROOKLYN,,,,,,,,40.611831432142324,-73.9569454106435,"(40.611831432142324, -73.9569454106435)"
35434299,02/07/2017 08:11:00 AM,02/13/2017 12:00:00 PM,DSNY,Department of Sanitation,Dirty Conditions,E8 Canine Violation,Sidewalk,11368,,,,,112 STREET,38 AVENUE,INTERSECTION,Corona,,N/A,Closed,,The Department of Sanitation investigated this complaint and found no violation at the location.,02/13/2017 12:00:00 PM,03 QUEENS,,QUEENS,1024317,213856,PHONE,Unspecified,QUEENS,,,,,,,,40.753571064228105,-73.85538401455128,"(40.753571064228105, -73.85538401455128)"
35435292,02/07/2017 07:11:00 AM,02/08/2017 12:00:00 PM,DSNY,Department of Sanitation,Dirty Conditions,E8 Canine Violation,Sidewalk,10472,1054 EVERGREEN AVENUE,EVERGREEN AVENUE,BRUCKNER BOULEVARD,WATSON AVENUE,,,ADDRESS,BRONX,,N/A,Closed,,The Department of Sanitation investigated this complaint and found no violation at the location.,02/08/2017 12:00:00 PM,09 BRONX,2037120027,BRONX,1017410,239793,PHONE,Unspecified,BRONX,,,,,,,,40.824789697116294,-73.88018574180339,"(40.824789697116294, -73.88018574180339)"
35433276,02/07/2017 01:28:00 AM,02/07/2017 12:00:00 PM,DSNY,Department of Sanitation,Dirty Conditions,E8 Canine Violation,Sidewalk,11435,144-70 VILLAGE ROAD,VILLAGE ROAD,CHARTER ROAD,BEND,,,ADDRESS,Jamaica,,N/A,Closed,,The Department of Sanitation investigated this complaint and found no violation at the location.,02/07/2017 12:00:00 PM,08 QUEENS,4067150002,QUEENS,1035537,200488,PHONE,Unspecified,QUEENS,,,,,,,,40.71682132249379,-73.81498907693337,"(40.71682132249379, -73.81498907693337)"
35437495,02/06/2017 10:51:00 PM,02/08/2017 12:00:00 PM,DSNY,Department of Sanitation,Dirty Conditions,E8 Canine Violation,Sidewalk,11225,,,,,CROWN STREET,WASHINGTON AVENUE,INTERSECTION,BROOKLYN,,N/A,Closed,,The Department of Sanitation investigated this complaint and found no violation at the location.,02/08/2017 12:00:00 PM,09 BROOKLYN,,BROOKLYN,994845,182533,PHONE,Unspecified,BROOKLYN,,,,,,,,40.667681315172246,-73.9618081540521,"(40.667681315172246, -73.9618081540521)"
35439468,02/06/2017 08:58:00 PM,02/07/2017 12:00:00 PM,DSNY,Department of Sanitation,Dirty Conditions,E8 Canine Violation,Sidewalk,11369,25-15 94 STREET,94 STREET,25 AVENUE,ASTORIA BOULEVARD,,,ADDRESS,East Elmhurst,,N/A,Closed,,The Department of Sanitation investigated this complaint and found no violation at the location.,02/07/2017 12:00:00 PM,03 QUEENS,4013680045,QUEENS,1018746,217624,PHONE,Unspecified,QUEENS,,,,,,,,40.76393673906714,-73.87547236251379,"(40.76393673906714, -73.87547236251379)"
35435364,02/06/2017 08:32:00 PM,02/07/2017 12:00:00 PM,DSNY,Department of Sanitation,Dirty Conditions,E8 Canine Violation,Sidewalk,11221,,,,,KOSCIUSKO STREET,THROOP AVENUE,INTERSECTION,BROOKLYN,,N/A,Closed,,The Department of Sanitation investigated this complaint and found no violation at the location.,02/07/2017 12:00:00 PM,03 BROOKLYN,,BROOKLYN,1000151,191259,PHONE,Unspecified,BROOKLYN,,,,,,,,40.69162426218111,-73.942661006199,"(40.69162426218111, -73.942661006199)"
35439457,02/06/2017 02:48:00 PM,02/07/2017 12:00:00 PM,DSNY,Department of Sanitation,Dirty Conditions,E8 Canine Violation,Sidewalk,10309,23 CRABTREE AVENUE,CRABTREE AVENUE,BLOOMINGDALE ROAD,TRINA LANE,,,ADDRESS,STATEN ISLAND,,N/A,Closed,,The Department of Sanitation investigated this complaint and found no violation at the location.,02/07/2017 12:00:00 PM,03 STATEN ISLAND,5070930062,STATEN ISLAND,923353,136836,ONLINE,Unspecified,STATEN ISLAND,,,,,,,,40.542049691836404,-74.21910323857911,"(40.542049691836404, -74.21910323857911)"
35439467,02/06/2017 01:45:00 PM,02/07/2017 12:00:00 PM,DSNY,Department of Sanitation,Dirty Conditions,E8 Canine Violation,Sidewalk,11426,88-15 GETTYSBURG STREET,GETTYSBURG STREET,88 AVENUE,89 AVENUE,,,ADDRESS,Bellerose,,N/A,Closed,,The Department of Sanitation investigated this complaint and found no violation at the location.,02/07/2017 12:00:00 PM,13 QUEENS,4079750016,QUEENS,1058848,205326,ONLINE,Unspecified,QUEENS,,,,,,,,40.72993455130417,-73.73084461550171,"(40.72993455130417, -73.73084461550171)"
35427322,02/06/2017 01:22:00 PM,02/07/2017 12:00:00 PM,DSNY,Department of Sanitation,Dirty Conditions,E8 Canine Violation,Sidewalk,10462,1118 HAVEMEYER AVENUE,HAVEMEYER AVENUE,WATSON AVENUE,HAVILAND AVENUE,,,ADDRESS,BRONX,,N/A,Closed,,The Department of Sanitation investigated this complaint and found no violation at the location.,02/07/2017 12:00:00 PM,09 BRONX,2038270215,BRONX,1026435,241930,PHONE,Unspecified,BRONX,,,,,,,,40.83061665109604,-73.84756308507261,"(40.83061665109604, -73.84756308507261)"
35430481,02/06/2017 11:19:00 AM,02/07/2017 12:00:00 PM,DSNY,Department of Sanitation,Dirty Conditions,E8 Canine Violation,Sidewalk,10458,328 EAST  197 STREET,EAST  197 STREET,POND PLACE,MARION AVENUE,,,ADDRESS,BRONX,,N/A,Closed,,The Department of Sanitation investigated this complaint and found no violation at the location.,02/07/2017 12:00:00 PM,07 BRONX,2032880031,BRONX,1015014,255042,ONLINE,Unspecified,BRONX,,,,,,,,40.86665235671921,-73.88877303800017,"(40.86665235671921, -73.88877303800017)"
35432659,02/06/2017 11:11:00 AM,02/08/2017 12:00:00 PM,DSNY,Department of Sanitation,Dirty Conditions,E8 Canine Violation,Sidewalk,10462,2071 WHITE PLAINS ROAD,WHITE PLAINS ROAD,BRADY AVENUE,MARAN PLACE,,,ADDRESS,BRONX,,N/A,Closed,,The Department of Sanitation investigated this complaint and found no violation at the location.,02/08/2017 12:00:00 PM,11 BRONX,2042860001,BRONX,1020830,249930,PHONE,Unspecified,BRONX,,,,,,,,40.85259928366343,-73.86777327121693,"(40.85259928366343, -73.86777327121693)"
35431583,02/06/2017 10:37:00 AM,02/08/2017 12:00:00 PM,DSNY,Department of Sanitation,Dirty Conditions,E8 Canine Violation,Sidewalk,,,,,,COYLE STREET,SHORE PARKWAY,INTERSECTION,,,N/A,Closed,,The Department of Sanitation investigated this complaint and found no violation at the location.,02/08/2017 12:00:00 PM,15 BROOKLYN,,BROOKLYN,,,PHONE,Unspecified,BROOKLYN,,,,,,,,,,
35429414,02/06/2017 09:05:00 AM,02/14/2017 12:00:00 PM,DSNY,Department of Sanitation,Dirty Conditions,E8 Canine Violation,Sidewalk,10455,,,,,EAST 156 STREET,MELROSE AVENUE,INTERSECTION,BRONX,,N/A,Closed,,The Department of Sanitation investigated this complaint and found no violation at the location.,02/14/2017 12:00:00 PM,01 BRONX,,BRONX,1007607,238336,PHONE,Unspecified,BRONX,,,,,,,,40.820822008996466,-73.91561114799427,"(40.820822008996466, -73.91561114799427)"
35432658,02/06/2017 08:45:00 AM,02/08/2017 12:00:00 PM,DSNY,Department of Sanitation,Dirty Conditions,E8 Canine Violation,Sidewalk,11233,1355 HERKIMER STREET,HERKIMER STREET,MONACO PLACE,EASTERN PARKWAY,,,ADDRESS,BROOKLYN,,N/A,Closed,,The Department of Sanitation investigated this complaint and found no violation at the location.,02/08/2017 12:00:00 PM,16 BROOKLYN,3015520043,BROOKLYN,1009565,186090,ONLINE,Unspecified,BROOKLYN,,,,,,,,40.6774146245582,-73.90873356957965,"(40.6774146245582, -73.90873356957965)"
35430482,02/06/2017 08:36:00 AM,02/08/2017 12:00:00 PM,DSNY,Department of Sanitation,Dirty Conditions,E8 Canine Violation,Sidewalk,11212,,,,,GLENMORE AVENUE,CHRISTOPHER AVENUE,INTERSECTION,BROOKLYN,,N/A,Closed,,The Department of Sanitation investigated this complaint and found no violation at the location.,02/08/2017 12:00:00 PM,16 BROOKLYN,,BROOKLYN,1010226,183991,ONLINE,Unspecified,BROOKLYN,,,,,,,,40.67165143010301,-73.90635860300436,"(40.67165143010301, -73.90635860300436)"
35430504,02/06/2017 07:49:00 AM,02/07/2017 12:00:00 PM,DSNY,Department of Sanitation,Dirty Conditions,E8 Canine Violation,Sidewalk,10472,1500 EAST  172 STREET,EAST  172 STREET,WHEELER AVENUE,ELDER AVENUE,,,ADDRESS,BRONX,,N/A,Closed,,The Department of Sanitation investigated this complaint and found no violation at the location.,02/07/2017 12:00:00 PM,09 BRONX,2037720032,BRONX,1017304,242074,PHONE,Unspecified,BRONX,,,,,,,,40.83105078228419,-73.88055750431366,"(40.83105078228419, -73.88055750431366)"
35427323,02/05/2017 04:43:00 PM,02/07/2017 12:00:00 PM,DSNY,Department of Sanitation,Dirty Conditions,E8 Canine Violation,Sidewalk,11221,,,,,LINDEN STREET,BUSHWICK AVENUE,INTERSECTION,BROOKLYN,,N/A,Closed,,The Department of Sanitation investigated this complaint and found no violation at the location.,02/07/2017 12:00:00 PM,04 BROOKLYN,,BROOKLYN,1006044,191165,ONLINE,Unspecified,BROOKLYN,,,,,,,,40.69135370433244,-73.9214111666864,"(40.69135370433244, -73.9214111666864)"
35419453,02/05/2017 12:09:00 PM,02/13/2017 12:00:00 PM,DSNY,Department of Sanitation,Dirty Conditions,E8 Canine Violation,Sidewalk,11213,2 AGATE COURT,AGATE COURT,ATLANTIC AVENUE,DEAD END,,,ADDRESS,BROOKLYN,,N/A,Closed,,The Department of Sanitation investigated this complaint and found no violation at the location.,02/13/2017 12:00:00 PM,03 BROOKLYN,3018710064,BROOKLYN,1000945,186323,PHONE,Unspecified,BROOKLYN,,,,,,,,40.678074610788265,-73.93981007390467,"(40.678074610788265, -73.93981007390467)"
35423365,02/05/2017 10:58:00 AM,02/07/2017 12:00:00 PM,DSNY,Department of Sanitation,Dirty Conditions,E8 Canine Violation,Sidewalk,11238,,,,,EASTERN PARKWAY,FRANKLIN AVENUE,INTERSECTION,BROOKLYN,,N/A,Closed,,The Department of Sanitation investigated this complaint and found no violation at the location.,02/07/2017 12:00:00 PM,08 BROOKLYN,,BROOKLYN,995908,183618,PHONE,Unspecified,BROOKLYN,,,,,,,,40.67065806173199,-73.95797447716627,"(40.67065806173199, -73.95797447716627)"
35420762,02/05/2017 09:03:00 AM,02/06/2017 12:00:00 PM,DSNY,Department of Sanitation,Dirty Conditions,E8 Canine Violation,Sidewalk,10458,2853 BAINBRIDGE AVENUE,BAINBRIDGE AVENUE,EAST 198 STREET,BEND,,,ADDRESS,BRONX,,N/A,Closed,,The Department of Sanitation investigated this complaint and found no violation at the location.,02/06/2017 12:00:00 PM,07 BRONX,2032960060,BRONX,1015369,255874,PHONE,Unspecified,BRONX,,,,,,,,40.86893469714704,-73.88748567639564,"(40.86893469714704, -73.88748567639564)"
35420743,02/05/2017 03:05:00 AM,02/07/2017 12:00:00 PM,DSNY,Department of Sanitation,Dirty Conditions,E8 Canine Violation,Sidewalk,11226,58 EAST   31 STREET,EAST   31 STREET,CHURCH AVENUE,SNYDER AVENUE,,,ADDRESS,BROOKLYN,,N/A,Closed,,The Department of Sanitation investigated this complaint and found no violation at the location.,02/07/2017 12:00:00 PM,17 BROOKLYN,3048840031,BROOKLYN,998549,175931,ONLINE,Unspecified,BROOKLYN,,,,,,,,40.64955507217182,-73.94847033013491,"(40.64955507217182, -73.94847033013491)"
35422068,02/04/2017 11:46:00 PM,02/07/2017 12:00:00 PM,DSNY,Department of Sanitation,Dirty Conditions,E8 Canine Violation,Sidewalk,11238,628 STERLING PLACE,STERLING PLACE,NYCTA SUBWAY,FRANKLIN AVENUE,,,ADDRESS,BROOKLYN,,N/A,Closed,,The Department of Sanitation investigated this complaint and found no violation at the location.,02/07/2017 12:00:00 PM,08 BROOKLYN,3011750045,BROOKLYN,995934,184636,ONLINE,Unspecified,BROOKLYN,,,,,,,,40.67345220894146,-73.95787898607996,"(40.67345220894146, -73.95787898607996)"
35424006,02/04/2017 11:09:00 PM,02/07/2017 12:00:00 PM,DSNY,Department of Sanitation,Dirty Conditions,E8 Canine Violation,Sidewalk,10128,1661 YORK AVENUE,YORK AVENUE,EAST 87 STREET,EAST 88 STREET,,,ADDRESS,NEW YORK,,N/A,Closed,,The Department of Sanitation investigated this complaint and found no violation at the location.,02/07/2017 12:00:00 PM,08 MANHATTAN,1015670022,MANHATTAN,999088,222326,ONLINE,Unspecified,MANHATTAN,,,,,,,,40.776897349928404,-73.9464256665058,"(40.776897349928404, -73.9464256665058)"
35420761,02/04/2017 11:03:00 PM,02/07/2017 12:00:00 PM,DSNY,Department of Sanitation,Dirty Conditions,E8 Canine Violation,Sidewalk,11373,89-21 ELMHURST AVENUE,ELMHURST AVENUE,ELBERTSON STREET,DENMAN STREET,,,ADDRESS,Elmhurst,,N/A,Closed,,The Department of Sanitation investigated this complaint and found no violation at the location.,02/07/2017 12:00:00 PM,04 QUEENS,4015110001,QUEENS,1018372,211606,ONLINE,Unspecified,QUEENS,,,,,,,,40.747420328856705,-73.87685300997468,"(40.747420328856705, -73.87685300997468)"
35419462,02/04/2017 04:13:00 PM,02/07/2017 12:00:00 PM,DSNY,Department of Sanitation,Dirty Conditions,E8 Canine Violation,Sidewalk,11105,21-25 23 AVENUE,23 AVENUE,21 STREET,23 STREET,,,ADDRESS,Astoria,,N/A,Closed,,The Department of Sanitation investigated this complaint and found no violation at the location.,02/07/2017 12:00:00 PM,01 QUEENS,4008780069,QUEENS,1006838,222846,ONLINE,Unspecified,QUEENS,,,,,,,,40.77830820499992,-73.91844165087767,"(40.77830820499992, -73.91844165087767)"
35423405,02/04/2017 03:09:00 PM,02/13/2017 12:00:00 PM,DSNY,Department of Sanitation,Dirty Conditions,E8 Canine Violation,Sidewalk,10011,,,,,WEST 20 STREET,10 AVENUE,INTERSECTION,NEW YORK,,N/A,Closed,,The Department of Sanitation investigated this complaint and found no violation at the location.,02/13/2017 12:00:00 PM,04 MANHATTAN,,MANHATTAN,982717,210997,PHONE,Unspecified,MANHATTAN,,,,,,,,40.745814476376786,-74.0055324929128,"(40.745814476376786, -74.0055324929128)"
35412598,02/04/2017 11:39:00 AM,02/06/2017 12:00:00 PM,DSNY,Department of Sanitation,Dirty Conditions,E8 Canine Violation,Sidewalk,10472,1160 MANOR AVENUE,MANOR AVENUE,WATSON AVENUE,WESTCHESTER AVENUE,,,ADDRESS,BRONX,,N/A,Closed,,The Department of Sanitation investigated this complaint and found no violation at the location.,02/06/2017 12:00:00 PM,09 BRONX,2037430032,BRONX,1018525,240946,PHONE,Unspecified,BRONX,,,,,,,,40.82795009425688,-73.87615112059125,"(40.82795009425688, -73.87615112059125)"
35416685,02/03/2017 03:27:00 PM,02/04/2017 12:00:00 PM,DSNY,Department of Sanitation,Dirty Conditions,E8 Canine Violation,Sidewalk,10467,,,,,PERRY AVENUE,HOLT PLACE,INTERSECTION,BRONX,,N/A,Closed,,The Department of Sanitation investigated this complaint and found no violation at the location.,02/04/2017 12:00:00 PM,07 BRONX,,BRONX,1018571,258562,ONLINE,Unspecified,BRONX,,,,,,,,40.87630055567291,-73.8758947226167,"(40.87630055567291, -73.8758947226167)"
35416742,02/03/2017 02:27:00 PM,02/04/2017 12:00:00 PM,DSNY,Department of Sanitation,Dirty Conditions,E8 Canine Violation,Sidewalk,10461,2617 HALPERIN AVENUE,HALPERIN AVENUE,WILLIAMSBRIDGE ROAD,BLONDELL AVENUE,,,ADDRESS,BRONX,,N/A,Closed,,The Department of Sanitation investigated this complaint and found no violation at the location.,02/04/2017 12:00:00 PM,10 BRONX,2040750031,BRONX,1027395,246496,ONLINE,Unspecified,BRONX,,,,,,,,40.84314434104825,-73.8440647288728,"(40.84314434104825, -73.8440647288728)"
35405289,02/03/2017 11:47:00 AM,02/04/2017 12:00:00 PM,DSNY,Department of Sanitation,Dirty Conditions,E8 Canine Violation,Sidewalk,10472,,,,,EAST 172 STREET,STRATFORD AVENUE,INTERSECTION,BRONX,,N/A,Closed,,The Department of Sanitation investigated this complaint and found no violation at the location.,02/04/2017 12:00:00 PM,09 BRONX,,BRONX,1018546,242291,ONLINE,Unspecified,BRONX,,,,,,,,40.831641648833546,-73.87606836365885,"(40.831641648833546, -73.87606836365885)"
35409487,02/03/2017 10:08:00 AM,02/06/2017 12:00:00 PM,DSNY,Department of Sanitation,Dirty Conditions,E8 Canine Violation,Sidewalk,11205,229 SKILLMAN STREET,SKILLMAN STREET,WILLOUGHBY AVENUE,DEKALB AVENUE,,,ADDRESS,BROOKLYN,,N/A,Closed,,The Department of Sanitation investigated this complaint and found no violation at the location.,02/06/2017 12:00:00 PM,03 BROOKLYN,3019280006,BROOKLYN,996319,191196,PHONE,Unspecified,BROOKLYN,,,,,,,,40.691457396945864,-73.95647930549244,"(40.691457396945864, -73.95647930549244)"
35406788,02/03/2017 09:16:00 AM,02/04/2017 12:00:00 PM,DSNY,Department of Sanitation,Dirty Conditions,E8 Canine Violation,Sidewalk,10452,54 FEATHERBED LANE,FEATHERBED LANE,BEND,BEND,,,ADDRESS,BRONX,,N/A,Closed,,The Department of Sanitation investigated this complaint and found no violation at the location.,02/04/2017 12:00:00 PM,05 BRONX,2028650103,BRONX,1007462,247388,ONLINE,Unspecified,BRONX,,,,,,,,40.84566751269749,-73.91610370963573,"(40.84566751269749, -73.91610370963573)"
35408588,02/03/2017 07:42:00 AM,02/13/2017 12:00:00 PM,DSNY,Department of Sanitation,Dirty Conditions,E8 Canine Violation,Sidewalk,11426,93-02 242 STREET,242 STREET,93 AVENUE,JAMAICA AVENUE,,,ADDRESS,Bellerose,,N/A,Closed,,The Department of Sanitation investigated this complaint and found no violation at the location.,02/13/2017 12:00:00 PM,13 QUEENS,4080050194,QUEENS,1060209,203440,PHONE,Unspecified,QUEENS,,,,,,,,40.72474638317981,-73.72595534203222,"(40.72474638317981, -73.72595534203222)"
35405695,02/03/2017 07:22:00 AM,02/08/2017 12:00:00 PM,DSNY,Department of Sanitation,Dirty Conditions,E8 Canine Violation,Sidewalk,11421,86-08 89 STREET,89 STREET,86 ROAD,JAMAICA AVENUE,,,ADDRESS,Woodhaven,,N/A,Closed,,The Department of Sanitation investigated this complaint and found no violation at the location.,02/08/2017 12:00:00 PM,09 QUEENS,4088630069,QUEENS,1024211,192158,PHONE,Unspecified,QUEENS,,,,,,,,40.69401587437113,-73.8558954410543,"(40.69401587437113, -73.8558954410543)"
35409397,02/02/2017 06:03:00 PM,02/02/2017 06:03:00 PM,DSNY,Department of Sanitation,Dirty Conditions,E8 Canine Violation,Sidewalk,11212,2256 STRAUSS STREET,STRAUSS STREET,NEWPORT STREET,LOTT AVENUE,,,ADDRESS,BROOKLYN,,N/A,Closed,,The Department of Sanitation investigated this complaint and found no violation at the location.,02/02/2017 06:03:00 PM,16 BROOKLYN,3036080032,BROOKLYN,1008198,179166,PHONE,Unspecified,BROOKLYN,,,,,,,,40.658413600280554,-73.91368651427243,"(40.658413600280554, -73.91368651427243)"
35409814,02/02/2017 04:18:00 PM,02/03/2017 12:00:00 PM,DSNY,Department of Sanitation,Dirty Conditions,E8 Canine Violation,Sidewalk,10461,2617 HALPERIN AVENUE,HALPERIN AVENUE,WILLIAMSBRIDGE ROAD,BLONDELL AVENUE,,,ADDRESS,BRONX,,N/A,Closed,,The Department of Sanitation investigated this complaint and found no violation at the location.,02/03/2017 12:00:00 PM,10 BRONX,2040750031,BRONX,1027395,246496,ONLINE,Unspecified,BRONX,,,,,,,,40.84314434104825,-73.8440647288728,"(40.84314434104825, -73.8440647288728)"
35404503,02/02/2017 01:35:00 PM,02/03/2017 12:00:00 PM,DSNY,Department of Sanitation,Dirty Conditions,E8 Canine Violation,Sidewalk,11221,,,,,GATES AVENUE,MARCUS GARVEY BOULEVARD,INTERSECTION,BROOKLYN,,N/A,Closed,,The Department of Sanitation investigated this complaint and found no violation at the location.,02/03/2017 12:00:00 PM,03 BROOKLYN,,BROOKLYN,1001181,189778,ONLINE,Unspecified,BROOKLYN,,,,,,,,40.6875573483809,-73.93895055011791,"(40.6875573483809, -73.93895055011791)"
35398271,02/02/2017 10:44:00 AM,02/03/2017 12:00:00 PM,DSNY,Department of Sanitation,Dirty Conditions,E8 Canine Violation,Sidewalk,10031,462 WEST  144 STREET,WEST  144 STREET,CONVENT AVENUE,AMSTERDAM AVENUE,,,ADDRESS,NEW YORK,,N/A,Closed,,The Department of Sanitation investigated this complaint and found no violation at the location.,02/03/2017 12:00:00 PM,09 MANHATTAN,1020590024,MANHATTAN,998832,239568,PHONE,Unspecified,MANHATTAN,,,,,,,,40.82422234385749,-73.94731253989151,"(40.82422234385749, -73.94731253989151)"
35402398,02/02/2017 10:32:00 AM,02/03/2017 12:00:00 PM,DSNY,Department of Sanitation,Dirty Conditions,E8 Canine Violation,Sidewalk,11210,,,,,EAST 32 STREET,AVENUE I,INTERSECTION,BROOKLYN,,N/A,Closed,,The Department of Sanitation investigated this complaint and found no violation at the location.,02/03/2017 12:00:00 PM,14 BROOKLYN,,BROOKLYN,999405,168580,PHONE,Unspecified,BROOKLYN,,,,,,,,40.62937672994371,-73.94540205335065,"(40.62937672994371, -73.94540205335065)"
35403488,02/02/2017 09:27:00 AM,02/13/2017 12:00:00 PM,DSNY,Department of Sanitation,Dirty Conditions,E8 Canine Violation,Sidewalk,11432,,,,,MAYFIELD ROAD,CROYDON ROAD,INTERSECTION,Jamaica,,N/A,Closed,,The Department of Sanitation investigated this complaint and found no violation at the location.,02/13/2017 12:00:00 PM,08 QUEENS,,QUEENS,1042570,200569,PHONE,Unspecified,QUEENS,,,,,,,,40.717000080943976,-73.7896178695798,"(40.717000080943976, -73.7896178695798)"
35402289,02/02/2017 08:00:00 AM,02/03/2017 12:00:00 PM,DSNY,Department of Sanitation,Dirty Conditions,E8 Canine Violation,Sidewalk,10452,1025 GERARD AVENUE,GERARD AVENUE,EAST 164 STREET,EAST 165 STREET,,,ADDRESS,BRONX,,N/A,Closed,,The Department of Sanitation investigated this complaint and found no violation at the location.,02/03/2017 12:00:00 PM,04 BRONX,2024860025,BRONX,1005585,242040,ONLINE,Unspecified,BRONX,,,,,,,,40.8309935459408,-73.92290485288783,"(40.8309935459408, -73.92290485288783)"
35402253,02/02/2017 07:51:00 AM,02/03/2017 12:00:00 PM,DSNY,Department of Sanitation,Dirty Conditions,E8 Canine Violation,Sidewalk,10452,1020 GERARD AVENUE,GERARD AVENUE,EAST 164 STREET,EAST 165 STREET,,,ADDRESS,BRONX,,N/A,Closed,,The Department of Sanitation investigated this complaint and found no violation at the location.,02/03/2017 12:00:00 PM,04 BRONX,2024770011,BRONX,1005581,242016,ONLINE,Unspecified,BRONX,,,,,,,,40.83092768251452,-73.92291938340453,"(40.83092768251452, -73.92291938340453)"
35404358,02/02/2017 07:27:00 AM,02/08/2017 12:00:00 PM,DSNY,Department of Sanitation,Dirty Conditions,E8 Canine Violation,Sidewalk,11420,135-40 120 STREET,120 STREET,135 AVENUE,149 AVENUE,,,ADDRESS,South Ozone Park,,N/A,Closed,,The Department of Sanitation investigated this complaint and found no violation at the location.,02/08/2017 12:00:00 PM,10 QUEENS,4118060052,QUEENS,1034175,183463,ONLINE,Unspecified,QUEENS,,,,,,,,40.67009952767454,-73.82002847373822,"(40.67009952767454, -73.82002847373822)"
35401440,02/02/2017 06:38:00 AM,02/03/2017 12:00:00 PM,DSNY,Department of Sanitation,Dirty Conditions,E8 Canine Violation,Sidewalk,10030,230 WEST  141 STREET,WEST  141 STREET,7 AVENUE,8 AVENUE,,,ADDRESS,NEW YORK,,N/A,Closed,,The Department of Sanitation investigated this complaint and found no violation at the location.,02/03/2017 12:00:00 PM,10 MANHATTAN,1020260056,MANHATTAN,1000298,237866,PHONE,Unspecified,MANHATTAN,,,,,,,,40.8195482943432,-73.94201968294219,"(40.8195482943432, -73.94201968294219)"
35399283,02/01/2017 04:06:00 PM,02/03/2017 12:00:00 PM,DSNY,Department of Sanitation,Dirty Conditions,E8 Canine Violation,Sidewalk,11225,57 RUTLAND ROAD,RUTLAND ROAD,FLATBUSH AVENUE,BEDFORD AVENUE,,,ADDRESS,BROOKLYN,,N/A,Closed,,The Department of Sanitation investigated this complaint and found no violation at the location.,02/03/2017 12:00:00 PM,09 BROOKLYN,3050340081,BROOKLYN,995723,179336,PHONE,Unspecified,BROOKLYN,,,,,,,,40.65890516443442,-73.95864866396403,"(40.65890516443442, -73.95864866396403)"
35404046,02/01/2017 03:26:00 PM,02/02/2017 12:00:00 PM,DSNY,Department of Sanitation,Dirty Conditions,E8 Canine Violation,Sidewalk,10452,,,,,GRAND CONCOURSE,EAST 174 STREET,INTERSECTION,BRONX,,N/A,Closed,,The Department of Sanitation investigated this complaint and found no violation at the location.,02/02/2017 12:00:00 PM,04 BRONX,,BRONX,1008789,247067,PHONE,Unspecified,BRONX,,,,,,,,40.84478287434188,-73.91130864517733,"(40.84478287434188, -73.91130864517733)"
35398265,02/01/2017 02:35:00 PM,02/09/2017 12:00:00 PM,DSNY,Department of Sanitation,Dirty Conditions,E8 Canine Violation,Sidewalk,10303,,,,,PULASKI AVENUE,KALVER PLACE,INTERSECTION,STATEN ISLAND,,N/A,Closed,,The Department of Sanitation investigated this complaint and found no violation at the location.,02/09/2017 12:00:00 PM,01 STATEN ISLAND,,STATEN ISLAND,943388,169868,ONLINE,Unspecified,STATEN ISLAND,,,,,,,,40.632830733401065,-74.14721858594416,"(40.632830733401065, -74.14721858594416)"
35402397,02/01/2017 02:13:00 PM,02/03/2017 12:00:00 PM,DSNY,Department of Sanitation,Dirty Conditions,E8 Canine Violation,Sidewalk,10306,12 MILBANK ROAD,MILBANK ROAD,NEUTRAL AVENUE,CEDAR GROVE AVENUE,,,ADDRESS,STATEN ISLAND,,N/A,Closed,,The Department of Sanitation investigated this complaint and found no violation at the location.,02/03/2017 12:00:00 PM,02 STATEN ISLAND,5040920052,STATEN ISLAND,955686,143760,ONLINE,Unspecified,STATEN ISLAND,,,,,,,,40.561217790392675,-74.10280072030771,"(40.561217790392675, -74.10280072030771)"
35395981,02/01/2017 01:20:00 PM,02/03/2017 12:00:00 PM,DSNY,Department of Sanitation,Dirty Conditions,E8 Canine Violation,Sidewalk,11213,1475 STERLING PLACE,STERLING PLACE,UTICA AVENUE,ROCHESTER AVENUE,,,ADDRESS,BROOKLYN,,N/A,Closed,,The Department of Sanitation investigated this complaint and found no violation at the location.,02/03/2017 12:00:00 PM,08 BROOKLYN,3013730068,BROOKLYN,1003729,183902,ONLINE,Unspecified,BROOKLYN,,,,,,,,40.671423824371324,-73.9297800124968,"(40.671423824371324, -73.9297800124968)"
35393917,02/01/2017 11:23:00 AM,02/13/2017 12:00:00 PM,DSNY,Department of Sanitation,Dirty Conditions,E8 Canine Violation,Sidewalk,11434,114-39 170 STREET,170 STREET,LINDEN BOULEVARD,115 AVENUE,,,ADDRESS,Jamaica,,N/A,Closed,,The Department of Sanitation investigated this complaint and found no violation at the location.,02/13/2017 12:00:00 PM,12 QUEENS,4123340268,QUEENS,1045397,190963,PHONE,Unspecified,QUEENS,,,,,,,,40.69061486480591,-73.7795070858152,"(40.69061486480591, -73.7795070858152)"
35396130,02/01/2017 10:36:00 AM,02/07/2017 12:00:00 PM,DSNY,Department of Sanitation,Dirty Conditions,E8 Canine Violation,Sidewalk,11358,,,,,195 STREET,37 AVENUE,INTERSECTION,Flushing,,N/A,Closed,,The Department of Sanitation investigated this complaint and found no violation at the location.,02/07/2017 12:00:00 PM,11 QUEENS,,QUEENS,1043150,217248,ONLINE,Unspecified,QUEENS,,,,,,,,40.76277581482081,-73.78737955893673,"(40.76277581482081, -73.78737955893673)"
35395035,02/01/2017 09:25:00 AM,02/02/2017 12:00:00 PM,DSNY,Department of Sanitation,Dirty Conditions,E8 Canine Violation,Sidewalk,10456,,,,,3 AVENUE,EAST 169 STREET,INTERSECTION,BRONX,,N/A,Closed,,The Department of Sanitation investigated this complaint and found no violation at the location.,02/02/2017 12:00:00 PM,03 BRONX,,BRONX,1010531,242680,PHONE,Unspecified,BRONX,,,,,,,,40.8327368283087,-73.90502972653087,"(40.8327368283087, -73.90502972653087)"
35395099,02/01/2017 09:01:00 AM,02/02/2017 12:00:00 PM,DSNY,Department of Sanitation,Dirty Conditions,E8 Canine Violation,Sidewalk,,,,,,BRUCKNER BOULEVARD,ELDER AVENUE,INTERSECTION,,,N/A,Closed,,The Department of Sanitation investigated this complaint and found no violation at the location.,02/02/2017 12:00:00 PM,09 BRONX,,BRONX,,,PHONE,Unspecified,BRONX,,,,,,,,,,
35390529,02/01/2017 08:31:00 AM,02/02/2017 12:00:00 PM,DSNY,Department of Sanitation,Dirty Conditions,E8 Canine Violation,Sidewalk,10031,30 HAMILTON TERRACE,HAMILTON TERRACE,WEST 141 STREET,WEST 144 STREET,,,ADDRESS,NEW YORK,,N/A,Closed,,The Department of Sanitation investigated this complaint and issued a Notice of Violation.,02/02/2017 12:00:00 PM,09 MANHATTAN,1020500076,MANHATTAN,999001,238949,ONLINE,Unspecified,MANHATTAN,,,,,,,,40.822523084020226,-73.94670327260708,"(40.822523084020226, -73.94670327260708)"
35392896,02/01/2017 07:26:00 AM,02/07/2017 12:00:00 PM,DSNY,Department of Sanitation,Dirty Conditions,E8 Canine Violation,Sidewalk,11102,18-11 26 AVENUE,26 AVENUE,18 STREET,21 STREET,,,ADDRESS,Astoria,,N/A,Closed,,The Department of Sanitation investigated this complaint and found no violation at the location.,02/07/2017 12:00:00 PM,01 QUEENS,4008870018,QUEENS,1004617,221261,ONLINE,Unspecified,QUEENS,,,,,,,,40.7739631949891,-73.92646580177001,"(40.7739631949891, -73.92646580177001)"
35391613,01/31/2017 05:47:00 PM,02/03/2017 12:00:00 PM,DSNY,Department of Sanitation,Dirty Conditions,E8 Canine Violation,Sidewalk,11213,,,,,ST MARKS AVENUE,KINGSTON AVENUE,INTERSECTION,BROOKLYN,,N/A,Closed,,The Department of Sanitation investigated this complaint and found no violation at the location.,02/03/2017 12:00:00 PM,08 BROOKLYN,,BROOKLYN,1000423,185111,PHONE,Unspecified,BROOKLYN,,,,,,,,40.674748914046894,-73.94169493092325,"(40.674748914046894, -73.94169493092325)"
35391614,01/31/2017 05:44:00 PM,02/03/2017 12:00:00 PM,DSNY,Department of Sanitation,Dirty Conditions,E8 Canine Violation,Sidewalk,11421,,,,,89 STREET,JAMAICA AVENUE,INTERSECTION,Woodhaven,,N/A,Closed,,The Department of Sanitation investigated this complaint and found no violation at the location.,02/03/2017 12:00:00 PM,09 QUEENS,,QUEENS,1024300,191688,PHONE,Unspecified,QUEENS,,,,,,,,40.69272543254655,-73.85557729043995,"(40.69272543254655, -73.85557729043995)"
35387973,01/31/2017 04:39:00 PM,02/01/2017 12:00:00 PM,DSNY,Department of Sanitation,Dirty Conditions,E8 Canine Violation,Sidewalk,10467,3273 PERRY AVENUE,PERRY AVENUE,HOLT PLACE,EAST 209 STREET,,,ADDRESS,BRONX,,N/A,Closed,,The Department of Sanitation investigated this complaint and found no violation at the location.,02/01/2017 12:00:00 PM,07 BRONX,2033430118,BRONX,1018602,258624,PHONE,Unspecified,BRONX,,,,,,,,40.87647060575773,-73.87578230836016,"(40.87647060575773, -73.87578230836016)"
35396227,01/31/2017 03:45:00 PM,02/03/2017 12:00:00 PM,DSNY,Department of Sanitation,Dirty Conditions,E8 Canine Violation,Sidewalk,11234,,,,,EAST 38 STREET,AVENUE T,INTERSECTION,BROOKLYN,,N/A,Closed,,The Department of Sanitation investigated this complaint and found no violation at the location.,02/03/2017 12:00:00 PM,18 BROOKLYN,,BROOKLYN,1004223,161180,ONLINE,Unspecified,BROOKLYN,,,,,,,,40.60905572290811,-73.92806645296642,"(40.60905572290811, -73.92806645296642)"
35388218,01/31/2017 03:45:00 PM,02/02/2017 12:00:00 PM,DSNY,Department of Sanitation,Dirty Conditions,E8 Canine Violation,Sidewalk,11249,,,,,BERRY STREET,DIVISION AVENUE,INTERSECTION,BROOKLYN,,N/A,Closed,,The Department of Sanitation investigated this complaint and found no violation at the location.,02/02/2017 12:00:00 PM,01 BROOKLYN,,BROOKLYN,993695,196946,PHONE,Unspecified,BROOKLYN,,,,,,,,40.70724299270041,-73.96593335878342,"(40.70724299270041, -73.96593335878342)"
35392673,01/31/2017 01:46:00 PM,02/07/2017 12:00:00 PM,DSNY,Department of Sanitation,Dirty Conditions,E8 Canine Violation,Sidewalk,11375,89-17 69 ROAD,69 ROAD,METROPOLITAN AVENUE,OLCOTT STREET,,,ADDRESS,Forest Hills,,N/A,Closed,,The Department of Sanitation investigated this complaint and found no violation at the location.,02/07/2017 12:00:00 PM,06 QUEENS,4032060011,QUEENS,1024544,198466,ONLINE,Unspecified,QUEENS,,,,,,,,40.71132832064505,-73.8546568589395,"(40.71132832064505, -73.8546568589395)"
35381822,01/31/2017 12:25:00 PM,02/01/2017 12:00:00 PM,DSNY,Department of Sanitation,Dirty Conditions,E8 Canine Violation,Sidewalk,10468,2641 GRAND CONCOURSE,GRAND CONCOURSE,EAST 193 STREET,EAST KINGSBRIDGE ROAD,,,ADDRESS,BRONX,,N/A,Closed,,The Department of Sanitation investigated this complaint and issued a Notice of Violation.,02/01/2017 12:00:00 PM,07 BRONX,2031680027,BRONX,1013359,254654,PHONE,Unspecified,BRONX,,,,,,,,40.865593027993036,-73.8947583548884,"(40.865593027993036, -73.8947583548884)"
35387317,01/31/2017 12:14:00 PM,02/01/2017 12:00:00 PM,DSNY,Department of Sanitation,Dirty Conditions,E8 Canine Violation,Sidewalk,11207,594 LIBERTY AVENUE,LIBERTY AVENUE,BARBEY STREET,JEROME STREET,,,ADDRESS,BROOKLYN,,N/A,Closed,,The Department of Sanitation investigated this complaint and found no violation at the location.,02/01/2017 12:00:00 PM,05 BROOKLYN,3039810014,BROOKLYN,1015361,185464,PHONE,Unspecified,BROOKLYN,,,,,,,,40.67567792466596,-73.88784055936178,"(40.67567792466596, -73.88784055936178)"
35386236,01/31/2017 07:55:00 AM,02/01/2017 12:00:00 PM,DSNY,Department of Sanitation,Dirty Conditions,E8 Canine Violation,Sidewalk,11221,,,,,BLEECKER STREET,CENTRAL AVENUE,INTERSECTION,BROOKLYN,,N/A,Closed,,The Department of Sanitation investigated this complaint and found no violation at the location.,02/01/2017 12:00:00 PM,04 BROOKLYN,,BROOKLYN,1006221,192707,PHONE,Unspecified,BROOKLYN,,,,,,,,40.69558569816492,-73.92076787828535,"(40.69558569816492, -73.92076787828535)"
35386183,01/30/2017 08:22:00 PM,02/03/2017 12:00:00 PM,DSNY,Department of Sanitation,Dirty Conditions,E8 Canine Violation,Sidewalk,11413,145-89 182 STREET,182 STREET,145 DRIVE,146 AVENUE,,,ADDRESS,Springfield Gardens,,N/A,Closed,,The Department of Sanitation investigated this complaint and found no violation at the location.,02/03/2017 12:00:00 PM,13 QUEENS,4133470013,QUEENS,1049728,180899,ONLINE,Unspecified,QUEENS,,,,,,,,40.66296057480469,-73.76398757358996,"(40.66296057480469, -73.76398757358996)"
35386241,01/30/2017 08:20:00 PM,02/03/2017 12:00:00 PM,DSNY,Department of Sanitation,Dirty Conditions,E8 Canine Violation,Sidewalk,11413,145-75 182 STREET,182 STREET,145 DRIVE,146 AVENUE,,,ADDRESS,Springfield Gardens,,N/A,Closed,,The Department of Sanitation investigated this complaint and found no violation at the location.,02/03/2017 12:00:00 PM,13 QUEENS,4133470019,QUEENS,1049753,180977,ONLINE,Unspecified,QUEENS,,,,,,,,40.66317448185485,-73.7638967048984,"(40.66317448185485, -73.7638967048984)"
35383074,01/30/2017 08:13:00 PM,02/03/2017 12:00:00 PM,DSNY,Department of Sanitation,Dirty Conditions,E8 Canine Violation,Sidewalk,11413,145-44 183 STREET,183 STREET,145 ROAD,145 DRIVE,,,ADDRESS,Springfield Gardens,,N/A,Closed,,The Department of Sanitation investigated this complaint and found no violation at the location.,02/03/2017 12:00:00 PM,13 QUEENS,4133370038,QUEENS,1050093,181237,ONLINE,Unspecified,QUEENS,,,,,,,,40.66388559980387,-73.76266865356583,"(40.66388559980387, -73.76266865356583)"
35384072,01/30/2017 08:10:00 PM,02/07/2017 12:00:00 PM,DSNY,Department of Sanitation,Dirty Conditions,E8 Canine Violation,Sidewalk,11413,145-89 181 STREET,181 STREET,145 DRIVE,146 AVENUE,,,ADDRESS,Springfield Gardens,,N/A,Closed,,The Department of Sanitation investigated this complaint and found no violation at the location.,02/07/2017 12:00:00 PM,13 QUEENS,4133460065,QUEENS,1049489,180972,ONLINE,Unspecified,QUEENS,,,,,,,,40.663162707165554,-73.7648483275553,"(40.663162707165554, -73.7648483275553)"
35387318,01/30/2017 06:46:00 PM,02/01/2017 12:00:00 PM,DSNY,Department of Sanitation,Dirty Conditions,E8 Canine Violation,Sidewalk,11229,1749 EAST   14 STREET,EAST   14 STREET,KINGS HIGHWAY,AVENUE R,,,ADDRESS,BROOKLYN,,N/A,Closed,,The Department of Sanitation investigated this complaint and found no violation at the location.,02/01/2017 12:00:00 PM,15 BROOKLYN,3067970075,BROOKLYN,995672,160389,PHONE,Unspecified,BROOKLYN,,,,,,,,40.60689973813538,-73.95886454820698,"(40.60689973813538, -73.95886454820698)"
35381869,01/30/2017 06:38:00 PM,02/13/2017 12:00:00 PM,DSNY,Department of Sanitation,Dirty Conditions,E8 Canine Violation,Sidewalk,11428,93-70 VANDERVEER STREET,VANDERVEER STREET,93 AVENUE,94 ROAD,,,ADDRESS,Queens Village,,N/A,Closed,,The Department of Sanitation investigated this complaint and found no violation at the location.,02/13/2017 12:00:00 PM,13 QUEENS,4106160036,QUEENS,1055498,201220,PHONE,Unspecified,QUEENS,,,,,,,,40.718692243846675,-73.74297507385016,"(40.718692243846675, -73.74297507385016)"
35379607,01/30/2017 03:33:00 PM,02/07/2017 12:00:00 PM,DSNY,Department of Sanitation,Dirty Conditions,E8 Canine Violation,Sidewalk,11374,65-04 BOOTH STREET,BOOTH STREET,64 ROAD,65 ROAD,,,ADDRESS,Rego Park,,N/A,Closed,,The Department of Sanitation investigated this complaint and found no violation at the location.,02/07/2017 12:00:00 PM,06 QUEENS,4030977504,QUEENS,1023225,204258,ONLINE,Unspecified,QUEENS,,,,,,,,40.727231855090004,-73.85938103355782,"(40.727231855090004, -73.85938103355782)"
35373866,01/30/2017 01:09:00 PM,02/01/2017 12:00:00 PM,DSNY,Department of Sanitation,Dirty Conditions,E8 Canine Violation,Sidewalk,11372,,,,,83 STREET,34 AVENUE,INTERSECTION,Jackson Heights,,N/A,Closed,,The Department of Sanitation investigated this complaint and found no violation at the location.,02/01/2017 12:00:00 PM,03 QUEENS,,QUEENS,1016361,213939,PHONE,Unspecified,QUEENS,,,,,,,,40.75383135009843,-73.88409960068694,"(40.75383135009843, -73.88409960068694)"
35373867,01/30/2017 12:34:00 PM,02/02/2017 12:00:00 PM,DSNY,Department of Sanitation,Dirty Conditions,E8 Canine Violation,Sidewalk,11219,,,,,15 AVENUE,47 STREET,INTERSECTION,BROOKLYN,,N/A,Closed,,The Department of Sanitation investigated this complaint and found no violation at the location.,02/02/2017 12:00:00 PM,12 BROOKLYN,,BROOKLYN,987984,170073,ONLINE,Unspecified,BROOKLYN,,,,,,,,40.63348687563356,-73.98654692995608,"(40.63348687563356, -73.98654692995608)"
35372819,01/30/2017 12:27:00 PM,02/02/2017 12:00:00 PM,DSNY,Department of Sanitation,Dirty Conditions,E8 Canine Violation,Sidewalk,11238,600 STERLING PLACE,STERLING PLACE,CLASSON AVENUE,NYCTA SUBWAY,,,ADDRESS,BROOKLYN,,N/A,Closed,,The Department of Sanitation investigated this complaint and found no violation at the location.,02/02/2017 12:00:00 PM,08 BROOKLYN,3011750033,BROOKLYN,995643,184717,ONLINE,Unspecified,BROOKLYN,,,,,,,,40.6736749150054,-73.95892790883971,"(40.6736749150054, -73.95892790883971)"
35372741,01/30/2017 11:48:00 AM,02/07/2017 12:00:00 PM,DSNY,Department of Sanitation,Dirty Conditions,E8 Canine Violation,Sidewalk,11355,,,,,PARSONS BOULEVARD,BARCLAY AVENUE,INTERSECTION,Flushing,,N/A,Closed,,The Department of Sanitation investigated this complaint and found no violation at the location.,02/07/2017 12:00:00 PM,07 QUEENS,,QUEENS,1033793,216101,PHONE,Unspecified,QUEENS,,,,,,,,40.75968498732696,-73.82116531957904,"(40.75968498732696, -73.82116531957904)"
35373891,01/30/2017 11:31:00 AM,02/07/2017 12:00:00 PM,DSNY,Department of Sanitation,Dirty Conditions,E8 Canine Violation,Sidewalk,11356,125-16 18 AVENUE,18 AVENUE,125 STREET,126 STREET,,,ADDRESS,College Point,,N/A,Closed,,The Department of Sanitation investigated this complaint and found no violation at the location.,02/07/2017 12:00:00 PM,07 QUEENS,4041310126,QUEENS,1027760,224663,PHONE,Unspecified,QUEENS,,,,,,,,40.783217152836,-73.84288707347257,"(40.783217152836, -73.84288707347257)"
35370533,01/30/2017 10:30:00 AM,01/31/2017 12:00:00 PM,DSNY,Department of Sanitation,Dirty Conditions,E8 Canine Violation,Sidewalk,10472,,,,,GLEASON AVENUE,PUGSLEY AVENUE,INTERSECTION,BRONX,,N/A,Closed,,The Department of Sanitation investigated this complaint and issued a Notice of Violation.,01/31/2017 12:00:00 PM,09 BRONX,,BRONX,1023780,242102,PHONE,Unspecified,BRONX,,,,,,,,40.83110102328477,-73.85715598568363,"(40.83110102328477, -73.85715598568363)"
35372742,01/30/2017 09:54:00 AM,02/01/2017 12:00:00 PM,DSNY,Department of Sanitation,Dirty Conditions,E8 Canine Violation,Sidewalk,11230,1522 EAST   17 STREET,EAST   17 STREET,AVENUE O,AVENUE P,,,ADDRESS,BROOKLYN,,N/A,Closed,,The Department of Sanitation investigated this complaint and found no violation at the location.,02/01/2017 12:00:00 PM,14 BROOKLYN,3067630010,BROOKLYN,996164,162466,PHONE,Unspecified,BROOKLYN,,,,,,,,40.61260002825149,-73.95708898415943,"(40.61260002825149, -73.95708898415943)"
35378474,01/30/2017 09:22:00 AM,02/01/2017 12:00:00 PM,DSNY,Department of Sanitation,Dirty Conditions,E8 Canine Violation,Sidewalk,11221,126 WOODBINE STREET,WOODBINE STREET,EVERGREEN AVENUE,CENTRAL AVENUE,,,ADDRESS,BROOKLYN,,N/A,Closed,,The Department of Sanitation investigated this complaint and found no violation at the location.,02/01/2017 12:00:00 PM,04 BROOKLYN,3033590019,BROOKLYN,1007248,191468,ONLINE,Unspecified,BROOKLYN,,,,,,,,40.69218232228115,-73.91706852906499,"(40.69218232228115, -73.91706852906499)"
35371370,01/29/2017 06:26:00 PM,01/30/2017 12:00:00 PM,DSNY,Department of Sanitation,Dirty Conditions,E8 Canine Violation,Sidewalk,10461,2580 EAST TREMONT AVENUE,EAST TREMONT AVENUE,SILVER STREET,BENSON STREET,,,ADDRESS,BRONX,,N/A,Closed,,The Department of Sanitation investigated this complaint and found no violation at the location.,01/30/2017 12:00:00 PM,10 BRONX,2040020041,BRONX,1026441,246487,ONLINE,Unspecified,BRONX,,,,,,,,40.843124248391064,-73.84751273878732,"(40.843124248391064, -73.84751273878732)"
35375110,01/29/2017 03:21:00 PM,02/02/2017 12:00:00 PM,DSNY,Department of Sanitation,Dirty Conditions,E8 Canine Violation,Sidewalk,11232,729 42 STREET,42 STREET,7 AVENUE,8 AVENUE,,,ADDRESS,BROOKLYN,,N/A,Closed,,The Department of Sanitation investigated this complaint and found no violation at the location.,02/02/2017 12:00:00 PM,07 BROOKLYN,3009220058,BROOKLYN,984119,174802,ONLINE,Unspecified,BROOKLYN,,,,,,,,40.6464677544739,-74.0004720661593,"(40.6464677544739, -74.0004720661593)"
35365536,01/29/2017 10:04:00 AM,01/30/2017 12:00:00 PM,DSNY,Department of Sanitation,Dirty Conditions,E8 Canine Violation,Sidewalk,11368,49-14 106 STREET,106 STREET,49 AVENUE,CORONA AVENUE,,,ADDRESS,Corona,,N/A,Closed,,The Department of Sanitation investigated this complaint and found no violation at the location.,01/30/2017 12:00:00 PM,04 QUEENS,4019930021,QUEENS,1023798,210606,ONLINE,Unspecified,QUEENS,,,,,,,,40.74465298152659,-73.8572763784426,"(40.74465298152659, -73.8572763784426)"
35365549,01/29/2017 09:07:00 AM,02/02/2017 12:00:00 PM,DSNY,Department of Sanitation,Dirty Conditions,E8 Canine Violation,Sidewalk,11232,,,,,28 STREET,3 AVENUE,INTERSECTION,BROOKLYN,,N/A,Closed,,The Department of Sanitation investigated this complaint and found no violation at the location.,02/02/2017 12:00:00 PM,07 BROOKLYN,,BROOKLYN,983763,179737,ONLINE,Unspecified,BROOKLYN,,,,,,,,40.66001324061101,-74.00175528932397,"(40.66001324061101, -74.00175528932397)"
35365550,01/28/2017 06:57:00 PM,01/30/2017 12:00:00 PM,DSNY,Department of Sanitation,Dirty Conditions,E8 Canine Violation,Sidewalk,10459,803 UNION AVENUE,UNION AVENUE,EAST 158 STREET,EAST 160 STREET,,,ADDRESS,BRONX,,N/A,Closed,,The Department of Sanitation investigated this complaint and found no violation at the location.,01/30/2017 12:00:00 PM,01 BRONX,2026667501,BRONX,1010998,237739,PHONE,Unspecified,BRONX,,,,,,,,40.81917379598466,-73.90336185228779,"(40.81917379598466, -73.90336185228779)"
35368226,01/28/2017 05:12:00 PM,01/30/2017 12:00:00 PM,DSNY,Department of Sanitation,Dirty Conditions,E8 Canine Violation,Sidewalk,10453,1840 ANDREWS AVENUE SOUTH,ANDREWS AVENUE SOUTH,WEST TREMONT AVENUE,BEND,,,ADDRESS,BRONX,,N/A,Closed,,The Department of Sanitation investigated this complaint and found no violation at the location.,01/30/2017 12:00:00 PM,05 BRONX,2028790010,BRONX,1007785,249832,ONLINE,Unspecified,BRONX,,,,,,,,40.85237471256224,-73.91492769649011,"(40.85237471256224, -73.91492769649011)"
35369583,01/28/2017 04:41:00 PM,01/31/2017 12:00:00 PM,DSNY,Department of Sanitation,Dirty Conditions,E8 Canine Violation,Sidewalk,11215,413 16 STREET,16 STREET,8 AVENUE,PROSPECT PARK WEST,,,ADDRESS,BROOKLYN,,N/A,Closed,,The Department of Sanitation investigated this complaint and found no violation at the location.,01/31/2017 12:00:00 PM,07 BROOKLYN,3011050068,BROOKLYN,989217,180186,PHONE,Unspecified,BROOKLYN,,,,,,,,40.66124426685289,-73.98209716011041,"(40.66124426685289, -73.98209716011041)"
35368869,01/28/2017 03:09:00 PM,01/30/2017 12:00:00 PM,DSNY,Department of Sanitation,Dirty Conditions,E8 Canine Violation,Sidewalk,11413,145-83 182 STREET,182 STREET,145 DRIVE,146 AVENUE,,,ADDRESS,Springfield Gardens,,N/A,Closed,,The Department of Sanitation investigated this complaint and found no violation at the location.,01/30/2017 12:00:00 PM,13 QUEENS,,QUEENS,1049739,180933,ONLINE,Unspecified,QUEENS,,,,,,,,40.66305381559027,-73.76394759454566,"(40.66305381559027, -73.76394759454566)"
35368180,01/28/2017 02:58:00 PM,01/30/2017 12:00:00 PM,DSNY,Department of Sanitation,Dirty Conditions,E8 Canine Violation,Sidewalk,11434,178-43 145 DRIVE,145 DRIVE,178 PLACE,179 STREET,,,ADDRESS,Jamaica,,N/A,Closed,,The Department of Sanitation investigated this complaint and found no violation at the location.,01/30/2017 12:00:00 PM,13 QUEENS,4133330103,QUEENS,1048893,181331,ONLINE,Unspecified,QUEENS,,,,,,,,40.66415245060723,-73.76699313632224,"(40.66415245060723, -73.76699313632224)"
35356994,01/28/2017 08:11:00 AM,01/30/2017 12:00:00 PM,DSNY,Department of Sanitation,Dirty Conditions,E8 Canine Violation,Sidewalk,11421,,,,,90 STREET,86 ROAD,INTERSECTION,Woodhaven,,N/A,Closed,,The Department of Sanitation investigated this complaint and found no violation at the location.,01/30/2017 12:00:00 PM,09 QUEENS,,QUEENS,1024438,192324,PHONE,Unspecified,QUEENS,,,,,,,,40.69447047739327,-73.85507586067065,"(40.69447047739327, -73.85507586067065)"
35358118,01/27/2017 07:49:00 PM,01/28/2017 12:00:00 PM,DSNY,Department of Sanitation,Dirty Conditions,E8 Canine Violation,Sidewalk,11422,149-56 254 STREET,254 STREET,149 DRIVE,CRAFT AVENUE,,,ADDRESS,Rosedale,,N/A,Closed,,The Department of Sanitation investigated this complaint and found no violation at the location.,01/28/2017 12:00:00 PM,13 QUEENS,4136570012,QUEENS,1057539,176612,PHONE,Unspecified,QUEENS,,,,,,,,40.651132544022865,-73.73587993753898,"(40.651132544022865, -73.73587993753898)"
35358140,01/27/2017 04:59:00 PM,01/30/2017 12:00:00 PM,DSNY,Department of Sanitation,Dirty Conditions,E8 Canine Violation,Sidewalk,11207,663 WARWICK STREET,WARWICK STREET,DUMONT AVENUE,LIVONIA AVENUE,,,ADDRESS,BROOKLYN,,N/A,Closed,,The Department of Sanitation investigated this complaint and found no violation at the location.,01/30/2017 12:00:00 PM,05 BROOKLYN,3040790007,BROOKLYN,1016396,182200,PHONE,Unspecified,BROOKLYN,,,,,,,,40.66671528532377,-73.88412481188466,"(40.66671528532377, -73.88412481188466)"
35361563,01/27/2017 04:06:00 PM,01/30/2017 12:00:00 PM,DSNY,Department of Sanitation,Dirty Conditions,E8 Canine Violation,Sidewalk,11208,916 ELTON STREET,ELTON STREET,STANLEY AVENUE,WORTMAN AVENUE,,,ADDRESS,BROOKLYN,,N/A,Closed,,The Department of Sanitation investigated this complaint and found no violation at the location.,01/30/2017 12:00:00 PM,05 BROOKLYN,3043820024,BROOKLYN,1018276,180115,PHONE,Unspecified,BROOKLYN,,,,,,,,40.66098540215151,-73.87735859453886,"(40.66098540215151, -73.87735859453886)"
35352084,01/27/2017 01:35:00 PM,01/28/2017 12:00:00 PM,DSNY,Department of Sanitation,Dirty Conditions,E8 Canine Violation,Sidewalk,10029,326 EAST  110 STREET,EAST  110 STREET,2 AVENUE,1 AVENUE,,,ADDRESS,NEW YORK,,N/A,Closed,,The Department of Sanitation investigated this complaint and found no violation at the location.,01/28/2017 12:00:00 PM,11 MANHATTAN,1016810037,MANHATTAN,1000927,228137,PHONE,Unspecified,MANHATTAN,,,,,,,,40.79284371373984,-73.93977131803602,"(40.79284371373984, -73.93977131803602)"
35353783,01/27/2017 11:52:00 AM,01/28/2017 12:00:00 PM,DSNY,Department of Sanitation,Dirty Conditions,E8 Canine Violation,Sidewalk,10459,816 EAST  161 STREET,EAST  161 STREET,UNION AVENUE,PROSPECT AVENUE,,,ADDRESS,BRONX,,N/A,Closed,,The Department of Sanitation investigated this complaint and found no violation at the location.,01/28/2017 12:00:00 PM,01 BRONX,2026770011,BRONX,1011287,238299,PHONE,Unspecified,BRONX,,,,,,,,40.820709957342274,-73.90231546560807,"(40.820709957342274, -73.90231546560807)"
35355503,01/27/2017 09:23:00 AM,01/31/2017 12:00:00 PM,DSNY,Department of Sanitation,Dirty Conditions,E8 Canine Violation,Sidewalk,11209,,,,,OVINGTON AVENUE,3 AVENUE,INTERSECTION,BROOKLYN,,N/A,Closed,,The Department of Sanitation investigated this complaint and found no violation at the location.,01/31/2017 12:00:00 PM,10 BROOKLYN,,BROOKLYN,976928,170576,PHONE,Unspecified,BROOKLYN,,,,,,,,40.634865264620835,-74.02638066806833,"(40.634865264620835, -74.02638066806833)"
35348808,01/27/2017 08:52:00 AM,01/30/2017 12:00:00 PM,DSNY,Department of Sanitation,Dirty Conditions,E8 Canine Violation,Sidewalk,11221,261 KOSCIUSZKO STREET,KOSCIUSZKO STREET,TOMPKINS AVENUE,THROOP AVENUE,,,ADDRESS,BROOKLYN,,N/A,Closed,,The Department of Sanitation investigated this complaint and found no violation at the location.,01/30/2017 12:00:00 PM,03 BROOKLYN,3017810067,BROOKLYN,999697,191193,PHONE,Unspecified,BROOKLYN,,,,,,,,40.6914439114836,-73.9442982807408,"(40.6914439114836, -73.9442982807408)"
35350804,01/26/2017 09:29:00 PM,01/28/2017 12:00:00 PM,DSNY,Department of Sanitation,Dirty Conditions,E8 Canine Violation,Sidewalk,10452,1025 GERARD AVENUE,GERARD AVENUE,EAST 164 STREET,EAST 165 STREET,,,ADDRESS,BRONX,,N/A,Closed,,The Department of Sanitation investigated this complaint and found no violation at the location.,01/28/2017 12:00:00 PM,04 BRONX,2024860025,BRONX,1005585,242040,ONLINE,Unspecified,BRONX,,,,,,,,40.8309935459408,-73.92290485288783,"(40.8309935459408, -73.92290485288783)"
35349840,01/26/2017 07:45:00 PM,01/27/2017 12:00:00 PM,DSNY,Department of Sanitation,Dirty Conditions,E8 Canine Violation,Sidewalk,10467,,,,,WEBSTER AVENUE,EAST 202 STREET,INTERSECTION,BRONX,,N/A,Closed,,The Department of Sanitation investigated this complaint and found no violation at the location.,01/27/2017 12:00:00 PM,07 BRONX,,BRONX,1017885,256368,PHONE,Unspecified,BRONX,,,,,,,,40.87028134643715,-73.87838632056346,"(40.87028134643715, -73.87838632056346)"
35351488,01/26/2017 03:52:00 PM,01/28/2017 12:00:00 PM,DSNY,Department of Sanitation,Dirty Conditions,E8 Canine Violation,Sidewalk,11209,333 OVINGTON AVENUE,OVINGTON AVENUE,3 AVENUE,4 AVENUE,,,ADDRESS,BROOKLYN,,N/A,Closed,,The Department of Sanitation investigated this complaint and found no violation at the location.,01/28/2017 12:00:00 PM,10 BROOKLYN,3058720071,BROOKLYN,977142,170451,PHONE,Unspecified,BROOKLYN,,,,,,,,40.634522340502905,-74.02560950899898,"(40.634522340502905, -74.02560950899898)"
35354980,01/26/2017 02:23:00 PM,01/27/2017 12:00:00 PM,DSNY,Department of Sanitation,Dirty Conditions,E8 Canine Violation,Sidewalk,10462,2144 BARNES AVENUE,BARNES AVENUE,LYDIG AVENUE,PELHAM PARKWAY,,,ADDRESS,BRONX,,N/A,Closed,,The Department of Sanitation investigated this complaint and found no violation at the location.,01/27/2017 12:00:00 PM,11 BRONX,2043220010,BRONX,1021914,250714,ONLINE,Unspecified,BRONX,,,,,,,,40.85474657007028,-73.86385050821437,"(40.85474657007028, -73.86385050821437)"
35354981,01/26/2017 02:21:00 PM,01/27/2017 12:00:00 PM,DSNY,Department of Sanitation,Dirty Conditions,E8 Canine Violation,Sidewalk,10462,2168 BARNES AVENUE,BARNES AVENUE,LYDIG AVENUE,PELHAM PARKWAY,,,ADDRESS,BRONX,,N/A,Closed,,The Department of Sanitation investigated this complaint and found no violation at the location.,01/27/2017 12:00:00 PM,11 BRONX,,BRONX,1021921,251046,ONLINE,Unspecified,BRONX,,,,,,,,40.85565778004592,-73.86382333865515,"(40.85565778004592, -73.86382333865515)"
35353081,01/26/2017 02:20:00 PM,01/27/2017 12:00:00 PM,DSNY,Department of Sanitation,Dirty Conditions,E8 Canine Violation,Sidewalk,10462,2184 BARNES AVENUE,BARNES AVENUE,LYDIG AVENUE,PELHAM PARKWAY,,,ADDRESS,BRONX,,N/A,Closed,,The Department of Sanitation investigated this complaint and found no violation at the location.,01/27/2017 12:00:00 PM,11 BRONX,2043220025,BRONX,1021925,251196,ONLINE,Unspecified,BRONX,,,,,,,,40.85606946767683,-73.8638080360648,"(40.85606946767683, -73.8638080360648)"
35353919,01/26/2017 02:18:00 PM,01/27/2017 12:00:00 PM,DSNY,Department of Sanitation,Dirty Conditions,E8 Canine Violation,Sidewalk,10462,2194 BARNES AVENUE,BARNES AVENUE,LYDIG AVENUE,PELHAM PARKWAY,,,ADDRESS,BRONX,,N/A,Closed,,The Department of Sanitation investigated this complaint and found no violation at the location.,01/27/2017 12:00:00 PM,11 BRONX,2043220032,BRONX,1021927,251290,ONLINE,Unspecified,BRONX,,,,,,,,40.85632746073826,-73.86380027790659,"(40.85632746073826, -73.86380027790659)"
35342614,01/26/2017 12:34:00 PM,01/28/2017 12:00:00 PM,DSNY,Department of Sanitation,Dirty Conditions,E8 Canine Violation,Sidewalk,10305,19 CAMERON AVENUE,CAMERON AVENUE,NORWAY AVENUE,OBERLIN STREET,,,ADDRESS,STATEN ISLAND,,N/A,Closed,,The Department of Sanitation investigated this complaint and found no violation at the location.,01/28/2017 12:00:00 PM,02 STATEN ISLAND,5033920012,STATEN ISLAND,962262,155357,PHONE,Unspecified,STATEN ISLAND,,,,,,,,40.59306800515022,-74.0791716906231,"(40.59306800515022, -74.0791716906231)"
35345975,01/26/2017 12:30:00 PM,01/28/2017 12:00:00 PM,DSNY,Department of Sanitation,Dirty Conditions,E8 Canine Violation,Sidewalk,11432,87-15 DALNY ROAD,DALNY ROAD,184 STREET,,,,ADDRESS,Jamaica,,N/A,Closed,,The Department of Sanitation investigated this complaint and found no violation at the location.,01/28/2017 12:00:00 PM,08 QUEENS,4099540010,QUEENS,1045698,199817,PHONE,Unspecified,QUEENS,,,,,,,,40.714914854574324,-73.778340910841,"(40.714914854574324, -73.778340910841)"
35343780,01/26/2017 10:33:00 AM,01/28/2017 12:00:00 PM,DSNY,Department of Sanitation,Dirty Conditions,E8 Canine Violation,Sidewalk,11211,166 WOODPOINT ROAD,WOODPOINT ROAD,JACKSON STREET,SKILLMAN AVENUE,,,ADDRESS,BROOKLYN,,N/A,Closed,,The Department of Sanitation investigated this complaint and found no violation at the location.,01/28/2017 12:00:00 PM,01 BROOKLYN,3028830016,BROOKLYN,1000361,200436,ONLINE,Unspecified,BROOKLYN,,,,,,,,40.71681258354454,-73.94188179083733,"(40.71681258354454, -73.94188179083733)"
35344953,01/26/2017 08:13:00 AM,01/28/2017 12:00:00 PM,DSNY,Department of Sanitation,Dirty Conditions,E8 Canine Violation,Sidewalk,11211,,,,,SOUTH 3 STREET,KEAP STREET,INTERSECTION,BROOKLYN,,N/A,Closed,,The Department of Sanitation investigated this complaint and found no violation at the location.,01/28/2017 12:00:00 PM,01 BROOKLYN,,BROOKLYN,996913,197777,PHONE,Unspecified,BROOKLYN,,,,,,,,40.70951987053502,-73.95432497390354,"(40.70951987053502, -73.95432497390354)"
35348260,01/26/2017 07:22:00 AM,01/27/2017 12:00:00 PM,DSNY,Department of Sanitation,Dirty Conditions,E8 Canine Violation,Sidewalk,10035,436 EAST  120 STREET,EAST  120 STREET,1 AVENUE,PLEASANT AVENUE,,,ADDRESS,NEW YORK,,N/A,Closed,,The Department of Sanitation investigated this complaint and issued a Notice of Violation.,01/27/2017 12:00:00 PM,11 MANHATTAN,1018070133,MANHATTAN,1003043,230015,ONLINE,Unspecified,MANHATTAN,,,,,,,,40.79799406652603,-73.93212417003632,"(40.79799406652603, -73.93212417003632)"
35343880,01/25/2017 08:47:00 PM,01/28/2017 12:00:00 PM,DSNY,Department of Sanitation,Dirty Conditions,E8 Canine Violation,Sidewalk,10312,,,,,CORTELYOU AVENUE,LAMOKA AVENUE,INTERSECTION,STATEN ISLAND,,N/A,Closed,,The Department of Sanitation investigated this complaint and found no violation at the location.,01/28/2017 12:00:00 PM,03 STATEN ISLAND,,STATEN ISLAND,939202,139365,ONLINE,Unspecified,STATEN ISLAND,,,,,,,,40.54908595782028,-74.16209661202642,"(40.54908595782028, -74.16209661202642)"
35340589,01/25/2017 05:51:00 PM,01/27/2017 12:00:00 PM,DSNY,Department of Sanitation,Dirty Conditions,E8 Canine Violation,Sidewalk,10463,3832 BAILEY AVENUE,BAILEY AVENUE,WEST 238 STREET,BEND,,,ADDRESS,BRONX,,N/A,Closed,,The Department of Sanitation investigated this complaint and found no violation at the location.,01/27/2017 12:00:00 PM,08 BRONX,2032630025,BRONX,1012725,261613,ONLINE,Unspecified,BRONX,,,,,,,,40.88469539324016,-73.89702095963322,"(40.88469539324016, -73.89702095963322)"
35347747,01/25/2017 03:59:00 PM,01/26/2017 12:00:00 PM,DSNY,Department of Sanitation,Dirty Conditions,E8 Canine Violation,Sidewalk,10030,316 WEST  140 STREET,WEST  140 STREET,8 AVENUE,EDGECOMBE AVENUE,,,ADDRESS,NEW YORK,,N/A,Closed,,The Department of Sanitation investigated this complaint and found no violation at the location.,01/26/2017 12:00:00 PM,10 MANHATTAN,1020420024,MANHATTAN,999474,238025,ONLINE,Unspecified,MANHATTAN,,,,,,,,40.81998616299195,-73.94499637659192,"(40.81998616299195, -73.94499637659192)"
35345642,01/25/2017 03:53:00 PM,01/26/2017 12:00:00 PM,DSNY,Department of Sanitation,Dirty Conditions,E8 Canine Violation,Sidewalk,10030,306 WEST  140 STREET,WEST  140 STREET,8 AVENUE,EDGECOMBE AVENUE,,,ADDRESS,NEW YORK,,N/A,Closed,,The Department of Sanitation investigated this complaint and found no violation at the location.,01/26/2017 12:00:00 PM,10 MANHATTAN,1020420120,MANHATTAN,999570,237972,ONLINE,Unspecified,MANHATTAN,,,,,,,,40.81984052698848,-73.94464965402133,"(40.81984052698848, -73.94464965402133)"
35347171,01/25/2017 03:09:00 PM,01/28/2017 12:00:00 PM,DSNY,Department of Sanitation,Dirty Conditions,E8 Canine Violation,Sidewalk,10306,,,,,NORTH RAILROAD AVENUE,COLFAX AVENUE,INTERSECTION,STATEN ISLAND,,N/A,Closed,,The Department of Sanitation investigated this complaint and found no violation at the location.,01/28/2017 12:00:00 PM,02 STATEN ISLAND,,STATEN ISLAND,954164,150674,ONLINE,Unspecified,STATEN ISLAND,,,,,,,,40.580190323569255,-74.10830910011533,"(40.580190323569255, -74.10830910011533)"
35346888,01/25/2017 03:01:00 PM,01/28/2017 12:00:00 PM,DSNY,Department of Sanitation,Dirty Conditions,E8 Canine Violation,Sidewalk,11416,94-11 87 STREET,87 STREET,ATLANTIC AVENUE,95 AVENUE,,,ADDRESS,Ozone Park,,N/A,Closed,,The Department of Sanitation investigated this complaint and found no condition at the location.,01/28/2017 12:00:00 PM,09 QUEENS,4090230033,QUEENS,1024559,189275,PHONE,Unspecified,QUEENS,,,,,,,,40.686101135782465,-73.85465776004537,"(40.686101135782465, -73.85465776004537)"
35330994,01/25/2017 11:58:00 AM,01/26/2017 12:00:00 PM,DSNY,Department of Sanitation,Dirty Conditions,E8 Canine Violation,Sidewalk,10472,1304 ROSEDALE AVENUE,ROSEDALE AVENUE,EAST 172 STREET,EAST 174 STREET,,,ADDRESS,BRONX,,N/A,Closed,,The Department of Sanitation investigated this complaint and found no violation at the location.,01/26/2017 12:00:00 PM,09 BRONX,2038740001,BRONX,1020362,242773,PHONE,Unspecified,BRONX,,,,,,,,40.83295736019121,-73.8695035013948,"(40.83295736019121, -73.8695035013948)"
35330966,01/25/2017 10:51:00 AM,01/28/2017 12:00:00 PM,DSNY,Department of Sanitation,Dirty Conditions,E8 Canine Violation,Sidewalk,11361,47-11 212 STREET,212 STREET,47 AVENUE,48 AVENUE,,,ADDRESS,Bayside,,N/A,Closed,,The Department of Sanitation investigated this complaint and found no violation at the location.,01/28/2017 12:00:00 PM,11 QUEENS,4073290012,QUEENS,1048068,214842,ONLINE,Unspecified,QUEENS,,,,,,,,40.756137851344754,-73.76964921163044,"(40.756137851344754, -73.76964921163044)"
35338036,01/25/2017 10:39:00 AM,01/30/2017 12:00:00 PM,DSNY,Department of Sanitation,Dirty Conditions,E8 Canine Violation,Sidewalk,11229,,,,,EAST 19 STREET,AVENUE V,INTERSECTION,BROOKLYN,,N/A,Closed,,The Department of Sanitation investigated this complaint and found no violation at the location.,01/30/2017 12:00:00 PM,15 BROOKLYN,,BROOKLYN,997523,156831,PHONE,Unspecified,BROOKLYN,,,,,,,,40.597131173304795,-73.9522053072257,"(40.597131173304795, -73.9522053072257)"
35333397,01/25/2017 10:05:00 AM,01/26/2017 12:00:00 PM,DSNY,Department of Sanitation,Dirty Conditions,E8 Canine Violation,Sidewalk,10459,870 JENNINGS STREET,JENNINGS STREET,INTERVALE AVENUE,CHARLOTTE STREET,,,ADDRESS,BRONX,,N/A,Closed,,The Department of Sanitation investigated this complaint and found no violation at the location.,01/26/2017 12:00:00 PM,03 BRONX,2029767502,BRONX,1014022,242571,PHONE,Unspecified,BRONX,,,,,,,,40.832426576650235,-73.8924149783469,"(40.832426576650235, -73.8924149783469)"
35331025,01/25/2017 09:51:00 AM,01/26/2017 12:00:00 PM,DSNY,Department of Sanitation,Dirty Conditions,E8 Canine Violation,Sidewalk,10009,642 EAST   11 STREET,EAST   11 STREET,AVENUE B,AVENUE C,,,ADDRESS,NEW YORK,,N/A,Closed,,The Department of Sanitation investigated this complaint and found no violation at the location.,01/26/2017 12:00:00 PM,03 MANHATTAN,1003937501,MANHATTAN,990235,204146,ONLINE,Unspecified,MANHATTAN,,,,,,,,40.72700828211594,-73.97840663662072,"(40.72700828211594, -73.97840663662072)"
35339293,01/25/2017 08:40:00 AM,01/26/2017 12:00:00 PM,DSNY,Department of Sanitation,Dirty Conditions,E8 Canine Violation,Sidewalk,10461,,,,,LYVERE STREET,ZEREGA AVENUE,INTERSECTION,BRONX,,N/A,Closed,,The Department of Sanitation investigated this complaint and found no violation at the location.,01/26/2017 12:00:00 PM,10 BRONX,,BRONX,1024951,245737,PHONE,Unspecified,BRONX,,,,,,,,40.841072713788016,-73.85290245773454,"(40.841072713788016, -73.85290245773454)"
35338218,01/24/2017 08:37:00 PM,01/28/2017 12:00:00 PM,DSNY,Department of Sanitation,Dirty Conditions,E8 Canine Violation,Sidewalk,11373,42-42 ITHACA STREET,ITHACA STREET,ELMHURST AVENUE,WHITNEY AVENUE,,,ADDRESS,Elmhurst,,N/A,Closed,,The Department of Sanitation investigated this complaint and found no violation at the location.,01/28/2017 12:00:00 PM,04 QUEENS,4015580026,QUEENS,1018033,210374,ONLINE,Unspecified,QUEENS,,,,,,,,40.744040102515,-73.87808265461202,"(40.744040102515, -73.87808265461202)"
35336814,01/24/2017 04:50:00 PM,01/28/2017 12:00:00 PM,DSNY,Department of Sanitation,Dirty Conditions,E8 Canine Violation,Sidewalk,11364,56-53 207 STREET,207 STREET,56 AVENUE,58 AVENUE,,,ADDRESS,Oakland Gardens,,N/A,Closed,,The Department of Sanitation investigated this complaint and found no violation at the location.,01/28/2017 12:00:00 PM,11 QUEENS,4074360041,QUEENS,1047677,212090,PHONE,Unspecified,QUEENS,,,,,,,,40.748587147587294,-73.77108647618026,"(40.748587147587294, -73.77108647618026)"
35330967,01/24/2017 04:10:00 PM,01/25/2017 12:00:00 PM,DSNY,Department of Sanitation,Dirty Conditions,E8 Canine Violation,Sidewalk,10470,839 PENFIELD STREET,PENFIELD STREET,BARNES AVENUE,WILDER AVENUE,,,ADDRESS,BRONX,,N/A,Closed,,The Department of Sanitation investigated this complaint and found no violation at the location.,01/25/2017 12:00:00 PM,12 BRONX,2051180133,BRONX,1026734,268733,PHONE,Unspecified,BRONX,,,,,,,,40.90418117846166,-73.84631271364049,"(40.90418117846166, -73.84631271364049)"
35324692,01/24/2017 12:55:00 PM,01/25/2017 12:00:00 PM,DSNY,Department of Sanitation,Dirty Conditions,E8 Canine Violation,Sidewalk,10037,30 WEST  132 STREET,WEST  132 STREET,5 AVENUE,LENOX AVENUE,,,ADDRESS,NEW YORK,,N/A,Closed,,The Department of Sanitation investigated this complaint and found no violation at the location.,01/25/2017 12:00:00 PM,10 MANHATTAN,1017290049,MANHATTAN,1000819,234867,PHONE,Unspecified,MANHATTAN,,,,,,,,40.81131591874087,-73.94014475014112,"(40.81131591874087, -73.94014475014112)"
35329689,01/24/2017 10:11:00 AM,01/25/2017 12:00:00 PM,DSNY,Department of Sanitation,Dirty Conditions,E8 Canine Violation,Sidewalk,11235,2419 EAST   27 STREET,EAST   27 STREET,AVENUE X,AVENUE Y,,,ADDRESS,BROOKLYN,,N/A,Closed,,The Department of Sanitation investigated this complaint and issued a Notice of Violation.,01/25/2017 12:00:00 PM,15 BROOKLYN,3074220866,BROOKLYN,999980,155290,ONLINE,Unspecified,BROOKLYN,,,,,,,,40.59289741917396,-73.94336149584865,"(40.59289741917396, -73.94336149584865)"
35322205,01/24/2017 08:01:00 AM,01/26/2017 12:00:00 PM,DSNY,Department of Sanitation,Dirty Conditions,E8 Canine Violation,Sidewalk,11222,,,,,EAGLE STREET,FRANKLIN STREET,INTERSECTION,BROOKLYN,,N/A,Closed,,The Department of Sanitation investigated this complaint and found no violation at the location.,01/26/2017 12:00:00 PM,01 BROOKLYN,,BROOKLYN,995777,207003,ONLINE,Unspecified,BROOKLYN,,,,,,,,40.73484456055361,-73.9584066868843,"(40.73484456055361, -73.9584066868843)"
35328675,01/23/2017 10:35:00 PM,01/27/2017 12:00:00 PM,DSNY,Department of Sanitation,Dirty Conditions,E8 Canine Violation,Sidewalk,10453,2226 LORING PLACE NORTH,LORING PLACE NORTH,HALL OF FAME TERRACE,WEST 183 STREET,,,ADDRESS,BRONX,,N/A,Closed,,The Department of Sanitation investigated this complaint and found no violation at the location.,01/27/2017 12:00:00 PM,07 BRONX,2032240017,BRONX,1009141,252545,ONLINE,Unspecified,BRONX,,,,,,,,40.859817364320826,-73.91001607319848,"(40.859817364320826, -73.91001607319848)"
35323106,01/23/2017 05:20:00 PM,01/24/2017 12:00:00 PM,DSNY,Department of Sanitation,Dirty Conditions,E8 Canine Violation,Sidewalk,10456,1010 SHERMAN AVENUE,SHERMAN AVENUE,EAST 164 STREET,EAST 165 STREET,,,ADDRESS,BRONX,,N/A,Closed,,The Department of Sanitation investigated this complaint and issued a Notice of Violation.,01/24/2017 12:00:00 PM,04 BRONX,2024470001,BRONX,1006827,241478,ONLINE,Unspecified,BRONX,,,,,,,,40.82944793011512,-73.91841871428826,"(40.82944793011512, -73.91841871428826)"
35322483,01/23/2017 03:24:00 PM,01/25/2017 12:00:00 PM,DSNY,Department of Sanitation,Dirty Conditions,E8 Canine Violation,Sidewalk,10304,35 TARGEE STREET,TARGEE STREET,VAN DUZER STREET,FREAN STREET,,,ADDRESS,STATEN ISLAND,,N/A,Closed,,The Department of Sanitation investigated this complaint and found no violation at the location.,01/25/2017 12:00:00 PM,01 STATEN ISLAND,5005360063,STATEN ISLAND,961147,167521,PHONE,Unspecified,STATEN ISLAND,,,,,,,,40.626452836288365,-74.08322805739977,"(40.626452836288365, -74.08322805739977)"
35321187,01/23/2017 03:11:00 PM,01/25/2017 12:00:00 PM,DSNY,Department of Sanitation,Dirty Conditions,E8 Canine Violation,Sidewalk,11219,936 40 STREET,40 STREET,9 AVENUE,NEW UTRECHT AVENUE,,,ADDRESS,BROOKLYN,,N/A,Closed,,The Department of Sanitation investigated this complaint and found no violation at the location.,01/25/2017 12:00:00 PM,12 BROOKLYN,3055860022,BROOKLYN,985676,174225,PHONE,Unspecified,BROOKLYN,,,,,,,,40.64488390014155,-73.99486144760183,"(40.64488390014155, -73.99486144760183)"
35328685,01/23/2017 02:00:00 PM,01/28/2017 12:00:00 PM,DSNY,Department of Sanitation,Dirty Conditions,E8 Canine Violation,Sidewalk,11417,90-15 SUTTER AVENUE,SUTTER AVENUE,90 STREET,91 STREET,,,ADDRESS,Ozone Park,,N/A,Closed,,The Department of Sanitation investigated this complaint and found no violation at the location.,01/28/2017 12:00:00 PM,10 QUEENS,4091550025,QUEENS,1026752,185748,PHONE,Unspecified,QUEENS,,,,,,,,40.676410078067626,-73.84677271680002,"(40.676410078067626, -73.84677271680002)"
35313056,01/23/2017 01:00:00 PM,01/28/2017 12:00:00 PM,DSNY,Department of Sanitation,Dirty Conditions,E8 Canine Violation,Sidewalk,11435,143-55 84 DRIVE,84 DRIVE,BEND,SMEDLEY STREET,,,ADDRESS,Jamaica,,N/A,Closed,,The Department of Sanitation investigated this complaint and found no violation at the location.,01/28/2017 12:00:00 PM,08 QUEENS,4097360146,QUEENS,1036201,198649,MOBILE,Unspecified,QUEENS,,,,,,,,40.71176984398601,-73.81260798552451,"(40.71176984398601, -73.81260798552451)"
35319807,01/23/2017 12:31:00 PM,01/24/2017 12:00:00 PM,DSNY,Department of Sanitation,Dirty Conditions,E8 Canine Violation,Sidewalk,10453,2021 GRAND AVENUE,GRAND AVENUE,WEST TREMONT AVENUE,WEST BURNSIDE AVENUE,,,ADDRESS,BRONX,,N/A,Closed,,The Department of Sanitation investigated this complaint and issued a Notice of Violation.,01/24/2017 12:00:00 PM,05 BRONX,2028690138,BRONX,1009178,250232,PHONE,Unspecified,BRONX,,,,,,,,40.853468770019695,-73.90989091543143,"(40.853468770019695, -73.90989091543143)"
35319660,01/23/2017 10:58:00 AM,01/24/2017 12:00:00 PM,DSNY,Department of Sanitation,Dirty Conditions,E8 Canine Violation,Sidewalk,10451,180 EAST  162 STREET,EAST  162 STREET,GRAND CONCOURSE,SHERIDAN AVENUE,,,ADDRESS,BRONX,,N/A,Closed,,The Department of Sanitation investigated this complaint and found no violation at the location.,01/24/2017 12:00:00 PM,04 BRONX,2024600010,BRONX,1006012,240740,ONLINE,Unspecified,BRONX,,,,,,,,40.82742437754681,-73.92136608363806,"(40.82742437754681, -73.92136608363806)"
35310217,01/23/2017 10:55:00 AM,01/24/2017 12:00:00 PM,DSNY,Department of Sanitation,Dirty Conditions,E8 Canine Violation,Sidewalk,10462,981 MORRIS PARK AVENUE,MORRIS PARK AVENUE,RADCLIFF AVENUE,COLDEN AVENUE,,,ADDRESS,BRONX,,N/A,Closed,,The Department of Sanitation investigated this complaint and issued a Notice of Violation.,01/24/2017 12:00:00 PM,11 BRONX,2041260040,BRONX,1023870,248211,ONLINE,Unspecified,BRONX,,,,,,,,40.84786802542569,-73.85679467698132,"(40.84786802542569, -73.85679467698132)"
35315607,01/23/2017 10:28:00 AM,01/28/2017 12:00:00 PM,DSNY,Department of Sanitation,Dirty Conditions,E8 Canine Violation,Sidewalk,11433,106-55 156 STREET,156 STREET,TUSKEGEE AIRMEN WAY,107 AVENUE,,,ADDRESS,Jamaica,,N/A,Closed,,The Department of Sanitation investigated this complaint and found no violation at the location.,01/28/2017 12:00:00 PM,12 QUEENS,4101240033,QUEENS,1040273,193163,PHONE,Unspecified,QUEENS,,,,,,,,40.696687257532915,-73.79796559899249,"(40.696687257532915, -73.79796559899249)"
35312993,01/23/2017 08:45:00 AM,01/25/2017 12:00:00 PM,DSNY,Department of Sanitation,Dirty Conditions,E8 Canine Violation,Sidewalk,10037,40 WEST  138 STREET,WEST  138 STREET,5 AVENUE,LENOX AVENUE,,,ADDRESS,NEW YORK,,N/A,Closed,,The Department of Sanitation investigated this complaint and found no violation at the location.,01/25/2017 12:00:00 PM,10 MANHATTAN,1017350053,MANHATTAN,1001387,236373,ONLINE,Unspecified,MANHATTAN,,,,,,,,40.81544838407192,-73.93808901471172,"(40.81544838407192, -73.93808901471172)"
35318494,01/23/2017 08:00:00 AM,01/24/2017 12:00:00 PM,DSNY,Department of Sanitation,Dirty Conditions,E8 Canine Violation,Sidewalk,10453,1997 GRAND AVENUE,GRAND AVENUE,WEST TREMONT AVENUE,WEST BURNSIDE AVENUE,,,ADDRESS,BRONX,,N/A,Closed,,The Department of Sanitation investigated this complaint and found no violation at the location.,01/24/2017 12:00:00 PM,05 BRONX,2028690153,BRONX,1008996,249972,PHONE,Unspecified,BRONX,,,,,,,,40.85275565969064,-73.91054976354998,"(40.85275565969064, -73.91054976354998)"
35317165,01/23/2017 07:56:00 AM,01/24/2017 12:00:00 PM,DSNY,Department of Sanitation,Dirty Conditions,E8 Canine Violation,Sidewalk,10027,,,,,WEST 127 STREET,LENOX AVENUE,INTERSECTION,NEW YORK,,N/A,Closed,,The Department of Sanitation investigated this complaint and found no violation at the location.,01/24/2017 12:00:00 PM,10 MANHATTAN,,MANHATTAN,999603,234048,PHONE,Unspecified,MANHATTAN,,,,,,,,40.809070188381064,-73.94453940284461,"(40.809070188381064, -73.94453940284461)"
35314313,01/22/2017 11:28:00 PM,01/24/2017 12:00:00 PM,DSNY,Department of Sanitation,Dirty Conditions,E8 Canine Violation,Sidewalk,11225,336 MAPLE STREET,MAPLE STREET,NOSTRAND AVENUE,NEW YORK AVENUE,,,ADDRESS,BROOKLYN,,N/A,Closed,,The Department of Sanitation investigated this complaint and found no violation at the location.,01/24/2017 12:00:00 PM,09 BROOKLYN,3047960021,BROOKLYN,998263,180060,ONLINE,Unspecified,BROOKLYN,,,,,,,,40.660888729263405,-73.94949241586075,"(40.660888729263405, -73.94949241586075)"
35316706,01/22/2017 09:37:00 PM,01/23/2017 12:00:00 PM,DSNY,Department of Sanitation,Dirty Conditions,E8 Canine Violation,Sidewalk,10472,1209 COLGATE AVENUE,COLGATE AVENUE,WESTCHESTER AVENUE,BRONX RIVER AVENUE,,,ADDRESS,BRONX,,N/A,Closed,,The Department of Sanitation investigated this complaint and issued a Notice of Violation.,01/23/2017 12:00:00 PM,09 BRONX,2037700080,BRONX,1016881,241237,ONLINE,Unspecified,BRONX,,,,,,,,40.828755032086306,-73.88209010802007,"(40.828755032086306, -73.88209010802007)"
35318033,01/22/2017 05:43:00 PM,01/23/2017 12:00:00 PM,DSNY,Department of Sanitation,Dirty Conditions,E8 Canine Violation,Sidewalk,10470,606 EAST  239 STREET,EAST  239 STREET,BRONX BOULEVARD,DEAD END,,,ADDRESS,BRONX,,N/A,Closed,,The Department of Sanitation investigated this complaint and found no violation at the location.,01/23/2017 12:00:00 PM,12 BRONX,2050660037,BRONX,1023985,267742,PHONE,Unspecified,BRONX,,,,,,,,40.90147401592233,-73.85626317684054,"(40.90147401592233, -73.85626317684054)"
35311215,01/22/2017 04:54:00 PM,01/23/2017 12:00:00 PM,DSNY,Department of Sanitation,Dirty Conditions,E8 Canine Violation,Sidewalk,10462,1905 WALLACE AVENUE,WALLACE AVENUE,RHINELANDER AVENUE,BRONXDALE AVENUE,,,ADDRESS,BRONX,,N/A,Closed,,The Department of Sanitation investigated this complaint and found no violation at the location.,01/23/2017 12:00:00 PM,11 BRONX,,BRONX,1021743,248480,ONLINE,Unspecified,BRONX,,,,,,,,40.848615638021215,-73.86448113901567,"(40.848615638021215, -73.86448113901567)"
35304613,01/22/2017 01:17:00 PM,01/24/2017 12:00:00 PM,DSNY,Department of Sanitation,Dirty Conditions,E8 Canine Violation,Sidewalk,11234,1293 EAST   46 STREET,EAST   46 STREET,AVENUE I,AVENUE J,,,ADDRESS,BROOKLYN,,N/A,Closed,,The Department of Sanitation investigated this complaint and found no violation at the location.,01/24/2017 12:00:00 PM,18 BROOKLYN,3077720028,BROOKLYN,1003160,168560,PHONE,Unspecified,BROOKLYN,,,,,,,,40.62931461434283,-73.93187421659879,"(40.62931461434283, -73.93187421659879)"
35305323,01/22/2017 01:13:00 PM,01/25/2017 12:00:00 PM,DSNY,Department of Sanitation,Dirty Conditions,E8 Canine Violation,Sidewalk,11235,2429 EAST   27 STREET,EAST   27 STREET,AVENUE X,AVENUE Y,,,ADDRESS,BROOKLYN,,N/A,Closed,,The Department of Sanitation investigated this complaint and found no violation at the location.,01/25/2017 12:00:00 PM,15 BROOKLYN,3074220863,BROOKLYN,999988,155235,PHONE,Unspecified,BROOKLYN,,,,,,,,40.592746441043495,-73.94333281862559,"(40.592746441043495, -73.94333281862559)"
35307728,01/22/2017 12:23:00 PM,01/28/2017 12:00:00 PM,DSNY,Department of Sanitation,Dirty Conditions,E8 Canine Violation,Sidewalk,11374,99-18 66 AVENUE,66 AVENUE,99 STREET,102 STREET,,,ADDRESS,Rego Park,,N/A,Closed,,The Department of Sanitation investigated this complaint and found no violation at the location.,01/28/2017 12:00:00 PM,06 QUEENS,4021170001,QUEENS,1024589,204694,PHONE,Unspecified,QUEENS,,,,,,,,40.72842245202136,-73.85445721599652,"(40.72842245202136, -73.85445721599652)"
35305391,01/22/2017 11:54:00 AM,01/25/2017 12:00:00 PM,DSNY,Department of Sanitation,Dirty Conditions,E8 Canine Violation,Sidewalk,11215,,,,,14 STREET,7 AVENUE,INTERSECTION,BROOKLYN,,N/A,Closed,,The Department of Sanitation investigated this complaint and found no violation at the location.,01/25/2017 12:00:00 PM,06 BROOKLYN,,BROOKLYN,988664,181148,PHONE,Unspecified,BROOKLYN,,,,,,,,40.66388503708357,-73.98408973955554,"(40.66388503708357, -73.98408973955554)"
35307727,01/22/2017 11:22:00 AM,01/24/2017 12:00:00 PM,DSNY,Department of Sanitation,Dirty Conditions,E8 Canine Violation,Sidewalk,,,,,,GRAND AVENUE,WEST TREMONT AVENUE,INTERSECTION,,,N/A,Closed,,The Department of Sanitation investigated this complaint and found no violation at the location.,01/24/2017 12:00:00 PM,05 BRONX,,BRONX,,,ONLINE,Unspecified,BRONX,,,,,,,,,,
35303813,01/22/2017 10:13:00 AM,01/23/2017 12:00:00 PM,DSNY,Department of Sanitation,Dirty Conditions,E8 Canine Violation,Sidewalk,10466,4064 BRONX BOULEVARD,BRONX BOULEVARD,EAST 228 STREET,EAST 229 STREET,,,ADDRESS,BRONX,,N/A,Closed,,The Department of Sanitation investigated this complaint and found no violation at the location.,01/23/2017 12:00:00 PM,12 BRONX,2048220013,BRONX,1022150,264035,PHONE,Unspecified,BRONX,,,,,,,,40.8913075690776,-73.86292205289855,"(40.8913075690776, -73.86292205289855)"
35305392,01/22/2017 10:12:00 AM,01/28/2017 12:00:00 PM,DSNY,Department of Sanitation,Dirty Conditions,E8 Canine Violation,Sidewalk,11433,108-33 171 STREET,171 STREET,108 AVENUE,108 DRIVE,,,ADDRESS,Jamaica,,N/A,Closed,,The Department of Sanitation investigated this complaint and found no violation at the location.,01/28/2017 12:00:00 PM,12 QUEENS,4102540043,QUEENS,1043909,193708,PHONE,Unspecified,QUEENS,,,,,,,,40.69815938640938,-73.78484840319055,"(40.69815938640938, -73.78484840319055)"
35307611,01/21/2017 09:52:00 PM,01/28/2017 12:00:00 PM,DSNY,Department of Sanitation,Dirty Conditions,E8 Canine Violation,Sidewalk,11365,50-18 195 STREET,195 STREET,BEND,53 AVENUE,,,ADDRESS,Fresh Meadows,,N/A,Closed,,The Department of Sanitation investigated this complaint and found no violation at the location.,01/28/2017 12:00:00 PM,11 QUEENS,4056480040,QUEENS,1044026,212055,ONLINE,Unspecified,QUEENS,,,,,,,,40.748516515541446,-73.78426350685717,"(40.748516515541446, -73.78426350685717)"
35303791,01/21/2017 09:50:00 PM,01/25/2017 12:00:00 PM,DSNY,Department of Sanitation,Dirty Conditions,E8 Canine Violation,Sidewalk,10458,306 EAST MOSHOLU PARKWAY SOUTH,EAST MOSHOLU PARKWAY SOUTH,BAINBRIDGE AVENUE,PERRY AVENUE,,,ADDRESS,BRONX,,N/A,Closed,,The Department of Sanitation investigated this complaint and found no violation at the location.,01/25/2017 12:00:00 PM,07 BRONX,2032990014,BRONX,1016779,256913,PHONE,Unspecified,BRONX,,,,,,,,40.871781348425515,-73.88238262118011,"(40.871781348425515, -73.88238262118011)"
35305417,01/21/2017 09:03:00 PM,01/23/2017 12:00:00 PM,DSNY,Department of Sanitation,Dirty Conditions,E8 Canine Violation,Sidewalk,10470,839 PENFIELD STREET,PENFIELD STREET,BARNES AVENUE,WILDER AVENUE,,,ADDRESS,BRONX,,N/A,Closed,,The Department of Sanitation investigated this complaint and issued a Notice of Violation.,01/23/2017 12:00:00 PM,12 BRONX,2051180133,BRONX,1026734,268733,PHONE,Unspecified,BRONX,,,,,,,,40.90418117846166,-73.84631271364049,"(40.90418117846166, -73.84631271364049)"
35308485,01/21/2017 02:59:00 PM,01/27/2017 12:00:00 PM,DSNY,Department of Sanitation,Dirty Conditions,E8 Canine Violation,Sidewalk,10304,42 AUSTIN PLACE,AUSTIN PLACE,VICTORY BOULEVARD,NATALIE COURT,,,ADDRESS,STATEN ISLAND,,N/A,Closed,,The Department of Sanitation investigated this complaint and found no violation at the location.,01/27/2017 12:00:00 PM,01 STATEN ISLAND,5005800034,STATEN ISLAND,960367,169336,ONLINE,Unspecified,STATEN ISLAND,,,,,,,,40.63143255787774,-74.08604441132711,"(40.63143255787774, -74.08604441132711)"
35300968,01/21/2017 11:21:00 AM,01/28/2017 12:00:00 PM,DSNY,Department of Sanitation,Dirty Conditions,E8 Canine Violation,Sidewalk,11435,139-85 86 AVENUE,86 AVENUE,139 STREET,143 STREET,,,ADDRESS,Jamaica,,N/A,Closed,,The Department of Sanitation investigated this complaint and found no violation at the location.,01/28/2017 12:00:00 PM,08 QUEENS,4097100066,QUEENS,1035889,197390,PHONE,Unspecified,QUEENS,,,,,,,,40.70831602197128,-73.8137430508516,"(40.70831602197128, -73.8137430508516)"
35297054,01/21/2017 10:45:00 AM,01/27/2017 12:00:00 PM,DSNY,Department of Sanitation,Dirty Conditions,E8 Canine Violation,Sidewalk,10314,8 DOROTHY STREET,DOROTHY STREET,FIELDS AVENUE,FOREST HILL ROAD,,,ADDRESS,STATEN ISLAND,,N/A,Closed,,The Department of Sanitation investigated this complaint and found no violation at the location.,01/27/2017 12:00:00 PM,02 STATEN ISLAND,5019770012,STATEN ISLAND,945832,157416,ONLINE,Unspecified,STATEN ISLAND,,,,,,,,40.59866355059275,-74.13834244855967,"(40.59866355059275, -74.13834244855967)"
35295909,01/21/2017 10:45:00 AM,01/24/2017 12:00:00 PM,DSNY,Department of Sanitation,Dirty Conditions,E8 Canine Violation,Sidewalk,11223,,,,,WEST 3 STREET,AVENUE Z,INTERSECTION,BROOKLYN,,N/A,Closed,,The Department of Sanitation investigated this complaint and found no violation at the location.,01/24/2017 12:00:00 PM,13 BROOKLYN,,BROOKLYN,991970,152774,PHONE,Unspecified,BROOKLYN,,,,,,,,40.586002098475,-73.97220571628849,"(40.586002098475, -73.97220571628849)"
35298889,01/21/2017 10:42:00 AM,01/24/2017 12:00:00 PM,DSNY,Department of Sanitation,Dirty Conditions,E8 Canine Violation,Sidewalk,11223,,,,,AVENUE Z,WEST 1 STREET,INTERSECTION,BROOKLYN,,N/A,Closed,,The Department of Sanitation investigated this complaint and found no violation at the location.,01/24/2017 12:00:00 PM,13 BROOKLYN,,BROOKLYN,992486,152848,PHONE,Unspecified,BROOKLYN,,,,,,,,40.58620474932879,-73.9703478735989,"(40.58620474932879, -73.9703478735989)"
35296892,01/21/2017 10:40:00 AM,01/24/2017 12:00:00 PM,DSNY,Department of Sanitation,Dirty Conditions,E8 Canine Violation,Sidewalk,11223,,,,,SHORE PARKWAY,WEST 2 STREET,INTERSECTION,BROOKLYN,,N/A,Closed,,The Department of Sanitation investigated this complaint and found no violation at the location.,01/24/2017 12:00:00 PM,13 BROOKLYN,,BROOKLYN,992348,151979,PHONE,Unspecified,BROOKLYN,,,,,,,,40.58381964426686,-73.97084575718101,"(40.58381964426686, -73.97084575718101)"
35296047,01/21/2017 10:34:00 AM,01/23/2017 12:00:00 PM,DSNY,Department of Sanitation,Dirty Conditions,E8 Canine Violation,Sidewalk,10461,2617 HALPERIN AVENUE,HALPERIN AVENUE,WILLIAMSBRIDGE ROAD,BLONDELL AVENUE,,,ADDRESS,BRONX,,N/A,Closed,,The Department of Sanitation investigated this complaint and found no violation at the location.,01/23/2017 12:00:00 PM,10 BRONX,2040750031,BRONX,1027395,246496,ONLINE,Unspecified,BRONX,,,,,,,,40.84314434104825,-73.8440647288728,"(40.84314434104825, -73.8440647288728)"
35302934,01/21/2017 10:04:00 AM,01/28/2017 12:00:00 PM,DSNY,Department of Sanitation,Dirty Conditions,E8 Canine Violation,Sidewalk,11434,152-03 135 AVENUE,135 AVENUE,CRANSTON STREET,ROCKAWAY BOULEVARD,,,ADDRESS,Jamaica,,N/A,Closed,,The Department of Sanitation investigated this complaint and found no violation at the location.,01/28/2017 12:00:00 PM,12 QUEENS,4121350001,QUEENS,1044268,183022,PHONE,Unspecified,QUEENS,,,,,,,,40.66882641484124,-73.7836489079077,"(40.66882641484124, -73.7836489079077)"
35299095,01/21/2017 09:34:00 AM,01/24/2017 12:00:00 PM,DSNY,Department of Sanitation,Dirty Conditions,E8 Canine Violation,Sidewalk,11207,,,,,HIGHLAND BOULEVARD,BULWER PLACE,INTERSECTION,BROOKLYN,,N/A,Closed,,The Department of Sanitation investigated this complaint and found no violation at the location.,01/24/2017 12:00:00 PM,05 BROOKLYN,,BROOKLYN,1013857,187790,ONLINE,Unspecified,BROOKLYN,,,,,,,,40.682067421178004,-73.89325246226335,"(40.682067421178004, -73.89325246226335)"
35301008,01/21/2017 07:28:00 AM,01/23/2017 12:00:00 PM,DSNY,Department of Sanitation,Dirty Conditions,E8 Canine Violation,Sidewalk,10467,2410 WHITEPLAINS ROAD,WHITEPLAINS ROAD,WARING AVENUE,MACE AVENUE,,,ADDRESS,BRONX,,N/A,Closed,,The Department of Sanitation investigated this complaint and found no violation at the location.,01/23/2017 12:00:00 PM,11 BRONX,2044300004,BRONX,1020912,253268,PHONE,Unspecified,BRONX,,,,,,,,40.86176074391283,-73.86745860730277,"(40.86176074391283, -73.86745860730277)"
35295890,01/20/2017 06:46:00 PM,01/28/2017 12:00:00 PM,DSNY,Department of Sanitation,Dirty Conditions,E8 Canine Violation,Sidewalk,11417,107-32 107 STREET,107 STREET,107 AVENUE,109 AVENUE,,,ADDRESS,Ozone Park,,N/A,Closed,,The Department of Sanitation investigated this complaint and found no violation at the location.,01/28/2017 12:00:00 PM,10 QUEENS,4095440022,QUEENS,1030430,187447,PHONE,Unspecified,QUEENS,,,,,,,,40.68105501706123,-73.8335012597628,"(40.68105501706123, -73.8335012597628)"
35302988,01/20/2017 02:29:00 PM,01/28/2017 12:00:00 PM,DSNY,Department of Sanitation,Dirty Conditions,E8 Canine Violation,Sidewalk,11385,71-06 65 PLACE,65 PLACE,CENTRAL AVENUE,MYRTLE AVENUE,,,ADDRESS,Ridgewood,,N/A,Closed,,The Department of Sanitation investigated this complaint and found no violation at the location.,01/28/2017 12:00:00 PM,05 QUEENS,4036760007,QUEENS,1014823,195160,PHONE,Unspecified,QUEENS,,,,,,,,40.70229306918851,-73.88973612095536,"(40.70229306918851, -73.88973612095536)"
35290976,01/20/2017 01:28:00 PM,01/25/2017 12:00:00 PM,DSNY,Department of Sanitation,Dirty Conditions,E8 Canine Violation,Sidewalk,11232,,,,,43 STREET,7 AVENUE,INTERSECTION,BROOKLYN,,N/A,Closed,,The Department of Sanitation investigated this complaint and found no violation at the location.,01/25/2017 12:00:00 PM,07 BROOKLYN,,BROOKLYN,983741,174766,PHONE,Unspecified,BROOKLYN,,,,,,,,40.6463689285918,-74.00183420854357,"(40.6463689285918, -74.00183420854357)"
35293128,01/20/2017 01:28:00 PM,01/23/2017 12:00:00 PM,DSNY,Department of Sanitation,Dirty Conditions,E8 Canine Violation,Sidewalk,11103,30-21 45 STREET,45 STREET,30 AVENUE,30 ROAD,,,ADDRESS,Astoria,,N/A,Closed,,The Department of Sanitation investigated this complaint and found no violation at the location.,01/23/2017 12:00:00 PM,01 QUEENS,,QUEENS,1008817,216756,ONLINE,Unspecified,QUEENS,,,,,,,,40.76158747019253,-73.91131835408025,"(40.76158747019253, -73.91131835408025)"
35291669,01/20/2017 10:42:00 AM,01/21/2017 12:00:00 PM,DSNY,Department of Sanitation,Dirty Conditions,E8 Canine Violation,Sidewalk,10461,,,,,PURITAN AVENUE,WATERBURY AVENUE,INTERSECTION,BRONX,,N/A,Closed,,The Department of Sanitation investigated this complaint and found no violation at the location.,01/21/2017 12:00:00 PM,10 BRONX,,BRONX,1030488,244231,PHONE,Unspecified,BRONX,,,,,,,,40.83691193286835,-73.83290160637654,"(40.83691193286835, -73.83290160637654)"
35293915,01/20/2017 07:57:00 AM,01/21/2017 12:00:00 PM,DSNY,Department of Sanitation,Dirty Conditions,E8 Canine Violation,Sidewalk,10472,1209 COLGATE AVENUE,COLGATE AVENUE,WESTCHESTER AVENUE,BRONX RIVER AVENUE,,,ADDRESS,BRONX,,N/A,Closed,,The Department of Sanitation investigated this complaint and issued a Notice of Violation.,01/21/2017 12:00:00 PM,09 BRONX,2037700080,BRONX,1016881,241237,ONLINE,Unspecified,BRONX,,,,,,,,40.828755032086306,-73.88209010802007,"(40.828755032086306, -73.88209010802007)"
35290189,01/20/2017 07:44:00 AM,01/23/2017 12:00:00 PM,DSNY,Department of Sanitation,Dirty Conditions,E8 Canine Violation,Sidewalk,10001,2 WEST   29 STREET,WEST   29 STREET,5 AVENUE,BROADWAY,,,ADDRESS,NEW YORK,,N/A,Closed,,The Department of Sanitation investigated this complaint and found no violation at the location.,01/23/2017 12:00:00 PM,05 MANHATTAN,1008300046,MANHATTAN,987821,210848,PHONE,Unspecified,MANHATTAN,,,,,,,,40.74540492058705,-73.98711258265025,"(40.74540492058705, -73.98711258265025)"
35290952,01/19/2017 06:24:00 PM,01/23/2017 12:00:00 PM,DSNY,Department of Sanitation,Dirty Conditions,E8 Canine Violation,Sidewalk,11206,44 GEORGE STREET,GEORGE STREET,EVERGREEN AVENUE,CENTRAL AVENUE,,,ADDRESS,BROOKLYN,,N/A,Closed,,The Department of Sanitation investigated this complaint and found no violation at the location.,01/23/2017 12:00:00 PM,04 BROOKLYN,3031630100,BROOKLYN,1003186,194727,ONLINE,Unspecified,BROOKLYN,,,,,,,,40.70113714006222,-73.93170705293173,"(40.70113714006222, -73.93170705293173)"
35291672,01/19/2017 06:21:00 PM,01/21/2017 12:00:00 PM,DSNY,Department of Sanitation,Dirty Conditions,E8 Canine Violation,Sidewalk,10474,710 HUNTS POINT AVENUE,HUNTS POINT AVENUE,SPOFFORD AVENUE,FAILE STREET,,,ADDRESS,BRONX,,N/A,Closed,,The Department of Sanitation investigated this complaint and found no violation at the location.,01/21/2017 12:00:00 PM,02 BRONX,2027630248,BRONX,1015771,236161,PHONE,Unspecified,BRONX,,,,,,,,40.81482689026108,-73.88612485671887,"(40.81482689026108, -73.88612485671887)"
35293165,01/19/2017 05:25:00 PM,01/20/2017 12:00:00 PM,DSNY,Department of Sanitation,Dirty Conditions,E8 Canine Violation,Sidewalk,10470,839 PENFIELD STREET,PENFIELD STREET,BARNES AVENUE,WILDER AVENUE,,,ADDRESS,BRONX,,N/A,Closed,,The Department of Sanitation investigated this complaint and issued a Notice of Violation.,01/20/2017 12:00:00 PM,12 BRONX,2051180133,BRONX,1026734,268733,PHONE,Unspecified,BRONX,,,,,,,,40.90418117846166,-73.84631271364049,"(40.90418117846166, -73.84631271364049)"
35292388,01/19/2017 04:43:00 PM,01/20/2017 12:00:00 PM,DSNY,Department of Sanitation,Dirty Conditions,E8 Canine Violation,Sidewalk,11379,76-04 69 ROAD,69 ROAD,76 STREET,78 STREET,,,ADDRESS,Middle Village,,N/A,Closed,,The Department of Sanitation investigated this complaint and found no violation at the location.,01/20/2017 12:00:00 PM,05 QUEENS,4037950018,QUEENS,1018840,197508,PHONE,Unspecified,QUEENS,,,,,,,,40.70872297891153,-73.87523645834946,"(40.70872297891153, -73.87523645834946)"
35293134,01/19/2017 04:24:00 PM,01/20/2017 12:00:00 PM,DSNY,Department of Sanitation,Dirty Conditions,E8 Canine Violation,Sidewalk,10467,646 EAST  220 STREET,EAST  220 STREET,CARPENTER AVENUE,WHITE PLAINS ROAD,,,ADDRESS,BRONX,,N/A,Closed,,The Department of Sanitation investigated this complaint and found no violation at the location.,01/20/2017 12:00:00 PM,12 BRONX,2046540124,BRONX,1021880,261645,PHONE,Unspecified,BRONX,,,,,,,,40.88474893449889,-73.86391202542313,"(40.88474893449889, -73.86391202542313)"
35295405,01/19/2017 03:19:00 PM,01/23/2017 12:00:00 PM,DSNY,Department of Sanitation,Dirty Conditions,E8 Canine Violation,Sidewalk,11004,,,,,265 STREET,80 AVENUE,INTERSECTION,Glen Oaks,,N/A,Closed,,The Department of Sanitation investigated this complaint and found no violation at the location.,01/23/2017 12:00:00 PM,13 QUEENS,,QUEENS,1065567,211144,ONLINE,Unspecified,QUEENS,,,,,,,,40.74584421351302,-73.70653178846892,"(40.74584421351302, -73.70653178846892)"
35295427,01/19/2017 02:08:00 PM,01/20/2017 12:00:00 PM,DSNY,Department of Sanitation,Dirty Conditions,E8 Canine Violation,Sidewalk,10461,1425B BLONDELL AVENUE,BLONDELL AVENUE,HALPERIN AVENUE,ST RAYMOND AVENUE,,,ADDRESS,BRONX,,N/A,Closed,,The Department of Sanitation investigated this complaint and found no violation at the location.,01/20/2017 12:00:00 PM,10 BRONX,2040750026,BRONX,1027576,246692,ONLINE,Unspecified,BRONX,,,,,,,,40.84368141659639,-73.84340929117074,"(40.84368141659639, -73.84340929117074)"
35291655,01/19/2017 01:58:00 PM,01/20/2017 12:00:00 PM,DSNY,Department of Sanitation,Dirty Conditions,E8 Canine Violation,Sidewalk,10314,8 DOROTHY STREET,DOROTHY STREET,FIELDS AVENUE,FOREST HILL ROAD,,,ADDRESS,STATEN ISLAND,,N/A,Closed,,The Department of Sanitation investigated this complaint and found no violation at the location.,01/20/2017 12:00:00 PM,02 STATEN ISLAND,5019770012,STATEN ISLAND,945832,157416,ONLINE,Unspecified,STATEN ISLAND,,,,,,,,40.59866355059275,-74.13834244855967,"(40.59866355059275, -74.13834244855967)"
35294647,01/19/2017 01:49:00 PM,01/20/2017 12:00:00 PM,DSNY,Department of Sanitation,Dirty Conditions,E8 Canine Violation,Sidewalk,10461,2617 HALPERIN AVENUE,HALPERIN AVENUE,WILLIAMSBRIDGE ROAD,BLONDELL AVENUE,,,ADDRESS,BRONX,,N/A,Closed,,The Department of Sanitation investigated this complaint and found no violation at the location.,01/20/2017 12:00:00 PM,10 BRONX,2040750031,BRONX,1027395,246496,ONLINE,Unspecified,BRONX,,,,,,,,40.84314434104825,-73.8440647288728,"(40.84314434104825, -73.8440647288728)"
35287665,01/19/2017 01:43:00 PM,01/28/2017 12:00:00 PM,DSNY,Department of Sanitation,Dirty Conditions,E8 Canine Violation,Sidewalk,11367,153-28 75 AVENUE,75 AVENUE,153 STREET,KISSENA BOULEVARD,,,ADDRESS,Flushing,,N/A,Closed,,The Department of Sanitation investigated this complaint and found no violation at the location.,01/28/2017 12:00:00 PM,08 QUEENS,4068080025,QUEENS,1036064,203900,PHONE,Unspecified,QUEENS,,,,,,,,40.72618334661375,-73.81306173463281,"(40.72618334661375, -73.81306173463281)"
35286471,01/19/2017 10:49:00 AM,01/21/2017 12:00:00 PM,DSNY,Department of Sanitation,Dirty Conditions,E8 Canine Violation,Sidewalk,10463,3814 JOHNSON AVENUE,JOHNSON AVENUE,WEST 238 STREET,HENRY HUDSON PARKWAY,,,ADDRESS,BRONX,,N/A,Closed,,The Department of Sanitation investigated this complaint and found no violation at the location.,01/21/2017 12:00:00 PM,08 BRONX,2057970213,BRONX,1009373,263045,PHONE,Unspecified,BRONX,,,,,,,,40.888635960681164,-73.90913799272101,"(40.888635960681164, -73.90913799272101)"
35285434,01/19/2017 10:23:00 AM,01/21/2017 12:00:00 PM,DSNY,Department of Sanitation,Dirty Conditions,E8 Canine Violation,Sidewalk,11225,1210 UNION STREET,UNION STREET,ROGERS AVENUE,NOSTRAND AVENUE,,,ADDRESS,BROOKLYN,,N/A,Closed,,The Department of Sanitation investigated this complaint and found no violation at the location.,01/21/2017 12:00:00 PM,09 BROOKLYN,3012750038,BROOKLYN,997748,183014,PHONE,Unspecified,BROOKLYN,,,,,,,,40.668997602759724,-73.95134273522302,"(40.668997602759724, -73.95134273522302)"
35282038,01/19/2017 09:18:00 AM,01/21/2017 12:00:00 PM,DSNY,Department of Sanitation,Dirty Conditions,E8 Canine Violation,Sidewalk,11234,1549 RYDER STREET,RYDER STREET,FLATLANDS AVENUE,AVENUE P,,,ADDRESS,BROOKLYN,,N/A,Closed,,The Department of Sanitation investigated this complaint and found no violation at the location.,01/21/2017 12:00:00 PM,18 BROOKLYN,3078580022,BROOKLYN,1001636,164627,PHONE,Unspecified,BROOKLYN,,,,,,,,40.618522477406145,-73.93737475665088,"(40.618522477406145, -73.93737475665088)"
35283121,01/19/2017 09:10:00 AM,01/23/2017 12:00:00 PM,DSNY,Department of Sanitation,Dirty Conditions,E8 Canine Violation,Sidewalk,11375,89-16 69 ROAD,69 ROAD,METROPOLITAN AVENUE,OLCOTT STREET,,,ADDRESS,Forest Hills,,N/A,Closed,,The Department of Sanitation investigated this complaint and found no violation at the location.,01/23/2017 12:00:00 PM,06 QUEENS,4032070001,QUEENS,1024550,198464,PHONE,Unspecified,QUEENS,,,,,,,,40.711322803801,-73.85463522855134,"(40.711322803801, -73.85463522855134)"
35280791,01/19/2017 08:46:00 AM,01/20/2017 12:00:00 PM,DSNY,Department of Sanitation,Dirty Conditions,E8 Canine Violation,Sidewalk,10306,,,,,CLARKE AVENUE,COTTER AVENUE,INTERSECTION,STATEN ISLAND,,N/A,Closed,,The Department of Sanitation investigated this complaint and found no violation at the location.,01/20/2017 12:00:00 PM,03 STATEN ISLAND,,STATEN ISLAND,945659,145987,PHONE,Unspecified,STATEN ISLAND,,,,,,,,40.56729249868609,-74.13890015797347,"(40.56729249868609, -74.13890015797347)"
35282037,01/19/2017 08:36:00 AM,01/20/2017 12:00:00 PM,DSNY,Department of Sanitation,Dirty Conditions,E8 Canine Violation,Sidewalk,10314,3 BANGOR STREET,BANGOR STREET,LEWISTON STREET,BRIDGETOWN STREET,,,ADDRESS,STATEN ISLAND,,N/A,Closed,,The Department of Sanitation investigated this complaint and found no violation at the location.,01/20/2017 12:00:00 PM,02 STATEN ISLAND,5023920052,STATEN ISLAND,942068,152190,ONLINE,Unspecified,STATEN ISLAND,,,,,,,,40.584302133567135,-74.1518638859742,"(40.584302133567135, -74.1518638859742)"
35284190,01/19/2017 08:21:00 AM,01/20/2017 12:00:00 PM,DSNY,Department of Sanitation,Dirty Conditions,E8 Canine Violation,Sidewalk,10462,,,,,HOLLAND AVENUE,RHINELANDER AVENUE,INTERSECTION,BRONX,,N/A,Closed,,The Department of Sanitation investigated this complaint and issued a Notice of Violation.,01/20/2017 12:00:00 PM,11 BRONX,,BRONX,1021567,248183,ONLINE,Unspecified,BRONX,,,,,,,,40.84780120719359,-73.86511894491886,"(40.84780120719359, -73.86511894491886)"
35286488,01/19/2017 08:16:00 AM,01/20/2017 12:00:00 PM,DSNY,Department of Sanitation,Dirty Conditions,E8 Canine Violation,Sidewalk,10468,,,,,WEBB AVENUE,DEVOE TERRACE,INTERSECTION,BRONX,,N/A,Closed,,The Department of Sanitation investigated this complaint and found no violation at the location.,01/20/2017 12:00:00 PM,07 BRONX,,BRONX,1010027,254225,PHONE,Unspecified,BRONX,,,,,,,,40.864425912298614,-73.90680661875099,"(40.864425912298614, -73.90680661875099)"
35281945,01/19/2017 08:06:00 AM,01/20/2017 12:00:00 PM,DSNY,Department of Sanitation,Dirty Conditions,E8 Canine Violation,Sidewalk,11694,1 BEACH  105 STREET,BEACH  105 STREET,SHORE FRONT PARKWAY,ROCKAWAY BEACH BOULEVARD,,,ADDRESS,Rockaway Park,,N/A,Closed,,The Department of Sanitation investigated this complaint and found no violation at the location.,01/20/2017 12:00:00 PM,14 QUEENS,4161770055,QUEENS,1032786,151180,PHONE,Unspecified,QUEENS,,,,,,,,40.581497376117156,-73.8252677155637,"(40.581497376117156, -73.8252677155637)"
35287700,01/19/2017 07:41:00 AM,01/20/2017 12:00:00 PM,DSNY,Department of Sanitation,Dirty Conditions,E8 Canine Violation,Sidewalk,10460,628 BAKER AVENUE,BAKER AVENUE,GARFIELD STREET,UNIONPORT ROAD,,,ADDRESS,BRONX,,N/A,Closed,,The Department of Sanitation investigated this complaint and found no violation at the location.,01/20/2017 12:00:00 PM,11 BRONX,2040250013,BRONX,1021255,245990,ONLINE,Unspecified,BRONX,,,,,,,,40.84178338572106,-73.8662587587894,"(40.84178338572106, -73.8662587587894)"
35286470,01/19/2017 07:22:00 AM,01/20/2017 12:00:00 PM,DSNY,Department of Sanitation,Dirty Conditions,E8 Canine Violation,Sidewalk,11693,,,,,BEACH 90 STREET,SHORE FRONT PARKWAY,INTERSECTION,Far Rockaway,,N/A,Closed,,The Department of Sanitation investigated this complaint and found no violation at the location.,01/20/2017 12:00:00 PM,14 QUEENS,,QUEENS,1036368,152320,ONLINE,Unspecified,QUEENS,,,,,,,,40.58460610744859,-73.8123635645,"(40.58460610744859, -73.8123635645)"
35288828,01/18/2017 10:00:00 PM,01/20/2017 12:00:00 PM,DSNY,Department of Sanitation,Dirty Conditions,E8 Canine Violation,Sidewalk,11233,1819 BERGEN STREET,BERGEN STREET,RALPH AVENUE,HOWARD AVENUE,,,ADDRESS,BROOKLYN,,N/A,Closed,,The Department of Sanitation investigated this complaint and found no violation at the location.,01/20/2017 12:00:00 PM,16 BROOKLYN,3014450004,BROOKLYN,1006091,185040,ONLINE,Unspecified,BROOKLYN,,,,,,,,40.67454186552546,-73.9212615385035,"(40.67454186552546, -73.9212615385035)"
35287666,01/18/2017 06:17:00 PM,01/23/2017 12:00:00 PM,DSNY,Department of Sanitation,Dirty Conditions,E8 Canine Violation,Sidewalk,11435,,,,,LINDEN BOULEVARD,INWOOD STREET,INTERSECTION,Jamaica,,N/A,Closed,,The Department of Sanitation investigated this complaint and found no violation at the location.,01/23/2017 12:00:00 PM,12 QUEENS,,QUEENS,1040244,188945,PHONE,Unspecified,QUEENS,,,,,,,,40.68511003410028,-73.79810523961973,"(40.68511003410028, -73.79810523961973)"
35287606,01/18/2017 06:01:00 PM,01/23/2017 12:00:00 PM,DSNY,Department of Sanitation,Dirty Conditions,E8 Canine Violation,Sidewalk,11411,,,,,118 AVENUE,SPRINGFIELD BOULEVARD,INTERSECTION,Cambria Heights,,N/A,Closed,,The Department of Sanitation investigated this complaint and found no violation at the location.,01/23/2017 12:00:00 PM,13 QUEENS,,QUEENS,1055196,192423,PHONE,Unspecified,QUEENS,,,,,,,,40.6945490853532,-73.74415721015006,"(40.6945490853532, -73.74415721015006)"
35281630,01/18/2017 05:23:00 PM,01/19/2017 12:00:00 PM,DSNY,Department of Sanitation,Dirty Conditions,E8 Canine Violation,Sidewalk,10025,,,,,WEST 109 STREET,AMSTERDAM AVENUE,INTERSECTION,NEW YORK,,N/A,Closed,,The Department of Sanitation investigated this complaint and found no violation at the location.,01/19/2017 12:00:00 PM,07 MANHATTAN,,MANHATTAN,994133,231605,PHONE,Unspecified,MANHATTAN,,,,,,,,40.80237263940891,-73.9643026177316,"(40.80237263940891, -73.9643026177316)"
35288784,01/18/2017 04:44:00 PM,01/28/2017 12:00:00 PM,DSNY,Department of Sanitation,Dirty Conditions,E8 Canine Violation,Sidewalk,11234,1104 EAST   48 STREET,EAST   48 STREET,GLENWOOD ROAD,AVENUE H,,,ADDRESS,BROOKLYN,,N/A,Closed,,The Department of Sanitation investigated this complaint and found no violation at the location.,01/28/2017 12:00:00 PM,18 BROOKLYN,3077310068,BROOKLYN,1003542,170400,ONLINE,Unspecified,BROOKLYN,,,,,,,,40.634364199718206,-73.93049275159925,"(40.634364199718206, -73.93049275159925)"
35288776,01/18/2017 02:12:00 PM,01/23/2017 12:00:00 PM,DSNY,Department of Sanitation,Dirty Conditions,E8 Canine Violation,Sidewalk,11105,31-20 21 AVENUE,21 AVENUE,32 STREET,33 STREET,,,ADDRESS,Astoria,,N/A,Closed,,The Department of Sanitation investigated this complaint and found no violation at the location.,01/23/2017 12:00:00 PM,01 QUEENS,4008310061,QUEENS,1009778,222553,ONLINE,Unspecified,QUEENS,,,,,,,,40.77749599552159,-73.90782733199818,"(40.77749599552159, -73.90782733199818)"
35284219,01/18/2017 01:57:00 PM,01/20/2017 12:00:00 PM,DSNY,Department of Sanitation,Dirty Conditions,E8 Canine Violation,Sidewalk,11215,405 14 STREET,14 STREET,7 AVENUE,8 AVENUE,,,ADDRESS,BROOKLYN,,N/A,Closed,,The Department of Sanitation investigated this complaint and found no violation at the location.,01/20/2017 12:00:00 PM,06 BROOKLYN,3011000062,BROOKLYN,988985,180948,ONLINE,Unspecified,BROOKLYN,,,,,,,,40.66333591552773,-73.98293283572751,"(40.66333591552773, -73.98293283572751)"
35286578,01/18/2017 01:48:00 PM,01/20/2017 12:00:00 PM,DSNY,Department of Sanitation,Dirty Conditions,E8 Canine Violation,Sidewalk,11234,,,,,EAST 63 STREET,AVENUE U,INTERSECTION,BROOKLYN,,N/A,Closed,,The Department of Sanitation investigated this complaint and found no violation at the location.,01/20/2017 12:00:00 PM,18 BROOKLYN,,BROOKLYN,1008373,163688,PHONE,Unspecified,BROOKLYN,,,,,,,,40.61592933692571,-73.91311111367536,"(40.61592933692571, -73.91311111367536)"
35275797,01/18/2017 01:01:00 PM,01/20/2017 12:00:00 PM,DSNY,Department of Sanitation,Dirty Conditions,E8 Canine Violation,Sidewalk,,,,,,41 AVENUE,29 STREET,INTERSECTION,,,N/A,Closed,,The Department of Sanitation investigated this complaint and found no violation at the location.,01/20/2017 12:00:00 PM,Unspecified QUEENS,,QUEENS,,,ONLINE,Unspecified,QUEENS,,,,,,,,,,
35273599,01/18/2017 01:01:00 PM,01/20/2017 12:00:00 PM,DSNY,Department of Sanitation,Dirty Conditions,E8 Canine Violation,Sidewalk,10306,30 EBBITTS STREET,EBBITTS STREET,ALLISON AVENUE,MILL ROAD,,,ADDRESS,STATEN ISLAND,,N/A,Closed,,The Department of Sanitation investigated this complaint and found no violation at the location.,01/20/2017 12:00:00 PM,03 STATEN ISLAND,5039830065,STATEN ISLAND,953564,144952,ONLINE,Unspecified,STATEN ISLAND,,,,,,,,40.564482508203916,-74.11044311641699,"(40.564482508203916, -74.11044311641699)"
35273600,01/18/2017 12:53:00 PM,01/23/2017 12:00:00 PM,DSNY,Department of Sanitation,Dirty Conditions,E8 Canine Violation,Sidewalk,11357,,,,,17 AVENUE,149 STREET,INTERSECTION,Whitestone,,N/A,Closed,,The Department of Sanitation investigated this complaint and found no violation at the location.,01/23/2017 12:00:00 PM,07 QUEENS,,QUEENS,1035050,225088,ONLINE,Unspecified,QUEENS,,,,,,,,40.78434476773667,-73.81656002320177,"(40.78434476773667, -73.81656002320177)"
35273744,01/18/2017 12:46:00 PM,01/19/2017 12:00:00 PM,DSNY,Department of Sanitation,Dirty Conditions,E8 Canine Violation,Sidewalk,10460,,,,,FAIRMOUNT PLACE,SOUTHERN BOULEVARD,INTERSECTION,BRONX,,N/A,Closed,,The Department of Sanitation investigated this complaint and found no violation at the location.,01/19/2017 12:00:00 PM,06 BRONX,,BRONX,1015803,245765,PHONE,Unspecified,BRONX,,,,,,,,40.8411869907565,-73.88596408310147,"(40.8411869907565, -73.88596408310147)"
35277644,01/18/2017 12:37:00 PM,01/19/2017 12:00:00 PM,DSNY,Department of Sanitation,Dirty Conditions,E8 Canine Violation,Sidewalk,10033,825 WEST  179 STREET,WEST  179 STREET,PINEHURST AVENUE,GEORGE WASHINGTON BRIDGE,,,ADDRESS,NEW YORK,,N/A,Closed,,The Department of Sanitation investigated this complaint and found no violation at the location.,01/19/2017 12:00:00 PM,12 MANHATTAN,1021770166,MANHATTAN,1000820,248805,ONLINE,Unspecified,MANHATTAN,,,,,,,,40.849571721186415,-73.9401067110583,"(40.849571721186415, -73.9401067110583)"
35279705,01/18/2017 12:09:00 PM,01/21/2017 12:00:00 PM,DSNY,Department of Sanitation,Dirty Conditions,E8 Canine Violation,Sidewalk,11216,,,,,DECATUR STREET,TOMPKINS AVENUE,INTERSECTION,BROOKLYN,,N/A,Closed,,The Department of Sanitation investigated this complaint and found no violation at the location.,01/21/2017 12:00:00 PM,03 BROOKLYN,,BROOKLYN,999973,187138,ONLINE,Unspecified,BROOKLYN,,,,,,,,40.68031338052104,-73.94331249056265,"(40.68031338052104, -73.94331249056265)"
35279767,01/18/2017 11:17:00 AM,01/19/2017 12:00:00 PM,DSNY,Department of Sanitation,Dirty Conditions,E8 Canine Violation,Sidewalk,10462,2110 BARNES AVENUE,BARNES AVENUE,ANTIN PLACE,LYDIG AVENUE,,,ADDRESS,BRONX,,N/A,Closed,,The Department of Sanitation investigated this complaint and found no violation at the location.,01/19/2017 12:00:00 PM,11 BRONX,2042930023,BRONX,1021907,250342,PHONE,Unspecified,BRONX,,,,,,,,40.85372557198265,-73.863877901718,"(40.85372557198265, -73.863877901718)"
35277795,01/18/2017 09:30:00 AM,01/20/2017 12:00:00 PM,DSNY,Department of Sanitation,Dirty Conditions,E8 Canine Violation,Sidewalk,11228,917 77 STREET,77 STREET,FT HAMILTON PARKWAY,10 AVENUE,,,ADDRESS,BROOKLYN,,N/A,Closed,,The Department of Sanitation investigated this complaint and found no violation at the location.,01/20/2017 12:00:00 PM,10 BROOKLYN,3059540089,BROOKLYN,979462,166747,ONLINE,Unspecified,BROOKLYN,,,,,,,,40.62435719975498,-74.01724812229645,"(40.62435719975498, -74.01724812229645)"
35273741,01/18/2017 09:21:00 AM,01/20/2017 12:00:00 PM,DSNY,Department of Sanitation,Dirty Conditions,E8 Canine Violation,Sidewalk,11372,,,,,90 STREET,34 AVENUE,INTERSECTION,Jackson Heights,,N/A,Closed,,The Department of Sanitation investigated this complaint and found no violation at the location.,01/20/2017 12:00:00 PM,03 QUEENS,,QUEENS,1018162,214190,ONLINE,Unspecified,QUEENS,,,,,,,,40.75451355677196,-73.87759787217223,"(40.75451355677196, -73.87759787217223)"
35276834,01/18/2017 09:16:00 AM,01/19/2017 12:00:00 PM,DSNY,Department of Sanitation,Dirty Conditions,E8 Canine Violation,Sidewalk,10029,1291 5 AVENUE,5 AVENUE,EAST 109 STREET,FRAWLEY CIRCLE,,,ADDRESS,NEW YORK,,N/A,Closed,,The Department of Sanitation investigated this complaint and found no violation at the location.,01/19/2017 12:00:00 PM,11 MANHATTAN,,MANHATTAN,998239,229469,ONLINE,Unspecified,MANHATTAN,,,,,,,,40.79650435641551,-73.94947620418547,"(40.79650435641551, -73.94947620418547)"
35272580,01/18/2017 09:07:00 AM,01/19/2017 12:00:00 PM,DSNY,Department of Sanitation,Dirty Conditions,E8 Canine Violation,Sidewalk,10035,,,,,EAST 117 STREET,2 AVENUE,INTERSECTION,NEW YORK,,N/A,Closed,,The Department of Sanitation investigated this complaint and found no violation at the location.,01/19/2017 12:00:00 PM,11 MANHATTAN,,MANHATTAN,1001615,229899,PHONE,Unspecified,MANHATTAN,,,,,,,,40.79767859983867,-73.93728206329679,"(40.79767859983867, -73.93728206329679)"
35275629,01/18/2017 09:07:00 AM,01/23/2017 12:00:00 PM,DSNY,Department of Sanitation,Dirty Conditions,E8 Canine Violation,Sidewalk,11372,,,,,91 STREET,34 AVENUE,INTERSECTION,Jackson Heights,,N/A,Closed,,The Department of Sanitation investigated this complaint and found no violation at the location.,01/23/2017 12:00:00 PM,03 QUEENS,,QUEENS,1018420,214226,ONLINE,Unspecified,QUEENS,,,,,,,,40.75461137425118,-73.87666646407044,"(40.75461137425118, -73.87666646407044)"
35277645,01/18/2017 08:59:00 AM,01/20/2017 12:00:00 PM,DSNY,Department of Sanitation,Dirty Conditions,E8 Canine Violation,Sidewalk,11372,,,,,91 STREET,34 AVENUE,INTERSECTION,Jackson Heights,,N/A,Closed,,The Department of Sanitation investigated this complaint and found no violation at the location.,01/20/2017 12:00:00 PM,03 QUEENS,,QUEENS,1018420,214226,ONLINE,Unspecified,QUEENS,,,,,,,,40.75461137425118,-73.87666646407044,"(40.75461137425118, -73.87666646407044)"
35278826,01/18/2017 08:33:00 AM,01/19/2017 12:00:00 PM,DSNY,Department of Sanitation,Dirty Conditions,E8 Canine Violation,Sidewalk,10024,320 WEST   84 STREET,WEST   84 STREET,WEST END AVENUE,RIVERSIDE DRIVE,,,ADDRESS,NEW YORK,,N/A,Closed,,The Department of Sanitation investigated this complaint and found no violation at the location.,01/19/2017 12:00:00 PM,07 MANHATTAN,1012450086,MANHATTAN,989933,226307,ONLINE,Unspecified,MANHATTAN,,,,,,,,40.78783476482757,-73.97947749445348,"(40.78783476482757, -73.97947749445348)"
35276623,01/18/2017 08:10:00 AM,01/23/2017 12:00:00 PM,DSNY,Department of Sanitation,Dirty Conditions,E8 Canine Violation,Sidewalk,10463,535 WEST  232 STREET,WEST  232 STREET,BEND,CAMBRIDGE AVENUE,,,ADDRESS,BRONX,,N/A,Closed,,The Department of Sanitation investigated this complaint and found no violation at the location.,01/23/2017 12:00:00 PM,08 BRONX,2057830312,BRONX,1009344,261116,ONLINE,Unspecified,BRONX,,,,,,,,40.88334154595996,-73.90925010422134,"(40.88334154595996, -73.90925010422134)"
35272757,01/18/2017 07:03:00 AM,01/20/2017 12:00:00 PM,DSNY,Department of Sanitation,Dirty Conditions,E8 Canine Violation,Sidewalk,11373,,,,,59 AVENUE,94 STREET,INTERSECTION,Elmhurst,,N/A,Closed,,The Department of Sanitation investigated this complaint and found no violation at the location.,01/20/2017 12:00:00 PM,04 QUEENS,,QUEENS,1021150,207020,PHONE,Unspecified,QUEENS,,,,,,,,40.734821758979415,-73.86685232392726,"(40.734821758979415, -73.86685232392726)"
35279699,01/17/2017 05:13:00 PM,01/20/2017 12:00:00 PM,DSNY,Department of Sanitation,Dirty Conditions,E8 Canine Violation,Sidewalk,11372,33-53 70 STREET,70 STREET,NORTHERN BOULEVARD,34 AVENUE,,,ADDRESS,Jackson Heights,,N/A,Closed,,The Department of Sanitation investigated this complaint and found no violation at the location.,01/20/2017 12:00:00 PM,03 QUEENS,4012430039,QUEENS,1012997,213594,ONLINE,Unspecified,QUEENS,,,,,,,,40.752895990018295,-73.89624297583482,"(40.752895990018295, -73.89624297583482)"
35275425,01/17/2017 04:30:00 PM,01/18/2017 12:00:00 PM,DSNY,Department of Sanitation,Dirty Conditions,E8 Canine Violation,Sidewalk,10473,866 OLMSTEAD AVENUE,OLMSTEAD AVENUE,HERMANY AVENUE,STORY AVENUE,,,ADDRESS,BRONX,,N/A,Closed,,The Department of Sanitation investigated this complaint and found no violation at the location.,01/18/2017 12:00:00 PM,09 BRONX,2036860004,BRONX,1025086,239704,PHONE,Unspecified,BRONX,,,,,,,,40.82451326529899,-73.85245128135975,"(40.82451326529899, -73.85245128135975)"
35272739,01/17/2017 03:52:00 PM,01/19/2017 12:00:00 PM,DSNY,Department of Sanitation,Dirty Conditions,E8 Canine Violation,Sidewalk,11226,2801 CLARENDON ROAD,CLARENDON ROAD,EAST 28 STREET,EAST 29 STREET,,,ADDRESS,BROOKLYN,,N/A,Closed,,The Department of Sanitation investigated this complaint and found no violation at the location.,01/19/2017 12:00:00 PM,17 BROOKLYN,3051720041,BROOKLYN,997980,173595,PHONE,Unspecified,BROOKLYN,,,,,,,,40.643144158173925,-73.95052560406397,"(40.643144158173925, -73.95052560406397)"
35274775,01/17/2017 03:31:00 PM,01/19/2017 12:00:00 PM,DSNY,Department of Sanitation,Dirty Conditions,E8 Canine Violation,Sidewalk,11217,55 PROSPECT PLACE,PROSPECT PLACE,5 AVENUE,6 AVENUE,,,ADDRESS,BROOKLYN,,N/A,Closed,,The Department of Sanitation investigated this complaint and found no violation at the location.,01/19/2017 12:00:00 PM,06 BROOKLYN,3009350052,BROOKLYN,990893,186884,PHONE,Unspecified,BROOKLYN,,,,,,,,40.679627679440046,-73.97604965772533,"(40.679627679440046, -73.97604965772533)"
35273742,01/17/2017 02:52:00 PM,01/20/2017 12:00:00 PM,DSNY,Department of Sanitation,Dirty Conditions,E8 Canine Violation,Sidewalk,11694,125 BEACH  124 STREET,BEACH  124 STREET,OCEAN PROMENADE,ROCKAWAY BEACH BOULEVARD,,,ADDRESS,Rockaway Park,,N/A,Closed,,The Department of Sanitation investigated this complaint and found no violation at the location.,01/20/2017 12:00:00 PM,14 QUEENS,4162340044,QUEENS,1027853,149209,ONLINE,Unspecified,QUEENS,,,,,,,,40.57611301455702,-73.84303946261983,"(40.57611301455702, -73.84303946261983)"
35265413,01/17/2017 01:05:00 PM,01/19/2017 12:00:00 PM,DSNY,Department of Sanitation,Dirty Conditions,E8 Canine Violation,Sidewalk,11234,3721 AVENUE S,AVENUE S,EAST 37 STREET,EAST 38 STREET,,,ADDRESS,BROOKLYN,,N/A,Closed,,The Department of Sanitation investigated this complaint and found no violation at the location.,01/19/2017 12:00:00 PM,18 BROOKLYN,3085040002,BROOKLYN,1003575,161658,PHONE,Unspecified,BROOKLYN,,,,,,,,40.61036917126133,-73.93039888165775,"(40.61036917126133, -73.93039888165775)"
35267582,01/17/2017 11:59:00 AM,01/18/2017 12:00:00 PM,DSNY,Department of Sanitation,Dirty Conditions,E8 Canine Violation,Sidewalk,10460,1621 TAYLOR AVENUE,TAYLOR AVENUE,DEAD END,VAN NEST AVENUE,,,ADDRESS,BRONX,,N/A,Closed,,The Department of Sanitation investigated this complaint and found no violation at the location.,01/18/2017 12:00:00 PM,11 BRONX,2040230020,BRONX,1020835,245771,PHONE,Unspecified,BRONX,,,,,,,,40.84118404536167,-73.86777788987263,"(40.84118404536167, -73.86777788987263)"
35267527,01/17/2017 11:43:00 AM,01/20/2017 12:00:00 PM,DSNY,Department of Sanitation,Dirty Conditions,E8 Canine Violation,Sidewalk,10305,110 OCEAN AVENUE,OCEAN AVENUE,GUILFORD STREET,ROBIN ROAD,,,ADDRESS,STATEN ISLAND,,N/A,Closed,,The Department of Sanitation investigated this complaint and found no violation at the location.,01/20/2017 12:00:00 PM,02 STATEN ISLAND,5031200066,STATEN ISLAND,966683,156335,PHONE,Unspecified,STATEN ISLAND,,,,,,,,40.59576228271979,-74.0632556457969,"(40.59576228271979, -74.0632556457969)"
35264302,01/17/2017 10:09:00 AM,01/18/2017 12:00:00 PM,DSNY,Department of Sanitation,Dirty Conditions,E8 Canine Violation,Sidewalk,10069,160 RIVERSIDE BOULEVARD,RIVERSIDE BOULEVARD,WEST 67 STREET,WEST 68 STREET,,,ADDRESS,NEW YORK,,N/A,Closed,,The Department of Sanitation investigated this complaint and found no violation at the location.,01/18/2017 12:00:00 PM,07 MANHATTAN,1011710132,MANHATTAN,987376,222659,ONLINE,Unspecified,MANHATTAN,,,,,,,,40.77782324854531,-73.98871305531858,"(40.77782324854531, -73.98871305531858)"
35269325,01/16/2017 09:43:00 PM,01/17/2017 12:00:00 PM,DSNY,Department of Sanitation,Dirty Conditions,E8 Canine Violation,Sidewalk,10069,,,,,WEST 61 STREET,RIVERSIDE BOULEVARD,INTERSECTION,NEW YORK,,N/A,Closed,,The Department of Sanitation investigated this complaint and found no violation at the location.,01/17/2017 12:00:00 PM,07 MANHATTAN,,MANHATTAN,986464,221241,PHONE,Unspecified,MANHATTAN,,,,,,,,40.773931486688085,-73.99200645070621,"(40.773931486688085, -73.99200645070621)"
35265329,01/16/2017 02:41:00 PM,01/19/2017 12:00:00 PM,DSNY,Department of Sanitation,Dirty Conditions,E8 Canine Violation,Sidewalk,11416,88-19 101 AVENUE,101 AVENUE,88 STREET,89 STREET,,,ADDRESS,Ozone Park,,N/A,Closed,,The Department of Sanitation investigated this complaint and found no violation at the location.,01/19/2017 12:00:00 PM,09 QUEENS,4090620026,QUEENS,1025369,188016,PHONE,Unspecified,QUEENS,,,,,,,,40.68264174719813,-73.85174483005433,"(40.68264174719813, -73.85174483005433)"
35261704,01/16/2017 11:43:00 AM,01/17/2017 12:00:00 PM,DSNY,Department of Sanitation,Dirty Conditions,E8 Canine Violation,Sidewalk,10031,1832 AMSTERDAM AVENUE,AMSTERDAM AVENUE,WEST 150 STREET,WEST 151 STREET,,,ADDRESS,NEW YORK,,N/A,Closed,,The Department of Sanitation investigated this complaint and found no violation at the location.,01/17/2017 12:00:00 PM,09 MANHATTAN,1020820028,MANHATTAN,999468,241237,PHONE,Unspecified,MANHATTAN,,,,,,,,40.82880219961096,-73.94501076938667,"(40.82880219961096, -73.94501076938667)"
35263354,01/16/2017 11:16:00 AM,01/18/2017 12:00:00 PM,DSNY,Department of Sanitation,Dirty Conditions,E8 Canine Violation,Sidewalk,11235,2429 EAST   27 STREET,EAST   27 STREET,AVENUE X,AVENUE Y,,,ADDRESS,BROOKLYN,,N/A,Closed,,The Department of Sanitation investigated this complaint and found no violation at the location.,01/18/2017 12:00:00 PM,15 BROOKLYN,3074220863,BROOKLYN,999988,155235,PHONE,Unspecified,BROOKLYN,,,,,,,,40.592746441043495,-73.94333281862559,"(40.592746441043495, -73.94333281862559)"
35261766,01/16/2017 10:07:00 AM,01/17/2017 12:00:00 PM,DSNY,Department of Sanitation,Dirty Conditions,E8 Canine Violation,Sidewalk,10031,380 CONVENT AVENUE,CONVENT AVENUE,WEST 146 STREET,WEST 147 STREET,,,ADDRESS,NEW YORK,,N/A,Closed,,The Department of Sanitation investigated this complaint and issued a Notice of Violation.,01/17/2017 12:00:00 PM,09 MANHATTAN,1020610014,MANHATTAN,999295,240021,ONLINE,Unspecified,MANHATTAN,,,,,,,,40.825464923416234,-73.94563862001878,"(40.825464923416234, -73.94563862001878)"
35261685,01/16/2017 09:23:00 AM,01/19/2017 12:00:00 PM,DSNY,Department of Sanitation,Dirty Conditions,E8 Canine Violation,Sidewalk,11226,2616 BEVERLY ROAD,BEVERLY ROAD,VERONICA PLACE,ROGERS AVENUE,,,ADDRESS,BROOKLYN,,N/A,Closed,,The Department of Sanitation investigated this complaint and found no violation at the location.,01/19/2017 12:00:00 PM,17 BROOKLYN,3051700010,BROOKLYN,997468,174239,PHONE,Unspecified,BROOKLYN,,,,,,,,40.64491257820303,-73.95236927201967,"(40.64491257820303, -73.95236927201967)"
35258504,01/16/2017 08:50:00 AM,01/20/2017 12:00:00 PM,DSNY,Department of Sanitation,Dirty Conditions,E8 Canine Violation,Sidewalk,11369,30-32 91 STREET,91 STREET,30 AVENUE,31 AVENUE,,,ADDRESS,East Elmhurst,,N/A,Closed,,The Department of Sanitation investigated this complaint and found no violation at the location.,01/20/2017 12:00:00 PM,03 QUEENS,4013880022,QUEENS,1018090,216562,ONLINE,Unspecified,QUEENS,,,,,,,,40.761024360467374,-73.8778458099639,"(40.761024360467374, -73.8778458099639)"
35258516,01/16/2017 07:28:00 AM,01/17/2017 12:00:00 PM,DSNY,Department of Sanitation,Dirty Conditions,E8 Canine Violation,Sidewalk,10466,,,,,MATILDA AVENUE,EAST 236 STREET,INTERSECTION,BRONX,,N/A,Closed,,The Department of Sanitation investigated this complaint and found no violation at the location.,01/17/2017 12:00:00 PM,12 BRONX,,BRONX,1023452,265831,PHONE,Unspecified,BRONX,,,,,,,,40.896231324047896,-73.85820243014828,"(40.896231324047896, -73.85820243014828)"
35262516,01/15/2017 09:41:00 PM,01/20/2017 12:00:00 PM,DSNY,Department of Sanitation,Dirty Conditions,E8 Canine Violation,Sidewalk,11692,141 BEACH   56 PLACE,BEACH   56 PLACE,DEAD END,ROCKAWAY BEACH BOULEVARD,,,ADDRESS,Arverne,,N/A,Closed,,The Department of Sanitation investigated this complaint and found no violation at the location.,01/20/2017 12:00:00 PM,14 QUEENS,4159260001,QUEENS,1043637,154787,ONLINE,Unspecified,QUEENS,,,,,,,,40.59133179210731,-73.7861719586252,"(40.59133179210731, -73.7861719586252)"
35257739,01/15/2017 04:42:00 PM,01/19/2017 12:00:00 PM,DSNY,Department of Sanitation,Dirty Conditions,E8 Canine Violation,Sidewalk,11415,80-15 AUSTIN STREET,AUSTIN STREET,UNION TURNPIKE,80 ROAD,,,ADDRESS,Kew Gardens,,N/A,Closed,,The Department of Sanitation investigated this complaint and found no violation at the location.,01/19/2017 12:00:00 PM,09 QUEENS,4033480007,QUEENS,1030601,198858,ONLINE,Unspecified,QUEENS,,,,,,,,40.712374607603294,-73.83280620742288,"(40.712374607603294, -73.83280620742288)"
35252557,01/15/2017 12:47:00 PM,01/19/2017 12:00:00 PM,DSNY,Department of Sanitation,Dirty Conditions,E8 Canine Violation,Sidewalk,11106,34-02 29 STREET,29 STREET,34 AVENUE,35 AVENUE,,,ADDRESS,Astoria,,N/A,Closed,,The Department of Sanitation investigated this complaint and found no violation at the location.,01/19/2017 12:00:00 PM,01 QUEENS,4005840029,QUEENS,1003902,216236,ONLINE,Unspecified,QUEENS,,,,,,,,40.76017249535224,-73.92906197030192,"(40.76017249535224, -73.92906197030192)"
35256409,01/14/2017 06:03:00 PM,01/18/2017 12:00:00 PM,DSNY,Department of Sanitation,Dirty Conditions,E8 Canine Violation,Sidewalk,10473,742 NOBLE AVENUE,NOBLE AVENUE,SEWARD AVENUE,LAFAYETTE AVENUE,,,ADDRESS,BRONX,,N/A,Closed,,The Department of Sanitation investigated this complaint and found no violation at the location.,01/18/2017 12:00:00 PM,09 BRONX,2035940026,BRONX,1020954,237926,PHONE,Unspecified,BRONX,,,,,,,,40.81965130042684,-73.86739073350005,"(40.81965130042684, -73.86739073350005)"
35248642,01/14/2017 11:08:00 AM,01/18/2017 12:00:00 PM,DSNY,Department of Sanitation,Dirty Conditions,E8 Canine Violation,Sidewalk,11214,7902 BAY PARKWAY,BAY PARKWAY,79 STREET,80 STREET,,,ADDRESS,BROOKLYN,,N/A,Closed,,The Department of Sanitation investigated this complaint and found no violation at the location.,01/18/2017 12:00:00 PM,11 BROOKLYN,3062760036,BROOKLYN,987077,159986,PHONE,Unspecified,BROOKLYN,,,,,,,,40.605800495749534,-73.9898189455874,"(40.605800495749534, -73.9898189455874)"
35248588,01/14/2017 09:48:00 AM,01/18/2017 12:00:00 PM,DSNY,Department of Sanitation,Dirty Conditions,E8 Canine Violation,Sidewalk,11229,2002 EAST   19 STREET,EAST   19 STREET,AVENUE T,AVENUE U,,,ADDRESS,BROOKLYN,,N/A,Closed,,The Department of Sanitation investigated this complaint and found no violation at the location.,01/18/2017 12:00:00 PM,15 BROOKLYN,3073230006,BROOKLYN,997308,158290,PHONE,Unspecified,BROOKLYN,,,,,,,,40.60113615181687,-73.95297667946102,"(40.60113615181687, -73.95297667946102)"
35244522,01/13/2017 05:04:00 PM,01/23/2017 12:00:00 PM,DSNY,Department of Sanitation,Dirty Conditions,E8 Canine Violation,Sidewalk,11433,164-12 SOUTH ROAD,SOUTH ROAD,164 STREET,165 STREET,,,ADDRESS,Jamaica,,N/A,Closed,,The Department of Sanitation investigated this complaint and found no violation at the location.,01/23/2017 12:00:00 PM,12 QUEENS,4101630006,QUEENS,1041798,194573,PHONE,Unspecified,QUEENS,,,,,,,,40.700547582425756,-73.79245400076269,"(40.700547582425756, -73.79245400076269)"
35247616,01/13/2017 03:02:00 PM,01/17/2017 12:00:00 PM,DSNY,Department of Sanitation,Dirty Conditions,E8 Canine Violation,Sidewalk,11204,6201 24 AVENUE,24 AVENUE,62 STREET,63 STREET,,,ADDRESS,BROOKLYN,,N/A,Closed,,The Department of Sanitation investigated this complaint and found no violation at the location.,01/17/2017 12:00:00 PM,11 BROOKLYN,3065600009,BROOKLYN,991111,162536,PHONE,Unspecified,BROOKLYN,,,,,,,,40.61279751721795,-73.97528845536357,"(40.61279751721795, -73.97528845536357)"
35250553,01/13/2017 01:52:00 PM,01/17/2017 12:00:00 PM,DSNY,Department of Sanitation,Dirty Conditions,E8 Canine Violation,Sidewalk,10029,,,,,EAST 101 STREET,3 AVENUE,INTERSECTION,NEW YORK,,N/A,Closed,,The Department of Sanitation investigated this complaint and found no violation at the location.,01/17/2017 12:00:00 PM,11 MANHATTAN,,MANHATTAN,998926,226510,PHONE,Unspecified,MANHATTAN,,,,,,,,40.788381586919954,-73.94700144628922,"(40.788381586919954, -73.94700144628922)"
35248680,01/13/2017 01:50:00 PM,01/17/2017 12:00:00 PM,DSNY,Department of Sanitation,Dirty Conditions,E8 Canine Violation,Sidewalk,10029,,,,,PARK AVENUE,EAST 101 STREET,INTERSECTION,NEW YORK,,N/A,Closed,,The Department of Sanitation investigated this complaint and issued a Notice of Violation.,01/17/2017 12:00:00 PM,11 MANHATTAN,,MANHATTAN,998032,227005,PHONE,Unspecified,MANHATTAN,,,,,,,,40.78974166825979,-73.95022887819556,"(40.78974166825979, -73.95022887819556)"
35243746,01/13/2017 01:35:00 PM,01/19/2017 12:00:00 PM,DSNY,Department of Sanitation,Dirty Conditions,E8 Canine Violation,Sidewalk,10309,12 BOYNTON STREET,BOYNTON STREET,DEAD END,CLEARMONT AVENUE,,,ADDRESS,STATEN ISLAND,,N/A,Closed,,The Department of Sanitation investigated this complaint and found no violation at the location.,01/19/2017 12:00:00 PM,03 STATEN ISLAND,5069390039,STATEN ISLAND,926786,131127,PHONE,Unspecified,STATEN ISLAND,,,,,,,,40.52640250147535,-74.20670311721673,"(40.52640250147535, -74.20670311721673)"
35239856,01/13/2017 01:28:00 PM,01/23/2017 12:00:00 PM,DSNY,Department of Sanitation,Dirty Conditions,E8 Canine Violation,Sidewalk,10463,3880 ORLOFF AVENUE,ORLOFF AVENUE,BEND,CHARLES HALLEY PLACE,,,ADDRESS,BRONX,,N/A,Closed,,The Department of Sanitation investigated this complaint and found no violation at the location.,01/23/2017 12:00:00 PM,08 BRONX,2032630185,BRONX,1013068,261498,ONLINE,Unspecified,BRONX,,,,,,,,40.884378641037145,-73.89578100570972,"(40.884378641037145, -73.89578100570972)"
35243704,01/13/2017 01:12:00 PM,01/17/2017 12:00:00 PM,DSNY,Department of Sanitation,Dirty Conditions,E8 Canine Violation,Sidewalk,10030,250 WEST  137 STREET,WEST  137 STREET,7 AVENUE,8 AVENUE,,,ADDRESS,NEW YORK,,N/A,Closed,,The Department of Sanitation investigated this complaint and found no violation at the location.,01/17/2017 12:00:00 PM,10 MANHATTAN,1019420055,MANHATTAN,999684,237017,PHONE,Unspecified,MANHATTAN,,,,,,,,40.81721912268325,-73.94423997451894,"(40.81721912268325, -73.94423997451894)"
35239819,01/13/2017 12:48:00 PM,01/17/2017 12:00:00 PM,DSNY,Department of Sanitation,Dirty Conditions,E8 Canine Violation,Sidewalk,10458,,,,,BAINBRIDGE AVENUE,EAST 193 STREET,INTERSECTION,BRONX,,N/A,Closed,,The Department of Sanitation investigated this complaint and found no violation at the location.,01/17/2017 12:00:00 PM,07 BRONX,,BRONX,1014001,254089,PHONE,Unspecified,BRONX,,,,,,,,40.864040135005396,-73.892439757325,"(40.864040135005396, -73.892439757325)"
35242219,01/13/2017 11:18:00 AM,01/17/2017 12:00:00 PM,DSNY,Department of Sanitation,Dirty Conditions,E8 Canine Violation,Sidewalk,11222,53 EAGLE STREET,EAGLE STREET,WEST STREET,FRANKLIN STREET,,,ADDRESS,BROOKLYN,,N/A,Closed,,The Department of Sanitation investigated this complaint and found no violation at the location.,01/17/2017 12:00:00 PM,01 BROOKLYN,3024940026,BROOKLYN,995634,206986,ONLINE,Unspecified,BROOKLYN,,,,,,,,40.73479808496069,-73.95892270791965,"(40.73479808496069, -73.95892270791965)"
35242884,01/13/2017 10:52:00 AM,01/17/2017 12:00:00 PM,DSNY,Department of Sanitation,Dirty Conditions,E8 Canine Violation,Sidewalk,10033,,,,,WADSWORTH AVENUE,WEST 175 STREET,INTERSECTION,NEW YORK,,N/A,Closed,,The Department of Sanitation investigated this complaint and found no violation at the location.,01/17/2017 12:00:00 PM,12 MANHATTAN,,MANHATTAN,1001456,247485,PHONE,Unspecified,MANHATTAN,,,,,,,,40.84594749479044,-73.93781123779456,"(40.84594749479044, -73.93781123779456)"
35242883,01/13/2017 08:50:00 AM,01/18/2017 12:00:00 PM,DSNY,Department of Sanitation,Dirty Conditions,E8 Canine Violation,Sidewalk,11365,56-19 UTOPIA PARKWAY,UTOPIA PARKWAY,56 AVENUE,58 AVENUE,,,ADDRESS,Fresh Meadows,,N/A,Closed,,The Department of Sanitation investigated this complaint and found no violation at the location.,01/18/2017 12:00:00 PM,11 QUEENS,4056697501,QUEENS,1041697,209848,MOBILE,Unspecified,QUEENS,,,,,,,,40.742474307418,-73.79268787802475,"(40.742474307418, -73.79268787802475)"
35238186,01/13/2017 02:49:00 AM,01/13/2017 12:00:00 PM,DSNY,Department of Sanitation,Dirty Conditions,E8 Canine Violation,Sidewalk,10472,,,,,BOYNTON AVENUE,WATSON AVENUE,INTERSECTION,BRONX,,N/A,Closed,,The Department of Sanitation investigated this complaint and issued a Notice of Violation.,01/13/2017 12:00:00 PM,09 BRONX,,BRONX,1018110,240290,PHONE,Unspecified,BRONX,,,,,,,,40.82615116376492,-73.87765398540142,"(40.82615116376492, -73.87765398540142)"
35241333,01/12/2017 11:14:00 PM,01/14/2017 12:00:00 PM,DSNY,Department of Sanitation,Dirty Conditions,E8 Canine Violation,Sidewalk,11212,1356 EAST NEW YORK AVENUE,EAST NEW YORK AVENUE,SARATOGA AVENUE,,,,ADDRESS,BROOKLYN,,N/A,Closed,,The Department of Sanitation investigated this complaint and found no violation at the location.,01/14/2017 12:00:00 PM,16 BROOKLYN,3034930006,BROOKLYN,1007224,183209,PHONE,Unspecified,BROOKLYN,,,,,,,,40.66951331535257,-73.91718323060712,"(40.66951331535257, -73.91718323060712)"
35242951,01/12/2017 09:38:00 PM,01/23/2017 12:00:00 PM,DSNY,Department of Sanitation,Dirty Conditions,E8 Canine Violation,Sidewalk,11436,116-31 144 STREET,144 STREET,116 AVENUE,FOCH BOULEVARD,,,ADDRESS,Jamaica,,N/A,Closed,,The Department of Sanitation investigated this complaint and found no violation at the location.,01/23/2017 12:00:00 PM,12 QUEENS,4120030250,QUEENS,1040326,187259,PHONE,Unspecified,QUEENS,,,,,,,,40.68048184126687,-73.79782360811242,"(40.68048184126687, -73.79782360811242)"
35238291,01/12/2017 08:19:00 PM,01/14/2017 12:00:00 PM,DSNY,Department of Sanitation,Dirty Conditions,E8 Canine Violation,Sidewalk,,,,,,EAST 166 STREET,BOSTON ROAD,INTERSECTION,,,N/A,Closed,,The Department of Sanitation investigated this complaint and found no violation at the location.,01/14/2017 12:00:00 PM,03 BRONX,,BRONX,,,PHONE,Unspecified,BRONX,,,,,,,,,,
35241335,01/12/2017 08:06:00 PM,01/14/2017 12:00:00 PM,DSNY,Department of Sanitation,Dirty Conditions,E8 Canine Violation,Sidewalk,10458,2441 SOUTHERN BOULEVARD,SOUTHERN BOULEVARD,EAST 187 STREET,EAST FORDHAM ROAD,,,ADDRESS,BRONX,,N/A,Closed,,The Department of Sanitation investigated this complaint and found no violation at the location.,01/14/2017 12:00:00 PM,06 BRONX,2031150045,BRONX,1017075,250631,ONLINE,Unspecified,BRONX,,,,,,,,40.85453807709168,-73.88134312271787,"(40.85453807709168, -73.88134312271787)"
35238293,01/12/2017 05:39:00 PM,01/23/2017 12:00:00 PM,DSNY,Department of Sanitation,Dirty Conditions,E8 Canine Violation,Sidewalk,11432,175-36 89 AVENUE,89 AVENUE,175 STREET,178 STREET,,,ADDRESS,Jamaica,,N/A,Closed,,The Department of Sanitation investigated this complaint and found no violation at the location.,01/23/2017 12:00:00 PM,12 QUEENS,4098320023,QUEENS,1043400,198188,PHONE,Unspecified,QUEENS,,,,,,,,40.710459313041646,-73.78664467986091,"(40.710459313041646, -73.78664467986091)"
35242203,01/12/2017 05:34:00 PM,01/21/2017 12:00:00 PM,DSNY,Department of Sanitation,Dirty Conditions,E8 Canine Violation,Sidewalk,11207,344 ASHFORD STREET,ASHFORD STREET,GLENMORE AVENUE,PITKIN AVENUE,,,ADDRESS,BROOKLYN,,N/A,Closed,,The Department of Sanitation investigated this complaint and found no violation at the location.,01/21/2017 12:00:00 PM,05 BROOKLYN,3039990027,BROOKLYN,1016104,184853,PHONE,Unspecified,BROOKLYN,,,,,,,,40.67399822624279,-73.88516483271307,"(40.67399822624279, -73.88516483271307)"
35241493,01/12/2017 05:09:00 PM,01/13/2017 12:00:00 PM,DSNY,Department of Sanitation,Dirty Conditions,E8 Canine Violation,Sidewalk,10025,120 WEST  100 STREET,WEST  100 STREET,COLUMBUS AVENUE,AMSTERDAM AVENUE,,,ADDRESS,NEW YORK,,N/A,Closed,,The Department of Sanitation investigated this complaint and found no violation at the location.,01/13/2017 12:00:00 PM,07 MANHATTAN,1018520031,MANHATTAN,993354,229308,MOBILE,Unspecified,MANHATTAN,,,,,,,,40.796068838272475,-73.96711947864799,"(40.796068838272475, -73.96711947864799)"
35241334,01/12/2017 03:32:00 PM,01/14/2017 12:00:00 PM,DSNY,Department of Sanitation,Dirty Conditions,E8 Canine Violation,Sidewalk,11225,220 MONTGOMERY STREET,MONTGOMERY STREET,MC KEEVER PLACE,BEDFORD AVENUE,,,ADDRESS,BROOKLYN,,N/A,Closed,,The Department of Sanitation investigated this complaint and found no violation at the location.,01/14/2017 12:00:00 PM,09 BROOKLYN,3013020001,BROOKLYN,996051,181858,PHONE,Unspecified,BROOKLYN,,,,,,,,40.66582706516124,-73.95746206244218,"(40.66582706516124, -73.95746206244218)"
35242897,01/12/2017 02:52:00 PM,01/17/2017 12:00:00 PM,DSNY,Department of Sanitation,Dirty Conditions,E8 Canine Violation,Sidewalk,10461,1535 PLYMOUTH AVENUE,PLYMOUTH AVENUE,ZULETTE AVENUE,MIDDLETOWN ROAD,,,ADDRESS,BRONX,,N/A,Closed,,The Department of Sanitation investigated this complaint and found no violation at the location.,01/17/2017 12:00:00 PM,10 BRONX,2053940011,BRONX,1030735,246350,ONLINE,Unspecified,BRONX,,,,,,,,40.84272666373433,-73.83199429407075,"(40.84272666373433, -73.83199429407075)"
35242784,01/12/2017 02:04:00 PM,01/13/2017 12:00:00 PM,DSNY,Department of Sanitation,Dirty Conditions,E8 Canine Violation,Sidewalk,10034,,,,,WEST 211 STREET,BROADWAY,INTERSECTION,NEW YORK,,N/A,Closed,,The Department of Sanitation investigated this complaint and issued a Notice of Violation.,01/13/2017 12:00:00 PM,12 MANHATTAN,,MANHATTAN,1006445,255565,PHONE,Unspecified,MANHATTAN,,,,,,,,40.868113536577496,-73.91975242658049,"(40.868113536577496, -73.91975242658049)"
35233285,01/12/2017 12:26:00 PM,01/17/2017 12:00:00 PM,DSNY,Department of Sanitation,Dirty Conditions,E8 Canine Violation,Sidewalk,10461,1537 PLYMOUTH AVENUE,PLYMOUTH AVENUE,ZULETTE AVENUE,MIDDLETOWN ROAD,,,ADDRESS,BRONX,,N/A,Closed,,The Department of Sanitation investigated this complaint and found no violation at the location.,01/17/2017 12:00:00 PM,10 BRONX,2053940011,BRONX,1030735,246358,PHONE,Unspecified,BRONX,,,,,,,,40.84274862135448,-73.83199423861656,"(40.84274862135448, -73.83199423861656)"
35235237,01/12/2017 11:20:00 AM,01/20/2017 12:00:00 PM,DSNY,Department of Sanitation,Dirty Conditions,E8 Canine Violation,Sidewalk,11694,159 BEACH  113 STREET,BEACH  113 STREET,OCEAN PROMENADE,ROCKAWAY BEACH BOULEVARD,,,ADDRESS,Rockaway Park,,N/A,Closed,,The Department of Sanitation investigated this complaint and found no violation at the location.,01/20/2017 12:00:00 PM,14 QUEENS,4161860028,QUEENS,1030325,150543,ONLINE,Unspecified,QUEENS,,,,,,,,40.579762072771466,-73.83413177224432,"(40.579762072771466, -73.83413177224432)"
35233286,01/12/2017 10:52:00 AM,01/17/2017 12:00:00 PM,DSNY,Department of Sanitation,Dirty Conditions,E8 Canine Violation,Sidewalk,10458,,,,,EAST 183 STREET,BASSFORD AVENUE,INTERSECTION,BRONX,,N/A,Closed,,The Department of Sanitation investigated this complaint and found no violation at the location.,01/17/2017 12:00:00 PM,06 BRONX,,BRONX,1013988,250786,PHONE,Unspecified,BRONX,,,,,,,,40.85497444303264,-73.89250141131055,"(40.85497444303264, -73.89250141131055)"
35234431,01/12/2017 09:30:00 AM,01/14/2017 12:00:00 PM,DSNY,Department of Sanitation,Dirty Conditions,E8 Canine Violation,Sidewalk,11234,,,,,NATIONAL DRIVE,ARKANSAS DRIVE,INTERSECTION,BROOKLYN,,N/A,Closed,,The Department of Sanitation investigated this complaint and found no violation at the location.,01/14/2017 12:00:00 PM,18 BROOKLYN,,BROOKLYN,1008919,159330,ONLINE,Unspecified,BROOKLYN,,,,,,,,40.6039660246079,-73.91116039164162,"(40.6039660246079, -73.91116039164162)"
35234298,01/12/2017 09:09:00 AM,01/13/2017 12:00:00 PM,DSNY,Department of Sanitation,Dirty Conditions,E8 Canine Violation,Sidewalk,10024,2330 BROADWAY,BROADWAY,WEST 84 STREET,WEST 85 STREET,,,ADDRESS,NEW YORK,,N/A,Closed,,The Department of Sanitation investigated this complaint and found no violation at the location.,01/13/2017 12:00:00 PM,07 MANHATTAN,1012320045,MANHATTAN,990538,226138,ONLINE,Unspecified,MANHATTAN,,,,,,,,40.7873704953384,-73.97729287079245,"(40.7873704953384, -73.97729287079245)"
35234304,01/12/2017 08:22:00 AM,01/21/2017 12:00:00 PM,DSNY,Department of Sanitation,Dirty Conditions,E8 Canine Violation,Sidewalk,11233,1876 BERGEN STREET,BERGEN STREET,HOWARD AVENUE,SARATOGA AVENUE,,,ADDRESS,BROOKLYN,,N/A,Closed,,The Department of Sanitation investigated this complaint and found no violation at the location.,01/21/2017 12:00:00 PM,16 BROOKLYN,3014520013,BROOKLYN,1006738,184988,PHONE,Unspecified,BROOKLYN,,,,,,,,40.67439751736648,-73.91892922924238,"(40.67439751736648, -73.91892922924238)"
35235238,01/12/2017 07:28:00 AM,01/13/2017 12:00:00 PM,DSNY,Department of Sanitation,Dirty Conditions,E8 Canine Violation,Sidewalk,10468,8 FORDHAM HILL OVAL,FORDHAM HILL OVAL,BEND,BEND,,,ADDRESS,BRONX,,N/A,Closed,,"The Department of Sanitation has investigated the complaint and addressed the issue. If the problem persists, call 311 to enter a new complaint. If you are outside of New York City, please call (212) NEW-YORK (212-639-9675).",01/13/2017 12:00:00 PM,07 BRONX,2032260053,BRONX,1009732,254165,PHONE,Unspecified,BRONX,,,,,,,,40.86426208704129,-73.90787338011981,"(40.86426208704129, -73.90787338011981)"
35236528,01/11/2017 10:31:00 PM,01/14/2017 12:00:00 PM,DSNY,Department of Sanitation,Dirty Conditions,E8 Canine Violation,Sidewalk,10466,866 EAST  224 STREET,EAST  224 STREET,BARNES AVENUE,BRONXWOOD AVENUE,,,ADDRESS,BRONX,,N/A,Closed,,The Department of Sanitation investigated this complaint and found no violation at the location.,01/14/2017 12:00:00 PM,12 BRONX,2048480074,BRONX,1024013,261962,PHONE,Unspecified,BRONX,,,,,,,,40.88560964606151,-73.85619621456294,"(40.88560964606151, -73.85619621456294)"
35231338,01/11/2017 09:33:00 PM,01/13/2017 12:00:00 PM,DSNY,Department of Sanitation,Dirty Conditions,E8 Canine Violation,Sidewalk,11369,,,,,30 AVENUE,93 STREET,INTERSECTION,East Elmhurst,,N/A,Closed,,The Department of Sanitation investigated this complaint and found no violation at the location.,01/13/2017 12:00:00 PM,03 QUEENS,,QUEENS,1018597,216716,ONLINE,Unspecified,QUEENS,,,,,,,,40.76144509539819,-73.87601487856993,"(40.76144509539819, -73.87601487856993)"
35232319,01/11/2017 04:56:00 PM,01/13/2017 12:00:00 PM,DSNY,Department of Sanitation,Dirty Conditions,E8 Canine Violation,Sidewalk,11415,118-31 METROPOLITAN AVENUE,METROPOLITAN AVENUE,83 AVENUE,LEFFERTS BOULEVARD,,,ADDRESS,Kew Gardens,,N/A,Closed,,The Department of Sanitation investigated this complaint and found no violation at the location.,01/13/2017 12:00:00 PM,09 QUEENS,4033290080,QUEENS,1030287,196826,ONLINE,Unspecified,QUEENS,,,,,,,,40.706798898805474,-73.83395273550028,"(40.706798898805474, -73.83395273550028)"
35234207,01/11/2017 03:45:00 PM,01/14/2017 12:00:00 PM,DSNY,Department of Sanitation,Dirty Conditions,E8 Canine Violation,Sidewalk,11221,297 KOSCIUSKO STREET,KOSCIUSKO STREET,TOMPKINS AVENUE,THROOP AVENUE,,,ADDRESS,BROOKLYN,,N/A,Closed,,The Department of Sanitation investigated this complaint and found no violation at the location.,01/14/2017 12:00:00 PM,03 BROOKLYN,3017810050,BROOKLYN,999974,191235,PHONE,Unspecified,BROOKLYN,,,,,,,,40.69155870397127,-73.9432993239028,"(40.69155870397127, -73.9432993239028)"
35232205,01/11/2017 03:27:00 PM,01/13/2017 12:00:00 PM,DSNY,Department of Sanitation,Dirty Conditions,E8 Canine Violation,Sidewalk,11226,221 LINDEN BOULEVARD,LINDEN BOULEVARD,ROGERS AVENUE,NOSTRAND AVENUE,,,ADDRESS,BROOKLYN,,N/A,Closed,,The Department of Sanitation investigated this complaint and found no violation at the location.,01/13/2017 12:00:00 PM,17 BROOKLYN,3050850075,BROOKLYN,997893,177038,ONLINE,Unspecified,BROOKLYN,,,,,,,,40.65259458089108,-73.95083213431944,"(40.65259458089108, -73.95083213431944)"
35224136,01/11/2017 01:34:00 PM,01/13/2017 12:00:00 PM,DSNY,Department of Sanitation,Dirty Conditions,E8 Canine Violation,Sidewalk,11208,2505 PITKIN AVENUE,PITKIN AVENUE,BERRIMAN STREET,ATKINS AVENUE,,,ADDRESS,BROOKLYN,,N/A,Closed,,The Department of Sanitation investigated this complaint and found no violation at the location.,01/13/2017 12:00:00 PM,05 BROOKLYN,3040060037,BROOKLYN,1017607,184959,PHONE,Unspecified,BROOKLYN,,,,,,,,40.67428363637793,-73.87974592912212,"(40.67428363637793, -73.87974592912212)"
35228233,01/11/2017 01:02:00 PM,01/12/2017 12:00:00 PM,DSNY,Department of Sanitation,Dirty Conditions,E8 Canine Violation,Sidewalk,10467,2401 WHITE PLAINS ROAD,WHITE PLAINS ROAD,WARING AVENUE,MACE AVENUE,,,ADDRESS,BRONX,,N/A,Closed,,The Department of Sanitation investigated this complaint and found no violation at the location.,01/12/2017 12:00:00 PM,11 BRONX,2044260001,BRONX,1020904,253219,PHONE,Unspecified,BRONX,,,,,,,,40.861626287060766,-73.86748779703808,"(40.861626287060766, -73.86748779703808)"
35222237,01/11/2017 12:53:00 PM,01/14/2017 12:00:00 PM,DSNY,Department of Sanitation,Dirty Conditions,E8 Canine Violation,Sidewalk,11226,,,,,EAST 21 STREET,CHURCH AVENUE,INTERSECTION,BROOKLYN,,N/A,Closed,,The Department of Sanitation investigated this complaint and found no violation at the location.,01/14/2017 12:00:00 PM,14 BROOKLYN,,BROOKLYN,995356,176168,PHONE,Unspecified,BROOKLYN,,,,,,,,40.650210165573476,-73.9599766333559,"(40.650210165573476, -73.9599766333559)"
35225330,01/11/2017 12:49:00 PM,01/13/2017 12:00:00 PM,DSNY,Department of Sanitation,Dirty Conditions,E8 Canine Violation,Sidewalk,11220,,,,,5 AVENUE,69 STREET,INTERSECTION,BROOKLYN,,N/A,Closed,,The Department of Sanitation investigated this complaint and found no violation at the location.,01/13/2017 12:00:00 PM,10 BROOKLYN,,BROOKLYN,978418,170067,PHONE,Unspecified,BROOKLYN,,,,,,,,40.63346927405928,-74.0210118597339,"(40.63346927405928, -74.0210118597339)"
35223108,01/11/2017 10:18:00 AM,01/19/2017 12:00:00 PM,DSNY,Department of Sanitation,Dirty Conditions,E8 Canine Violation,Sidewalk,10309,,,,,AMBOY ROAD,STATION AVENUE,INTERSECTION,STATEN ISLAND,,N/A,Closed,,The Department of Sanitation investigated this complaint and found no violation at the location.,01/19/2017 12:00:00 PM,03 STATEN ISLAND,,STATEN ISLAND,924132,129944,ONLINE,Unspecified,STATEN ISLAND,,,,,,,,40.523137808198776,-74.21623924866687,"(40.523137808198776, -74.21623924866687)"
35227293,01/11/2017 10:09:00 AM,01/14/2017 12:00:00 PM,DSNY,Department of Sanitation,Dirty Conditions,E8 Canine Violation,Sidewalk,10466,1389 EAST  233 STREET,EAST  233 STREET,MONTICELLO AVENUE,SETON AVENUE,,,ADDRESS,BRONX,,N/A,Closed,,The Department of Sanitation investigated this complaint and found no violation at the location.,01/14/2017 12:00:00 PM,12 BRONX,2049600081,BRONX,1029376,263157,PHONE,Unspecified,BRONX,,,,,,,,40.88886374564926,-73.83679279437054,"(40.88886374564926, -73.83679279437054)"
35226103,01/11/2017 09:20:00 AM,01/12/2017 12:00:00 PM,DSNY,Department of Sanitation,Dirty Conditions,E8 Canine Violation,Sidewalk,10454,537 EAST  139 STREET,EAST  139 STREET,BROOK AVENUE,ST ANNS AVENUE,,,ADDRESS,BRONX,,N/A,Closed,,The Department of Sanitation investigated this complaint and found no violation at the location.,01/12/2017 12:00:00 PM,01 BRONX,2022670065,BRONX,1006958,233634,PHONE,Unspecified,BRONX,,,,,,,,40.8079180306558,-73.91797189217512,"(40.8079180306558, -73.91797189217512)"
35224276,01/11/2017 09:15:00 AM,01/13/2017 12:00:00 PM,DSNY,Department of Sanitation,Dirty Conditions,E8 Canine Violation,Sidewalk,10037,,,,,WEST 140 STREET,LENOX AVENUE,INTERSECTION,NEW YORK,,N/A,Closed,,The Department of Sanitation investigated this complaint and found no violation at the location.,01/13/2017 12:00:00 PM,10 MANHATTAN,,MANHATTAN,1001262,237041,PHONE,Unspecified,MANHATTAN,,,,,,,,40.81728209798528,-73.93853890988083,"(40.81728209798528, -73.93853890988083)"
35225176,01/11/2017 09:07:00 AM,01/12/2017 12:00:00 PM,DSNY,Department of Sanitation,Dirty Conditions,E8 Canine Violation,Sidewalk,10459,941 JAMES A POLITE AVENUE,JAMES A POLITE AVENUE,EAST 163 STREET,EAST 164 STREET,,,ADDRESS,BRONX,,N/A,Closed,,The Department of Sanitation investigated this complaint and found no violation at the location.,01/12/2017 12:00:00 PM,02 BRONX,2026900160,BRONX,1012219,238756,PHONE,Unspecified,BRONX,,,,,,,,40.821961390568376,-73.89894625281718,"(40.821961390568376, -73.89894625281718)"
35225295,01/11/2017 08:54:00 AM,01/13/2017 12:00:00 PM,DSNY,Department of Sanitation,Dirty Conditions,E8 Canine Violation,Sidewalk,11214,,,,,77 STREET,NEW UTRECHT AVENUE,INTERSECTION,BROOKLYN,,N/A,Closed,,The Department of Sanitation investigated this complaint and found no violation at the location.,01/13/2017 12:00:00 PM,11 BROOKLYN,,BROOKLYN,984140,163034,ONLINE,Unspecified,BROOKLYN,,,,,,,,40.61416708008274,-74.00039619962736,"(40.61416708008274, -74.00039619962736)"
35228232,01/11/2017 08:32:00 AM,01/14/2017 12:00:00 PM,DSNY,Department of Sanitation,Dirty Conditions,E8 Canine Violation,Sidewalk,10463,3143 KINGSBRIDGE AVENUE,KINGSBRIDGE AVENUE,NAPLES TERRACE,WEST 232 STREET,,,ADDRESS,BRONX,,N/A,Closed,,The Department of Sanitation investigated this complaint and found no violation at the location.,01/14/2017 12:00:00 PM,08 BRONX,2057080088,BRONX,1010279,260097,ONLINE,Unspecified,BRONX,,,,,,,,40.88054200186549,-73.90587273430374,"(40.88054200186549, -73.90587273430374)"
35223255,01/11/2017 08:25:00 AM,01/13/2017 12:00:00 PM,DSNY,Department of Sanitation,Dirty Conditions,E8 Canine Violation,Sidewalk,11207,,,,,JEROME STREET,FULTON STREET,INTERSECTION,BROOKLYN,,N/A,Closed,,The Department of Sanitation investigated this complaint and issued a Notice of Violation.,01/13/2017 12:00:00 PM,05 BROOKLYN,,BROOKLYN,1015272,186612,PHONE,Unspecified,BROOKLYN,,,,,,,,40.67882923512478,-73.88815613199871,"(40.67882923512478, -73.88815613199871)"
35227097,01/11/2017 08:07:00 AM,01/14/2017 12:00:00 PM,DSNY,Department of Sanitation,Dirty Conditions,E8 Canine Violation,Sidewalk,11234,3401 AVENUE T,AVENUE T,EAST 34 STREET,EAST 35 STREET,,,ADDRESS,BROOKLYN,,N/A,Closed,,The Department of Sanitation investigated this complaint and found no violation at the location.,01/14/2017 12:00:00 PM,18 BROOKLYN,3085200009,BROOKLYN,1003443,160521,PHONE,Unspecified,BROOKLYN,,,,,,,,40.60724862724182,-73.93087752537932,"(40.60724862724182, -73.93087752537932)"
35226209,01/11/2017 08:02:00 AM,01/13/2017 12:00:00 PM,DSNY,Department of Sanitation,Dirty Conditions,E8 Canine Violation,Sidewalk,11368,,,,,WESTSIDE AVENUE,XENIA STREET,INTERSECTION,Corona,,N/A,Closed,,The Department of Sanitation investigated this complaint and found no violation at the location.,01/13/2017 12:00:00 PM,04 QUEENS,,QUEENS,1024690,207979,PHONE,Unspecified,QUEENS,,,,,,,,40.73743849613677,-73.85407306501517,"(40.73743849613677, -73.85407306501517)"
35228093,01/11/2017 06:21:00 AM,01/12/2017 12:00:00 PM,DSNY,Department of Sanitation,Dirty Conditions,E8 Canine Violation,Sidewalk,10467,2410 BARKER AVENUE,BARKER AVENUE,WARING AVENUE,MACE AVENUE,,,ADDRESS,BRONX,,N/A,Closed,,The Department of Sanitation investigated this complaint and found no violation at the location.,01/12/2017 12:00:00 PM,11 BRONX,2044250001,BRONX,1020372,253279,PHONE,Unspecified,BRONX,,,,,,,,40.861793161634004,-73.86941076680615,"(40.861793161634004, -73.86941076680615)"
35227012,01/10/2017 03:12:00 PM,01/11/2017 12:00:00 PM,DSNY,Department of Sanitation,Dirty Conditions,E8 Canine Violation,Sidewalk,10459,1075 LONGFELLOW AVENUE,LONGFELLOW AVENUE,EAST 165 STREET,LOWELL STREET,,,ADDRESS,BRONX,,N/A,Closed,,The Department of Sanitation investigated this complaint and found no violation at the location.,01/11/2017 12:00:00 PM,02 BRONX,2027570028,BRONX,1015301,240041,PHONE,Unspecified,BRONX,,,,,,,,40.82547805184979,-73.8878048590232,"(40.82547805184979, -73.8878048590232)"
35219653,01/10/2017 10:44:00 AM,01/11/2017 12:00:00 PM,DSNY,Department of Sanitation,Dirty Conditions,E8 Canine Violation,Sidewalk,10030,,,,,ADAM CLAYTON POWELL BOULEVARD,WEST 136 STREET,INTERSECTION,NEW YORK,,N/A,Closed,,The Department of Sanitation investigated this complaint and issued a Notice of Violation.,01/11/2017 12:00:00 PM,10 MANHATTAN,,MANHATTAN,999969,236564,PHONE,Unspecified,MANHATTAN,,,,,,,,40.81597526242923,-73.94321138650243,"(40.81597526242923, -73.94321138650243)"
35219767,01/10/2017 07:43:00 AM,01/11/2017 12:00:00 PM,DSNY,Department of Sanitation,Dirty Conditions,E8 Canine Violation,Sidewalk,10027,2 WEST  129 STREET,WEST  129 STREET,5 AVENUE,LENOX AVENUE,,,ADDRESS,NEW YORK,,N/A,Closed,,The Department of Sanitation investigated this complaint and issued a Notice of Violation.,01/11/2017 12:00:00 PM,10 MANHATTAN,1017260039,MANHATTAN,1000718,234021,PHONE,Unspecified,MANHATTAN,,,,,,,,40.80899407290369,-73.94051168640271,"(40.80899407290369, -73.94051168640271)"
35214617,01/09/2017 08:54:00 PM,01/13/2017 12:00:00 PM,DSNY,Department of Sanitation,Dirty Conditions,E8 Canine Violation,Sidewalk,11368,57-62 VANDOREN STREET,VANDOREN STREET,WESTSIDE AVENUE,SAULTELL AVENUE,,,ADDRESS,Corona,,N/A,Closed,,The Department of Sanitation investigated this complaint and found no violation at the location.,01/13/2017 12:00:00 PM,04 QUEENS,4019660036,QUEENS,1025395,208765,PHONE,Unspecified,QUEENS,,,,,,,,40.73959261655697,-73.85152428396607,"(40.73959261655697, -73.85152428396607)"
35221030,01/09/2017 03:27:00 PM,01/13/2017 12:00:00 PM,DSNY,Department of Sanitation,Dirty Conditions,E8 Canine Violation,Sidewalk,10312,71 JAMIE LANE,JAMIE LANE,ASPEN KNOLLS WAY,BEND,,,ADDRESS,STATEN ISLAND,,N/A,Closed,,The Department of Sanitation investigated this complaint and found no violation at the location.,01/13/2017 12:00:00 PM,03 STATEN ISLAND,5057430215,STATEN ISLAND,932820,144524,PHONE,Unspecified,STATEN ISLAND,,,,,,,,40.563211680916304,-74.18510018080708,"(40.563211680916304, -74.18510018080708)"
35196658,01/07/2017 02:27:00 PM,01/13/2017 12:00:00 PM,DSNY,Department of Sanitation,Dirty Conditions,E8 Canine Violation,Sidewalk,11364,56-01 CLEARVIEW EXPRESSWAY,CLEARVIEW EXPRESSWAY,56 AVENUE,58 AVENUE,,,ADDRESS,Oakland Gardens,,N/A,Closed,,The Department of Sanitation investigated this complaint and found no violation at the location.,01/13/2017 12:00:00 PM,11 QUEENS,4074340001,QUEENS,1047179,211933,ONLINE,Unspecified,QUEENS,,,,,,,,40.748159781534994,-73.7728852622251,"(40.748159781534994, -73.7728852622251)"
35184786,01/06/2017 06:43:00 PM,01/10/2017 12:00:00 PM,DSNY,Department of Sanitation,Dirty Conditions,E8 Canine Violation,Sidewalk,10467,3028 WALLACE AVENUE,WALLACE AVENUE,ADEE AVENUE,BURKE AVENUE,,,ADDRESS,BRONX,,N/A,Closed,,The Department of Sanitation investigated this complaint and found no violation at the location.,01/10/2017 12:00:00 PM,12 BRONX,2045710016,BRONX,1021781,256303,PHONE,Unspecified,BRONX,,,,,,,,40.87008723587002,-73.86429998398982,"(40.87008723587002, -73.86429998398982)"
35189741,01/06/2017 05:14:00 PM,01/09/2017 12:00:00 PM,DSNY,Department of Sanitation,Dirty Conditions,E8 Canine Violation,Sidewalk,11226,630 OCEAN AVENUE,OCEAN AVENUE,TENNIS COURT,ALBEMARLE ROAD,,,ADDRESS,BROOKLYN,,N/A,Closed,,The Department of Sanitation investigated this complaint and found no violation at the location.,01/09/2017 12:00:00 PM,14 BROOKLYN,3051000074,BROOKLYN,995199,175204,ONLINE,Unspecified,BROOKLYN,,,,,,,,40.64756439030198,-73.96054398850201,"(40.64756439030198, -73.96054398850201)"
35192214,01/06/2017 04:01:00 PM,01/09/2017 12:00:00 PM,DSNY,Department of Sanitation,Dirty Conditions,E8 Canine Violation,Sidewalk,11226,,,,,CHURCH AVENUE,EAST 18 STREET,INTERSECTION,BROOKLYN,,N/A,Closed,,The Department of Sanitation investigated this complaint and found no violation at the location.,01/09/2017 12:00:00 PM,14 BROOKLYN,,BROOKLYN,994496,175887,PHONE,Unspecified,BROOKLYN,,,,,,,,40.64943991839931,-73.9630762940512,"(40.64943991839931, -73.9630762940512)"
35183016,01/06/2017 02:11:00 AM,01/06/2017 12:00:00 PM,DSNY,Department of Sanitation,Dirty Conditions,E8 Canine Violation,Sidewalk,10472,1025 BOYNTON AVENUE,BOYNTON AVENUE,BRUCKNER BOULEVARD,WATSON AVENUE,,,ADDRESS,BRONX,,N/A,Closed,,The Department of Sanitation investigated this complaint and found no violation at the location.,01/06/2017 12:00:00 PM,09 BRONX,2037140054,BRONX,1018209,239723,PHONE,Unspecified,BRONX,,,,,,,,40.824594531459304,-73.8772991398564,"(40.824594531459304, -73.8772991398564)"
35182419,01/06/2017 12:01:00 AM,01/11/2017 12:00:00 PM,DSNY,Department of Sanitation,Dirty Conditions,E8 Canine Violation,Sidewalk,11385,89-26 RUTLEDGE AVENUE,RUTLEDGE AVENUE,89 STREET,BEND,,,ADDRESS,Ridgewood,,N/A,Closed,,The Department of Sanitation investigated this complaint and found no violation at the location.,01/11/2017 12:00:00 PM,05 QUEENS,4038740078,QUEENS,1022765,198034,ONLINE,Unspecified,QUEENS,,,,,,,,40.71015050774589,-73.86107629067833,"(40.71015050774589, -73.86107629067833)"
35178808,01/05/2017 07:50:00 PM,01/07/2017 12:00:00 PM,DSNY,Department of Sanitation,Dirty Conditions,E8 Canine Violation,Sidewalk,11238,,,,,BERGEN STREET,CLASSON AVENUE,INTERSECTION,BROOKLYN,,N/A,Closed,,The Department of Sanitation investigated this complaint and found no violation at the location.,01/07/2017 12:00:00 PM,08 BROOKLYN,,BROOKLYN,995588,186116,ONLINE,Unspecified,BROOKLYN,,,,,,,,40.67751492496729,-73.95912383192875,"(40.67751492496729, -73.95912383192875)"
35179504,01/05/2017 05:34:00 PM,01/13/2017 12:00:00 PM,DSNY,Department of Sanitation,Dirty Conditions,E8 Canine Violation,Sidewalk,11379,67-28 79 STREET,79 STREET,67 ROAD,67 DRIVE,,,ADDRESS,Middle Village,,N/A,Closed,,The Department of Sanitation investigated this complaint and found no violation at the location.,01/13/2017 12:00:00 PM,05 QUEENS,4037770030,QUEENS,1019307,198850,PHONE,Unspecified,QUEENS,,,,,,,,40.712404608451806,-73.87354503890973,"(40.712404608451806, -73.87354503890973)"
35182414,01/05/2017 04:32:00 PM,01/14/2017 12:00:00 PM,DSNY,Department of Sanitation,Dirty Conditions,E8 Canine Violation,Sidewalk,11375,108-14 67 DRIVE,67 DRIVE,108 STREET,110 STREET,,,ADDRESS,Forest Hills,,N/A,Closed,,The Department of Sanitation investigated this complaint and found no violation at the location.,01/14/2017 12:00:00 PM,06 QUEENS,4021780011,QUEENS,1026791,204441,PHONE,Unspecified,QUEENS,,,,,,,,40.72771771368481,-73.8465140331665,"(40.72771771368481, -73.8465140331665)"
35180209,01/05/2017 03:51:00 PM,01/07/2017 12:00:00 PM,DSNY,Department of Sanitation,Dirty Conditions,E8 Canine Violation,Sidewalk,11207,675 GLENMORE AVENUE,GLENMORE AVENUE,ASHFORD STREET,CLEVELAND STREET,,,ADDRESS,BROOKLYN,,N/A,Closed,,The Department of Sanitation investigated this complaint and found no violation at the location.,01/07/2017 12:00:00 PM,05 BROOKLYN,3039840033,BROOKLYN,1016085,185143,PHONE,Unspecified,BROOKLYN,,,,,,,,40.6747942786766,-73.88523195878416,"(40.6747942786766, -73.88523195878416)"
35181661,01/05/2017 03:49:00 PM,01/07/2017 12:00:00 PM,DSNY,Department of Sanitation,Dirty Conditions,E8 Canine Violation,Sidewalk,11233,117 THOMAS S BOYLAND STREET,THOMAS S BOYLAND STREET,MARION STREET,SUMPTER STREET,,,ADDRESS,BROOKLYN,,N/A,Closed,,The Department of Sanitation investigated this complaint and found no violation at the location.,01/07/2017 12:00:00 PM,16 BROOKLYN,3015217501,BROOKLYN,1008077,187411,ONLINE,Unspecified,BROOKLYN,,,,,,,,40.68104459879509,-73.91409347962268,"(40.68104459879509, -73.91409347962268)"
35179500,01/05/2017 03:12:00 PM,01/10/2017 12:00:00 PM,DSNY,Department of Sanitation,Dirty Conditions,E8 Canine Violation,Sidewalk,11422,240-26 146 AVENUE,146 AVENUE,BROOKVILLE BOULEVARD,EDGEWOOD AVENUE,,,ADDRESS,Rosedale,,N/A,Closed,,The Department of Sanitation investigated this complaint and found no violation at the location.,01/10/2017 12:00:00 PM,13 QUEENS,4135390074,QUEENS,1055343,179128,PHONE,Unspecified,QUEENS,,,,,,,,40.65805628634705,-73.7437673487892,"(40.65805628634705, -73.7437673487892)"
35172414,01/05/2017 01:08:00 PM,01/07/2017 12:00:00 PM,DSNY,Department of Sanitation,Dirty Conditions,E8 Canine Violation,Sidewalk,11207,749 GEORGIA AVENUE,GEORGIA AVENUE,HEGEMAN AVENUE,LINDEN BOULEVARD,,,ADDRESS,BROOKLYN,,N/A,Closed,,The Department of Sanitation investigated this complaint and found no violation at the location.,01/07/2017 12:00:00 PM,05 BROOKLYN,3043210048,BROOKLYN,1013988,179249,PHONE,Unspecified,BROOKLYN,,,,,,,,40.65862386448482,-73.89281782386566,"(40.65862386448482, -73.89281782386566)"
35173478,01/05/2017 10:52:00 AM,01/12/2017 12:00:00 PM,DSNY,Department of Sanitation,Dirty Conditions,E8 Canine Violation,Sidewalk,11436,,,,,LINDEN BOULEVARD,145 STREET,INTERSECTION,Jamaica,,N/A,Closed,,The Department of Sanitation investigated this complaint and found no violation at the location.,01/12/2017 12:00:00 PM,12 QUEENS,,QUEENS,1040001,188853,PHONE,Unspecified,QUEENS,,,,,,,,40.684859049707526,-73.79898217069032,"(40.684859049707526, -73.79898217069032)"
35178114,01/05/2017 07:49:00 AM,01/06/2017 12:00:00 PM,DSNY,Department of Sanitation,Dirty Conditions,E8 Canine Violation,Sidewalk,10459,,,,,TIFFANY STREET,EAST 167 STREET,INTERSECTION,BRONX,,N/A,Closed,,The Department of Sanitation investigated this complaint and found no violation at the location.,01/06/2017 12:00:00 PM,02 BRONX,,BRONX,1013355,240319,PHONE,Unspecified,BRONX,,,,,,,,40.826247708878505,-73.8948350378279,"(40.826247708878505, -73.8948350378279)"
35178113,01/04/2017 05:49:00 PM,01/12/2017 12:00:00 PM,DSNY,Department of Sanitation,Dirty Conditions,E8 Canine Violation,Sidewalk,11233,,,,,HERKIMER STREET,ROCHESTER AVENUE,INTERSECTION,BROOKLYN,,N/A,Closed,,The Department of Sanitation investigated this complaint and found no violation at the location.,01/12/2017 12:00:00 PM,03 BROOKLYN,,BROOKLYN,1004379,186454,ONLINE,Unspecified,BROOKLYN,,,,,,,,40.678427033457,-73.92742920226584,"(40.678427033457, -73.92742920226584)"
35171369,01/04/2017 05:42:00 PM,01/10/2017 12:00:00 PM,DSNY,Department of Sanitation,Dirty Conditions,E8 Canine Violation,Sidewalk,11356,122-17 9 AVENUE,9 AVENUE,COLLEGE POINT BOULEVARD,123 STREET,,,ADDRESS,College Point,,N/A,Closed,,The Department of Sanitation investigated this complaint and found no violation at the location.,01/10/2017 12:00:00 PM,07 QUEENS,4039640027,QUEENS,1027080,226928,ONLINE,Unspecified,QUEENS,,,,,,,,40.789437284402496,-73.84532808053899,"(40.789437284402496, -73.84532808053899)"
35178155,01/04/2017 04:19:00 PM,01/12/2017 12:00:00 PM,DSNY,Department of Sanitation,Dirty Conditions,E8 Canine Violation,Sidewalk,11374,,,,,SAUNDERS STREET,64 ROAD,INTERSECTION,Rego Park,,N/A,Closed,,The Department of Sanitation investigated this complaint and found no violation at the location.,01/12/2017 12:00:00 PM,06 QUEENS,,QUEENS,1022843,204733,ONLINE,Unspecified,QUEENS,,,,,,,,40.728537287523466,-73.86075653527467,"(40.728537287523466, -73.86075653527467)"
35175709,01/04/2017 03:03:00 PM,01/19/2017 12:00:00 PM,DSNY,Department of Sanitation,Dirty Conditions,E8 Canine Violation,Sidewalk,10308,2 SANDALWOOD DRIVE,SANDALWOOD DRIVE,COUNTRY WOODS LANE,IRONWOOD STREET,,,ADDRESS,STATEN ISLAND,,N/A,Closed,,The Department of Sanitation investigated this complaint and found no violation at the location.,01/19/2017 12:00:00 PM,03 STATEN ISLAND,5045090037,STATEN ISLAND,943220,144348,PHONE,Unspecified,STATEN ISLAND,,,,,,,,40.56278281677394,-74.14766886271579,"(40.56278281677394, -74.14766886271579)"
35174593,01/04/2017 02:48:00 PM,01/10/2017 12:00:00 PM,DSNY,Department of Sanitation,Dirty Conditions,E8 Canine Violation,Sidewalk,11423,80-55 190 STREET,190 STREET,UNION TURNPIKE,81 AVENUE,,,ADDRESS,Hollis,,N/A,Closed,,The Department of Sanitation investigated this complaint and found no violation at the location.,01/10/2017 12:00:00 PM,08 QUEENS,4072680038,QUEENS,1045532,204851,PHONE,Unspecified,QUEENS,,,,,,,,40.72873307593012,-73.77889387859025,"(40.72873307593012, -73.77889387859025)"
35172014,01/04/2017 01:47:00 PM,01/05/2017 12:00:00 PM,DSNY,Department of Sanitation,Dirty Conditions,E8 Canine Violation,Sidewalk,10473,,,,,NORTON AVENUE,TURNER AVENUE,INTERSECTION,BRONX,,N/A,Closed,,The Department of Sanitation investigated this complaint and found no violation at the location.,01/05/2017 12:00:00 PM,09 BRONX,,BRONX,1026877,236229,PHONE,Unspecified,BRONX,,,,,,,,40.81496692262984,-73.84600212304365,"(40.81496692262984, -73.84600212304365)"
35161920,01/04/2017 11:06:00 AM,01/12/2017 12:00:00 PM,DSNY,Department of Sanitation,Dirty Conditions,E8 Canine Violation,Sidewalk,11374,,,,,99 STREET,65 AVENUE,INTERSECTION,Rego Park,,N/A,Closed,,The Department of Sanitation investigated this complaint and found no violation at the location.,01/12/2017 12:00:00 PM,06 QUEENS,,QUEENS,1024279,205134,PHONE,Unspecified,QUEENS,,,,,,,,40.72963155120719,-73.8555730740078,"(40.72963155120719, -73.8555730740078)"
35167990,01/04/2017 10:07:00 AM,01/07/2017 12:00:00 PM,DSNY,Department of Sanitation,Dirty Conditions,E8 Canine Violation,Sidewalk,10465,3224 SPENCER DRIVE,SPENCER DRIVE,STADIUM AVENUE,REED PLACE,,,ADDRESS,BRONX,,N/A,Closed,,The Department of Sanitation investigated this complaint and found no violation at the location.,01/07/2017 12:00:00 PM,10 BRONX,2054090739,BRONX,1034025,246248,PHONE,Unspecified,BRONX,,,,,,,,40.842428772160666,-73.82010439244804,"(40.842428772160666, -73.82010439244804)"
35169006,01/04/2017 09:58:00 AM,01/13/2017 12:00:00 PM,DSNY,Department of Sanitation,Dirty Conditions,E8 Canine Violation,Sidewalk,11377,51-52 65 STREET,65 STREET,51 AVENUE,BEND,,,ADDRESS,Woodside,,N/A,Closed,,The Department of Sanitation investigated this complaint and found no violation at the location.,01/13/2017 12:00:00 PM,02 QUEENS,4023570057,QUEENS,1011689,207051,PHONE,Unspecified,QUEENS,,,,,,,,40.734941257618246,-73.90099065021906,"(40.734941257618246, -73.90099065021906)"
35162969,01/04/2017 09:55:00 AM,01/19/2017 12:00:00 PM,DSNY,Department of Sanitation,Dirty Conditions,E8 Canine Violation,Sidewalk,10308,,,,,GENESEE AVENUE,ARMSTRONG AVENUE,INTERSECTION,STATEN ISLAND,,N/A,Closed,,The Department of Sanitation investigated this complaint and found no violation at the location.,01/19/2017 12:00:00 PM,03 STATEN ISLAND,,STATEN ISLAND,939701,141051,PHONE,Unspecified,STATEN ISLAND,,,,,,,,40.553716219301165,-74.16031216277436,"(40.553716219301165, -74.16031216277436)"
35164830,01/04/2017 09:16:00 AM,01/06/2017 12:00:00 PM,DSNY,Department of Sanitation,Dirty Conditions,E8 Canine Violation,Sidewalk,11249,,,,,NORTH 5 STREET,KENT AVENUE,INTERSECTION,BROOKLYN,,N/A,Closed,,The Department of Sanitation investigated this complaint and found no violation at the location.,01/06/2017 12:00:00 PM,01 BROOKLYN,,BROOKLYN,994535,201313,PHONE,Unspecified,BROOKLYN,,,,,,,,40.719228428965984,-73.96289693860493,"(40.719228428965984, -73.96289693860493)"
35166974,01/04/2017 09:04:00 AM,01/05/2017 12:00:00 PM,DSNY,Department of Sanitation,Dirty Conditions,E8 Canine Violation,Sidewalk,10469,1500 ARNOW AVENUE,ARNOW AVENUE,EASTCHESTER ROAD,WOODHULL AVENUE,,,ADDRESS,BRONX,,N/A,Closed,,The Department of Sanitation investigated this complaint and found no violation at the location.,01/05/2017 12:00:00 PM,11 BRONX,2045340045,BRONX,1027777,255396,ONLINE,Unspecified,BRONX,,,,,,,,40.86757027061144,-73.84262631301078,"(40.86757027061144, -73.84262631301078)"
35164832,01/04/2017 08:26:00 AM,01/06/2017 12:00:00 PM,DSNY,Department of Sanitation,Dirty Conditions,E8 Canine Violation,Sidewalk,10460,1750 MANSION STREET,MANSION STREET,ROSEDALE AVENUE,COMMONWEALTH AVENUE,,,ADDRESS,BRONX,,N/A,Closed,,The Department of Sanitation investigated this complaint and found no violation at the location.,01/06/2017 12:00:00 PM,09 BRONX,2039140022,BRONX,1020345,244601,PHONE,Unspecified,BRONX,,,,,,,,40.83797475578195,-73.86955509659018,"(40.83797475578195, -73.86955509659018)"
35165591,01/04/2017 03:31:00 AM,01/04/2017 12:00:00 PM,DSNY,Department of Sanitation,Dirty Conditions,E8 Canine Violation,Sidewalk,10473,2040 BRUCKNER BOULEVARD,BRUCKNER BOULEVARD,PUGSLEY AVENUE,OLMSTEAD AVENUE,,,ADDRESS,BRONX,,N/A,Closed,,The Department of Sanitation investigated this complaint and found no violation at the location.,01/04/2017 12:00:00 PM,09 BRONX,2036820001,BRONX,1024397,240317,ONLINE,Unspecified,BRONX,,,,,,,,40.8261989321845,-73.85493710507038,"(40.8261989321845, -73.85493710507038)"
35154524,01/03/2017 10:58:00 AM,01/04/2017 12:00:00 PM,DSNY,Department of Sanitation,Dirty Conditions,E8 Canine Violation,Sidewalk,10469,2961 ELY AVENUE,ELY AVENUE,ARNOW AVENUE,ADEE AVENUE,,,ADDRESS,BRONX,,N/A,Closed,,The Department of Sanitation investigated this complaint and found no violation at the location.,01/04/2017 12:00:00 PM,12 BRONX,,BRONX,1029481,256689,PHONE,Unspecified,BRONX,,,,,,,,40.87111058781829,-73.83645671588636,"(40.87111058781829, -73.83645671588636)"
35154635,01/03/2017 10:58:00 AM,01/06/2017 12:00:00 PM,DSNY,Department of Sanitation,Dirty Conditions,E8 Canine Violation,Sidewalk,10452,1565 TOWNSEND AVENUE,TOWNSEND AVENUE,EAST 172 STREET,EAST MT EDEN AVENUE,,,ADDRESS,BRONX,,N/A,Closed,,The Department of Sanitation investigated this complaint and found no violation at the location.,01/06/2017 12:00:00 PM,04 BRONX,2028460041,BRONX,1007972,246572,PHONE,Unspecified,BRONX,,,,,,,,40.84342647770325,-73.91426327900784,"(40.84342647770325, -73.91426327900784)"
35154582,01/03/2017 10:42:00 AM,01/12/2017 12:00:00 PM,DSNY,Department of Sanitation,Dirty Conditions,E8 Canine Violation,Sidewalk,11377,69-03 31 AVENUE,31 AVENUE,69 STREET,70 STREET,,,ADDRESS,Woodside,,N/A,Closed,,The Department of Sanitation investigated this complaint and found no violation at the location.,01/12/2017 12:00:00 PM,03 QUEENS,4011180009,QUEENS,1012500,215445,PHONE,Unspecified,QUEENS,,,,,,,,40.757978112368384,-73.8980290274533,"(40.757978112368384, -73.8980290274533)"
35153512,01/03/2017 08:05:00 AM,01/06/2017 12:00:00 PM,DSNY,Department of Sanitation,Dirty Conditions,E8 Canine Violation,Sidewalk,11213,,,,,BUFFALO AVENUE,PARK PLACE,INTERSECTION,BROOKLYN,,N/A,Closed,,The Department of Sanitation investigated this complaint and found no violation at the location.,01/06/2017 12:00:00 PM,08 BROOKLYN,,BROOKLYN,1004987,184136,PHONE,Unspecified,BROOKLYN,,,,,,,,40.67206324438088,-73.92524432147842,"(40.67206324438088, -73.92524432147842)"
35153514,01/03/2017 07:19:00 AM,01/05/2017 12:00:00 PM,DSNY,Department of Sanitation,Dirty Conditions,E8 Canine Violation,Sidewalk,,,,,,85 STREET,4 AVENUE,INTERSECTION,,,N/A,Closed,,The Department of Sanitation investigated this complaint and found no violation at the location.,01/05/2017 12:00:00 PM,10 BROOKLYN,,BROOKLYN,,,ONLINE,Unspecified,BROOKLYN,,,,,,,,,,
35160868,01/02/2017 05:24:00 PM,01/03/2017 12:00:00 PM,DSNY,Department of Sanitation,Dirty Conditions,E8 Canine Violation,Sidewalk,10031,,,,,WEST 152 STREET,AMSTERDAM AVENUE,INTERSECTION,NEW YORK,,N/A,Closed,,The Department of Sanitation investigated this complaint and found no violation at the location.,01/03/2017 12:00:00 PM,09 MANHATTAN,,MANHATTAN,999642,241546,ONLINE,Unspecified,MANHATTAN,,,,,,,,40.829650014507514,-73.94438132319132,"(40.829650014507514, -73.94438132319132)"
35157347,01/02/2017 04:42:00 PM,01/03/2017 12:00:00 PM,DSNY,Department of Sanitation,Dirty Conditions,E8 Canine Violation,Sidewalk,10469,1035 EAST  217 STREET,EAST  217 STREET,PAULDING AVENUE,LACONIA AVENUE,,,ADDRESS,BRONX,,N/A,Closed,,The Department of Sanitation investigated this complaint and found no violation at the location.,01/03/2017 12:00:00 PM,12 BRONX,2047000013,BRONX,1024517,259645,PHONE,Unspecified,BRONX,,,,,,,,40.879247926954235,-73.85438741971691,"(40.879247926954235, -73.85438741971691)"
35154583,01/02/2017 03:43:00 PM,01/11/2017 12:00:00 PM,DSNY,Department of Sanitation,Dirty Conditions,E8 Canine Violation,Sidewalk,11373,85-12 52 AVENUE,52 AVENUE,HASPEL STREET,VAN HORN STREET,,,ADDRESS,Elmhurst,,N/A,Closed,,The Department of Sanitation investigated this complaint and found no violation at the location.,01/11/2017 12:00:00 PM,04 QUEENS,4028760010,QUEENS,1017187,206928,PHONE,Unspecified,QUEENS,,,,,,,,40.734584887751225,-73.88115259962852,"(40.734584887751225, -73.88115259962852)"
35156615,01/02/2017 03:21:00 PM,01/05/2017 12:00:00 PM,DSNY,Department of Sanitation,Dirty Conditions,E8 Canine Violation,Sidewalk,11233,67 HULL STREET,HULL STREET,SARATOGA AVENUE,THOMAS S BOYLAND STREET,,,ADDRESS,BROOKLYN,,N/A,Closed,,The Department of Sanitation investigated this complaint and found no violation at the location.,01/05/2017 12:00:00 PM,16 BROOKLYN,3015320151,BROOKLYN,1007882,186701,ONLINE,Unspecified,BROOKLYN,,,,,,,,40.67909633351102,-73.91479902736137,"(40.67909633351102, -73.91479902736137)"
35153190,01/02/2017 03:00:00 PM,01/03/2017 12:00:00 PM,DSNY,Department of Sanitation,Dirty Conditions,E8 Canine Violation,Sidewalk,10468,,,,,EAST 183 STREET,CRESTON AVENUE,INTERSECTION,BRONX,,N/A,Closed,,The Department of Sanitation investigated this complaint and found no violation at the location.,01/03/2017 12:00:00 PM,05 BRONX,,BRONX,1011653,251798,PHONE,Unspecified,BRONX,,,,,,,,40.85775963488418,-73.90093795561731,"(40.85775963488418, -73.90093795561731)"
35159638,01/02/2017 02:26:00 PM,01/12/2017 12:00:00 PM,DSNY,Department of Sanitation,Dirty Conditions,E8 Canine Violation,Sidewalk,11205,,,,,SPENCER STREET,WILLOUGHBY AVENUE,INTERSECTION,BROOKLYN,,N/A,Closed,,The Department of Sanitation investigated this complaint and found no violation at the location.,01/12/2017 12:00:00 PM,03 BROOKLYN,,BROOKLYN,996762,191795,PHONE,Unspecified,BROOKLYN,,,,,,,,40.69310089817653,-73.95488073959737,"(40.69310089817653, -73.95488073959737)"
35151520,01/02/2017 01:14:00 PM,01/13/2017 12:00:00 PM,DSNY,Department of Sanitation,Dirty Conditions,E8 Canine Violation,Sidewalk,11379,65-40 METROPOLITAN AVENUE,METROPOLITAN AVENUE,65 PLACE,65 LANE,,,ADDRESS,Middle Village,,N/A,Closed,,The Department of Sanitation investigated this complaint and found no violation at the location.,01/13/2017 12:00:00 PM,05 QUEENS,4036030026,QUEENS,1013442,198862,PHONE,Unspecified,QUEENS,,,,,,,,40.7124588406732,-73.89470074922272,"(40.7124588406732, -73.89470074922272)"
35150995,01/02/2017 11:33:00 AM,01/05/2017 12:00:00 PM,DSNY,Department of Sanitation,Dirty Conditions,E8 Canine Violation,Sidewalk,11233,,,,,EASTERN PARKWAY,LINCOLN PLACE,INTERSECTION,BROOKLYN,,N/A,Closed,,The Department of Sanitation investigated this complaint and found no violation at the location.,01/05/2017 12:00:00 PM,16 BROOKLYN,,BROOKLYN,1006246,183085,PHONE,Unspecified,BROOKLYN,,,,,,,,40.66917544705381,-73.92070913165782,"(40.66917544705381, -73.92070913165782)"
35152770,01/02/2017 11:27:00 AM,01/05/2017 12:00:00 PM,DSNY,Department of Sanitation,Dirty Conditions,E8 Canine Violation,Sidewalk,11216,,,,,EASTERN PARKWAY,NOSTRAND AVENUE,INTERSECTION,BROOKLYN,,N/A,Closed,,The Department of Sanitation investigated this complaint and found no violation at the location.,01/05/2017 12:00:00 PM,08 BROOKLYN,,BROOKLYN,997981,183330,PHONE,Unspecified,BROOKLYN,,,,,,,,40.66986459375481,-73.9505021789545,"(40.66986459375481, -73.9505021789545)"
35151660,01/02/2017 11:24:00 AM,01/05/2017 12:00:00 PM,DSNY,Department of Sanitation,Dirty Conditions,E8 Canine Violation,Sidewalk,11238,,,,,EASTERN PARKWAY,FRANKLIN AVENUE,INTERSECTION,BROOKLYN,,N/A,Closed,,The Department of Sanitation investigated this complaint and found no violation at the location.,01/05/2017 12:00:00 PM,08 BROOKLYN,,BROOKLYN,995908,183618,PHONE,Unspecified,BROOKLYN,,,,,,,,40.67065806173199,-73.95797447716627,"(40.67065806173199, -73.95797447716627)"
35148557,01/02/2017 11:20:00 AM,01/11/2017 12:00:00 PM,DSNY,Department of Sanitation,Dirty Conditions,E8 Canine Violation,Sidewalk,11214,199 BAY   32 STREET,BAY   32 STREET,BATH AVENUE,CROPSEY AVENUE,,,ADDRESS,BROOKLYN,,N/A,Closed,,The Department of Sanitation investigated this complaint and found no violation at the location.,01/11/2017 12:00:00 PM,11 BROOKLYN,3064500023,BROOKLYN,985227,156793,PHONE,Unspecified,BROOKLYN,,,,,,,,40.597036756035926,-73.99648192974405,"(40.597036756035926, -73.99648192974405)"
35150937,01/02/2017 10:57:00 AM,01/05/2017 12:00:00 PM,DSNY,Department of Sanitation,Dirty Conditions,E8 Canine Violation,Sidewalk,10028,238 EAST   82 STREET,EAST   82 STREET,3 AVENUE,2 AVENUE,,,ADDRESS,NEW YORK,,N/A,Closed,,The Department of Sanitation investigated this complaint and found no violation at the location.,01/05/2017 12:00:00 PM,08 MANHATTAN,1015270031,MANHATTAN,996733,221936,PHONE,Unspecified,MANHATTAN,,,,,,,,40.77583054220049,-73.95492939216999,"(40.77583054220049, -73.95492939216999)"
35149736,01/02/2017 10:14:00 AM,01/06/2017 12:00:00 PM,DSNY,Department of Sanitation,Dirty Conditions,E8 Canine Violation,Sidewalk,10456,811 EAST  158 STREET,EAST  158 STREET,UNION AVENUE,WESTCHESTER AVENUE,,,ADDRESS,BRONX,,N/A,Closed,,The Department of Sanitation investigated this complaint and issued a Notice of Violation.,01/06/2017 12:00:00 PM,01 BRONX,,BRONX,1011045,237649,ONLINE,Unspecified,BRONX,,,,,,,,40.81892662902969,-73.90319240495226,"(40.81892662902969, -73.90319240495226)"
35149809,01/01/2017 10:37:00 PM,01/12/2017 12:00:00 PM,DSNY,Department of Sanitation,Dirty Conditions,E8 Canine Violation,Sidewalk,11368,,,,,102 STREET,37 AVENUE,INTERSECTION,Corona,,N/A,Closed,,The Department of Sanitation investigated this complaint and found no violation at the location.,01/12/2017 12:00:00 PM,03 QUEENS,,QUEENS,1021542,213647,ONLINE,Unspecified,QUEENS,,,,,,,,40.75300955197048,-73.86540111457629,"(40.75300955197048, -73.86540111457629)"
35150405,01/01/2017 02:20:00 PM,01/10/2017 12:00:00 PM,DSNY,Department of Sanitation,Dirty Conditions,E8 Canine Violation,Sidewalk,11692,603 BEACH   63 STREET,BEACH   63 STREET,ALMEDA AVENUE,DE COSTA AVENUE,,,ADDRESS,Arverne,,N/A,Closed,,The Department of Sanitation investigated this complaint and found no violation at the location.,01/10/2017 12:00:00 PM,14 QUEENS,4160230052,QUEENS,1041797,157015,PHONE,Unspecified,QUEENS,,,,,,,,40.59745932416413,-73.79277803577297,"(40.59745932416413, -73.79277803577297)"
35145154,01/01/2017 12:42:00 PM,01/03/2017 12:00:00 PM,DSNY,Department of Sanitation,Dirty Conditions,E8 Canine Violation,Sidewalk,10457,1966 CROTONA AVENUE,CROTONA AVENUE,EAST TREMONT AVENUE,EAST 178 STREET,,,ADDRESS,BRONX,,N/A,Closed,,The Department of Sanitation investigated this complaint and found no violation at the location.,01/03/2017 12:00:00 PM,06 BRONX,2030920002,BRONX,1014444,247408,ONLINE,Unspecified,BRONX,,,,,,,,40.84570129253878,-73.89086825152319,"(40.84570129253878, -73.89086825152319)"
35146765,01/01/2017 12:03:00 PM,01/10/2017 12:00:00 PM,DSNY,Department of Sanitation,Dirty Conditions,E8 Canine Violation,Sidewalk,11358,45-63 165 STREET,165 STREET,45 AVENUE,46 AVENUE,,,ADDRESS,Flushing,,N/A,Closed,,The Department of Sanitation investigated this complaint and found no violation at the location.,01/10/2017 12:00:00 PM,07 QUEENS,4054440011,QUEENS,1039136,214162,ONLINE,Unspecified,QUEENS,,,,,,,,40.75433138639671,-73.80189465805836,"(40.75433138639671, -73.80189465805836)"
