Unique Key,Created Date,Closed Date,Agency,Agency Name,Complaint Type,Descriptor,Location Type,Incident Zip,Incident Address,Street Name,Cross Street 1,Cross Street 2,Intersection Street 1,Intersection Street 2,Address Type,City,Landmark,Facility Type,Status,Due Date,Resolution Description,Resolution Action Updated Date,Community Board,BBL,Borough,X Coordinate (State Plane),Y Coordinate (State Plane),Open Data Channel Type,Park Facility Name,Park Borough,Vehicle Type,Taxi Company Borough,Taxi Pick Up Location,Bridge Highway Name,Bridge Highway Direction,Road Ramp,Bridge Highway Segment,Latitude,Longitude,Location
57194240,03/31/2023 09:26:36 PM,04/01/2023 04:37:28 PM,DSNY,Department of Sanitation,Dirty Condition,Dog Waste,Sidewalk,11213,14 TROY AVENUE,TROY AVENUE,FULTON STREET,HERKIMER STREET,FULTON STREET,HERKIMER STREET,ADDRESS,BROOKLYN,TROY AVENUE,,Closed,,The Department of Sanitation investigated this complaint and found no violation at the location.,04/01/2023 04:37:32 PM,03 BROOKLYN,,BROOKLYN,1002188,186718,ONLINE,Unspecified,BROOKLYN,,,,,,,,40.67915636453298,-73.93532767769065,"(40.67915636453298, -73.93532767769065)"
57195108,03/31/2023 08:02:03 PM,04/01/2023 01:39:40 PM,DSNY,Department of Sanitation,Dirty Condition,Dog Waste,Sidewalk,10459,741 JENNINGS STREET,JENNINGS STREET,UNION AVENUE,PROSPECT AVENUE,UNION AVENUE,PROSPECT AVENUE,ADDRESS,BRONX,JENNINGS STREET,,Closed,,The Department of Sanitation investigated this complaint and found no violation at the location.,04/01/2023 01:39:46 PM,03 BRONX,2029620064,BRONX,1012303,242334,PHONE,Unspecified,BRONX,,,,,,,,40.83178170766655,-73.89862779539902,"(40.83178170766655, -73.89862779539902)"
57193684,03/31/2023 05:57:26 PM,04/01/2023 12:52:50 PM,DSNY,Department of Sanitation,Dirty Condition,Dog Waste,Sidewalk,10305,21 FATHER CAPODANNO BOULEVARD,FATHER CAPODANNO BOULEVARD,LILY POND AVENUE,ROBIN ROAD,LILY POND AVENUE,ROBIN ROAD,ADDRESS,STATEN ISLAND,FATHER CAPODANNO BOULEVARD,,Closed,,The Department of Sanitation investigated this complaint and found no violation at the location.,04/01/2023 12:52:54 PM,02 STATEN ISLAND,5031210217,STATEN ISLAND,966981,156419,PHONE,Unspecified,STATEN ISLAND,,,,,,,,40.59599343138126,-74.06218281582167,"(40.59599343138126, -74.06218281582167)"
57200002,03/31/2023 03:39:34 PM,04/03/2023 01:04:10 PM,DSNY,Department of Sanitation,Dirty Condition,Dog Waste,Sidewalk,10027,44 WEST  129 STREET,WEST  129 STREET,5 AVENUE,LENOX AVENUE,5 AVENUE,LENOX AVENUE,ADDRESS,NEW YORK,WEST  129 STREET,,Closed,,The Department of Sanitation investigated this complaint and found no violation at the location.,04/03/2023 01:04:17 PM,10 MANHATTAN,1017260057,MANHATTAN,1000263,234274,PHONE,Unspecified,MANHATTAN,,,,,,,,40.80968932402265,-73.94215470534866,"(40.80968932402265, -73.94215470534866)"
57198547,03/31/2023 03:03:37 PM,04/03/2023 01:48:33 PM,DSNY,Department of Sanitation,Dirty Condition,Dog Waste,Sidewalk,11219,1353 BAY RIDGE AVENUE,BAY RIDGE AVENUE,13 AVENUE,14 AVENUE,13 AVENUE,14 AVENUE,ADDRESS,BROOKLYN,BAY RIDGE AVENUE,,Closed,,The Department of Sanitation investigated this complaint and found no violation at the location.,04/03/2023 01:48:36 PM,10 BROOKLYN,3057750053,BROOKLYN,983519,166234,ONLINE,Unspecified,BROOKLYN,,,,,,,,40.62295038577756,-74.00263327309277,"(40.62295038577756, -74.00263327309277)"
57199859,03/31/2023 01:47:01 PM,04/05/2023 09:21:06 PM,DSNY,Department of Sanitation,Dirty Condition,Dog Waste,Sidewalk,11229,2146 EAST   13 STREET,EAST   13 STREET,AVENUE U,AVENUE V,AVENUE U,AVENUE V,ADDRESS,BROOKLYN,EAST   13 STREET,,Closed,,The Department of Sanitation investigated this complaint and found no violation at the location.,04/05/2023 09:21:10 PM,15 BROOKLYN,3073450025,BROOKLYN,995893,157006,ONLINE,Unspecified,BROOKLYN,,,,,,,,40.59761380413229,-73.9580744651632,"(40.59761380413229, -73.9580744651632)"
57199946,03/31/2023 01:04:18 PM,04/01/2023 02:59:41 PM,DSNY,Department of Sanitation,Dirty Condition,Dog Waste,Sidewalk,11356,15-40 131 STREET,131 STREET,15 AVENUE,18 AVENUE,15 AVENUE,18 AVENUE,ADDRESS,COLLEGE POINT,131 STREET,,Closed,,The Department of Sanitation investigated this complaint and found no violation at the location.,04/01/2023 02:59:48 PM,07 QUEENS,4041160045,QUEENS,1029202,224966,PHONE,Unspecified,QUEENS,,,,,,,,40.78404158933478,-73.83767805153653,"(40.78404158933478, -73.83767805153653)"
57193010,03/31/2023 09:14:41 AM,04/07/2023 02:06:38 PM,DSNY,Department of Sanitation,Dirty Condition,Dog Waste,Sidewalk,11385,905 WYCKOFF AVENUE,WYCKOFF AVENUE,HANCOCK STREET,HANCOCK STREET,HANCOCK STREET,HANCOCK STREET,ADDRESS,RIDGEWOOD,WYCKOFF AVENUE,,Closed,,The Department of Sanitation investigated this complaint and found no violation at the location.,04/07/2023 02:06:42 PM,05 QUEENS,4035490009,QUEENS,1010121,193259,PHONE,Unspecified,QUEENS,,,,,,,,40.69709026733096,-73.90670153441027,"(40.69709026733096, -73.90670153441027)"
57199447,03/31/2023 08:38:33 AM,04/01/2023 02:59:09 PM,DSNY,Department of Sanitation,Dirty Condition,Dog Waste,Street,11385,1723 HARMAN STREET,HARMAN STREET,CYPRESS AVENUE,SENECA AVENUE,CYPRESS AVENUE,SENECA AVENUE,ADDRESS,RIDGEWOOD,HARMAN STREET,,Closed,,The Department of Sanitation investigated this complaint and found no violation at the location.,04/01/2023 02:59:13 PM,05 QUEENS,4034320058,QUEENS,1008182,196175,PHONE,Unspecified,QUEENS,,,,,,,,40.70509945699176,-73.91368377410855,"(40.70509945699176, -73.91368377410855)"
57181762,03/30/2023 08:37:48 PM,04/04/2023 01:38:22 PM,DSNY,Department of Sanitation,Dirty Condition,Dog Waste,Sidewalk,11694,196 BEACH  140 STREET,BEACH  140 STREET,OCEAN PROMENADE,ROCKAWAY BEACH BOULEVARD,OCEAN PROMENADE,ROCKAWAY BEACH BOULEVARD,ADDRESS,FAR ROCKAWAY,BEACH  140 STREET,,Closed,,The Department of Sanitation investigated this complaint and found no violation at the location.,04/04/2023 01:38:25 PM,14 QUEENS,4162840001,QUEENS,1024111,147697,PHONE,Unspecified,QUEENS,,,,,,,,40.57198049076875,-73.8565186718466,"(40.57198049076875, -73.8565186718466)"
57185025,03/30/2023 08:13:04 PM,04/03/2023 01:48:32 PM,DSNY,Department of Sanitation,Dirty Condition,Dog Waste,Sidewalk,11219,1353 BAY RIDGE AVENUE,BAY RIDGE AVENUE,13 AVENUE,14 AVENUE,13 AVENUE,14 AVENUE,ADDRESS,BROOKLYN,BAY RIDGE AVENUE,,Closed,,The Department of Sanitation investigated this complaint and found no violation at the location.,04/03/2023 01:48:36 PM,10 BROOKLYN,3057750053,BROOKLYN,983519,166234,ONLINE,Unspecified,BROOKLYN,,,,,,,,40.62295038577756,-74.00263327309277,"(40.62295038577756, -74.00263327309277)"
57182701,03/30/2023 05:15:12 PM,03/31/2023 12:31:30 PM,DSNY,Department of Sanitation,Dirty Condition,Dog Waste,Sidewalk,10306,41 COLFAX AVENUE,COLFAX AVENUE,RICHMOND ROAD,LISBON PLACE,RICHMOND ROAD,LISBON PLACE,ADDRESS,STATEN ISLAND,COLFAX AVENUE,,Closed,,The Department of Sanitation investigated this complaint and found no violation at the location.,03/31/2023 12:31:35 PM,02 STATEN ISLAND,5035770043,STATEN ISLAND,953656,151037,PHONE,Unspecified,STATEN ISLAND,,,,,,,,40.58118494745464,-74.11013953284736,"(40.58118494745464, -74.11013953284736)"
57185320,03/30/2023 03:55:38 PM,03/30/2023 04:47:15 PM,DSNY,Department of Sanitation,Dirty Condition,Dog Waste,Sidewalk,11219,1353 BAYRIDGE AVENUE,BAYRIDGE AVENUE,13 AVENUE,14 AVENUE,13 AVENUE,14 AVENUE,ADDRESS,BROOKLYN,BAY RIDGE AVENUE,,Closed,,The Department of Sanitation investigated this complaint and found no violation at the location.,03/30/2023 04:47:18 PM,10 BROOKLYN,3057750053,BROOKLYN,983519,166234,PHONE,Unspecified,BROOKLYN,,,,,,,,40.62295038577756,-74.00263327309277,"(40.62295038577756, -74.00263327309277)"
57190489,03/30/2023 02:56:00 PM,03/31/2023 04:35:32 PM,DSNY,Department of Sanitation,Dirty Condition,Dog Waste,Sidewalk,11211,180 BORINQUEN PLACE,BORINQUEN PLACE,KEAP STREET,SOUTH    1 STREET,KEAP STREET,SOUTH    1 STREET,ADDRESS,BROOKLYN,GRAND STREET EXTENSION,,Closed,,The Department of Sanitation investigated this complaint and found no violation at the location.,03/31/2023 04:35:36 PM,01 BROOKLYN,3024120007,BROOKLYN,997167,198216,PHONE,Unspecified,BROOKLYN,,,,,,,,40.710724454034626,-73.9534079621722,"(40.710724454034626, -73.9534079621722)"
57187247,03/30/2023 12:28:55 PM,04/01/2023 03:00:18 PM,DSNY,Department of Sanitation,Dirty Condition,Dog Waste,Sidewalk,11373,88-11 ELMHURST AVENUE,ELMHURST AVENUE,GLEANE STREET,FORLEY STREET,GLEANE STREET,FORLEY STREET,ADDRESS,ELMHURST,ELMHURST AVENUE,,Closed,,The Department of Sanitation investigated this complaint and found no violation at the location.,04/01/2023 03:00:23 PM,04 QUEENS,4015130028,QUEENS,1018124,211042,ONLINE,Unspecified,QUEENS,,,,,,,,40.745873245399586,-73.87775088652562,"(40.745873245399586, -73.87775088652562)"
57184105,03/30/2023 12:21:11 PM,04/04/2023 08:38:55 PM,DSNY,Department of Sanitation,Dirty Condition,Dog Waste,Sidewalk,11416,94-13 87 STREET,87 STREET,ATLANTIC AVENUE,95 AVENUE,ATLANTIC AVENUE,95 AVENUE,ADDRESS,OZONE PARK,87 STREET,,Closed,,The Department of Sanitation investigated this complaint and found no violation at the location.,04/04/2023 08:39:01 PM,09 QUEENS,4090230032,QUEENS,1024561,189269,PHONE,Unspecified,QUEENS,,,,,,,,40.68608465806974,-73.85465058455215,"(40.68608465806974, -73.85465058455215)"
57190266,03/30/2023 07:18:35 AM,04/01/2023 06:55:44 AM,DSNY,Department of Sanitation,Dirty Condition,Dog Waste,Sidewalk,11370,25-35 83 STREET,83 STREET,25 AVENUE,30 AVENUE,25 AVENUE,30 AVENUE,ADDRESS,EAST ELMHURST,83 STREET,,Closed,,The Department of Sanitation investigated this complaint and issued a Notice of Violation.,04/01/2023 06:55:50 AM,03 QUEENS,4013570048,QUEENS,1015902,217230,PHONE,Unspecified,QUEENS,,,,,,,,40.76286595108859,-73.88574080461376,"(40.76286595108859, -73.88574080461376)"
57178254,03/29/2023 09:22:16 PM,04/01/2023 06:58:08 AM,DSNY,Department of Sanitation,Dirty Condition,Dog Waste,Sidewalk,11368,57 AVENUE,57 AVENUE,57 AVENUE,JUNCTION BOULEVARD,57 AVENUE,JUNCTION BOULEVARD,INTERSECTION,,,,Closed,,The Department of Sanitation investigated this complaint and found no violation at the location.,04/01/2023 06:58:12 AM,04 QUEENS,,QUEENS,1021432,207684,PHONE,Unspecified,QUEENS,,,,,,,,40.73664309197042,-73.86583110441738,"(40.73664309197042, -73.86583110441738)"
57179161,03/29/2023 04:45:33 PM,04/03/2023 05:43:05 AM,DSNY,Department of Sanitation,Dirty Condition,Dog Waste,Sidewalk,10463,3031 KINGSBRIDGE AVENUE,KINGSBRIDGE AVENUE,MARBLE HILL AVENUE,WEST  231 STREET,MARBLE HILL AVENUE,WEST  231 STREET,ADDRESS,BRONX,KINGSBRIDGE AVENUE,,Closed,,The Department of Sanitation investigated this complaint and found no violation at the location.,04/03/2023 05:43:11 AM,08 BRONX,,BRONX,1009828,259478,ONLINE,Unspecified,BRONX,,,,,,,,40.878844358568365,-73.90750602358851,"(40.878844358568365, -73.90750602358851)"
57174776,03/29/2023 04:21:58 PM,03/30/2023 01:22:04 PM,DSNY,Department of Sanitation,Dirty Condition,Dog Waste,Sidewalk,10033,360 FORT WASHINGTON AVENUE,FORT WASHINGTON AVENUE,WEST  176 STREET,WEST  177 STREET,WEST  176 STREET,WEST  177 STREET,ADDRESS,NEW YORK,FORT WASHINGTON AVENUE,,Closed,,The Department of Sanitation investigated this complaint and found no violation at the location.,03/30/2023 01:22:09 PM,12 MANHATTAN,,MANHATTAN,1000925,247978,ONLINE,Unspecified,MANHATTAN,,,,,,,,40.84730165312347,-73.93972923891978,"(40.84730165312347, -73.93972923891978)"
57177153,03/29/2023 04:19:17 PM,03/30/2023 01:21:15 PM,DSNY,Department of Sanitation,Dirty Condition,Dog Waste,Sidewalk,10032,295 FORT WASHINGTON AVENUE,FORT WASHINGTON AVENUE,WEST  172 STREET,WEST  173 STREET,WEST  172 STREET,WEST  173 STREET,ADDRESS,NEW YORK,FORT WASHINGTON AVENUE,,Closed,,The Department of Sanitation investigated this complaint and found no violation at the location.,03/30/2023 01:21:19 PM,12 MANHATTAN,1021390310,MANHATTAN,1000681,247199,ONLINE,Unspecified,MANHATTAN,,,,,,,,40.84516398512291,-73.94061307050866,"(40.84516398512291, -73.94061307050866)"
57179305,03/29/2023 03:04:35 PM,03/29/2023 03:51:14 PM,DSNY,Department of Sanitation,Dirty Condition,Dog Waste,Sidewalk,11434,134-33 154 STREET,154 STREET,134 AVENUE,137 AVENUE,134 AVENUE,137 AVENUE,ADDRESS,JAMAICA,154 STREET,,Closed,,The Department of Sanitation investigated this complaint and found no violation at the location.,03/29/2023 03:51:20 PM,12 QUEENS,4122930050,QUEENS,1044717,183546,UNKNOWN,Unspecified,QUEENS,,,,,,,,40.67026161813744,-73.78202567251603,"(40.67026161813744, -73.78202567251603)"
57176489,03/29/2023 02:56:46 PM,03/31/2023 12:50:46 PM,DSNY,Department of Sanitation,Dirty Condition,Dog Waste,Sidewalk,10029,344 EAST  110 STREET,EAST  110 STREET,2 AVENUE,1 AVENUE,2 AVENUE,1 AVENUE,ADDRESS,NEW YORK,EAST  110 STREET,,Closed,,The Department of Sanitation investigated this complaint and found no violation at the location.,03/31/2023 12:50:52 PM,11 MANHATTAN,1016810031,MANHATTAN,1001011,228090,ONLINE,Unspecified,MANHATTAN,,,,,,,,40.79271455253528,-73.93946807095564,"(40.79271455253528, -73.93946807095564)"
57176161,03/29/2023 01:48:39 PM,04/04/2023 01:51:00 PM,DSNY,Department of Sanitation,Dirty Condition,Dog Waste,Sidewalk,11230,1362 EAST   13 STREET,EAST   13 STREET,ELM AVENUE,AVENUE N,ELM AVENUE,AVENUE N,ADDRESS,BROOKLYN,EAST   13 STREET,,Closed,,The Department of Sanitation cleaned the location.,04/04/2023 01:51:04 PM,14 BROOKLYN,3067410043,BROOKLYN,994907,163817,PHONE,Unspecified,BROOKLYN,,,,,,,,40.61630984476461,-73.96161422635234,"(40.61630984476461, -73.96161422635234)"
57175496,03/29/2023 12:51:50 PM,04/03/2023 05:42:27 AM,DSNY,Department of Sanitation,Dirty Condition,Dog Waste,Sidewalk,10469,3321 FENTON AVENUE,FENTON AVENUE,GIVAN AVENUE,BOSTON ROAD,GIVAN AVENUE,BOSTON ROAD,ADDRESS,BRONX,FENTON AVENUE,,Closed,,The Department of Sanitation investigated this complaint and found no violation at the location.,04/03/2023 05:42:33 AM,12 BRONX,2047370030,BRONX,1026480,258036,PHONE,Unspecified,BRONX,,,,,,,,40.87482255151282,-73.84729902201062,"(40.87482255151282, -73.84729902201062)"
57178604,03/29/2023 11:34:52 AM,04/03/2023 01:00:46 PM,DSNY,Department of Sanitation,Dirty Condition,Dog Waste,Sidewalk,10007,162 WEST STREET,WEST STREET,BARCLAY STREET,MURRAY STREET,BARCLAY STREET,MURRAY STREET,ADDRESS,NEW YORK,WEST STREET,,Closed,,The Department of Sanitation investigated this complaint and found no violation at the location.,04/03/2023 01:00:51 PM,01 MANHATTAN,,MANHATTAN,980527,199773,PHONE,Unspecified,MANHATTAN,,,,,,,,40.71500669353627,-74.01342984390975,"(40.71500669353627, -74.01342984390975)"
57175633,03/29/2023 10:37:05 AM,04/01/2023 01:40:24 PM,DSNY,Department of Sanitation,Dirty Condition,Dog Waste,Sidewalk,10461,OVERING STREET,OVERING STREET,OVERING STREET,TRATMAN AVENUE,OVERING STREET,TRATMAN AVENUE,INTERSECTION,,,,Closed,,The Department of Sanitation investigated this complaint and found no violation at the location.,04/01/2023 01:40:31 PM,10 BRONX,,BRONX,1027267,245362,PHONE,Unspecified,BRONX,,,,,,,,40.84003247142872,-73.8445346212573,"(40.84003247142872, -73.8445346212573)"
57176466,03/29/2023 10:02:54 AM,03/30/2023 01:40:51 PM,DSNY,Department of Sanitation,Dirty Condition,Dog Waste,Sidewalk,11205,154B WASHINGTON AVENUE,WASHINGTON AVENUE,PARK AVENUE,MYRTLE AVENUE,PARK AVENUE,MYRTLE AVENUE,ADDRESS,BROOKLYN,WASHINGTON AVENUE,,Closed,,The Department of Sanitation investigated this complaint and found no violation at the location.,03/30/2023 01:40:56 PM,02 BROOKLYN,,BROOKLYN,993385,192179,PHONE,Unspecified,BROOKLYN,,,,,,,,40.694159019220486,-73.96705794626081,"(40.694159019220486, -73.96705794626081)"
57179299,03/29/2023 08:41:46 AM,04/03/2023 05:41:04 AM,DSNY,Department of Sanitation,Dirty Condition,Dog Waste,Sidewalk,10468,2710 MORRIS AVENUE,MORRIS AVENUE,EAST KINGSBRIDGE ROAD,EAST  196 STREET,EAST KINGSBRIDGE ROAD,EAST  196 STREET,ADDRESS,BRONX,MORRIS AVENUE,,Closed,,The Department of Sanitation investigated this complaint and found no violation at the location.,04/03/2023 05:41:08 AM,07 BRONX,2033160020,BRONX,1013124,255501,PHONE,Unspecified,BRONX,,,,,,,,40.8679185556592,-73.89560433136421,"(40.8679185556592, -73.89560433136421)"
57179330,03/29/2023 08:17:47 AM,03/30/2023 12:33:51 PM,DSNY,Department of Sanitation,Dirty Condition,Dog Waste,Sidewalk,10458,2417 VALENTINE AVENUE,VALENTINE AVENUE,EAST  184 STREET,EAST  187 STREET,EAST  184 STREET,EAST  187 STREET,ADDRESS,BRONX,VALENTINE AVENUE,,Closed,,The Department of Sanitation investigated this complaint and found no violation at the location.,03/30/2023 12:33:58 PM,05 BRONX,2031520018,BRONX,1012752,252522,ONLINE,Unspecified,BRONX,,,,,,,,40.85974331662797,-73.89696198760515,"(40.85974331662797, -73.89696198760515)"
57179102,03/29/2023 07:15:08 AM,03/31/2023 01:42:42 PM,DSNY,Department of Sanitation,Dirty Condition,Dog Waste,Sidewalk,10460,1565 LELAND AVENUE,LELAND AVENUE,GUERLAIN STREET,EAST TREMONT AVENUE,GUERLAIN STREET,EAST TREMONT AVENUE,ADDRESS,BRONX,LELAND AVENUE,,Closed,,The Department of Sanitation investigated this complaint and found no violation at the location.,03/31/2023 01:42:48 PM,09 BRONX,2039260017,BRONX,1021597,245344,ONLINE,Unspecified,BRONX,,,,,,,,40.84000886638576,-73.86502632240334,"(40.84000886638576, -73.86502632240334)"
57170939,03/28/2023 08:40:53 PM,03/30/2023 04:47:13 PM,DSNY,Department of Sanitation,Dirty Condition,Dog Waste,Sidewalk,11219,1353 BAYRIDGE AVENUE,BAYRIDGE AVENUE,13 AVENUE,14 AVENUE,13 AVENUE,14 AVENUE,ADDRESS,BROOKLYN,BAY RIDGE AVENUE,,Closed,,The Department of Sanitation investigated this complaint and found no violation at the location.,03/30/2023 04:47:18 PM,10 BROOKLYN,3057750053,BROOKLYN,983519,166234,PHONE,Unspecified,BROOKLYN,,,,,,,,40.62295038577756,-74.00263327309277,"(40.62295038577756, -74.00263327309277)"
57167429,03/28/2023 07:15:05 PM,03/29/2023 01:26:05 PM,DSNY,Department of Sanitation,Dirty Condition,Dog Waste,Sidewalk,10469,3219 CORSA AVENUE,CORSA AVENUE,BURKE AVENUE,GIVAN AVENUE,BURKE AVENUE,GIVAN AVENUE,ADDRESS,BRONX,CORSA AVENUE,,Closed,,The Department of Sanitation investigated this complaint and found no violation at the location.,03/29/2023 01:26:11 PM,12 BRONX,2047420122,BRONX,1026994,257476,ONLINE,Unspecified,BRONX,,,,,,,,40.87328305191278,-73.84544400749172,"(40.87328305191278, -73.84544400749172)"
57170991,03/28/2023 06:52:41 PM,03/31/2023 04:38:41 PM,DSNY,Department of Sanitation,Dirty Condition,Dog Waste,Sidewalk,11238,388 ST MARKS AVENUE,ST MARKS AVENUE,GRAND AVENUE,CLASSON AVENUE,GRAND AVENUE,CLASSON AVENUE,ADDRESS,BROOKLYN,ST MARKS AVENUE,,Closed,,The Department of Sanitation investigated this complaint and found no violation at the location.,03/31/2023 04:38:46 PM,08 BROOKLYN,3011550014,BROOKLYN,994813,185981,ONLINE,Unspecified,BROOKLYN,,,,,,,,40.67714533920554,-73.96191810121151,"(40.67714533920554, -73.96191810121151)"
57166114,03/28/2023 06:33:21 PM,03/30/2023 03:37:21 PM,DSNY,Department of Sanitation,Dirty Condition,Dog Waste,Street,11377,42-08 65 PLACE,65 PLACE,WOODSIDE AVENUE,LIRR MAIN LINE,WOODSIDE AVENUE,LIRR MAIN LINE,ADDRESS,WOODSIDE,65 PLACE,,Closed,,The Department of Sanitation investigated this complaint and found no violation at the location.,03/30/2023 03:37:25 PM,02 QUEENS,4013420081,QUEENS,1012198,210067,PHONE,Unspecified,QUEENS,,,,,,,,40.74321783021253,-73.89914147445867,"(40.74321783021253, -73.89914147445867)"
57162705,03/28/2023 02:15:31 PM,03/29/2023 01:27:33 PM,DSNY,Department of Sanitation,Dirty Condition,Dog Waste,Sidewalk,10462,1944 UNION PORT ROAD,UNION PORT ROAD,SAGAMORE STREET,BRONX PARK EAST,SAGAMORE STREET,BRONX PARK EAST,ADDRESS,BRONX,UNIONPORT ROAD,,Closed,,The Department of Sanitation investigated this complaint and found no violation at the location.,03/29/2023 01:27:36 PM,11 BRONX,2042560003,BRONX,1020522,248895,PHONE,Unspecified,BRONX,,,,,,,,40.84975978935839,-73.86889220514804,"(40.84975978935839, -73.86889220514804)"
57166236,03/28/2023 12:08:29 PM,03/31/2023 04:42:10 PM,DSNY,Department of Sanitation,Dirty Condition,Dog Waste,Sidewalk,11213,1 TROY AVENUE,TROY AVENUE,FULTON STREET,HERKIMER STREET,FULTON STREET,HERKIMER STREET,ADDRESS,BROOKLYN,TROY AVENUE,,Closed,,The Department of Sanitation investigated this complaint and found no violation at the location.,03/31/2023 04:42:14 PM,03 BROOKLYN,3017000017,BROOKLYN,1002286,186836,ONLINE,Unspecified,BROOKLYN,,,,,,,,40.67948004857486,-73.93497404014893,"(40.67948004857486, -73.93497404014893)"
57169535,03/28/2023 11:18:33 AM,03/29/2023 03:51:48 PM,DSNY,Department of Sanitation,Dirty Condition,Dog Waste,Sidewalk,11361,38-27 215 STREET,215 STREET,38 AVENUE,39 AVENUE,38 AVENUE,39 AVENUE,ADDRESS,BAYSIDE,215 STREET,,Closed,,The Department of Sanitation investigated this complaint and found no violation at the location.,03/29/2023 03:51:52 PM,11 QUEENS,,QUEENS,1048162,218674,ONLINE,Unspecified,QUEENS,,,,,,,,40.76665499158772,-73.7692734890239,"(40.76665499158772, -73.7692734890239)"
57166811,03/28/2023 10:45:35 AM,03/31/2023 04:37:20 PM,DSNY,Department of Sanitation,Dirty Condition,Dog Waste,Sidewalk,11226,648 ROGERS AVENUE,ROGERS AVENUE,PARKSIDE AVENUE,CLARKSON AVENUE,PARKSIDE AVENUE,CLARKSON AVENUE,ADDRESS,BROOKLYN,ROGERS AVENUE,,Closed,,The Department of Sanitation investigated this complaint and found no violation at the location.,03/31/2023 04:37:31 PM,09 BROOKLYN,3050560053,BROOKLYN,997285,178171,PHONE,Unspecified,BROOKLYN,,,,,,,,40.6557053338256,-73.95302110891363,"(40.6557053338256, -73.95302110891363)"
57169694,03/28/2023 10:18:07 AM,03/30/2023 04:53:31 PM,DSNY,Department of Sanitation,Dirty Condition,Dog Waste,Sidewalk,11215,260 12 STREET,12 STREET,4 AVENUE,5 AVENUE,4 AVENUE,5 AVENUE,ADDRESS,BROOKLYN,12 STREET,,Closed,,The Department of Sanitation investigated this complaint and found no violation at the location.,03/30/2023 04:53:36 PM,06 BROOKLYN,3010280028,BROOKLYN,987382,182576,ONLINE,Unspecified,BROOKLYN,,,,,,,,40.667805126154555,-73.98871004435235,"(40.667805126154555, -73.98871004435235)"
57161688,03/28/2023 09:24:13 AM,03/30/2023 03:19:56 PM,DSNY,Department of Sanitation,Dirty Condition,Dog Waste,Sidewalk,10031,500 WEST  138 STREET,WEST  138 STREET,AMSTERDAM AVENUE,HAMILTON PLACE,AMSTERDAM AVENUE,HAMILTON PLACE,ADDRESS,NEW YORK,WEST  138 STREET,,Closed,,The Department of Sanitation investigated this complaint and found no violation at the location.,03/30/2023 03:20:03 PM,09 MANHATTAN,1019880166,MANHATTAN,997772,238376,ONLINE,Unspecified,MANHATTAN,,,,,,,,40.82095232815294,-73.9511449169778,"(40.82095232815294, -73.9511449169778)"
57171080,03/28/2023 09:13:36 AM,03/31/2023 01:40:28 PM,DSNY,Department of Sanitation,Dirty Condition,Dog Waste,Sidewalk,10459,1070 KELLY STREET,KELLY STREET,EAST  165 STREET,EAST  167 STREET,EAST  165 STREET,EAST  167 STREET,ADDRESS,BRONX,KELLY STREET,,Closed,,The Department of Sanitation investigated this complaint and found no violation at the location.,03/31/2023 01:40:37 PM,02 BRONX,2027160121,BRONX,1013083,239920,PHONE,Unspecified,BRONX,,,,,,,,40.825153460276255,-73.8958195678774,"(40.825153460276255, -73.8958195678774)"
57163496,03/28/2023 09:03:18 AM,04/03/2023 09:30:19 PM,DSNY,Department of Sanitation,Dirty Condition,Dog Waste,Sidewalk,11207,44 MOFFAT STREET,MOFFAT STREET,BROADWAY,BUSHWICK AVENUE,BROADWAY,BUSHWICK AVENUE,ADDRESS,BROOKLYN,MOFFAT STREET,,Closed,,The Department of Sanitation investigated this complaint and found no violation at the location.,04/03/2023 09:30:26 PM,04 BROOKLYN,3034440022,BROOKLYN,1009276,188527,PHONE,Unspecified,BROOKLYN,,,,,,,,40.684104454431825,-73.9097664303161,"(40.684104454431825, -73.9097664303161)"
57166205,03/28/2023 04:12:07 AM,03/29/2023 04:23:44 PM,DSNY,Department of Sanitation,Dirty Condition,Dog Waste,Sidewalk,11412,FRANCIS LEWIS BOULEVARD,FRANCIS LEWIS BOULEVARD,FRANCIS LEWIS BOULEVARD,LINDEN BOULEVARD,FRANCIS LEWIS BOULEVARD,LINDEN BOULEVARD,INTERSECTION,,,,Closed,,The Department of Sanitation investigated this complaint and found no violation at the location.,03/29/2023 04:23:48 PM,12 QUEENS,,QUEENS,1054633,192994,PHONE,Unspecified,QUEENS,,,,,,,,40.696120836693545,-73.74618150170096,"(40.696120836693545, -73.74618150170096)"
57163141,03/28/2023 02:34:13 AM,03/30/2023 03:17:36 PM,DSNY,Department of Sanitation,Dirty Condition,Dog Waste,Sidewalk,10031,561 WEST  143 STREET,WEST  143 STREET,HAMILTON PLACE,BROADWAY,HAMILTON PLACE,BROADWAY,ADDRESS,NEW YORK,WEST  143 STREET,,Closed,,The Department of Sanitation investigated this complaint and issued a Notice of Violation.,03/30/2023 03:17:40 PM,09 MANHATTAN,1020750001,MANHATTAN,997913,239786,ONLINE,Unspecified,MANHATTAN,,,,,,,,40.82482216120032,-73.95063261204383,"(40.82482216120032, -73.95063261204383)"
57153892,03/27/2023 09:59:53 PM,03/28/2023 04:34:29 PM,DSNY,Department of Sanitation,Dirty Condition,Dog Waste,Sidewalk,10452,1475 WALTON AVENUE,WALTON AVENUE,EAST  171 STREET,EAST  172 STREET,EAST  171 STREET,EAST  172 STREET,ADDRESS,BRONX,WALTON AVENUE,,Closed,,The Department of Sanitation investigated this complaint and found no violation at the location.,03/28/2023 04:34:35 PM,04 BRONX,2028440058,BRONX,1007815,245735,ONLINE,Unspecified,BRONX,,,,,,,,40.84112957874333,-73.91483365363321,"(40.84112957874333, -73.91483365363321)"
57152972,03/27/2023 04:05:25 PM,03/28/2023 05:45:23 PM,DSNY,Department of Sanitation,Dirty Condition,Dog Waste,Sidewalk,11235,3081 EMMONS AVENUE,EMMONS AVENUE,BROWN STREET,BATCHELDER STREET,BROWN STREET,BATCHELDER STREET,ADDRESS,BROOKLYN,EMMONS AVENUE,,Closed,,The Department of Sanitation investigated this complaint and found no violation at the location.,03/28/2023 05:45:28 PM,15 BROOKLYN,3088000066,BROOKLYN,1001991,152050,ONLINE,Unspecified,BROOKLYN,,,,,,,,40.58400047104901,-73.9361290616721,"(40.58400047104901, -73.9361290616721)"
57156399,03/27/2023 03:32:56 PM,03/30/2023 03:36:45 PM,DSNY,Department of Sanitation,Dirty Condition,Dog Waste,Sidewalk,11369,24-02 93 STREET,93 STREET,24 AVENUE,25 AVENUE,24 AVENUE,25 AVENUE,ADDRESS,EAST ELMHURST,93 STREET,,Closed,,The Department of Sanitation investigated this complaint and found no violation at the location.,03/30/2023 03:36:50 PM,03 QUEENS,4011030006,QUEENS,1018380,218247,PHONE,Unspecified,QUEENS,,,,,,,,40.76564813201527,-73.87679042646539,"(40.76564813201527, -73.87679042646539)"
57158656,03/27/2023 02:14:51 PM,03/30/2023 01:20:47 PM,DSNY,Department of Sanitation,Dirty Condition,Dog Waste,Street,10473,SEWARD AVENUE,SEWARD AVENUE,SEWARD AVENUE,ST LAWRENCE AVENUE,SEWARD AVENUE,ST LAWRENCE AVENUE,INTERSECTION,,,,Closed,,The Department of Sanitation collected the requested items.,03/30/2023 01:20:53 PM,09 BRONX,,BRONX,1021806,237690,PHONE,Unspecified,BRONX,,,,,,,,40.81899996643759,-73.8643138361607,"(40.81899996643759, -73.8643138361607)"
57161366,03/27/2023 01:59:27 PM,03/28/2023 05:35:11 PM,DSNY,Department of Sanitation,Dirty Condition,Dog Waste,Sidewalk,11225,315 FENIMORE STREET,FENIMORE STREET,ROGERS AVENUE,NOSTRAND AVENUE,ROGERS AVENUE,NOSTRAND AVENUE,ADDRESS,BROOKLYN,FENIMORE STREET,,Closed,,The Department of Sanitation investigated this complaint and found no violation at the location.,03/28/2023 05:35:14 PM,09 BROOKLYN,3050390065,BROOKLYN,997574,179227,PHONE,Unspecified,BROOKLYN,,,,,,,,40.6586033916211,-73.95197745000581,"(40.6586033916211, -73.95197745000581)"
57155428,03/27/2023 11:33:39 AM,03/30/2023 01:39:08 PM,DSNY,Department of Sanitation,Dirty Condition,Dog Waste,Sidewalk,11203,651 LINDEN BOULEVARD,LINDEN BOULEVARD,EAST   46 STREET,SCHENECTADY AVENUE,EAST   46 STREET,SCHENECTADY AVENUE,ADDRESS,BROOKLYN,LINDEN BOULEVARD,,Closed,,The Department of Sanitation investigated this complaint and found no violation at the location.,03/30/2023 01:39:15 PM,17 BROOKLYN,3048670036,BROOKLYN,1002469,177400,PHONE,Unspecified,BROOKLYN,,,,,,,,40.65357995943227,-73.93433976306098,"(40.65357995943227, -73.93433976306098)"
57161497,03/27/2023 10:45:58 AM,03/30/2023 03:19:25 PM,DSNY,Department of Sanitation,Dirty Condition,Dog Waste,Sidewalk,10031,AMSTERDAM AVENUE,AMSTERDAM AVENUE,AMSTERDAM AVENUE,WEST  138 STREET,AMSTERDAM AVENUE,WEST  138 STREET,INTERSECTION,,,,Closed,,The Department of Sanitation investigated this complaint and found no violation at the location.,03/30/2023 03:19:33 PM,09 MANHATTAN,,MANHATTAN,997860,238331,ONLINE,Unspecified,MANHATTAN,,,,,,,,40.82082868072917,-73.95082706368065,"(40.82082868072917, -73.95082706368065)"
57154365,03/27/2023 10:37:38 AM,03/30/2023 03:16:47 PM,DSNY,Department of Sanitation,Dirty Condition,Dog Waste,Sidewalk,10031,500 WEST  141 STREET,WEST  141 STREET,AMSTERDAM AVENUE,HAMILTON PLACE,AMSTERDAM AVENUE,HAMILTON PLACE,ADDRESS,NEW YORK,WEST  141 STREET,,Closed,,The Department of Sanitation investigated this complaint and found no violation at the location.,03/30/2023 03:16:53 PM,09 MANHATTAN,1020720036,MANHATTAN,998193,239030,ONLINE,Unspecified,MANHATTAN,,,,,,,,40.82274671842748,-73.94962248237043,"(40.82274671842748, -73.94962248237043)"
57152214,03/27/2023 09:54:03 AM,03/27/2023 03:34:46 PM,DSNY,Department of Sanitation,Dirty Condition,Dog Waste,Sidewalk,11354,33-38 UNION STREET,UNION STREET,33 AVENUE,34 AVENUE,33 AVENUE,34 AVENUE,ADDRESS,FLUSHING,UNION STREET,,Closed,,The Department of Sanitation investigated this complaint and found no violation at the location.,03/27/2023 03:34:52 PM,07 QUEENS,4049550035,QUEENS,1032098,218789,PHONE,Unspecified,QUEENS,,,,,,,,40.76707217590777,-73.82726458817804,"(40.76707217590777, -73.82726458817804)"
57155124,03/27/2023 08:39:49 AM,03/28/2023 05:46:15 PM,DSNY,Department of Sanitation,Dirty Condition,Dog Waste,Sidewalk,11235,BRIGHTON   12 STREET,BRIGHTON   12 STREET,BRIGHTON   12 STREET,CORBIN PLACE,BRIGHTON   12 STREET,CORBIN PLACE,INTERSECTION,,,,Closed,,The Department of Sanitation investigated this complaint and found no violation at the location.,03/28/2023 05:46:22 PM,13 BROOKLYN,,BROOKLYN,996735,151176,PHONE,Unspecified,BROOKLYN,,,,,,,,40.58161047543052,-73.9550532611979,"(40.58161047543052, -73.9550532611979)"
57149476,03/26/2023 07:11:45 PM,04/05/2023 01:40:40 PM,DSNY,Department of Sanitation,Dirty Condition,Dog Waste,Sidewalk,10014,702 WASHINGTON STREET,WASHINGTON STREET,PERRY STREET,WEST   11 STREET,PERRY STREET,WEST   11 STREET,ADDRESS,NEW YORK,WASHINGTON STREET,,Closed,,The Department of Sanitation investigated this complaint and found no condition at the location.,04/05/2023 01:40:45 PM,02 MANHATTAN,,MANHATTAN,981910,206998,ONLINE,Unspecified,MANHATTAN,,,,,,,,40.73483803867531,-74.00844350999029,"(40.73483803867531, -74.00844350999029)"
57150713,03/26/2023 02:58:56 PM,04/01/2023 03:18:04 PM,DSNY,Department of Sanitation,Dirty Condition,Dog Waste,Street,10026,311 WEST  111 STREET,WEST  111 STREET,FREDERICK DOUGLASS BOULEVARD,MANHATTAN AVENUE,FREDERICK DOUGLASS BOULEVARD,MANHATTAN AVENUE,ADDRESS,NEW YORK,WEST  111 STREET,,Closed,,The Department of Sanitation investigated this complaint and found no violation at the location.,04/01/2023 03:18:10 PM,10 MANHATTAN,1018460036,MANHATTAN,995874,231242,ONLINE,Unspecified,MANHATTAN,,,,,,,,40.801374185066315,-73.95801475747669,"(40.801374185066315, -73.95801475747669)"
57148481,03/26/2023 01:09:43 PM,03/27/2023 03:35:39 PM,DSNY,Department of Sanitation,Dirty Condition,Dog Waste,Sidewalk,11354,144-19 27 AVENUE,27 AVENUE,PARSONS BOULEVARD,146 STREET,PARSONS BOULEVARD,146 STREET,ADDRESS,FLUSHING,27 AVENUE,,Closed,,The Department of Sanitation investigated this complaint and found no violation at the location.,03/27/2023 03:35:42 PM,07 QUEENS,4047810074,QUEENS,1032936,221235,PHONE,Unspecified,QUEENS,,,,,,,,40.77378121978128,-73.82422162448422,"(40.77378121978128, -73.82422162448422)"
57146626,03/26/2023 12:56:40 PM,03/27/2023 01:53:35 PM,DSNY,Department of Sanitation,Dirty Condition,Dog Waste,Sidewalk,11208,1048 CRESCENT STREET,CRESCENT STREET,OLD MILL ROAD,FLATLANDS AVENUE,OLD MILL ROAD,FLATLANDS AVENUE,ADDRESS,BROOKLYN,CRESCENT STREET,,Closed,,The Department of Sanitation investigated this complaint and found no violation at the location.,03/27/2023 01:53:39 PM,05 BROOKLYN,3045650026,BROOKLYN,1021339,180334,PHONE,Unspecified,BROOKLYN,,,,,,,,40.66157420766765,-73.86631730098084,"(40.66157420766765, -73.86631730098084)"
57151137,03/26/2023 10:46:27 AM,03/27/2023 01:57:17 PM,DSNY,Department of Sanitation,Dirty Condition,Dog Waste,Street,10473,SEWARD AVENUE,SEWARD AVENUE,SEWARD AVENUE,ST LAWRENCE AVENUE,SEWARD AVENUE,ST LAWRENCE AVENUE,INTERSECTION,,,,Closed,,The Department of Sanitation investigated this complaint and found no violation at the location.,03/27/2023 01:57:22 PM,09 BRONX,,BRONX,1021806,237690,PHONE,Unspecified,BRONX,,,,,,,,40.81899996643759,-73.8643138361607,"(40.81899996643759, -73.8643138361607)"
57149025,03/26/2023 08:57:58 AM,04/01/2023 03:20:33 PM,DSNY,Department of Sanitation,Dirty Condition,Dog Waste,Sidewalk,10024,29 WEST   91 STREET,WEST   91 STREET,CENTRAL PARK WEST,COLUMBUS AVENUE,CENTRAL PARK WEST,COLUMBUS AVENUE,ADDRESS,NEW YORK,WEST   91 STREET,,Closed,,The Department of Sanitation investigated this complaint and found no violation at the location.,04/01/2023 03:20:40 PM,07 MANHATTAN,1012050006,MANHATTAN,993100,226703,ONLINE,Unspecified,MANHATTAN,,,,,,,,40.78891907464028,-73.96804027196137,"(40.78891907464028, -73.96804027196137)"
57148203,03/26/2023 02:22:09 AM,03/27/2023 02:04:49 PM,DSNY,Department of Sanitation,Dirty Condition,Dog Waste,Sidewalk,10463,3485 FORT INDEPENDENCE STREET,FORT INDEPENDENCE STREET,BAILEY PLACE,ORLOFF AVENUE,BAILEY PLACE,ORLOFF AVENUE,ADDRESS,BRONX,FORT INDEPENDENCE STREET,,Closed,,The Department of Sanitation investigated this complaint and found no violation at the location.,03/27/2023 02:04:54 PM,08 BRONX,,BRONX,1012324,260641,ONLINE,Unspecified,BRONX,,,,,,,,40.88202884332647,-73.89847523770989,"(40.88202884332647, -73.89847523770989)"
57140659,03/25/2023 11:34:10 PM,03/28/2023 01:28:27 PM,DSNY,Department of Sanitation,Dirty Condition,Dog Waste,Sidewalk,11218,417 DAHILL ROAD,DAHILL ROAD,38 STREET,16 AVENUE,38 STREET,16 AVENUE,ADDRESS,BROOKLYN,DAHILL ROAD,,Closed,,The Department of Sanitation investigated this complaint and found no violation at the location.,03/28/2023 01:28:31 PM,12 BROOKLYN,3053840080,BROOKLYN,989953,171483,PHONE,Unspecified,BROOKLYN,,,,,,,,40.637355976809054,-73.9794517120231,"(40.637355976809054, -73.9794517120231)"
57139939,03/25/2023 11:09:33 PM,03/27/2023 03:38:28 PM,DSNY,Department of Sanitation,Dirty Condition,Dog Waste,Street,11434,115-11 155 STREET,155 STREET,115 AVENUE,115 ROAD,115 AVENUE,115 ROAD,ADDRESS,JAMAICA,155 STREET,,Closed,,The Department of Sanitation investigated this complaint and found no violation at the location.,03/27/2023 03:38:32 PM,12 QUEENS,4121900004,QUEENS,1042261,189022,ONLINE,Unspecified,QUEENS,,,,,,,,40.68530839121038,-73.79083200799329,"(40.68530839121038, -73.79083200799329)"
57144975,03/25/2023 05:00:28 PM,03/30/2023 04:16:47 PM,DSNY,Department of Sanitation,Dirty Condition,Dog Waste,Sidewalk,10002,161 RIVINGTON STREET,RIVINGTON STREET,SUFFOLK STREET,CLINTON STREET,SUFFOLK STREET,CLINTON STREET,ADDRESS,NEW YORK,RIVINGTON STREET,,Closed,,The Department of Sanitation investigated this complaint and found no violation at the location.,03/30/2023 04:16:52 PM,03 MANHATTAN,1003480020,MANHATTAN,988331,201278,ONLINE,Unspecified,MANHATTAN,,,,,,,,40.71913739967837,-73.98527784317642,"(40.71913739967837, -73.98527784317642)"
57141960,03/25/2023 04:46:06 PM,03/27/2023 03:54:26 PM,DSNY,Department of Sanitation,Dirty Condition,Dog Waste,Sidewalk,11369,100-02 32 AVENUE,32 AVENUE,100 STREET,101 STREET,100 STREET,101 STREET,ADDRESS,EAST ELMHURST,32 AVENUE,,Closed,,The Department of Sanitation investigated this complaint and found no violation at the location.,03/27/2023 03:54:33 PM,03 QUEENS,4016950101,QUEENS,1020639,215899,PHONE,Unspecified,QUEENS,,,,,,,,40.75919447362238,-73.86864814038915,"(40.75919447362238, -73.86864814038915)"
57144974,03/25/2023 04:12:19 PM,03/29/2023 05:44:05 AM,DSNY,Department of Sanitation,Dirty Condition,Dog Waste,Sidewalk,11206,543 WILLOUGHBY AVENUE,WILLOUGHBY AVENUE,MARCY AVENUE,TOMPKINS AVENUE,MARCY AVENUE,TOMPKINS AVENUE,ADDRESS,BROOKLYN,WILLOUGHBY AVENUE,,Closed,,The Department of Sanitation investigated this complaint and found no violation at the location.,03/29/2023 05:44:12 AM,03 BROOKLYN,3017590013,BROOKLYN,998776,192147,ONLINE,Unspecified,BROOKLYN,,,,,,,,40.69406398005726,-73.9476173390519,"(40.69406398005726, -73.9476173390519)"
57144722,03/25/2023 12:27:36 PM,03/27/2023 01:57:47 PM,DSNY,Department of Sanitation,Dirty Condition,Dog Waste,Sidewalk,10462,2132 CRUGER AVENUE,CRUGER AVENUE,MARAN PLACE,LYDIG AVENUE,MARAN PLACE,LYDIG AVENUE,ADDRESS,BRONX,CRUGER AVENUE,,Closed,,The Department of Sanitation investigated this complaint and found no violation at the location.,03/27/2023 01:57:52 PM,11 BRONX,2042880035,BRONX,1021128,250505,PHONE,Unspecified,BRONX,,,,,,,,40.85417624610666,-73.86669292105522,"(40.85417624610666, -73.86669292105522)"
57139004,03/25/2023 12:06:53 PM,03/25/2023 02:59:53 PM,DSNY,Department of Sanitation,Dirty Condition,Dog Waste,Sidewalk,11413,131-23 226 STREET,226 STREET,131 AVENUE,133 AVENUE,131 AVENUE,133 AVENUE,ADDRESS,SPRINGFIELD GARDENS,226 STREET,,Closed,,The Department of Sanitation investigated this complaint and found no violation at the location.,03/25/2023 02:59:58 PM,13 QUEENS,4129360069,QUEENS,1055757,187262,ONLINE,Unspecified,QUEENS,,,,,,,,40.68037887021588,-73.74218894058386,"(40.68037887021588, -73.74218894058386)"
57136293,03/24/2023 11:28:39 PM,03/25/2023 03:48:18 PM,DSNY,Department of Sanitation,Dirty Condition,Dog Waste,Street,11414,155-25 89 STREET,89 STREET,155 AVENUE,SHORE PARKWAY,155 AVENUE,SHORE PARKWAY,ADDRESS,HOWARD BEACH,89 STREET,,Closed,,The Department of Sanitation investigated this complaint and found no violation at the location.,03/25/2023 03:48:25 PM,10 QUEENS,4114510009,QUEENS,1027130,181922,ONLINE,Unspecified,QUEENS,,,,,,,,40.66590675799441,-73.84543430077343,"(40.66590675799441, -73.84543430077343)"
57134959,03/24/2023 05:37:01 PM,04/03/2023 11:43:36 AM,DSNY,Department of Sanitation,Dirty Condition,Dog Waste,Street,10075,309 EAST   78 STREET,EAST   78 STREET,2 AVENUE,1 AVENUE,2 AVENUE,1 AVENUE,ADDRESS,NEW YORK,EAST   78 STREET,,Closed,,The Department of Sanitation investigated this complaint and found no violation at the location.,04/03/2023 11:43:41 AM,08 MANHATTAN,1014530007,MANHATTAN,996701,220705,PHONE,Unspecified,MANHATTAN,,,,,,,,40.772451815388074,-73.95504721089776,"(40.772451815388074, -73.95504721089776)"
57134197,03/24/2023 03:35:53 PM,03/25/2023 01:29:54 PM,DSNY,Department of Sanitation,Dirty Condition,Dog Waste,Sidewalk,10472,2010 POWELL AVENUE,POWELL AVENUE,PUGSLEY AVENUE,OLMSTEAD AVENUE,PUGSLEY AVENUE,OLMSTEAD AVENUE,ADDRESS,BRONX,POWELL AVENUE,,Closed,,The Department of Sanitation investigated this complaint and found no violation at the location.,03/25/2023 01:29:57 PM,09 BRONX,2038010001,BRONX,1024038,241876,ONLINE,Unspecified,BRONX,,,,,,,,40.830479560431925,-73.85622502935952,"(40.830479560431925, -73.85622502935952)"
57133980,03/24/2023 02:27:06 PM,03/25/2023 01:29:01 PM,DSNY,Department of Sanitation,Dirty Condition,Dog Waste,Sidewalk,10463,2680 BAILEY AVENUE,BAILEY AVENUE,WEST  193 STREET,WEST KINGSBRIDGE ROAD,WEST  193 STREET,WEST KINGSBRIDGE ROAD,ADDRESS,BRONX,BAILEY AVENUE,,Closed,,The Department of Sanitation investigated this complaint and found no violation at the location.,03/25/2023 01:29:05 PM,07 BRONX,2032390030,BRONX,1010091,256748,ONLINE,Unspecified,BRONX,,,,,,,,40.871350587870594,-73.90656550586095,"(40.871350587870594, -73.90656550586095)"
57137873,03/24/2023 01:17:14 PM,03/27/2023 01:54:41 PM,DSNY,Department of Sanitation,Dirty Condition,Dog Waste,Sidewalk,11207,605 HEGEMAN AVENUE,HEGEMAN AVENUE,VERMONT STREET,WYONA STREET,VERMONT STREET,WYONA STREET,ADDRESS,BROOKLYN,HEGEMAN AVENUE,,Closed,,The Department of Sanitation investigated this complaint and found no violation at the location.,03/27/2023 01:54:48 PM,05 BROOKLYN,3043010050,BROOKLYN,1014927,180079,ONLINE,Unspecified,BROOKLYN,,,,,,,,40.66089882654486,-73.88942969251643,"(40.66089882654486, -73.88942969251643)"
57136748,03/24/2023 10:31:34 AM,03/30/2023 01:39:45 PM,DSNY,Department of Sanitation,Dirty Condition,Dog Waste,Sidewalk,11203,251 EAST   55 STREET,EAST   55 STREET,CHURCH AVENUE,SNYDER AVENUE,CHURCH AVENUE,SNYDER AVENUE,ADDRESS,BROOKLYN,EAST   55 STREET,,Closed,,The Department of Sanitation investigated this complaint and found no violation at the location.,03/30/2023 01:39:51 PM,17 BROOKLYN,3047030064,BROOKLYN,1004917,176718,PHONE,Unspecified,BROOKLYN,,,,,,,,40.65170264384136,-73.9255194045242,"(40.65170264384136, -73.9255194045242)"
57131179,03/24/2023 09:50:30 AM,03/28/2023 05:38:33 PM,DSNY,Department of Sanitation,Dirty Condition,Dog Waste,Sidewalk,11236,939 EAST  103 STREET,EAST  103 STREET,FLATLANDS AVENUE,AVENUE J,FLATLANDS AVENUE,AVENUE J,ADDRESS,BROOKLYN,EAST  103 STREET,,Closed,,The Department of Sanitation investigated this complaint and found no violation at the location.,03/28/2023 05:38:38 PM,18 BROOKLYN,3082110024,BROOKLYN,1013310,174574,PHONE,Unspecified,BROOKLYN,,,,,,,,40.645794267949306,-73.89528162300215,"(40.645794267949306, -73.89528162300215)"
57129031,03/24/2023 08:51:31 AM,04/05/2023 03:01:49 PM,DSNY,Department of Sanitation,Dirty Condition,Dog Waste,Sidewalk,10280,125 WEST THAMES STREET,WEST THAMES STREET,WEST STREET,BATTERY PLACE,WEST STREET,BATTERY PLACE,ADDRESS,NEW YORK,WEST THAMES STREET,,Closed,,The Department of Sanitation investigated this complaint and found no violation at the location.,04/05/2023 03:01:54 PM,01 MANHATTAN,,MANHATTAN,979797,197173,ONLINE,Unspecified,MANHATTAN,,,,,,,,40.707869974513294,-74.01606142691331,"(40.707869974513294, -74.01606142691331)"
57132951,03/24/2023 08:35:21 AM,03/25/2023 01:28:17 PM,DSNY,Department of Sanitation,Dirty Condition,Dog Waste,Sidewalk,10460,1803 WEST FARMS ROAD,WEST FARMS ROAD,EAST  174 STREET,CROSS BRONX EXPWY EB ET    4 A,EAST  174 STREET,CROSS BRONX EXPWY EB ET    4 A,ADDRESS,BRONX,WEST FARMS ROAD,,Closed,,The Department of Sanitation investigated this complaint and found no violation at the location.,03/25/2023 01:28:22 PM,03 BRONX,2030150058,BRONX,1016869,244071,ONLINE,Unspecified,BRONX,,,,,,,,40.83653358397428,-73.8821196884786,"(40.83653358397428, -73.8821196884786)"
57132882,03/24/2023 08:15:45 AM,03/25/2023 01:27:11 PM,DSNY,Department of Sanitation,Dirty Condition,Dog Waste,Sidewalk,10460,1290 RODMAN PLACE,RODMAN PLACE,LONGFELLOW AVENUE,WEST FARMS ROAD,LONGFELLOW AVENUE,WEST FARMS ROAD,ADDRESS,BRONX,RODMAN PLACE,,Closed,,The Department of Sanitation investigated this complaint and found no violation at the location.,03/25/2023 01:27:15 PM,06 BRONX,2030167501,BRONX,1017097,244862,PHONE,Unspecified,BRONX,,,,,,,,40.83870380248861,-73.8812918569185,"(40.83870380248861, -73.8812918569185)"
57130958,03/24/2023 08:11:11 AM,03/25/2023 01:32:07 PM,DSNY,Department of Sanitation,Dirty Condition,Dog Waste,Sidewalk,10461,BALCOM AVENUE,BALCOM AVENUE,BALCOM AVENUE,WATERBURY AVENUE,BALCOM AVENUE,WATERBURY AVENUE,INTERSECTION,,,,Closed,,The Department of Sanitation investigated this complaint and found no violation at the location.,03/25/2023 01:32:12 PM,10 BRONX,,BRONX,1029523,243838,ONLINE,Unspecified,BRONX,,,,,,,,40.835838263270595,-73.83639164107079,"(40.835838263270595, -73.83639164107079)"
57132170,03/24/2023 05:37:28 AM,03/24/2023 01:34:09 PM,DSNY,Department of Sanitation,Dirty Condition,Dog Waste,Sidewalk,10454,385 SOUTHERN BOULEVARD,SOUTHERN BOULEVARD,ST MARYS STREET,EAST  144 STREET,ST MARYS STREET,EAST  144 STREET,ADDRESS,BRONX,SOUTHERN BOULEVARD,,Closed,,The Department of Sanitation investigated this complaint and found no violation at the location.,03/24/2023 01:34:13 PM,01 BRONX,2025750065,BRONX,1009784,233831,ONLINE,Unspecified,BRONX,,,,,,,,40.80845102543988,-73.9077627902576,"(40.80845102543988, -73.9077627902576)"
57128187,03/23/2023 07:53:56 PM,03/24/2023 04:42:27 PM,DSNY,Department of Sanitation,Dirty Condition,Dog Waste,Sidewalk,11208,443 LINCOLN AVENUE,LINCOLN AVENUE,MC KINLEY AVENUE,LIBERTY AVENUE,MC KINLEY AVENUE,LIBERTY AVENUE,ADDRESS,BROOKLYN,LINCOLN AVENUE,,Closed,,The Department of Sanitation investigated this complaint and found no violation at the location.,03/24/2023 04:42:30 PM,05 BROOKLYN,3041810011,BROOKLYN,1020812,186777,ONLINE,Unspecified,BROOKLYN,,,,,,,,40.67926097362512,-73.86818185779018,"(40.67926097362512, -73.86818185779018)"
57124477,03/23/2023 06:46:39 PM,03/24/2023 04:40:11 PM,DSNY,Department of Sanitation,Dirty Condition,Dog Waste,Sidewalk,11226,201 LINDEN BOULEVARD,LINDEN BOULEVARD,ROGERS AVENUE,NOSTRAND AVENUE,ROGERS AVENUE,NOSTRAND AVENUE,ADDRESS,BROOKLYN,LINDEN BOULEVARD,,Closed,,The Department of Sanitation investigated this complaint and found no violation at the location.,03/24/2023 04:40:15 PM,17 BROOKLYN,3050850083,BROOKLYN,997760,177029,PHONE,Unspecified,BROOKLYN,,,,,,,,40.65257008176136,-73.95131146956386,"(40.65257008176136, -73.95131146956386)"
57120454,03/23/2023 05:33:49 PM,03/24/2023 04:35:17 PM,DSNY,Department of Sanitation,Dirty Condition,Dog Waste,Sidewalk,11209,6 AVENUE,6 AVENUE,81 STREET,82 STREET,81 STREET,82 STREET,BLOCKFACE,,,,Closed,,The Department of Sanitation investigated this complaint and found no violation at the location.,03/24/2023 04:35:23 PM,Unspecified BROOKLYN,,BROOKLYN,,,PHONE,Unspecified,BROOKLYN,,,,,,,,,,
57123307,03/23/2023 04:40:10 PM,03/24/2023 04:38:04 PM,DSNY,Department of Sanitation,Dirty Condition,Dog Waste,Sidewalk,11210,572 EAST   28 STREET,EAST   28 STREET,FOSTER AVENUE,FARRAGUT ROAD,FOSTER AVENUE,FARRAGUT ROAD,ADDRESS,BROOKLYN,EAST   28 STREET,,Closed,,The Department of Sanitation investigated this complaint and found no violation at the location.,03/24/2023 04:38:10 PM,14 BROOKLYN,3052290060,BROOKLYN,998123,171333,ONLINE,Unspecified,BROOKLYN,,,,,,,,40.63693523054298,-73.95001497201615,"(40.63693523054298, -73.95001497201615)"
57121538,03/23/2023 03:45:04 PM,03/25/2023 01:09:29 PM,DSNY,Department of Sanitation,Dirty Condition,Dog Waste,Sidewalk,10029,EAST  110 STREET,EAST  110 STREET,2 AVENUE,1 AVENUE,2 AVENUE,1 AVENUE,BLOCKFACE,,,,Closed,,The Department of Sanitation investigated this complaint and found no violation at the location.,03/25/2023 01:09:35 PM,Unspecified MANHATTAN,,MANHATTAN,,,PHONE,Unspecified,MANHATTAN,,,,,,,,,,
57123594,03/23/2023 03:34:27 PM,03/28/2023 06:48:49 AM,DSNY,Department of Sanitation,Dirty Condition,Dog Waste,Sidewalk,10301,JERSEY STREET,JERSEY STREET,JERSEY STREET,WINTER AVENUE,JERSEY STREET,WINTER AVENUE,INTERSECTION,,,,Closed,,The Department of Sanitation investigated this complaint and found no violation at the location.,03/28/2023 06:48:57 AM,01 STATEN ISLAND,,STATEN ISLAND,959954,171893,PHONE,Unspecified,STATEN ISLAND,,,,,,,,40.63844985281096,-74.08754155130369,"(40.63844985281096, -74.08754155130369)"
57121073,03/23/2023 01:46:58 PM,03/24/2023 01:31:42 PM,DSNY,Department of Sanitation,Dirty Condition,Dog Waste,Sidewalk,10462,2039 CRUGER AVENUE,CRUGER AVENUE,BRONXDALE AVENUE,BRADY AVENUE,BRONXDALE AVENUE,BRADY AVENUE,ADDRESS,BRONX,CRUGER AVENUE,,Closed,,The Department of Sanitation investigated this complaint and found no violation at the location.,03/24/2023 01:31:47 PM,11 BRONX,2042840001,BRONX,1021101,249546,PHONE,Unspecified,BRONX,,,,,,,,40.85154419194268,-73.86679579232892,"(40.85154419194268, -73.86679579232892)"
57126987,03/23/2023 01:03:45 PM,04/03/2023 11:42:36 AM,DSNY,Department of Sanitation,Dirty Condition,Dog Waste,Sidewalk,10128,EAST   96 STREET,EAST   96 STREET,EAST   96 STREET,LEXINGTON AVENUE,EAST   96 STREET,LEXINGTON AVENUE,INTERSECTION,,,,Closed,,The Department of Sanitation investigated this complaint and found no violation at the location.,04/03/2023 11:42:41 AM,08 MANHATTAN,,MANHATTAN,997839,225593,PHONE,Unspecified,MANHATTAN,,,,,,,,40.785866405885606,-73.9509287180596,"(40.785866405885606, -73.9509287180596)"
57124769,03/23/2023 12:53:55 PM,03/25/2023 01:24:53 PM,DSNY,Department of Sanitation,Dirty Condition,Dog Waste,Sidewalk,10455,UNION AVENUE,UNION AVENUE,EAST  151 STREET,EAST  152 STREET,EAST  151 STREET,EAST  152 STREET,BLOCKFACE,,,,Closed,,The Department of Sanitation investigated this complaint and found no violation at the location.,03/25/2023 01:24:57 PM,Unspecified BRONX,,BRONX,,,PHONE,Unspecified,BRONX,,,,,,,,,,
57124744,03/23/2023 12:52:31 PM,03/24/2023 01:33:28 PM,DSNY,Department of Sanitation,Dirty Condition,Dog Waste,Sidewalk,10455,EAST  151 STREET,EAST  151 STREET,EAST  151 STREET,PROSPECT AVENUE,EAST  151 STREET,PROSPECT AVENUE,INTERSECTION,,,,Closed,,The Department of Sanitation investigated this complaint and found no violation at the location.,03/24/2023 01:33:33 PM,01 BRONX,,BRONX,1010878,235902,PHONE,Unspecified,BRONX,,,,,,,,40.8141321117089,-73.90380268978875,"(40.8141321117089, -73.90380268978875)"
57124852,03/23/2023 12:21:21 PM,03/25/2023 04:09:05 PM,DSNY,Department of Sanitation,Dirty Condition,Dog Waste,Sidewalk,10128,302 EAST   87 STREET,EAST   87 STREET,2 AVENUE,1 AVENUE,2 AVENUE,1 AVENUE,ADDRESS,NEW YORK,EAST   87 STREET,,Closed,,The Department of Sanitation investigated this complaint and found no violation at the location.,03/25/2023 04:09:10 PM,08 MANHATTAN,1015490001,MANHATTAN,997812,222891,ONLINE,Unspecified,MANHATTAN,,,,,,,,40.77845017567761,-73.95103167226596,"(40.77845017567761, -73.95103167226596)"
57121574,03/23/2023 12:16:11 PM,03/25/2023 01:08:40 PM,DSNY,Department of Sanitation,Dirty Condition,Dog Waste,Sidewalk,10035,114 EAST  122 STREET,EAST  122 STREET,PARK AVENUE,LEXINGTON AVENUE,PARK AVENUE,LEXINGTON AVENUE,ADDRESS,NEW YORK,EAST  122 STREET,,Closed,,The Department of Sanitation investigated this complaint and found no violation at the location.,03/25/2023 01:08:46 PM,11 MANHATTAN,1017700159,MANHATTAN,1000944,231765,PHONE,Unspecified,MANHATTAN,,,,,,,,40.802801552063045,-73.93970090355988,"(40.802801552063045, -73.93970090355988)"
57123113,03/23/2023 08:52:19 AM,03/24/2023 01:18:46 PM,DSNY,Department of Sanitation,Dirty Condition,Dog Waste,Sidewalk,10468,2710 MORRIS AVENUE,MORRIS AVENUE,EAST KINGSBRIDGE ROAD,EAST  196 STREET,EAST KINGSBRIDGE ROAD,EAST  196 STREET,ADDRESS,BRONX,MORRIS AVENUE,,Closed,,The Department of Sanitation investigated this complaint and found no violation at the location.,03/24/2023 01:18:52 PM,07 BRONX,2033160020,BRONX,1013124,255501,PHONE,Unspecified,BRONX,,,,,,,,40.8679185556592,-73.89560433136421,"(40.8679185556592, -73.89560433136421)"
57109645,03/22/2023 11:17:12 PM,03/28/2023 10:52:39 AM,DSNY,Department of Sanitation,Dirty Condition,Dog Waste,Sidewalk,10038,55 FULTON STREET,FULTON STREET,CLIFF STREET,RYDERS ALLEY,CLIFF STREET,RYDERS ALLEY,ADDRESS,NEW YORK,FULTON STREET,,Closed,,The Department of Sanitation investigated this complaint and found no condition at the location.,03/28/2023 10:52:47 AM,01 MANHATTAN,1000940001,MANHATTAN,982906,197383,PHONE,Unspecified,MANHATTAN,,,,,,,,40.70844739328294,-74.00484768575112,"(40.70844739328294, -74.00484768575112)"
57108986,03/22/2023 04:12:54 PM,03/23/2023 04:58:57 PM,DSNY,Department of Sanitation,Dirty Condition,Dog Waste,Street,11225,12 CROWN STREET,CROWN STREET,WASHINGTON AVENUE,FRANKLIN AVENUE SHUTTLE LINE,WASHINGTON AVENUE,FRANKLIN AVENUE SHUTTLE LINE,ADDRESS,BROOKLYN,CROWN STREET,,Closed,,The Department of Sanitation investigated this complaint and found no violation at the location.,03/23/2023 04:59:05 PM,09 BROOKLYN,3011907501,BROOKLYN,994961,182497,PHONE,Unspecified,BROOKLYN,,,,,,,,40.66758236362163,-73.96139006556258,"(40.66758236362163, -73.96139006556258)"
57115745,03/22/2023 03:25:19 PM,03/23/2023 04:56:09 PM,DSNY,Department of Sanitation,Dirty Condition,Dog Waste,Sidewalk,11223,175 AVENUE S,AVENUE S,WEST    7 STREET,WEST    6 STREET,WEST    7 STREET,WEST    6 STREET,ADDRESS,BROOKLYN,AVENUE S,,Closed,,The Department of Sanitation investigated this complaint and found no violation at the location.,03/23/2023 04:56:20 PM,11 BROOKLYN,3066740046,BROOKLYN,990068,158270,PHONE,Unspecified,BROOKLYN,,,,,,,,40.601088966243715,-73.97904874597793,"(40.601088966243715, -73.97904874597793)"
57111864,03/22/2023 02:35:35 PM,03/23/2023 12:21:37 PM,DSNY,Department of Sanitation,Dirty Condition,Dog Waste,Sidewalk,11213,1 TROY AVENUE,TROY AVENUE,FULTON STREET,HERKIMER STREET,FULTON STREET,HERKIMER STREET,ADDRESS,BROOKLYN,TROY AVENUE,,Closed,,The Department of Sanitation investigated this complaint and found no violation at the location.,03/23/2023 12:21:41 PM,03 BROOKLYN,3017000017,BROOKLYN,1002286,186836,ONLINE,Unspecified,BROOKLYN,,,,,,,,40.67948004857486,-73.93497404014893,"(40.67948004857486, -73.93497404014893)"
57109097,03/22/2023 01:14:06 PM,03/23/2023 05:01:09 PM,DSNY,Department of Sanitation,Dirty Condition,Dog Waste,Sidewalk,11208,143 WELDON STREET,WELDON STREET,CRESCENT STREET,AUTUMN AVENUE,CRESCENT STREET,AUTUMN AVENUE,ADDRESS,BROOKLYN,WELDON STREET,,Closed,,The Department of Sanitation investigated this complaint and found no violation at the location.,03/23/2023 05:01:15 PM,05 BROOKLYN,3041680034,BROOKLYN,1020289,187188,PHONE,Unspecified,BROOKLYN,,,,,,,,40.680391218939164,-73.87006524557944,"(40.680391218939164, -73.87006524557944)"
57117400,03/22/2023 10:38:29 AM,03/23/2023 05:00:15 PM,DSNY,Department of Sanitation,Dirty Condition,Dog Waste,Sidewalk,11207,793 VERMONT STREET,VERMONT STREET,HEGEMAN AVENUE,LINDEN BOULEVARD,HEGEMAN AVENUE,LINDEN BOULEVARD,ADDRESS,BROOKLYN,VERMONT STREET,,Closed,,The Department of Sanitation investigated this complaint and found no violation at the location.,03/23/2023 05:00:20 PM,05 BROOKLYN,3043250051,BROOKLYN,1014863,179817,PHONE,Unspecified,BROOKLYN,,,,,,,,40.66017991637104,-73.8896615594646,"(40.66017991637104, -73.8896615594646)"
57109719,03/22/2023 09:31:53 AM,03/23/2023 12:22:15 PM,DSNY,Department of Sanitation,Dirty Condition,Dog Waste,Sidewalk,11201,101 FLEET PLACE,FLEET PLACE,FAIR STREET,WILLOUGHBY STREET,FAIR STREET,WILLOUGHBY STREET,ADDRESS,BROOKLYN,FLEET PLACE,,Closed,,The Department of Sanitation investigated this complaint and found no violation at the location.,03/23/2023 12:22:19 PM,02 BROOKLYN,3020610100,BROOKLYN,989309,191643,ONLINE,Unspecified,BROOKLYN,,,,,,,,40.692691091904365,-73.98175695916035,"(40.692691091904365, -73.98175695916035)"
57117695,03/22/2023 08:53:38 AM,03/23/2023 01:24:31 PM,DSNY,Department of Sanitation,Dirty Condition,Dog Waste,Sidewalk,10462,725 BRADY AVENUE,BRADY AVENUE,CRUGER AVENUE,HOLLAND AVENUE,CRUGER AVENUE,HOLLAND AVENUE,ADDRESS,BRONX,BRADY AVENUE,,Closed,,The Department of Sanitation investigated this complaint and found no violation at the location.,03/23/2023 01:24:36 PM,11 BRONX,2042880001,BRONX,1021150,249857,PHONE,Unspecified,BRONX,,,,,,,,40.85239758899501,-73.86661696202331,"(40.85239758899501, -73.86661696202331)"
57114895,03/22/2023 08:50:07 AM,03/23/2023 01:25:21 PM,DSNY,Department of Sanitation,Dirty Condition,Dog Waste,Sidewalk,10462,2021 HOLLAND AVENUE,HOLLAND AVENUE,ANTIN PLACE,BRADY AVENUE,ANTIN PLACE,BRADY AVENUE,ADDRESS,BRONX,HOLLAND AVENUE,,Closed,,The Department of Sanitation investigated this complaint and found no violation at the location.,03/23/2023 01:25:26 PM,11 BRONX,2042850001,BRONX,1021354,249460,PHONE,Unspecified,BRONX,,,,,,,,40.85130708814839,-73.8658817581724,"(40.85130708814839, -73.8658817581724)"
57116307,03/22/2023 08:37:40 AM,03/25/2023 12:13:34 PM,DSNY,Department of Sanitation,Dirty Condition,Dog Waste,Sidewalk,11220,49 STREET,49 STREET,5 AVENUE,6 AVENUE,5 AVENUE,6 AVENUE,BLOCKFACE,,,,Closed,,The Department of Sanitation investigated this complaint and found no violation at the location.,03/25/2023 12:13:38 PM,Unspecified BROOKLYN,,BROOKLYN,,,PHONE,Unspecified,BROOKLYN,,,,,,,,,,
57116433,03/22/2023 07:41:57 AM,03/25/2023 04:00:04 PM,DSNY,Department of Sanitation,Dirty Condition,Dog Waste,Sidewalk,10002,161 RIVINGTON STREET,RIVINGTON STREET,SUFFOLK STREET,CLINTON STREET,SUFFOLK STREET,CLINTON STREET,ADDRESS,NEW YORK,RIVINGTON STREET,,Closed,,"The Department of Sanitation has investigated the complaint and addressed the issue. If the problem persists, call 311 to enter a new complaint. If you are outside of New York City, please call (212) NEW-YORK (212-639-9675).",03/25/2023 04:00:04 PM,03 MANHATTAN,1003480020,MANHATTAN,988331,201278,ONLINE,Unspecified,MANHATTAN,,,,,,,,40.71913739967837,-73.98527784317642,"(40.71913739967837, -73.98527784317642)"
57100709,03/21/2023 06:07:06 PM,03/22/2023 04:52:08 PM,DSNY,Department of Sanitation,Dirty Condition,Dog Waste,Sidewalk,11234,1655 EAST   56 STREET,EAST   56 STREET,AVENUE O,FILLMORE AVENUE,AVENUE O,FILLMORE AVENUE,ADDRESS,BROOKLYN,EAST   56 STREET,,Closed,,The Department of Sanitation investigated this complaint and found no violation at the location.,03/22/2023 04:52:15 PM,18 BROOKLYN,,BROOKLYN,1006277,163459,ONLINE,Unspecified,BROOKLYN,,,,,,,,40.615306238217066,-73.92066146077154,"(40.615306238217066, -73.92066146077154)"
57106275,03/21/2023 03:58:26 PM,03/22/2023 11:58:04 AM,DSNY,Department of Sanitation,Dirty Condition,Dog Waste,Street,11692,BEACH   74 STREET,BEACH   74 STREET,BEACH   74 STREET,SHOREFRONT PARKWAY,BEACH   74 STREET,SHOREFRONT PARKWAY,INTERSECTION,,,,Closed,,The Department of Sanitation investigated this complaint and found no violation at the location.,03/22/2023 11:58:11 AM,14 QUEENS,,QUEENS,1039324,153080,ONLINE,Unspecified,QUEENS,,,,,,,,40.58667427843524,-73.80171514636476,"(40.58667427843524, -73.80171514636476)"
57103202,03/21/2023 03:03:56 PM,03/22/2023 04:47:38 PM,DSNY,Department of Sanitation,Dirty Condition,Dog Waste,Sidewalk,11229,BIJOU AVENUE,BIJOU AVENUE,BIJOU AVENUE,GERRITSEN AVENUE,BIJOU AVENUE,GERRITSEN AVENUE,INTERSECTION,,,,Closed,,The Department of Sanitation investigated this complaint and found no violation at the location.,03/22/2023 04:47:43 PM,15 BROOKLYN,,BROOKLYN,1004060,156431,PHONE,Unspecified,BROOKLYN,,,,,,,,40.59602105367456,-73.92866743160003,"(40.59602105367456, -73.92866743160003)"
57099773,03/21/2023 02:59:04 PM,03/24/2023 01:23:49 PM,DSNY,Department of Sanitation,Dirty Condition,Dog Waste,Sidewalk,10452,1038 SUMMIT AVENUE,SUMMIT AVENUE,WEST  164 STREET,WEST  165 STREET,WEST  164 STREET,WEST  165 STREET,ADDRESS,BRONX,SUMMIT AVENUE,,Closed,,The Department of Sanitation investigated this complaint and found no violation at the location.,03/24/2023 01:23:56 PM,04 BRONX,2025250017,BRONX,1003709,243174,PHONE,Unspecified,BRONX,,,,,,,,40.83411038122876,-73.92968058520536,"(40.83411038122876, -73.92968058520536)"
57104247,03/21/2023 02:53:57 PM,03/23/2023 06:58:01 AM,DSNY,Department of Sanitation,Dirty Condition,Dog Waste,Sidewalk,11249,DIVISION AVENUE,DIVISION AVENUE,DIVISION AVENUE,WYTHE AVENUE,DIVISION AVENUE,WYTHE AVENUE,INTERSECTION,,,,Closed,,The Department of Sanitation investigated this complaint and found no violation at the location.,03/23/2023 06:58:06 AM,01 BROOKLYN,,BROOKLYN,993319,196858,PHONE,Unspecified,BROOKLYN,,,,,,,,40.70700184687184,-73.96728965050787,"(40.70700184687184, -73.96728965050787)"
57106615,03/21/2023 01:56:33 PM,03/22/2023 01:06:44 PM,DSNY,Department of Sanitation,Dirty Condition,Dog Waste,Sidewalk,10031,614 WEST  152 STREET,WEST  152 STREET,BROADWAY,RIVERSIDE DRIVE,BROADWAY,RIVERSIDE DRIVE,ADDRESS,NEW YORK,WEST  152 STREET,,Closed,,The Department of Sanitation investigated this complaint and found no violation at the location.,03/22/2023 01:06:49 PM,09 MANHATTAN,1020980043,MANHATTAN,998692,242068,PHONE,Unspecified,MANHATTAN,,,,,,,,40.83108435910498,-73.94781300415312,"(40.83108435910498, -73.94781300415312)"
57102069,03/21/2023 12:08:05 PM,03/22/2023 01:36:49 PM,DSNY,Department of Sanitation,Dirty Condition,Dog Waste,Sidewalk,10458,EAST  197 STREET,EAST  197 STREET,EAST  197 STREET,MARION AVENUE,EAST  197 STREET,MARION AVENUE,INTERSECTION,,,,Closed,,The Department of Sanitation investigated this complaint and found no violation at the location.,03/22/2023 01:36:53 PM,07 BRONX,,BRONX,1015129,254924,PHONE,Unspecified,BRONX,,,,,,,,40.86632808130331,-73.88835780073094,"(40.86632808130331, -73.88835780073094)"
57108119,03/21/2023 10:42:30 AM,03/22/2023 04:42:48 PM,DSNY,Department of Sanitation,Dirty Condition,Dog Waste,Sidewalk,11214,8761 BAY   16 STREET,BAY   16 STREET,RUTHERFORD PLACE,BATH AVENUE,RUTHERFORD PLACE,BATH AVENUE,ADDRESS,BROOKLYN,BAY   16 STREET,,Closed,,The Department of Sanitation investigated this complaint and found no violation at the location.,03/22/2023 04:42:53 PM,11 BROOKLYN,3064010010,BROOKLYN,982213,159706,PHONE,Unspecified,BROOKLYN,,,,,,,,40.60503216970707,-74.00733589287225,"(40.60503216970707, -74.00733589287225)"
57100694,03/21/2023 09:09:26 AM,03/22/2023 03:47:56 PM,DSNY,Department of Sanitation,Dirty Condition,Dog Waste,Sidewalk,11369,32-55 107 STREET,107 STREET,32 AVENUE,NORTHERN BOULEVARD,32 AVENUE,NORTHERN BOULEVARD,ADDRESS,EAST ELMHURST,107 STREET,,Closed,,The Department of Sanitation investigated this complaint and found no violation at the location.,03/22/2023 03:48:01 PM,03 QUEENS,4017020071,QUEENS,1022462,215743,PHONE,Unspecified,QUEENS,,,,,,,,40.758758603144216,-73.86206863041086,"(40.758758603144216, -73.86206863041086)"
57104574,03/21/2023 09:07:04 AM,03/23/2023 09:15:28 AM,DSNY,Department of Sanitation,Dirty Condition,Dog Waste,Sidewalk,10001,551 WEST   28 STREET,WEST   28 STREET,HIGH LINE,11 AVENUE,HIGH LINE,11 AVENUE,ADDRESS,NEW YORK,WEST   28 STREET,,Closed,,The Department of Sanitation investigated this complaint and found no violation at the location.,03/23/2023 09:15:32 AM,04 MANHATTAN,,MANHATTAN,983267,213082,ONLINE,Unspecified,MANHATTAN,,,,,,,,40.75153735460879,-74.00354788502351,"(40.75153735460879, -74.00354788502351)"
57100790,03/21/2023 07:57:58 AM,03/23/2023 04:55:29 PM,DSNY,Department of Sanitation,Dirty Condition,Dog Waste,Sidewalk,11209,413 74 STREET,74 STREET,4 AVENUE,5 AVENUE,4 AVENUE,5 AVENUE,ADDRESS,BROOKLYN,74 STREET,,Closed,,The Department of Sanitation investigated this complaint and found no violation at the location.,03/23/2023 04:55:35 PM,10 BROOKLYN,3059190073,BROOKLYN,977514,169265,PHONE,Unspecified,BROOKLYN,,,,,,,,40.63126731266398,-74.0242680414434,"(40.63126731266398, -74.0242680414434)"
57094298,03/20/2023 04:45:28 PM,03/21/2023 03:33:13 PM,DSNY,Department of Sanitation,Dirty Condition,Dog Waste,Street,11418,87-40 124 STREET,124 STREET,JAMAICA AVENUE,89 AVENUE,JAMAICA AVENUE,89 AVENUE,ADDRESS,RICHMOND HILL,124 STREET,,Closed,,The Department of Sanitation investigated this complaint and found no violation at the location.,03/21/2023 03:33:19 PM,09 QUEENS,4093320026,QUEENS,1032473,194276,PHONE,Unspecified,QUEENS,,,,,,,,40.69978811784889,-73.82608650312736,"(40.69978811784889, -73.82608650312736)"
57092449,03/20/2023 01:22:44 PM,03/20/2023 03:53:00 PM,DSNY,Department of Sanitation,Dirty Condition,Dog Waste,Sidewalk,11377,31-21 54 STREET,54 STREET,31 AVENUE,32 AVENUE,31 AVENUE,32 AVENUE,ADDRESS,WOODSIDE,54 STREET,,Closed,,The Department of Sanitation investigated this complaint and found no violation at the location.,03/20/2023 03:53:05 PM,01 QUEENS,4011320044,QUEENS,1009950,214838,ONLINE,Unspecified,QUEENS,,,,,,,,40.75631983303381,-73.90723579995907,"(40.75631983303381, -73.90723579995907)"
57088999,03/20/2023 12:45:17 PM,03/22/2023 04:46:13 PM,DSNY,Department of Sanitation,Dirty Condition,Dog Waste,Sidewalk,11235,2802 EAST   28 STREET,EAST   28 STREET,SHORE PARKWAY,EMMONS AVENUE,SHORE PARKWAY,EMMONS AVENUE,ADDRESS,BROOKLYN,EAST   28 STREET,,Closed,,The Department of Sanitation investigated this complaint and found no violation at the location.,03/22/2023 04:46:18 PM,15 BROOKLYN,3087900047,BROOKLYN,1000663,152349,PHONE,Unspecified,BROOKLYN,,,,,,,,40.584823724823515,-73.94090938390623,"(40.584823724823515, -73.94090938390623)"
57094507,03/20/2023 10:35:13 AM,03/20/2023 03:51:59 PM,DSNY,Department of Sanitation,Dirty Condition,Dog Waste,Sidewalk,11415,84-27 130 STREET,130 STREET,KEW GARDENS ROAD,HILLSIDE AVENUE,KEW GARDENS ROAD,HILLSIDE AVENUE,ADDRESS,KEW GARDENS,130 STREET,,Closed,,The Department of Sanitation investigated this complaint and found no violation at the location.,03/20/2023 03:52:04 PM,09 QUEENS,4092510007,QUEENS,1033398,196215,ONLINE,Unspecified,QUEENS,,,,,,,,40.705105118156546,-73.82273640150255,"(40.705105118156546, -73.82273640150255)"
57098190,03/20/2023 10:32:05 AM,03/22/2023 12:44:56 PM,DSNY,Department of Sanitation,Dirty Condition,Dog Waste,Sidewalk,11233,516 MACDONOUGH STREET,MACDONOUGH STREET,PATCHEN AVENUE,RALPH AVENUE,PATCHEN AVENUE,RALPH AVENUE,ADDRESS,BROOKLYN,MAC DONOUGH STREET,,Closed,,The Department of Sanitation investigated this complaint and found no violation at the location.,03/22/2023 12:45:02 PM,03 BROOKLYN,3016780011,BROOKLYN,1004946,188161,PHONE,Unspecified,BROOKLYN,,,,,,,,40.68311105169531,-73.92537976368523,"(40.68311105169531, -73.92537976368523)"
57095348,03/20/2023 09:45:30 AM,03/21/2023 12:40:16 PM,DSNY,Department of Sanitation,Dirty Condition,Dog Waste,Sidewalk,11249,570 WYTHE AVENUE,WYTHE AVENUE,RUSH STREET,MORTON STREET,RUSH STREET,MORTON STREET,ADDRESS,BROOKLYN,WYTHE AVENUE,,Closed,,The Department of Sanitation investigated this complaint and found no violation at the location.,03/21/2023 12:40:25 PM,01 BROOKLYN,3021657503,BROOKLYN,993423,196486,PHONE,Unspecified,BROOKLYN,,,,,,,,40.70598068752205,-73.96691504689666,"(40.70598068752205, -73.96691504689666)"
57096234,03/20/2023 09:27:04 AM,03/20/2023 03:52:28 PM,DSNY,Department of Sanitation,Dirty Condition,Dog Waste,Sidewalk,11358,45-11 196 STREET,196 STREET,45 AVENUE,45 ROAD,45 AVENUE,45 ROAD,ADDRESS,FLUSHING,196 STREET,,Closed,,The Department of Sanitation investigated this complaint and found no violation at the location.,03/20/2023 03:52:34 PM,11 QUEENS,4055380075,QUEENS,1043702,214629,ONLINE,Unspecified,QUEENS,,,,,,,,40.75558365703112,-73.7854100873374,"(40.75558365703112, -73.7854100873374)"
57097189,03/20/2023 09:20:52 AM,03/21/2023 12:43:19 PM,DSNY,Department of Sanitation,Dirty Condition,Dog Waste,Sidewalk,11212,74 TAPSCOTT STREET,TAPSCOTT STREET,EAST NEW YORK AVENUE,SUTTER AVENUE,EAST NEW YORK AVENUE,SUTTER AVENUE,ADDRESS,BROOKLYN,TAPSCOTT STREET,,Closed,,The Department of Sanitation investigated this complaint and found no violation at the location.,03/21/2023 12:43:25 PM,16 BROOKLYN,3035100074,BROOKLYN,1006282,181975,PHONE,Unspecified,BROOKLYN,,,,,,,,40.66612865600666,-73.92058298709122,"(40.66612865600666, -73.92058298709122)"
57085777,03/19/2023 08:27:42 PM,03/20/2023 03:56:37 PM,DSNY,Department of Sanitation,Dirty Condition,Dog Waste,Sidewalk,11104,41-15 48 STREET,48 STREET,SKILLMAN AVENUE,43 AVENUE,SKILLMAN AVENUE,43 AVENUE,ADDRESS,SUNNYSIDE,48 STREET,,Closed,,The Department of Sanitation investigated this complaint and found no violation at the location.,03/20/2023 03:56:44 PM,02 QUEENS,4001350022,QUEENS,1007469,211108,ONLINE,Unspecified,QUEENS,,,,,,,,40.746088793966884,-73.91620384775744,"(40.746088793966884, -73.91620384775744)"
57081932,03/19/2023 02:30:25 PM,03/21/2023 01:44:12 PM,DSNY,Department of Sanitation,Dirty Condition,Dog Waste,Sidewalk,10461,2527 POPLAR STREET,POPLAR STREET,LURTING AVENUE,ROSELLE STREET,LURTING AVENUE,ROSELLE STREET,ADDRESS,BRONX,POPLAR STREET,,Closed,,The Department of Sanitation investigated this complaint and found no violation at the location.,03/21/2023 01:44:18 PM,11 BRONX,2040700015,BRONX,1025959,246827,ONLINE,Unspecified,BRONX,,,,,,,,40.844059737249154,-73.84925267128686,"(40.844059737249154, -73.84925267128686)"
57088525,03/19/2023 01:50:58 PM,03/20/2023 01:28:25 PM,DSNY,Department of Sanitation,Dirty Condition,Dog Waste,Sidewalk,10468,2379 WEBB AVENUE,WEBB AVENUE,SEDGWICK AVENUE,FORDHAM HILL OVAL,SEDGWICK AVENUE,FORDHAM HILL OVAL,ADDRESS,BRONX,WEBB AVENUE,,Closed,,The Department of Sanitation investigated this complaint and found no violation at the location.,03/20/2023 01:28:30 PM,07 BRONX,,BRONX,1009593,253852,ONLINE,Unspecified,BRONX,,,,,,,,40.863403397356954,-73.90837709849383,"(40.863403397356954, -73.90837709849383)"
57074459,03/18/2023 06:47:09 PM,03/20/2023 03:56:14 PM,DSNY,Department of Sanitation,Dirty Condition,Dog Waste,Sidewalk,11369,100-02 32 AVENUE,32 AVENUE,100 STREET,101 STREET,100 STREET,101 STREET,ADDRESS,EAST ELMHURST,32 AVENUE,,Closed,,The Department of Sanitation investigated this complaint and found no violation at the location.,03/20/2023 03:56:20 PM,03 QUEENS,4016950101,QUEENS,1020639,215899,PHONE,Unspecified,QUEENS,,,,,,,,40.75919447362238,-73.86864814038915,"(40.75919447362238, -73.86864814038915)"
57080490,03/18/2023 06:34:28 PM,03/21/2023 04:46:00 PM,DSNY,Department of Sanitation,Dirty Condition,Dog Waste,Sidewalk,11209,163 81 STREET,81 STREET,COLONIAL ROAD,RIDGE BOULEVARD,COLONIAL ROAD,RIDGE BOULEVARD,ADDRESS,BROOKLYN,81 STREET,,Closed,,The Department of Sanitation investigated this complaint and found no violation at the location.,03/21/2023 04:46:06 PM,10 BROOKLYN,3059860062,BROOKLYN,974910,168104,PHONE,Unspecified,BROOKLYN,,,,,,,,40.62807824996093,-74.03364796304021,"(40.62807824996093, -74.03364796304021)"
57080601,03/18/2023 11:11:42 AM,03/22/2023 12:50:19 PM,DSNY,Department of Sanitation,Dirty Condition,Dog Waste,Sidewalk,11428,90-18 212 PLACE,212 PLACE,90 AVENUE,91 AVENUE,90 AVENUE,91 AVENUE,ADDRESS,QUEENS VILLAGE,212 PLACE,,Closed,,The Department of Sanitation investigated this complaint and issued a Notice of Violation.,03/22/2023 12:50:25 PM,13 QUEENS,4106440023,QUEENS,1053754,202322,PHONE,Unspecified,QUEENS,,,,,,,,40.72173082944569,-73.74925508483302,"(40.72173082944569, -73.74925508483302)"
57080465,03/18/2023 09:53:19 AM,03/22/2023 12:45:55 PM,DSNY,Department of Sanitation,Dirty Condition,Dog Waste,Sidewalk,11233,623 MACON STREET,MACON STREET,MALCOLM X BOULEVARD,PATCHEN AVENUE,MALCOLM X BOULEVARD,PATCHEN AVENUE,ADDRESS,BROOKLYN,MACON STREET,,Closed,,The Department of Sanitation investigated this complaint and found no violation at the location.,03/22/2023 12:46:00 PM,03 BROOKLYN,3016670046,BROOKLYN,1004585,188386,PHONE,Unspecified,BROOKLYN,,,,,,,,40.68372946190149,-73.92668068365434,"(40.68372946190149, -73.92668068365434)"
57073929,03/17/2023 08:07:15 PM,03/18/2023 01:02:03 PM,DSNY,Department of Sanitation,Dirty Condition,Dog Waste,Sidewalk,10301,115 HENDRICKS AVENUE,HENDRICKS AVENUE,BISMARK AVENUE,JERSEY STREET,BISMARK AVENUE,JERSEY STREET,ADDRESS,STATEN ISLAND,HENDRICKS AVENUE,,Closed,,The Department of Sanitation investigated this complaint and found no violation at the location.,03/18/2023 01:02:10 PM,01 STATEN ISLAND,5000450032,STATEN ISLAND,960525,172509,ONLINE,Unspecified,STATEN ISLAND,,,,,,,,40.640142188157164,-74.08548633367185,"(40.640142188157164, -74.08548633367185)"
57068078,03/17/2023 07:27:41 PM,03/20/2023 03:58:07 PM,DSNY,Department of Sanitation,Dirty Condition,Dog Waste,Sidewalk,11412,109-30 198 STREET,198 STREET,HOLLIS AVENUE,110 AVENUE,HOLLIS AVENUE,110 AVENUE,ADDRESS,SAINT ALBANS,198 STREET,,Closed,,The Department of Sanitation investigated this complaint and found no violation at the location.,03/20/2023 03:58:12 PM,12 QUEENS,4109340008,QUEENS,1050951,196624,ONLINE,Unspecified,QUEENS,,,,,,,,40.70611281689006,-73.75942368333592,"(40.70611281689006, -73.75942368333592)"
57065826,03/17/2023 05:30:43 PM,03/18/2023 04:58:28 PM,DSNY,Department of Sanitation,Dirty Condition,Dog Waste,Sidewalk,11220,426 57 STREET,57 STREET,4 AVENUE,5 AVENUE,4 AVENUE,5 AVENUE,ADDRESS,BROOKLYN,57 STREET,,Closed,,The Department of Sanitation investigated this complaint and found no violation at the location.,03/18/2023 04:58:32 PM,07 BROOKLYN,3008470016,BROOKLYN,979848,173197,PHONE,Unspecified,BROOKLYN,,,,,,,,40.642061282130555,-74.01586181690755,"(40.642061282130555, -74.01586181690755)"
57070799,03/17/2023 03:08:24 PM,03/18/2023 04:34:44 PM,DSNY,Department of Sanitation,Dirty Condition,Dog Waste,Sidewalk,10031,CONVENT AVENUE,CONVENT AVENUE,WEST  149 STREET,WEST  150 STREET,WEST  149 STREET,WEST  150 STREET,BLOCKFACE,,,,Closed,,The Department of Sanitation investigated this complaint and found no violation at the location.,03/18/2023 04:34:52 PM,Unspecified MANHATTAN,,MANHATTAN,,,PHONE,Unspecified,MANHATTAN,,,,,,,,,,
57069362,03/17/2023 02:06:06 PM,03/18/2023 04:59:23 PM,DSNY,Department of Sanitation,Dirty Condition,Dog Waste,Sidewalk,10462,WHITE PLAINS ROAD,WHITE PLAINS ROAD,EAST TREMONT AVENUE,BAKER AVENUE,EAST TREMONT AVENUE,BAKER AVENUE,BLOCKFACE,,,,Closed,,The Department of Sanitation investigated this complaint and found no violation at the location.,03/18/2023 04:59:28 PM,Unspecified BRONX,,BRONX,,,PHONE,Unspecified,BRONX,,,,,,,,,,
57073886,03/17/2023 12:58:03 PM,03/18/2023 01:50:00 PM,DSNY,Department of Sanitation,Dirty Condition,Dog Waste,Sidewalk,10469,2798 WICKHAM AVENUE,WICKHAM AVENUE,BARTOW AVENUE,ARNOW AVENUE,BARTOW AVENUE,ARNOW AVENUE,ADDRESS,BRONX,WICKHAM AVENUE,,Closed,,The Department of Sanitation investigated this complaint and found no violation at the location.,03/18/2023 01:50:06 PM,12 BRONX,2047940132,BRONX,1029440,255381,PHONE,Unspecified,BRONX,,,,,,,,40.86752074333264,-73.8366137818773,"(40.86752074333264, -73.8366137818773)"
57060242,03/16/2023 05:10:09 PM,03/17/2023 01:37:13 PM,DSNY,Department of Sanitation,Dirty Condition,Dog Waste,Sidewalk,11210,1648 BROOKLYN AVENUE,BROOKLYN AVENUE,GLENWOOD ROAD,AVENUE H,GLENWOOD ROAD,AVENUE H,ADDRESS,BROOKLYN,BROOKLYN AVENUE,,Closed,,The Department of Sanitation investigated this complaint and found no violation at the location.,03/17/2023 01:37:19 PM,17 BROOKLYN,3075630068,BROOKLYN,1000384,169890,ONLINE,Unspecified,BROOKLYN,,,,,,,,40.632970673252224,-73.9418719420856,"(40.632970673252224, -73.9418719420856)"
57055605,03/16/2023 02:53:18 PM,03/16/2023 03:46:14 PM,DSNY,Department of Sanitation,Dirty Condition,Dog Waste,Sidewalk,11377,47-47 44 STREET,44 STREET,47 AVENUE,48 AVENUE,47 AVENUE,48 AVENUE,ADDRESS,WOODSIDE,44 STREET,,Closed,,The Department of Sanitation investigated this complaint and found no violation at the location.,03/16/2023 03:46:21 PM,02 QUEENS,4001710007,QUEENS,1006109,209064,PHONE,Unspecified,QUEENS,,,,,,,,40.74048199292291,-73.92111865634494,"(40.74048199292291, -73.92111865634494)"
57062109,03/16/2023 08:50:43 AM,03/17/2023 12:37:13 PM,DSNY,Department of Sanitation,Dirty Condition,Dog Waste,Street,10462,2100 WALLACE AVENUE,WALLACE AVENUE,BRADY AVENUE,LYDIG AVENUE,BRADY AVENUE,LYDIG AVENUE,ADDRESS,BRONX,WALLACE AVENUE,,Closed,,The Department of Sanitation investigated this complaint and found no violation at the location.,03/17/2023 12:37:18 PM,11 BRONX,2042920014,BRONX,1021641,250173,PHONE,Unspecified,BRONX,,,,,,,,40.853262848340776,-73.86484037657871,"(40.853262848340776, -73.86484037657871)"
57059033,03/16/2023 08:33:26 AM,03/18/2023 02:46:28 PM,DSNY,Department of Sanitation,Dirty Condition,Dog Waste,Sidewalk,10028,2 AVENUE,2 AVENUE,2 AVENUE,EAST   83 STREET,2 AVENUE,EAST   83 STREET,INTERSECTION,,,,Closed,,The Department of Sanitation investigated this complaint and found no violation at the location.,03/18/2023 02:46:33 PM,08 MANHATTAN,,MANHATTAN,997221,221970,PHONE,Unspecified,MANHATTAN,,,,,,,,40.77592316061583,-73.95316737408258,"(40.77592316061583, -73.95316737408258)"
57047933,03/15/2023 08:10:53 PM,03/16/2023 03:45:23 PM,DSNY,Department of Sanitation,Dirty Condition,Dog Waste,Sidewalk,11369,100-02 32 AVENUE,32 AVENUE,100 STREET,101 STREET,100 STREET,101 STREET,ADDRESS,EAST ELMHURST,32 AVENUE,,Closed,,The Department of Sanitation investigated this complaint and found no violation at the location.,03/16/2023 03:45:28 PM,03 QUEENS,4016950101,QUEENS,1020639,215899,PHONE,Unspecified,QUEENS,,,,,,,,40.75919447362238,-73.86864814038915,"(40.75919447362238, -73.86864814038915)"
57048255,03/15/2023 07:37:26 PM,03/16/2023 12:03:27 PM,DSNY,Department of Sanitation,Dirty Condition,Dog Waste,Sidewalk,10458,2900 VALENTINE AVENUE,VALENTINE AVENUE,EAST  198 STREET,EAST  199 STREET,EAST  198 STREET,EAST  199 STREET,ADDRESS,BRONX,VALENTINE AVENUE,,Closed,,The Department of Sanitation investigated this complaint and found no violation at the location.,03/16/2023 12:03:33 PM,07 BRONX,,BRONX,1015069,256364,ONLINE,Unspecified,BRONX,,,,,,,,40.87028064894502,-73.88856810601834,"(40.87028064894502, -73.88856810601834)"
57052580,03/15/2023 06:20:48 PM,03/18/2023 12:54:05 PM,DSNY,Department of Sanitation,Dirty Condition,Dog Waste,Sidewalk,10032,559 WEST  164 STREET,WEST  164 STREET,ST NICHOLAS AVENUE,BROADWAY,ST NICHOLAS AVENUE,BROADWAY,ADDRESS,NEW YORK,WEST  164 STREET,,Closed,,The Department of Sanitation investigated this complaint and found no violation at the location.,03/18/2023 12:54:10 PM,12 MANHATTAN,1021220100,MANHATTAN,1000658,244596,PHONE,Unspecified,MANHATTAN,,,,,,,,40.838019554325456,-73.9407025685327,"(40.838019554325456, -73.9407025685327)"
57052460,03/15/2023 05:14:22 PM,03/21/2023 04:53:43 PM,DSNY,Department of Sanitation,Dirty Condition,Dog Waste,Sidewalk,11215,266 12 STREET,12 STREET,4 AVENUE,5 AVENUE,4 AVENUE,5 AVENUE,ADDRESS,BROOKLYN,12 STREET,,Closed,,The Department of Sanitation investigated this complaint and found no violation at the location.,03/21/2023 04:53:54 PM,06 BROOKLYN,3010280031,BROOKLYN,987424,182549,ONLINE,Unspecified,BROOKLYN,,,,,,,,40.66773100221201,-73.98855865919359,"(40.66773100221201, -73.98855865919359)"
57050998,03/15/2023 01:16:26 PM,03/20/2023 02:03:38 PM,DSNY,Department of Sanitation,Dirty Condition,Dog Waste,Street,11221,940 GATES AVENUE,GATES AVENUE,PATCHEN AVENUE,RALPH AVENUE,PATCHEN AVENUE,RALPH AVENUE,ADDRESS,BROOKLYN,GATES AVENUE,,Closed,,The Department of Sanitation investigated this complaint and found no violation at the location.,03/20/2023 02:03:44 PM,03 BROOKLYN,3016380006,BROOKLYN,1004743,190315,ONLINE,Unspecified,BROOKLYN,,,,,,,,40.689023758970876,-73.92610513628088,"(40.689023758970876, -73.92610513628088)"
57054733,03/15/2023 01:14:13 PM,03/20/2023 02:03:37 PM,DSNY,Department of Sanitation,Dirty Condition,Dog Waste,Street,11221,940 GATES AVENUE,GATES AVENUE,PATCHEN AVENUE,RALPH AVENUE,PATCHEN AVENUE,RALPH AVENUE,ADDRESS,BROOKLYN,GATES AVENUE,,Closed,,The Department of Sanitation investigated this complaint and found no violation at the location.,03/20/2023 02:03:41 PM,03 BROOKLYN,3016380006,BROOKLYN,1004743,190315,ONLINE,Unspecified,BROOKLYN,,,,,,,,40.689023758970876,-73.92610513628088,"(40.689023758970876, -73.92610513628088)"
57047111,03/15/2023 01:12:02 PM,03/20/2023 02:03:40 PM,DSNY,Department of Sanitation,Dirty Condition,Dog Waste,Street,11221,940 GATES AVENUE,GATES AVENUE,PATCHEN AVENUE,RALPH AVENUE,PATCHEN AVENUE,RALPH AVENUE,ADDRESS,BROOKLYN,GATES AVENUE,,Closed,,The Department of Sanitation investigated this complaint and found no violation at the location.,03/20/2023 02:03:46 PM,03 BROOKLYN,3016380006,BROOKLYN,1004743,190315,ONLINE,Unspecified,BROOKLYN,,,,,,,,40.689023758970876,-73.92610513628088,"(40.689023758970876, -73.92610513628088)"
57054744,03/15/2023 01:08:14 PM,03/20/2023 02:00:44 PM,DSNY,Department of Sanitation,Dirty Condition,Dog Waste,Street,11221,940 GATES AVENUE,GATES AVENUE,PATCHEN AVENUE,RALPH AVENUE,PATCHEN AVENUE,RALPH AVENUE,ADDRESS,BROOKLYN,GATES AVENUE,,Closed,,The Department of Sanitation investigated this complaint and found no violation at the location.,03/20/2023 02:00:51 PM,03 BROOKLYN,3016380006,BROOKLYN,1004743,190315,ONLINE,Unspecified,BROOKLYN,,,,,,,,40.689023758970876,-73.92610513628088,"(40.689023758970876, -73.92610513628088)"
57048098,03/15/2023 12:09:48 PM,03/18/2023 02:45:57 PM,DSNY,Department of Sanitation,Dirty Condition,Dog Waste,Sidewalk,10028,231 EAST   83 STREET,EAST   83 STREET,3 AVENUE,2 AVENUE,3 AVENUE,2 AVENUE,ADDRESS,NEW YORK,EAST   83 STREET,,Closed,,The Department of Sanitation investigated this complaint and found no violation at the location.,03/18/2023 02:46:04 PM,08 MANHATTAN,1015290018,MANHATTAN,996828,222191,ONLINE,Unspecified,MANHATTAN,,,,,,,,40.77653031539087,-73.95458591180177,"(40.77653031539087, -73.95458591180177)"
57046756,03/15/2023 09:45:31 AM,03/16/2023 02:55:53 PM,DSNY,Department of Sanitation,Dirty Condition,Dog Waste,Sidewalk,10460,1904 VYSE AVENUE,VYSE AVENUE,BOSTON ROAD,EAST TREMONT AVENUE,BOSTON ROAD,EAST TREMONT AVENUE,ADDRESS,BRONX,VYSE AVENUE,,Closed,,The Department of Sanitation investigated this complaint and found no violation at the location.,03/16/2023 02:55:59 PM,06 BRONX,2030050007,BRONX,1016491,245382,ONLINE,Unspecified,BRONX,,,,,,,,40.8401332832067,-73.88347942166085,"(40.8401332832067, -73.88347942166085)"
57046559,03/15/2023 09:17:16 AM,03/16/2023 04:19:14 PM,DSNY,Department of Sanitation,Dirty Condition,Dog Waste,Sidewalk,11426,237-01 FAIRBURY AVENUE,FAIRBURY AVENUE,GETTYSBURG STREET,240 STREET,GETTYSBURG STREET,240 STREET,ADDRESS,BELLEROSE,FAIRBURY AVENUE,,Closed,,The Department of Sanitation investigated this complaint and found no violation at the location.,03/16/2023 04:19:19 PM,13 QUEENS,4079960030,QUEENS,1059069,203431,ONLINE,Unspecified,QUEENS,,,,,,,,40.72473139604096,-73.73006830451897,"(40.72473139604096, -73.73006830451897)"
57047815,03/15/2023 08:45:25 AM,03/20/2023 12:10:08 PM,DSNY,Department of Sanitation,Dirty Condition,Dog Waste,Street,10023,WEST   64 STREET,WEST   64 STREET,WEST   64 STREET,WEST END AVENUE,WEST   64 STREET,WEST END AVENUE,INTERSECTION,,,,Closed,,The Department of Sanitation investigated this complaint and found no violation at the location.,03/20/2023 12:10:15 PM,07 MANHATTAN,,MANHATTAN,987525,221534,PHONE,Unspecified,MANHATTAN,,,,,,,,40.77473536544984,-73.98817561427168,"(40.77473536544984, -73.98817561427168)"
57051639,03/15/2023 08:36:14 AM,03/16/2023 01:35:54 PM,DSNY,Department of Sanitation,Dirty Condition,Dog Waste,Sidewalk,11223,1926 EAST    5 STREET,EAST    5 STREET,AVENUE R,AVENUE S,AVENUE R,AVENUE S,ADDRESS,BROOKLYN,EAST    5 STREET,,Closed,,The Department of Sanitation investigated this complaint and found no violation at the location.,03/16/2023 01:36:00 PM,15 BROOKLYN,3066810331,BROOKLYN,993146,159155,PHONE,Unspecified,BROOKLYN,,,,,,,,40.603515556005675,-73.96796336674544,"(40.603515556005675, -73.96796336674544)"
57052318,03/15/2023 07:49:41 AM,03/18/2023 02:45:23 PM,DSNY,Department of Sanitation,Dirty Condition,Dog Waste,Sidewalk,10128,495 EAST   92 STREET,EAST   92 STREET,1 AVENUE,YORK AVENUE,1 AVENUE,YORK AVENUE,ADDRESS,NEW YORK,EAST   92 STREET,,Closed,,The Department of Sanitation investigated this complaint and found no violation at the location.,03/18/2023 02:45:29 PM,08 MANHATTAN,,MANHATTAN,999621,223395,ONLINE,Unspecified,MANHATTAN,,,,,,,,40.77983056150454,-73.9444987626859,"(40.77983056150454, -73.9444987626859)"
57055310,03/15/2023 04:58:54 AM,03/18/2023 12:52:07 PM,DSNY,Department of Sanitation,Dirty Condition,Dog Waste,Sidewalk,10034,553 ACADEMY STREET,ACADEMY STREET,NAGLE AVENUE,POST AVENUE,NAGLE AVENUE,POST AVENUE,ADDRESS,NEW YORK,ACADEMY STREET,,Closed,,The Department of Sanitation investigated this complaint and found no violation at the location.,03/18/2023 12:52:15 PM,12 MANHATTAN,1022180048,MANHATTAN,1005570,253737,PHONE,Unspecified,MANHATTAN,,,,,,,,40.863098389922236,-73.92292186414474,"(40.863098389922236, -73.92292186414474)"
57042227,03/14/2023 08:06:12 PM,03/17/2023 01:36:41 PM,DSNY,Department of Sanitation,Dirty Condition,Dog Waste,Sidewalk,11226,180 LINDEN BOULEVARD,LINDEN BOULEVARD,ROGERS AVENUE,NOSTRAND AVENUE,ROGERS AVENUE,NOSTRAND AVENUE,ADDRESS,BROOKLYN,LINDEN BOULEVARD,,Closed,,The Department of Sanitation investigated this complaint and issued a Notice of Violation.,03/17/2023 01:36:48 PM,17 BROOKLYN,3050880012,BROOKLYN,997613,177012,PHONE,Unspecified,BROOKLYN,,,,,,,,40.65252364351761,-73.95184127471376,"(40.65252364351761, -73.95184127471376)"
57037381,03/14/2023 04:54:47 PM,03/15/2023 12:24:53 PM,DSNY,Department of Sanitation,Dirty Condition,Dog Waste,Sidewalk,10031,6 ST NICHOLAS PLACE,ST NICHOLAS PLACE,ST NICHOLAS AVENUE,WEST  150 STREET,ST NICHOLAS AVENUE,WEST  150 STREET,ADDRESS,NEW YORK,ST NICHOLAS PLACE,,Closed,,The Department of Sanitation investigated this complaint and found no violation at the location.,03/15/2023 12:24:59 PM,09 MANHATTAN,1020530106,MANHATTAN,1000134,240566,ONLINE,Unspecified,MANHATTAN,,,,,,,,40.8269593239659,-73.94260581198719,"(40.8269593239659, -73.94260581198719)"
57044116,03/14/2023 02:42:31 PM,03/17/2023 01:38:50 PM,DSNY,Department of Sanitation,Dirty Condition,Dog Waste,Sidewalk,11226,285 EAST   32 STREET,EAST   32 STREET,CORTELYOU ROAD,CLARENDON ROAD,CORTELYOU ROAD,CLARENDON ROAD,ADDRESS,BROOKLYN,EAST   32 STREET,,Closed,,The Department of Sanitation investigated this complaint and found no violation at the location.,03/17/2023 01:38:54 PM,17 BROOKLYN,3049320039,BROOKLYN,998989,173822,ONLINE,Unspecified,BROOKLYN,,,,,,,,40.64376560256801,-73.9468892994089,"(40.64376560256801, -73.9468892994089)"
57039753,03/14/2023 02:27:45 PM,03/16/2023 04:25:37 PM,DSNY,Department of Sanitation,Dirty Condition,Dog Waste,Sidewalk,10463,118 WEST  227 STREET,WEST  227 STREET,MARBLE HILL AVENUE,VAN CORLEAR PLACE,MARBLE HILL AVENUE,VAN CORLEAR PLACE,ADDRESS,BRONX,WEST  227 STREET,,Closed,,The Department of Sanitation investigated this complaint and found no violation at the location.,03/16/2023 04:25:42 PM,08 BRONX,1022150439,BRONX,1009145,258765,ONLINE,Unspecified,BRONX,,,,,,,,40.87688934826343,-73.90997850439645,"(40.87688934826343, -73.90997850439645)"
57039900,03/14/2023 01:05:11 PM,03/17/2023 01:37:59 PM,DSNY,Department of Sanitation,Dirty Condition,Dog Waste,Sidewalk,11203,526 EAST   40 STREET,EAST   40 STREET,CLARENDON ROAD,AVENUE D,CLARENDON ROAD,AVENUE D,ADDRESS,BROOKLYN,EAST   40 STREET,,Closed,,The Department of Sanitation investigated this complaint and found no violation at the location.,03/17/2023 01:38:07 PM,17 BROOKLYN,3049560023,BROOKLYN,1001147,173424,PHONE,Unspecified,BROOKLYN,,,,,,,,40.64266932420373,-73.93911413386363,"(40.64266932420373, -73.93911413386363)"
57038064,03/14/2023 12:51:49 PM,03/20/2023 04:30:21 PM,DSNY,Department of Sanitation,Dirty Condition,Dog Waste,Sidewalk,11212,110 THATFORD AVENUE,THATFORD AVENUE,PITKIN AVENUE,BELMONT AVENUE,PITKIN AVENUE,BELMONT AVENUE,ADDRESS,BROOKLYN,THATFORD AVENUE,,Closed,,The Department of Sanitation investigated this complaint and found no violation at the location.,03/20/2023 04:30:25 PM,16 BROOKLYN,3035227501,BROOKLYN,1009320,183061,ONLINE,Unspecified,BROOKLYN,,,,,,,,40.66910140140836,-73.90962811676059,"(40.66910140140836, -73.90962811676059)"
57042974,03/14/2023 12:35:44 PM,03/18/2023 12:53:13 PM,DSNY,Department of Sanitation,Dirty Condition,Dog Waste,Sidewalk,10032,65 FORT WASHINGTON AVENUE,FORT WASHINGTON AVENUE,WEST  161 STREET,WEST  162 STREET,WEST  161 STREET,WEST  162 STREET,ADDRESS,NEW YORK,FORT WASHINGTON AVENUE,,Closed,,The Department of Sanitation investigated this complaint and found no violation at the location.,03/18/2023 12:53:20 PM,12 MANHATTAN,1021360145,MANHATTAN,999682,244324,PHONE,Unspecified,MANHATTAN,,,,,,,,40.83727475282743,-73.94423039310577,"(40.83727475282743, -73.94423039310577)"
57044548,03/14/2023 11:34:02 AM,03/20/2023 04:15:45 PM,DSNY,Department of Sanitation,Dirty Condition,Dog Waste,Sidewalk,11226,855 OCEAN AVENUE,OCEAN AVENUE,CORTELYOU ROAD,DORCHESTER ROAD,CORTELYOU ROAD,DORCHESTER ROAD,ADDRESS,BROOKLYN,OCEAN AVENUE,,Closed,,The Department of Sanitation investigated this complaint and found no violation at the location.,03/20/2023 04:15:50 PM,14 BROOKLYN,3051630041,BROOKLYN,995504,173140,ONLINE,Unspecified,BROOKLYN,,,,,,,,40.64189877333751,-73.95944832845807,"(40.64189877333751, -73.95944832845807)"
57039974,03/14/2023 09:39:50 AM,03/14/2023 03:24:51 PM,DSNY,Department of Sanitation,Dirty Condition,Dog Waste,Sidewalk,11375,111-15 75 AVENUE,75 AVENUE,AUSTIN STREET,QUEENS BOULEVARD,AUSTIN STREET,QUEENS BOULEVARD,ADDRESS,FOREST HILLS,75 AVENUE,,Closed,,The Department of Sanitation investigated this complaint and found no violation at the location.,03/14/2023 03:24:57 PM,06 QUEENS,4032930050,QUEENS,1029040,200732,PHONE,Unspecified,QUEENS,,,,,,,,40.71752632101521,-73.83842444605686,"(40.71752632101521, -73.83842444605686)"
57042938,03/14/2023 07:21:08 AM,03/16/2023 12:04:48 PM,DSNY,Department of Sanitation,Dirty Condition,Dog Waste,Sidewalk,10458,2955 DECATUR AVENUE,DECATUR AVENUE,BEDFORD PARK BOULEVARD,EAST  201 STREET,BEDFORD PARK BOULEVARD,EAST  201 STREET,ADDRESS,BRONX,DECATUR AVENUE,,Closed,,The Department of Sanitation investigated this complaint and found no violation at the location.,03/16/2023 12:04:51 PM,07 BRONX,2032850065,BRONX,1016372,255626,ONLINE,Unspecified,BRONX,,,,,,,,40.86825042037346,-73.88386040756097,"(40.86825042037346, -73.88386040756097)"
57029043,03/13/2023 04:52:05 PM,03/16/2023 12:04:46 PM,DSNY,Department of Sanitation,Dirty Condition,Dog Waste,Sidewalk,10458,2955 DECATUR AVENUE,DECATUR AVENUE,BEDFORD PARK BOULEVARD,EAST  201 STREET,BEDFORD PARK BOULEVARD,EAST  201 STREET,ADDRESS,BRONX,DECATUR AVENUE,,Closed,,The Department of Sanitation investigated this complaint and found no violation at the location.,03/16/2023 12:04:53 PM,07 BRONX,2032850065,BRONX,1016372,255626,ONLINE,Unspecified,BRONX,,,,,,,,40.86825042037346,-73.88386040756097,"(40.86825042037346, -73.88386040756097)"
57036064,03/13/2023 04:50:07 PM,03/20/2023 01:12:01 PM,DSNY,Department of Sanitation,Dirty Condition,Dog Waste,Sidewalk,11208,858 BELMONT AVENUE,BELMONT AVENUE,MONTAUK AVENUE,MILFORD STREET,MONTAUK AVENUE,MILFORD STREET,ADDRESS,BROOKLYN,BELMONT AVENUE,,Closed,,The Department of Sanitation investigated this complaint and found no violation at the location.,03/20/2023 01:12:07 PM,05 BROOKLYN,3040400014,BROOKLYN,1018228,184592,PHONE,Unspecified,BROOKLYN,,,,,,,,40.67327394309969,-73.87750903826898,"(40.67327394309969, -73.87750903826898)"
57030543,03/13/2023 03:04:57 PM,03/15/2023 12:27:10 PM,DSNY,Department of Sanitation,Dirty Condition,Dog Waste,Sidewalk,10128,453 EAST   87 STREET,EAST   87 STREET,1 AVENUE,YORK AVENUE,1 AVENUE,YORK AVENUE,ADDRESS,NEW YORK,EAST   87 STREET,,Closed,,The Department of Sanitation investigated this complaint and found no violation at the location.,03/15/2023 12:27:14 PM,08 MANHATTAN,,MANHATTAN,998735,222387,ONLINE,Unspecified,MANHATTAN,,,,,,,,40.777065364364475,-73.94770008246448,"(40.777065364364475, -73.94770008246448)"
57028062,03/13/2023 02:58:34 PM,03/16/2023 12:04:06 PM,DSNY,Department of Sanitation,Dirty Condition,Dog Waste,Sidewalk,10458,2790 POND PLACE,POND PLACE,EAST  197 STREET,EAST  198 STREET,EAST  197 STREET,EAST  198 STREET,ADDRESS,BRONX,POND PLACE,,Closed,,The Department of Sanitation investigated this complaint and found no violation at the location.,03/16/2023 12:04:12 PM,07 BRONX,2032890014,BRONX,1015160,255308,PHONE,Unspecified,BRONX,,,,,,,,40.86738193519938,-73.8882439499434,"(40.86738193519938, -73.8882439499434)"
57029704,03/13/2023 12:28:50 PM,03/13/2023 04:06:09 PM,DSNY,Department of Sanitation,Dirty Condition,Dog Waste,Sidewalk,11358,40-02 167 STREET,167 STREET,167 ST FOOTBRIDGE,NORTHERN BOULEVARD,167 ST FOOTBRIDGE,NORTHERN BOULEVARD,ADDRESS,FLUSHING,167 STREET,,Closed,,The Department of Sanitation investigated this complaint and found no violation at the location.,03/13/2023 04:06:15 PM,07 QUEENS,4053410034,QUEENS,1039879,216586,PHONE,Unspecified,QUEENS,,,,,,,,40.76097998663108,-73.7991928292069,"(40.76097998663108, -73.7991928292069)"
57032681,03/13/2023 11:44:29 AM,03/14/2023 12:14:21 PM,DSNY,Department of Sanitation,Dirty Condition,Dog Waste,Sidewalk,10031,575 RIVERSIDE DRIVE,RIVERSIDE DRIVE,12 AVENUE,WEST  135 STREET,12 AVENUE,WEST  135 STREET,ADDRESS,NEW YORK,RIVERSIDE DRIVE,,Closed,,The Department of Sanitation investigated this complaint and found no violation at the location.,03/14/2023 12:14:46 PM,09 MANHATTAN,1020010060,MANHATTAN,995943,238407,ONLINE,Unspecified,MANHATTAN,,,,,,,,40.82104002485966,-73.95775305197864,"(40.82104002485966, -73.95775305197864)"
57033677,03/13/2023 11:33:10 AM,03/20/2023 04:29:42 PM,DSNY,Department of Sanitation,Dirty Condition,Dog Waste,Sidewalk,11233,2109A PACIFIC STREET,PACIFIC STREET,HOWARD AVENUE,SARATOGA AVENUE,HOWARD AVENUE,SARATOGA AVENUE,ADDRESS,BROOKLYN,PACIFIC STREET,,Closed,,The Department of Sanitation investigated this complaint and found no violation at the location.,03/20/2023 04:29:48 PM,16 BROOKLYN,3014320039,BROOKLYN,1007156,185533,PHONE,Unspecified,BROOKLYN,,,,,,,,40.67589234727732,-73.91742045945651,"(40.67589234727732, -73.91742045945651)"
57028057,03/13/2023 09:37:52 AM,03/13/2023 10:35:51 AM,DSNY,Department of Sanitation,Dirty Condition,Dog Waste,Sidewalk,10459,1401 PROSPECT AVENUE,PROSPECT AVENUE,JENNINGS STREET,EAST  170 STREET,JENNINGS STREET,EAST  170 STREET,ADDRESS,BRONX,PROSPECT AVENUE,,Closed,,The Department of Sanitation investigated this complaint and found no violation at the location.,03/13/2023 10:35:57 AM,03 BRONX,2029620046,BRONX,1012845,242462,ONLINE,Unspecified,BRONX,,,,,,,,40.83213129243463,-73.89666868262292,"(40.83213129243463, -73.89666868262292)"
57035978,03/13/2023 02:01:24 AM,03/20/2023 04:19:36 PM,DSNY,Department of Sanitation,Dirty Condition,Dog Waste,Sidewalk,11219,48 STREET,48 STREET,NEW UTRECHT AVENUE,12 AVENUE,NEW UTRECHT AVENUE,12 AVENUE,BLOCKFACE,,,,Closed,,The Department of Sanitation investigated this complaint and found no violation at the location.,03/20/2023 04:19:43 PM,Unspecified BROOKLYN,,BROOKLYN,,,ONLINE,Unspecified,BROOKLYN,,,,,,,,,,
57023067,03/12/2023 05:57:08 PM,03/15/2023 04:30:44 PM,DSNY,Department of Sanitation,Dirty Condition,Dog Waste,Sidewalk,11206,519 WILLOUGHBY AVENUE,WILLOUGHBY AVENUE,MARCY AVENUE,TOMPKINS AVENUE,MARCY AVENUE,TOMPKINS AVENUE,ADDRESS,BROOKLYN,WILLOUGHBY AVENUE,,Closed,,The Department of Sanitation investigated this complaint and found no violation at the location.,03/15/2023 04:30:52 PM,03 BROOKLYN,3017590001,BROOKLYN,998582,192117,ONLINE,Unspecified,BROOKLYN,,,,,,,,40.69398195331585,-73.94831699215904,"(40.69398195331585, -73.94831699215904)"
57027185,03/12/2023 05:27:29 PM,03/14/2023 12:15:30 PM,DSNY,Department of Sanitation,Dirty Condition,Dog Waste,Sidewalk,10031,513 WEST  144 STREET,WEST  144 STREET,AMSTERDAM AVENUE,BROADWAY,AMSTERDAM AVENUE,BROADWAY,ADDRESS,NEW YORK,WEST  144 STREET,,Closed,,The Department of Sanitation investigated this complaint and found no violation at the location.,03/14/2023 12:15:35 PM,09 MANHATTAN,1020760125,MANHATTAN,998437,239793,PHONE,Unspecified,MANHATTAN,,,,,,,,40.82484054811779,-73.94873927180258,"(40.82484054811779, -73.94873927180258)"
57024912,03/12/2023 04:31:45 PM,03/13/2023 01:26:27 PM,DSNY,Department of Sanitation,Dirty Condition,Dog Waste,Sidewalk,10457,600 EAST  179 STREET,EAST  179 STREET,ARTHUR AVENUE,HUGHES AVENUE,ARTHUR AVENUE,HUGHES AVENUE,ADDRESS,BRONX,EAST  179 STREET,,Closed,,The Department of Sanitation investigated this complaint and found no violation at the location.,03/13/2023 01:26:32 PM,06 BRONX,2030680069,BRONX,1014057,248214,PHONE,Unspecified,BRONX,,,,,,,,40.8479148384619,-73.89226342145311,"(40.8479148384619, -73.89226342145311)"
57022947,03/12/2023 03:53:25 PM,03/15/2023 12:28:03 PM,DSNY,Department of Sanitation,Dirty Condition,Dog Waste,Sidewalk,10128,525 EAST   88 STREET,EAST   88 STREET,YORK AVENUE,EAST END AVENUE,YORK AVENUE,EAST END AVENUE,ADDRESS,NEW YORK,EAST   88 STREET,,Closed,,The Department of Sanitation investigated this complaint and found no violation at the location.,03/15/2023 12:28:08 PM,08 MANHATTAN,1015850014,MANHATTAN,999387,222324,ONLINE,Unspecified,MANHATTAN,,,,,,,,40.776891353474404,-73.94534609683696,"(40.776891353474404, -73.94534609683696)"
57023125,03/12/2023 03:18:41 PM,03/13/2023 10:35:49 AM,DSNY,Department of Sanitation,Dirty Condition,Dog Waste,Sidewalk,10459,1401 PROSPECT AVENUE,PROSPECT AVENUE,JENNINGS STREET,EAST  170 STREET,JENNINGS STREET,EAST  170 STREET,ADDRESS,BRONX,PROSPECT AVENUE,,Closed,,The Department of Sanitation investigated this complaint and found no violation at the location.,03/13/2023 10:35:55 AM,03 BRONX,2029620046,BRONX,1012845,242462,ONLINE,Unspecified,BRONX,,,,,,,,40.83213129243463,-73.89666868262292,"(40.83213129243463, -73.89666868262292)"
57024820,03/12/2023 03:15:11 PM,03/13/2023 10:37:23 AM,DSNY,Department of Sanitation,Dirty Condition,Dog Waste,Sidewalk,10459,980 SOUTHERN BOULEVARD,SOUTHERN BOULEVARD,EAST  163 STREET,ALDUS STREET,EAST  163 STREET,ALDUS STREET,ADDRESS,BRONX,SOUTHERN BOULEVARD,,Closed,,The Department of Sanitation investigated this complaint and found no violation at the location.,03/13/2023 10:37:27 AM,02 BRONX,2027420030,BRONX,1014211,238961,ONLINE,Unspecified,BRONX,,,,,,,,40.822517525145734,-73.89174812392757,"(40.822517525145734, -73.89174812392757)"
57023128,03/12/2023 02:30:41 PM,03/13/2023 01:39:18 PM,DSNY,Department of Sanitation,Dirty Condition,Dog Waste,Sidewalk,11214,144 BAY   17 STREET,BAY   17 STREET,RUTHERFORD PLACE,BATH AVENUE,RUTHERFORD PLACE,BATH AVENUE,ADDRESS,BROOKLYN,BAY   17 STREET,,Closed,,The Department of Sanitation investigated this complaint and found no violation at the location.,03/13/2023 01:39:27 PM,11 BROOKLYN,3064010046,BROOKLYN,982457,159617,ONLINE,Unspecified,BROOKLYN,,,,,,,,40.60478793558753,-74.006457146686,"(40.60478793558753, -74.006457146686)"
57027280,03/12/2023 02:23:23 PM,03/13/2023 01:55:11 PM,DSNY,Department of Sanitation,Dirty Condition,Dog Waste,Sidewalk,11225,315 FENIMORE STREET,FENIMORE STREET,ROGERS AVENUE,NOSTRAND AVENUE,ROGERS AVENUE,NOSTRAND AVENUE,ADDRESS,BROOKLYN,FENIMORE STREET,,Closed,,The Department of Sanitation investigated this complaint and found no violation at the location.,03/13/2023 01:55:17 PM,09 BROOKLYN,3050390065,BROOKLYN,997574,179227,PHONE,Unspecified,BROOKLYN,,,,,,,,40.6586033916211,-73.95197745000581,"(40.6586033916211, -73.95197745000581)"
57024528,03/12/2023 01:58:08 PM,03/16/2023 01:33:52 PM,DSNY,Department of Sanitation,Dirty Condition,Dog Waste,Street,11235,228 COLERIDGE STREET,COLERIDGE STREET,ORIENTAL BOULEVARD,DEAD END,ORIENTAL BOULEVARD,DEAD END,ADDRESS,BROOKLYN,COLERIDGE STREET,,Closed,,The Department of Sanitation has noted this as a location of concern.,03/16/2023 01:33:56 PM,15 BROOKLYN,3087400031,BROOKLYN,998161,149257,PHONE,Unspecified,BROOKLYN,,,,,,,,40.576341076595945,-73.94992352724623,"(40.576341076595945, -73.94992352724623)"
57024669,03/12/2023 12:59:41 PM,03/13/2023 01:19:44 PM,DSNY,Department of Sanitation,Dirty Condition,Dog Waste,Sidewalk,11218,1115 DITMAS AVENUE,DITMAS AVENUE,STRATFORD ROAD,WESTMINSTER ROAD,STRATFORD ROAD,WESTMINSTER ROAD,ADDRESS,BROOKLYN,DITMAS AVENUE,,Closed,,The Department of Sanitation investigated this complaint and found no violation at the location.,03/13/2023 01:19:50 PM,14 BROOKLYN,3051750044,BROOKLYN,993434,170831,PHONE,Unspecified,BROOKLYN,,,,,,,,40.63556345049019,-73.96691032607522,"(40.63556345049019, -73.96691032607522)"
57025595,03/12/2023 12:39:45 PM,03/16/2023 04:55:48 PM,DSNY,Department of Sanitation,Dirty Condition,Dog Waste,Sidewalk,11233,HOWARD AVENUE,HOWARD AVENUE,HOWARD AVENUE,SAINT MARKS AVENUE,HOWARD AVENUE,SAINT MARKS AVENUE,INTERSECTION,,,,Closed,,The Department of Sanitation investigated this complaint and found no violation at the location.,03/16/2023 04:55:53 PM,16 BROOKLYN,,BROOKLYN,1006569,184676,PHONE,Unspecified,BROOKLYN,,,,,,,,40.67354157555477,-73.91953951854465,"(40.67354157555477, -73.91953951854465)"
57025527,03/12/2023 10:56:00 AM,03/13/2023 04:08:16 PM,DSNY,Department of Sanitation,Dirty Condition,Dog Waste,Sidewalk,11411,116-09 208 STREET,208 STREET,116 AVENUE,NASHVILLE BOULEVARD,116 AVENUE,NASHVILLE BOULEVARD,ADDRESS,CAMBRIA HEIGHTS,208 STREET,,Closed,,The Department of Sanitation investigated this complaint and found no violation at the location.,03/13/2023 04:08:21 PM,13 QUEENS,4110810023,QUEENS,1054999,193594,ONLINE,Unspecified,QUEENS,,,,,,,,40.69776477173625,-73.74485532032539,"(40.69776477173625, -73.74485532032539)"
57021693,03/12/2023 08:22:54 AM,03/13/2023 01:23:17 PM,DSNY,Department of Sanitation,Dirty Condition,Dog Waste,Sidewalk,10458,2955 DECATUR AVENUE,DECATUR AVENUE,BEDFORD PARK BOULEVARD,EAST  201 STREET,BEDFORD PARK BOULEVARD,EAST  201 STREET,ADDRESS,BRONX,DECATUR AVENUE,,Closed,,The Department of Sanitation investigated this complaint and found no violation at the location.,03/13/2023 01:23:21 PM,07 BRONX,2032850065,BRONX,1016372,255626,ONLINE,Unspecified,BRONX,,,,,,,,40.86825042037346,-73.88386040756097,"(40.86825042037346, -73.88386040756097)"
57027411,03/12/2023 08:09:36 AM,03/16/2023 04:48:00 PM,DSNY,Department of Sanitation,Dirty Condition,Dog Waste,Street,11209,413 74 STREET,74 STREET,4 AVENUE,5 AVENUE,4 AVENUE,5 AVENUE,ADDRESS,BROOKLYN,74 STREET,,Closed,,The Department of Sanitation investigated this complaint and found no violation at the location.,03/16/2023 04:48:05 PM,10 BROOKLYN,3059190073,BROOKLYN,977514,169265,PHONE,Unspecified,BROOKLYN,,,,,,,,40.63126731266398,-74.0242680414434,"(40.63126731266398, -74.0242680414434)"
57023951,03/12/2023 06:03:30 AM,03/13/2023 10:34:28 AM,DSNY,Department of Sanitation,Dirty Condition,Dog Waste,Sidewalk,10459,741 JENNINGS STREET,JENNINGS STREET,UNION AVENUE,PROSPECT AVENUE,UNION AVENUE,PROSPECT AVENUE,ADDRESS,BRONX,JENNINGS STREET,,Closed,,The Department of Sanitation investigated this complaint and found no violation at the location.,03/13/2023 10:34:32 AM,03 BRONX,2029620064,BRONX,1012303,242334,PHONE,Unspecified,BRONX,,,,,,,,40.83178170766655,-73.89862779539902,"(40.83178170766655, -73.89862779539902)"
57018336,03/12/2023 12:45:02 AM,03/16/2023 01:33:17 PM,DSNY,Department of Sanitation,Dirty Condition,Dog Waste,Street,11235,1206 AVENUE Z,AVENUE Z,EAST   12 STREET,HOMECREST AVENUE,EAST   12 STREET,HOMECREST AVENUE,ADDRESS,BROOKLYN,AVENUE Z,,Closed,,The Department of Sanitation investigated this complaint and found no violation at the location.,03/16/2023 01:33:22 PM,15 BROOKLYN,3074560001,BROOKLYN,995948,153346,ONLINE,Unspecified,BROOKLYN,,,,,,,,40.58756776727923,-73.95788275120178,"(40.58756776727923, -73.95788275120178)"
57018604,03/11/2023 09:19:27 PM,03/13/2023 04:07:04 PM,DSNY,Department of Sanitation,Dirty Condition,Dog Waste,Sidewalk,11433,92-17 168 PLACE,168 PLACE,JAMAICA AVENUE,92 ROAD,JAMAICA AVENUE,92 ROAD,ADDRESS,JAMAICA,168 PLACE,,Closed,,The Department of Sanitation investigated this complaint and found no violation at the location.,03/13/2023 04:07:10 PM,12 QUEENS,4102100238,QUEENS,1042151,196592,PHONE,Unspecified,QUEENS,,,,,,,,40.706086944846696,-73.79116355693047,"(40.706086944846696, -73.79116355693047)"
57018786,03/11/2023 07:10:33 PM,03/13/2023 01:22:27 PM,DSNY,Department of Sanitation,Dirty Condition,Dog Waste,Sidewalk,10469,3194 BRONXWOOD AVENUE,BRONXWOOD AVENUE,ADEE AVENUE,BURKE AVENUE,ADEE AVENUE,BURKE AVENUE,ADDRESS,BRONX,BRONXWOOD AVENUE,,Closed,,The Department of Sanitation investigated this complaint and found no violation at the location.,03/13/2023 01:22:31 PM,12 BRONX,2045740023,BRONX,1022586,256538,ONLINE,Unspecified,BRONX,,,,,,,,40.87072877871291,-73.86138802337913,"(40.87072877871291, -73.86138802337913)"
57017767,03/11/2023 04:55:04 PM,03/16/2023 04:56:45 PM,DSNY,Department of Sanitation,Dirty Condition,Dog Waste,Sidewalk,11221,415 EVERGREEN AVENUE,EVERGREEN AVENUE,LINDEN STREET,GATES AVENUE,LINDEN STREET,GATES AVENUE,ADDRESS,BROOKLYN,EVERGREEN AVENUE,,Closed,,The Department of Sanitation investigated this complaint and found no violation at the location.,03/16/2023 04:56:48 PM,04 BROOKLYN,3033320001,BROOKLYN,1006413,191549,ONLINE,Unspecified,BROOKLYN,,,,,,,,40.69240677889639,-73.92007929566688,"(40.69240677889639, -73.92007929566688)"
57017143,03/11/2023 04:51:08 PM,03/16/2023 04:56:44 PM,DSNY,Department of Sanitation,Dirty Condition,Dog Waste,Sidewalk,11221,415 EVERGREEN AVENUE,EVERGREEN AVENUE,LINDEN STREET,GATES AVENUE,LINDEN STREET,GATES AVENUE,ADDRESS,BROOKLYN,EVERGREEN AVENUE,,Closed,,The Department of Sanitation investigated this complaint and found no violation at the location.,03/16/2023 04:56:47 PM,04 BROOKLYN,3033320001,BROOKLYN,1006413,191549,ONLINE,Unspecified,BROOKLYN,,,,,,,,40.69240677889639,-73.92007929566688,"(40.69240677889639, -73.92007929566688)"
57019534,03/11/2023 01:27:26 PM,03/13/2023 01:25:52 PM,DSNY,Department of Sanitation,Dirty Condition,Dog Waste,Sidewalk,10465,1617 BAY SHORE AVENUE,BAY SHORE AVENUE,AMPERE AVENUE,WATT AVENUE,AMPERE AVENUE,WATT AVENUE,ADDRESS,BRONX,BAY SHORE AVENUE,,Closed,,The Department of Sanitation investigated this complaint and found no violation at the location.,03/13/2023 01:25:56 PM,10 BRONX,2054170188,BRONX,1035035,247818,ONLINE,Unspecified,BRONX,,,,,,,,40.84673220137923,-73.81644219508001,"(40.84673220137923, -73.81644219508001)"
57019579,03/11/2023 12:50:47 PM,03/20/2023 03:14:16 PM,DSNY,Department of Sanitation,Dirty Condition,Dog Waste,Street,10019,322 WEST   57 STREET,WEST   57 STREET,8 AVENUE,9 AVENUE,8 AVENUE,9 AVENUE,ADDRESS,NEW YORK,WEST   57 STREET,,Closed,,The Department of Sanitation investigated this complaint and found no violation at the location.,03/20/2023 03:14:21 PM,04 MANHATTAN,1010477503,MANHATTAN,988750,218744,PHONE,Unspecified,MANHATTAN,,,,,,,,40.76707700429356,-73.98375462066865,"(40.76707700429356, -73.98375462066865)"
57020466,03/11/2023 12:42:44 PM,03/16/2023 01:41:11 PM,DSNY,Department of Sanitation,Dirty Condition,Dog Waste,Sidewalk,11206,74 STANWIX STREET,STANWIX STREET,NOLL STREET,FORREST STREET,NOLL STREET,FORREST STREET,ADDRESS,BROOKLYN,STANWIX STREET,,Closed,,The Department of Sanitation investigated this complaint and found no violation at the location.,03/16/2023 01:41:17 PM,04 BROOKLYN,3031400001,BROOKLYN,1002338,194691,ONLINE,Unspecified,BROOKLYN,,,,,,,,40.701040102507825,-73.93476547224434,"(40.701040102507825, -73.93476547224434)"
57014213,03/11/2023 12:11:16 PM,03/11/2023 03:07:22 PM,DSNY,Department of Sanitation,Dirty Condition,Dog Waste,Sidewalk,11434,171-42 119 AVENUE,119 AVENUE,RING PLACE,MERRILL STREET,RING PLACE,MERRILL STREET,ADDRESS,JAMAICA,119 AVENUE,,Closed,,The Department of Sanitation investigated this complaint and found no violation at the location.,03/11/2023 03:07:28 PM,12 QUEENS,4123730121,QUEENS,1046800,188815,PHONE,Unspecified,QUEENS,,,,,,,,40.68470931267062,-73.77446790470341,"(40.68470931267062, -73.77446790470341)"
57016437,03/11/2023 12:07:53 PM,03/11/2023 03:05:08 PM,DSNY,Department of Sanitation,Dirty Condition,Dog Waste,Sidewalk,11691,438 BEACH   22 STREET,BEACH   22 STREET,,COLLIER AVENUE,,COLLIER AVENUE,ADDRESS,FAR ROCKAWAY,BEACH   22 STREET,,Closed,,The Department of Sanitation investigated this complaint and found no violation at the location.,03/11/2023 03:05:14 PM,14 QUEENS,4157700022,QUEENS,1051795,157560,PHONE,Unspecified,QUEENS,,,,,,,,40.59888467541848,-73.75677079084946,"(40.59888467541848, -73.75677079084946)"
57014137,03/11/2023 06:38:21 AM,03/11/2023 12:50:32 PM,DSNY,Department of Sanitation,Dirty Condition,Dog Waste,Street,10304,84 CEDAR TERRACE,CEDAR TERRACE,DEAD END,CUNARD PLACE,DEAD END,CUNARD PLACE,ADDRESS,STATEN ISLAND,CEDAR TERRACE,,Closed,,The Department of Sanitation investigated this complaint and found no violation at the location.,03/11/2023 12:50:39 PM,01 STATEN ISLAND,5006270014,STATEN ISLAND,959494,162616,ONLINE,Unspecified,STATEN ISLAND,,,,,,,,40.61298517390746,-74.08916496374715,"(40.61298517390746, -74.08916496374715)"
57020288,03/11/2023 06:34:22 AM,03/14/2023 01:04:45 PM,DSNY,Department of Sanitation,Dirty Condition,Dog Waste,Street,11226,285 EAST   32 STREET,EAST   32 STREET,CORTELYOU ROAD,CLARENDON ROAD,CORTELYOU ROAD,CLARENDON ROAD,ADDRESS,BROOKLYN,EAST   32 STREET,,Closed,,The Department of Sanitation investigated this complaint and found no violation at the location.,03/14/2023 01:04:52 PM,17 BROOKLYN,3049320039,BROOKLYN,998989,173822,ONLINE,Unspecified,BROOKLYN,,,,,,,,40.64376560256801,-73.9468892994089,"(40.64376560256801, -73.9468892994089)"
57020506,03/11/2023 06:28:58 AM,03/13/2023 10:33:41 AM,DSNY,Department of Sanitation,Dirty Condition,Dog Waste,Sidewalk,10459,881 EAST  162 STREET,EAST  162 STREET,PROSPECT AVENUE,EAST  163 STREET,PROSPECT AVENUE,EAST  163 STREET,ADDRESS,BRONX,EAST  162 STREET,,Closed,,The Department of Sanitation investigated this complaint and found no violation at the location.,03/13/2023 10:33:47 AM,02 BRONX,2026900081,BRONX,1012005,238504,PHONE,Unspecified,BRONX,,,,,,,,40.82127039726054,-73.89972048984208,"(40.82127039726054, -73.89972048984208)"
57011416,03/10/2023 10:48:55 PM,03/13/2023 04:39:08 PM,DSNY,Department of Sanitation,Dirty Condition,Dog Waste,Sidewalk,10033,4 SOUTH PINEHURST AVENUE,SOUTH PINEHURST AVENUE,WEST  176 STREET,PINEHURST AVENUE,WEST  176 STREET,PINEHURST AVENUE,ADDRESS,NEW YORK,SOUTH PINEHURST AVENUE,,Closed,,The Department of Sanitation investigated this complaint and found no violation at the location.,03/13/2023 04:39:17 PM,12 MANHATTAN,1021390517,MANHATTAN,1000696,248141,PHONE,Unspecified,MANHATTAN,,,,,,,,40.84774946947696,-73.94055654526865,"(40.84774946947696, -73.94055654526865)"
57011118,03/10/2023 07:47:35 PM,03/15/2023 04:23:28 PM,DSNY,Department of Sanitation,Dirty Condition,Dog Waste,Street,11210,4011 HUBBARD PLACE,HUBBARD PLACE,EAST   40 STREET,KINGS HIGHWAY,EAST   40 STREET,KINGS HIGHWAY,ADDRESS,BROOKLYN,HUBBARD PLACE,,Closed,,The Department of Sanitation investigated this complaint and found no violation at the location.,03/15/2023 04:23:36 PM,18 BROOKLYN,3078130146,BROOKLYN,1001868,167065,PHONE,Unspecified,BROOKLYN,,,,,,,,40.625213818536274,-73.93653271859279,"(40.625213818536274, -73.93653271859279)"
57012286,03/10/2023 04:48:03 PM,03/21/2023 04:25:52 PM,DSNY,Department of Sanitation,Dirty Condition,Dog Waste,Street,10019,CENTRAL PARK SOUTH,CENTRAL PARK SOUTH,CENTRAL PARK SOUTH,EAST   59 STREET,CENTRAL PARK SOUTH,EAST   59 STREET,INTERSECTION,,,,Closed,,The Department of Sanitation investigated this complaint and found no violation at the location.,03/21/2023 04:25:58 PM,05 MANHATTAN,,MANHATTAN,991725,217725,PHONE,Unspecified,MANHATTAN,,,,,,,,40.76427809800246,-73.97301575364541,"(40.76427809800246, -73.97301575364541)"
57012113,03/10/2023 04:31:03 PM,03/11/2023 11:45:27 AM,DSNY,Department of Sanitation,Dirty Condition,Dog Waste,Street,10465,1620 BAY SHORE AVENUE,BAY SHORE AVENUE,AMPERE AVENUE,WATT AVENUE,AMPERE AVENUE,WATT AVENUE,ADDRESS,BRONX,BAY SHORE AVENUE,,Closed,,The Department of Sanitation investigated this complaint and found no violation at the location.,03/11/2023 11:45:32 AM,10 BRONX,,BRONX,1035043,247844,ONLINE,Unspecified,BRONX,,,,,,,,40.846803517554484,-73.81641308293328,"(40.846803517554484, -73.81641308293328)"
57005245,03/10/2023 03:49:41 PM,03/16/2023 02:40:18 PM,DSNY,Department of Sanitation,Dirty Condition,Dog Waste,Sidewalk,10014,27 CHRISTOPHER STREET,CHRISTOPHER STREET,GAY STREET,GROVE STREET,GAY STREET,GROVE STREET,ADDRESS,NEW YORK,CHRISTOPHER STREET,,Closed,,The Department of Sanitation investigated this complaint and found no condition at the location.,03/16/2023 02:40:24 PM,02 MANHATTAN,1006100075,MANHATTAN,983987,206653,ONLINE,Unspecified,MANHATTAN,,,,,,,,40.7338914042701,-74.00094897930612,"(40.7338914042701, -74.00094897930612)"
57013546,03/10/2023 03:31:50 PM,03/11/2023 01:38:22 PM,DSNY,Department of Sanitation,Dirty Condition,Dog Waste,Sidewalk,11219,1347 BAYRIDGE AVENUE,BAYRIDGE AVENUE,13 AVENUE,14 AVENUE,13 AVENUE,14 AVENUE,ADDRESS,BROOKLYN,BAY RIDGE AVENUE,,Closed,,The Department of Sanitation investigated this complaint and found no violation at the location.,03/11/2023 01:38:27 PM,10 BROOKLYN,3057750055,BROOKLYN,983491,166257,PHONE,Unspecified,BROOKLYN,,,,,,,,40.62301351361545,-74.0027341397644,"(40.62301351361545, -74.0027341397644)"
57005388,03/10/2023 01:44:59 PM,03/11/2023 12:59:43 PM,DSNY,Department of Sanitation,Dirty Condition,Dog Waste,Sidewalk,10463,3658 HENRY HUDSON PARKWAY EAST,HENRY HUDSON PARKWAY EAST,WEST  236 STREET,NETHERLAND AVENUE,WEST  236 STREET,NETHERLAND AVENUE,ADDRESS,BRONX,HENRY HUDSON PARKWAY EAST,,Closed,,The Department of Sanitation investigated this complaint and found no violation at the location.,03/11/2023 12:59:49 PM,08 BRONX,,BRONX,1008750,262654,ONLINE,Unspecified,BRONX,,,,,,,,40.887564540941575,-73.91139261709519,"(40.887564540941575, -73.91139261709519)"
57005880,03/10/2023 11:44:51 AM,03/11/2023 11:43:54 AM,DSNY,Department of Sanitation,Dirty Condition,Dog Waste,Sidewalk,10452,1020 GERARD AVENUE,GERARD AVENUE,EAST  164 STREET,EAST  165 STREET,EAST  164 STREET,EAST  165 STREET,ADDRESS,BRONX,GERARD AVENUE,,Closed,,The Department of Sanitation investigated this complaint and found no violation at the location.,03/11/2023 11:43:59 AM,04 BRONX,2024770011,BRONX,1005620,242104,PHONE,Unspecified,BRONX,,,,,,,,40.83116912288787,-73.92277817473338,"(40.83116912288787, -73.92277817473338)"
56998563,03/09/2023 07:18:38 PM,03/10/2023 08:35:33 AM,DSNY,Department of Sanitation,Dirty Condition,Dog Waste,Sidewalk,11369,22-19 99 STREET,99 STREET,22 DRIVE,23 AVENUE,22 DRIVE,23 AVENUE,ADDRESS,EAST ELMHURST,99 STREET,,Closed,,The Department of Sanitation investigated this complaint and found no violation at the location.,03/10/2023 08:35:38 AM,03 QUEENS,4010740153,QUEENS,1019766,219773,PHONE,Unspecified,QUEENS,,,,,,,,40.76983114218254,-73.87177889871714,"(40.76983114218254, -73.87177889871714)"
56997700,03/09/2023 07:11:52 PM,03/20/2023 03:14:18 PM,DSNY,Department of Sanitation,Dirty Condition,Dog Waste,Sidewalk,10019,322 WEST   57 STREET,WEST   57 STREET,8 AVENUE,9 AVENUE,8 AVENUE,9 AVENUE,ADDRESS,NEW YORK,WEST   57 STREET,,Closed,,The Department of Sanitation investigated this complaint and found no violation at the location.,03/20/2023 03:14:26 PM,04 MANHATTAN,1010477503,MANHATTAN,988750,218744,ONLINE,Unspecified,MANHATTAN,,,,,,,,40.76707700429356,-73.98375462066865,"(40.76707700429356, -73.98375462066865)"
56996128,03/09/2023 06:35:37 PM,03/10/2023 08:36:08 AM,DSNY,Department of Sanitation,Dirty Condition,Dog Waste,Sidewalk,11370,32-31 84 STREET,84 STREET,32 AVENUE,NORTHERN BOULEVARD,32 AVENUE,NORTHERN BOULEVARD,ADDRESS,EAST ELMHURST,84 STREET,,Closed,,The Department of Sanitation investigated this complaint and found no violation at the location.,03/10/2023 08:36:13 AM,03 QUEENS,4014140060,QUEENS,1016473,215023,PHONE,Unspecified,QUEENS,,,,,,,,40.75680624422987,-73.88369015699486,"(40.75680624422987, -73.88369015699486)"
57002539,03/09/2023 04:53:11 PM,03/13/2023 01:24:24 PM,DSNY,Department of Sanitation,Dirty Condition,Dog Waste,Sidewalk,10312,65 RUSSEK DRIVE,RUSSEK DRIVE,SUSSEX GREEN,DOGWOOD DRIVE,SUSSEX GREEN,DOGWOOD DRIVE,ADDRESS,STATEN ISLAND,RUSSEK DRIVE,,Closed,,The Department of Sanitation investigated this complaint and found no violation at the location.,03/13/2023 01:24:30 PM,03 STATEN ISLAND,5060220240,STATEN ISLAND,928648,139743,ONLINE,Unspecified,STATEN ISLAND,,,,,,,,40.55006360787496,-74.2000761495695,"(40.55006360787496, -74.2000761495695)"
57002389,03/09/2023 03:38:20 PM,03/14/2023 01:03:41 PM,DSNY,Department of Sanitation,Dirty Condition,Dog Waste,Sidewalk,11236,639 EAST   96 STREET,EAST   96 STREET,AVENUE A,AVENUE B,AVENUE A,AVENUE B,ADDRESS,BROOKLYN,EAST   96 STREET,,Closed,,The Department of Sanitation investigated this complaint and found no violation at the location.,03/14/2023 01:03:47 PM,17 BROOKLYN,3047560019,BROOKLYN,1008486,177265,PHONE,Unspecified,BROOKLYN,,,,,,,,40.65319499045287,-73.9126553359394,"(40.65319499045287, -73.9126553359394)"
56993456,03/08/2023 05:01:00 PM,03/09/2023 01:35:31 PM,DSNY,Department of Sanitation,Dirty Condition,Dog Waste,Sidewalk,11236,1003 EAST  104 STREET,EAST  104 STREET,AVENUE J,AVENUE K,AVENUE J,AVENUE K,ADDRESS,BROOKLYN,EAST  104 STREET,,Closed,,The Department of Sanitation investigated this complaint and found no violation at the location.,03/09/2023 01:35:38 PM,18 BROOKLYN,3082310039,BROOKLYN,1013824,174385,PHONE,Unspecified,BROOKLYN,,,,,,,,40.64527380262263,-73.8934302425926,"(40.64527380262263, -73.8934302425926)"
56990549,03/08/2023 04:01:45 PM,03/10/2023 01:28:02 PM,DSNY,Department of Sanitation,Dirty Condition,Dog Waste,Sidewalk,10457,600 EAST  179 STREET,EAST  179 STREET,ARTHUR AVENUE,HUGHES AVENUE,ARTHUR AVENUE,HUGHES AVENUE,ADDRESS,BRONX,EAST  179 STREET,,Closed,,The Department of Sanitation investigated this complaint and found no violation at the location.,03/10/2023 01:28:07 PM,06 BRONX,2030680069,BRONX,1014057,248214,PHONE,Unspecified,BRONX,,,,,,,,40.8479148384619,-73.89226342145311,"(40.8479148384619, -73.89226342145311)"
56992334,03/08/2023 03:47:35 PM,03/09/2023 04:05:18 PM,DSNY,Department of Sanitation,Dirty Condition,Dog Waste,Sidewalk,11420,123-17 LINDEN BOULEVARD,LINDEN BOULEVARD,HAWTREE CREEK ROAD,124 STREET,HAWTREE CREEK ROAD,124 STREET,ADDRESS,SOUTH OZONE PARK,LINDEN BOULEVARD,,Closed,,The Department of Sanitation investigated this complaint and found no violation at the location.,03/09/2023 04:05:22 PM,10 QUEENS,4116280033,QUEENS,1035141,187032,ONLINE,Unspecified,QUEENS,,,,,,,,40.6798901075,-73.81651926220508,"(40.6798901075, -73.81651926220508)"
56990172,03/08/2023 02:58:25 PM,03/13/2023 10:42:15 AM,DSNY,Department of Sanitation,Dirty Condition,Dog Waste,Sidewalk,10463,118 WEST  227 STREET,WEST  227 STREET,MARBLE HILL AVENUE,VAN CORLEAR PLACE,MARBLE HILL AVENUE,VAN CORLEAR PLACE,ADDRESS,NEW YORK,WEST  227 STREET,,Closed,,"The Department of Sanitation has investigated the complaint and addressed the issue. If the problem persists, call 311 to enter a new complaint. If you are outside of New York City, please call (212) NEW-YORK (212-639-9675).",03/13/2023 10:42:15 AM,08 BRONX,1022150439,MANHATTAN,1009145,258765,ONLINE,Unspecified,MANHATTAN,,,,,,,,40.87688934826343,-73.90997850439645,"(40.87688934826343, -73.90997850439645)"
56990335,03/08/2023 02:14:07 PM,03/11/2023 01:48:11 PM,DSNY,Department of Sanitation,Dirty Condition,Dog Waste,Sidewalk,10031,469 WEST  150 STREET,WEST  150 STREET,CONVENT AVENUE,AMSTERDAM AVENUE,CONVENT AVENUE,AMSTERDAM AVENUE,ADDRESS,NEW YORK,WEST  150 STREET,,Closed,,The Department of Sanitation investigated this complaint and found no violation at the location.,03/11/2023 01:48:16 PM,09 MANHATTAN,1020650007,MANHATTAN,999561,240999,PHONE,Unspecified,MANHATTAN,,,,,,,,40.82814879703213,-73.94467526332035,"(40.82814879703213, -73.94467526332035)"
56989871,03/08/2023 11:17:33 AM,03/20/2023 03:14:15 PM,DSNY,Department of Sanitation,Dirty Condition,Dog Waste,Sidewalk,10019,322 WEST   57 STREET,WEST   57 STREET,8 AVENUE,9 AVENUE,8 AVENUE,9 AVENUE,ADDRESS,NEW YORK,WEST   57 STREET,,Closed,,The Department of Sanitation investigated this complaint and found no violation at the location.,03/20/2023 03:14:21 PM,04 MANHATTAN,1010477503,MANHATTAN,988750,218744,PHONE,Unspecified,MANHATTAN,,,,,,,,40.76707700429356,-73.98375462066865,"(40.76707700429356, -73.98375462066865)"
56986857,03/08/2023 02:54:03 AM,03/16/2023 01:38:09 PM,DSNY,Department of Sanitation,Dirty Condition,Dog Waste,Street,11204,1837 BAY RIDGE AVENUE,BAY RIDGE AVENUE,18 AVENUE,19 AVENUE,18 AVENUE,19 AVENUE,ADDRESS,BROOKLYN,BAY RIDGE AVENUE,,Closed,,The Department of Sanitation investigated this complaint and found no violation at the location.,03/16/2023 01:38:15 PM,11 BROOKLYN,3055770059,BROOKLYN,986567,163819,ONLINE,Unspecified,BROOKLYN,,,,,,,,40.61632144045847,-73.991654325769,"(40.61632144045847, -73.991654325769)"
56981411,03/07/2023 03:43:23 PM,03/09/2023 03:59:54 PM,DSNY,Department of Sanitation,Dirty Condition,Dog Waste,Sidewalk,11103,30-84 42 STREET,42 STREET,NEWTOWN ROAD,31 AVENUE,NEWTOWN ROAD,31 AVENUE,ADDRESS,ASTORIA,42 STREET,,Closed,,The Department of Sanitation investigated this complaint and found no violation at the location.,03/09/2023 04:00:00 PM,01 QUEENS,4006820030,QUEENS,1007756,216542,PHONE,Unspecified,QUEENS,,,,,,,,40.76100297998748,-73.91514908428809,"(40.76100297998748, -73.91514908428809)"
56985063,03/07/2023 03:39:25 PM,03/17/2023 05:58:21 AM,DSNY,Department of Sanitation,Dirty Condition,Dog Waste,Sidewalk,11237,604 IRVING AVENUE,IRVING AVENUE,DECATUR STREET,COOPER STREET,DECATUR STREET,COOPER STREET,ADDRESS,BROOKLYN,IRVING AVENUE,,Closed,,The Department of Sanitation investigated this complaint and found no violation at the location.,03/17/2023 05:58:32 AM,04 BROOKLYN,3034370046,BROOKLYN,1011045,191677,PHONE,Unspecified,BROOKLYN,,,,,,,,40.69274529735927,-73.90337561330405,"(40.69274529735927, -73.90337561330405)"
56983736,03/07/2023 02:55:14 PM,03/10/2023 01:06:40 PM,DSNY,Department of Sanitation,Dirty Condition,Dog Waste,Sidewalk,10128,EAST   89 STREET,EAST   89 STREET,EAST   89 STREET,YORK AVENUE,EAST   89 STREET,YORK AVENUE,INTERSECTION,,,,Closed,,The Department of Sanitation investigated this complaint and found no violation at the location.,03/10/2023 01:06:47 PM,08 MANHATTAN,,MANHATTAN,999285,222677,PHONE,Unspecified,MANHATTAN,,,,,,,,40.77786041939,-73.94571358976137,"(40.77786041939, -73.94571358976137)"
56981804,03/07/2023 02:47:26 PM,03/08/2023 04:49:52 PM,DSNY,Department of Sanitation,Dirty Condition,Dog Waste,Sidewalk,11435,147-25 94 AVENUE,94 AVENUE,SUTPHIN BOULEVARD,148 STREET,SUTPHIN BOULEVARD,148 STREET,ADDRESS,JAMAICA,94 AVENUE,,Closed,,The Department of Sanitation investigated this complaint and found no violation at the location.,03/08/2023 04:49:57 PM,12 QUEENS,4099987502,QUEENS,1037925,194081,ONLINE,Unspecified,QUEENS,,,,,,,,40.69922150012847,-73.80642579116335,"(40.69922150012847, -73.80642579116335)"
56978313,03/07/2023 02:04:03 PM,03/08/2023 03:25:37 PM,DSNY,Department of Sanitation,Dirty Condition,Dog Waste,Sidewalk,11207,1006 HALSEY STREET,HALSEY STREET,BROADWAY,BUSHWICK AVENUE,BROADWAY,BUSHWICK AVENUE,ADDRESS,BROOKLYN,HALSEY STREET,,Closed,,The Department of Sanitation investigated this complaint and found no violation at the location.,03/08/2023 03:25:42 PM,04 BROOKLYN,3034080025,BROOKLYN,1007978,189399,ONLINE,Unspecified,BROOKLYN,,,,,,,,40.686501468727016,-73.914443416102,"(40.686501468727016, -73.914443416102)"
56980059,03/07/2023 01:24:30 PM,03/10/2023 11:54:04 AM,DSNY,Department of Sanitation,Dirty Condition,Dog Waste,Sidewalk,10029,1695 MADISON AVENUE,MADISON AVENUE,EAST  112 STREET,EAST  115 STREET,EAST  112 STREET,EAST  115 STREET,ADDRESS,NEW YORK,MADISON AVENUE,,Closed,,The Department of Sanitation investigated this complaint and found no violation at the location.,03/10/2023 11:54:11 AM,11 MANHATTAN,1016200023,MANHATTAN,999020,229830,ONLINE,Unspecified,MANHATTAN,,,,,,,,40.79749393222475,-73.94665468854132,"(40.79749393222475, -73.94665468854132)"
56985302,03/07/2023 01:17:44 PM,03/08/2023 04:47:12 PM,DSNY,Department of Sanitation,Dirty Condition,Dog Waste,Sidewalk,11421,86-04 89 STREET,89 STREET,86 ROAD,JAMAICA AVENUE,86 ROAD,JAMAICA AVENUE,ADDRESS,WOODHAVEN,89 STREET,,Closed,,The Department of Sanitation investigated this complaint and found no violation at the location.,03/08/2023 04:47:17 PM,09 QUEENS,4088630067,QUEENS,1024208,192175,PHONE,Unspecified,QUEENS,,,,,,,,40.69406254891662,-73.85590615858183,"(40.69406254891662, -73.85590615858183)"
56984090,03/07/2023 11:42:40 AM,03/13/2023 01:54:16 PM,DSNY,Department of Sanitation,Dirty Condition,Dog Waste,Sidewalk,11203,755 FENIMORE STREET,FENIMORE STREET,ALBANY AVENUE,TROY AVENUE,ALBANY AVENUE,TROY AVENUE,ADDRESS,BROOKLYN,FENIMORE STREET,,Closed,,The Department of Sanitation investigated this complaint and found no violation at the location.,03/13/2023 01:54:23 PM,09 BROOKLYN,3048130035,BROOKLYN,1001580,179557,ONLINE,Unspecified,BROOKLYN,,,,,,,,40.659502234615445,-73.93753812414705,"(40.659502234615445, -73.93753812414705)"
56980367,03/07/2023 09:31:16 AM,03/08/2023 04:39:54 PM,DSNY,Department of Sanitation,Dirty Condition,Dog Waste,Street,11421,85-12 89 STREET,89 STREET,85 ROAD,86 ROAD,85 ROAD,86 ROAD,ADDRESS,WOODHAVEN,89 STREET,,Closed,,The Department of Sanitation investigated this complaint and found no violation at the location.,03/08/2023 04:39:59 PM,09 QUEENS,4088630011,QUEENS,1024124,192657,PHONE,Unspecified,QUEENS,,,,,,,,40.6953859042581,-73.85620621992662,"(40.6953859042581, -73.85620621992662)"
56979287,03/07/2023 09:28:06 AM,03/10/2023 12:58:54 PM,DSNY,Department of Sanitation,Dirty Condition,Dog Waste,Sidewalk,10035,100 EAST  122 STREET,EAST  122 STREET,PARK AVENUE,LEXINGTON AVENUE,PARK AVENUE,LEXINGTON AVENUE,ADDRESS,NEW YORK,EAST  122 STREET,,Closed,,The Department of Sanitation investigated this complaint and found no violation at the location.,03/10/2023 12:59:03 PM,11 MANHATTAN,1017700071,MANHATTAN,1000797,231847,PHONE,Unspecified,MANHATTAN,,,,,,,,40.80302689603188,-73.94023166854862,"(40.80302689603188, -73.94023166854862)"
56975858,03/06/2023 06:37:17 PM,03/08/2023 01:18:48 PM,DSNY,Department of Sanitation,Dirty Condition,Dog Waste,Sidewalk,10306,136 MILL ROAD,MILL ROAD,INA STREET,EBBITTS STREET,INA STREET,EBBITTS STREET,ADDRESS,STATEN ISLAND,MILL ROAD,,Closed,,The Department of Sanitation investigated this complaint and found no violation at the location.,03/08/2023 01:18:57 PM,02 STATEN ISLAND,5040370031,STATEN ISLAND,953892,145285,ONLINE,Unspecified,STATEN ISLAND,,,,,,,,40.56539765701982,-74.10926409568849,"(40.56539765701982, -74.10926409568849)"
56967769,03/06/2023 11:25:56 AM,03/11/2023 01:36:28 PM,DSNY,Department of Sanitation,Dirty Condition,Dog Waste,Sidewalk,11228,1326 71 STREET,71 STREET,13 AVENUE,14 AVENUE,13 AVENUE,14 AVENUE,ADDRESS,BROOKLYN,71 STREET,,Closed,,The Department of Sanitation investigated this complaint and found no violation at the location.,03/11/2023 01:36:32 PM,10 BROOKLYN,3061780017,BROOKLYN,983049,165935,PHONE,Unspecified,BROOKLYN,,,,,,,,40.62212964199075,-74.00432629561811,"(40.62212964199075, -74.00432629561811)"
56975790,03/06/2023 09:59:57 AM,03/11/2023 01:28:59 PM,DSNY,Department of Sanitation,Dirty Condition,Dog Waste,Sidewalk,10024,320 WEST   88 STREET,WEST   88 STREET,WEST END AVENUE,RIVERSIDE DRIVE,WEST END AVENUE,RIVERSIDE DRIVE,ADDRESS,NEW YORK,WEST   88 STREET,,Closed,,The Department of Sanitation investigated this complaint and found no violation at the location.,03/11/2023 01:29:05 PM,07 MANHATTAN,1012490143,MANHATTAN,990461,227263,ONLINE,Unspecified,MANHATTAN,,,,,,,,40.79045837287462,-73.9775698917367,"(40.79045837287462, -73.9775698917367)"
56969308,03/06/2023 09:26:00 AM,03/11/2023 01:50:09 PM,DSNY,Department of Sanitation,Dirty Condition,Dog Waste,Sidewalk,10027,2341 12 AVENUE,12 AVENUE,WEST  133 STREET,RIVERSIDE DRIVE,WEST  133 STREET,RIVERSIDE DRIVE,ADDRESS,NEW YORK,12 AVENUE,,Closed,,The Department of Sanitation investigated this complaint and found no violation at the location.,03/11/2023 01:50:16 PM,09 MANHATTAN,1020010120,MANHATTAN,995711,238161,ONLINE,Unspecified,MANHATTAN,,,,,,,,40.82036512842955,-73.95859169075814,"(40.82036512842955, -73.95859169075814)"
56969425,03/06/2023 08:59:33 AM,03/08/2023 01:19:55 PM,DSNY,Department of Sanitation,Dirty Condition,Dog Waste,Sidewalk,10304,328 HILLSIDE AVENUE,HILLSIDE AVENUE,VAN DUZER STREET,VANDERBILT AVENUE,VAN DUZER STREET,VANDERBILT AVENUE,ADDRESS,STATEN ISLAND,HILLSIDE AVENUE,,Closed,,The Department of Sanitation investigated this complaint and found no violation at the location.,03/08/2023 01:20:03 PM,01 STATEN ISLAND,5006480047,STATEN ISLAND,960362,163529,PHONE,Unspecified,STATEN ISLAND,,,,,,,,40.6154935517353,-74.08604187537598,"(40.6154935517353, -74.08604187537598)"
56971990,03/06/2023 08:54:30 AM,03/08/2023 01:19:31 PM,DSNY,Department of Sanitation,Dirty Condition,Dog Waste,Sidewalk,10304,344 HILLSIDE AVENUE,HILLSIDE AVENUE,VAN DUZER STREET,VANDERBILT AVENUE,VAN DUZER STREET,VANDERBILT AVENUE,ADDRESS,STATEN ISLAND,HILLSIDE AVENUE,,Closed,,The Department of Sanitation investigated this complaint and found no violation at the location.,03/08/2023 01:19:37 PM,01 STATEN ISLAND,5006480055,STATEN ISLAND,960417,163506,PHONE,Unspecified,STATEN ISLAND,,,,,,,,40.61543056963628,-74.08584369053591,"(40.61543056963628, -74.08584369053591)"
56970424,03/06/2023 08:50:46 AM,03/08/2023 01:19:29 PM,DSNY,Department of Sanitation,Dirty Condition,Dog Waste,Sidewalk,10304,344 HILLSIDE AVENUE,HILLSIDE AVENUE,VAN DUZER STREET,VANDERBILT AVENUE,VAN DUZER STREET,VANDERBILT AVENUE,ADDRESS,STATEN ISLAND,HILLSIDE AVENUE,,Closed,,The Department of Sanitation investigated this complaint and found no violation at the location.,03/08/2023 01:19:37 PM,01 STATEN ISLAND,5006480055,STATEN ISLAND,960417,163506,PHONE,Unspecified,STATEN ISLAND,,,,,,,,40.61543056963628,-74.08584369053591,"(40.61543056963628, -74.08584369053591)"
56973544,03/06/2023 08:33:30 AM,03/21/2023 12:23:05 PM,DSNY,Department of Sanitation,Dirty Condition,Dog Waste,Sidewalk,10011,7 AVENUE,7 AVENUE,7 AVENUE,WEST   12 STREET,7 AVENUE,WEST   12 STREET,INTERSECTION,,,,Closed,,The Department of Sanitation investigated this complaint and found no violation at the location.,03/21/2023 12:23:11 PM,02 MANHATTAN,,MANHATTAN,984071,207869,PHONE,Unspecified,MANHATTAN,,,,,,,,40.737229026356346,-74.0006459156074,"(40.737229026356346, -74.0006459156074)"
56963545,03/05/2023 06:09:06 PM,03/06/2023 04:09:51 PM,DSNY,Department of Sanitation,Dirty Condition,Dog Waste,Sidewalk,11358,198-26 32 AVENUE,32 AVENUE,FRANCIS LEWIS BOULEVARD,JORDAN STREET,FRANCIS LEWIS BOULEVARD,JORDAN STREET,ADDRESS,FLUSHING,32 AVENUE,,Closed,,The Department of Sanitation investigated this complaint and found no violation at the location.,03/06/2023 04:09:57 PM,11 QUEENS,4060240012,QUEENS,1042063,219554,ONLINE,Unspecified,QUEENS,,,,,,,,40.76911234523261,-73.79128362180728,"(40.76911234523261, -73.79128362180728)"
56963847,03/05/2023 05:27:30 PM,03/06/2023 01:08:09 PM,DSNY,Department of Sanitation,Dirty Condition,Dog Waste,Sidewalk,10459,885 JENNINGS STREET,JENNINGS STREET,INTERVALE AVENUE,CHARLOTTE STREET,INTERVALE AVENUE,CHARLOTTE STREET,ADDRESS,BRONX,JENNINGS STREET,,Closed,,The Department of Sanitation investigated this complaint and found no condition at the location.,03/06/2023 01:08:13 PM,03 BRONX,2029770329,BRONX,1014060,242603,ONLINE,Unspecified,BRONX,,,,,,,,40.83251427919986,-73.89227751830461,"(40.83251427919986, -73.89227751830461)"
56959679,03/05/2023 04:38:03 PM,03/11/2023 12:46:35 PM,DSNY,Department of Sanitation,Dirty Condition,Dog Waste,Sidewalk,10304,62 WILLIAM STREET,WILLIAM STREET,VAN DUZER STREET,BREWSTER STREET,VAN DUZER STREET,BREWSTER STREET,ADDRESS,STATEN ISLAND,WILLIAM STREET,,Closed,,The Department of Sanitation investigated this complaint and found no violation at the location.,03/11/2023 12:46:41 PM,01 STATEN ISLAND,5005150096,STATEN ISLAND,962489,169229,ONLINE,Unspecified,STATEN ISLAND,,,,,,,,40.631144332648276,-74.07839904103992,"(40.631144332648276, -74.07839904103992)"
56961838,03/05/2023 01:16:55 PM,03/08/2023 04:20:56 PM,DSNY,Department of Sanitation,Dirty Condition,Dog Waste,Sidewalk,11230,763 OCEAN PARKWAY,OCEAN PARKWAY,FOSTER AVENUE,AVENUE H,FOSTER AVENUE,AVENUE H,ADDRESS,BROOKLYN,OCEAN PARKWAY,,Closed,,The Department of Sanitation investigated this complaint and found no violation at the location.,03/08/2023 04:21:01 PM,14 BROOKLYN,3064940051,BROOKLYN,992159,168703,PHONE,Unspecified,BROOKLYN,,,,,,,,40.629723771809715,-73.97150660606046,"(40.629723771809715, -73.97150660606046)"
56960883,03/05/2023 01:02:22 PM,03/08/2023 01:18:12 PM,DSNY,Department of Sanitation,Dirty Condition,Dog Waste,Street,10306,269 CUBA AVENUE,CUBA AVENUE,ISERNIA AVENUE,DEAD END,ISERNIA AVENUE,DEAD END,ADDRESS,STATEN ISLAND,CUBA AVENUE,,Closed,,The Department of Sanitation investigated this complaint and found no violation at the location.,03/08/2023 01:18:15 PM,03 STATEN ISLAND,5040580060,STATEN ISLAND,953618,143918,ONLINE,Unspecified,STATEN ISLAND,,,,,,,,40.56164456699635,-74.11024407958632,"(40.56164456699635, -74.11024407958632)"
56964193,03/05/2023 11:35:51 AM,03/08/2023 01:18:10 PM,DSNY,Department of Sanitation,Dirty Condition,Dog Waste,Street,10306,269 CUBA AVENUE,CUBA AVENUE,ISERNIA AVENUE,DEAD END,ISERNIA AVENUE,DEAD END,ADDRESS,STATEN ISLAND,CUBA AVENUE,,Closed,,The Department of Sanitation investigated this complaint and found no violation at the location.,03/08/2023 01:18:15 PM,03 STATEN ISLAND,5040580060,STATEN ISLAND,953618,143918,ONLINE,Unspecified,STATEN ISLAND,,,,,,,,40.56164456699635,-74.11024407958632,"(40.56164456699635, -74.11024407958632)"
56957413,03/04/2023 05:52:40 PM,03/10/2023 01:04:49 PM,DSNY,Department of Sanitation,Dirty Condition,Dog Waste,Sidewalk,10128,304 EAST   87 STREET,EAST   87 STREET,2 AVENUE,1 AVENUE,2 AVENUE,1 AVENUE,ADDRESS,NEW YORK,EAST   87 STREET,,Closed,,The Department of Sanitation investigated this complaint and found no violation at the location.,03/10/2023 01:04:53 PM,08 MANHATTAN,1015490001,MANHATTAN,997825,222884,ONLINE,Unspecified,MANHATTAN,,,,,,,,40.778430942571475,-73.95098474730464,"(40.778430942571475, -73.95098474730464)"
56959311,03/04/2023 03:52:15 PM,03/09/2023 12:52:53 PM,DSNY,Department of Sanitation,Dirty Condition,Dog Waste,Sidewalk,11385,72-31 66 PLACE,66 PLACE,MYRTLE AVENUE,COOPER AVENUE,MYRTLE AVENUE,COOPER AVENUE,ADDRESS,RIDGEWOOD,66 PLACE,,Closed,,The Department of Sanitation investigated this complaint and found no violation at the location.,03/09/2023 12:52:57 PM,05 QUEENS,4037000006,QUEENS,1015609,194634,PHONE,Unspecified,QUEENS,,,,,,,,40.700846573056324,-73.88690380381271,"(40.700846573056324, -73.88690380381271)"
56956432,03/04/2023 03:48:07 PM,03/09/2023 12:52:51 PM,DSNY,Department of Sanitation,Dirty Condition,Dog Waste,Sidewalk,11385,72-31 66 PLACE,66 PLACE,MYRTLE AVENUE,COOPER AVENUE,MYRTLE AVENUE,COOPER AVENUE,ADDRESS,RIDGEWOOD,66 PLACE,,Closed,,The Department of Sanitation investigated this complaint and found no violation at the location.,03/09/2023 12:52:57 PM,05 QUEENS,4037000006,QUEENS,1015609,194634,PHONE,Unspecified,QUEENS,,,,,,,,40.700846573056324,-73.88690380381271,"(40.700846573056324, -73.88690380381271)"
56957950,03/04/2023 01:59:22 PM,03/04/2023 03:46:25 PM,DSNY,Department of Sanitation,Dirty Condition,Dog Waste,Sidewalk,11358,43-21 163 STREET,163 STREET,43 AVENUE,45 AVENUE,43 AVENUE,45 AVENUE,ADDRESS,FLUSHING,163 STREET,,Closed,,The Department of Sanitation investigated this complaint and found no violation at the location.,03/04/2023 03:46:29 PM,07 QUEENS,4054210025,QUEENS,1038740,215605,ONLINE,Unspecified,QUEENS,,,,,,,,40.75829449295284,-73.80331227964584,"(40.75829449295284, -73.80331227964584)"
56954136,03/04/2023 01:02:33 PM,03/06/2023 12:48:36 PM,DSNY,Department of Sanitation,Dirty Condition,Dog Waste,Sidewalk,10463,CAMBRIDGE AVENUE,CAMBRIDGE AVENUE,CAMBRIDGE AVENUE,WEST  235 STREET,CAMBRIDGE AVENUE,WEST  235 STREET,INTERSECTION,,,,Closed,,The Department of Sanitation investigated this complaint and found no violation at the location.,03/06/2023 12:48:41 PM,08 BRONX,,BRONX,1009654,261835,PHONE,Unspecified,BRONX,,,,,,,,40.885314088086126,-73.90812629447454,"(40.885314088086126, -73.90812629447454)"
56956523,03/04/2023 12:11:57 PM,03/10/2023 02:08:12 PM,DSNY,Department of Sanitation,Dirty Condition,Dog Waste,Sidewalk,11211,505 GRAND STREET,GRAND STREET,UNION AVENUE,LORIMER STREET,UNION AVENUE,LORIMER STREET,ADDRESS,BROOKLYN,GRAND STREET,,Closed,,The Department of Sanitation investigated this complaint and found no violation at the location.,03/10/2023 02:08:16 PM,01 BROOKLYN,3027790050,BROOKLYN,997922,198319,ONLINE,Unspecified,BROOKLYN,,,,,,,,40.711006030077705,-73.95068444409016,"(40.711006030077705, -73.95068444409016)"
56958294,03/04/2023 08:20:50 AM,03/06/2023 04:06:53 PM,DSNY,Department of Sanitation,Dirty Condition,Dog Waste,Sidewalk,11367,63-03 136 STREET,136 STREET,63 AVENUE,63 ROAD,63 AVENUE,63 ROAD,ADDRESS,FLUSHING,136 STREET,,Closed,,The Department of Sanitation investigated this complaint and found no violation at the location.,03/06/2023 04:06:58 PM,07 QUEENS,4063950014,QUEENS,1031293,208929,PHONE,Unspecified,QUEENS,,,,,,,,40.74001334904684,-73.83023968298335,"(40.74001334904684, -73.83023968298335)"
56946967,03/03/2023 08:32:36 PM,03/13/2023 04:48:15 PM,DSNY,Department of Sanitation,Dirty Condition,Dog Waste,Sidewalk,11229,1910 AVENUE W,AVENUE W,EAST   19 STREET,OCEAN AVENUE,EAST   19 STREET,OCEAN AVENUE,ADDRESS,BROOKLYN,AVENUE W,,Closed,,The Department of Sanitation investigated this complaint and found no violation at the location.,03/13/2023 04:48:22 PM,15 BROOKLYN,3074040001,BROOKLYN,997723,155967,ONLINE,Unspecified,BROOKLYN,,,,,,,,40.594759366020625,-73.95148685120144,"(40.594759366020625, -73.95148685120144)"
56943616,03/03/2023 09:41:04 AM,03/11/2023 08:11:30 AM,DSNY,Department of Sanitation,Dirty Condition,Dog Waste,Sidewalk,11214,13 BAY   22 STREET,BAY   22 STREET,86 STREET,BENSON AVENUE,86 STREET,BENSON AVENUE,ADDRESS,BROOKLYN,BAY   22 STREET,,Closed,,The Department of Sanitation investigated this complaint and found no violation at the location.,03/11/2023 08:11:34 AM,11 BROOKLYN,3063730044,BROOKLYN,984193,159695,ONLINE,Unspecified,BROOKLYN,,,,,,,,40.60500221088499,-74.00020527526048,"(40.60500221088499, -74.00020527526048)"
56944092,03/03/2023 08:42:33 AM,03/03/2023 03:36:53 PM,DSNY,Department of Sanitation,Dirty Condition,Dog Waste,Sidewalk,11375,69-60 110 STREET,110 STREET,JEWEL AVENUE,70 AVENUE,JEWEL AVENUE,70 AVENUE,ADDRESS,FOREST HILLS,110 STREET,,Closed,,The Department of Sanitation investigated this complaint and found no violation at the location.,03/03/2023 03:36:57 PM,06 QUEENS,4022210035,QUEENS,1027912,203128,ONLINE,Unspecified,QUEENS,,,,,,,,40.72410839141314,-73.84247804420471,"(40.72410839141314, -73.84247804420471)"
56951301,03/03/2023 08:13:49 AM,03/13/2023 01:53:05 PM,DSNY,Department of Sanitation,Dirty Condition,Dog Waste,Sidewalk,11225,921 WASHINGTON AVENUE,WASHINGTON AVENUE,CROWN STREET,MONTGOMERY STREET,CROWN STREET,MONTGOMERY STREET,ADDRESS,BROOKLYN,WASHINGTON AVENUE,,Closed,,The Department of Sanitation investigated this complaint and found no violation at the location.,03/13/2023 01:53:12 PM,09 BROOKLYN,3011900001,BROOKLYN,994869,182390,ONLINE,Unspecified,BROOKLYN,,,,,,,,40.667288783296996,-73.96172186640173,"(40.667288783296996, -73.96172186640173)"
56938353,03/02/2023 04:33:58 PM,03/03/2023 12:18:07 PM,DSNY,Department of Sanitation,Dirty Condition,Dog Waste,Street,10462,1980 UNION PORT ROAD,UNION PORT ROAD,SAGAMORE STREET,BRONX PARK EAST,SAGAMORE STREET,BRONX PARK EAST,ADDRESS,BRONX,UNIONPORT ROAD,,Closed,,The Department of Sanitation investigated this complaint and found no violation at the location.,03/03/2023 12:18:12 PM,11 BRONX,2042560014,BRONX,1020596,249064,PHONE,Unspecified,BRONX,,,,,,,,40.85022333953028,-73.8686238109841,"(40.85022333953028, -73.8686238109841)"
56937794,03/02/2023 04:22:09 PM,03/03/2023 03:40:22 PM,DSNY,Department of Sanitation,Dirty Condition,Dog Waste,Sidewalk,11358,45-63 165 STREET,165 STREET,45 AVENUE,46 AVENUE,45 AVENUE,46 AVENUE,ADDRESS,FLUSHING,165 STREET,,Closed,,The Department of Sanitation investigated this complaint and found no violation at the location.,03/03/2023 03:40:27 PM,07 QUEENS,4054440011,QUEENS,1039136,214162,ONLINE,Unspecified,QUEENS,,,,,,,,40.75433138639671,-73.80189465805836,"(40.75433138639671, -73.80189465805836)"
56942556,03/02/2023 04:00:43 PM,03/07/2023 09:59:26 AM,DSNY,Department of Sanitation,Dirty Condition,Dog Waste,Sidewalk,11221,148 GROVE STREET,GROVE STREET,EVERGREEN AVENUE,CENTRAL AVENUE,EVERGREEN AVENUE,CENTRAL AVENUE,ADDRESS,BROOKLYN,GROVE STREET,,Closed,,The Department of Sanitation investigated this complaint and found no violation at the location.,03/07/2023 09:59:29 AM,04 BROOKLYN,3033230033,BROOKLYN,1006496,192202,ONLINE,Unspecified,BROOKLYN,,,,,,,,40.69419890384451,-73.91977783787304,"(40.69419890384451, -73.91977783787304)"
56941478,03/02/2023 02:58:21 PM,03/03/2023 03:39:19 PM,DSNY,Department of Sanitation,Dirty Condition,Dog Waste,Sidewalk,11367,135-11 62 AVENUE,62 AVENUE,DEAD END,136 STREET,DEAD END,136 STREET,ADDRESS,FLUSHING,62 AVENUE,,Closed,,The Department of Sanitation investigated this complaint and found no violation at the location.,03/03/2023 03:39:25 PM,07 QUEENS,4063840026,QUEENS,1031100,209515,ONLINE,Unspecified,QUEENS,,,,,,,,40.74162279479474,-73.83093206353664,"(40.74162279479474, -73.83093206353664)"
56941226,03/02/2023 02:45:52 PM,03/07/2023 07:16:18 AM,DSNY,Department of Sanitation,Dirty Condition,Dog Waste,Sidewalk,11233,MARION STREET,MARION STREET,ROCKAWAY AVENUE,BROADWAY,ROCKAWAY AVENUE,BROADWAY,BLOCKFACE,,,,Closed,,The Department of Sanitation investigated this complaint and found no violation at the location.,03/07/2023 07:16:25 AM,Unspecified BROOKLYN,,BROOKLYN,,,PHONE,Unspecified,BROOKLYN,,,,,,,,,,
56935672,03/02/2023 02:14:07 PM,03/06/2023 12:37:39 PM,DSNY,Department of Sanitation,Dirty Condition,Dog Waste,Sidewalk,11369,100-32 32 AVENUE,32 AVENUE,100 STREET,101 STREET,100 STREET,101 STREET,ADDRESS,EAST ELMHURST,32 AVENUE,,Closed,,The Department of Sanitation investigated this complaint and found no violation at the location.,03/06/2023 12:37:46 PM,03 QUEENS,,QUEENS,1020699,215907,PHONE,Unspecified,QUEENS,,,,,,,,40.759216184402,-73.86843151783766,"(40.759216184402, -73.86843151783766)"
56942712,03/02/2023 01:38:58 PM,03/10/2023 02:11:19 PM,DSNY,Department of Sanitation,Dirty Condition,Dog Waste,Sidewalk,11213,143 SCHENECTADY AVENUE,SCHENECTADY AVENUE,ST MARKS AVENUE,PROSPECT PLACE,ST MARKS AVENUE,PROSPECT PLACE,ADDRESS,BROOKLYN,SCHENECTADY AVENUE,,Closed,,"The Department of Sanitation has investigated the complaint and addressed the issue. If the problem persists, call 311 to enter a new complaint. If you are outside of New York City, please call (212) NEW-YORK (212-639-9675).",03/10/2023 02:11:18 PM,08 BROOKLYN,3013600012,BROOKLYN,1002726,184863,PHONE,Unspecified,BROOKLYN,,,,,,,,40.674063703035614,-73.93339309881006,"(40.674063703035614, -73.93339309881006)"
56942749,03/02/2023 01:32:17 PM,03/04/2023 01:31:07 PM,DSNY,Department of Sanitation,Dirty Condition,Dog Waste,Sidewalk,10463,118 WEST  227 STREET,WEST  227 STREET,MARBLE HILL AVENUE,VAN CORLEAR PLACE,MARBLE HILL AVENUE,VAN CORLEAR PLACE,ADDRESS,BRONX,WEST  227 STREET,,Closed,,The Department of Sanitation investigated this complaint and found no violation at the location.,03/04/2023 01:31:12 PM,08 BRONX,1022150439,BRONX,1009145,258765,ONLINE,Unspecified,BRONX,,,,,,,,40.87688934826343,-73.90997850439645,"(40.87688934826343, -73.90997850439645)"
56938924,03/02/2023 12:05:14 PM,03/04/2023 07:24:10 AM,DSNY,Department of Sanitation,Dirty Condition,Dog Waste,Sidewalk,11233,1379 ST MARKS AVENUE,ST MARKS AVENUE,BUFFALO AVENUE,RALPH AVENUE,BUFFALO AVENUE,RALPH AVENUE,ADDRESS,BROOKLYN,ST MARKS AVENUE,,Closed,,The Department of Sanitation investigated this complaint and found no violation at the location.,03/04/2023 07:24:20 AM,08 BROOKLYN,3013570061,BROOKLYN,1005704,184740,ONLINE,Unspecified,BROOKLYN,,,,,,,,40.67371937964368,-73.92265765703341,"(40.67371937964368, -73.92265765703341)"
56935505,03/02/2023 10:34:52 AM,03/10/2023 10:45:35 AM,DSNY,Department of Sanitation,Dirty Condition,Dog Waste,Sidewalk,11210,NOSTRAND AVENUE,NOSTRAND AVENUE,FARRAGUT ROAD,GLENWOOD ROAD,FARRAGUT ROAD,GLENWOOD ROAD,BLOCKFACE,,,,Closed,,The Department of Sanitation investigated this complaint and found no violation at the location.,03/10/2023 10:45:42 AM,Unspecified BROOKLYN,,BROOKLYN,,,PHONE,Unspecified,BROOKLYN,,,,,,,,,,
56941458,03/02/2023 10:29:04 AM,03/03/2023 12:20:46 PM,DSNY,Department of Sanitation,Dirty Condition,Dog Waste,Sidewalk,10451,760 MELROSE AVENUE,MELROSE AVENUE,EAST  156 STREET,EAST  157 STREET,EAST  156 STREET,EAST  157 STREET,ADDRESS,BRONX,MELROSE AVENUE,,Closed,,The Department of Sanitation investigated this complaint and found no violation at the location.,03/03/2023 12:20:51 PM,01 BRONX,2023780001,BRONX,1007696,238558,PHONE,Unspecified,BRONX,,,,,,,,40.821431100228345,-73.91528881549272,"(40.821431100228345, -73.91528881549272)"
56942696,03/02/2023 10:06:42 AM,03/08/2023 04:43:25 PM,DSNY,Department of Sanitation,Dirty Condition,Dog Waste,Sidewalk,11230,299 WEBSTER AVENUE,WEBSTER AVENUE,OCEAN PARKWAY,EAST    8 STREET,OCEAN PARKWAY,EAST    8 STREET,ADDRESS,BROOKLYN,WEBSTER AVENUE,,Closed,,The Department of Sanitation investigated this complaint and found no violation at the location.,03/08/2023 04:43:29 PM,14 BROOKLYN,3054170049,BROOKLYN,992512,169942,ONLINE,Unspecified,BROOKLYN,,,,,,,,40.633124242387474,-73.97023335232221,"(40.633124242387474, -73.97023335232221)"
56937323,03/02/2023 08:43:21 AM,03/02/2023 03:54:58 PM,DSNY,Department of Sanitation,Dirty Condition,Dog Waste,Sidewalk,11419,97-24A LEFFERTS BOULEVARD,LEFFERTS BOULEVARD,97 AVENUE,101 AVENUE,97 AVENUE,101 AVENUE,ADDRESS,SOUTH RICHMOND HILL,LEFFERTS BOULEVARD,,Closed,,The Department of Sanitation investigated this complaint and found no violation at the location.,03/02/2023 03:55:03 PM,09 QUEENS,4094560016,QUEENS,1032362,191069,PHONE,Unspecified,QUEENS,,,,,,,,40.690986268514344,-73.82650972392685,"(40.690986268514344, -73.82650972392685)"
56942536,03/02/2023 08:31:33 AM,03/08/2023 01:59:04 PM,DSNY,Department of Sanitation,Dirty Condition,Dog Waste,Sidewalk,11219,1143 43 STREET,43 STREET,FORT HAMILTON PARKWAY,12 AVENUE,FORT HAMILTON PARKWAY,12 AVENUE,ADDRESS,BROOKLYN,43 STREET,,Closed,,The Department of Sanitation investigated this complaint and issued a Notice of Violation.,03/08/2023 01:59:09 PM,12 BROOKLYN,3055970064,BROOKLYN,986411,172652,PHONE,Unspecified,BROOKLYN,,,,,,,,40.640566204307305,-73.99221339886716,"(40.640566204307305, -73.99221339886716)"
56941693,03/02/2023 08:17:37 AM,03/11/2023 12:45:15 PM,DSNY,Department of Sanitation,Dirty Condition,Dog Waste,Sidewalk,10314,MARSH AVENUE,MARSH AVENUE,MARSH AVENUE,RING ROAD,MARSH AVENUE,RING ROAD,INTERSECTION,,,,Closed,,The Department of Sanitation investigated this complaint and found no violation at the location.,03/11/2023 12:45:21 PM,02 STATEN ISLAND,,STATEN ISLAND,939462,152013,PHONE,Unspecified,STATEN ISLAND,,,,,,,,40.58380352066814,-74.16124482902255,"(40.58380352066814, -74.16124482902255)"
56939919,03/02/2023 07:29:11 AM,03/02/2023 03:57:33 PM,DSNY,Department of Sanitation,Dirty Condition,Dog Waste,Sidewalk,11435,147-40 ARCHER AVENUE,ARCHER AVENUE,147 PLACE,148 STREET,147 PLACE,148 STREET,ADDRESS,JAMAICA,ARCHER AVENUE,,Closed,,The Department of Sanitation investigated this complaint and found no violation at the location.,03/02/2023 03:57:37 PM,12 QUEENS,4099987501,QUEENS,1037889,194669,PHONE,Unspecified,QUEENS,,,,,,,,40.700835637070725,-73.80655093855829,"(40.700835637070725, -73.80655093855829)"
56929261,03/02/2023 01:47:28 AM,03/02/2023 04:56:46 PM,DSNY,Department of Sanitation,Dirty Condition,Dog Waste,Sidewalk,11691,22-11 NEW HAVEN AVENUE,NEW HAVEN AVENUE,BEACH   22 STREET,GRASSMERE TERRACE,BEACH   22 STREET,GRASSMERE TERRACE,ADDRESS,FAR ROCKAWAY,NEW HAVEN AVENUE,,Closed,,The Department of Sanitation investigated this complaint and found no violation at the location.,03/02/2023 04:56:52 PM,14 QUEENS,4157620070,QUEENS,1051990,158349,ONLINE,Unspecified,QUEENS,,,,,,,,40.60104882383861,-73.75606068837948,"(40.60104882383861, -73.75606068837948)"
56926870,03/01/2023 06:55:06 PM,03/13/2023 01:16:27 PM,DSNY,Department of Sanitation,Dirty Condition,Dog Waste,Sidewalk,11226,CHURCH AVENUE,CHURCH AVENUE,CHURCH AVENUE,SAINT PAUL'S PLACE,CHURCH AVENUE,SAINT PAUL'S PLACE,INTERSECTION,,,,Closed,,The Department of Sanitation investigated this complaint and found no violation at the location.,03/13/2023 01:16:31 PM,14 BROOKLYN,,BROOKLYN,994743,176014,PHONE,Unspecified,BROOKLYN,,,,,,,,40.64978821659282,-73.96218597797335,"(40.64978821659282, -73.96218597797335)"
56927147,03/01/2023 04:12:25 PM,03/08/2023 05:00:56 PM,DSNY,Department of Sanitation,Dirty Condition,Dog Waste,Sidewalk,11230,1302 AVENUE L,AVENUE L,EAST   13 STREET,EAST   14 STREET,EAST   13 STREET,EAST   14 STREET,ADDRESS,BROOKLYN,AVENUE L,,Closed,,The Department of Sanitation investigated this complaint and found no violation at the location.,03/08/2023 05:01:01 PM,14 BROOKLYN,3067330001,BROOKLYN,994748,165236,PHONE,Unspecified,BROOKLYN,,,,,,,,40.62020489453249,-73.96218472678233,"(40.62020489453249, -73.96218472678233)"
56928024,03/01/2023 04:00:48 PM,03/04/2023 01:34:51 PM,DSNY,Department of Sanitation,Dirty Condition,Dog Waste,Sidewalk,10451,200 EAST  135 STREET,EAST  135 STREET,MAJOR DEEGAN EP SB EN E  135 ST,3 AVENUE BRIDGE BIKE PATH,MAJOR DEEGAN EP SB EN E  135 ST,3 AVENUE BRIDGE BIKE PATH,ADDRESS,BRONX,EAST  135 STREET,,Closed,,The Department of Sanitation investigated this complaint and found no violation at the location.,03/04/2023 01:34:57 PM,01 BRONX,2023190055,BRONX,1003264,234644,PHONE,Unspecified,BRONX,,,,,,,,40.81069892204459,-73.93131286146343,"(40.81069892204459, -73.93131286146343)"
56932498,03/01/2023 12:27:47 PM,03/07/2023 01:50:08 PM,DSNY,Department of Sanitation,Dirty Condition,Dog Waste,Sidewalk,11226,1809 ALBERMARLE ROAD,ALBERMARLE ROAD,EAST   18 STREET,EAST   19 STREET,EAST   18 STREET,EAST   19 STREET,ADDRESS,BROOKLYN,ALBEMARLE ROAD,,Closed,,The Department of Sanitation investigated this complaint and found no violation at the location.,03/07/2023 01:50:12 PM,14 BROOKLYN,3050990052,BROOKLYN,994679,175012,PHONE,Unspecified,BROOKLYN,,,,,,,,40.64703801949483,-73.96241816637558,"(40.64703801949483, -73.96241816637558)"
56928942,03/01/2023 12:19:18 PM,03/02/2023 04:40:43 PM,DSNY,Department of Sanitation,Dirty Condition,Dog Waste,Sidewalk,11233,1647 STERLING PLACE,STERLING PLACE,BUFFALO AVENUE,RALPH AVENUE,BUFFALO AVENUE,RALPH AVENUE,ADDRESS,BROOKLYN,STERLING PLACE,,Closed,,The Department of Sanitation investigated this complaint and found no violation at the location.,03/02/2023 04:40:48 PM,08 BROOKLYN,3013750069,BROOKLYN,1005288,183790,PHONE,Unspecified,BROOKLYN,,,,,,,,40.67111284206312,-73.92416031442114,"(40.67111284206312, -73.92416031442114)"
56932387,03/01/2023 12:13:13 PM,03/11/2023 01:50:54 PM,DSNY,Department of Sanitation,Dirty Condition,Dog Waste,Sidewalk,10031,626 RIVERSIDE DRIVE,RIVERSIDE DRIVE,BROADWAY,RIVERSIDE DRIVE,BROADWAY,RIVERSIDE DRIVE,ADDRESS,NEW YORK,RIVERSIDE DRIVE,,Closed,,The Department of Sanitation investigated this complaint and found no violation at the location.,03/11/2023 01:51:02 PM,09 MANHATTAN,1020870078,MANHATTAN,996862,239357,ONLINE,Unspecified,MANHATTAN,,,,,,,,40.823646241340434,-73.95443090907575,"(40.823646241340434, -73.95443090907575)"
56927431,03/01/2023 10:29:00 AM,03/01/2023 08:15:53 PM,DSNY,Department of Sanitation,Dirty Condition,Dog Waste,Sidewalk,11377,47-47 44 STREET,44 STREET,47 AVENUE,48 AVENUE,47 AVENUE,48 AVENUE,ADDRESS,WOODSIDE,44 STREET,,Closed,,The Department of Sanitation investigated this complaint and found no violation at the location.,03/01/2023 08:15:59 PM,02 QUEENS,4001710007,QUEENS,1006109,209064,PHONE,Unspecified,QUEENS,,,,,,,,40.74048199292291,-73.92111865634494,"(40.74048199292291, -73.92111865634494)"
56925899,03/01/2023 09:48:23 AM,03/13/2023 04:41:04 PM,DSNY,Department of Sanitation,Dirty Condition,Dog Waste,Sidewalk,10040,900 WEST  190 STREET,WEST  190 STREET,FORT WASHINGTON AVENUE,CABRINI BOULEVARD,FORT WASHINGTON AVENUE,CABRINI BOULEVARD,ADDRESS,NEW YORK,WEST  190 STREET,,Closed,,The Department of Sanitation investigated this complaint and found no violation at the location.,03/13/2023 04:41:12 PM,12 MANHATTAN,1021790373,MANHATTAN,1002023,251562,ONLINE,Unspecified,MANHATTAN,,,,,,,,40.85713652443127,-73.93575108556061,"(40.85713652443127, -73.93575108556061)"
56925689,03/01/2023 08:55:42 AM,03/10/2023 02:29:52 PM,DSNY,Department of Sanitation,Dirty Condition,Dog Waste,Sidewalk,11201,140 STATE STREET,STATE STREET,SIDNEY PLACE,CLINTON STREET,SIDNEY PLACE,CLINTON STREET,ADDRESS,BROOKLYN,STATE STREET,,Closed,,"The Department of Sanitation has investigated the complaint and addressed the issue. If the problem persists, call 311 to enter a new complaint. If you are outside of New York City, please call (212) NEW-YORK (212-639-9675).",03/10/2023 02:29:52 PM,02 BROOKLYN,3002750041,BROOKLYN,985759,191038,ONLINE,Unspecified,BROOKLYN,,,,,,,,40.69103182384603,-73.99455859589132,"(40.69103182384603, -73.99455859589132)"
56925827,03/01/2023 08:33:59 AM,03/10/2023 02:31:20 PM,DSNY,Department of Sanitation,Dirty Condition,Dog Waste,Sidewalk,10036,503 WEST   45 STREET,WEST   45 STREET,10 AVENUE,AMTRAK-NORTHEAST LINE,10 AVENUE,AMTRAK-NORTHEAST LINE,ADDRESS,NEW YORK,WEST   45 STREET,,Closed,,"The Department of Sanitation has investigated the complaint and addressed the issue. If the problem persists, call 311 to enter a new complaint. If you are outside of New York City, please call (212) NEW-YORK (212-639-9675).",03/10/2023 02:31:20 PM,04 MANHATTAN,1010740029,MANHATTAN,985766,216804,ONLINE,Unspecified,MANHATTAN,,,,,,,,40.76175322031365,-73.99452754968456,"(40.76175322031365, -73.99452754968456)"
56929043,03/01/2023 08:32:15 AM,03/03/2023 02:43:29 PM,DSNY,Department of Sanitation,Dirty Condition,Dog Waste,Sidewalk,11106,32-67 34 STREET,34 STREET,BROADWAY,34 AVENUE,BROADWAY,34 AVENUE,ADDRESS,ASTORIA,34 STREET,,Closed,,The Department of Sanitation investigated this complaint and found no violation at the location.,03/03/2023 02:43:34 PM,01 QUEENS,4006220010,QUEENS,1005486,216321,ONLINE,Unspecified,QUEENS,,,,,,,,40.76040213573879,-73.92334392326268,"(40.76040213573879, -73.92334392326268)"
56933162,03/01/2023 08:24:45 AM,03/10/2023 02:10:37 PM,DSNY,Department of Sanitation,Dirty Condition,Dog Waste,Sidewalk,11249,372 KENT AVENUE,KENT AVENUE,WILLIAMSBURG BR PEDESTRIAN PATH,SOUTH    6 STREET,WILLIAMSBURG BR PEDESTRIAN PATH,SOUTH    6 STREET,ADDRESS,BROOKLYN,KENT AVENUE,,Closed,,The Department of Sanitation investigated this complaint and found no violation at the location.,03/10/2023 02:10:41 PM,01 BROOKLYN,3024530001,BROOKLYN,993114,198666,PHONE,Unspecified,BROOKLYN,,,,,,,,40.71196458569491,-73.96802667053221,"(40.71196458569491, -73.96802667053221)"
56927621,03/01/2023 08:04:00 AM,03/01/2023 08:14:17 PM,DSNY,Department of Sanitation,Dirty Condition,Dog Waste,Sidewalk,11416,101 AVENUE,101 AVENUE,104 STREET,105 STREET,104 STREET,105 STREET,BLOCKFACE,,,,Closed,,The Department of Sanitation investigated this complaint and found no violation at the location.,03/01/2023 08:14:24 PM,Unspecified QUEENS,,QUEENS,,,PHONE,Unspecified,QUEENS,,,,,,,,,,
56926952,03/01/2023 07:52:36 AM,03/13/2023 01:51:55 PM,DSNY,Department of Sanitation,Dirty Condition,Dog Waste,Sidewalk,11213,1677 PRESIDENT STREET,PRESIDENT STREET,SCHENECTADY AVENUE,UTICA AVENUE,SCHENECTADY AVENUE,UTICA AVENUE,ADDRESS,BROOKLYN,PRESIDENT STREET,,Closed,,The Department of Sanitation investigated this complaint and found no violation at the location.,03/13/2023 01:52:02 PM,09 BROOKLYN,3014020049,BROOKLYN,1003125,182312,PHONE,Unspecified,BROOKLYN,,,,,,,,40.66706093899573,-73.93196182754254,"(40.66706093899573, -73.93196182754254)"
56932280,03/01/2023 07:49:24 AM,03/13/2023 01:51:24 PM,DSNY,Department of Sanitation,Dirty Condition,Dog Waste,Sidewalk,11213,1681 PRESIDENT STREET,PRESIDENT STREET,SCHENECTADY AVENUE,UTICA AVENUE,SCHENECTADY AVENUE,UTICA AVENUE,ADDRESS,BROOKLYN,PRESIDENT STREET,,Closed,,The Department of Sanitation investigated this complaint and found no violation at the location.,03/13/2023 01:51:32 PM,09 BROOKLYN,3014020047,BROOKLYN,1003161,182310,PHONE,Unspecified,BROOKLYN,,,,,,,,40.667055372620396,-73.9318320650352,"(40.667055372620396, -73.9318320650352)"
56919204,02/28/2023 10:52:51 PM,03/08/2023 04:46:08 PM,DSNY,Department of Sanitation,Dirty Condition,Dog Waste,Sidewalk,11230,303 WEBSTER AVENUE,WEBSTER AVENUE,OCEAN PARKWAY,EAST    8 STREET,OCEAN PARKWAY,EAST    8 STREET,ADDRESS,BROOKLYN,WEBSTER AVENUE,,Closed,,The Department of Sanitation investigated this complaint and found no violation at the location.,03/08/2023 04:46:14 PM,14 BROOKLYN,3054170045,BROOKLYN,992535,169956,ONLINE,Unspecified,BROOKLYN,,,,,,,,40.63316264793511,-73.9701504698665,"(40.63316264793511, -73.9701504698665)"
56920139,02/28/2023 10:06:24 PM,03/01/2023 01:14:25 PM,DSNY,Department of Sanitation,Dirty Condition,Dog Waste,Sidewalk,11435,90-22 143 STREET,143 STREET,90 AVENUE,91 AVENUE,90 AVENUE,91 AVENUE,ADDRESS,JAMAICA,143 STREET,,Closed,,The Department of Sanitation investigated this complaint and found no violation at the location.,03/01/2023 01:14:32 PM,12 QUEENS,4099790017,QUEENS,1036525,194851,ONLINE,Unspecified,QUEENS,,,,,,,,40.70134334609981,-73.81146877667207,"(40.70134334609981, -73.81146877667207)"
56917987,02/28/2023 07:23:12 PM,03/07/2023 07:15:20 AM,DSNY,Department of Sanitation,Dirty Condition,Dog Waste,Sidewalk,11212,271 LEGION STREET,LEGION STREET,DUMONT AVENUE,LIVONIA AVENUE,DUMONT AVENUE,LIVONIA AVENUE,ADDRESS,BROOKLYN,LEGION STREET,,Closed,,The Department of Sanitation investigated this complaint and found no violation at the location.,03/07/2023 07:15:25 AM,16 BROOKLYN,3035680016,BROOKLYN,1007389,180512,PHONE,Unspecified,BROOKLYN,,,,,,,,40.66211022306025,-73.91659769486041,"(40.66211022306025, -73.91659769486041)"
56916146,02/28/2023 06:42:16 PM,03/01/2023 01:15:09 PM,DSNY,Department of Sanitation,Dirty Condition,Dog Waste,Sidewalk,11435,147-25 94 AVENUE,94 AVENUE,SUTPHIN BOULEVARD,148 STREET,SUTPHIN BOULEVARD,148 STREET,ADDRESS,JAMAICA,94 AVENUE,,Closed,,The Department of Sanitation investigated this complaint and found no violation at the location.,03/01/2023 01:15:12 PM,12 QUEENS,4099987502,QUEENS,1037925,194081,PHONE,Unspecified,QUEENS,,,,,,,,40.69922150012847,-73.80642579116335,"(40.69922150012847, -73.80642579116335)"
56919081,02/28/2023 06:38:30 PM,03/01/2023 01:15:07 PM,DSNY,Department of Sanitation,Dirty Condition,Dog Waste,Sidewalk,11435,147-25 94 AVENUE,94 AVENUE,SUTPHIN BOULEVARD,148 STREET,SUTPHIN BOULEVARD,148 STREET,ADDRESS,JAMAICA,94 AVENUE,,Closed,,The Department of Sanitation investigated this complaint and found no violation at the location.,03/01/2023 01:15:12 PM,12 QUEENS,4099987502,QUEENS,1037925,194081,PHONE,Unspecified,QUEENS,,,,,,,,40.69922150012847,-73.80642579116335,"(40.69922150012847, -73.80642579116335)"
56923431,02/28/2023 04:07:16 PM,03/04/2023 06:51:36 AM,DSNY,Department of Sanitation,Dirty Condition,Dog Waste,Sidewalk,10301,188 BEECHWOOD AVENUE,BEECHWOOD AVENUE,CRESCENT AVENUE,DEAD END,CRESCENT AVENUE,DEAD END,ADDRESS,STATEN ISLAND,BEECHWOOD AVENUE,,Closed,,The Department of Sanitation investigated this complaint and found no violation at the location.,03/04/2023 06:51:41 AM,01 STATEN ISLAND,5000490086,STATEN ISLAND,960762,173431,PHONE,Unspecified,STATEN ISLAND,,,,,,,,40.64267351090192,-74.08463558151716,"(40.64267351090192, -74.08463558151716)"
56923848,02/28/2023 03:58:21 PM,03/13/2023 01:15:22 PM,DSNY,Department of Sanitation,Dirty Condition,Dog Waste,Sidewalk,11226,855 OCEAN AVENUE,OCEAN AVENUE,CORTELYOU ROAD,DORCHESTER ROAD,CORTELYOU ROAD,DORCHESTER ROAD,ADDRESS,BROOKLYN,OCEAN AVENUE,,Closed,,The Department of Sanitation investigated this complaint and found no violation at the location.,03/13/2023 01:15:26 PM,14 BROOKLYN,3051630041,BROOKLYN,995504,173140,ONLINE,Unspecified,BROOKLYN,,,,,,,,40.64189877333751,-73.95944832845807,"(40.64189877333751, -73.95944832845807)"
56916142,02/28/2023 01:24:47 PM,03/21/2023 12:34:08 PM,DSNY,Department of Sanitation,Dirty Condition,Dog Waste,Sidewalk,10011,423 WEST   18 STREET,WEST   18 STREET,9 AVENUE,10 AVENUE,9 AVENUE,10 AVENUE,ADDRESS,NEW YORK,WEST   18 STREET,,Closed,,The Department of Sanitation investigated this complaint and found no violation at the location.,03/21/2023 12:34:15 PM,04 MANHATTAN,,MANHATTAN,982948,210316,ONLINE,Unspecified,MANHATTAN,,,,,,,,40.74394533887154,-74.0046986977693,"(40.74394533887154, -74.0046986977693)"
56924880,02/28/2023 10:26:11 AM,03/21/2023 12:35:06 PM,DSNY,Department of Sanitation,Dirty Condition,Dog Waste,Sidewalk,10011,420 WEST   18 STREET,WEST   18 STREET,9 AVENUE,10 AVENUE,9 AVENUE,10 AVENUE,ADDRESS,NEW YORK,WEST   18 STREET,,Closed,,The Department of Sanitation investigated this complaint and found no violation at the location.,03/21/2023 12:35:15 PM,04 MANHATTAN,1007150010,MANHATTAN,983039,210259,ONLINE,Unspecified,MANHATTAN,,,,,,,,40.74378890104673,-74.00437028389966,"(40.74378890104673, -74.00437028389966)"
56924855,02/28/2023 09:11:16 AM,03/13/2023 11:52:58 AM,DSNY,Department of Sanitation,Dirty Condition,Dog Waste,Sidewalk,10027,8 AVENUE,8 AVENUE,8 AVENUE,WEST  129 STREET,8 AVENUE,WEST  129 STREET,INTERSECTION,,,,Closed,,The Department of Sanitation investigated this complaint and found no violation at the location.,03/13/2023 11:53:02 AM,10 MANHATTAN,,MANHATTAN,998284,235379,PHONE,Unspecified,MANHATTAN,,,,,,,,40.812725606610094,-73.94930132473948,"(40.812725606610094, -73.94930132473948)"
56915700,02/27/2023 07:27:13 PM,02/28/2023 07:13:45 PM,DSNY,Department of Sanitation,Dirty Condition,Dog Waste,Sidewalk,10468,2357 DAVIDSON AVENUE,DAVIDSON AVENUE,NORTH STREET,WEST  184 STREET,NORTH STREET,WEST  184 STREET,ADDRESS,BRONX,DAVIDSON AVENUE,,Closed,,The Department of Sanitation investigated this complaint and found no violation at the location.,02/28/2023 07:13:52 PM,07 BRONX,2031980031,BRONX,1010861,252787,PHONE,Unspecified,BRONX,,,,,,,,40.8604765640745,-73.9037971125668,"(40.8604765640745, -73.9037971125668)"
56911116,02/27/2023 06:07:25 PM,03/11/2023 01:33:30 PM,DSNY,Department of Sanitation,Dirty Condition,Dog Waste,Sidewalk,11220,558 BAY RIDGE AVENUE,BAY RIDGE AVENUE,VISTA PLACE,6 AVENUE,VISTA PLACE,6 AVENUE,ADDRESS,BROOKLYN,BAY RIDGE AVENUE,,Closed,,The Department of Sanitation investigated this complaint and found no violation at the location.,03/11/2023 01:33:35 PM,10 BROOKLYN,3058740033,BROOKLYN,978899,169775,ONLINE,Unspecified,BROOKLYN,,,,,,,,40.63266809959965,-74.01927865422951,"(40.63266809959965, -74.01927865422951)"
56915666,02/27/2023 04:30:22 PM,02/28/2023 01:30:35 PM,DSNY,Department of Sanitation,Dirty Condition,Dog Waste,Sidewalk,10469,2959 MORGAN AVENUE,MORGAN AVENUE,ARNOW AVENUE,BEND,ARNOW AVENUE,BEND,ADDRESS,BRONX,MORGAN AVENUE,,Closed,,The Department of Sanitation investigated this complaint and found no violation at the location.,02/28/2023 01:30:39 PM,11 BRONX,2045650029,BRONX,1027061,255818,PHONE,Unspecified,BRONX,,,,,,,,40.86873203179296,-73.8452123394193,"(40.86873203179296, -73.8452123394193)"
56906972,02/27/2023 11:48:42 AM,03/10/2023 12:55:24 PM,DSNY,Department of Sanitation,Dirty Condition,Dog Waste,Sidewalk,10021,200 EAST   72 STREET,EAST   72 STREET,3 AVENUE,2 AVENUE,3 AVENUE,2 AVENUE,ADDRESS,NEW YORK,EAST   72 STREET,,Closed,,The Department of Sanitation investigated this complaint and found no violation at the location.,03/10/2023 12:55:30 PM,08 MANHATTAN,1014260044,MANHATTAN,995254,219665,PHONE,Unspecified,MANHATTAN,,,,,,,,40.769599206614636,-73.96027312678187,"(40.769599206614636, -73.96027312678187)"
56909447,02/27/2023 11:44:19 AM,02/28/2023 01:29:27 PM,DSNY,Department of Sanitation,Dirty Condition,Dog Waste,Sidewalk,10469,2961 MORGAN AVENUE,MORGAN AVENUE,ARNOW AVENUE,BEND,ARNOW AVENUE,BEND,ADDRESS,BRONX,MORGAN AVENUE,,Closed,,The Department of Sanitation investigated this complaint and found no violation at the location.,02/28/2023 01:29:32 PM,11 BRONX,2045650030,BRONX,1027061,255829,PHONE,Unspecified,BRONX,,,,,,,,40.86876222339116,-73.84521226914131,"(40.86876222339116, -73.84521226914131)"
56911019,02/27/2023 08:46:25 AM,03/01/2023 01:04:25 AM,DSNY,Department of Sanitation,Dirty Condition,Dog Waste,Sidewalk,11101,1-01 55 AVENUE,55 AVENUE,CENTER BOULEVARD,2 STREET,CENTER BOULEVARD,2 STREET,ADDRESS,LONG ISLAND CITY,55 AVENUE,,Closed,,The Department of Sanitation investigated this complaint and found no violation at the location.,03/01/2023 01:04:29 AM,02 QUEENS,,QUEENS,995142,209000,ONLINE,Unspecified,QUEENS,,,,,,,,40.74032663553666,-73.9606947479563,"(40.74032663553666, -73.9606947479563)"
56911966,02/27/2023 08:31:01 AM,02/28/2023 01:26:44 PM,DSNY,Department of Sanitation,Dirty Condition,Dog Waste,Sidewalk,10452,1025 WOODYCREST AVENUE,WOODYCREST AVENUE,WEST  164 STREET,WEST  165 STREET,WEST  164 STREET,WEST  165 STREET,ADDRESS,BRONX,WOODYCREST AVENUE,,Closed,,The Department of Sanitation investigated this complaint and found no violation at the location.,02/28/2023 01:26:48 PM,04 BRONX,2025120075,BRONX,1004285,242830,PHONE,Unspecified,BRONX,,,,,,,,40.83316491277668,-73.92760010976495,"(40.83316491277668, -73.92760010976495)"
56915639,02/27/2023 08:28:34 AM,02/28/2023 01:24:46 PM,DSNY,Department of Sanitation,Dirty Condition,Dog Waste,Sidewalk,10452,992 WOODYCREST AVENUE,WOODYCREST AVENUE,WEST  163 STREET,WEST  164 STREET,WEST  163 STREET,WEST  164 STREET,ADDRESS,BRONX,WOODYCREST AVENUE,,Closed,,The Department of Sanitation investigated this complaint and found no violation at the location.,02/28/2023 01:24:49 PM,04 BRONX,2025070018,BRONX,1004110,242518,PHONE,Unspecified,BRONX,,,,,,,,40.83230895810386,-73.92823342554206,"(40.83230895810386, -73.92823342554206)"
56915638,02/27/2023 08:24:20 AM,02/28/2023 01:25:41 PM,DSNY,Department of Sanitation,Dirty Condition,Dog Waste,Sidewalk,10452,1000 WOODYCREST AVENUE,WOODYCREST AVENUE,WEST  164 STREET,WEST  165 STREET,WEST  164 STREET,WEST  165 STREET,ADDRESS,BRONX,WOODYCREST AVENUE,,Closed,,The Department of Sanitation investigated this complaint and found no violation at the location.,02/28/2023 01:25:46 PM,04 BRONX,2025080001,BRONX,1004195,242664,PHONE,Unspecified,BRONX,,,,,,,,40.83270949442344,-73.9279258335374,"(40.83270949442344, -73.9279258335374)"
56910811,02/27/2023 07:38:38 AM,03/06/2023 05:01:45 PM,DSNY,Department of Sanitation,Dirty Condition,Dog Waste,Street,11208,528 RIDGEWOOD AVENUE,RIDGEWOOD AVENUE,LINCOLN AVENUE,NICHOLS AVENUE,LINCOLN AVENUE,NICHOLS AVENUE,ADDRESS,BROOKLYN,RIDGEWOOD AVENUE,,Closed,,The Department of Sanitation investigated this complaint and found no violation at the location.,03/06/2023 05:01:50 PM,05 BROOKLYN,3041340020,BROOKLYN,1020408,189297,PHONE,Unspecified,BROOKLYN,,,,,,,,40.68617945158653,-73.86962488740929,"(40.68617945158653, -73.86962488740929)"
56908343,02/27/2023 07:07:14 AM,02/28/2023 01:22:53 PM,DSNY,Department of Sanitation,Dirty Condition,Dog Waste,Sidewalk,10452,SHERIF BYRD PLACE,SHERIF BYRD PLACE,JESUP AVENUE,SHAKESPEARE AVENUE,JESUP AVENUE,SHAKESPEARE AVENUE,BLOCKFACE,,,,Closed,,The Department of Sanitation investigated this complaint and found no violation at the location.,02/28/2023 01:22:59 PM,Unspecified BRONX,,BRONX,,,PHONE,Unspecified,BRONX,,,,,,,,,,
56900150,02/26/2023 11:14:58 PM,02/27/2023 12:38:03 PM,DSNY,Department of Sanitation,Dirty Condition,Dog Waste,Sidewalk,11355,41 AVENUE,41 AVENUE,41 AVENUE,PARSONS BOULEVARD,41 AVENUE,PARSONS BOULEVARD,INTERSECTION,,,,Closed,,The Department of Sanitation investigated this complaint and found no violation at the location.,02/27/2023 12:38:09 PM,07 QUEENS,,QUEENS,1033684,216410,ONLINE,Unspecified,QUEENS,,,,,,,,40.760533721471425,-73.82155650212508,"(40.760533721471425, -73.82155650212508)"
56903129,02/26/2023 05:04:06 PM,03/04/2023 01:54:42 PM,DSNY,Department of Sanitation,Dirty Condition,Dog Waste,Sidewalk,11207,456 GEORGIA AVENUE,GEORGIA AVENUE,DUMONT AVENUE,LIVONIA AVENUE,DUMONT AVENUE,LIVONIA AVENUE,ADDRESS,BROOKLYN,GEORGIA AVENUE,,Closed,,The Department of Sanitation investigated this complaint and found no violation at the location.,03/04/2023 01:54:46 PM,05 BROOKLYN,3038030011,BROOKLYN,1013062,181680,ONLINE,Unspecified,BROOKLYN,,,,,,,,40.66529947934242,-73.89614493670457,"(40.66529947934242, -73.89614493670457)"
56905695,02/26/2023 04:52:03 PM,03/04/2023 01:54:15 PM,DSNY,Department of Sanitation,Dirty Condition,Dog Waste,Sidewalk,11207,655 WARWICK STREET,WARWICK STREET,DUMONT AVENUE,LIVONIA AVENUE,DUMONT AVENUE,LIVONIA AVENUE,ADDRESS,BROOKLYN,WARWICK STREET,,Closed,,The Department of Sanitation investigated this complaint and found no violation at the location.,03/04/2023 01:54:21 PM,05 BROOKLYN,3040790011,BROOKLYN,1016383,182264,PHONE,Unspecified,BROOKLYN,,,,,,,,40.66689099812535,-73.88417136727578,"(40.66689099812535, -73.88417136727578)"
56900387,02/26/2023 04:38:01 PM,03/01/2023 12:39:52 AM,DSNY,Department of Sanitation,Dirty Condition,Dog Waste,Street,11374,97-07 67 AVENUE,67 AVENUE,BURNS STREET,67 AVENUE FOOTBRIDGE,BURNS STREET,67 AVENUE FOOTBRIDGE,ADDRESS,REGO PARK,67 AVENUE,,Closed,,The Department of Sanitation investigated this complaint and found no violation at the location.,03/01/2023 12:39:56 AM,06 QUEENS,4031550055,QUEENS,1024094,202764,PHONE,Unspecified,QUEENS,,,,,,,,40.72312732174691,-73.85625459558317,"(40.72312732174691, -73.85625459558317)"
56902089,02/26/2023 03:13:19 PM,02/28/2023 01:18:24 PM,DSNY,Department of Sanitation,Dirty Condition,Dog Waste,Sidewalk,10454,430 EAST  134 STREET,EAST  134 STREET,WILLIS AVENUE,BROWN PLACE,WILLIS AVENUE,BROWN PLACE,ADDRESS,BRONX,EAST  134 STREET,,Closed,,The Department of Sanitation investigated this complaint and found no violation at the location.,02/28/2023 01:18:29 PM,01 BRONX,2022780023,BRONX,1005423,232947,PHONE,Unspecified,BRONX,,,,,,,,40.80603621801225,-73.92351893644202,"(40.80603621801225, -73.92351893644202)"
56904978,02/26/2023 03:10:19 PM,02/28/2023 01:28:41 PM,DSNY,Department of Sanitation,Dirty Condition,Dog Waste,Sidewalk,10467,666 ADEE AVENUE,ADEE AVENUE,BARKER AVENUE,OLINVILLE AVENUE,BARKER AVENUE,OLINVILLE AVENUE,ADDRESS,BRONX,ADEE AVENUE,,Closed,,The Department of Sanitation investigated this complaint and found no violation at the location.,02/28/2023 01:28:44 PM,11 BRONX,2045420100,BRONX,1020597,256150,ONLINE,Unspecified,BRONX,,,,,,,,40.86967225293345,-73.86858177030987,"(40.86967225293345, -73.86858177030987)"
56900566,02/26/2023 01:30:41 PM,03/02/2023 09:07:40 AM,DSNY,Department of Sanitation,Dirty Condition,Dog Waste,Street,11203,AVENUE D,AVENUE D,AVENUE D,EAST   40 STREET,AVENUE D,EAST   40 STREET,INTERSECTION,,,,Closed,,The Department of Sanitation investigated this complaint and found no violation at the location.,03/02/2023 09:07:45 AM,17 BROOKLYN,,BROOKLYN,1001184,173012,PHONE,Unspecified,BROOKLYN,,,,,,,,40.64153840226058,-73.93898184394702,"(40.64153840226058, -73.93898184394702)"
56903843,02/26/2023 07:41:41 AM,03/07/2023 07:13:30 AM,DSNY,Department of Sanitation,Dirty Condition,Dog Waste,Sidewalk,11212,456 CHESTER STREET,CHESTER STREET,RIVERDALE AVENUE,NEWPORT STREET,RIVERDALE AVENUE,NEWPORT STREET,ADDRESS,BROOKLYN,CHESTER STREET,,Closed,,The Department of Sanitation investigated this complaint and found no violation at the location.,03/07/2023 07:13:37 AM,16 BROOKLYN,3036010026,BROOKLYN,1009407,179858,ONLINE,Unspecified,BROOKLYN,,,,,,,,40.66030963464516,-73.90932645255451,"(40.66030963464516, -73.90932645255451)"
56893497,02/26/2023 01:21:03 AM,03/11/2023 04:52:07 PM,DSNY,Department of Sanitation,Dirty Condition,Dog Waste,Sidewalk,11223,1969 WEST    8 STREET,WEST    8 STREET,AVENUE S,AVENUE T,AVENUE S,AVENUE T,ADDRESS,BROOKLYN,WEST    8 STREET,,Closed,,The Department of Sanitation investigated this complaint and found no violation at the location.,03/11/2023 04:52:11 PM,11 BROOKLYN,3070810060,BROOKLYN,989802,157655,ONLINE,Unspecified,BROOKLYN,,,,,,,,40.59940108657715,-73.98000714649343,"(40.59940108657715, -73.98000714649343)"
56899618,02/26/2023 01:05:03 AM,02/28/2023 01:20:20 PM,DSNY,Department of Sanitation,Dirty Condition,Dog Waste,Sidewalk,10454,306 EAST  134 STREET,EAST  134 STREET,LINCOLN AVENUE,ALEXANDER AVENUE,LINCOLN AVENUE,ALEXANDER AVENUE,ADDRESS,BRONX,EAST  134 STREET,,Closed,,The Department of Sanitation investigated this complaint and found no violation at the location.,02/28/2023 01:20:24 PM,01 BRONX,2023090020,BRONX,1004268,233585,ONLINE,Unspecified,BRONX,,,,,,,,40.80779004363924,-73.92768912051041,"(40.80779004363924, -73.92768912051041)"
56895689,02/25/2023 06:22:08 PM,03/07/2023 01:35:19 PM,DSNY,Department of Sanitation,Dirty Condition,Dog Waste,Sidewalk,10019,322 WEST   57 STREET,WEST   57 STREET,8 AVENUE,9 AVENUE,8 AVENUE,9 AVENUE,ADDRESS,NEW YORK,WEST   57 STREET,,Closed,,The Department of Sanitation investigated this complaint and found no violation at the location.,03/07/2023 01:35:24 PM,04 MANHATTAN,1010477503,MANHATTAN,988750,218744,PHONE,Unspecified,MANHATTAN,,,,,,,,40.76707700429356,-73.98375462066865,"(40.76707700429356, -73.98375462066865)"
56898874,02/25/2023 04:25:15 PM,02/28/2023 11:42:10 PM,DSNY,Department of Sanitation,Dirty Condition,Dog Waste,Sidewalk,11432,90 AVENUE,90 AVENUE,90 AVENUE,179 STREET,90 AVENUE,179 STREET,INTERSECTION,,,,Closed,,The Department of Sanitation investigated this complaint and found no violation at the location.,02/28/2023 11:42:15 PM,12 QUEENS,,QUEENS,1044257,198235,ONLINE,Unspecified,QUEENS,,,,,,,,40.71058254572813,-73.78355305605427,"(40.71058254572813, -73.78355305605427)"
56897669,02/25/2023 02:25:58 PM,03/08/2023 04:46:55 PM,DSNY,Department of Sanitation,Dirty Condition,Dog Waste,Sidewalk,11230,275 WEBSTER AVENUE,WEBSTER AVENUE,OCEAN PARKWAY,EAST    8 STREET,OCEAN PARKWAY,EAST    8 STREET,ADDRESS,BROOKLYN,WEBSTER AVENUE,,Closed,,The Department of Sanitation investigated this complaint and found no violation at the location.,03/08/2023 04:46:59 PM,14 BROOKLYN,3054170058,BROOKLYN,992378,169858,ONLINE,Unspecified,BROOKLYN,,,,,,,,40.632893804174415,-73.97071623375196,"(40.632893804174415, -73.97071623375196)"
56899445,02/25/2023 11:57:35 AM,03/04/2023 04:31:08 PM,DSNY,Department of Sanitation,Dirty Condition,Dog Waste,Sidewalk,10027,300 WEST  129 STREET,WEST  129 STREET,FREDERICK DOUGLASS BOULEVARD,ST NICHOLAS AVENUE,FREDERICK DOUGLASS BOULEVARD,ST NICHOLAS AVENUE,ADDRESS,NEW YORK,WEST  129 STREET,,Closed,,The Department of Sanitation investigated this complaint and found no violation at the location.,03/04/2023 04:31:15 PM,10 MANHATTAN,1019550017,MANHATTAN,998239,235400,PHONE,Unspecified,MANHATTAN,,,,,,,,40.81278331711902,-73.94946384616277,"(40.81278331711902, -73.94946384616277)"
56897734,02/25/2023 11:36:56 AM,03/03/2023 01:51:30 PM,DSNY,Department of Sanitation,Dirty Condition,Dog Waste,Street,11215,336 19 STREET,19 STREET,6 AVENUE,7 AVENUE,6 AVENUE,7 AVENUE,ADDRESS,BROOKLYN,19 STREET,,Closed,,The Department of Sanitation investigated this complaint and found no violation at the location.,03/03/2023 01:51:34 PM,07 BROOKLYN,3008860030,BROOKLYN,987367,179863,PHONE,Unspecified,BROOKLYN,,,,,,,,40.660358547610244,-73.9887653692838,"(40.660358547610244, -73.9887653692838)"
56896862,02/25/2023 11:01:06 AM,02/28/2023 09:41:37 AM,DSNY,Department of Sanitation,Dirty Condition,Dog Waste,Sidewalk,11355,45-35 PARSONS BOULEVARD,PARSONS BOULEVARD,GEORGIA ROAD,HAWTHORN AVENUE,GEORGIA ROAD,HAWTHORN AVENUE,ADDRESS,FLUSHING,PARSONS BOULEVARD,,Closed,,The Department of Sanitation investigated this complaint and found no violation at the location.,02/28/2023 09:41:42 AM,07 QUEENS,4054300048,QUEENS,1035580,214416,ONLINE,Unspecified,QUEENS,,,,,,,,40.755049908629616,-73.8147276937302,"(40.755049908629616, -73.8147276937302)"
56887612,02/24/2023 07:36:03 PM,03/01/2023 01:18:14 AM,DSNY,Department of Sanitation,Dirty Condition,Dog Waste,Sidewalk,11691,2923 SEAGIRT AVENUE,SEAGIRT AVENUE,BEACH   30 STREET,BEACH   31 STREET,BEACH   30 STREET,BEACH   31 STREET,ADDRESS,FAR ROCKAWAY,SEAGIRT AVENUE,,Closed,,The Department of Sanitation investigated this complaint and found no violation at the location.,03/01/2023 01:18:17 AM,14 QUEENS,4158080022,QUEENS,1050093,156043,ONLINE,Unspecified,QUEENS,,,,,,,,40.594733639965185,-73.76291443908221,"(40.594733639965185, -73.76291443908221)"
56891861,02/24/2023 05:40:52 PM,03/04/2023 12:30:30 PM,DSNY,Department of Sanitation,Dirty Condition,Dog Waste,Sidewalk,10029,158 EAST   98 STREET,EAST   98 STREET,LEXINGTON AVENUE,3 AVENUE,LEXINGTON AVENUE,3 AVENUE,ADDRESS,NEW YORK,EAST   98 STREET,,Closed,,The Department of Sanitation investigated this complaint and found no violation at the location.,03/04/2023 12:30:34 PM,11 MANHATTAN,1016250028,MANHATTAN,998258,225973,ONLINE,Unspecified,MANHATTAN,,,,,,,,40.78690874999736,-73.94941487371212,"(40.78690874999736, -73.94941487371212)"
56884944,02/24/2023 03:51:02 PM,02/28/2023 09:45:30 AM,DSNY,Department of Sanitation,Dirty Condition,Dog Waste,Sidewalk,11356,114-16 14 AVENUE,14 AVENUE,114 STREET,115 STREET,114 STREET,115 STREET,ADDRESS,COLLEGE POINT,14 AVENUE,,Closed,,The Department of Sanitation investigated this complaint and found no violation at the location.,02/28/2023 09:45:34 AM,07 QUEENS,4040490017,QUEENS,1024946,225575,ONLINE,Unspecified,QUEENS,,,,,,,,40.785733751448845,-73.85304277405382,"(40.785733751448845, -73.85304277405382)"
56886266,02/24/2023 01:28:43 PM,02/28/2023 11:36:21 PM,DSNY,Department of Sanitation,Dirty Condition,Dog Waste,Street,11374,66-54 THORNTON PLACE,THORNTON PLACE,CLYDE STREET,DARTMOUTH STREET,CLYDE STREET,DARTMOUTH STREET,ADDRESS,REGO PARK,THORNTON PLACE,,Closed,,The Department of Sanitation investigated this complaint and found no violation at the location.,02/28/2023 11:36:30 PM,06 QUEENS,4031520054,QUEENS,1023746,202397,PHONE,Unspecified,QUEENS,,,,,,,,40.722121557419,-73.85751222844836,"(40.722121557419, -73.85751222844836)"
56884119,02/24/2023 12:19:07 PM,03/01/2023 12:58:20 AM,DSNY,Department of Sanitation,Dirty Condition,Dog Waste,Sidewalk,11385,749 WYCKOFF AVENUE,WYCKOFF AVENUE,PALMETTO STREET,MADISON STREET,PALMETTO STREET,MADISON STREET,ADDRESS,RIDGEWOOD,WYCKOFF AVENUE,,Closed,,The Department of Sanitation investigated this complaint and found no violation at the location.,03/01/2023 12:58:24 AM,05 QUEENS,4035440060,QUEENS,1009259,193897,ONLINE,Unspecified,QUEENS,,,,,,,,40.69884390577245,-73.90980778974522,"(40.69884390577245, -73.90980778974522)"
56888270,02/24/2023 12:14:59 PM,02/27/2023 04:42:13 PM,DSNY,Department of Sanitation,Dirty Condition,Dog Waste,Street,11236,AVENUE N,AVENUE N,AVENUE N,EAST   84 STREET,AVENUE N,EAST   84 STREET,INTERSECTION,,,,Closed,,The Department of Sanitation investigated this complaint and found no violation at the location.,02/27/2023 04:42:20 PM,18 BROOKLYN,,BROOKLYN,1011659,168529,PHONE,Unspecified,BROOKLYN,,,,,,,,40.62920730637148,-73.90125558952147,"(40.62920730637148, -73.90125558952147)"
56885302,02/24/2023 11:55:36 AM,03/11/2023 10:23:53 AM,DSNY,Department of Sanitation,Dirty Condition,Dog Waste,Sidewalk,11229,3140 WHITNEY AVENUE,WHITNEY AVENUE,KNAPP STREET,PLUMB    1 STREET,KNAPP STREET,PLUMB    1 STREET,ADDRESS,BROOKLYN,WHITNEY AVENUE,,Closed,,The Department of Sanitation investigated this complaint and found no violation at the location.,03/11/2023 10:23:58 AM,15 BROOKLYN,3088250010,BROOKLYN,1002884,156969,PHONE,Unspecified,BROOKLYN,,,,,,,,40.59750030521903,-73.93290052952413,"(40.59750030521903, -73.93290052952413)"
56889682,02/24/2023 11:54:06 AM,02/27/2023 04:15:06 PM,DSNY,Department of Sanitation,Dirty Condition,Dog Waste,Street,11372,82-16 34 AVENUE,34 AVENUE,82 STREET,83 STREET,82 STREET,83 STREET,ADDRESS,JACKSON HEIGHTS,34 AVENUE,,Closed,,The Department of Sanitation investigated this complaint and found no violation at the location.,02/27/2023 04:15:12 PM,03 QUEENS,4014430006,QUEENS,1016170,213909,ONLINE,Unspecified,QUEENS,,,,,,,,40.75374969935472,-73.884789131494,"(40.75374969935472, -73.884789131494)"
56884194,02/24/2023 11:52:00 AM,02/25/2023 04:14:46 PM,DSNY,Department of Sanitation,Dirty Condition,Dog Waste,Sidewalk,11236,988 EAST   79 STREET,EAST   79 STREET,FLATLANDS AVENUE,PAERDEGAT    1 STREET,FLATLANDS AVENUE,PAERDEGAT    1 STREET,ADDRESS,BROOKLYN,EAST   79 STREET,,Closed,,The Department of Sanitation investigated this complaint and found no violation at the location.,02/25/2023 04:14:51 PM,18 BROOKLYN,3080150001,BROOKLYN,1008541,170122,PHONE,Unspecified,BROOKLYN,,,,,,,,40.6335888509053,-73.91248283961613,"(40.6335888509053, -73.91248283961613)"
56891140,02/24/2023 11:14:14 AM,02/25/2023 04:51:36 PM,DSNY,Department of Sanitation,Dirty Condition,Dog Waste,Sidewalk,11203,491 EAST   52 STREET,EAST   52 STREET,SNYDER AVENUE,TILDEN AVENUE,SNYDER AVENUE,TILDEN AVENUE,ADDRESS,BROOKLYN,EAST   52 STREET,,Closed,,The Department of Sanitation investigated this complaint and found no violation at the location.,02/25/2023 04:51:42 PM,17 BROOKLYN,3047240040,BROOKLYN,1004201,175663,PHONE,Unspecified,BROOKLYN,,,,,,,,40.64880854099246,-73.92810287457718,"(40.64880854099246, -73.92810287457718)"
56891029,02/24/2023 10:20:54 AM,03/09/2023 04:02:40 PM,DSNY,Department of Sanitation,Dirty Condition,Dog Waste,Sidewalk,10023,60 WEST   68 STREET,WEST   68 STREET,CENTRAL PARK WEST,COLUMBUS AVENUE,CENTRAL PARK WEST,COLUMBUS AVENUE,ADDRESS,NEW YORK,WEST   68 STREET,,Closed,,The Department of Sanitation investigated this complaint and found no violation at the location.,03/09/2023 04:02:46 PM,07 MANHATTAN,1011200057,MANHATTAN,989874,221425,ONLINE,Unspecified,MANHATTAN,,,,,,,,40.77443500662301,-73.97969464250781,"(40.77443500662301, -73.97969464250781)"
56888861,02/24/2023 10:03:02 AM,03/07/2023 12:52:39 PM,DSNY,Department of Sanitation,Dirty Condition,Dog Waste,Sidewalk,10025,168 WEST  107 STREET,WEST  107 STREET,COLUMBUS AVENUE,AMSTERDAM AVENUE,COLUMBUS AVENUE,AMSTERDAM AVENUE,ADDRESS,NEW YORK,WEST  107 STREET,,Closed,,The Department of Sanitation investigated this complaint and found no violation at the location.,03/07/2023 12:52:43 PM,07 MANHATTAN,1018610058,MANHATTAN,994166,230984,ONLINE,Unspecified,MANHATTAN,,,,,,,,40.800668127557,-73.96418433890139,"(40.800668127557, -73.96418433890139)"
56888499,02/24/2023 09:59:44 AM,02/28/2023 06:38:48 PM,DSNY,Department of Sanitation,Dirty Condition,Dog Waste,Street,10466,753 EAST  230 STREET,EAST  230 STREET,WHITE PLAINS ROAD,BARNES AVENUE,WHITE PLAINS ROAD,BARNES AVENUE,ADDRESS,BRONX,EAST  230 STREET,,Closed,,The Department of Sanitation investigated this complaint and found no violation at the location.,02/28/2023 06:38:56 PM,12 BRONX,2048440013,BRONX,1023785,263877,PHONE,Unspecified,BRONX,,,,,,,,40.89086673571555,-73.8570094750781,"(40.89086673571555, -73.8570094750781)"
56888580,02/24/2023 09:51:31 AM,03/01/2023 12:56:34 PM,DSNY,Department of Sanitation,Dirty Condition,Dog Waste,Sidewalk,11692,535 BEACH   63 STREET,BEACH   63 STREET,ELIZABETH ROAD,BURCHELL ROAD,ELIZABETH ROAD,BURCHELL ROAD,ADDRESS,ARVERNE,BEACH   63 STREET,,Closed,,The Department of Sanitation investigated this complaint and found no violation at the location.,03/01/2023 12:56:38 PM,14 QUEENS,4160300057,QUEENS,1041836,156546,PHONE,Unspecified,QUEENS,,,,,,,,40.596171764083444,-73.79264159829575,"(40.596171764083444, -73.79264159829575)"
56891872,02/24/2023 08:36:29 AM,03/08/2023 04:44:04 PM,DSNY,Department of Sanitation,Dirty Condition,Dog Waste,Sidewalk,11207,450 BELMONT AVENUE,BELMONT AVENUE,VERMONT STREET,WYONA STREET,VERMONT STREET,WYONA STREET,ADDRESS,BROOKLYN,BELMONT AVENUE,,Closed,,The Department of Sanitation investigated this complaint and found no violation at the location.,03/08/2023 04:44:09 PM,05 BROOKLYN,3037570083,BROOKLYN,1013926,183755,PHONE,Unspecified,BROOKLYN,,,,,,,,40.670992033836555,-73.89302145113707,"(40.670992033836555, -73.89302145113707)"
56889335,02/24/2023 08:23:41 AM,03/01/2023 01:17:44 AM,DSNY,Department of Sanitation,Dirty Condition,Dog Waste,Sidewalk,11421,86 STREET,86 STREET,86 STREET,ATLANTIC AVENUE,86 STREET,ATLANTIC AVENUE,INTERSECTION,,,,Closed,,The Department of Sanitation investigated this complaint and found no violation at the location.,03/01/2023 01:17:49 AM,09 QUEENS,,QUEENS,1024274,189313,ONLINE,Unspecified,QUEENS,,,,,,,,40.686206730288205,-73.85568515750315,"(40.686206730288205, -73.85568515750315)"
56883842,02/24/2023 08:03:08 AM,02/28/2023 01:45:19 PM,DSNY,Department of Sanitation,Dirty Condition,Dog Waste,Sidewalk,11214,1654 84 STREET,84 STREET,16 AVENUE,17 AVENUE,16 AVENUE,17 AVENUE,ADDRESS,BROOKLYN,84 STREET,,Closed,,The Department of Sanitation investigated this complaint and found no violation at the location.,02/28/2023 01:45:25 PM,11 BROOKLYN,3063250030,BROOKLYN,982963,161732,PHONE,Unspecified,BROOKLYN,,,,,,,,40.61059326553503,-74.00463528748337,"(40.61059326553503, -74.00463528748337)"
56875642,02/23/2023 11:50:58 PM,03/01/2023 01:26:21 PM,DSNY,Department of Sanitation,Dirty Condition,Dog Waste,Sidewalk,10468,2251 SEDGWICK AVENUE,SEDGWICK AVENUE,WEST  183 STREET,WEST FORDHAM ROAD,WEST  183 STREET,WEST FORDHAM ROAD,ADDRESS,BRONX,SEDGWICK AVENUE,,Closed,,The Department of Sanitation investigated this complaint and found no violation at the location.,03/01/2023 01:26:27 PM,07 BRONX,2032340037,BRONX,1009049,252981,ONLINE,Unspecified,BRONX,,,,,,,,40.8610143114183,-73.91034705073179,"(40.8610143114183, -73.91034705073179)"
56881188,02/23/2023 09:22:42 PM,02/28/2023 11:28:03 PM,DSNY,Department of Sanitation,Dirty Condition,Dog Waste,Street,11361,209-44 34 ROAD,34 ROAD,CORPORAL KENNEDY STREET,210 STREET,CORPORAL KENNEDY STREET,210 STREET,ADDRESS,BAYSIDE,34 ROAD,,Closed,,The Department of Sanitation investigated this complaint and found no violation at the location.,02/28/2023 11:28:09 PM,11 QUEENS,4061030001,QUEENS,1045676,219423,ONLINE,Unspecified,QUEENS,,,,,,,,40.76872841868065,-73.77824122771754,"(40.76872841868065, -73.77824122771754)"
56877768,02/23/2023 08:30:58 PM,03/07/2023 01:12:24 PM,DSNY,Department of Sanitation,Dirty Condition,Dog Waste,Sidewalk,10024,600 WEST END AVENUE,WEST END AVENUE,WEST   89 STREET,WEST   90 STREET,WEST   89 STREET,WEST   90 STREET,ADDRESS,NEW YORK,WEST END AVENUE,,Closed,,The Department of Sanitation investigated this complaint and found no violation at the location.,03/07/2023 01:12:28 PM,07 MANHATTAN,1012370001,MANHATTAN,990813,227461,ONLINE,Unspecified,MANHATTAN,,,,,,,,40.79100157518132,-73.97629850236387,"(40.79100157518132, -73.97629850236387)"
56881042,02/23/2023 06:50:13 PM,03/07/2023 07:12:52 AM,DSNY,Department of Sanitation,Dirty Condition,Dog Waste,Sidewalk,11233,536 BAINBRIDGE STREET,BAINBRIDGE STREET,SARATOGA AVENUE,THOMAS S BOYLAND STREET,SARATOGA AVENUE,THOMAS S BOYLAND STREET,ADDRESS,BROOKLYN,BAINBRIDGE STREET,,Closed,,The Department of Sanitation investigated this complaint and found no violation at the location.,03/07/2023 07:13:00 AM,16 BROOKLYN,3015100026,BROOKLYN,1007660,188027,ONLINE,Unspecified,BROOKLYN,,,,,,,,40.68273649056886,-73.91559480192792,"(40.68273649056886, -73.91559480192792)"
56880889,02/23/2023 06:22:12 PM,03/03/2023 01:45:41 PM,DSNY,Department of Sanitation,Dirty Condition,Dog Waste,Sidewalk,11235,2733 EAST   12 STREET,EAST   12 STREET,BLAKE COURT,BANNER AVENUE,BLAKE COURT,BANNER AVENUE,ADDRESS,BROOKLYN,EAST   12 STREET,,Closed,,The Department of Sanitation investigated this complaint and found no violation at the location.,03/03/2023 01:45:48 PM,15 BROOKLYN,,BROOKLYN,996072,152159,PHONE,Unspecified,BROOKLYN,,,,,,,,40.58430952427748,-73.95743838058956,"(40.58430952427748, -73.95743838058956)"
56880863,02/23/2023 05:59:35 PM,03/01/2023 01:23:08 PM,DSNY,Department of Sanitation,Dirty Condition,Dog Waste,Sidewalk,10465,THROGS NECK EXPRESSWAY,THROGS NECK EXPRESSWAY,THROGS NECK EXPRESSWAY,REYNOLDS AVENUE,THROGS NECK EXPRESSWAY,REYNOLDS AVENUE,INTERSECTION,,,,Closed,,The Department of Sanitation investigated this complaint and found no violation at the location.,03/01/2023 01:23:14 PM,10 BRONX,,BRONX,1037306,237821,PHONE,Unspecified,BRONX,,,,,,,,40.81928002671134,-73.80831296539175,"(40.81928002671134, -73.80831296539175)"
56878730,02/23/2023 05:55:36 PM,03/01/2023 01:29:18 PM,DSNY,Department of Sanitation,Dirty Condition,Dog Waste,Sidewalk,10459,1421 PROSPECT AVENUE,PROSPECT AVENUE,JENNINGS STREET,EAST  170 STREET,JENNINGS STREET,EAST  170 STREET,ADDRESS,BRONX,PROSPECT AVENUE,,Closed,,The Department of Sanitation investigated this complaint and found no violation at the location.,03/01/2023 01:29:22 PM,03 BRONX,2029620038,BRONX,1012875,242659,ONLINE,Unspecified,BRONX,,,,,,,,40.832671903217225,-73.89655943364055,"(40.832671903217225, -73.89655943364055)"
56877479,02/23/2023 05:18:20 PM,02/24/2023 03:39:24 PM,DSNY,Department of Sanitation,Dirty Condition,Dog Waste,Sidewalk,11355,143-22 CHERRY AVENUE,CHERRY AVENUE,BOWNE STREET,SMART STREET,BOWNE STREET,SMART STREET,ADDRESS,FLUSHING,CHERRY AVENUE,,Closed,,The Department of Sanitation investigated this complaint and found no violation at the location.,02/24/2023 03:39:29 PM,07 QUEENS,,QUEENS,1034170,214695,PHONE,Unspecified,QUEENS,,,,,,,,40.75582376400868,-73.81981491129903,"(40.75582376400868, -73.81981491129903)"
56881547,02/23/2023 04:49:23 PM,02/24/2023 03:39:03 PM,DSNY,Department of Sanitation,Dirty Condition,Dog Waste,Sidewalk,11355,45-35 PARSONS BOULEVARD,PARSONS BOULEVARD,GEORGIA ROAD,HAWTHORN AVENUE,GEORGIA ROAD,HAWTHORN AVENUE,ADDRESS,FLUSHING,PARSONS BOULEVARD,,Closed,,The Department of Sanitation investigated this complaint and found no violation at the location.,02/24/2023 03:39:09 PM,07 QUEENS,4054300048,QUEENS,1035580,214416,ONLINE,Unspecified,QUEENS,,,,,,,,40.755049908629616,-73.8147276937302,"(40.755049908629616, -73.8147276937302)"
56877533,02/23/2023 03:44:59 PM,03/09/2023 06:53:01 AM,DSNY,Department of Sanitation,Dirty Condition,Dog Waste,Sidewalk,11249,49 SOUTH   11 STREET,SOUTH   11 STREET,WYTHE AVENUE,BERRY STREET,WYTHE AVENUE,BERRY STREET,ADDRESS,BROOKLYN,SOUTH   11 STREET,,Closed,,"The Department of Sanitation has investigated the complaint and addressed the issue. If the problem persists, call 311 to enter a new complaint. If you are outside of New York City, please call (212) NEW-YORK (212-639-9675).",03/09/2023 06:53:01 AM,01 BROOKLYN,3021560124,BROOKLYN,993420,197074,ONLINE,Unspecified,BROOKLYN,,,,,,,,40.70759461170094,-73.96692506645768,"(40.70759461170094, -73.96692506645768)"
56883256,02/23/2023 03:33:34 PM,03/04/2023 01:59:48 PM,DSNY,Department of Sanitation,Dirty Condition,Dog Waste,Sidewalk,11208,425 LINWOOD STREET,LINWOOD STREET,GLENMORE AVENUE,PITKIN AVENUE,GLENMORE AVENUE,PITKIN AVENUE,ADDRESS,BROOKLYN,LINWOOD STREET,,Closed,,The Department of Sanitation investigated this complaint and issued a Notice of Violation.,03/04/2023 01:59:56 PM,05 BROOKLYN,3040030012,BROOKLYN,1016746,185197,ONLINE,Unspecified,BROOKLYN,,,,,,,,40.67494009465988,-73.88284873672939,"(40.67494009465988, -73.88284873672939)"
56877770,02/23/2023 03:18:57 PM,03/06/2023 12:06:23 PM,DSNY,Department of Sanitation,Dirty Condition,Dog Waste,Sidewalk,10034,ACADEMY STREET,ACADEMY STREET,ACADEMY STREET,VERMILYEA AVENUE,ACADEMY STREET,VERMILYEA AVENUE,INTERSECTION,,,,Closed,,The Department of Sanitation investigated this complaint and found no violation at the location.,03/06/2023 12:06:30 PM,12 MANHATTAN,,MANHATTAN,1005165,254563,PHONE,Unspecified,MANHATTAN,,,,,,,,40.86536647782944,-73.92438348096172,"(40.86536647782944, -73.92438348096172)"
56876178,02/23/2023 03:16:01 PM,03/06/2023 01:18:38 PM,DSNY,Department of Sanitation,Dirty Condition,Dog Waste,Sidewalk,10022,430 EAST   57 STREET,EAST   57 STREET,1 AVENUE,SUTTON PLACE,1 AVENUE,SUTTON PLACE,ADDRESS,NEW YORK,EAST   57 STREET,,Closed,,The Department of Sanitation investigated this complaint and found no violation at the location.,03/06/2023 01:18:43 PM,06 MANHATTAN,1013680036,MANHATTAN,994747,215423,ONLINE,Unspecified,MANHATTAN,,,,,,,,40.7579566279883,-73.9621101329131,"(40.7579566279883, -73.9621101329131)"
56883228,02/23/2023 02:31:00 PM,02/27/2023 06:53:41 AM,DSNY,Department of Sanitation,Dirty Condition,Dog Waste,Sidewalk,11692,552 BEACH   72 STREET,BEACH   72 STREET,BURCHELL AVENUE,ALMEDA AVENUE,BURCHELL AVENUE,ALMEDA AVENUE,ADDRESS,ARVERNE,BEACH   72 STREET,,Closed,,The Department of Sanitation investigated this complaint and issued a Notice of Violation.,02/27/2023 06:53:46 AM,14 QUEENS,4160480059,QUEENS,1039515,156538,PHONE,Unspecified,QUEENS,,,,,,,,40.59616458236938,-73.80099920132847,"(40.59616458236938, -73.80099920132847)"
56877771,02/23/2023 01:03:36 PM,03/01/2023 01:24:00 AM,DSNY,Department of Sanitation,Dirty Condition,Dog Waste,Sidewalk,11201,101 FLEET PLACE,FLEET PLACE,FAIR STREET,WILLOUGHBY STREET,FAIR STREET,WILLOUGHBY STREET,ADDRESS,BROOKLYN,FLEET PLACE,,Closed,,The Department of Sanitation investigated this complaint and found no violation at the location.,03/01/2023 01:24:03 AM,02 BROOKLYN,3020610100,BROOKLYN,989309,191643,ONLINE,Unspecified,BROOKLYN,,,,,,,,40.692691091904365,-73.98175695916035,"(40.692691091904365, -73.98175695916035)"
56880756,02/23/2023 12:32:12 PM,02/27/2023 06:37:21 AM,DSNY,Department of Sanitation,Dirty Condition,Dog Waste,Sidewalk,11210,848 EAST   34 STREET,EAST   34 STREET,FARRAGUT ROAD,GLENWOOD ROAD,FARRAGUT ROAD,GLENWOOD ROAD,ADDRESS,BROOKLYN,EAST   34 STREET,,Closed,,The Department of Sanitation investigated this complaint and found no violation at the location.,02/27/2023 06:37:31 AM,17 BROOKLYN,3050080058,BROOKLYN,999776,170817,PHONE,Unspecified,BROOKLYN,,,,,,,,40.63551617745658,-73.94406032925528,"(40.63551617745658, -73.94406032925528)"
56878353,02/23/2023 12:15:17 PM,03/02/2023 12:33:08 PM,DSNY,Department of Sanitation,Dirty Condition,Dog Waste,Sidewalk,10457,TIEBOUT AVENUE,TIEBOUT AVENUE,EAST  180 STREET,EAST  181 STREET,EAST  180 STREET,EAST  181 STREET,BLOCKFACE,,,,Closed,,The Department of Sanitation investigated this complaint and found no violation at the location.,03/02/2023 12:33:13 PM,Unspecified BRONX,,BRONX,,,UNKNOWN,Unspecified,BRONX,,,,,,,,,,
56877135,02/23/2023 11:54:46 AM,03/02/2023 12:31:03 PM,DSNY,Department of Sanitation,Dirty Condition,Dog Waste,Sidewalk,10467,3044 MATTHEWS AVENUE,MATTHEWS AVENUE,ADEE AVENUE,BURKE AVENUE,ADEE AVENUE,BURKE AVENUE,ADDRESS,BRONX,MATTHEWS AVENUE,,Closed,,The Department of Sanitation investigated this complaint and found no violation at the location.,03/02/2023 12:31:08 PM,12 BRONX,2045730125,BRONX,1022303,256427,PHONE,Unspecified,BRONX,,,,,,,,40.870425342613444,-73.86241189887824,"(40.870425342613444, -73.86241189887824)"
56878496,02/23/2023 11:42:04 AM,02/28/2023 11:27:26 PM,DSNY,Department of Sanitation,Dirty Condition,Dog Waste,Sidewalk,11361,38-27 215 STREET,215 STREET,38 AVENUE,39 AVENUE,38 AVENUE,39 AVENUE,ADDRESS,BAYSIDE,215 STREET,,Closed,,The Department of Sanitation investigated this complaint and found no violation at the location.,02/28/2023 11:27:32 PM,11 QUEENS,,QUEENS,1048162,218674,ONLINE,Unspecified,QUEENS,,,,,,,,40.76665499158772,-73.7692734890239,"(40.76665499158772, -73.7692734890239)"
56881808,02/23/2023 11:16:19 AM,03/01/2023 01:34:25 AM,DSNY,Department of Sanitation,Dirty Condition,Dog Waste,Sidewalk,11233,454A DECATUR STREET,DECATUR STREET,PATCHEN AVENUE,RALPH AVENUE,PATCHEN AVENUE,RALPH AVENUE,ADDRESS,BROOKLYN,DECATUR STREET,,Closed,,The Department of Sanitation investigated this complaint and found no violation at the location.,03/01/2023 01:34:30 AM,03 BROOKLYN,3016830020,BROOKLYN,1005173,187923,ONLINE,Unspecified,BROOKLYN,,,,,,,,40.682457262466976,-73.92456204572551,"(40.682457262466976, -73.92456204572551)"
56876690,02/23/2023 11:06:14 AM,03/01/2023 01:06:00 AM,DSNY,Department of Sanitation,Dirty Condition,Dog Waste,Sidewalk,11103,24-56 44 STREET,44 STREET,AMTRAK-CONNECTING RAIL LINE,25 AVENUE,AMTRAK-CONNECTING RAIL LINE,25 AVENUE,ADDRESS,ASTORIA,44 STREET,,Closed,,The Department of Sanitation investigated this complaint and found no violation at the location.,03/01/2023 01:06:04 AM,01 QUEENS,4006890044,QUEENS,1009698,218696,ONLINE,Unspecified,QUEENS,,,,,,,,40.76690977476343,-73.90813078920345,"(40.76690977476343, -73.90813078920345)"
56875228,02/23/2023 09:16:14 AM,02/27/2023 04:43:42 PM,DSNY,Department of Sanitation,Dirty Condition,Dog Waste,Sidewalk,11234,5421 AVENUE O,AVENUE O,EAST   54 STREET,EAST   55 STREET,EAST   54 STREET,EAST   55 STREET,ADDRESS,BROOKLYN,AVENUE O,,Closed,,The Department of Sanitation investigated this complaint and found no violation at the location.,02/27/2023 04:43:48 PM,18 BROOKLYN,3078990001,BROOKLYN,1005771,164031,ONLINE,Unspecified,BROOKLYN,,,,,,,,40.61687750263925,-73.92248218623898,"(40.61687750263925, -73.92248218623898)"
56876163,02/23/2023 09:07:38 AM,02/27/2023 02:23:34 PM,DSNY,Department of Sanitation,Dirty Condition,Dog Waste,Sidewalk,11203,980 EAST   48 STREET,EAST   48 STREET,FOSTER AVENUE,FARRAGUT ROAD,FOSTER AVENUE,FARRAGUT ROAD,ADDRESS,BROOKLYN,EAST   48 STREET,,Closed,,The Department of Sanitation investigated this complaint and found no violation at the location.,02/27/2023 02:23:39 PM,17 BROOKLYN,3047820044,BROOKLYN,1003444,171610,PHONE,Unspecified,BROOKLYN,,,,,,,,40.63768560403251,-73.93084239435188,"(40.63768560403251, -73.93084239435188)"
56879704,02/23/2023 08:34:58 AM,03/02/2023 12:34:36 PM,DSNY,Department of Sanitation,Dirty Condition,Dog Waste,Sidewalk,10469,1488 NEEDHAM AVENUE,NEEDHAM AVENUE,FENTON AVENUE,EAST  221 STREET,FENTON AVENUE,EAST  221 STREET,ADDRESS,BRONX,NEEDHAM AVENUE,,Closed,,The Department of Sanitation investigated this complaint and found no violation at the location.,03/02/2023 12:34:40 PM,12 BRONX,2047250016,BRONX,1026073,259840,PHONE,Unspecified,BRONX,,,,,,,,40.879775904250586,-73.84875944253257,"(40.879775904250586, -73.84875944253257)"
56872088,02/22/2023 08:49:05 PM,02/27/2023 06:36:41 AM,DSNY,Department of Sanitation,Dirty Condition,Dog Waste,Sidewalk,10467,375 EAST  205 STREET,EAST  205 STREET,DECATUR AVENUE,WEBSTER AVENUE,DECATUR AVENUE,WEBSTER AVENUE,ADDRESS,BRONX,EAST  205 STREET,,Closed,,The Department of Sanitation investigated this complaint and found no violation at the location.,02/27/2023 06:37:00 AM,07 BRONX,2033540047,BRONX,1018708,257430,PHONE,Unspecified,BRONX,,,,,,,,40.8731930336051,-73.87540515130969,"(40.8731930336051, -73.87540515130969)"
56871157,02/22/2023 07:26:33 PM,03/01/2023 01:27:23 PM,DSNY,Department of Sanitation,Dirty Condition,Dog Waste,Sidewalk,10458,265 EAST  201 STREET,EAST  201 STREET,VALENTINE AVENUE,BRIGGS AVENUE,VALENTINE AVENUE,BRIGGS AVENUE,ADDRESS,BRONX,EAST  201 STREET,,Closed,,The Department of Sanitation investigated this complaint and found no violation at the location.,03/01/2023 01:27:27 PM,07 BRONX,2033070037,BRONX,1016110,257017,ONLINE,Unspecified,BRONX,,,,,,,,40.87206923642272,-73.88480107389047,"(40.87206923642272, -73.88480107389047)"
56874683,02/22/2023 07:07:46 PM,02/28/2023 01:19:22 PM,DSNY,Department of Sanitation,Dirty Condition,Dog Waste,Sidewalk,10454,EAST  134 STREET,EAST  134 STREET,LINCOLN AVENUE,ALEXANDER AVENUE,LINCOLN AVENUE,ALEXANDER AVENUE,BLOCKFACE,,,,Closed,,The Department of Sanitation investigated this complaint and found no violation at the location.,02/28/2023 01:19:26 PM,Unspecified BRONX,,BRONX,,,PHONE,Unspecified,BRONX,,,,,,,,,,
56871448,02/22/2023 06:32:16 PM,03/07/2023 01:07:46 PM,DSNY,Department of Sanitation,Dirty Condition,Dog Waste,Sidewalk,10024,WEST   88 STREET,WEST   88 STREET,WEST   88 STREET,WEST END AVENUE,WEST   88 STREET,WEST END AVENUE,INTERSECTION,,,,Closed,,The Department of Sanitation investigated this complaint and found no violation at the location.,03/07/2023 01:07:51 PM,07 MANHATTAN,,MANHATTAN,990645,227164,PHONE,Unspecified,MANHATTAN,,,,,,,,40.790186513269596,-73.97690549722878,"(40.790186513269596, -73.97690549722878)"
56874513,02/22/2023 05:25:03 PM,03/04/2023 05:43:24 PM,DSNY,Department of Sanitation,Dirty Condition,Dog Waste,Sidewalk,11205,213 TAAFFE PLACE,TAAFFE PLACE,WILLOUGHBY AVENUE,DEKALB AVENUE,WILLOUGHBY AVENUE,DEKALB AVENUE,ADDRESS,BROOKLYN,TAAFFE PLACE,,Closed,,The Department of Sanitation investigated this complaint and found no violation at the location.,03/04/2023 05:43:29 PM,03 BROOKLYN,3019250007,BROOKLYN,995430,191319,ONLINE,Unspecified,BROOKLYN,,,,,,,,40.69179617118657,-73.95968482608953,"(40.69179617118657, -73.95968482608953)"
56870941,02/22/2023 04:49:56 PM,02/27/2023 07:21:00 AM,DSNY,Department of Sanitation,Dirty Condition,Dog Waste,Sidewalk,10308,ABINGDON AVENUE,ABINGDON AVENUE,ABINGDON AVENUE,GURLEY AVENUE,ABINGDON AVENUE,GURLEY AVENUE,INTERSECTION,,,,Closed,,The Department of Sanitation investigated this complaint and found no violation at the location.,02/27/2023 07:21:06 AM,03 STATEN ISLAND,,STATEN ISLAND,939666,143448,PHONE,Unspecified,STATEN ISLAND,,,,,,,,40.56029533754927,-74.16045391198504,"(40.56029533754927, -74.16045391198504)"
56874575,02/22/2023 01:37:10 PM,02/27/2023 06:34:50 AM,DSNY,Department of Sanitation,Dirty Condition,Dog Waste,Sidewalk,10452,1340 MERRIAM AVENUE,MERRIAM AVENUE,WEST  169 STREET,WEST  170 STREET,WEST  169 STREET,WEST  170 STREET,ADDRESS,BRONX,MERRIAM AVENUE,,Closed,,The Department of Sanitation investigated this complaint and found no violation at the location.,02/27/2023 06:34:55 AM,04 BRONX,2025310013,BRONX,1004777,245766,PHONE,Unspecified,BRONX,,,,,,,,40.84122224911729,-73.92581319920582,"(40.84122224911729, -73.92581319920582)"
56874054,02/22/2023 01:32:43 PM,03/01/2023 01:23:58 AM,DSNY,Department of Sanitation,Dirty Condition,Dog Waste,Sidewalk,11201,101 FLEET PLACE,FLEET PLACE,FAIR STREET,WILLOUGHBY STREET,FAIR STREET,WILLOUGHBY STREET,ADDRESS,BROOKLYN,FLEET PLACE,,Closed,,The Department of Sanitation investigated this complaint and found no violation at the location.,03/01/2023 01:24:03 AM,02 BROOKLYN,3020610100,BROOKLYN,989309,191643,ONLINE,Unspecified,BROOKLYN,,,,,,,,40.692691091904365,-73.98175695916035,"(40.692691091904365, -73.98175695916035)"
56867972,02/22/2023 01:06:16 PM,02/27/2023 06:21:33 AM,DSNY,Department of Sanitation,Dirty Condition,Dog Waste,Sidewalk,10452,NELSON AVENUE,NELSON AVENUE,NELSON AVENUE,WEST  170 STREET,NELSON AVENUE,WEST  170 STREET,INTERSECTION,,,,Closed,,The Department of Sanitation investigated this complaint and found no violation at the location.,02/27/2023 06:21:37 AM,04 BRONX,,BRONX,1005501,245608,ONLINE,Unspecified,BRONX,,,,,,,,40.84078687273071,-73.9231970867876,"(40.84078687273071, -73.9231970867876)"
56866607,02/22/2023 12:51:27 PM,02/28/2023 05:17:04 PM,DSNY,Department of Sanitation,Dirty Condition,Dog Waste,Sidewalk,11433,150-25 107 AVENUE,107 AVENUE,150 STREET,153 STREET,150 STREET,153 STREET,ADDRESS,JAMAICA,107 AVENUE,,Closed,,The Department of Sanitation investigated this complaint and found no violation at the location.,02/28/2023 05:17:08 PM,12 QUEENS,4101200036,QUEENS,1039645,192479,ONLINE,Unspecified,QUEENS,,,,,,,,40.694813794519405,-73.8002359576737,"(40.694813794519405, -73.8002359576737)"
56867569,02/22/2023 12:45:27 PM,02/27/2023 01:37:21 PM,DSNY,Department of Sanitation,Dirty Condition,Dog Waste,Sidewalk,10453,1508 UNDERCLIFF AVENUE,UNDERCLIFF AVENUE,WEST  174 STREET,WEST  175 STREET,WEST  174 STREET,WEST  175 STREET,ADDRESS,BRONX,UNDERCLIFF AVENUE,,Closed,,The Department of Sanitation investigated this complaint and found no violation at the location.,02/27/2023 01:37:26 PM,05 BRONX,,BRONX,1005582,248216,ONLINE,Unspecified,BRONX,,,,,,,,40.847944869993775,-73.92289604963537,"(40.847944869993775, -73.92289604963537)"
56871140,02/22/2023 12:24:47 PM,02/27/2023 01:37:19 PM,DSNY,Department of Sanitation,Dirty Condition,Dog Waste,Sidewalk,10453,1508 UNDERCLIFF AVENUE,UNDERCLIFF AVENUE,WEST  174 STREET,WEST  175 STREET,WEST  174 STREET,WEST  175 STREET,ADDRESS,BRONX,UNDERCLIFF AVENUE,,Closed,,The Department of Sanitation investigated this complaint and found no violation at the location.,02/27/2023 01:37:23 PM,05 BRONX,,BRONX,1005582,248216,ONLINE,Unspecified,BRONX,,,,,,,,40.847944869993775,-73.92289604963537,"(40.847944869993775, -73.92289604963537)"
56867964,02/22/2023 12:04:25 PM,02/27/2023 06:38:11 AM,DSNY,Department of Sanitation,Dirty Condition,Dog Waste,Sidewalk,10467,EAST  211 STREET,EAST  211 STREET,EAST  211 STREET,PUTNAM PLACE,EAST  211 STREET,PUTNAM PLACE,INTERSECTION,,,,Closed,,The Department of Sanitation investigated this complaint and found no violation at the location.,02/27/2023 06:38:17 AM,07 BRONX,,BRONX,1018831,259891,ONLINE,Unspecified,BRONX,,,,,,,,40.879947230594205,-73.87494769927932,"(40.879947230594205, -73.87494769927932)"
56866574,02/22/2023 11:54:45 AM,02/28/2023 10:07:45 AM,DSNY,Department of Sanitation,Dirty Condition,Dog Waste,Sidewalk,11433,111-49 166 STREET,166 STREET,MATHIAS AVENUE,SAYRES AVENUE,MATHIAS AVENUE,SAYRES AVENUE,ADDRESS,JAMAICA,166 STREET,,Closed,,The Department of Sanitation investigated this complaint and found no violation at the location.,02/28/2023 10:07:50 AM,12 QUEENS,4102040044,QUEENS,1044058,191312,PHONE,Unspecified,QUEENS,,,,,,,,40.69158193617798,-73.78433233230761,"(40.69158193617798, -73.78433233230761)"
56872280,02/22/2023 09:56:26 AM,02/23/2023 12:15:09 PM,DSNY,Department of Sanitation,Dirty Condition,Dog Waste,Sidewalk,10460,808 ELSMERE PLACE,ELSMERE PLACE,PROSPECT AVENUE,MARMION AVENUE,PROSPECT AVENUE,MARMION AVENUE,ADDRESS,BRONX,ELSMERE PLACE,,Closed,,The Department of Sanitation investigated this complaint and found no violation at the location.,02/23/2023 12:15:15 PM,06 BRONX,2029550025,BRONX,1015130,246494,ONLINE,Unspecified,BRONX,,,,,,,,40.8431902602018,-73.88839301759494,"(40.8431902602018, -73.88839301759494)"
56871138,02/22/2023 08:03:58 AM,03/06/2023 04:24:02 PM,DSNY,Department of Sanitation,Dirty Condition,Dog Waste,Sidewalk,10011,10 AVENUE,10 AVENUE,10 AVENUE,WEST   18 STREET,10 AVENUE,WEST   18 STREET,INTERSECTION,,,,Closed,,The Department of Sanitation investigated this complaint and found no violation at the location.,03/06/2023 04:24:07 PM,04 MANHATTAN,,MANHATTAN,982481,210571,ONLINE,Unspecified,MANHATTAN,,,,,,,,40.744645169011484,-74.00638408884,"(40.744645169011484, -74.00638408884)"
56859938,02/21/2023 09:46:01 PM,02/28/2023 11:20:08 AM,DSNY,Department of Sanitation,Dirty Condition,Dog Waste,Sidewalk,11377,60-10 47 AVENUE,47 AVENUE,60 STREET,61 STREET,60 STREET,61 STREET,ADDRESS,WOODSIDE,47 AVENUE,,Closed,,The Department of Sanitation investigated this complaint and found no violation at the location.,02/28/2023 11:20:13 AM,02 QUEENS,4023220001,QUEENS,1010762,208861,ONLINE,Unspecified,QUEENS,,,,,,,,40.73991208408455,-73.9043284492515,"(40.73991208408455, -73.9043284492515)"
56861399,02/21/2023 08:57:01 PM,03/04/2023 12:29:14 PM,DSNY,Department of Sanitation,Dirty Condition,Dog Waste,Sidewalk,10029,334 EAST  108 STREET,EAST  108 STREET,2 AVENUE,1 AVENUE,2 AVENUE,1 AVENUE,ADDRESS,NEW YORK,EAST  108 STREET,,Closed,,The Department of Sanitation investigated this complaint and found no violation at the location.,03/04/2023 12:29:19 PM,11 MANHATTAN,1016780001,MANHATTAN,1000876,227554,ONLINE,Unspecified,MANHATTAN,,,,,,,,40.79124363240034,-73.9399569467493,"(40.79124363240034, -73.9399569467493)"
56858534,02/21/2023 07:11:03 PM,02/28/2023 10:38:44 AM,DSNY,Department of Sanitation,Dirty Condition,Dog Waste,Sidewalk,11434,168 PLACE,168 PLACE,168 PLACE,168 STREET,168 PLACE,168 STREET,INTERSECTION,,,,Closed,,The Department of Sanitation investigated this complaint and found no violation at the location.,02/28/2023 10:38:50 AM,12 QUEENS,,QUEENS,1047475,184313,PHONE,Unspecified,QUEENS,,,,,,,,40.672347587505385,-73.77207635221542,"(40.672347587505385, -73.77207635221542)"
56863664,02/21/2023 06:07:15 PM,03/10/2023 10:40:47 AM,DSNY,Department of Sanitation,Dirty Condition,Dog Waste,Sidewalk,11204,1617 68 STREET,68 STREET,16 AVENUE,17 AVENUE,16 AVENUE,17 AVENUE,ADDRESS,BROOKLYN,68 STREET,,Closed,,The Department of Sanitation investigated this complaint and found no violation at the location.,03/10/2023 10:40:53 AM,11 BROOKLYN,,BROOKLYN,985346,165118,ONLINE,Unspecified,BROOKLYN,,,,,,,,40.61988716091309,-73.9960520726914,"(40.61988716091309, -73.9960520726914)"
56863722,02/21/2023 06:00:11 PM,03/03/2023 04:50:36 PM,DSNY,Department of Sanitation,Dirty Condition,Dog Waste,Sidewalk,11236,AVENUE K,AVENUE K,AVENUE K,EAST   96 STREET,AVENUE K,EAST   96 STREET,INTERSECTION,,,,Closed,,The Department of Sanitation investigated this complaint and found no violation at the location.,03/03/2023 04:50:41 PM,18 BROOKLYN,,BROOKLYN,1012613,172410,PHONE,Unspecified,BROOKLYN,,,,,,,,40.63985681665136,-73.89780237395912,"(40.63985681665136, -73.89780237395912)"
56857421,02/21/2023 05:26:40 PM,02/23/2023 03:57:38 PM,DSNY,Department of Sanitation,Dirty Condition,Dog Waste,Sidewalk,11217,670 BALTIC STREET,BALTIC STREET,GREGORY PLACE,5 AVENUE,GREGORY PLACE,5 AVENUE,ADDRESS,BROOKLYN,BALTIC STREET,,Closed,,The Department of Sanitation investigated this complaint and found no violation at the location.,02/23/2023 03:57:44 PM,06 BROOKLYN,3009400250,BROOKLYN,990073,186961,ONLINE,Unspecified,BROOKLYN,,,,,,,,40.679839604374635,-73.97900597834479,"(40.679839604374635, -73.97900597834479)"
56857091,02/21/2023 03:28:04 PM,02/27/2023 07:12:32 AM,DSNY,Department of Sanitation,Dirty Condition,Dog Waste,Sidewalk,11420,114-57 LEFFERTS BOULEVARD,LEFFERTS BOULEVARD,LINDEN BOULEVARD,115 AVENUE,LINDEN BOULEVARD,115 AVENUE,ADDRESS,SOUTH OZONE PARK,LEFFERTS BOULEVARD,,Closed,,The Department of Sanitation investigated this complaint and found no violation at the location.,02/27/2023 07:12:38 AM,10 QUEENS,,QUEENS,1034172,186265,ONLINE,Unspecified,QUEENS,,,,,,,,40.67779038852159,-73.82001853475431,"(40.67779038852159, -73.82001853475431)"
56863508,02/21/2023 02:56:23 PM,02/24/2023 12:42:07 PM,DSNY,Department of Sanitation,Dirty Condition,Dog Waste,Sidewalk,10467,ALLERTON AVENUE,ALLERTON AVENUE,ALLERTON AVENUE,WHITE PLAINS ROAD,ALLERTON AVENUE,WHITE PLAINS ROAD,INTERSECTION,,,,Closed,,The Department of Sanitation investigated this complaint and found no violation at the location.,02/24/2023 12:42:13 PM,11 BRONX,,BRONX,1020937,254605,PHONE,Unspecified,BRONX,,,,,,,,40.86543029648311,-73.86736090787606,"(40.86543029648311, -73.86736090787606)"
56861487,02/21/2023 02:49:18 PM,02/25/2023 01:17:56 PM,DSNY,Department of Sanitation,Dirty Condition,Dog Waste,Sidewalk,11375,75-31 113 STREET,113 STREET,75 AVENUE,76 ROAD,75 AVENUE,76 ROAD,ADDRESS,FOREST HILLS,113 STREET,,Closed,,The Department of Sanitation investigated this complaint and found no violation at the location.,02/25/2023 01:18:00 PM,06 QUEENS,4022650065,QUEENS,1029818,201191,ONLINE,Unspecified,QUEENS,,,,,,,,40.71878219048994,-73.83561478624355,"(40.71878219048994, -73.83561478624355)"
56857759,02/21/2023 02:27:37 PM,03/08/2023 03:37:58 PM,DSNY,Department of Sanitation,Dirty Condition,Dog Waste,Sidewalk,10014,10 ST LUKES PLACE,ST LUKES PLACE,HUDSON STREET,LEROY STREET,HUDSON STREET,LEROY STREET,ADDRESS,NEW YORK,ST LUKES PLACE,,Closed,,The Department of Sanitation investigated this complaint and found no violation at the location.,03/08/2023 03:38:02 PM,02 MANHATTAN,1005830051,MANHATTAN,982561,205296,ONLINE,Unspecified,MANHATTAN,,,,,,,,40.73016661490099,-74.00609405496934,"(40.73016661490099, -74.00609405496934)"
56862483,02/21/2023 12:49:59 PM,02/22/2023 02:59:13 PM,DSNY,Department of Sanitation,Dirty Condition,Dog Waste,Sidewalk,11374,64-47 AUSTIN STREET,AUSTIN STREET,64 ROAD,65 ROAD,64 ROAD,65 ROAD,ADDRESS,REGO PARK,AUSTIN STREET,,Closed,,The Department of Sanitation investigated this complaint and found no violation at the location.,02/22/2023 02:59:17 PM,06 QUEENS,4030980009,QUEENS,1022667,204106,ONLINE,Unspecified,QUEENS,,,,,,,,40.72681709364298,-73.86139512134449,"(40.72681709364298, -73.86139512134449)"
56851187,02/20/2023 07:28:11 PM,02/24/2023 12:45:44 PM,DSNY,Department of Sanitation,Dirty Condition,Dog Waste,Sidewalk,10462,MATTHEWS AVENUE,MATTHEWS AVENUE,MATTHEWS AVENUE,VAN NEST AVENUE,MATTHEWS AVENUE,VAN NEST AVENUE,INTERSECTION,,,,Closed,,The Department of Sanitation investigated this complaint and found no violation at the location.,02/24/2023 12:45:48 PM,11 BRONX,,BRONX,1022657,247048,ONLINE,Unspecified,BRONX,,,,,,,,40.8446812959928,-73.86118568373384,"(40.8446812959928, -73.86118568373384)"
56856056,02/20/2023 07:20:11 PM,02/24/2023 12:45:43 PM,DSNY,Department of Sanitation,Dirty Condition,Dog Waste,Sidewalk,10462,MATTHEWS AVENUE,MATTHEWS AVENUE,MATTHEWS AVENUE,VAN NEST AVENUE,MATTHEWS AVENUE,VAN NEST AVENUE,INTERSECTION,,,,Closed,,The Department of Sanitation investigated this complaint and found no violation at the location.,02/24/2023 12:45:48 PM,11 BRONX,,BRONX,1022657,247048,ONLINE,Unspecified,BRONX,,,,,,,,40.8446812959928,-73.86118568373384,"(40.8446812959928, -73.86118568373384)"
56857023,02/20/2023 06:39:43 PM,02/28/2023 11:05:54 PM,DSNY,Department of Sanitation,Dirty Condition,Dog Waste,Sidewalk,11237,321 SCHAEFER STREET,SCHAEFER STREET,KNICKERBOCKER AVENUE,IRVING AVENUE,KNICKERBOCKER AVENUE,IRVING AVENUE,ADDRESS,BROOKLYN,SCHAEFER STREET,,Closed,,The Department of Sanitation investigated this complaint and found no violation at the location.,02/28/2023 11:05:59 PM,04 BROOKLYN,3034250057,BROOKLYN,1010725,191786,ONLINE,Unspecified,BROOKLYN,,,,,,,,40.69304544003655,-73.90452912330163,"(40.69304544003655, -73.90452912330163)"
56856129,02/20/2023 04:19:27 PM,02/22/2023 03:00:52 PM,DSNY,Department of Sanitation,Dirty Condition,Dog Waste,Sidewalk,11432,153-30 89 AVENUE,89 AVENUE,BURDETTE PLACE,PARSONS BOULEVARD,BURDETTE PLACE,PARSONS BOULEVARD,ADDRESS,JAMAICA,89 AVENUE,,Closed,,The Department of Sanitation investigated this complaint and found no violation at the location.,02/22/2023 03:00:57 PM,12 QUEENS,4097557501,QUEENS,1039008,196377,ONLINE,Unspecified,QUEENS,,,,,,,,40.70551683054211,-73.80250139020299,"(40.70551683054211, -73.80250139020299)"
56856041,02/20/2023 12:16:53 PM,02/22/2023 03:02:34 PM,DSNY,Department of Sanitation,Dirty Condition,Dog Waste,Sidewalk,11433,92-28 168 PLACE,168 PLACE,JAMAICA AVENUE,92 ROAD,JAMAICA AVENUE,92 ROAD,ADDRESS,JAMAICA,168 PLACE,,Closed,,The Department of Sanitation investigated this complaint and found no violation at the location.,02/22/2023 03:02:37 PM,12 QUEENS,4102090210,QUEENS,1042172,196520,PHONE,Unspecified,QUEENS,,,,,,,,40.705889184944255,-73.79108843407084,"(40.705889184944255, -73.79108843407084)"
56850769,02/20/2023 11:35:11 AM,02/22/2023 03:03:57 PM,DSNY,Department of Sanitation,Dirty Condition,Dog Waste,Street,11423,88-02 188 STREET,188 STREET,HILLSIDE AVENUE,89 AVENUE,HILLSIDE AVENUE,89 AVENUE,ADDRESS,HOLLIS,188 STREET,,Closed,,The Department of Sanitation investigated this complaint and found no violation at the location.,02/22/2023 03:04:02 PM,12 QUEENS,4099360031,QUEENS,1047055,199819,ONLINE,Unspecified,QUEENS,,,,,,,,40.71491081505897,-73.77344585805321,"(40.71491081505897, -73.77344585805321)"
56856906,02/20/2023 08:38:02 AM,03/07/2023 07:06:30 AM,DSNY,Department of Sanitation,Dirty Condition,Dog Waste,Sidewalk,11233,2300 ATLANTIC AVENUE,ATLANTIC AVENUE,PLEASANT PLACE,MONACO PLACE,PLEASANT PLACE,MONACO PLACE,ADDRESS,BROOKLYN,ATLANTIC AVENUE,,Closed,,The Department of Sanitation investigated this complaint and issued a Notice of Violation.,03/07/2023 07:06:35 AM,16 BROOKLYN,3014350030,BROOKLYN,1009427,185663,ONLINE,Unspecified,BROOKLYN,,,,,,,,40.67624300014579,-73.90923268628653,"(40.67624300014579, -73.90923268628653)"
56854274,02/20/2023 06:23:29 AM,02/21/2023 01:38:17 PM,DSNY,Department of Sanitation,Dirty Condition,Dog Waste,Sidewalk,10308,53 SANDALWOOD DRIVE,SANDALWOOD DRIVE,COUNTRY WOODS LANE,IRONWOOD STREET,COUNTRY WOODS LANE,IRONWOOD STREET,ADDRESS,STATEN ISLAND,SANDALWOOD DRIVE,,Closed,,The Department of Sanitation investigated this complaint and found no violation at the location.,02/21/2023 01:38:22 PM,03 STATEN ISLAND,5045100075,STATEN ISLAND,943391,144142,ONLINE,Unspecified,STATEN ISLAND,,,,,,,,40.562218176942615,-74.1470521823704,"(40.562218176942615, -74.1470521823704)"
56848443,02/19/2023 10:36:36 PM,03/06/2023 04:53:42 PM,DSNY,Department of Sanitation,Dirty Condition,Dog Waste,Sidewalk,11219,1369 64 STREET,64 STREET,13 AVENUE,14 AVENUE,13 AVENUE,14 AVENUE,ADDRESS,BROOKLYN,64 STREET,,Closed,,The Department of Sanitation investigated this complaint and found no violation at the location.,03/06/2023 04:53:45 PM,10 BROOKLYN,3057400052,BROOKLYN,984392,167253,ONLINE,Unspecified,BROOKLYN,,,,,,,,40.62574735640156,-73.99948845355796,"(40.62574735640156, -73.99948845355796)"
56846478,02/19/2023 10:32:13 PM,03/06/2023 04:53:40 PM,DSNY,Department of Sanitation,Dirty Condition,Dog Waste,Sidewalk,11219,1369 64 STREET,64 STREET,13 AVENUE,14 AVENUE,13 AVENUE,14 AVENUE,ADDRESS,BROOKLYN,64 STREET,,Closed,,The Department of Sanitation investigated this complaint and found no violation at the location.,03/06/2023 04:53:45 PM,10 BROOKLYN,3057400052,BROOKLYN,984392,167253,PHONE,Unspecified,BROOKLYN,,,,,,,,40.62574735640156,-73.99948845355796,"(40.62574735640156, -73.99948845355796)"
56848359,02/19/2023 06:02:24 PM,02/22/2023 02:51:47 PM,DSNY,Department of Sanitation,Dirty Condition,Dog Waste,Sidewalk,11421,91-46 79 STREET,79 STREET,91 AVENUE,ROCKAWAY BOULEVARD,91 AVENUE,ROCKAWAY BOULEVARD,ADDRESS,WOODHAVEN,79 STREET,,Closed,,The Department of Sanitation investigated this complaint and found no violation at the location.,02/22/2023 02:51:52 PM,09 QUEENS,4089550027,QUEENS,1022640,189152,PHONE,Unspecified,QUEENS,,,,,,,,40.68577206073315,-73.86157779110886,"(40.68577206073315, -73.86157779110886)"
56848420,02/19/2023 04:58:45 PM,03/01/2023 01:12:03 AM,DSNY,Department of Sanitation,Dirty Condition,Dog Waste,Sidewalk,10314,FERNDALE AVENUE,FERNDALE AVENUE,FERNDALE AVENUE,TRAVIS AVENUE,FERNDALE AVENUE,TRAVIS AVENUE,INTERSECTION,,,,Closed,,The Department of Sanitation investigated this complaint and found no violation at the location.,03/01/2023 01:12:07 AM,02 STATEN ISLAND,,STATEN ISLAND,939775,154929,PHONE,Unspecified,STATEN ISLAND,,,,,,,,40.59180892172118,-74.16013716710823,"(40.59180892172118, -74.16013716710823)"
56845995,02/19/2023 04:00:24 PM,03/04/2023 01:30:14 PM,DSNY,Department of Sanitation,Dirty Condition,Dog Waste,Sidewalk,10026,238 WEST  111 STREET,WEST  111 STREET,ADAM CLAYTON POWELL JR BOULEVARD,FREDERICK DOUGLASS BOULEVARD,ADAM CLAYTON POWELL JR BOULEVARD,FREDERICK DOUGLASS BOULEVARD,ADDRESS,NEW YORK,WEST  111 STREET,,Closed,,The Department of Sanitation investigated this complaint and found no violation at the location.,03/04/2023 01:30:20 PM,10 MANHATTAN,1018260008,MANHATTAN,996404,230941,ONLINE,Unspecified,MANHATTAN,,,,,,,,40.80054730935174,-73.9561009720648,"(40.80054730935174, -73.9561009720648)"
56844606,02/19/2023 08:29:59 AM,03/06/2023 12:08:34 PM,DSNY,Department of Sanitation,Dirty Condition,Dog Waste,Street,10032,7 SYLVAN TERRACE,SYLVAN TERRACE,JUMEL TERRACE,ST NICHOLAS AVENUE,JUMEL TERRACE,ST NICHOLAS AVENUE,ADDRESS,NEW YORK,SYLVAN TERRACE,,Closed,,The Department of Sanitation investigated this complaint and found no violation at the location.,03/06/2023 12:08:41 PM,12 MANHATTAN,1021090077,MANHATTAN,1001068,243370,ONLINE,Unspecified,MANHATTAN,,,,,,,,40.8346537686877,-73.93922393006635,"(40.8346537686877, -73.93922393006635)"
56843374,02/18/2023 11:00:55 PM,02/22/2023 02:55:11 PM,DSNY,Department of Sanitation,Dirty Condition,Dog Waste,Street,11420,111-05 128 STREET,128 STREET,111 AVENUE,LINDEN BOULEVARD,111 AVENUE,LINDEN BOULEVARD,ADDRESS,SOUTH OZONE PARK,128 STREET,,Closed,,The Department of Sanitation investigated this complaint and found no violation at the location.,02/22/2023 02:55:17 PM,10 QUEENS,4116330001,QUEENS,1036038,187982,ONLINE,Unspecified,QUEENS,,,,,,,,40.68249243327391,-73.8132779566938,"(40.68249243327391, -73.8132779566938)"
56838498,02/18/2023 10:11:10 PM,02/27/2023 06:31:19 AM,DSNY,Department of Sanitation,Dirty Condition,Dog Waste,Sidewalk,10452,EDWARD GRANT HIGHWAY,EDWARD GRANT HIGHWAY,EDWARD GRANT HIGHWAY,JESUP AVENUE,EDWARD GRANT HIGHWAY,JESUP AVENUE,INTERSECTION,,,,Closed,,The Department of Sanitation investigated this complaint and found no violation at the location.,02/27/2023 06:31:25 AM,04 BRONX,,BRONX,1005981,245427,PHONE,Unspecified,BRONX,,,,,,,,40.84028891251399,-73.92146291355864,"(40.84028891251399, -73.92146291355864)"
56838859,02/18/2023 09:14:16 PM,03/07/2023 01:21:33 PM,DSNY,Department of Sanitation,Dirty Condition,Dog Waste,Sidewalk,10025,798 COLUMBUS AVENUE,COLUMBUS AVENUE,WEST   97 STREET,WEST  100 STREET,WEST   97 STREET,WEST  100 STREET,ADDRESS,NEW YORK,COLUMBUS AVENUE,,Closed,,The Department of Sanitation investigated this complaint and found no violation at the location.,03/07/2023 01:21:36 PM,07 MANHATTAN,,MANHATTAN,993540,228681,ONLINE,Unspecified,MANHATTAN,,,,,,,,40.79434769971485,-73.96644857794254,"(40.79434769971485, -73.96644857794254)"
56843465,02/18/2023 07:03:42 PM,03/04/2023 12:33:40 PM,DSNY,Department of Sanitation,Dirty Condition,Dog Waste,Sidewalk,10029,330 EAST  104 STREET,EAST  104 STREET,2 AVENUE,1 AVENUE,2 AVENUE,1 AVENUE,ADDRESS,NEW YORK,EAST  104 STREET,,Closed,,The Department of Sanitation investigated this complaint and found no violation at the location.,03/04/2023 12:33:44 PM,11 MANHATTAN,1016750011,MANHATTAN,1000162,226714,PHONE,Unspecified,MANHATTAN,,,,,,,,40.78893937311962,-73.94253747200148,"(40.78893937311962, -73.94253747200148)"
56838827,02/18/2023 06:39:10 PM,02/23/2023 01:51:43 PM,DSNY,Department of Sanitation,Dirty Condition,Dog Waste,Sidewalk,11215,709 5 AVENUE,5 AVENUE,22 STREET,23 STREET,22 STREET,23 STREET,ADDRESS,BROOKLYN,5 AVENUE,,Closed,,The Department of Sanitation investigated this complaint and found no violation at the location.,02/23/2023 01:51:48 PM,07 BROOKLYN,3008990009,BROOKLYN,985892,179987,ONLINE,Unspecified,BROOKLYN,,,,,,,,40.660699296661825,-73.99408169463258,"(40.660699296661825, -73.99408169463258)"
56840759,02/18/2023 02:53:45 PM,03/04/2023 04:29:02 PM,DSNY,Department of Sanitation,Dirty Condition,Dog Waste,Sidewalk,10027,11 WEST  128 STREET,WEST  128 STREET,5 AVENUE,LENOX AVENUE,5 AVENUE,LENOX AVENUE,ADDRESS,NEW YORK,WEST  128 STREET,,Closed,,The Department of Sanitation investigated this complaint and found no violation at the location.,03/04/2023 04:29:06 PM,10 MANHATTAN,1017260030,MANHATTAN,1000431,233890,ONLINE,Unspecified,MANHATTAN,,,,,,,,40.8086350445599,-73.94154874864009,"(40.8086350445599, -73.94154874864009)"
56836440,02/18/2023 11:59:23 AM,02/28/2023 10:39:04 PM,DSNY,Department of Sanitation,Dirty Condition,Dog Waste,Street,10314,377 WINDHAM LOOP,WINDHAM LOOP,BEND,BEND,BEND,BEND,ADDRESS,STATEN ISLAND,WINDHAM LOOP,,Closed,,The Department of Sanitation investigated this complaint and found no violation at the location.,02/28/2023 10:39:10 PM,02 STATEN ISLAND,5024507514,STATEN ISLAND,939012,149349,ONLINE,Unspecified,STATEN ISLAND,,,,,,,,40.57648909427188,-74.1628470761386,"(40.57648909427188, -74.1628470761386)"
56839441,02/18/2023 08:34:11 AM,02/22/2023 02:48:04 PM,DSNY,Department of Sanitation,Dirty Condition,Dog Waste,Sidewalk,11419,107-63 114 STREET,114 STREET,107 AVENUE,109 AVENUE,107 AVENUE,109 AVENUE,ADDRESS,SOUTH RICHMOND HILL,114 STREET,,Closed,,The Department of Sanitation investigated this complaint and found no violation at the location.,02/22/2023 02:48:11 PM,10 QUEENS,4095520047,QUEENS,1032175,188086,PHONE,Unspecified,QUEENS,,,,,,,,40.682799647523495,-73.82720525646566,"(40.682799647523495, -73.82720525646566)"
56842357,02/18/2023 07:47:18 AM,02/28/2023 06:41:34 PM,DSNY,Department of Sanitation,Dirty Condition,Dog Waste,Sidewalk,10466,700 EAST  232 STREET,EAST  232 STREET,WHITE PLAINS ROAD,BARNES AVENUE,WHITE PLAINS ROAD,BARNES AVENUE,ADDRESS,BRONX,EAST  232 STREET,,Closed,,The Department of Sanitation investigated this complaint and found no violation at the location.,02/28/2023 06:41:41 PM,12 BRONX,,BRONX,1023690,264516,ONLINE,Unspecified,BRONX,,,,,,,,40.892621011248416,-73.85734930762715,"(40.892621011248416, -73.85734930762715)"
56829977,02/17/2023 03:44:07 PM,03/03/2023 04:46:11 PM,DSNY,Department of Sanitation,Dirty Condition,Dog Waste,Street,10021,820 PARK AVENUE,PARK AVENUE,EAST   75 STREET,EAST   76 STREET,EAST   75 STREET,EAST   76 STREET,ADDRESS,NEW YORK,PARK AVENUE,,Closed,,The Department of Sanitation investigated this complaint and found no violation at the location.,03/03/2023 04:46:16 PM,08 MANHATTAN,1013900035,MANHATTAN,994698,220992,ONLINE,Unspecified,MANHATTAN,,,,,,,,40.773242149615676,-73.9622783464429,"(40.773242149615676, -73.9622783464429)"
56830054,02/17/2023 12:50:27 PM,03/02/2023 11:53:12 AM,DSNY,Department of Sanitation,Dirty Condition,Dog Waste,Sidewalk,10027,2407 FREDRICK DOUGLASS BOULEVARD,FREDRICK DOUGLASS BOULEVARD,WEST  128 STREET,WEST  129 STREET,WEST  128 STREET,WEST  129 STREET,ADDRESS,NEW YORK,8 AVENUE,,Closed,,The Department of Sanitation investigated this complaint and found no violation at the location.,03/02/2023 11:53:17 AM,10 MANHATTAN,1019550017,MANHATTAN,998266,235352,PHONE,Unspecified,MANHATTAN,,,,,,,,40.81265152772177,-73.94936640719581,"(40.81265152772177, -73.94936640719581)"
56834804,02/17/2023 12:39:34 PM,02/22/2023 01:27:29 PM,DSNY,Department of Sanitation,Dirty Condition,Dog Waste,Sidewalk,10468,2251 SEDGWICK AVENUE,SEDGWICK AVENUE,WEST  183 STREET,WEST FORDHAM ROAD,WEST  183 STREET,WEST FORDHAM ROAD,ADDRESS,BRONX,SEDGWICK AVENUE,,Closed,,The Department of Sanitation investigated this complaint and found no violation at the location.,02/22/2023 01:27:34 PM,07 BRONX,2032340037,BRONX,1009049,252981,ONLINE,Unspecified,BRONX,,,,,,,,40.8610143114183,-73.91034705073179,"(40.8610143114183, -73.91034705073179)"
56827571,02/17/2023 12:34:08 PM,02/22/2023 01:32:36 PM,DSNY,Department of Sanitation,Dirty Condition,Dog Waste,Sidewalk,10463,3636 WALDO AVENUE,WALDO AVENUE,WEST  236 STREET,WEST  238 STREET,WEST  236 STREET,WEST  238 STREET,ADDRESS,BRONX,WALDO AVENUE,,Closed,,The Department of Sanitation investigated this complaint and found no violation at the location.,02/22/2023 01:32:40 PM,08 BRONX,2057690105,BRONX,1010538,262229,PHONE,Unspecified,BRONX,,,,,,,,40.88639290489104,-73.90492775959267,"(40.88639290489104, -73.90492775959267)"
56833607,02/17/2023 11:56:57 AM,03/03/2023 01:17:50 PM,DSNY,Department of Sanitation,Dirty Condition,Dog Waste,Sidewalk,10027,2311 12 AVENUE,12 AVENUE,WEST  131 STREET,WEST  132 STREET,WEST  131 STREET,WEST  132 STREET,ADDRESS,NEW YORK,12 AVENUE,,Closed,,The Department of Sanitation investigated this complaint and found no violation at the location.,03/03/2023 01:17:58 PM,09 MANHATTAN,1019980061,MANHATTAN,995461,237706,ONLINE,Unspecified,MANHATTAN,,,,,,,,40.81911660261678,-73.95949569456707,"(40.81911660261678, -73.95949569456707)"
56827516,02/17/2023 11:54:14 AM,03/01/2023 08:56:43 PM,DSNY,Department of Sanitation,Dirty Condition,Dog Waste,Sidewalk,10025,866 COLUMBUS AVENUE,COLUMBUS AVENUE,WEST  100 STREET,WEST  103 STREET,WEST  100 STREET,WEST  103 STREET,ADDRESS,NEW YORK,COLUMBUS AVENUE,,Closed,,The Department of Sanitation investigated this complaint and found no violation at the location.,03/01/2023 08:56:47 PM,07 MANHATTAN,,MANHATTAN,994060,229625,ONLINE,Unspecified,MANHATTAN,,,,,,,,40.7969381615563,-73.96456918630196,"(40.7969381615563, -73.96456918630196)"
56828808,02/17/2023 11:40:44 AM,02/22/2023 02:47:02 PM,DSNY,Department of Sanitation,Dirty Condition,Dog Waste,Sidewalk,11375,102-30 66 ROAD,66 ROAD,102 STREET,103 STREET,102 STREET,103 STREET,ADDRESS,FOREST HILLS,66 ROAD,,Closed,,The Department of Sanitation investigated this complaint and found no violation at the location.,02/22/2023 02:47:07 PM,06 QUEENS,4021330016,QUEENS,1025432,204746,PHONE,Unspecified,QUEENS,,,,,,,,40.728561294530536,-73.85141536638729,"(40.728561294530536, -73.85141536638729)"
56832702,02/17/2023 11:29:42 AM,03/01/2023 12:25:31 AM,DSNY,Department of Sanitation,Dirty Condition,Dog Waste,Sidewalk,10463,118 WEST  227 STREET,WEST  227 STREET,MARBLE HILL AVENUE,VAN CORLEAR PLACE,MARBLE HILL AVENUE,VAN CORLEAR PLACE,ADDRESS,NEW YORK,WEST  227 STREET,,Closed,,"The Department of Sanitation has investigated the complaint and addressed the issue. If the problem persists, call 311 to enter a new complaint. If you are outside of New York City, please call (212) NEW-YORK (212-639-9675).",03/01/2023 12:25:31 AM,08 BRONX,1022150439,MANHATTAN,1009145,258765,ONLINE,Unspecified,MANHATTAN,,,,,,,,40.87688934826343,-73.90997850439645,"(40.87688934826343, -73.90997850439645)"
56836060,02/17/2023 11:27:22 AM,03/01/2023 12:25:31 AM,DSNY,Department of Sanitation,Dirty Condition,Dog Waste,Sidewalk,10463,118 WEST  227 STREET,WEST  227 STREET,MARBLE HILL AVENUE,VAN CORLEAR PLACE,MARBLE HILL AVENUE,VAN CORLEAR PLACE,ADDRESS,NEW YORK,WEST  227 STREET,,Closed,,"The Department of Sanitation has investigated the complaint and addressed the issue. If the problem persists, call 311 to enter a new complaint. If you are outside of New York City, please call (212) NEW-YORK (212-639-9675).",03/01/2023 12:25:31 AM,08 BRONX,1022150439,MANHATTAN,1009145,258765,ONLINE,Unspecified,MANHATTAN,,,,,,,,40.87688934826343,-73.90997850439645,"(40.87688934826343, -73.90997850439645)"
56825682,02/16/2023 11:51:06 AM,02/25/2023 04:36:14 PM,DSNY,Department of Sanitation,Dirty Condition,Dog Waste,Sidewalk,11205,122 WILLOUGHBY AVENUE,WILLOUGHBY AVENUE,CLINTON AVENUE,WAVERLY AVENUE,CLINTON AVENUE,WAVERLY AVENUE,ADDRESS,BROOKLYN,WILLOUGHBY AVENUE,,Closed,,The Department of Sanitation investigated this complaint and found no violation at the location.,02/25/2023 04:36:20 PM,02 BROOKLYN,3019160040,BROOKLYN,993214,191254,ONLINE,Unspecified,BROOKLYN,,,,,,,,40.69162028309829,-73.9676758263808,"(40.69162028309829, -73.9676758263808)"
56824479,02/16/2023 11:37:48 AM,02/25/2023 04:35:51 PM,DSNY,Department of Sanitation,Dirty Condition,Dog Waste,Sidewalk,11205,206 WAVERLY AVENUE,WAVERLY AVENUE,WILLOUGHBY AVENUE,DEKALB AVENUE,WILLOUGHBY AVENUE,DEKALB AVENUE,ADDRESS,BROOKLYN,WAVERLY AVENUE,,Closed,,The Department of Sanitation investigated this complaint and found no violation at the location.,02/25/2023 04:35:56 PM,02 BROOKLYN,3019160040,BROOKLYN,993268,191149,ONLINE,Unspecified,BROOKLYN,,,,,,,,40.69133202748329,-73.9674812430201,"(40.69133202748329, -73.9674812430201)"
56827111,02/16/2023 10:36:16 AM,02/21/2023 03:16:15 PM,DSNY,Department of Sanitation,Dirty Condition,Dog Waste,Sidewalk,11361,209-60 34 ROAD,34 ROAD,CORPORAL KENNEDY STREET,210 STREET,CORPORAL KENNEDY STREET,210 STREET,ADDRESS,BAYSIDE,34 ROAD,,Closed,,The Department of Sanitation investigated this complaint and found no violation at the location.,02/21/2023 03:16:21 PM,11 QUEENS,4061030013,QUEENS,1045730,219443,ONLINE,Unspecified,QUEENS,,,,,,,,40.768782937923326,-73.77804609600952,"(40.768782937923326, -73.77804609600952)"
56815926,02/15/2023 04:56:18 PM,02/25/2023 09:52:35 AM,DSNY,Department of Sanitation,Dirty Condition,Dog Waste,Sidewalk,11230,1420 EAST   15 STREET,EAST   15 STREET,AVENUE N,AVENUE O,AVENUE N,AVENUE O,ADDRESS,BROOKLYN,EAST   15 STREET,,Closed,,The Department of Sanitation investigated this complaint and found no violation at the location.,02/25/2023 09:52:39 AM,14 BROOKLYN,3067520015,BROOKLYN,995509,163284,PHONE,Unspecified,BROOKLYN,,,,,,,,40.614846125675825,-73.95944675326257,"(40.614846125675825, -73.95944675326257)"
56809645,02/15/2023 04:43:52 PM,02/25/2023 09:52:33 AM,DSNY,Department of Sanitation,Dirty Condition,Dog Waste,Sidewalk,11230,1420 EAST   15 STREET,EAST   15 STREET,AVENUE N,AVENUE O,AVENUE N,AVENUE O,ADDRESS,BROOKLYN,EAST   15 STREET,,Closed,,The Department of Sanitation investigated this complaint and found no violation at the location.,02/25/2023 09:52:39 AM,14 BROOKLYN,3067520015,BROOKLYN,995509,163284,ONLINE,Unspecified,BROOKLYN,,,,,,,,40.614846125675825,-73.95944675326257,"(40.614846125675825, -73.95944675326257)"
56814428,02/15/2023 03:58:27 PM,03/03/2023 04:51:37 PM,DSNY,Department of Sanitation,Dirty Condition,Dog Waste,Sidewalk,10075,301 EAST   78 STREET,EAST   78 STREET,2 AVENUE,1 AVENUE,2 AVENUE,1 AVENUE,ADDRESS,NEW YORK,EAST   78 STREET,,Closed,,The Department of Sanitation investigated this complaint and found no violation at the location.,03/03/2023 04:51:41 PM,08 MANHATTAN,1014530001,MANHATTAN,996661,220727,PHONE,Unspecified,MANHATTAN,,,,,,,,40.77251225588055,-73.95519158527482,"(40.77251225588055, -73.95519158527482)"
56816821,02/15/2023 02:57:40 PM,02/18/2023 04:31:16 PM,DSNY,Department of Sanitation,Dirty Condition,Dog Waste,Sidewalk,11104,39-58 46 STREET,46 STREET,39 AVENUE,SKILLMAN AVENUE,39 AVENUE,SKILLMAN AVENUE,ADDRESS,SUNNYSIDE,46 STREET,,Closed,,The Department of Sanitation investigated this complaint and found no violation at the location.,02/18/2023 04:31:20 PM,02 QUEENS,4001540084,QUEENS,1007026,211692,PHONE,Unspecified,QUEENS,,,,,,,,40.74769287868416,-73.91780063280692,"(40.74769287868416, -73.91780063280692)"
56815539,02/15/2023 02:22:14 PM,03/01/2023 11:53:14 AM,DSNY,Department of Sanitation,Dirty Condition,Dog Waste,Sidewalk,10029,2 AVENUE,2 AVENUE,2 AVENUE,EAST  101 STREET,2 AVENUE,EAST  101 STREET,INTERSECTION,,,,Closed,,The Department of Sanitation investigated this complaint and found no violation at the location.,03/01/2023 11:53:20 AM,11 MANHATTAN,,MANHATTAN,999544,226168,PHONE,Unspecified,MANHATTAN,,,,,,,,40.78744184083239,-73.94477047942706,"(40.78744184083239, -73.94477047942706)"
56818415,02/15/2023 01:05:29 PM,03/03/2023 04:50:00 PM,DSNY,Department of Sanitation,Dirty Condition,Dog Waste,Sidewalk,10028,1 AVENUE,1 AVENUE,1 AVENUE,EAST   82 STREET,1 AVENUE,EAST   82 STREET,INTERSECTION,,,,Closed,,The Department of Sanitation investigated this complaint and found no violation at the location.,03/03/2023 04:50:05 PM,08 MANHATTAN,,MANHATTAN,997749,221376,PHONE,Unspecified,MANHATTAN,,,,,,,,40.77429199620054,-73.9512621899307,"(40.77429199620054, -73.9512621899307)"
56811261,02/15/2023 01:03:00 PM,03/03/2023 04:49:59 PM,DSNY,Department of Sanitation,Dirty Condition,Dog Waste,Sidewalk,10028,1 AVENUE,1 AVENUE,1 AVENUE,EAST   82 STREET,1 AVENUE,EAST   82 STREET,INTERSECTION,,,,Closed,,The Department of Sanitation investigated this complaint and found no violation at the location.,03/03/2023 04:50:03 PM,08 MANHATTAN,,MANHATTAN,997749,221376,PHONE,Unspecified,MANHATTAN,,,,,,,,40.77429199620054,-73.9512621899307,"(40.77429199620054, -73.9512621899307)"
56811376,02/15/2023 10:40:05 AM,02/21/2023 03:14:06 PM,DSNY,Department of Sanitation,Dirty Condition,Dog Waste,Sidewalk,11420,114-55 LEFFERTS BOULEVARD,LEFFERTS BOULEVARD,LINDEN BOULEVARD,115 AVENUE,LINDEN BOULEVARD,115 AVENUE,ADDRESS,SOUTH OZONE PARK,LEFFERTS BOULEVARD,,Closed,,The Department of Sanitation investigated this complaint and found no violation at the location.,02/21/2023 03:14:11 PM,10 QUEENS,4116460035,QUEENS,1034169,186274,ONLINE,Unspecified,QUEENS,,,,,,,,40.677815108353016,-73.82002928382072,"(40.677815108353016, -73.82002928382072)"
56815524,02/15/2023 08:48:42 AM,03/02/2023 04:29:22 PM,DSNY,Department of Sanitation,Dirty Condition,Dog Waste,Street,10002,PITT STREET,PITT STREET,PITT STREET,RIVINGTON STREET,PITT STREET,RIVINGTON STREET,INTERSECTION,,,,Closed,,The Department of Sanitation investigated this complaint and found no violation at the location.,03/02/2023 04:29:28 PM,03 MANHATTAN,,MANHATTAN,989107,200970,PHONE,Unspecified,MANHATTAN,,,,,,,,40.718291621736476,-73.98247865512654,"(40.718291621736476, -73.98247865512654)"
56809915,02/15/2023 08:06:02 AM,02/22/2023 12:43:53 PM,DSNY,Department of Sanitation,Dirty Condition,Dog Waste,Sidewalk,11249,343 BERRY STREET,BERRY STREET,SOUTH    4 STREET,SOUTH    5 STREET,SOUTH    4 STREET,SOUTH    5 STREET,ADDRESS,BROOKLYN,BERRY STREET,,Closed,,The Department of Sanitation investigated this complaint and found no violation at the location.,02/22/2023 12:43:58 PM,01 BROOKLYN,3024430005,BROOKLYN,994043,198718,ONLINE,Unspecified,BROOKLYN,,,,,,,,40.71210633381897,-73.96467559985616,"(40.71210633381897, -73.96467559985616)"
56807614,02/14/2023 08:21:27 PM,02/18/2023 09:17:21 AM,DSNY,Department of Sanitation,Dirty Condition,Dog Waste,Sidewalk,10301,316 VICTORY BOULEVARD,VICTORY BOULEVARD,AVON PLACE,CEBRA AVENUE,AVON PLACE,CEBRA AVENUE,ADDRESS,STATEN ISLAND,VICTORY BOULEVARD,,Closed,,The Department of Sanitation investigated this complaint and found no violation at the location.,02/18/2023 09:17:28 AM,01 STATEN ISLAND,5005760007,STATEN ISLAND,960583,170442,ONLINE,Unspecified,STATEN ISLAND,,,,,,,,40.634468871770636,-74.0852700972063,"(40.634468871770636, -74.0852700972063)"
56806601,02/14/2023 05:57:35 PM,02/16/2023 03:46:25 PM,DSNY,Department of Sanitation,Dirty Condition,Dog Waste,Sidewalk,11416,95-30 97 AVENUE,97 AVENUE,95 STREET,97 STREET,95 STREET,97 STREET,ADDRESS,OZONE PARK,97 AVENUE,,Closed,,The Department of Sanitation investigated this complaint and found no violation at the location.,02/16/2023 03:46:30 PM,09 QUEENS,4090700073,QUEENS,1026972,189311,ONLINE,Unspecified,QUEENS,,,,,,,,40.6861886293054,-73.8459569904005,"(40.6861886293054, -73.8459569904005)"
56802980,02/14/2023 04:32:00 PM,02/21/2023 04:54:41 PM,DSNY,Department of Sanitation,Dirty Condition,Dog Waste,Sidewalk,10459,909 FOX STREET,FOX STREET,BARRETTO STREET,EAST  163 STREET,BARRETTO STREET,EAST  163 STREET,ADDRESS,BRONX,FOX STREET,,Closed,,The Department of Sanitation investigated this complaint and found no violation at the location.,02/21/2023 04:54:45 PM,02 BRONX,2027120138,BRONX,1013616,238101,PHONE,Unspecified,BRONX,,,,,,,,40.82015906799876,-73.89390167560427,"(40.82015906799876, -73.89390167560427)"
56803268,02/14/2023 03:54:03 PM,02/18/2023 04:10:50 PM,DSNY,Department of Sanitation,Dirty Condition,Dog Waste,Sidewalk,11385,1929 PUTNAM AVENUE,PUTNAM AVENUE,WOODWARD AVENUE,FAIRVIEW AVENUE,WOODWARD AVENUE,FAIRVIEW AVENUE,ADDRESS,RIDGEWOOD,PUTNAM AVENUE,,Closed,,The Department of Sanitation investigated this complaint and found no violation at the location.,02/18/2023 04:10:54 PM,05 QUEENS,4034810050,QUEENS,1011142,195748,ONLINE,Unspecified,QUEENS,,,,,,,,40.703918942391866,-73.90300957128157,"(40.703918942391866, -73.90300957128157)"
56802733,02/14/2023 03:07:08 PM,02/16/2023 01:50:35 PM,DSNY,Department of Sanitation,Dirty Condition,Dog Waste,Sidewalk,10314,BRADLEY AVENUE,BRADLEY AVENUE,BRADLEY AVENUE,WESTWOOD AVENUE,BRADLEY AVENUE,WESTWOOD AVENUE,INTERSECTION,,,,Closed,,The Department of Sanitation investigated this complaint and found no violation at the location.,02/16/2023 01:50:41 PM,02 STATEN ISLAND,,STATEN ISLAND,947660,159938,PHONE,Unspecified,STATEN ISLAND,,,,,,,,40.6055936558937,-74.13177352900222,"(40.6055936558937, -74.13177352900222)"
56806582,02/14/2023 12:18:32 PM,02/16/2023 12:56:45 PM,DSNY,Department of Sanitation,Dirty Condition,Dog Waste,Sidewalk,11224,3314 MERMAID AVENUE,MERMAID AVENUE,WEST   33 STREET,WEST   35 STREET,WEST   33 STREET,WEST   35 STREET,ADDRESS,BROOKLYN,MERMAID AVENUE,,Closed,,The Department of Sanitation investigated this complaint and found no violation at the location.,02/16/2023 12:56:49 PM,13 BROOKLYN,3070470108,BROOKLYN,984299,148748,ONLINE,Unspecified,BROOKLYN,,,,,,,,40.574954885365926,-73.99982361468565,"(40.574954885365926, -73.99982361468565)"
56805517,02/14/2023 11:11:52 AM,02/22/2023 11:27:57 AM,DSNY,Department of Sanitation,Dirty Condition,Dog Waste,Sidewalk,11104,39-20 50 AVENUE,50 AVENUE,39 STREET,39 PLACE,39 STREET,39 PLACE,ADDRESS,SUNNYSIDE,50 AVENUE,,Closed,,The Department of Sanitation investigated this complaint and found no violation at the location.,02/22/2023 11:28:05 AM,02 QUEENS,4002100133,QUEENS,1004572,208249,PHONE,Unspecified,QUEENS,,,,,,,,40.73824868633956,-73.92666760120147,"(40.73824868633956, -73.92666760120147)"
56800523,02/14/2023 11:03:10 AM,02/21/2023 05:47:54 AM,DSNY,Department of Sanitation,Dirty Condition,Dog Waste,Sidewalk,10454,304 EAST  134 STREET,EAST  134 STREET,LINCOLN AVENUE,ALEXANDER AVENUE,LINCOLN AVENUE,ALEXANDER AVENUE,ADDRESS,BRONX,EAST  134 STREET,,Closed,,The Department of Sanitation investigated this complaint and found no violation at the location.,02/21/2023 05:48:00 AM,01 BRONX,2023090020,BRONX,1004253,233593,PHONE,Unspecified,BRONX,,,,,,,,40.80781203539344,-73.92774328104198,"(40.80781203539344, -73.92774328104198)"
56800319,02/14/2023 10:41:24 AM,03/03/2023 01:37:45 PM,DSNY,Department of Sanitation,Dirty Condition,Dog Waste,Sidewalk,10001,525 WEST   28 STREET,WEST   28 STREET,HIGH LINE,11 AVENUE,HIGH LINE,11 AVENUE,ADDRESS,NEW YORK,WEST   28 STREET,,Closed,,The Department of Sanitation investigated this complaint and found no violation at the location.,03/03/2023 01:37:49 PM,04 MANHATTAN,1007000009,MANHATTAN,983392,213014,ONLINE,Unspecified,MANHATTAN,,,,,,,,40.751350724817925,-74.00309672108008,"(40.751350724817925, -74.00309672108008)"
56800634,02/14/2023 10:38:12 AM,03/03/2023 04:48:00 PM,DSNY,Department of Sanitation,Dirty Condition,Dog Waste,Street,10128,500 EAST   89 STREET,EAST   89 STREET,YORK AVENUE,EAST END AVENUE,YORK AVENUE,EAST END AVENUE,ADDRESS,NEW YORK,EAST   89 STREET,,Closed,,The Department of Sanitation investigated this complaint and found no violation at the location.,03/03/2023 04:48:05 PM,08 MANHATTAN,1015850049,MANHATTAN,999330,222649,PHONE,Unspecified,MANHATTAN,,,,,,,,40.777783490126644,-73.94555117253378,"(40.777783490126644, -73.94555117253378)"
56803065,02/14/2023 10:19:32 AM,02/16/2023 12:56:18 PM,DSNY,Department of Sanitation,Dirty Condition,Dog Waste,Sidewalk,11224,3316 MERMAID AVENUE,MERMAID AVENUE,WEST   33 STREET,WEST   35 STREET,WEST   33 STREET,WEST   35 STREET,ADDRESS,BROOKLYN,MERMAID AVENUE,,Closed,,The Department of Sanitation investigated this complaint and found no violation at the location.,02/16/2023 12:56:27 PM,13 BROOKLYN,3070470107,BROOKLYN,984296,148747,ONLINE,Unspecified,BROOKLYN,,,,,,,,40.57495214057814,-73.99983441379334,"(40.57495214057814, -73.99983441379334)"
56799972,02/14/2023 09:33:52 AM,02/22/2023 11:24:12 AM,DSNY,Department of Sanitation,Dirty Condition,Dog Waste,Sidewalk,11433,150-29 107 AVENUE,107 AVENUE,150 STREET,153 STREET,150 STREET,153 STREET,ADDRESS,JAMAICA,107 AVENUE,,Closed,,The Department of Sanitation investigated this complaint and found no violation at the location.,02/22/2023 11:24:20 AM,12 QUEENS,4101200032,QUEENS,1039649,192482,ONLINE,Unspecified,QUEENS,,,,,,,,40.694822003763974,-73.8002215083521,"(40.694822003763974, -73.8002215083521)"
56808740,02/14/2023 08:51:58 AM,02/18/2023 09:43:27 AM,DSNY,Department of Sanitation,Dirty Condition,Dog Waste,Sidewalk,11233,2300 ATLANTIC AVENUE,ATLANTIC AVENUE,PLEASANT PLACE,MONACO PLACE,PLEASANT PLACE,MONACO PLACE,ADDRESS,BROOKLYN,ATLANTIC AVENUE,,Closed,,The Department of Sanitation investigated this complaint and found no violation at the location.,02/18/2023 09:43:30 AM,16 BROOKLYN,3014350030,BROOKLYN,1009427,185663,ONLINE,Unspecified,BROOKLYN,,,,,,,,40.67624300014579,-73.90923268628653,"(40.67624300014579, -73.90923268628653)"
56799767,02/13/2023 11:59:03 PM,03/02/2023 11:49:22 AM,DSNY,Department of Sanitation,Dirty Condition,Dog Waste,Sidewalk,10027,310 WEST  120 STREET,WEST  120 STREET,FREDERICK DOUGLASS BOULEVARD,MANHATTAN AVENUE,FREDERICK DOUGLASS BOULEVARD,MANHATTAN AVENUE,ADDRESS,NEW YORK,WEST  120 STREET,,Closed,,The Department of Sanitation investigated this complaint and found no violation at the location.,03/02/2023 11:49:30 AM,10 MANHATTAN,1019467501,MANHATTAN,996941,233382,PHONE,Unspecified,MANHATTAN,,,,,,,,40.80724642778082,-73.95415676820413,"(40.80724642778082, -73.95415676820413)"
56799460,02/13/2023 10:21:13 PM,02/17/2023 04:52:21 PM,DSNY,Department of Sanitation,Dirty Condition,Dog Waste,Sidewalk,11374,63-60 98 STREET,98 STREET,63 DRIVE,64 AVENUE,63 DRIVE,64 AVENUE,ADDRESS,REGO PARK,98 STREET,,Closed,,The Department of Sanitation investigated this complaint and found no violation at the location.,02/17/2023 04:52:29 PM,06 QUEENS,4020900026,QUEENS,1023394,205541,ONLINE,Unspecified,QUEENS,,,,,,,,40.730752625914135,-73.85876383144912,"(40.730752625914135, -73.85876383144912)"
56793213,02/13/2023 05:51:22 PM,02/24/2023 06:40:03 AM,DSNY,Department of Sanitation,Dirty Condition,Dog Waste,Sidewalk,11208,31 HIGHLAND PLACE,HIGHLAND PLACE,ETNA STREET,RIDGEWOOD AVENUE,ETNA STREET,RIDGEWOOD AVENUE,ADDRESS,BROOKLYN,HIGHLAND PLACE,,Closed,,The Department of Sanitation investigated this complaint and found no violation at the location.,02/24/2023 06:40:10 AM,05 BROOKLYN,3039130015,BROOKLYN,1016994,188681,PHONE,Unspecified,BROOKLYN,,,,,,,,40.68450196229778,-73.88193774512418,"(40.68450196229778, -73.88193774512418)"
56796379,02/13/2023 05:24:25 PM,02/18/2023 08:20:09 AM,DSNY,Department of Sanitation,Dirty Condition,Dog Waste,Sidewalk,10467,BRONXWOOD AVENUE,BRONXWOOD AVENUE,BRONXWOOD AVENUE,BURKE AVENUE,BRONXWOOD AVENUE,BURKE AVENUE,INTERSECTION,,,,Closed,,The Department of Sanitation investigated this complaint and found no violation at the location.,02/18/2023 08:20:16 AM,12 BRONX,,BRONX,1022588,256759,PHONE,Unspecified,BRONX,,,,,,,,40.87133534661926,-73.86137952745328,"(40.87133534661926, -73.86137952745328)"
56799728,02/13/2023 12:29:20 PM,02/22/2023 01:43:11 PM,DSNY,Department of Sanitation,Dirty Condition,Dog Waste,Sidewalk,11208,214 HIGHLAND PLACE,HIGHLAND PLACE,FULTON STREET,ATLANTIC AVENUE,FULTON STREET,ATLANTIC AVENUE,ADDRESS,BROOKLYN,HIGHLAND PLACE,,Closed,,The Department of Sanitation investigated this complaint and found no violation at the location.,02/22/2023 01:43:16 PM,05 BROOKLYN,3039580041,BROOKLYN,1017296,187054,ONLINE,Unspecified,BROOKLYN,,,,,,,,40.680035099308355,-73.8808568296996,"(40.680035099308355, -73.8808568296996)"
56794285,02/13/2023 11:49:23 AM,03/03/2023 01:37:47 PM,DSNY,Department of Sanitation,Dirty Condition,Dog Waste,Sidewalk,10001,525 WEST   28 STREET,WEST   28 STREET,HIGH LINE,11 AVENUE,HIGH LINE,11 AVENUE,ADDRESS,NEW YORK,WEST   28 STREET,,Closed,,The Department of Sanitation investigated this complaint and found no violation at the location.,03/03/2023 01:37:53 PM,04 MANHATTAN,1007000009,MANHATTAN,983392,213014,ONLINE,Unspecified,MANHATTAN,,,,,,,,40.751350724817925,-74.00309672108008,"(40.751350724817925, -74.00309672108008)"
56797579,02/13/2023 09:43:39 AM,03/03/2023 01:37:43 PM,DSNY,Department of Sanitation,Dirty Condition,Dog Waste,Sidewalk,10001,525 WEST   28 STREET,WEST   28 STREET,HIGH LINE,11 AVENUE,HIGH LINE,11 AVENUE,ADDRESS,NEW YORK,WEST   28 STREET,,Closed,,The Department of Sanitation investigated this complaint and found no violation at the location.,03/03/2023 01:37:48 PM,04 MANHATTAN,1007000009,MANHATTAN,983392,213014,ONLINE,Unspecified,MANHATTAN,,,,,,,,40.751350724817925,-74.00309672108008,"(40.751350724817925, -74.00309672108008)"
56797366,02/13/2023 09:40:26 AM,02/14/2023 02:57:24 PM,DSNY,Department of Sanitation,Dirty Condition,Dog Waste,Sidewalk,11106,34-19 31 STREET,31 STREET,34 AVENUE,35 AVENUE,34 AVENUE,35 AVENUE,ADDRESS,ASTORIA,31 STREET,,Closed,,The Department of Sanitation investigated this complaint and found no violation at the location.,02/14/2023 02:57:28 PM,01 QUEENS,4006080020,QUEENS,1004311,215896,ONLINE,Unspecified,QUEENS,,,,,,,,40.75923836420815,-73.9275866139595,"(40.75923836420815, -73.9275866139595)"
56798557,02/13/2023 08:57:02 AM,02/15/2023 12:13:38 PM,DSNY,Department of Sanitation,Dirty Condition,Dog Waste,Sidewalk,10459,741 JENNINGS STREET,JENNINGS STREET,UNION AVENUE,PROSPECT AVENUE,UNION AVENUE,PROSPECT AVENUE,ADDRESS,BRONX,JENNINGS STREET,,Closed,,The Department of Sanitation investigated this complaint and found no violation at the location.,02/15/2023 12:13:44 PM,03 BRONX,2029620064,BRONX,1012303,242334,ONLINE,Unspecified,BRONX,,,,,,,,40.83178170766655,-73.89862779539902,"(40.83178170766655, -73.89862779539902)"
56786978,02/12/2023 06:10:09 PM,02/21/2023 02:35:16 PM,DSNY,Department of Sanitation,Dirty Condition,Dog Waste,Sidewalk,11433,109-19 156 STREET,156 STREET,109 AVENUE,110 AVENUE,109 AVENUE,110 AVENUE,ADDRESS,JAMAICA,156 STREET,,Closed,,The Department of Sanitation investigated this complaint and found no violation at the location.,02/21/2023 02:35:20 PM,12 QUEENS,,QUEENS,1041146,191600,ONLINE,Unspecified,QUEENS,,,,,,,,40.69239162693017,-73.79483053345372,"(40.69239162693017, -73.79483053345372)"
56785614,02/12/2023 04:42:16 PM,02/18/2023 04:54:38 PM,DSNY,Department of Sanitation,Dirty Condition,Dog Waste,Sidewalk,11234,2795 MILL AVENUE,MILL AVENUE,56 DRIVE,NATIONAL DRIVE,56 DRIVE,NATIONAL DRIVE,ADDRESS,BROOKLYN,MILL AVENUE,,Closed,,The Department of Sanitation investigated this complaint and found no violation at the location.,02/18/2023 04:54:43 PM,18 BROOKLYN,3085940090,BROOKLYN,1007742,160416,ONLINE,Unspecified,BROOKLYN,,,,,,,,40.60695006984199,-73.91539530057912,"(40.60695006984199, -73.91539530057912)"
56786863,02/12/2023 04:25:04 PM,02/14/2023 02:46:04 PM,DSNY,Department of Sanitation,Dirty Condition,Dog Waste,Sidewalk,11358,160-11 STATION ROAD,STATION ROAD,160 STREET,161 STREET,160 STREET,161 STREET,ADDRESS,FLUSHING,STATION ROAD,,Closed,,The Department of Sanitation investigated this complaint and found no violation at the location.,02/14/2023 02:46:09 PM,07 QUEENS,4053350015,QUEENS,1038130,216789,ONLINE,Unspecified,QUEENS,,,,,,,,40.76154799987443,-73.80550464605355,"(40.76154799987443, -73.80550464605355)"
56784786,02/12/2023 11:35:24 AM,02/13/2023 01:55:07 PM,DSNY,Department of Sanitation,Dirty Condition,Dog Waste,Sidewalk,11235,2413 EAST   12 STREET,EAST   12 STREET,AVENUE X,DEMOND COURT,AVENUE X,DEMOND COURT,ADDRESS,BROOKLYN,EAST   12 STREET,,Closed,,The Department of Sanitation investigated this complaint and found no violation at the location.,02/13/2023 01:55:13 PM,15 BROOKLYN,3074130100,BROOKLYN,995658,154764,ONLINE,Unspecified,BROOKLYN,,,,,,,,40.59146027143582,-73.95892446737216,"(40.59146027143582, -73.95892446737216)"
56786097,02/12/2023 11:27:28 AM,02/21/2023 02:31:49 PM,DSNY,Department of Sanitation,Dirty Condition,Dog Waste,Sidewalk,11358,37-16 191 STREET,191 STREET,37 AVENUE,39 AVENUE,37 AVENUE,39 AVENUE,ADDRESS,FLUSHING,191 STREET,,Closed,,The Department of Sanitation investigated this complaint and issued a Notice of Violation.,02/21/2023 02:31:53 PM,11 QUEENS,4053110001,QUEENS,1042157,217100,ONLINE,Unspecified,QUEENS,,,,,,,,40.76237615383486,-73.79096540582258,"(40.76237615383486, -73.79096540582258)"
56790126,02/12/2023 11:16:03 AM,02/14/2023 01:42:54 PM,DSNY,Department of Sanitation,Dirty Condition,Dog Waste,Sidewalk,11229,2024 EAST   26 STREET,EAST   26 STREET,AVENUE T,AVENUE U,AVENUE T,AVENUE U,ADDRESS,BROOKLYN,EAST   26 STREET,,Closed,,The Department of Sanitation investigated this complaint and found no violation at the location.,02/14/2023 01:43:00 PM,15 BROOKLYN,3073300016,BROOKLYN,999253,158444,PHONE,Unspecified,BROOKLYN,,,,,,,,40.601555771196296,-73.94597217622987,"(40.601555771196296, -73.94597217622987)"
56787627,02/12/2023 10:51:47 AM,02/14/2023 01:42:52 PM,DSNY,Department of Sanitation,Dirty Condition,Dog Waste,Sidewalk,11229,2024 EAST   26 STREET,EAST   26 STREET,AVENUE T,AVENUE U,AVENUE T,AVENUE U,ADDRESS,BROOKLYN,EAST   26 STREET,,Closed,,The Department of Sanitation investigated this complaint and found no violation at the location.,02/14/2023 01:43:00 PM,15 BROOKLYN,3073300016,BROOKLYN,999253,158444,ONLINE,Unspecified,BROOKLYN,,,,,,,,40.601555771196296,-73.94597217622987,"(40.601555771196296, -73.94597217622987)"
56787568,02/12/2023 10:49:42 AM,02/14/2023 02:40:39 PM,DSNY,Department of Sanitation,Dirty Condition,Dog Waste,Sidewalk,11358,45-11 196 STREET,196 STREET,45 AVENUE,45 ROAD,45 AVENUE,45 ROAD,ADDRESS,FLUSHING,196 STREET,,Closed,,The Department of Sanitation investigated this complaint and found no violation at the location.,02/14/2023 02:40:43 PM,11 QUEENS,4055380075,QUEENS,1043702,214629,PHONE,Unspecified,QUEENS,,,,,,,,40.75558365703112,-73.7854100873374,"(40.75558365703112, -73.7854100873374)"
56784481,02/11/2023 10:54:39 PM,02/18/2023 01:16:15 PM,DSNY,Department of Sanitation,Dirty Condition,Dog Waste,Sidewalk,11209,230 72 STREET,72 STREET,RIDGE BOULEVARD,3 AVENUE,RIDGE BOULEVARD,3 AVENUE,ADDRESS,BROOKLYN,72 STREET,,Closed,,The Department of Sanitation investigated this complaint and found no violation at the location.,02/18/2023 01:16:19 PM,10 BROOKLYN,3059070024,BROOKLYN,976295,170229,ONLINE,Unspecified,BROOKLYN,,,,,,,,40.63391227749497,-74.02866091480665,"(40.63391227749497, -74.02866091480665)"
56783301,02/11/2023 04:41:27 PM,02/16/2023 01:29:21 PM,DSNY,Department of Sanitation,Dirty Condition,Dog Waste,Street,10467,ADEE AVENUE,ADEE AVENUE,ADEE AVENUE,HOLLAND AVENUE,ADEE AVENUE,HOLLAND AVENUE,INTERSECTION,,,,Closed,,The Department of Sanitation investigated this complaint and found no violation at the location.,02/16/2023 01:29:26 PM,11 BRONX,,BRONX,1021514,256152,PHONE,Unspecified,BRONX,,,,,,,,40.86967391871505,-73.86526620827811,"(40.86967391871505, -73.86526620827811)"
56783250,02/11/2023 02:37:22 PM,02/14/2023 02:54:24 PM,DSNY,Department of Sanitation,Dirty Condition,Dog Waste,Sidewalk,11358,40-41 190 STREET,190 STREET,STATION ROAD,42 AVENUE,STATION ROAD,42 AVENUE,ADDRESS,FLUSHING,190 STREET,,Closed,,The Department of Sanitation investigated this complaint and found no violation at the location.,02/14/2023 02:54:29 PM,11 QUEENS,4053550005,QUEENS,1041981,216463,PHONE,Unspecified,QUEENS,,,,,,,,40.76062890844712,-73.79160620442653,"(40.76062890844712, -73.79160620442653)"
56783356,02/11/2023 01:43:38 PM,02/22/2023 01:41:14 PM,DSNY,Department of Sanitation,Dirty Condition,Dog Waste,Sidewalk,11208,559 CLEVELAND STREET,CLEVELAND STREET,SUTTER AVENUE,BLAKE AVENUE,SUTTER AVENUE,BLAKE AVENUE,ADDRESS,BROOKLYN,CLEVELAND STREET,,Closed,,The Department of Sanitation investigated this complaint and found no violation at the location.,02/22/2023 01:41:18 PM,05 BROOKLYN,3040490120,BROOKLYN,1016584,183636,PHONE,Unspecified,BROOKLYN,,,,,,,,40.670656096935396,-73.88344025011642,"(40.670656096935396, -73.88344025011642)"
56782431,02/11/2023 01:23:21 PM,02/14/2023 02:49:50 PM,DSNY,Department of Sanitation,Dirty Condition,Dog Waste,Sidewalk,11369,31-26 106 STREET,106 STREET,ASTORIA BOULEVARD,32 AVENUE,ASTORIA BOULEVARD,32 AVENUE,ADDRESS,EAST ELMHURST,106 STREET,,Closed,,The Department of Sanitation investigated this complaint and found no violation at the location.,02/14/2023 02:49:56 PM,03 QUEENS,4016920020,QUEENS,1022115,216383,PHONE,Unspecified,QUEENS,,,,,,,,40.76051672995552,-73.86331756701841,"(40.76051672995552, -73.86331756701841)"
56773223,02/10/2023 11:30:19 PM,02/12/2023 03:49:35 PM,DSNY,Department of Sanitation,Dirty Condition,Dog Waste,Sidewalk,10461,2103 TOMLINSON AVENUE,TOMLINSON AVENUE,LYDIG AVENUE,PELHAM PARKWAY SOUTH,LYDIG AVENUE,PELHAM PARKWAY SOUTH,ADDRESS,BRONX,TOMLINSON AVENUE,,Closed,,The Department of Sanitation investigated this complaint and found no violation at the location.,02/12/2023 03:49:40 PM,11 BRONX,2043310028,BRONX,1023975,250932,ONLINE,Unspecified,BRONX,,,,,,,,40.85533588145967,-73.85639903547681,"(40.85533588145967, -73.85639903547681)"
56768236,02/10/2023 11:15:18 PM,02/28/2023 01:57:25 PM,DSNY,Department of Sanitation,Dirty Condition,Dog Waste,Sidewalk,10025,308 WEST   97 STREET,WEST   97 STREET,WEST END AVENUE,RIVERSIDE DRIVE,WEST END AVENUE,RIVERSIDE DRIVE,ADDRESS,NEW YORK,WEST   97 STREET,,Closed,,The Department of Sanitation investigated this complaint and found no violation at the location.,02/28/2023 01:57:31 PM,07 MANHATTAN,1018877501,MANHATTAN,991718,229301,ONLINE,Unspecified,MANHATTAN,,,,,,,,40.79605115923762,-73.97302815615552,"(40.79605115923762, -73.97302815615552)"
56774498,02/10/2023 06:38:20 PM,02/21/2023 01:29:51 PM,DSNY,Department of Sanitation,Dirty Condition,Dog Waste,Sidewalk,10312,24 BAYARD STREET,BAYARD STREET,PETRUS AVENUE,WILSON AVENUE,PETRUS AVENUE,WILSON AVENUE,ADDRESS,STATEN ISLAND,BAYARD STREET,,Closed,,The Department of Sanitation investigated this complaint and found no violation at the location.,02/21/2023 01:29:57 PM,03 STATEN ISLAND,5055960013,STATEN ISLAND,937856,138332,PHONE,Unspecified,STATEN ISLAND,,,,,,,,40.54624363517875,-74.16693284050295,"(40.54624363517875, -74.16693284050295)"
56772046,02/10/2023 05:08:09 PM,02/15/2023 04:50:51 PM,DSNY,Department of Sanitation,Dirty Condition,Dog Waste,Street,11221,811 QUINCY STREET,QUINCY STREET,PATCHEN AVENUE,RALPH AVENUE,PATCHEN AVENUE,RALPH AVENUE,ADDRESS,BROOKLYN,QUINCY STREET,,Closed,,The Department of Sanitation investigated this complaint and found no violation at the location.,02/15/2023 04:50:57 PM,03 BROOKLYN,3016280065,BROOKLYN,1004827,190606,PHONE,Unspecified,BROOKLYN,,,,,,,,40.689822291862285,-73.92580135548255,"(40.689822291862285, -73.92580135548255)"
56770846,02/10/2023 04:23:12 PM,02/27/2023 04:25:31 PM,DSNY,Department of Sanitation,Dirty Condition,Dog Waste,Sidewalk,10031,CONVENT AVENUE,CONVENT AVENUE,CONVENT AVENUE,WEST  147 STREET,CONVENT AVENUE,WEST  147 STREET,INTERSECTION,,,,Closed,,The Department of Sanitation investigated this complaint and found no condition at the location.,02/27/2023 04:25:37 PM,09 MANHATTAN,,MANHATTAN,999395,240197,PHONE,Unspecified,MANHATTAN,,,,,,,,40.825947822346855,-73.9452768976133,"(40.825947822346855, -73.9452768976133)"
56774518,02/10/2023 03:33:46 PM,02/18/2023 01:30:07 PM,DSNY,Department of Sanitation,Dirty Condition,Dog Waste,Sidewalk,10453,1514 SEDGWICK AVENUE,SEDGWICK AVENUE,CROSS BRONX EXPWY ET    1 C WB,WEST  176 STREET,CROSS BRONX EXPWY ET    1 C WB,WEST  176 STREET,ADDRESS,BRONX,SEDGWICK AVENUE,,Closed,,The Department of Sanitation investigated this complaint and found no violation at the location.,02/18/2023 01:30:12 PM,05 BRONX,2028800009,BRONX,1005011,247773,PHONE,Unspecified,BRONX,,,,,,,,40.846730326976626,-73.92496128467603,"(40.846730326976626, -73.92496128467603)"
56776567,02/10/2023 02:13:03 PM,02/18/2023 04:55:06 PM,DSNY,Department of Sanitation,Dirty Condition,Dog Waste,Sidewalk,11236,1423 EAST   94 STREET,EAST   94 STREET,AVENUE L,AVENUE M,AVENUE L,AVENUE M,ADDRESS,BROOKLYN,EAST   94 STREET,,Closed,,The Department of Sanitation investigated this complaint and found no violation at the location.,02/18/2023 04:55:10 PM,18 BROOKLYN,3082590032,BROOKLYN,1012797,171303,ONLINE,Unspecified,BROOKLYN,,,,,,,,40.636817749007605,-73.89714406889712,"(40.636817749007605, -73.89714406889712)"
56767795,02/10/2023 10:31:38 AM,02/12/2023 03:50:33 PM,DSNY,Department of Sanitation,Dirty Condition,Dog Waste,Sidewalk,10469,2911 BRUNER AVENUE,BRUNER AVENUE,ARNOW AVENUE,ADEE AVENUE,ARNOW AVENUE,ADEE AVENUE,ADDRESS,BRONX,BRUNER AVENUE,,Closed,,The Department of Sanitation investigated this complaint and found no violation at the location.,02/12/2023 03:50:39 PM,12 BRONX,2047900025,BRONX,1029400,256189,PHONE,Unspecified,BRONX,,,,,,,,40.869738657798315,-73.8367529588515,"(40.869738657798315, -73.8367529588515)"
56768404,02/10/2023 09:05:46 AM,02/13/2023 01:54:23 PM,DSNY,Department of Sanitation,Dirty Condition,Dog Waste,Sidewalk,10467,3575 DEKALB AVENUE,DEKALB AVENUE,EAST  212 STREET,EAST  213 STREET,EAST  212 STREET,EAST  213 STREET,ADDRESS,BRONX,DEKALB AVENUE,,Closed,,The Department of Sanitation investigated this complaint and found no violation at the location.,02/13/2023 01:54:30 PM,07 BRONX,,BRONX,1017737,261473,ONLINE,Unspecified,BRONX,,,,,,,,40.884293542215964,-73.8788959232808,"(40.884293542215964, -73.8788959232808)"
56771886,02/10/2023 08:35:54 AM,02/13/2023 02:15:51 PM,DSNY,Department of Sanitation,Dirty Condition,Dog Waste,Sidewalk,10466,862 EAST  232 STREET,EAST  232 STREET,BUSSING AVENUE,BRONXWOOD AVENUE,BUSSING AVENUE,BRONXWOOD AVENUE,ADDRESS,BRONX,EAST  232 STREET,,Closed,,The Department of Sanitation investigated this complaint and found no condition at the location.,02/13/2023 02:15:56 PM,12 BRONX,2048560085,BRONX,1024876,264021,PHONE,Unspecified,BRONX,,,,,,,,40.891257014156686,-73.85306267064924,"(40.891257014156686, -73.85306267064924)"
56759380,02/09/2023 10:48:22 PM,02/18/2023 09:43:25 AM,DSNY,Department of Sanitation,Dirty Condition,Dog Waste,Sidewalk,11233,2300 ATLANTIC AVENUE,ATLANTIC AVENUE,PLEASANT PLACE,MONACO PLACE,PLEASANT PLACE,MONACO PLACE,ADDRESS,BROOKLYN,ATLANTIC AVENUE,,Closed,,The Department of Sanitation investigated this complaint and found no violation at the location.,02/18/2023 09:43:30 AM,16 BROOKLYN,3014350030,BROOKLYN,1009427,185663,ONLINE,Unspecified,BROOKLYN,,,,,,,,40.67624300014579,-73.90923268628653,"(40.67624300014579, -73.90923268628653)"
56759177,02/09/2023 08:03:07 PM,02/18/2023 04:55:47 PM,DSNY,Department of Sanitation,Dirty Condition,Dog Waste,Sidewalk,11236,105-83 FLATLANDS    3 STREET,FLATLANDS    3 STREET,EAST  105 STREET,EAST  108 STREET,EAST  105 STREET,EAST  108 STREET,ADDRESS,BROOKLYN,FLATLANDS    3 STREET,,Closed,,The Department of Sanitation investigated this complaint and found no violation at the location.,02/18/2023 04:55:53 PM,18 BROOKLYN,3082510046,BROOKLYN,1015192,174259,PHONE,Unspecified,BROOKLYN,,,,,,,,40.64492328629099,-73.88850124473977,"(40.64492328629099, -73.88850124473977)"
56763647,02/09/2023 06:31:45 PM,02/14/2023 02:29:44 PM,DSNY,Department of Sanitation,Dirty Condition,Dog Waste,Sidewalk,11432,89 AVENUE,89 AVENUE,89 AVENUE,153 STREET,89 AVENUE,153 STREET,INTERSECTION,,,,Closed,,The Department of Sanitation investigated this complaint and found no violation at the location.,02/14/2023 02:29:48 PM,12 QUEENS,,QUEENS,1038711,196273,ONLINE,Unspecified,QUEENS,,,,,,,,40.70523320873011,-73.80357343352262,"(40.70523320873011, -73.80357343352262)"
56762769,02/09/2023 05:09:05 PM,02/22/2023 12:43:35 PM,DSNY,Department of Sanitation,Dirty Condition,Dog Waste,Sidewalk,11249,343 BERRY STREET,BERRY STREET,SOUTH    4 STREET,SOUTH    5 STREET,SOUTH    4 STREET,SOUTH    5 STREET,ADDRESS,BROOKLYN,BERRY STREET,,Closed,,The Department of Sanitation investigated this complaint and found no violation at the location.,02/22/2023 12:43:42 PM,01 BROOKLYN,3024430005,BROOKLYN,994043,198718,ONLINE,Unspecified,BROOKLYN,,,,,,,,40.71210633381897,-73.96467559985616,"(40.71210633381897, -73.96467559985616)"
56761477,02/09/2023 04:26:30 PM,02/13/2023 12:37:44 PM,DSNY,Department of Sanitation,Dirty Condition,Dog Waste,Sidewalk,11355,45-35 PARSONS BOULEVARD,PARSONS BOULEVARD,GEORGIA ROAD,HAWTHORN AVENUE,GEORGIA ROAD,HAWTHORN AVENUE,ADDRESS,FLUSHING,PARSONS BOULEVARD,,Closed,,The Department of Sanitation investigated this complaint and found no violation at the location.,02/13/2023 12:37:53 PM,07 QUEENS,4054300048,QUEENS,1035580,214416,ONLINE,Unspecified,QUEENS,,,,,,,,40.755049908629616,-73.8147276937302,"(40.755049908629616, -73.8147276937302)"
56764104,02/09/2023 03:00:12 PM,02/14/2023 04:33:08 PM,DSNY,Department of Sanitation,Dirty Condition,Dog Waste,Sidewalk,11224,2834 WEST   15 STREET,WEST   15 STREET,NEPTUNE AVENUE,MERMAID AVENUE,NEPTUNE AVENUE,MERMAID AVENUE,ADDRESS,BROOKLYN,WEST   15 STREET,,Closed,,The Department of Sanitation investigated this complaint and found no violation at the location.,02/14/2023 04:33:13 PM,13 BROOKLYN,3070220022,BROOKLYN,988993,149951,ONLINE,Unspecified,BROOKLYN,,,,,,,,40.57825561526033,-73.98292577764971,"(40.57825561526033, -73.98292577764971)"
56766145,02/09/2023 02:40:40 PM,03/10/2023 01:12:25 PM,DSNY,Department of Sanitation,Dirty Condition,Dog Waste,Sidewalk,10029,EAST  101 STREET,EAST  101 STREET,2 AVENUE,1 AVENUE,2 AVENUE,1 AVENUE,BLOCKFACE,,,,Closed,,The Department of Sanitation investigated this complaint and found no violation at the location.,03/10/2023 01:12:34 PM,Unspecified MANHATTAN,,MANHATTAN,,,PHONE,Unspecified,MANHATTAN,,,,,,,,,,
56766114,02/09/2023 12:36:36 PM,02/21/2023 05:49:12 AM,DSNY,Department of Sanitation,Dirty Condition,Dog Waste,Sidewalk,10461,1267 HOBART AVENUE,HOBART AVENUE,BAISLEY AVENUE,WATERBURY AVENUE,BAISLEY AVENUE,WATERBURY AVENUE,ADDRESS,BRONX,HOBART AVENUE,,Closed,,The Department of Sanitation investigated this complaint and found no violation at the location.,02/21/2023 05:49:17 AM,10 BRONX,2053380067,BRONX,1031960,244600,PHONE,Unspecified,BRONX,,,,,,,,40.8379168992338,-73.82757936977713,"(40.8379168992338, -73.82757936977713)"
56759264,02/09/2023 08:51:51 AM,02/10/2023 04:29:39 PM,DSNY,Department of Sanitation,Dirty Condition,Dog Waste,Sidewalk,11225,BEDFORD AVENUE,BEDFORD AVENUE,BEDFORD AVENUE,CARROLL STREET,BEDFORD AVENUE,CARROLL STREET,INTERSECTION,,,,Closed,,The Department of Sanitation investigated this complaint and found no violation at the location.,02/10/2023 04:29:45 PM,09 BROOKLYN,,BROOKLYN,996394,182460,PHONE,Unspecified,BROOKLYN,,,,,,,,40.66747895725049,-73.95622459889509,"(40.66747895725049, -73.95622459889509)"
56764831,02/09/2023 08:18:41 AM,03/10/2023 01:14:15 PM,DSNY,Department of Sanitation,Dirty Condition,Dog Waste,Sidewalk,10029,101 EAST  103 STREET,EAST  103 STREET,PARK AVENUE,LEXINGTON AVENUE,PARK AVENUE,LEXINGTON AVENUE,ADDRESS,NEW YORK,EAST  103 STREET,,Closed,,The Department of Sanitation investigated this complaint and found no violation at the location.,03/10/2023 01:14:23 PM,11 MANHATTAN,1016310001,MANHATTAN,998386,227411,ONLINE,Unspecified,MANHATTAN,,,,,,,,40.79085546975517,-73.94894961904846,"(40.79085546975517, -73.94894961904846)"
56759923,02/09/2023 07:52:30 AM,02/09/2023 04:22:39 PM,DSNY,Department of Sanitation,Dirty Condition,Dog Waste,Sidewalk,11249,338 BERRY STREET,BERRY STREET,SOUTH    4 STREET,SOUTH    5 STREET,SOUTH    4 STREET,SOUTH    5 STREET,ADDRESS,BROOKLYN,BERRY STREET,,Closed,,The Department of Sanitation investigated this complaint and found no violation at the location.,02/09/2023 04:22:44 PM,01 BROOKLYN,3024427501,BROOKLYN,994015,198673,ONLINE,Unspecified,BROOKLYN,,,,,,,,40.711982850485285,-73.96477666411467,"(40.711982850485285, -73.96477666411467)"
56764870,02/09/2023 04:11:29 AM,02/14/2023 02:36:36 PM,DSNY,Department of Sanitation,Dirty Condition,Dog Waste,Sidewalk,11379,79-22 67 DRIVE,67 DRIVE,79 STREET,80 STREET,79 STREET,80 STREET,ADDRESS,MIDDLE VILLAGE,67 DRIVE,,Closed,,The Department of Sanitation investigated this complaint and found no violation at the location.,02/14/2023 02:36:44 PM,05 QUEENS,4037820019,QUEENS,1019511,198647,ONLINE,Unspecified,QUEENS,,,,,,,,40.711846611687655,-73.87281024976645,"(40.711846611687655, -73.87281024976645)"
56750021,02/08/2023 09:52:48 PM,02/13/2023 01:48:28 PM,DSNY,Department of Sanitation,Dirty Condition,Dog Waste,Sidewalk,11224,3058 WEST   24 STREET,WEST   24 STREET,SURF AVENUE,BOARDWALK WEST,SURF AVENUE,BOARDWALK WEST,ADDRESS,BROOKLYN,WEST   24 STREET,,Closed,,The Department of Sanitation investigated this complaint and found no violation at the location.,02/13/2023 01:48:33 PM,13 BROOKLYN,3070700001,BROOKLYN,986892,147736,PHONE,Unspecified,BROOKLYN,,,,,,,,40.572176750014464,-73.99048998735576,"(40.572176750014464, -73.99048998735576)"
56755748,02/08/2023 06:39:24 PM,02/15/2023 04:50:30 PM,DSNY,Department of Sanitation,Dirty Condition,Dog Waste,Sidewalk,11221,630 QUINCY STREET,QUINCY STREET,LEWIS AVENUE,STUYVESANT AVENUE,LEWIS AVENUE,STUYVESANT AVENUE,ADDRESS,BROOKLYN,QUINCY STREET,,Closed,,The Department of Sanitation investigated this complaint and found no violation at the location.,02/15/2023 04:50:35 PM,03 BROOKLYN,3016300060,BROOKLYN,1002251,190211,PHONE,Unspecified,BROOKLYN,,,,,,,,40.68874372215182,-73.9350912106908,"(40.68874372215182, -73.9350912106908)"
56754388,02/08/2023 05:04:50 PM,02/12/2023 03:51:40 PM,DSNY,Department of Sanitation,Dirty Condition,Dog Waste,Sidewalk,10467,3819 BARNES AVENUE,BARNES AVENUE,EAST  219 STREET,EAST  220 STREET,EAST  219 STREET,EAST  220 STREET,ADDRESS,BRONX,BARNES AVENUE,,Closed,,The Department of Sanitation investigated this complaint and found no violation at the location.,02/12/2023 03:51:46 PM,12 BRONX,2046670001,BRONX,1023053,261074,PHONE,Unspecified,BRONX,,,,,,,,40.883176640300505,-73.85967321480804,"(40.883176640300505, -73.85967321480804)"
56756752,02/08/2023 02:53:54 PM,02/10/2023 04:34:36 PM,DSNY,Department of Sanitation,Dirty Condition,Dog Waste,Sidewalk,11212,14 EAST   95 STREET,EAST   95 STREET,EAST NEW YORK AVENUE,RUTLAND ROAD,EAST NEW YORK AVENUE,RUTLAND ROAD,ADDRESS,BROOKLYN,EAST   95 STREET,,Closed,,The Department of Sanitation investigated this complaint and found no violation at the location.,02/10/2023 04:34:40 PM,17 BROOKLYN,3045970015,BROOKLYN,1004524,181429,PHONE,Unspecified,BROOKLYN,,,,,,,,40.66463420790359,-73.92692154990046,"(40.66463420790359, -73.92692154990046)"
56751377,02/08/2023 12:46:28 PM,03/01/2023 01:08:14 AM,DSNY,Department of Sanitation,Dirty Condition,Dog Waste,Sidewalk,10034,546 ISHAM STREET,ISHAM STREET,SHERMAN AVENUE,VERMILYEA AVENUE,SHERMAN AVENUE,VERMILYEA AVENUE,ADDRESS,NEW YORK,ISHAM STREET,,Closed,,The Department of Sanitation investigated this complaint and found no violation at the location.,03/01/2023 01:08:19 AM,12 MANHATTAN,1022270011,MANHATTAN,1006651,255136,PHONE,Unspecified,MANHATTAN,,,,,,,,40.86693554228274,-73.91900905371033,"(40.86693554228274, -73.91900905371033)"
56757863,02/08/2023 11:39:17 AM,02/13/2023 01:00:50 PM,DSNY,Department of Sanitation,Dirty Condition,Dog Waste,Sidewalk,11377,35 AVENUE,35 AVENUE,35 AVENUE,69 STREET,35 AVENUE,69 STREET,INTERSECTION,,,,Closed,,The Department of Sanitation investigated this complaint and issued a Notice of Violation.,02/13/2023 01:00:56 PM,03 QUEENS,,QUEENS,1012916,212736,PHONE,Unspecified,QUEENS,,,,,,,,40.750541261701144,-73.89653898782534,"(40.750541261701144, -73.89653898782534)"
56753418,02/08/2023 08:38:34 AM,02/28/2023 07:05:45 PM,DSNY,Department of Sanitation,Dirty Condition,Dog Waste,Sidewalk,10022,420 EAST   54 STREET,EAST   54 STREET,1 AVENUE,SUTTON PLACE SOUTH,1 AVENUE,SUTTON PLACE SOUTH,ADDRESS,NEW YORK,EAST   54 STREET,,Closed,,The Department of Sanitation investigated this complaint and found no violation at the location.,02/28/2023 07:05:52 PM,06 MANHATTAN,1013650009,MANHATTAN,994388,214706,PHONE,Unspecified,MANHATTAN,,,,,,,,40.755989064984206,-73.96340705674405,"(40.755989064984206, -73.96340705674405)"
56741965,02/07/2023 06:13:23 PM,02/09/2023 12:47:57 PM,DSNY,Department of Sanitation,Dirty Condition,Dog Waste,Street,10452,1105 ANDERSON AVENUE,ANDERSON AVENUE,WEST  166 STREET,WEST  167 STREET,WEST  166 STREET,WEST  167 STREET,ADDRESS,BRONX,ANDERSON AVENUE,,Closed,,The Department of Sanitation investigated this complaint and found no violation at the location.,02/09/2023 12:48:01 PM,04 BRONX,2025090036,BRONX,1005011,243558,PHONE,Unspecified,BRONX,,,,,,,,40.83516138528192,-73.9249743329806,"(40.83516138528192, -73.9249743329806)"
56741281,02/07/2023 05:37:55 PM,02/08/2023 01:24:01 PM,DSNY,Department of Sanitation,Dirty Condition,Dog Waste,Sidewalk,10305,39 FINGERBOAR ROAD,FINGERBOAR ROAD,BAY STREET,BANG TERRACE,BAY STREET,BANG TERRACE,ADDRESS,STATEN ISLAND,FINGERBOARD ROAD,,Closed,,The Department of Sanitation investigated this complaint and found no violation at the location.,02/08/2023 01:24:05 PM,01 STATEN ISLAND,5028640076,STATEN ISLAND,966543,160972,PHONE,Unspecified,STATEN ISLAND,,,,,,,,40.60848962349924,-74.06377191638445,"(40.60848962349924, -74.06377191638445)"
56740394,02/07/2023 05:12:50 PM,02/28/2023 07:25:33 AM,DSNY,Department of Sanitation,Dirty Condition,Dog Waste,Sidewalk,10024,302 WEST   88 STREET,WEST   88 STREET,WEST END AVENUE,RIVERSIDE DRIVE,WEST END AVENUE,RIVERSIDE DRIVE,ADDRESS,NEW YORK,WEST   88 STREET,,Closed,,The Department of Sanitation investigated this complaint and found no violation at the location.,02/28/2023 07:25:42 AM,07 MANHATTAN,1012490036,MANHATTAN,990541,227218,ONLINE,Unspecified,MANHATTAN,,,,,,,,40.79033480339243,-73.97728102572516,"(40.79033480339243, -73.97728102572516)"
56748903,02/07/2023 04:46:38 PM,03/01/2023 01:09:14 AM,DSNY,Department of Sanitation,Dirty Condition,Dog Waste,Sidewalk,10040,48 THAYER STREET,THAYER STREET,NAGLE AVENUE,SHERMAN AVENUE,NAGLE AVENUE,SHERMAN AVENUE,ADDRESS,NEW YORK,THAYER STREET,,Closed,,The Department of Sanitation investigated this complaint and found no violation at the location.,03/01/2023 01:09:19 AM,12 MANHATTAN,1021740024,MANHATTAN,1004541,253619,ONLINE,Unspecified,MANHATTAN,,,,,,,,40.86277694085298,-73.92664236041557,"(40.86277694085298, -73.92664236041557)"
56741524,02/07/2023 03:52:42 PM,02/09/2023 06:45:37 AM,DSNY,Department of Sanitation,Dirty Condition,Dog Waste,Sidewalk,10459,820 HEWITT PLACE,HEWITT PLACE,LONGWOOD AVENUE,EAST  161 STREET,LONGWOOD AVENUE,EAST  161 STREET,ADDRESS,BRONX,HEWITT PLACE,,Closed,,The Department of Sanitation investigated this complaint and found no violation at the location.,02/09/2023 06:45:45 AM,02 BRONX,2026960005,BRONX,1011958,237641,PHONE,Unspecified,BRONX,,,,,,,,40.81890185470186,-73.89989386516727,"(40.81890185470186, -73.89989386516727)"
56747309,02/07/2023 02:26:17 PM,03/01/2023 07:30:49 AM,DSNY,Department of Sanitation,Dirty Condition,Dog Waste,Sidewalk,10009,1 AVENUE,1 AVENUE,1 AVENUE,EAST    3 STREET,1 AVENUE,EAST    3 STREET,INTERSECTION,,,,Closed,,The Department of Sanitation investigated this complaint and found no violation at the location.,03/01/2023 07:30:56 AM,03 MANHATTAN,,MANHATTAN,987717,203259,PHONE,Unspecified,MANHATTAN,,,,,,,,40.72457502800915,-73.98749182006608,"(40.72457502800915, -73.98749182006608)"
56741619,02/07/2023 01:22:38 PM,02/10/2023 04:31:27 PM,DSNY,Department of Sanitation,Dirty Condition,Dog Waste,Sidewalk,11226,176 CLARKSON AVENUE,CLARKSON AVENUE,BEDFORD AVENUE,ROGERS AVENUE,BEDFORD AVENUE,ROGERS AVENUE,ADDRESS,BROOKLYN,CLARKSON AVENUE,,Closed,,The Department of Sanitation investigated this complaint and found no violation at the location.,02/10/2023 04:31:35 PM,17 BROOKLYN,3050650040,BROOKLYN,996969,177975,ONLINE,Unspecified,BROOKLYN,,,,,,,,40.6551678163122,-73.95416036056795,"(40.6551678163122, -73.95416036056795)"
56748860,02/07/2023 10:54:21 AM,02/28/2023 12:04:00 PM,DSNY,Department of Sanitation,Dirty Condition,Dog Waste,Sidewalk,10021,3 AVENUE,3 AVENUE,3 AVENUE,EAST   72 STREET,3 AVENUE,EAST   72 STREET,INTERSECTION,,,,Closed,,The Department of Sanitation investigated this complaint and found no violation at the location.,02/28/2023 12:04:04 PM,08 MANHATTAN,,MANHATTAN,995163,219720,PHONE,Unspecified,MANHATTAN,,,,,,,,40.769750280094,-73.96060156755252,"(40.769750280094, -73.96060156755252)"
56746217,02/07/2023 10:31:51 AM,02/09/2023 06:09:05 AM,DSNY,Department of Sanitation,Dirty Condition,Dog Waste,Sidewalk,10469,1054 EAST  220 STREET,EAST  220 STREET,PAULDING AVENUE,LACONIA AVENUE,PAULDING AVENUE,LACONIA AVENUE,ADDRESS,BRONX,EAST  220 STREET,,Closed,,The Department of Sanitation investigated this complaint and found no condition at the location.,02/09/2023 06:09:14 AM,12 BRONX,2047020048,BRONX,1024967,260355,ONLINE,Unspecified,BRONX,,,,,,,,40.881194589027196,-73.85275582758689,"(40.881194589027196, -73.85275582758689)"
56743661,02/07/2023 09:53:29 AM,02/09/2023 12:46:58 PM,DSNY,Department of Sanitation,Dirty Condition,Dog Waste,Sidewalk,10452,1455 GRANDCONCOURSE,GRANDCONCOURSE,EAST  171 STREET,EAST  172 STREET,EAST  171 STREET,EAST  172 STREET,ADDRESS,BRONX,GRAND CONCOURSE,,Closed,,The Department of Sanitation investigated this complaint and found no violation at the location.,02/09/2023 12:47:06 PM,04 BRONX,2028340001,BRONX,1008339,245423,PHONE,Unspecified,BRONX,,,,,,,,40.840271816243714,-73.91294098536245,"(40.840271816243714, -73.91294098536245)"
56742007,02/07/2023 09:17:25 AM,02/22/2023 07:04:01 AM,DSNY,Department of Sanitation,Dirty Condition,Dog Waste,Street,11221,940 GATES AVENUE,GATES AVENUE,PATCHEN AVENUE,RALPH AVENUE,PATCHEN AVENUE,RALPH AVENUE,ADDRESS,BROOKLYN,GATES AVENUE,,Closed,,The Department of Sanitation investigated this complaint and found no violation at the location.,02/22/2023 07:04:16 AM,03 BROOKLYN,3016380006,BROOKLYN,1004743,190315,ONLINE,Unspecified,BROOKLYN,,,,,,,,40.689023758970876,-73.92610513628088,"(40.689023758970876, -73.92610513628088)"
56746905,02/07/2023 09:13:48 AM,02/22/2023 07:04:00 AM,DSNY,Department of Sanitation,Dirty Condition,Dog Waste,Street,11221,940 GATES AVENUE,GATES AVENUE,PATCHEN AVENUE,RALPH AVENUE,PATCHEN AVENUE,RALPH AVENUE,ADDRESS,BROOKLYN,GATES AVENUE,,Closed,,The Department of Sanitation investigated this complaint and found no violation at the location.,02/22/2023 07:04:06 AM,03 BROOKLYN,3016380006,BROOKLYN,1004743,190315,ONLINE,Unspecified,BROOKLYN,,,,,,,,40.689023758970876,-73.92610513628088,"(40.689023758970876, -73.92610513628088)"
56738027,02/06/2023 04:59:08 PM,02/22/2023 07:04:08 AM,DSNY,Department of Sanitation,Dirty Condition,Dog Waste,Street,11221,940 GATES AVENUE,GATES AVENUE,PATCHEN AVENUE,RALPH AVENUE,PATCHEN AVENUE,RALPH AVENUE,ADDRESS,BROOKLYN,GATES AVENUE,,Closed,,The Department of Sanitation investigated this complaint and found no violation at the location.,02/22/2023 07:04:17 AM,03 BROOKLYN,3016380006,BROOKLYN,1004743,190315,ONLINE,Unspecified,BROOKLYN,,,,,,,,40.689023758970876,-73.92610513628088,"(40.689023758970876, -73.92610513628088)"
56737034,02/06/2023 04:57:23 PM,02/22/2023 07:04:06 AM,DSNY,Department of Sanitation,Dirty Condition,Dog Waste,Street,11221,940 GATES AVENUE,GATES AVENUE,PATCHEN AVENUE,RALPH AVENUE,PATCHEN AVENUE,RALPH AVENUE,ADDRESS,BROOKLYN,GATES AVENUE,,Closed,,The Department of Sanitation investigated this complaint and found no violation at the location.,02/22/2023 07:04:20 AM,03 BROOKLYN,3016380006,BROOKLYN,1004743,190315,ONLINE,Unspecified,BROOKLYN,,,,,,,,40.689023758970876,-73.92610513628088,"(40.689023758970876, -73.92610513628088)"
56738386,02/06/2023 04:56:15 PM,02/22/2023 07:03:58 AM,DSNY,Department of Sanitation,Dirty Condition,Dog Waste,Street,11221,940 GATES AVENUE,GATES AVENUE,PATCHEN AVENUE,RALPH AVENUE,PATCHEN AVENUE,RALPH AVENUE,ADDRESS,BROOKLYN,GATES AVENUE,,Closed,,The Department of Sanitation investigated this complaint and found no violation at the location.,02/22/2023 07:04:05 AM,03 BROOKLYN,3016380006,BROOKLYN,1004743,190315,ONLINE,Unspecified,BROOKLYN,,,,,,,,40.689023758970876,-73.92610513628088,"(40.689023758970876, -73.92610513628088)"
56734331,02/06/2023 04:54:33 PM,02/22/2023 07:03:57 AM,DSNY,Department of Sanitation,Dirty Condition,Dog Waste,Street,11221,940 GATES AVENUE,GATES AVENUE,PATCHEN AVENUE,RALPH AVENUE,PATCHEN AVENUE,RALPH AVENUE,ADDRESS,BROOKLYN,GATES AVENUE,,Closed,,The Department of Sanitation investigated this complaint and found no violation at the location.,02/22/2023 07:04:04 AM,03 BROOKLYN,3016380006,BROOKLYN,1004743,190315,ONLINE,Unspecified,BROOKLYN,,,,,,,,40.689023758970876,-73.92610513628088,"(40.689023758970876, -73.92610513628088)"
56735633,02/06/2023 04:37:53 PM,02/22/2023 07:04:04 AM,DSNY,Department of Sanitation,Dirty Condition,Dog Waste,Street,11221,940 GATES AVENUE,GATES AVENUE,PATCHEN AVENUE,RALPH AVENUE,PATCHEN AVENUE,RALPH AVENUE,ADDRESS,BROOKLYN,GATES AVENUE,,Closed,,The Department of Sanitation investigated this complaint and found no violation at the location.,02/22/2023 07:04:12 AM,03 BROOKLYN,3016380006,BROOKLYN,1004743,190315,ONLINE,Unspecified,BROOKLYN,,,,,,,,40.689023758970876,-73.92610513628088,"(40.689023758970876, -73.92610513628088)"
56735597,02/06/2023 04:36:36 PM,02/22/2023 07:03:56 AM,DSNY,Department of Sanitation,Dirty Condition,Dog Waste,Street,11221,940 GATES AVENUE,GATES AVENUE,PATCHEN AVENUE,RALPH AVENUE,PATCHEN AVENUE,RALPH AVENUE,ADDRESS,BROOKLYN,GATES AVENUE,,Closed,,The Department of Sanitation investigated this complaint and found no violation at the location.,02/22/2023 07:04:10 AM,03 BROOKLYN,3016380006,BROOKLYN,1004743,190315,ONLINE,Unspecified,BROOKLYN,,,,,,,,40.689023758970876,-73.92610513628088,"(40.689023758970876, -73.92610513628088)"
56737032,02/06/2023 04:33:35 PM,02/22/2023 07:03:56 AM,DSNY,Department of Sanitation,Dirty Condition,Dog Waste,Street,11221,940 GATES AVENUE,GATES AVENUE,PATCHEN AVENUE,RALPH AVENUE,PATCHEN AVENUE,RALPH AVENUE,ADDRESS,BROOKLYN,GATES AVENUE,,Closed,,The Department of Sanitation investigated this complaint and found no violation at the location.,02/22/2023 07:04:00 AM,03 BROOKLYN,3016380006,BROOKLYN,1004743,190315,ONLINE,Unspecified,BROOKLYN,,,,,,,,40.689023758970876,-73.92610513628088,"(40.689023758970876, -73.92610513628088)"
56734389,02/06/2023 04:31:29 PM,02/22/2023 07:04:03 AM,DSNY,Department of Sanitation,Dirty Condition,Dog Waste,Street,11221,940 GATES AVENUE,GATES AVENUE,PATCHEN AVENUE,RALPH AVENUE,PATCHEN AVENUE,RALPH AVENUE,ADDRESS,BROOKLYN,GATES AVENUE,,Closed,,The Department of Sanitation investigated this complaint and found no violation at the location.,02/22/2023 07:04:13 AM,03 BROOKLYN,3016380006,BROOKLYN,1004743,190315,ONLINE,Unspecified,BROOKLYN,,,,,,,,40.689023758970876,-73.92610513628088,"(40.689023758970876, -73.92610513628088)"
56737556,02/06/2023 04:27:12 PM,02/22/2023 07:04:07 AM,DSNY,Department of Sanitation,Dirty Condition,Dog Waste,Sidewalk,11221,940 GATES AVENUE,GATES AVENUE,PATCHEN AVENUE,RALPH AVENUE,PATCHEN AVENUE,RALPH AVENUE,ADDRESS,BROOKLYN,GATES AVENUE,,Closed,,The Department of Sanitation investigated this complaint and found no violation at the location.,02/22/2023 07:04:15 AM,03 BROOKLYN,3016380006,BROOKLYN,1004743,190315,ONLINE,Unspecified,BROOKLYN,,,,,,,,40.689023758970876,-73.92610513628088,"(40.689023758970876, -73.92610513628088)"
56731693,02/06/2023 04:25:17 PM,02/22/2023 07:04:02 AM,DSNY,Department of Sanitation,Dirty Condition,Dog Waste,Sidewalk,11221,940 GATES AVENUE,GATES AVENUE,PATCHEN AVENUE,RALPH AVENUE,PATCHEN AVENUE,RALPH AVENUE,ADDRESS,BROOKLYN,GATES AVENUE,,Closed,,The Department of Sanitation investigated this complaint and found no violation at the location.,02/22/2023 07:04:11 AM,03 BROOKLYN,3016380006,BROOKLYN,1004743,190315,ONLINE,Unspecified,BROOKLYN,,,,,,,,40.689023758970876,-73.92610513628088,"(40.689023758970876, -73.92610513628088)"
56730156,02/06/2023 04:21:53 PM,02/22/2023 07:03:54 AM,DSNY,Department of Sanitation,Dirty Condition,Dog Waste,Street,11221,940 GATES AVENUE,GATES AVENUE,PATCHEN AVENUE,RALPH AVENUE,PATCHEN AVENUE,RALPH AVENUE,ADDRESS,BROOKLYN,GATES AVENUE,,Closed,,The Department of Sanitation investigated this complaint and found no violation at the location.,02/22/2023 07:04:00 AM,03 BROOKLYN,3016380006,BROOKLYN,1004743,190315,ONLINE,Unspecified,BROOKLYN,,,,,,,,40.689023758970876,-73.92610513628088,"(40.689023758970876, -73.92610513628088)"
56736327,02/06/2023 12:47:23 PM,02/10/2023 01:56:57 PM,DSNY,Department of Sanitation,Dirty Condition,Dog Waste,Street,11208,121 EUCLID AVENUE,EUCLID AVENUE,ETNA STREET,RIDGEWOOD AVENUE,ETNA STREET,RIDGEWOOD AVENUE,ADDRESS,BROOKLYN,EUCLID AVENUE,,Closed,,The Department of Sanitation investigated this complaint and found no violation at the location.,02/10/2023 01:57:01 PM,05 BROOKLYN,3041170011,BROOKLYN,1018993,189105,ONLINE,Unspecified,BROOKLYN,,,,,,,,40.68565812346555,-73.8747279441525,"(40.68565812346555, -73.8747279441525)"
56737548,02/06/2023 11:47:03 AM,02/11/2023 12:06:44 PM,DSNY,Department of Sanitation,Dirty Condition,Dog Waste,Sidewalk,11385,1870 HIMROD STREET,HIMROD STREET,ONDERDONK AVENUE,WOODWARD AVENUE,ONDERDONK AVENUE,WOODWARD AVENUE,ADDRESS,RIDGEWOOD,HIMROD STREET,,Closed,,The Department of Sanitation investigated this complaint and issued a Notice of Violation.,02/11/2023 12:06:50 PM,05 QUEENS,4034030024,QUEENS,1008593,197121,PHONE,Unspecified,QUEENS,,,,,,,,40.70769488134096,-73.912197989749,"(40.70769488134096, -73.912197989749)"
56736386,02/06/2023 11:31:54 AM,02/12/2023 03:46:52 PM,DSNY,Department of Sanitation,Dirty Condition,Dog Waste,Sidewalk,10462,1858 HUNT AVENUE,HUNT AVENUE,MORRIS PARK AVENUE,RHINELANDER AVENUE,MORRIS PARK AVENUE,RHINELANDER AVENUE,ADDRESS,BRONX,HUNT AVENUE,,Closed,,The Department of Sanitation investigated this complaint and found no violation at the location.,02/12/2023 03:46:59 PM,11 BRONX,2040510026,BRONX,1021424,247771,PHONE,Unspecified,BRONX,,,,,,,,40.84667099307924,-73.86563809701131,"(40.84667099307924, -73.86563809701131)"
56738834,02/06/2023 10:21:56 AM,02/07/2023 12:55:21 PM,DSNY,Department of Sanitation,Dirty Condition,Dog Waste,Sidewalk,10304,55 METCALFE STREET,METCALFE STREET,VAN DUZER STREET,TARGEE STREET,VAN DUZER STREET,TARGEE STREET,ADDRESS,STATEN ISLAND,METCALFE STREET,,Closed,,The Department of Sanitation investigated this complaint and found no violation at the location.,02/07/2023 12:55:27 PM,01 STATEN ISLAND,5006450003,STATEN ISLAND,960604,163707,PHONE,Unspecified,STATEN ISLAND,,,,,,,,40.61598277380671,-74.08517084266374,"(40.61598277380671, -74.08517084266374)"
56733648,02/06/2023 09:36:10 AM,02/18/2023 12:30:07 PM,DSNY,Department of Sanitation,Dirty Condition,Dog Waste,Sidewalk,11201,12 COLLEGE PLACE,COLLEGE PLACE,LOVE LANE,DEAD END,LOVE LANE,DEAD END,ADDRESS,BROOKLYN,COLLEGE PLACE,,Closed,,The Department of Sanitation investigated this complaint and found no violation at the location.,02/18/2023 12:30:13 PM,02 BROOKLYN,3002360043,BROOKLYN,985806,193000,ONLINE,Unspecified,BROOKLYN,,,,,,,,40.69641705153465,-73.99438866223853,"(40.69641705153465, -73.99438866223853)"
56730868,02/06/2023 08:51:42 AM,02/27/2023 04:35:23 PM,DSNY,Department of Sanitation,Dirty Condition,Dog Waste,Sidewalk,10031,519 WEST  143 STREET,WEST  143 STREET,HAMILTON PLACE,BROADWAY,HAMILTON PLACE,BROADWAY,ADDRESS,NEW YORK,WEST  143 STREET,,Closed,,The Department of Sanitation investigated this complaint and found no condition at the location.,02/27/2023 04:35:28 PM,09 MANHATTAN,1020750014,MANHATTAN,998054,239709,ONLINE,Unspecified,MANHATTAN,,,,,,,,40.82461059887755,-73.95012330692767,"(40.82461059887755, -73.95012330692767)"
56723128,02/05/2023 05:21:58 PM,02/27/2023 11:35:14 AM,DSNY,Department of Sanitation,Dirty Condition,Dog Waste,Sidewalk,10026,309 WEST  112 STREET,WEST  112 STREET,FREDERICK DOUGLASS BOULEVARD,MANHATTAN AVENUE,FREDERICK DOUGLASS BOULEVARD,MANHATTAN AVENUE,ADDRESS,NEW YORK,WEST  112 STREET,,Closed,,The Department of Sanitation investigated this complaint and found no violation at the location.,02/27/2023 11:35:20 AM,10 MANHATTAN,1018470015,MANHATTAN,996007,231467,PHONE,Unspecified,MANHATTAN,,,,,,,,40.80199157242308,-73.95753397495643,"(40.80199157242308, -73.95753397495643)"
56725107,02/05/2023 05:13:11 PM,02/10/2023 01:58:39 PM,DSNY,Department of Sanitation,Dirty Condition,Dog Waste,Sidewalk,11208,425 LINWOOD STREET,LINWOOD STREET,GLENMORE AVENUE,PITKIN AVENUE,GLENMORE AVENUE,PITKIN AVENUE,ADDRESS,BROOKLYN,LINWOOD STREET,,Closed,,The Department of Sanitation investigated this complaint and found no violation at the location.,02/10/2023 01:58:59 PM,05 BROOKLYN,3040030012,BROOKLYN,1016746,185197,ONLINE,Unspecified,BROOKLYN,,,,,,,,40.67494009465988,-73.88284873672939,"(40.67494009465988, -73.88284873672939)"
56729148,02/05/2023 01:38:11 PM,02/18/2023 10:11:20 AM,DSNY,Department of Sanitation,Dirty Condition,Dog Waste,Sidewalk,11201,175 PEARL STREET,PEARL STREET,SANDS STREET,HIGH STREET,SANDS STREET,HIGH STREET,ADDRESS,BROOKLYN,PEARL STREET,,Closed,,The Department of Sanitation investigated this complaint and found no violation at the location.,02/18/2023 10:11:26 AM,02 BROOKLYN,3000870005,BROOKLYN,987624,194106,ONLINE,Unspecified,BROOKLYN,,,,,,,,40.699452257479486,-73.9878319308472,"(40.699452257479486, -73.9878319308472)"
56711882,02/05/2023 01:01:46 AM,02/16/2023 05:01:46 PM,DSNY,Department of Sanitation,Dirty Condition,Dog Waste,Sidewalk,11228,1338 77 STREET,77 STREET,13 AVENUE,14 AVENUE,13 AVENUE,14 AVENUE,ADDRESS,BROOKLYN,77 STREET,,Closed,,The Department of Sanitation investigated this complaint and found no violation at the location.,02/16/2023 05:01:52 PM,10 BROOKLYN,3062440021,BROOKLYN,982108,164641,PHONE,Unspecified,BROOKLYN,,,,,,,,40.618577703967546,-74.00771559708879,"(40.618577703967546, -74.00771559708879)"
56714952,02/04/2023 09:54:16 PM,02/18/2023 10:12:27 AM,DSNY,Department of Sanitation,Dirty Condition,Dog Waste,Sidewalk,11201,7 DEKALB AVENUE,DEKALB AVENUE,BOND STREET,UNIVERSITY PLAZA,BOND STREET,UNIVERSITY PLAZA,ADDRESS,BROOKLYN,DEKALB AVENUE,,Closed,,The Department of Sanitation investigated this complaint and found no violation at the location.,02/18/2023 10:12:31 AM,02 BROOKLYN,3001497501,BROOKLYN,989194,190652,ONLINE,Unspecified,BROOKLYN,,,,,,,,40.68997109052528,-73.98217238296165,"(40.68997109052528, -73.98217238296165)"
56717702,02/04/2023 07:03:40 AM,02/08/2023 01:27:27 PM,DSNY,Department of Sanitation,Dirty Condition,Dog Waste,Sidewalk,10455,744 FOX STREET,FOX STREET,LEGGETT AVENUE,EAST  156 STREET,LEGGETT AVENUE,EAST  156 STREET,ADDRESS,BRONX,FOX STREET,,Closed,,The Department of Sanitation investigated this complaint and found no violation at the location.,02/08/2023 01:27:34 PM,02 BRONX,2027200017,BRONX,1012291,236290,ONLINE,Unspecified,BRONX,,,,,,,,40.81519269048712,-73.89869641647094,"(40.81519269048712, -73.89869641647094)"
56721188,02/04/2023 04:43:47 AM,02/09/2023 06:32:55 AM,DSNY,Department of Sanitation,Dirty Condition,Dog Waste,Sidewalk,10453,2151 MORRIS AVENUE,MORRIS AVENUE,EAST  181 STREET,CAMERON PLACE,EAST  181 STREET,CAMERON PLACE,ADDRESS,BRONX,MORRIS AVENUE,,Closed,,The Department of Sanitation investigated this complaint and found no violation at the location.,02/09/2023 06:33:01 AM,05 BRONX,2031800020,BRONX,1010833,250814,PHONE,Unspecified,BRONX,,,,,,,,40.85506135781904,-73.90390616136632,"(40.85506135781904, -73.90390616136632)"
56707530,02/03/2023 11:39:40 PM,02/27/2023 11:25:06 AM,DSNY,Department of Sanitation,Dirty Condition,Dog Waste,Sidewalk,10030,236 WEST  139 STREET,WEST  139 STREET,ADAM CLAYTON POWELL JR BOULEVARD,PEDESTRIAN PATH,ADAM CLAYTON POWELL JR BOULEVARD,PEDESTRIAN PATH,ADDRESS,NEW YORK,WEST  139 STREET,,Closed,,The Department of Sanitation investigated this complaint and found no violation at the location.,02/27/2023 11:25:09 AM,10 MANHATTAN,1020240149,MANHATTAN,999925,237477,ONLINE,Unspecified,MANHATTAN,,,,,,,,40.81848126882619,-73.9433682144471,"(40.81848126882619, -73.9433682144471)"
56704617,02/03/2023 06:26:39 PM,02/27/2023 01:16:27 PM,DSNY,Department of Sanitation,Dirty Condition,Dog Waste,Sidewalk,10025,50 MANHATTAN AVENUE,MANHATTAN AVENUE,WEST  102 STREET,WEST  103 STREET,WEST  102 STREET,WEST  103 STREET,ADDRESS,NEW YORK,MANHATTAN AVENUE,,Closed,,The Department of Sanitation investigated this complaint and found no violation at the location.,02/27/2023 01:16:32 PM,07 MANHATTAN,1018380021,MANHATTAN,994403,229319,PHONE,Unspecified,MANHATTAN,,,,,,,,40.79609788727609,-73.96333083470218,"(40.79609788727609, -73.96333083470218)"
56701319,02/03/2023 05:18:30 PM,02/27/2023 11:25:04 AM,DSNY,Department of Sanitation,Dirty Condition,Dog Waste,Sidewalk,10030,236 WEST  139 STREET,WEST  139 STREET,ADAM CLAYTON POWELL JR BOULEVARD,PEDESTRIAN PATH,ADAM CLAYTON POWELL JR BOULEVARD,PEDESTRIAN PATH,ADDRESS,NEW YORK,WEST  139 STREET,,Closed,,The Department of Sanitation investigated this complaint and found no violation at the location.,02/27/2023 11:25:12 AM,10 MANHATTAN,1020240149,MANHATTAN,999925,237477,ONLINE,Unspecified,MANHATTAN,,,,,,,,40.81848126882619,-73.9433682144471,"(40.81848126882619, -73.9433682144471)"
56704734,02/03/2023 04:56:18 PM,02/08/2023 06:51:52 AM,DSNY,Department of Sanitation,Dirty Condition,Dog Waste,Sidewalk,11216,BEDFORD AVENUE,BEDFORD AVENUE,BEDFORD AVENUE,HERKIMER STREET,BEDFORD AVENUE,HERKIMER STREET,INTERSECTION,,,,Closed,,The Department of Sanitation investigated this complaint and found no violation at the location.,02/08/2023 06:51:57 AM,03 BROOKLYN,,BROOKLYN,997229,186961,PHONE,Unspecified,BROOKLYN,,,,,,,,40.67983200444963,-73.95320601298964,"(40.67983200444963, -73.95320601298964)"
56703409,02/03/2023 04:23:35 PM,02/08/2023 02:35:38 PM,DSNY,Department of Sanitation,Dirty Condition,Dog Waste,Sidewalk,11435,147-56 GRAND CENTRAL PARKWAY SR SOUTH,GRAND CENTRAL PARKWAY SR SOUTH,SMEDLEY STREET,GRAND CENTRAL PARKWAY ET   16 EB,SMEDLEY STREET,GRAND CENTRAL PARKWAY ET   16 EB,ADDRESS,JAMAICA,GRAND CENTRAL PARKWAY SR SOUTH,,Closed,,The Department of Sanitation investigated this complaint and found no violation at the location.,02/08/2023 02:35:46 PM,08 QUEENS,4066960013,QUEENS,1036382,200075,ONLINE,Unspecified,QUEENS,,,,,,,,40.715682800114315,-73.81194406131696,"(40.715682800114315, -73.81194406131696)"
56706147,02/03/2023 02:21:41 PM,02/07/2023 04:53:16 PM,DSNY,Department of Sanitation,Dirty Condition,Dog Waste,Sidewalk,11213,SCHENECTADY AVENUE,SCHENECTADY AVENUE,SCHENECTADY AVENUE,SAINT JOHNS PLACE,SCHENECTADY AVENUE,SAINT JOHNS PLACE,INTERSECTION,,,,Closed,,The Department of Sanitation investigated this complaint and found no violation at the location.,02/07/2023 04:53:23 PM,08 BROOKLYN,,BROOKLYN,1002635,183650,PHONE,Unspecified,BROOKLYN,,,,,,,,40.67073448048344,-73.93372446674998,"(40.67073448048344, -73.93372446674998)"
56701911,02/03/2023 09:39:58 AM,02/04/2023 01:45:05 PM,DSNY,Department of Sanitation,Dirty Condition,Dog Waste,Sidewalk,10466,680 EAST  224 STREET,EAST  224 STREET,CARPENTER AVENUE,WHITE PLAINS ROAD,CARPENTER AVENUE,WHITE PLAINS ROAD,ADDRESS,BRONX,EAST  224 STREET,,Closed,,The Department of Sanitation investigated this complaint and found no violation at the location.,02/04/2023 01:45:10 PM,12 BRONX,2048250080,BRONX,1022477,262602,PHONE,Unspecified,BRONX,,,,,,,,40.88737303025494,-73.86174753073152,"(40.88737303025494, -73.86174753073152)"
56692153,02/02/2023 02:15:29 PM,03/01/2023 01:10:12 AM,DSNY,Department of Sanitation,Dirty Condition,Dog Waste,Sidewalk,10032,461 WEST  164 STREET,WEST  164 STREET,EDGECOMBE AVENUE,AMSTERDAM AVENUE,EDGECOMBE AVENUE,AMSTERDAM AVENUE,ADDRESS,NEW YORK,WEST  164 STREET,,Closed,,The Department of Sanitation investigated this complaint and found no violation at the location.,03/01/2023 01:10:17 AM,12 MANHATTAN,1021110040,MANHATTAN,1001346,244217,PHONE,Unspecified,MANHATTAN,,,,,,,,40.83697800439131,-73.93821714869233,"(40.83697800439131, -73.93821714869233)"
56689717,02/02/2023 10:02:33 AM,02/06/2023 02:05:27 PM,DSNY,Department of Sanitation,Dirty Condition,Dog Waste,Sidewalk,11358,162-20 45 AVENUE,45 AVENUE,162 STREET,163 STREET,162 STREET,163 STREET,ADDRESS,FLUSHING,45 AVENUE,,Closed,,The Department of Sanitation investigated this complaint and no DSNY related conditions/violations were observed. Location will be referred to the appropriate agency for further action.,02/06/2023 02:05:27 PM,07 QUEENS,4054410045,QUEENS,1038480,214903,ONLINE,Unspecified,QUEENS,,,,,,,,40.75636928547875,-73.80425643776891,"(40.75636928547875, -73.80425643776891)"
56691968,02/02/2023 09:38:31 AM,02/28/2023 12:09:17 PM,DSNY,Department of Sanitation,Dirty Condition,Dog Waste,Sidewalk,10028,185 EAST   85 STREET,EAST   85 STREET,LEXINGTON AVENUE,3 AVENUE,LEXINGTON AVENUE,3 AVENUE,ADDRESS,NEW YORK,EAST   85 STREET,,Closed,,The Department of Sanitation investigated this complaint and found no violation at the location.,02/28/2023 12:09:21 PM,08 MANHATTAN,1015140039,MANHATTAN,996714,222859,ONLINE,Unspecified,MANHATTAN,,,,,,,,40.77836396065379,-73.95499628065888,"(40.77836396065379, -73.95499628065888)"
56692467,02/02/2023 09:08:54 AM,02/07/2023 01:57:50 PM,DSNY,Department of Sanitation,Dirty Condition,Dog Waste,Sidewalk,10467,3273 PARKSIDE PLACE,PARKSIDE PLACE,EAST  207 STREET,EAST  209 STREET,EAST  207 STREET,EAST  209 STREET,ADDRESS,BRONX,PARKSIDE PLACE,,Closed,,The Department of Sanitation investigated this complaint and found no violation at the location.,02/07/2023 01:57:55 PM,07 BRONX,2033550043,BRONX,1019271,258250,PHONE,Unspecified,BRONX,,,,,,,,40.875441463041874,-73.87336514604198,"(40.875441463041874, -73.87336514604198)"
56685521,02/01/2023 05:28:34 PM,02/27/2023 12:22:51 PM,DSNY,Department of Sanitation,Dirty Condition,Dog Waste,Sidewalk,10029,435 EAST  110 STREET,EAST  110 STREET,A NEW STREET,DEAD END,A NEW STREET,DEAD END,ADDRESS,NEW YORK,EAST  110 STREET,,Closed,,The Department of Sanitation investigated this complaint and found no violation at the location.,02/27/2023 12:22:56 PM,11 MANHATTAN,,MANHATTAN,1001670,227728,ONLINE,Unspecified,MANHATTAN,,,,,,,,40.791719685936236,-73.93708904878925,"(40.791719685936236, -73.93708904878925)"
56687943,02/01/2023 04:50:54 PM,02/16/2023 05:14:54 PM,DSNY,Department of Sanitation,Dirty Condition,Dog Waste,Sidewalk,11223,1624 WEST    7 STREET,WEST    7 STREET,AVENUE P,QUENTIN ROAD,AVENUE P,QUENTIN ROAD,ADDRESS,BROOKLYN,WEST    7 STREET,,Closed,,The Department of Sanitation investigated this complaint and found no violation at the location.,02/16/2023 05:15:01 PM,11 BROOKLYN,3066240016,BROOKLYN,989641,160533,PHONE,Unspecified,BROOKLYN,,,,,,,,40.60730071001672,-73.98058461336066,"(40.60730071001672, -73.98058461336066)"
56682889,02/01/2023 03:56:22 PM,02/02/2023 01:29:04 PM,DSNY,Department of Sanitation,Dirty Condition,Dog Waste,Sidewalk,10462,725 BRADY AVENUE,BRADY AVENUE,CRUGER AVENUE,HOLLAND AVENUE,CRUGER AVENUE,HOLLAND AVENUE,ADDRESS,BRONX,BRADY AVENUE,,Closed,,The Department of Sanitation investigated this complaint and found no violation at the location.,02/02/2023 01:29:09 PM,11 BRONX,2042880001,BRONX,1021150,249857,PHONE,Unspecified,BRONX,,,,,,,,40.85239758899501,-73.86661696202331,"(40.85239758899501, -73.86661696202331)"
56688078,02/01/2023 02:09:01 PM,02/07/2023 03:39:41 PM,DSNY,Department of Sanitation,Dirty Condition,Dog Waste,Sidewalk,11420,133-12 116 STREET,116 STREET,133 AVENUE,135 AVENUE,133 AVENUE,135 AVENUE,ADDRESS,SOUTH OZONE PARK,116 STREET,,Closed,,The Department of Sanitation investigated this complaint and found no violation at the location.,02/07/2023 03:39:47 PM,10 QUEENS,4117360044,QUEENS,1033298,184363,PHONE,Unspecified,QUEENS,,,,,,,,40.672574723282736,-73.82318335902906,"(40.672574723282736, -73.82318335902906)"
56685172,02/01/2023 12:03:04 PM,02/06/2023 12:58:29 PM,DSNY,Department of Sanitation,Dirty Condition,Dog Waste,Sidewalk,11208,702 EUCLID AVENUE,EUCLID AVENUE,DUMONT AVENUE,LINDEN BOULEVARD,DUMONT AVENUE,LINDEN BOULEVARD,ADDRESS,BROOKLYN,EUCLID AVENUE,,Closed,,The Department of Sanitation investigated this complaint and found no violation at the location.,02/06/2023 12:58:33 PM,05 BROOKLYN,3042920061,BROOKLYN,1020164,183283,ONLINE,Unspecified,BROOKLYN,,,,,,,,40.66967339287176,-73.87053672699453,"(40.66967339287176, -73.87053672699453)"
56687561,02/01/2023 10:43:24 AM,02/07/2023 01:28:55 PM,DSNY,Department of Sanitation,Dirty Condition,Dog Waste,Street,10458,265 EAST  201 STREET,EAST  201 STREET,VALENTINE AVENUE,BRIGGS AVENUE,VALENTINE AVENUE,BRIGGS AVENUE,ADDRESS,BRONX,EAST  201 STREET,,Closed,,The Department of Sanitation investigated this complaint and found no condition at the location.,02/07/2023 01:28:58 PM,07 BRONX,2033070037,BRONX,1016110,257017,ONLINE,Unspecified,BRONX,,,,,,,,40.87206923642272,-73.88480107389047,"(40.87206923642272, -73.88480107389047)"
56680825,02/01/2023 09:50:42 AM,02/09/2023 06:42:18 AM,DSNY,Department of Sanitation,Dirty Condition,Dog Waste,Sidewalk,10473,652 ST LAWRENCE AVENUE,ST LAWRENCE AVENUE,RANDALL AVENUE,SEWARD AVENUE,RANDALL AVENUE,SEWARD AVENUE,ADDRESS,BRONX,ST LAWRENCE AVENUE,,Closed,,The Department of Sanitation investigated this complaint and found no violation at the location.,02/09/2023 06:42:25 AM,09 BRONX,2035570033,BRONX,1021875,237322,PHONE,Unspecified,BRONX,,,,,,,,40.817989617531104,-73.86406660948376,"(40.817989617531104, -73.86406660948376)"
56674492,01/31/2023 12:53:11 PM,02/03/2023 04:34:52 PM,DSNY,Department of Sanitation,Dirty Condition,Dog Waste,Street,10032,671 WEST  162 STREET,WEST  162 STREET,FORT WASHINGTON AVENUE,RIVERSIDE DRIVE,FORT WASHINGTON AVENUE,RIVERSIDE DRIVE,ADDRESS,NEW YORK,WEST  162 STREET,,Closed,,The Department of Sanitation investigated this complaint and found no condition at the location.,02/03/2023 04:34:55 PM,12 MANHATTAN,1021360205,MANHATTAN,999461,244668,ONLINE,Unspecified,MANHATTAN,,,,,,,,40.838219316270994,-73.94502828323425,"(40.838219316270994, -73.94502828323425)"
56672772,01/31/2023 12:36:53 PM,02/25/2023 04:08:25 PM,DSNY,Department of Sanitation,Dirty Condition,Dog Waste,Sidewalk,10032,659 WEST  162 STREET,WEST  162 STREET,FORT WASHINGTON AVENUE,RIVERSIDE DRIVE,FORT WASHINGTON AVENUE,RIVERSIDE DRIVE,ADDRESS,NEW YORK,WEST  162 STREET,,Closed,,The Department of Sanitation investigated this complaint and found no condition at the location.,02/25/2023 04:08:30 PM,12 MANHATTAN,1021360200,MANHATTAN,999525,244632,ONLINE,Unspecified,MANHATTAN,,,,,,,,40.83812039627257,-73.944797072807,"(40.83812039627257, -73.944797072807)"
56674147,01/31/2023 11:08:18 AM,02/21/2023 04:08:03 PM,DSNY,Department of Sanitation,Dirty Condition,Dog Waste,Sidewalk,10011,10 AVENUE,10 AVENUE,10 AVENUE,WEST   21 STREET,10 AVENUE,WEST   21 STREET,INTERSECTION,,,,Closed,,The Department of Sanitation investigated this complaint and found no violation at the location.,02/21/2023 04:08:07 PM,04 MANHATTAN,,MANHATTAN,982835,211211,PHONE,Unspecified,MANHATTAN,,,,,,,,40.74640187237436,-74.00510668394942,"(40.74640187237436, -74.00510668394942)"
56672814,01/31/2023 09:12:34 AM,02/04/2023 09:28:37 AM,DSNY,Department of Sanitation,Dirty Condition,Dog Waste,Sidewalk,11210,581 EAST   28 STREET,EAST   28 STREET,FOSTER AVENUE,FARRAGUT ROAD,FOSTER AVENUE,FARRAGUT ROAD,ADDRESS,BROOKLYN,EAST   28 STREET,,Closed,,The Department of Sanitation investigated this complaint and found no violation at the location.,02/04/2023 09:28:43 AM,14 BROOKLYN,3052300011,BROOKLYN,998132,171285,PHONE,Unspecified,BROOKLYN,,,,,,,,40.6368034666926,-73.94998264337903,"(40.6368034666926, -73.94998264337903)"
56674619,01/31/2023 06:37:13 AM,02/25/2023 04:00:53 PM,DSNY,Department of Sanitation,Dirty Condition,Dog Waste,Sidewalk,10034,531 WEST  211 STREET,WEST  211 STREET,VERMILYEA AVENUE,BROADWAY,VERMILYEA AVENUE,BROADWAY,ADDRESS,NEW YORK,WEST  211 STREET,,Closed,,The Department of Sanitation investigated this complaint and found no condition at the location.,02/25/2023 04:00:59 PM,12 MANHATTAN,1022290046,MANHATTAN,1006753,255408,PHONE,Unspecified,MANHATTAN,,,,,,,,40.86768183976696,-73.91863935892466,"(40.86768183976696, -73.91863935892466)"
56668515,01/30/2023 10:50:34 PM,02/04/2023 09:37:37 AM,DSNY,Department of Sanitation,Dirty Condition,Dog Waste,Sidewalk,11233,820 HANCOCK STREET,HANCOCK STREET,RALPH AVENUE,HOWARD AVENUE,RALPH AVENUE,HOWARD AVENUE,ADDRESS,BROOKLYN,HANCOCK STREET,,Closed,,The Department of Sanitation investigated this complaint and found no violation at the location.,02/04/2023 09:37:43 AM,03 BROOKLYN,3014900001,BROOKLYN,1005735,189100,ONLINE,Unspecified,BROOKLYN,,,,,,,,40.68568651136749,-73.92253200071626,"(40.68568651136749, -73.92253200071626)"
56660017,01/30/2023 06:29:51 PM,01/31/2023 12:21:58 PM,DSNY,Department of Sanitation,Dirty Condition,Dog Waste,Sidewalk,10031,515 WEST  143 STREET,WEST  143 STREET,HAMILTON PLACE,BROADWAY,HAMILTON PLACE,BROADWAY,ADDRESS,NEW YORK,WEST  143 STREET,,Closed,,The Department of Sanitation investigated this complaint and found no violation at the location.,01/31/2023 12:22:07 PM,09 MANHATTAN,1020750017,MANHATTAN,998128,239667,ONLINE,Unspecified,MANHATTAN,,,,,,,,40.824495204866906,-73.94985601662572,"(40.824495204866906, -73.94985601662572)"
56661340,01/30/2023 06:28:55 PM,02/02/2023 02:09:31 PM,DSNY,Department of Sanitation,Dirty Condition,Dog Waste,Sidewalk,11369,100-02 32 AVENUE,32 AVENUE,100 STREET,101 STREET,100 STREET,101 STREET,ADDRESS,EAST ELMHURST,32 AVENUE,,Closed,,The Department of Sanitation investigated this complaint and issued a Notice of Violation.,02/02/2023 02:09:36 PM,03 QUEENS,4016950101,QUEENS,1020639,215899,PHONE,Unspecified,QUEENS,,,,,,,,40.75919447362238,-73.86864814038915,"(40.75919447362238, -73.86864814038915)"
56664378,01/30/2023 05:11:50 PM,01/31/2023 12:52:34 PM,DSNY,Department of Sanitation,Dirty Condition,Dog Waste,Street,10303,2740 RICHMOND TERRACE,RICHMOND TERRACE,SIMONSON AVENUE,MARINERS LANE,SIMONSON AVENUE,MARINERS LANE,ADDRESS,STATEN ISLAND,RICHMOND TERRACE,,Closed,,The Department of Sanitation investigated this complaint and found no violation at the location.,01/31/2023 12:52:39 PM,01 STATEN ISLAND,5011860065,STATEN ISLAND,942122,171365,PHONE,Unspecified,STATEN ISLAND,,,,,,,,40.63693374361639,-74.15178909763642,"(40.63693374361639, -74.15178909763642)"
56666858,01/30/2023 04:26:36 PM,02/01/2023 05:00:27 PM,DSNY,Department of Sanitation,Dirty Condition,Dog Waste,Sidewalk,10461,3431 BRUCKNER BOULEVARD,BRUCKNER BOULEVARD,MIDDLETOWN ROAD,ROBERTS AVENUE,MIDDLETOWN ROAD,ROBERTS AVENUE,ADDRESS,BRONX,BRUCKNER BOULEVARD,,Closed,,The Department of Sanitation investigated this complaint and found no violation at the location.,02/01/2023 05:00:32 PM,10 BRONX,2041740015,BRONX,1032322,247466,PHONE,Unspecified,BRONX,,,,,,,,40.845781253724155,-73.82625058614744,"(40.845781253724155, -73.82625058614744)"
56664591,01/30/2023 03:40:35 PM,02/04/2023 06:29:58 AM,DSNY,Department of Sanitation,Dirty Condition,Dog Waste,Sidewalk,10469,CHESTER STREET,CHESTER STREET,EASTCHESTER ROAD,MICKLE AVENUE,EASTCHESTER ROAD,MICKLE AVENUE,BLOCKFACE,,,,Closed,,The Department of Sanitation investigated this complaint and found no violation at the location.,02/04/2023 06:30:06 AM,Unspecified BRONX,,BRONX,,,PHONE,Unspecified,BRONX,,,,,,,,,,
56661235,01/30/2023 01:42:25 PM,02/07/2023 01:57:50 PM,DSNY,Department of Sanitation,Dirty Condition,Dog Waste,Sidewalk,10467,3273 PARKSIDE PLACE,PARKSIDE PLACE,EAST  207 STREET,EAST  209 STREET,EAST  207 STREET,EAST  209 STREET,ADDRESS,BRONX,PARKSIDE PLACE,,Closed,,The Department of Sanitation investigated this complaint and found no violation at the location.,02/07/2023 01:57:54 PM,07 BRONX,2033550043,BRONX,1019271,258250,PHONE,Unspecified,BRONX,,,,,,,,40.875441463041874,-73.87336514604198,"(40.875441463041874, -73.87336514604198)"
56667925,01/30/2023 01:32:52 PM,02/07/2023 01:57:48 PM,DSNY,Department of Sanitation,Dirty Condition,Dog Waste,Sidewalk,10467,3273 PARKSIDE PLACE,PARKSIDE PLACE,EAST  207 STREET,EAST  209 STREET,EAST  207 STREET,EAST  209 STREET,ADDRESS,BRONX,PARKSIDE PLACE,,Closed,,The Department of Sanitation investigated this complaint and found no violation at the location.,02/07/2023 01:57:54 PM,07 BRONX,2033550043,BRONX,1019271,258250,PHONE,Unspecified,BRONX,,,,,,,,40.875441463041874,-73.87336514604198,"(40.875441463041874, -73.87336514604198)"
56666305,01/30/2023 01:00:02 PM,02/10/2023 04:34:54 PM,DSNY,Department of Sanitation,Dirty Condition,Dog Waste,Sidewalk,11212,538 EAST   95 STREET,EAST   95 STREET,CHURCH AVENUE,LINDEN BOULEVARD,CHURCH AVENUE,LINDEN BOULEVARD,ADDRESS,BROOKLYN,EAST   95 STREET,,Closed,,The Department of Sanitation investigated this complaint and found no violation at the location.,02/10/2023 04:35:00 PM,17 BROOKLYN,3047150051,BROOKLYN,1007584,177824,ONLINE,Unspecified,BROOKLYN,,,,,,,,40.6547317454076,-73.91590413787077,"(40.6547317454076, -73.91590413787077)"
56666224,01/30/2023 12:38:30 PM,02/08/2023 02:16:52 PM,DSNY,Department of Sanitation,Dirty Condition,Dog Waste,Sidewalk,11219,43 STREET,43 STREET,43 STREET,FORT HAMILTON PARKWA,43 STREET,FORT HAMILTON PARKWA,INTERSECTION,,,,Closed,,The Department of Sanitation has noted this as a location of concern.,02/08/2023 02:16:57 PM,12 BROOKLYN,,BROOKLYN,986092,172900,PHONE,Unspecified,BROOKLYN,,,,,,,,40.64124698324161,-73.99336276463924,"(40.64124698324161, -73.99336276463924)"
56661097,01/30/2023 12:16:58 PM,02/07/2023 04:45:50 PM,DSNY,Department of Sanitation,Dirty Condition,Dog Waste,Sidewalk,11226,2138 CATON AVENUE,CATON AVENUE,FLATBUSH AVENUE,BEDFORD AVENUE,FLATBUSH AVENUE,BEDFORD AVENUE,ADDRESS,BROOKLYN,CATON AVENUE,,Closed,,The Department of Sanitation investigated this complaint and found no violation at the location.,02/07/2023 04:45:54 PM,14 BROOKLYN,3050830003,BROOKLYN,995635,177162,PHONE,Unspecified,BROOKLYN,,,,,,,,40.65293812469512,-73.95896950638667,"(40.65293812469512, -73.95896950638667)"
56666660,01/30/2023 10:42:48 AM,02/07/2023 04:46:25 PM,DSNY,Department of Sanitation,Dirty Condition,Dog Waste,Street,11226,822 FLATBUSH AVENUE,FLATBUSH AVENUE,CATON AVENUE,LINDEN BOULEVARD,CATON AVENUE,LINDEN BOULEVARD,ADDRESS,BROOKLYN,FLATBUSH AVENUE,,Closed,,The Department of Sanitation investigated this complaint and found no violation at the location.,02/07/2023 04:46:32 PM,14 BROOKLYN,3050827501,BROOKLYN,995553,177040,ONLINE,Unspecified,BROOKLYN,,,,,,,,40.65260336636767,-73.95926523126738,"(40.65260336636767, -73.95926523126738)"
56663548,01/30/2023 09:42:25 AM,02/07/2023 04:47:08 PM,DSNY,Department of Sanitation,Dirty Condition,Dog Waste,Sidewalk,11226,830 FLATBUSH AVENUE,FLATBUSH AVENUE,CATON AVENUE,LINDEN BOULEVARD,CATON AVENUE,LINDEN BOULEVARD,ADDRESS,BROOKLYN,FLATBUSH AVENUE,,Closed,,The Department of Sanitation investigated this complaint and issued a Notice of Violation.,02/07/2023 04:47:12 PM,14 BROOKLYN,3050820018,BROOKLYN,995570,176940,ONLINE,Unspecified,BROOKLYN,,,,,,,,40.65232886647002,-73.95920413298683,"(40.65232886647002, -73.95920413298683)"
56667708,01/30/2023 09:03:48 AM,02/01/2023 01:39:28 PM,DSNY,Department of Sanitation,Dirty Condition,Dog Waste,Sidewalk,10304,23 JACKSON STREET,JACKSON STREET,TAXTER PLACE,BEACH STREET,TAXTER PLACE,BEACH STREET,ADDRESS,STATEN ISLAND,JACKSON STREET,,Closed,,The Department of Sanitation investigated this complaint and found no violation at the location.,02/01/2023 01:39:31 PM,01 STATEN ISLAND,5005150079,STATEN ISLAND,962119,169028,ONLINE,Unspecified,STATEN ISLAND,,,,,,,,40.63059171369366,-74.07973139185606,"(40.63059171369366, -74.07973139185606)"
56661929,01/30/2023 08:49:21 AM,01/31/2023 12:46:41 PM,DSNY,Department of Sanitation,Dirty Condition,Dog Waste,Sidewalk,10303,136 GRANDVIEW AVENUE,GRANDVIEW AVENUE,CHRISTOPHER STREET,ARLINGTON PLACE,CHRISTOPHER STREET,ARLINGTON PLACE,ADDRESS,STATEN ISLAND,GRANDVIEW AVENUE,,Closed,,The Department of Sanitation investigated this complaint and found no violation at the location.,01/31/2023 12:46:48 PM,01 STATEN ISLAND,5012540163,STATEN ISLAND,938432,171113,PHONE,Unspecified,STATEN ISLAND,,,,,,,,40.63622373959058,-74.16508259391931,"(40.63622373959058, -74.16508259391931)"
56664800,01/30/2023 08:46:20 AM,01/31/2023 12:43:57 PM,DSNY,Department of Sanitation,Dirty Condition,Dog Waste,Sidewalk,10303,134 GRANDVIEW AVENUE,GRANDVIEW AVENUE,CHRISTOPHER STREET,ARLINGTON PLACE,CHRISTOPHER STREET,ARLINGTON PLACE,ADDRESS,STATEN ISLAND,GRANDVIEW AVENUE,,Closed,,The Department of Sanitation investigated this complaint and found no violation at the location.,01/31/2023 12:44:03 PM,01 STATEN ISLAND,5012540161,STATEN ISLAND,938432,171125,PHONE,Unspecified,STATEN ISLAND,,,,,,,,40.63625667697713,-74.16508267540043,"(40.63625667697713, -74.16508267540043)"
56665842,01/30/2023 06:47:01 AM,02/03/2023 10:24:25 AM,DSNY,Department of Sanitation,Dirty Condition,Dog Waste,Sidewalk,10453,2151 MORRIS AVENUE,MORRIS AVENUE,EAST  181 STREET,CAMERON PLACE,EAST  181 STREET,CAMERON PLACE,ADDRESS,BRONX,MORRIS AVENUE,,Closed,,The Department of Sanitation investigated this complaint and found no violation at the location.,02/03/2023 10:24:31 AM,05 BRONX,2031800020,BRONX,1010833,250814,PHONE,Unspecified,BRONX,,,,,,,,40.85506135781904,-73.90390616136632,"(40.85506135781904, -73.90390616136632)"
56655707,01/30/2023 12:25:55 AM,02/10/2023 04:40:53 PM,DSNY,Department of Sanitation,Dirty Condition,Dog Waste,Sidewalk,11226,330 EAST   32 STREET,EAST   32 STREET,CLARENDON ROAD,AVENUE D,CLARENDON ROAD,AVENUE D,ADDRESS,BROOKLYN,EAST   32 STREET,,Closed,,The Department of Sanitation investigated this complaint and found no violation at the location.,02/10/2023 04:41:00 PM,17 BROOKLYN,3049480018,BROOKLYN,999020,173370,ONLINE,Unspecified,BROOKLYN,,,,,,,,40.64252490833231,-73.94677858321539,"(40.64252490833231, -73.94677858321539)"
56653376,01/29/2023 09:51:19 PM,02/06/2023 03:15:40 PM,DSNY,Department of Sanitation,Dirty Condition,Dog Waste,Sidewalk,11231,461 HENRY STREET,HENRY STREET,KANE STREET,DEGRAW STREET,KANE STREET,DEGRAW STREET,ADDRESS,BROOKLYN,HENRY STREET,,Closed,,The Department of Sanitation investigated this complaint and found no violation at the location.,02/06/2023 03:15:45 PM,06 BROOKLYN,3003230017,BROOKLYN,984634,189124,ONLINE,Unspecified,BROOKLYN,,,,,,,,40.685778453700784,-73.99861541778614,"(40.685778453700784, -73.99861541778614)"
56657306,01/29/2023 10:59:04 AM,02/01/2023 08:11:03 AM,DSNY,Department of Sanitation,Dirty Condition,Dog Waste,Sidewalk,10453,1506 UNDERCLIFF AVENUE,UNDERCLIFF AVENUE,WEST  174 STREET,WEST  175 STREET,WEST  174 STREET,WEST  175 STREET,ADDRESS,BRONX,UNDERCLIFF AVENUE,,Closed,,The Department of Sanitation investigated this complaint and found no violation at the location.,02/01/2023 08:11:11 AM,05 BRONX,,BRONX,1005580,248212,ONLINE,Unspecified,BRONX,,,,,,,,40.847933896009174,-73.92290329130357,"(40.847933896009174, -73.92290329130357)"
56654839,01/29/2023 10:30:18 AM,02/08/2023 07:05:51 AM,DSNY,Department of Sanitation,Dirty Condition,Dog Waste,Sidewalk,11207,334 ASHFORD STREET,ASHFORD STREET,GLENMORE AVENUE,PITKIN AVENUE,GLENMORE AVENUE,PITKIN AVENUE,ADDRESS,BROOKLYN,ASHFORD STREET,,Closed,,The Department of Sanitation investigated this complaint and found no violation at the location.,02/08/2023 07:05:59 AM,05 BROOKLYN,3039990022,BROOKLYN,1016090,184923,ONLINE,Unspecified,BROOKLYN,,,,,,,,40.67419041070422,-73.88521497263665,"(40.67419041070422, -73.88521497263665)"
56658206,01/29/2023 10:16:50 AM,02/27/2023 08:13:27 AM,DSNY,Department of Sanitation,Dirty Condition,Dog Waste,Sidewalk,10031,1619 AMSTERDAM AVENUE,AMSTERDAM AVENUE,WEST  140 STREET,WEST  141 STREET,WEST  140 STREET,WEST  141 STREET,ADDRESS,NEW YORK,AMSTERDAM AVENUE,,Closed,,The Department of Sanitation investigated this complaint and found no violation at the location.,02/27/2023 08:13:32 AM,09 MANHATTAN,1020570029,MANHATTAN,998132,238816,PHONE,Unspecified,MANHATTAN,,,,,,,,40.82215944517286,-73.94984332442716,"(40.82215944517286, -73.94984332442716)"
56656682,01/29/2023 10:03:44 AM,02/27/2023 08:12:00 AM,DSNY,Department of Sanitation,Dirty Condition,Dog Waste,Sidewalk,10023,16 AMSTERDAM AVENUE,AMSTERDAM AVENUE,10 AVENUE,WEST   60 STREET,10 AVENUE,WEST   60 STREET,ADDRESS,NEW YORK,AMSTERDAM AVENUE,,Closed,,The Department of Sanitation investigated this complaint and found no violation at the location.,02/27/2023 08:12:04 AM,07 MANHATTAN,1011517501,MANHATTAN,987777,220139,PHONE,Unspecified,MANHATTAN,,,,,,,,40.770906358359724,-73.98726650056838,"(40.770906358359724, -73.98726650056838)"
56648207,01/28/2023 11:33:01 AM,02/03/2023 03:53:13 PM,DSNY,Department of Sanitation,Dirty Condition,Dog Waste,Street,11356,18-32 130 STREET,130 STREET,18 AVENUE,20 AVENUE,18 AVENUE,20 AVENUE,ADDRESS,COLLEGE POINT,130 STREET,,Closed,,The Department of Sanitation investigated this complaint and found no violation at the location.,02/03/2023 03:53:17 PM,07 QUEENS,4041350040,QUEENS,1028935,224573,PHONE,Unspecified,QUEENS,,,,,,,,40.78296426465788,-73.83864480203508,"(40.78296426465788, -73.83864480203508)"
56644882,01/28/2023 08:16:18 AM,02/02/2023 03:53:04 PM,DSNY,Department of Sanitation,Dirty Condition,Dog Waste,Sidewalk,11374,65 AVENUE,65 AVENUE,65 AVENUE,98 STREET,65 AVENUE,98 STREET,INTERSECTION,,,,Closed,,The Department of Sanitation investigated this complaint and found no violation at the location.,02/02/2023 03:53:09 PM,06 QUEENS,,QUEENS,1023655,204893,ONLINE,Unspecified,QUEENS,,,,,,,,40.72897286783365,-73.85782590908559,"(40.72897286783365, -73.85782590908559)"
56647398,01/28/2023 08:05:37 AM,02/02/2023 03:53:02 PM,DSNY,Department of Sanitation,Dirty Condition,Dog Waste,Sidewalk,11374,65 AVENUE,65 AVENUE,65 AVENUE,98 STREET,65 AVENUE,98 STREET,INTERSECTION,,,,Closed,,The Department of Sanitation investigated this complaint and found no violation at the location.,02/02/2023 03:53:09 PM,06 QUEENS,,QUEENS,1023655,204893,ONLINE,Unspecified,QUEENS,,,,,,,,40.72897286783365,-73.85782590908559,"(40.72897286783365, -73.85782590908559)"
56640416,01/27/2023 11:26:57 AM,02/04/2023 02:32:07 PM,DSNY,Department of Sanitation,Dirty Condition,Dog Waste,Sidewalk,11432,175-40 89 AVENUE,89 AVENUE,175 STREET,178 STREET,175 STREET,178 STREET,ADDRESS,JAMAICA,89 AVENUE,,Closed,,The Department of Sanitation investigated this complaint and found no violation at the location.,02/04/2023 02:32:12 PM,12 QUEENS,4098320025,QUEENS,1043401,198188,PHONE,Unspecified,QUEENS,,,,,,,,40.710459306356356,-73.78664107285371,"(40.710459306356356, -73.78664107285371)"
56640298,01/27/2023 10:53:36 AM,01/28/2023 12:56:08 PM,DSNY,Department of Sanitation,Dirty Condition,Dog Waste,Sidewalk,10453,1523 UNDERCLIFF AVENUE,UNDERCLIFF AVENUE,CROSS BRONX EXPWY ET    1 C-D WB,WEST  174 STREET,CROSS BRONX EXPWY ET    1 C-D WB,WEST  174 STREET,ADDRESS,BRONX,UNDERCLIFF AVENUE,,Closed,,The Department of Sanitation investigated this complaint and found no condition at the location.,01/28/2023 12:56:12 PM,05 BRONX,2028800058,BRONX,1005313,247604,UNKNOWN,Unspecified,BRONX,,,,,,,,40.846265756644215,-73.92387026500839,"(40.846265756644215, -73.92387026500839)"
56638821,01/27/2023 10:34:48 AM,01/29/2023 11:02:55 AM,DSNY,Department of Sanitation,Dirty Condition,Dog Waste,Sidewalk,10453,1510 UNDERCLIFF AVENUE,UNDERCLIFF AVENUE,WEST  174 STREET,WEST  175 STREET,WEST  174 STREET,WEST  175 STREET,ADDRESS,BRONX,UNDERCLIFF AVENUE,,Closed,,The Department of Sanitation investigated this complaint and found no violation at the location.,01/29/2023 11:02:59 AM,05 BRONX,,BRONX,1005585,248220,ONLINE,Unspecified,BRONX,,,,,,,,40.84795584156167,-73.92288519349249,"(40.84795584156167, -73.92288519349249)"
56637529,01/27/2023 08:40:49 AM,02/06/2023 03:08:27 PM,DSNY,Department of Sanitation,Dirty Condition,Dog Waste,Sidewalk,11237,327 CORNELIA STREET,CORNELIA STREET,KNICKERBOCKER AVENUE,IRVING AVENUE,KNICKERBOCKER AVENUE,IRVING AVENUE,ADDRESS,BROOKLYN,CORNELIA STREET,,Closed,,The Department of Sanitation investigated this complaint and found no violation at the location.,02/06/2023 03:08:35 PM,04 BROOKLYN,3033780052,BROOKLYN,1009132,192697,PHONE,Unspecified,BROOKLYN,,,,,,,,40.69555054472699,-73.91027023399066,"(40.69555054472699, -73.91027023399066)"
56635949,01/27/2023 08:19:23 AM,01/31/2023 12:55:58 PM,DSNY,Department of Sanitation,Dirty Condition,Dog Waste,Sidewalk,10310,1 RECTOR STREET,RECTOR STREET,RICHMOND TERRACE,CASTLETON AVENUE,RICHMOND TERRACE,CASTLETON AVENUE,ADDRESS,STATEN ISLAND,RECTOR STREET,,Closed,,The Department of Sanitation investigated this complaint and found no violation at the location.,01/31/2023 12:56:03 PM,01 STATEN ISLAND,5002050001,STATEN ISLAND,948768,171434,ONLINE,Unspecified,STATEN ISLAND,,,,,,,,40.63715224998723,-74.12784365776703,"(40.63715224998723, -74.12784365776703)"
56637028,01/27/2023 05:59:33 AM,02/09/2023 01:36:32 PM,DSNY,Department of Sanitation,Dirty Condition,Dog Waste,Sidewalk,11212,37 ROCKAWAY PARKWAY,ROCKAWAY PARKWAY,BUFFALO AVENUE,RUTLAND ROAD,BUFFALO AVENUE,RUTLAND ROAD,ADDRESS,BROOKLYN,ROCKAWAY PARKWAY,,Closed,,The Department of Sanitation investigated this complaint and found no violation at the location.,02/09/2023 01:36:37 PM,17 BROOKLYN,,BROOKLYN,1005155,181634,ONLINE,Unspecified,BROOKLYN,,,,,,,,40.66519541984272,-73.92464645042605,"(40.66519541984272, -73.92464645042605)"
56630727,01/26/2023 08:16:46 PM,02/07/2023 04:50:54 PM,DSNY,Department of Sanitation,Dirty Condition,Dog Waste,Sidewalk,11226,49 EAST   19 STREET,EAST   19 STREET,TENNIS COURT,ALBEMARLE ROAD,TENNIS COURT,ALBEMARLE ROAD,ADDRESS,BROOKLYN,EAST   19 STREET,,Closed,,The Department of Sanitation investigated this complaint and found no violation at the location.,02/07/2023 04:50:57 PM,14 BROOKLYN,3051000051,BROOKLYN,994827,175473,ONLINE,Unspecified,BROOKLYN,,,,,,,,40.64830318910063,-73.96188411235836,"(40.64830318910063, -73.96188411235836)"
56628330,01/26/2023 05:17:26 PM,02/08/2023 07:07:41 AM,DSNY,Department of Sanitation,Dirty Condition,Dog Waste,Sidewalk,11207,701 ALABAMA AVENUE,ALABAMA AVENUE,NEW LOTS AVENUE,HEGEMAN AVENUE,NEW LOTS AVENUE,HEGEMAN AVENUE,ADDRESS,BROOKLYN,ALABAMA AVENUE,,Closed,,The Department of Sanitation investigated this complaint and found no violation at the location.,02/08/2023 07:07:49 AM,05 BROOKLYN,3042960101,BROOKLYN,1013564,179469,ONLINE,Unspecified,BROOKLYN,,,,,,,,40.65922912949893,-73.8943450535822,"(40.65922912949893, -73.8943450535822)"
56628603,01/26/2023 05:12:09 PM,01/28/2023 01:07:40 PM,DSNY,Department of Sanitation,Dirty Condition,Dog Waste,Sidewalk,10457,214 ECHO PLACE,ECHO PLACE,GRAND CONCOURSE,ANTHONY AVENUE,GRAND CONCOURSE,ANTHONY AVENUE,ADDRESS,BRONX,ECHO PLACE,,Closed,,The Department of Sanitation investigated this complaint and found no violation at the location.,01/28/2023 01:07:45 PM,05 BRONX,2028090012,BRONX,1010579,248881,ONLINE,Unspecified,BRONX,,,,,,,,40.84975661122761,-73.90483192666557,"(40.84975661122761, -73.90483192666557)"
56630022,01/26/2023 03:39:34 PM,01/28/2023 10:05:44 AM,DSNY,Department of Sanitation,Dirty Condition,Dog Waste,Sidewalk,10453,1500 UNDERCLIFF AVENUE,UNDERCLIFF AVENUE,WEST  174 STREET,WEST  175 STREET,WEST  174 STREET,WEST  175 STREET,ADDRESS,BRONX,UNDERCLIFF AVENUE,,Closed,,The Department of Sanitation investigated this complaint and no DSNY related conditions/violations were observed. Location will be referred to the appropriate agency for further action.,01/28/2023 10:05:44 AM,05 BRONX,,BRONX,1005572,248199,ONLINE,Unspecified,BRONX,,,,,,,,40.84789823417836,-73.92293224841252,"(40.84789823417836, -73.92293224841252)"
56633805,01/26/2023 02:55:35 PM,01/31/2023 10:51:47 AM,DSNY,Department of Sanitation,Dirty Condition,Dog Waste,Street,10460,TAYLOR AVENUE,TAYLOR AVENUE,TAYLOR AVENUE,VAN NEST AVENUE,TAYLOR AVENUE,VAN NEST AVENUE,INTERSECTION,,,,Closed,,The Department of Sanitation investigated this complaint and found no violation at the location.,01/31/2023 10:51:54 AM,11 BRONX,,BRONX,1020580,246088,PHONE,Unspecified,BRONX,,,,,,,,40.84205516962112,-73.86869776852863,"(40.84205516962112, -73.86869776852863)"
56628442,01/26/2023 10:30:49 AM,01/28/2023 09:00:15 AM,DSNY,Department of Sanitation,Dirty Condition,Dog Waste,Sidewalk,10453,1508 UNDERCLIFF AVENUE,UNDERCLIFF AVENUE,WEST  174 STREET,WEST  175 STREET,WEST  174 STREET,WEST  175 STREET,ADDRESS,BRONX,UNDERCLIFF AVENUE,,Closed,,The Department of Sanitation investigated this complaint and found no violation at the location.,01/28/2023 09:00:19 AM,05 BRONX,,BRONX,1005582,248216,ONLINE,Unspecified,BRONX,,,,,,,,40.847944869993775,-73.92289604963537,"(40.847944869993775, -73.92289604963537)"
56628581,01/26/2023 08:36:22 AM,02/07/2023 06:18:52 AM,DSNY,Department of Sanitation,Dirty Condition,Dog Waste,Sidewalk,11213,1620 FULTON STREET,FULTON STREET,MARCUS GARVEY BOULEVARD,LEWIS AVENUE,MARCUS GARVEY BOULEVARD,LEWIS AVENUE,ADDRESS,BROOKLYN,FULTON STREET,,Closed,,The Department of Sanitation investigated this complaint and found no violation at the location.,02/07/2023 06:18:55 AM,03 BROOKLYN,3016990033,BROOKLYN,1001988,186897,PHONE,Unspecified,BROOKLYN,,,,,,,,40.67964808187085,-73.93604827131028,"(40.67964808187085, -73.93604827131028)"
56632234,01/26/2023 08:22:45 AM,02/04/2023 09:32:32 AM,DSNY,Department of Sanitation,Dirty Condition,Dog Waste,Sidewalk,11213,1 TROY AVENUE,TROY AVENUE,FULTON STREET,HERKIMER STREET,FULTON STREET,HERKIMER STREET,ADDRESS,BROOKLYN,TROY AVENUE,,Closed,,The Department of Sanitation investigated this complaint and found no violation at the location.,02/04/2023 09:32:38 AM,03 BROOKLYN,3017000017,BROOKLYN,1002286,186836,PHONE,Unspecified,BROOKLYN,,,,,,,,40.67948004857486,-73.93497404014893,"(40.67948004857486, -73.93497404014893)"
56633180,01/26/2023 08:21:59 AM,01/30/2023 01:41:37 PM,DSNY,Department of Sanitation,Dirty Condition,Dog Waste,Street,10467,681 MAGENTA STREET,MAGENTA STREET,OLINVILLE AVENUE,WHITE PLAINS ROAD,OLINVILLE AVENUE,WHITE PLAINS ROAD,ADDRESS,BRONX,MAGENTA STREET,,Closed,,The Department of Sanitation investigated this complaint and issued a Notice of Violation.,01/30/2023 01:41:42 PM,12 BRONX,2046280001,BRONX,1020824,258197,PHONE,Unspecified,BRONX,,,,,,,,40.875289695830844,-73.86774984371544,"(40.875289695830844, -73.86774984371544)"
56621229,01/25/2023 11:26:30 PM,02/01/2023 08:08:50 AM,DSNY,Department of Sanitation,Dirty Condition,Dog Waste,Sidewalk,10459,HOE AVENUE,HOE AVENUE,HOE AVENUE,JENNINGS STREET,HOE AVENUE,JENNINGS STREET,INTERSECTION,,,,Closed,,The Department of Sanitation investigated this complaint and found no violation at the location.,02/01/2023 08:08:56 AM,03 BRONX,,BRONX,1014748,242449,ONLINE,Unspecified,BRONX,,,,,,,,40.83208924481255,-73.88979203964699,"(40.83208924481255, -73.88979203964699)"
56664781,01/25/2023 06:44:40 PM,01/31/2023 02:07:30 PM,DSNY,Department of Sanitation,Dirty Condition,Dog Waste,Sidewalk,10465,1002 BALCOM AVENUE,BALCOM AVENUE,BARKLEY AVENUE,BRUCKNER BOULEVARD,BARKLEY AVENUE,BRUCKNER BOULEVARD,ADDRESS,BRONX,BALCOM AVENUE,,Closed,,The Department of Sanitation investigated this complaint and found no violation at the location.,01/31/2023 02:07:36 PM,10 BRONX,2055370134,BRONX,1030640,241156,ONLINE,Unspecified,BRONX,,,,,,,,40.82847116098644,-73.8323735638035,"(40.82847116098644, -73.8323735638035)"
56618835,01/25/2023 05:47:32 PM,01/31/2023 02:03:05 PM,DSNY,Department of Sanitation,Dirty Condition,Dog Waste,Sidewalk,10473,2040 BRUCKNER BOULEVARD,BRUCKNER BOULEVARD,PUGSLEY AVENUE,OLMSTEAD AVENUE,PUGSLEY AVENUE,OLMSTEAD AVENUE,ADDRESS,BRONX,BRUCKNER BOULEVARD,,Closed,,The Department of Sanitation investigated this complaint and found no violation at the location.,01/31/2023 02:03:09 PM,09 BRONX,2036820001,BRONX,1024397,240317,ONLINE,Unspecified,BRONX,,,,,,,,40.8261989321845,-73.85493710507038,"(40.8261989321845, -73.85493710507038)"
56660624,01/25/2023 05:11:59 PM,02/11/2023 01:37:47 PM,DSNY,Department of Sanitation,Dirty Condition,Dog Waste,Street,10027,75 WEST  126 STREET,WEST  126 STREET,5 AVENUE,LENOX AVENUE,5 AVENUE,LENOX AVENUE,ADDRESS,NEW YORK,WEST  126 STREET,,Closed,,The Department of Sanitation investigated this complaint and found no violation at the location.,02/11/2023 01:37:49 PM,10 MANHATTAN,1017240006,MANHATTAN,999781,233657,PHONE,Unspecified,MANHATTAN,,,,,,,,40.807996690714,-73.94389730715424,"(40.807996690714, -73.94389730715424)"
56623287,01/25/2023 12:56:27 PM,01/26/2023 01:41:13 PM,DSNY,Department of Sanitation,Dirty Condition,Dog Waste,Sidewalk,10312,36 CORTELYOU AVENUE,CORTELYOU AVENUE,ARTHUR KILL ROAD,EAST BRANDIS AVENUE,ARTHUR KILL ROAD,EAST BRANDIS AVENUE,ADDRESS,STATEN ISLAND,CORTELYOU AVENUE,,Closed,,The Department of Sanitation investigated this complaint and found no violation at the location.,01/26/2023 01:41:19 PM,03 STATEN ISLAND,5054940073,STATEN ISLAND,938465,143105,ONLINE,Unspecified,STATEN ISLAND,,,,,,,,40.55934775061244,-74.1647738737534,"(40.55934775061244, -74.1647738737534)"
56611517,01/24/2023 03:54:11 PM,02/27/2023 08:25:36 AM,DSNY,Department of Sanitation,Dirty Condition,Dog Waste,Sidewalk,10026,247 WEST  113 STREET,WEST  113 STREET,ADAM CLAYTON POWELL JR BOULEVARD,FREDERICK DOUGLASS BOULEVARD,ADAM CLAYTON POWELL JR BOULEVARD,FREDERICK DOUGLASS BOULEVARD,ADDRESS,NEW YORK,WEST  113 STREET,,Closed,,The Department of Sanitation investigated this complaint and found no condition at the location.,02/27/2023 08:25:43 AM,10 MANHATTAN,1018290015,MANHATTAN,996709,231378,ONLINE,Unspecified,MANHATTAN,,,,,,,,40.801746329855895,-73.95499853199931,"(40.801746329855895, -73.95499853199931)"
56610478,01/24/2023 03:08:54 PM,02/27/2023 08:26:49 AM,DSNY,Department of Sanitation,Dirty Condition,Dog Waste,Sidewalk,10026,259 WEST  113 STREET,WEST  113 STREET,ADAM CLAYTON POWELL JR BOULEVARD,FREDERICK DOUGLASS BOULEVARD,ADAM CLAYTON POWELL JR BOULEVARD,FREDERICK DOUGLASS BOULEVARD,ADDRESS,NEW YORK,WEST  113 STREET,,Closed,,The Department of Sanitation investigated this complaint and found no violation at the location.,02/27/2023 08:26:54 AM,10 MANHATTAN,1018290012,MANHATTAN,996652,231410,PHONE,Unspecified,MANHATTAN,,,,,,,,40.80183424127083,-73.95520435484333,"(40.80183424127083, -73.95520435484333)"
56616673,01/24/2023 11:06:25 AM,01/27/2023 04:43:24 PM,DSNY,Department of Sanitation,Dirty Condition,Dog Waste,Sidewalk,11226,34 TENNIS COURT,TENNIS COURT,EAST   19 STREET,OCEAN AVENUE,EAST   19 STREET,OCEAN AVENUE,ADDRESS,BROOKLYN,TENNIS COURT,,Closed,,The Department of Sanitation investigated this complaint and found no violation at the location.,01/27/2023 04:43:31 PM,14 BROOKLYN,3051000051,BROOKLYN,994915,175561,ONLINE,Unspecified,BROOKLYN,,,,,,,,40.64854462447686,-73.96156685138332,"(40.64854462447686, -73.96156685138332)"
56612667,01/24/2023 10:27:01 AM,01/25/2023 03:12:21 PM,DSNY,Department of Sanitation,Dirty Condition,Dog Waste,Sidewalk,10473,2040 BRUCKNER BOULEVARD,BRUCKNER BOULEVARD,PUGSLEY AVENUE,OLMSTEAD AVENUE,PUGSLEY AVENUE,OLMSTEAD AVENUE,ADDRESS,BRONX,BRUCKNER BOULEVARD,,Closed,,The Department of Sanitation investigated this complaint and found no violation at the location.,01/25/2023 03:12:25 PM,09 BRONX,2036820001,BRONX,1024397,240317,ONLINE,Unspecified,BRONX,,,,,,,,40.8261989321845,-73.85493710507038,"(40.8261989321845, -73.85493710507038)"
56599149,01/23/2023 09:27:05 PM,01/28/2023 05:00:16 PM,DSNY,Department of Sanitation,Dirty Condition,Dog Waste,Sidewalk,11208,47 NICHOLS AVENUE,NICHOLS AVENUE,JAMAICA AVENUE,ETNA STREET,JAMAICA AVENUE,ETNA STREET,ADDRESS,BROOKLYN,NICHOLS AVENUE,,Closed,,The Department of Sanitation investigated this complaint and found no violation at the location.,01/28/2023 05:00:22 PM,05 BROOKLYN,3041110029,BROOKLYN,1020350,190507,PHONE,Unspecified,BROOKLYN,,,,,,,,40.689500857033,-73.86982753462202,"(40.689500857033, -73.86982753462202)"
56598875,01/23/2023 05:11:27 PM,01/27/2023 01:16:19 PM,DSNY,Department of Sanitation,Dirty Condition,Dog Waste,Sidewalk,11217,78 ROCKWELL PLACE,ROCKWELL PLACE,FULTON STREET,LAFAYETTE AVENUE,FULTON STREET,LAFAYETTE AVENUE,ADDRESS,BROOKLYN,ROCKWELL PLACE,,Closed,,The Department of Sanitation investigated this complaint and found no violation at the location.,01/27/2023 01:16:24 PM,02 BROOKLYN,3021060009,BROOKLYN,990015,189822,ONLINE,Unspecified,BROOKLYN,,,,,,,,40.68769243461785,-73.97921264152193,"(40.68769243461785, -73.97921264152193)"
56599388,01/23/2023 05:00:03 PM,01/28/2023 04:17:40 PM,DSNY,Department of Sanitation,Dirty Condition,Dog Waste,Sidewalk,10031,561 WEST  143 STREET,WEST  143 STREET,HAMILTON PLACE,BROADWAY,HAMILTON PLACE,BROADWAY,ADDRESS,NEW YORK,WEST  143 STREET,,Closed,,The Department of Sanitation investigated this complaint and found no violation at the location.,01/28/2023 04:17:42 PM,09 MANHATTAN,1020750001,MANHATTAN,997913,239786,ONLINE,Unspecified,MANHATTAN,,,,,,,,40.82482216120032,-73.95063261204383,"(40.82482216120032, -73.95063261204383)"
56604434,01/23/2023 04:31:03 PM,01/25/2023 04:17:47 PM,DSNY,Department of Sanitation,Dirty Condition,Dog Waste,Sidewalk,11355,140-30 BEECH AVENUE,BEECH AVENUE,KISSENA BOULEVARD,BOWNE STREET,KISSENA BOULEVARD,BOWNE STREET,ADDRESS,FLUSHING,BEECH AVENUE,,Closed,,The Department of Sanitation investigated this complaint and found no violation at the location.,01/25/2023 04:17:53 PM,07 QUEENS,4051860019,QUEENS,1033293,214260,ONLINE,Unspecified,QUEENS,,,,,,,,40.754634710034374,-73.82298358677575,"(40.754634710034374, -73.82298358677575)"
56606832,01/23/2023 04:12:18 PM,01/28/2023 03:26:51 PM,DSNY,Department of Sanitation,Dirty Condition,Dog Waste,Sidewalk,11369,100 STREET,100 STREET,100 STREET,NORTHERN BOULEVARD,100 STREET,NORTHERN BOULEVARD,INTERSECTION,,,,Closed,,The Department of Sanitation investigated this complaint and found no violation at the location.,01/28/2023 03:26:56 PM,03 QUEENS,,QUEENS,1020686,215222,PHONE,Unspecified,QUEENS,,,,,,,,40.757336090196034,-73.86848215570784,"(40.757336090196034, -73.86848215570784)"
56601160,01/23/2023 09:29:08 AM,01/30/2023 01:59:02 PM,DSNY,Department of Sanitation,Dirty Condition,Dog Waste,Sidewalk,10466,4231 CARPENTER AVENUE,CARPENTER AVENUE,EAST  234 STREET,EAST  235 STREET,EAST  234 STREET,EAST  235 STREET,ADDRESS,BRONX,CARPENTER AVENUE,,Closed,,The Department of Sanitation investigated this complaint and found no violation at the location.,01/30/2023 01:59:08 PM,12 BRONX,2049930083,BRONX,1023038,265507,ONLINE,Unspecified,BRONX,,,,,,,,40.89534387807982,-73.85970178415066,"(40.89534387807982, -73.85970178415066)"
56605811,01/23/2023 09:20:34 AM,01/30/2023 01:59:00 PM,DSNY,Department of Sanitation,Dirty Condition,Dog Waste,Sidewalk,10466,4231 CARPENTER AVENUE,CARPENTER AVENUE,EAST  234 STREET,EAST  235 STREET,EAST  234 STREET,EAST  235 STREET,ADDRESS,BRONX,CARPENTER AVENUE,,Closed,,The Department of Sanitation investigated this complaint and found no violation at the location.,01/30/2023 01:59:08 PM,12 BRONX,2049930083,BRONX,1023038,265507,ONLINE,Unspecified,BRONX,,,,,,,,40.89534387807982,-73.85970178415066,"(40.89534387807982, -73.85970178415066)"
56600887,01/23/2023 09:13:00 AM,01/28/2023 12:32:06 PM,DSNY,Department of Sanitation,Dirty Condition,Dog Waste,Sidewalk,11226,330 EAST   32 STREET,EAST   32 STREET,CLARENDON ROAD,AVENUE D,CLARENDON ROAD,AVENUE D,ADDRESS,BROOKLYN,EAST   32 STREET,,Closed,,The Department of Sanitation investigated this complaint and found no violation at the location.,01/28/2023 12:32:11 PM,17 BROOKLYN,3049480018,BROOKLYN,999020,173370,ONLINE,Unspecified,BROOKLYN,,,,,,,,40.64252490833231,-73.94677858321539,"(40.64252490833231, -73.94677858321539)"
56604442,01/23/2023 08:36:30 AM,01/25/2023 04:19:02 PM,DSNY,Department of Sanitation,Dirty Condition,Dog Waste,Sidewalk,11355,140-65 BEECH AVENUE,BEECH AVENUE,KISSENA BOULEVARD,BOWNE STREET,KISSENA BOULEVARD,BOWNE STREET,ADDRESS,FLUSHING,BEECH AVENUE,,Closed,,The Department of Sanitation investigated this complaint and found no violation at the location.,01/25/2023 04:19:08 PM,07 QUEENS,4051850054,QUEENS,1033297,214271,PHONE,Unspecified,QUEENS,,,,,,,,40.75466487998975,-73.82296906892604,"(40.75466487998975, -73.82296906892604)"
56604561,01/23/2023 08:03:12 AM,01/26/2023 03:24:11 PM,DSNY,Department of Sanitation,Dirty Condition,Dog Waste,Sidewalk,11366,162-28 78 AVENUE,78 AVENUE,162 STREET,164 STREET,162 STREET,164 STREET,ADDRESS,FRESH MEADOWS,78 AVENUE,,Closed,,The Department of Sanitation investigated this complaint and found no violation at the location.,01/26/2023 03:24:17 PM,08 QUEENS,,QUEENS,1038123,202670,PHONE,Unspecified,QUEENS,,,,,,,,40.72279500305295,-73.80564299679818,"(40.72279500305295, -73.80564299679818)"
56606689,01/23/2023 07:41:41 AM,01/26/2023 03:30:15 PM,DSNY,Department of Sanitation,Dirty Condition,Dog Waste,Sidewalk,10453,1501 UNDERCLIFF AVENUE,UNDERCLIFF AVENUE,CROSS BRONX EXPWY ET    1 C-D WB,WEST  174 STREET,CROSS BRONX EXPWY ET    1 C-D WB,WEST  174 STREET,ADDRESS,BRONX,UNDERCLIFF AVENUE,,Closed,,The Department of Sanitation investigated this complaint and found no violation at the location.,01/26/2023 03:30:19 PM,05 BRONX,2028800061,BRONX,1005240,247416,ONLINE,Unspecified,BRONX,,,,,,,,40.845749925937085,-73.92413470328373,"(40.845749925937085, -73.92413470328373)"
56593013,01/22/2023 04:03:39 PM,02/04/2023 09:21:59 AM,DSNY,Department of Sanitation,Dirty Condition,Dog Waste,Sidewalk,11214,1646 83 STREET,83 STREET,16 AVENUE,17 AVENUE,16 AVENUE,17 AVENUE,ADDRESS,BROOKLYN,83 STREET,,Closed,,The Department of Sanitation investigated this complaint and found no violation at the location.,02/04/2023 09:22:08 AM,11 BROOKLYN,3063120021,BROOKLYN,983041,161910,ONLINE,Unspecified,BROOKLYN,,,,,,,,40.611081849925704,-74.00435439283774,"(40.611081849925704, -74.00435439283774)"
56594637,01/22/2023 02:08:27 PM,01/28/2023 05:01:58 PM,DSNY,Department of Sanitation,Dirty Condition,Dog Waste,Sidewalk,11207,334 ASHFORD STREET,ASHFORD STREET,GLENMORE AVENUE,PITKIN AVENUE,GLENMORE AVENUE,PITKIN AVENUE,ADDRESS,BROOKLYN,ASHFORD STREET,,Closed,,The Department of Sanitation investigated this complaint and found no violation at the location.,01/28/2023 05:02:02 PM,05 BROOKLYN,3039990022,BROOKLYN,1016090,184923,ONLINE,Unspecified,BROOKLYN,,,,,,,,40.67419041070422,-73.88521497263665,"(40.67419041070422, -73.88521497263665)"
56593016,01/22/2023 02:03:17 PM,01/30/2023 04:56:31 PM,DSNY,Department of Sanitation,Dirty Condition,Dog Waste,Sidewalk,11102,28-17 33 STREET,33 STREET,28 AVENUE,28 ROAD,28 AVENUE,28 ROAD,ADDRESS,ASTORIA,33 STREET,,Closed,,The Department of Sanitation investigated this complaint and found no violation at the location.,01/30/2023 04:56:38 PM,01 QUEENS,4006270013,QUEENS,1006733,218835,ONLINE,Unspecified,QUEENS,,,,,,,,40.767299331396806,-73.91883419267613,"(40.767299331396806, -73.91883419267613)"
56593410,01/22/2023 10:47:11 AM,01/28/2023 04:14:36 PM,DSNY,Department of Sanitation,Dirty Condition,Dog Waste,Street,11385,754 ONDERDONK AVENUE,ONDERDONK AVENUE,WOODBINE STREET,MADISON STREET,WOODBINE STREET,MADISON STREET,ADDRESS,RIDGEWOOD,ONDERDONK AVENUE,,Closed,,The Department of Sanitation investigated this complaint and found no violation at the location.,01/28/2023 04:14:45 PM,05 QUEENS,4034590031,QUEENS,1010336,195487,ONLINE,Unspecified,QUEENS,,,,,,,,40.70320497192086,-73.90591755183851,"(40.70320497192086, -73.90591755183851)"
56593773,01/22/2023 10:08:07 AM,01/30/2023 04:55:07 PM,DSNY,Department of Sanitation,Dirty Condition,Dog Waste,Sidewalk,11377,31-30 55 STREET,55 STREET,31 AVENUE,32 AVENUE,31 AVENUE,32 AVENUE,ADDRESS,WOODSIDE,55 STREET,,Closed,,The Department of Sanitation investigated this complaint and found no violation at the location.,01/30/2023 04:55:13 PM,01 QUEENS,4011320016,QUEENS,1010203,214797,ONLINE,Unspecified,QUEENS,,,,,,,,40.75620655954425,-73.9063227549206,"(40.75620655954425, -73.9063227549206)"
56588553,01/21/2023 09:21:53 PM,02/15/2023 12:09:18 PM,DSNY,Department of Sanitation,Dirty Condition,Dog Waste,Sidewalk,10029,1505 PARK AVENUE,PARK AVENUE,EAST  109 STREET,EAST  110 STREET,EAST  109 STREET,EAST  110 STREET,ADDRESS,NEW YORK,PARK AVENUE,,Closed,,The Department of Sanitation investigated this complaint and found no violation at the location.,02/15/2023 12:09:24 PM,11 MANHATTAN,1016370001,MANHATTAN,999099,228916,ONLINE,Unspecified,MANHATTAN,,,,,,,,40.79498511837368,-73.94637138263339,"(40.79498511837368, -73.94637138263339)"
56587695,01/21/2023 09:13:12 PM,02/15/2023 12:08:44 PM,DSNY,Department of Sanitation,Dirty Condition,Dog Waste,Sidewalk,10029,120 EAST  110 STREET,EAST  110 STREET,PARK AVENUE,LEXINGTON AVENUE,PARK AVENUE,LEXINGTON AVENUE,ADDRESS,NEW YORK,EAST  110 STREET,,Closed,,The Department of Sanitation investigated this complaint and found no violation at the location.,02/15/2023 12:08:49 PM,11 MANHATTAN,1016370001,MANHATTAN,999425,228965,ONLINE,Unspecified,MANHATTAN,,,,,,,,40.7951190562579,-73.94519389129664,"(40.7951190562579, -73.94519389129664)"
56590366,01/21/2023 01:07:33 PM,01/24/2023 12:04:45 PM,DSNY,Department of Sanitation,Dirty Condition,Dog Waste,Sidewalk,11213,ROCHESTER AVENUE,ROCHESTER AVENUE,ROCHESTER AVENUE,STERLING PLACE,ROCHESTER AVENUE,STERLING PLACE,INTERSECTION,,,,Closed,,The Department of Sanitation investigated this complaint and found no violation at the location.,01/24/2023 12:04:50 PM,08 BROOKLYN,,BROOKLYN,1004196,183865,PHONE,Unspecified,BROOKLYN,,,,,,,,40.67132122784468,-73.92809663106306,"(40.67132122784468, -73.92809663106306)"
56588781,01/21/2023 11:28:42 AM,01/31/2023 10:45:19 AM,DSNY,Department of Sanitation,Dirty Condition,Dog Waste,Sidewalk,10462,1944 UNION PORT ROAD,UNION PORT ROAD,SAGAMORE STREET,BRONX PARK EAST,SAGAMORE STREET,BRONX PARK EAST,ADDRESS,BRONX,UNIONPORT ROAD,,Closed,,The Department of Sanitation investigated this complaint and found no violation at the location.,01/31/2023 10:45:25 AM,11 BRONX,2042560003,BRONX,1020522,248895,PHONE,Unspecified,BRONX,,,,,,,,40.84975978935839,-73.86889220514804,"(40.84975978935839, -73.86889220514804)"
56591232,01/21/2023 09:28:42 AM,01/26/2023 03:31:13 PM,DSNY,Department of Sanitation,Dirty Condition,Dog Waste,Sidewalk,10453,1523 UNDERCLIFF AVENUE,UNDERCLIFF AVENUE,CROSS BRONX EXPWY ET    1 C-D WB,WEST  174 STREET,CROSS BRONX EXPWY ET    1 C-D WB,WEST  174 STREET,ADDRESS,BRONX,UNDERCLIFF AVENUE,,Closed,,The Department of Sanitation investigated this complaint and found no violation at the location.,01/26/2023 03:31:17 PM,05 BRONX,2028800058,BRONX,1005313,247604,ONLINE,Unspecified,BRONX,,,,,,,,40.846265756644215,-73.92387026500839,"(40.846265756644215, -73.92387026500839)"
56584949,01/21/2023 06:33:26 AM,01/28/2023 04:11:30 PM,DSNY,Department of Sanitation,Dirty Condition,Dog Waste,Sidewalk,11385,64-01 60 PLACE,60 PLACE,GROVE STREET,LINDEN STREET,GROVE STREET,LINDEN STREET,ADDRESS,RIDGEWOOD,60 PLACE,,Closed,,The Department of Sanitation investigated this complaint and found no violation at the location.,01/28/2023 04:11:41 PM,05 QUEENS,4035250012,QUEENS,1011377,197796,ONLINE,Unspecified,QUEENS,,,,,,,,40.709539498125906,-73.90215375509264,"(40.709539498125906, -73.90215375509264)"
56584030,01/20/2023 08:52:41 PM,02/15/2023 03:06:17 PM,DSNY,Department of Sanitation,Dirty Condition,Dog Waste,Sidewalk,10021,3 AVENUE,3 AVENUE,3 AVENUE,EAST   76 STREET,3 AVENUE,EAST   76 STREET,INTERSECTION,,,,Closed,,The Department of Sanitation investigated this complaint and found no condition at the location.,02/15/2023 03:06:21 PM,08 MANHATTAN,,MANHATTAN,995685,220661,PHONE,Unspecified,MANHATTAN,,,,,,,,40.7723324195835,-73.95871542701366,"(40.7723324195835, -73.95871542701366)"
56576669,01/20/2023 08:06:39 PM,01/31/2023 10:44:20 AM,DSNY,Department of Sanitation,Dirty Condition,Dog Waste,Sidewalk,10467,670 ADEE AVENUE,ADEE AVENUE,BARKER AVENUE,OLINVILLE AVENUE,BARKER AVENUE,OLINVILLE AVENUE,ADDRESS,BRONX,ADEE AVENUE,,Closed,,The Department of Sanitation investigated this complaint and found no violation at the location.,01/31/2023 10:44:29 AM,11 BRONX,2045420100,BRONX,1020672,256151,ONLINE,Unspecified,BRONX,,,,,,,,40.86967468847566,-73.86831059112151,"(40.86967468847566, -73.86831059112151)"
56583927,01/20/2023 06:02:56 PM,01/23/2023 04:34:35 PM,DSNY,Department of Sanitation,Dirty Condition,Dog Waste,Sidewalk,11216,158 MONROE STREET,MONROE STREET,BEDFORD AVENUE,NOSTRAND AVENUE,BEDFORD AVENUE,NOSTRAND AVENUE,ADDRESS,BROOKLYN,MONROE STREET,,Closed,,The Department of Sanitation investigated this complaint and found no violation at the location.,01/23/2023 04:34:40 PM,03 BROOKLYN,3018170023,BROOKLYN,997348,188920,PHONE,Unspecified,BROOKLYN,,,,,,,,40.68520883742937,-73.95277316718695,"(40.68520883742937, -73.95277316718695)"
56580594,01/20/2023 05:50:53 PM,01/26/2023 01:23:46 PM,DSNY,Department of Sanitation,Dirty Condition,Dog Waste,Sidewalk,10304,23 JACKSON STREET,JACKSON STREET,TAXTER PLACE,BEACH STREET,TAXTER PLACE,BEACH STREET,ADDRESS,STATEN ISLAND,JACKSON STREET,,Closed,,The Department of Sanitation investigated this complaint and found no violation at the location.,01/26/2023 01:23:53 PM,01 STATEN ISLAND,5005150079,STATEN ISLAND,962119,169028,ONLINE,Unspecified,STATEN ISLAND,,,,,,,,40.63059171369366,-74.07973139185606,"(40.63059171369366, -74.07973139185606)"
56575289,01/20/2023 03:16:45 PM,02/11/2023 01:49:07 PM,DSNY,Department of Sanitation,Dirty Condition,Dog Waste,Sidewalk,10029,127 EAST  107 STREET,EAST  107 STREET,PARK AVENUE,LEXINGTON AVENUE,PARK AVENUE,LEXINGTON AVENUE,ADDRESS,NEW YORK,EAST  107 STREET,,Closed,,The Department of Sanitation investigated this complaint and found no violation at the location.,02/11/2023 01:49:13 PM,11 MANHATTAN,1016350017,MANHATTAN,999101,228256,ONLINE,Unspecified,MANHATTAN,,,,,,,,40.79317359387582,-73.94636561891272,"(40.79317359387582, -73.94636561891272)"
56580483,01/20/2023 01:22:29 PM,01/23/2023 04:35:00 PM,DSNY,Department of Sanitation,Dirty Condition,Dog Waste,Sidewalk,11216,202 CLIFTON PLACE,CLIFTON PLACE,FRANKLIN AVENUE,BEDFORD AVENUE,FRANKLIN AVENUE,BEDFORD AVENUE,ADDRESS,BROOKLYN,CLIFTON PLACE,,Closed,,The Department of Sanitation investigated this complaint and found no violation at the location.,01/23/2023 04:35:05 PM,03 BROOKLYN,3019540010,BROOKLYN,996384,190139,ONLINE,Unspecified,BROOKLYN,,,,,,,,40.6885560867457,-73.95624681996351,"(40.6885560867457, -73.95624681996351)"
56579204,01/20/2023 12:46:16 PM,01/26/2023 03:26:43 PM,DSNY,Department of Sanitation,Dirty Condition,Dog Waste,Sidewalk,10453,2252 GRAND AVENUE,GRAND AVENUE,BUCHANAN PLACE,WEST  183 STREET,BUCHANAN PLACE,WEST  183 STREET,ADDRESS,BRONX,GRAND AVENUE,,Closed,,The Department of Sanitation investigated this complaint and found no violation at the location.,01/26/2023 03:26:49 PM,05 BRONX,2031960051,BRONX,1010248,252062,PHONE,Unspecified,BRONX,,,,,,,,40.85848848454662,-73.90601601289238,"(40.85848848454662, -73.90601601289238)"
56584086,01/20/2023 11:16:58 AM,01/26/2023 03:25:43 PM,DSNY,Department of Sanitation,Dirty Condition,Dog Waste,Sidewalk,11435,142-02 84 DRIVE,84 DRIVE,BURDEN CRESCENT,PERSHING CRESCENT,BURDEN CRESCENT,PERSHING CRESCENT,ADDRESS,JAMAICA,84 DRIVE,,Closed,,The Department of Sanitation investigated this complaint and found no violation at the location.,01/26/2023 03:25:46 PM,08 QUEENS,4097120161,QUEENS,1035571,198359,ONLINE,Unspecified,QUEENS,,,,,,,,40.71097754145741,-73.81488265701564,"(40.71097754145741, -73.81488265701564)"
56577042,01/20/2023 07:52:27 AM,02/04/2023 09:28:35 AM,DSNY,Department of Sanitation,Dirty Condition,Dog Waste,Sidewalk,11210,581 EAST   28 STREET,EAST   28 STREET,FOSTER AVENUE,FARRAGUT ROAD,FOSTER AVENUE,FARRAGUT ROAD,ADDRESS,BROOKLYN,EAST   28 STREET,,Closed,,The Department of Sanitation investigated this complaint and found no violation at the location.,02/04/2023 09:28:43 AM,14 BROOKLYN,3052300011,BROOKLYN,998132,171285,PHONE,Unspecified,BROOKLYN,,,,,,,,40.6368034666926,-73.94998264337903,"(40.6368034666926, -73.94998264337903)"
56574943,01/20/2023 01:21:57 AM,01/28/2023 04:12:02 PM,DSNY,Department of Sanitation,Dirty Condition,Dog Waste,Sidewalk,11378,59-69 59 PLACE,59 PLACE,59 DRIVE,60 AVENUE,59 DRIVE,60 AVENUE,ADDRESS,MASPETH,59 PLACE,,Closed,,The Department of Sanitation investigated this complaint and found no violation at the location.,01/28/2023 04:12:09 PM,05 QUEENS,4026520012,QUEENS,1009888,200392,ONLINE,Unspecified,QUEENS,,,,,,,,40.71666933521317,-73.90751464145049,"(40.71666933521317, -73.90751464145049)"
56566907,01/19/2023 08:36:59 PM,01/25/2023 04:46:22 PM,DSNY,Department of Sanitation,Dirty Condition,Dog Waste,Sidewalk,11230,1482 EAST    9 STREET,EAST    9 STREET,AVENUE N,AVENUE O,AVENUE N,AVENUE O,ADDRESS,BROOKLYN,EAST    9 STREET,,Closed,,The Department of Sanitation investigated this complaint and found no violation at the location.,01/25/2023 04:46:29 PM,12 BROOKLYN,3065900044,BROOKLYN,993986,162634,PHONE,Unspecified,BROOKLYN,,,,,,,,40.61306381440775,-73.964933309784,"(40.61306381440775, -73.964933309784)"
56574920,01/19/2023 07:57:16 PM,01/28/2023 04:33:13 PM,DSNY,Department of Sanitation,Dirty Condition,Dog Waste,Sidewalk,10455,610 TRINITY AVENUE,TRINITY AVENUE,EAST  149 STREET,PONTIAC PLACE,EAST  149 STREET,PONTIAC PLACE,ADDRESS,BRONX,TRINITY AVENUE,,Closed,,The Department of Sanitation investigated this complaint and found no violation at the location.,01/28/2023 04:33:21 PM,01 BRONX,2026230151,BRONX,1009272,236056,ONLINE,Unspecified,BRONX,,,,,,,,40.814559493267296,-73.90960400717243,"(40.814559493267296, -73.90960400717243)"
56566984,01/19/2023 06:50:27 PM,01/28/2023 04:33:09 PM,DSNY,Department of Sanitation,Dirty Condition,Dog Waste,Sidewalk,10455,610 TRINITY AVENUE,TRINITY AVENUE,EAST  149 STREET,PONTIAC PLACE,EAST  149 STREET,PONTIAC PLACE,ADDRESS,BRONX,TRINITY AVENUE,,Closed,,The Department of Sanitation investigated this complaint and found no violation at the location.,01/28/2023 04:33:18 PM,01 BRONX,2026230151,BRONX,1009272,236056,ONLINE,Unspecified,BRONX,,,,,,,,40.814559493267296,-73.90960400717243,"(40.814559493267296, -73.90960400717243)"
56566879,01/19/2023 05:12:40 PM,01/23/2023 03:47:27 PM,DSNY,Department of Sanitation,Dirty Condition,Dog Waste,Sidewalk,11369,100-02 32 AVENUE,32 AVENUE,100 STREET,101 STREET,100 STREET,101 STREET,ADDRESS,EAST ELMHURST,32 AVENUE,,Closed,,The Department of Sanitation investigated this complaint and found no violation at the location.,01/23/2023 03:47:32 PM,03 QUEENS,4016950101,QUEENS,1020639,215899,PHONE,Unspecified,QUEENS,,,,,,,,40.75919447362238,-73.86864814038915,"(40.75919447362238, -73.86864814038915)"
56573675,01/19/2023 04:03:14 PM,01/24/2023 01:27:49 PM,DSNY,Department of Sanitation,Dirty Condition,Dog Waste,Sidewalk,10460,1290 RODMAN PLACE,RODMAN PLACE,LONGFELLOW AVENUE,WEST FARMS ROAD,LONGFELLOW AVENUE,WEST FARMS ROAD,ADDRESS,BRONX,RODMAN PLACE,,Closed,,The Department of Sanitation investigated this complaint and found no violation at the location.,01/24/2023 01:27:52 PM,06 BRONX,2030167501,BRONX,1017097,244862,ONLINE,Unspecified,BRONX,,,,,,,,40.83870380248861,-73.8812918569185,"(40.83870380248861, -73.8812918569185)"
56567763,01/19/2023 02:46:27 PM,01/28/2023 01:45:26 PM,DSNY,Department of Sanitation,Dirty Condition,Dog Waste,Sidewalk,11234,2140 TROY AVENUE,TROY AVENUE,FLATLANDS AVENUE,AVENUE M,FLATLANDS AVENUE,AVENUE M,ADDRESS,BROOKLYN,TROY AVENUE,,Closed,,The Department of Sanitation investigated this complaint and found no violation at the location.,01/28/2023 01:45:31 PM,18 BROOKLYN,3078410041,BROOKLYN,1002843,165847,ONLINE,Unspecified,BROOKLYN,,,,,,,,40.62186867166674,-73.93302372379146,"(40.62186867166674, -73.93302372379146)"
56575101,01/19/2023 10:00:26 AM,02/11/2023 01:40:07 PM,DSNY,Department of Sanitation,Dirty Condition,Dog Waste,Sidewalk,10030,146 WEST  133 STREET,WEST  133 STREET,LENOX AVENUE,ADAM CLAYTON POWELL JR BOULEVARD,LENOX AVENUE,ADAM CLAYTON POWELL JR BOULEVARD,ADDRESS,NEW YORK,WEST  133 STREET,,Closed,,The Department of Sanitation investigated this complaint and found no violation at the location.,02/11/2023 01:40:10 PM,10 MANHATTAN,1019170052,MANHATTAN,999926,235649,ONLINE,Unspecified,MANHATTAN,,,,,,,,40.813463920156344,-73.94336887123883,"(40.813463920156344, -73.94336887123883)"
56572772,01/19/2023 09:58:43 AM,02/11/2023 01:40:55 PM,DSNY,Department of Sanitation,Dirty Condition,Dog Waste,Sidewalk,10030,142 WEST  133 STREET,WEST  133 STREET,LENOX AVENUE,ADAM CLAYTON POWELL JR BOULEVARD,LENOX AVENUE,ADAM CLAYTON POWELL JR BOULEVARD,ADDRESS,NEW YORK,WEST  133 STREET,,Closed,,The Department of Sanitation investigated this complaint and issued a Notice of Violation.,02/11/2023 01:41:00 PM,10 MANHATTAN,1019170050,MANHATTAN,999945,235638,ONLINE,Unspecified,MANHATTAN,,,,,,,,40.81343369449661,-73.94330025756638,"(40.81343369449661, -73.94330025756638)"
56571557,01/19/2023 09:56:05 AM,02/03/2023 01:19:26 PM,DSNY,Department of Sanitation,Dirty Condition,Dog Waste,Sidewalk,10030,138 WEST  133 STREET,WEST  133 STREET,LENOX AVENUE,ADAM CLAYTON POWELL JR BOULEVARD,LENOX AVENUE,ADAM CLAYTON POWELL JR BOULEVARD,ADDRESS,NEW YORK,WEST  133 STREET,,Closed,,The Department of Sanitation investigated this complaint and found no violation at the location.,02/03/2023 01:19:31 PM,10 MANHATTAN,1019170048,MANHATTAN,999965,235627,ONLINE,Unspecified,MANHATTAN,,,,,,,,40.81340346701708,-73.94322803135984,"(40.81340346701708, -73.94322803135984)"
56571519,01/19/2023 09:28:14 AM,01/30/2023 11:29:08 AM,DSNY,Department of Sanitation,Dirty Condition,Dog Waste,Sidewalk,11220,804E 59 STREET,59 STREET,8 AVENUE,9 AVENUE,8 AVENUE,9 AVENUE,ADDRESS,BROOKLYN,59 STREET,,Closed,,The Department of Sanitation investigated this complaint and found no violation at the location.,01/30/2023 11:29:15 AM,12 BROOKLYN,,BROOKLYN,981872,170927,PHONE,Unspecified,BROOKLYN,,,,,,,,40.63583139201661,-74.00856789620966,"(40.63583139201661, -74.00856789620966)"
56567857,01/19/2023 08:52:14 AM,01/26/2023 01:49:22 PM,DSNY,Department of Sanitation,Dirty Condition,Dog Waste,Sidewalk,11226,330 EAST   32 STREET,EAST   32 STREET,CLARENDON ROAD,AVENUE D,CLARENDON ROAD,AVENUE D,ADDRESS,BROOKLYN,EAST   32 STREET,,Closed,,The Department of Sanitation investigated this complaint and found no violation at the location.,01/26/2023 01:49:04 PM,17 BROOKLYN,3049480018,BROOKLYN,999020,173370,ONLINE,Unspecified,BROOKLYN,,,,,,,,40.64252490833231,-73.94677858321539,"(40.64252490833231, -73.94677858321539)"
56570207,01/19/2023 07:47:01 AM,01/27/2023 03:51:14 PM,DSNY,Department of Sanitation,Dirty Condition,Dog Waste,Sidewalk,11104,50-50 41 STREET,41 STREET,50 AVENUE,51 AVENUE,50 AVENUE,51 AVENUE,ADDRESS,SUNNYSIDE,41 STREET,,Closed,,The Department of Sanitation investigated this complaint and found no violation at the location.,01/27/2023 03:51:18 PM,02 QUEENS,4002080058,QUEENS,1005116,207770,ONLINE,Unspecified,QUEENS,,,,,,,,40.73693268365304,-73.92470605150561,"(40.73693268365304, -73.92470605150561)"
56567692,01/19/2023 06:33:40 AM,02/11/2023 01:25:42 PM,DSNY,Department of Sanitation,Dirty Condition,Dog Waste,Sidewalk,10065,421 EAST   65 STREET,EAST   65 STREET,1 AVENUE,YORK AVENUE,1 AVENUE,YORK AVENUE,ADDRESS,NEW YORK,EAST   65 STREET,,Closed,,The Department of Sanitation investigated this complaint and found no violation at the location.,02/11/2023 01:25:57 PM,08 MANHATTAN,1014600013,MANHATTAN,995838,217234,PHONE,Unspecified,MANHATTAN,,,,,,,,40.76292599536079,-73.95816894905094,"(40.76292599536079, -73.95816894905094)"
56564170,01/18/2023 11:05:04 PM,01/27/2023 04:51:17 PM,DSNY,Department of Sanitation,Dirty Condition,Dog Waste,Sidewalk,11219,902 44 STREET,44 STREET,9 AVENUE,10 AVENUE,9 AVENUE,10 AVENUE,ADDRESS,BROOKLYN,44 STREET,,Closed,,The Department of Sanitation investigated this complaint and found no violation at the location.,01/27/2023 04:51:21 PM,12 BROOKLYN,3056070003,BROOKLYN,984900,173510,ONLINE,Unspecified,BROOKLYN,,,,,,,,40.64292146998019,-73.99765781148379,"(40.64292146998019, -73.99765781148379)"
56579794,01/18/2023 06:42:07 PM,01/20/2023 05:59:59 AM,DSNY,Department of Sanitation,Dirty Condition,Dog Waste,Sidewalk,11233,2034 PACIFIC STREET,PACIFIC STREET,HOWARD AVENUE,SARATOGA AVENUE,HOWARD AVENUE,SARATOGA AVENUE,ADDRESS,BROOKLYN,PACIFIC STREET,,Closed,,The Department of Sanitation investigated this complaint and found no violation at the location.,01/20/2023 06:00:04 AM,16 BROOKLYN,3014390017,BROOKLYN,1006910,185545,ONLINE,Unspecified,BROOKLYN,,,,,,,,40.675925917677,-73.91830728522147,"(40.675925917677, -73.91830728522147)"
56565734,01/18/2023 05:13:33 PM,01/19/2023 04:54:40 PM,DSNY,Department of Sanitation,Dirty Condition,Dog Waste,Sidewalk,11369,100-02 32 AVENUE,32 AVENUE,100 STREET,101 STREET,100 STREET,101 STREET,ADDRESS,EAST ELMHURST,32 AVENUE,,Closed,,The Department of Sanitation investigated this complaint and found no violation at the location.,01/19/2023 04:54:44 PM,03 QUEENS,4016950101,QUEENS,1020639,215899,PHONE,Unspecified,QUEENS,,,,,,,,40.75919447362238,-73.86864814038915,"(40.75919447362238, -73.86864814038915)"
56559817,01/18/2023 04:53:33 PM,02/11/2023 01:48:34 PM,DSNY,Department of Sanitation,Dirty Condition,Dog Waste,Sidewalk,10026,24 WEST  117 STREET,WEST  117 STREET,5 AVENUE,LENOX AVENUE,5 AVENUE,LENOX AVENUE,ADDRESS,NEW YORK,WEST  117 STREET,,Closed,,The Department of Sanitation investigated this complaint and found no violation at the location.,02/11/2023 01:48:40 PM,10 MANHATTAN,1016007502,MANHATTAN,998872,231415,PHONE,Unspecified,MANHATTAN,,,,,,,,40.8018445700123,-73.94718577356464,"(40.8018445700123, -73.94718577356464)"
56558056,01/18/2023 02:59:57 PM,01/23/2023 12:24:48 PM,DSNY,Department of Sanitation,Dirty Condition,Dog Waste,Sidewalk,10469,3527 EASTCHESTER ROAD,EASTCHESTER ROAD,CHESTER STREET,HICKS STREET,CHESTER STREET,HICKS STREET,ADDRESS,BRONX,EASTCHESTER ROAD,,Closed,,The Department of Sanitation investigated this complaint and found no violation at the location.,01/23/2023 12:24:53 PM,12 BRONX,2047220005,BRONX,1026423,259591,PHONE,Unspecified,BRONX,,,,,,,,40.87909081201751,-73.84749534083187,"(40.87909081201751, -73.84749534083187)"
56557757,01/18/2023 11:12:01 AM,02/11/2023 01:37:45 PM,DSNY,Department of Sanitation,Dirty Condition,Dog Waste,Sidewalk,10027,75 WEST  126 STREET,WEST  126 STREET,5 AVENUE,LENOX AVENUE,5 AVENUE,LENOX AVENUE,ADDRESS,NEW YORK,WEST  126 STREET,,Closed,,The Department of Sanitation investigated this complaint and found no violation at the location.,02/11/2023 01:37:49 PM,10 MANHATTAN,1017240006,MANHATTAN,999781,233657,PHONE,Unspecified,MANHATTAN,,,,,,,,40.807996690714,-73.94389730715424,"(40.807996690714, -73.94389730715424)"
56625874,01/18/2023 10:49:13 AM,02/13/2023 01:06:46 PM,DSNY,Department of Sanitation,Dirty Condition,Dog Waste,Sidewalk,10025,201 WEST   93 STREET,WEST   93 STREET,AMSTERDAM AVENUE,BROADWAY,AMSTERDAM AVENUE,BROADWAY,ADDRESS,NEW YORK,WEST   93 STREET,,Closed,,The Department of Sanitation investigated this complaint and found no violation at the location.,02/13/2023 01:06:55 PM,07 MANHATTAN,1012410025,MANHATTAN,992055,227882,PHONE,Unspecified,MANHATTAN,,,,,,,,40.79215609704783,-73.97181267742812,"(40.79215609704783, -73.97181267742812)"
56558431,01/18/2023 09:45:34 AM,01/23/2023 09:31:19 AM,DSNY,Department of Sanitation,Dirty Condition,Dog Waste,Sidewalk,11231,122 PIONEER STREET,PIONEER STREET,RICHARDS STREET,VAN BRUNT STREET,RICHARDS STREET,VAN BRUNT STREET,ADDRESS,BROOKLYN,PIONEER STREET,,Closed,,The Department of Sanitation investigated this complaint and found no violation at the location.,01/23/2023 09:31:24 AM,06 BROOKLYN,3005310052,BROOKLYN,981319,186510,ONLINE,Unspecified,BROOKLYN,,,,,,,,40.67860314156325,-74.01056711938192,"(40.67860314156325, -74.01056711938192)"
56562963,01/18/2023 08:34:07 AM,01/23/2023 01:49:39 PM,DSNY,Department of Sanitation,Dirty Condition,Dog Waste,Sidewalk,10456,1180 FULTON AVENUE,FULTON AVENUE,EAST  167 STREET,EAST  168 STREET,EAST  167 STREET,EAST  168 STREET,ADDRESS,BRONX,FULTON AVENUE,,Closed,,The Department of Sanitation investigated this complaint and found no violation at the location.,01/23/2023 01:49:45 PM,03 BRONX,2026110001,BRONX,1010509,241575,ONLINE,Unspecified,BRONX,,,,,,,,40.82970398772715,-73.90511355207128,"(40.82970398772715, -73.90511355207128)"
56631391,01/18/2023 08:18:22 AM,01/28/2023 07:57:16 AM,DSNY,Department of Sanitation,Dirty Condition,Dog Waste,Sidewalk,11691,403 BEACH   46 STREET,BEACH   46 STREET,BEACH CHANNEL DRIVE,NORTON AVENUE,BEACH CHANNEL DRIVE,NORTON AVENUE,ADDRESS,FAR ROCKAWAY,BEACH   46 STREET,,Closed,,The Department of Sanitation investigated this complaint and found no violation at the location.,01/28/2023 07:57:20 AM,14 QUEENS,4159690076,QUEENS,1046054,156481,ONLINE,Unspecified,QUEENS,,,,,,,,40.595964942918116,-73.77745388147376,"(40.595964942918116, -73.77745388147376)"
56559277,01/18/2023 08:17:53 AM,02/11/2023 01:40:05 PM,DSNY,Department of Sanitation,Dirty Condition,Dog Waste,Sidewalk,10030,146 WEST  133 STREET,WEST  133 STREET,LENOX AVENUE,ADAM CLAYTON POWELL JR BOULEVARD,LENOX AVENUE,ADAM CLAYTON POWELL JR BOULEVARD,ADDRESS,NEW YORK,WEST  133 STREET,,Closed,,The Department of Sanitation investigated this complaint and found no violation at the location.,02/11/2023 01:40:10 PM,10 MANHATTAN,1019170052,MANHATTAN,999926,235649,ONLINE,Unspecified,MANHATTAN,,,,,,,,40.813463920156344,-73.94336887123883,"(40.813463920156344, -73.94336887123883)"
56562452,01/18/2023 08:15:27 AM,02/07/2023 12:42:13 PM,DSNY,Department of Sanitation,Dirty Condition,Dog Waste,Sidewalk,10030,140 WEST  133 STREET,WEST  133 STREET,LENOX AVENUE,ADAM CLAYTON POWELL JR BOULEVARD,LENOX AVENUE,ADAM CLAYTON POWELL JR BOULEVARD,ADDRESS,NEW YORK,WEST  133 STREET,,Closed,,The Department of Sanitation investigated this complaint and found no violation at the location.,02/07/2023 12:42:17 PM,10 MANHATTAN,1019170049,MANHATTAN,999955,235632,ONLINE,Unspecified,MANHATTAN,,,,,,,,40.8134172084023,-73.94326414562484,"(40.8134172084023, -73.94326414562484)"
56558429,01/18/2023 08:13:31 AM,02/03/2023 01:19:29 PM,DSNY,Department of Sanitation,Dirty Condition,Dog Waste,Sidewalk,10030,138 WEST  133 STREET,WEST  133 STREET,LENOX AVENUE,ADAM CLAYTON POWELL JR BOULEVARD,LENOX AVENUE,ADAM CLAYTON POWELL JR BOULEVARD,ADDRESS,NEW YORK,WEST  133 STREET,,Closed,,The Department of Sanitation investigated this complaint and found no violation at the location.,02/03/2023 01:19:34 PM,10 MANHATTAN,1019170048,MANHATTAN,999965,235627,ONLINE,Unspecified,MANHATTAN,,,,,,,,40.81340346701708,-73.94322803135984,"(40.81340346701708, -73.94322803135984)"
56582452,01/18/2023 07:57:42 AM,01/20/2023 01:04:01 PM,DSNY,Department of Sanitation,Dirty Condition,Dog Waste,Sidewalk,10309,75 CRABTREE AVENUE,CRABTREE AVENUE,HARRIS LANE,PLUMTREE LANE,HARRIS LANE,PLUMTREE LANE,ADDRESS,STATEN ISLAND,CRABTREE AVENUE,,Closed,,The Department of Sanitation investigated this complaint and found no violation at the location.,01/20/2023 01:04:05 PM,03 STATEN ISLAND,,STATEN ISLAND,922917,136711,ONLINE,Unspecified,STATEN ISLAND,,,,,,,,40.54170358741348,-74.22067079716373,"(40.54170358741348, -74.22067079716373)"
56547313,01/17/2023 07:49:12 PM,01/27/2023 07:17:12 AM,DSNY,Department of Sanitation,Dirty Condition,Dog Waste,Sidewalk,11432,153-30 89 AVENUE,89 AVENUE,BURDETTE PLACE,PARSONS BOULEVARD,BURDETTE PLACE,PARSONS BOULEVARD,ADDRESS,JAMAICA,89 AVENUE,,Closed,,The Department of Sanitation investigated this complaint and found no violation at the location.,01/27/2023 07:17:20 AM,12 QUEENS,4097557501,QUEENS,1039008,196377,ONLINE,Unspecified,QUEENS,,,,,,,,40.70551683054211,-73.80250139020299,"(40.70551683054211, -73.80250139020299)"
56555388,01/17/2023 05:50:07 PM,01/23/2023 11:41:51 AM,DSNY,Department of Sanitation,Dirty Condition,Dog Waste,Sidewalk,11225,36 HAWTHORNE STREET,HAWTHORNE STREET,FLATBUSH AVENUE,BEDFORD AVENUE,FLATBUSH AVENUE,BEDFORD AVENUE,ADDRESS,BROOKLYN,HAWTHORNE STREET,,Closed,,The Department of Sanitation investigated this complaint and found no violation at the location.,01/23/2023 11:41:57 AM,09 BROOKLYN,3050450023,BROOKLYN,995656,178753,ONLINE,Unspecified,BROOKLYN,,,,,,,,40.65730504422575,-73.95889113348102,"(40.65730504422575, -73.95889113348102)"
56546175,01/17/2023 05:06:08 PM,01/20/2023 04:26:49 PM,DSNY,Department of Sanitation,Dirty Condition,Dog Waste,Sidewalk,10002,161 RIVINGTON STREET,RIVINGTON STREET,SUFFOLK STREET,CLINTON STREET,SUFFOLK STREET,CLINTON STREET,ADDRESS,NEW YORK,RIVINGTON STREET,,Closed,,The Department of Sanitation investigated this complaint and found no violation at the location.,01/20/2023 04:26:55 PM,03 MANHATTAN,1003480020,MANHATTAN,988331,201278,PHONE,Unspecified,MANHATTAN,,,,,,,,40.71913739967837,-73.98527784317642,"(40.71913739967837, -73.98527784317642)"
56547206,01/17/2023 03:42:40 PM,01/27/2023 07:55:10 AM,DSNY,Department of Sanitation,Dirty Condition,Dog Waste,Sidewalk,11691,CAFFREY AVENUE,CAFFREY AVENUE,GREENWOOD COURT,MOTT AVENUE,GREENWOOD COURT,MOTT AVENUE,BLOCKFACE,,,,Closed,,The Department of Sanitation investigated this complaint and found no violation at the location.,01/27/2023 07:55:14 AM,Unspecified QUEENS,,QUEENS,,,PHONE,Unspecified,QUEENS,,,,,,,,,,
56551306,01/17/2023 03:42:22 PM,01/27/2023 07:54:44 AM,DSNY,Department of Sanitation,Dirty Condition,Dog Waste,Sidewalk,11691,FRISCO AVENUE,FRISCO AVENUE,BEACH   12 STREET,BEACH   13 STREET,BEACH   12 STREET,BEACH   13 STREET,BLOCKFACE,,,,Closed,,The Department of Sanitation investigated this complaint and found no violation at the location.,01/27/2023 07:54:54 AM,Unspecified QUEENS,,QUEENS,,,PHONE,Unspecified,QUEENS,,,,,,,,,,
56554983,01/17/2023 03:19:17 PM,01/23/2023 01:25:52 PM,DSNY,Department of Sanitation,Dirty Condition,Dog Waste,Sidewalk,10462,1571 ZEREGA AVENUE,ZEREGA AVENUE,GLEBE AVENUE,ST RAYMOND AVENUE,GLEBE AVENUE,ST RAYMOND AVENUE,ADDRESS,BRONX,ZEREGA AVENUE,,Closed,,The Department of Sanitation investigated this complaint and found no violation at the location.,01/23/2023 01:25:59 PM,10 BRONX,2039720056,BRONX,1025824,244942,ONLINE,Unspecified,BRONX,,,,,,,,40.83888660659948,-73.84975228146747,"(40.83888660659948, -73.84975228146747)"
56552285,01/17/2023 12:39:20 PM,01/23/2023 01:14:37 PM,DSNY,Department of Sanitation,Dirty Condition,Dog Waste,Sidewalk,10468,2750 MORRIS AVENUE,MORRIS AVENUE,EAST  196 STREET,BEND,EAST  196 STREET,BEND,ADDRESS,BRONX,MORRIS AVENUE,,Closed,,The Department of Sanitation investigated this complaint and found no violation at the location.,01/23/2023 01:14:43 PM,07 BRONX,2033180072,BRONX,1013375,255903,ONLINE,Unspecified,BRONX,,,,,,,,40.86902109771905,-73.89469507950011,"(40.86902109771905, -73.89469507950011)"
56552922,01/17/2023 09:33:48 AM,01/21/2023 05:05:01 PM,DSNY,Department of Sanitation,Dirty Condition,Dog Waste,Street,11219,1369 64 STREET,64 STREET,13 AVENUE,14 AVENUE,13 AVENUE,14 AVENUE,ADDRESS,BROOKLYN,64 STREET,,Closed,,The Department of Sanitation investigated this complaint and found no violation at the location.,01/21/2023 05:05:06 PM,10 BROOKLYN,3057400052,BROOKLYN,984392,167253,PHONE,Unspecified,BROOKLYN,,,,,,,,40.62574735640156,-73.99948845355796,"(40.62574735640156, -73.99948845355796)"
56632192,01/17/2023 09:13:25 AM,02/03/2023 01:19:25 PM,DSNY,Department of Sanitation,Dirty Condition,Dog Waste,Sidewalk,10030,138 WEST  133 STREET,WEST  133 STREET,LENOX AVENUE,ADAM CLAYTON POWELL JR BOULEVARD,LENOX AVENUE,ADAM CLAYTON POWELL JR BOULEVARD,ADDRESS,NEW YORK,WEST  133 STREET,,Closed,,The Department of Sanitation investigated this complaint and found no violation at the location.,02/03/2023 01:19:29 PM,10 MANHATTAN,1019170048,MANHATTAN,999965,235627,ONLINE,Unspecified,MANHATTAN,,,,,,,,40.81340346701708,-73.94322803135984,"(40.81340346701708, -73.94322803135984)"
56555234,01/17/2023 08:11:10 AM,01/20/2023 04:26:47 PM,DSNY,Department of Sanitation,Dirty Condition,Dog Waste,Sidewalk,10002,161 RIVINGTON STREET,RIVINGTON STREET,SUFFOLK STREET,CLINTON STREET,SUFFOLK STREET,CLINTON STREET,ADDRESS,NEW YORK,RIVINGTON STREET,,Closed,,The Department of Sanitation investigated this complaint and found no violation at the location.,01/20/2023 04:26:51 PM,03 MANHATTAN,1003480020,MANHATTAN,988331,201278,ONLINE,Unspecified,MANHATTAN,,,,,,,,40.71913739967837,-73.98527784317642,"(40.71913739967837, -73.98527784317642)"
56545695,01/17/2023 07:58:35 AM,01/24/2023 01:34:05 PM,DSNY,Department of Sanitation,Dirty Condition,Dog Waste,Sidewalk,10469,1433 OAKLEY STREET,OAKLEY STREET,EAST  219 STREET,FENTON AVENUE,EAST  219 STREET,FENTON AVENUE,ADDRESS,BRONX,OAKLEY STREET,,Closed,,The Department of Sanitation investigated this complaint and found no violation at the location.,01/24/2023 01:34:11 PM,12 BRONX,2047140021,BRONX,1025509,259774,PHONE,Unspecified,BRONX,,,,,,,,40.879597409678176,-73.8507993849087,"(40.879597409678176, -73.8507993849087)"
56552981,01/17/2023 07:16:51 AM,01/25/2023 04:45:01 PM,DSNY,Department of Sanitation,Dirty Condition,Dog Waste,Sidewalk,11218,120 OCEAN PARKWAY,OCEAN PARKWAY,CATON AVENUE,ALBEMARLE ROAD,CATON AVENUE,ALBEMARLE ROAD,ADDRESS,BROOKLYN,OCEAN PARKWAY,,Closed,,The Department of Sanitation investigated this complaint and found no violation at the location.,01/25/2023 04:45:09 PM,12 BROOKLYN,3053280015,BROOKLYN,991132,175164,ONLINE,Unspecified,BROOKLYN,,,,,,,,40.6474586932286,-73.97519994196597,"(40.6474586932286, -73.97519994196597)"
56555460,01/17/2023 03:52:00 AM,01/25/2023 05:00:06 PM,DSNY,Department of Sanitation,Dirty Condition,Dog Waste,Sidewalk,11237,1385 MADISON STREET,MADISON STREET,IRVING AVENUE,RIDGEWOOD PLACE,IRVING AVENUE,RIDGEWOOD PLACE,ADDRESS,BROOKLYN,MADISON STREET,,Closed,,The Department of Sanitation investigated this complaint and found no violation at the location.,01/25/2023 05:00:09 PM,04 BROOKLYN,3033630029,BROOKLYN,1008992,193380,ONLINE,Unspecified,BROOKLYN,,,,,,,,40.69742561251279,-73.91077259443611,"(40.69742561251279, -73.91077259443611)"
56542693,01/16/2023 11:25:36 PM,01/21/2023 05:09:11 PM,DSNY,Department of Sanitation,Dirty Condition,Dog Waste,Sidewalk,11233,443 DECATUR STREET,DECATUR STREET,PATCHEN AVENUE,RALPH AVENUE,PATCHEN AVENUE,RALPH AVENUE,ADDRESS,BROOKLYN,DECATUR STREET,,Closed,,The Department of Sanitation investigated this complaint and found no violation at the location.,01/21/2023 05:09:15 PM,03 BROOKLYN,3016780001,BROOKLYN,1005001,187903,ONLINE,Unspecified,BROOKLYN,,,,,,,,40.68240277193711,-73.925182253652,"(40.68240277193711, -73.925182253652)"
56545516,01/16/2023 08:57:19 PM,01/25/2023 05:00:04 PM,DSNY,Department of Sanitation,Dirty Condition,Dog Waste,Sidewalk,11237,1385 MADISON STREET,MADISON STREET,IRVING AVENUE,RIDGEWOOD PLACE,IRVING AVENUE,RIDGEWOOD PLACE,ADDRESS,BROOKLYN,MADISON STREET,,Closed,,The Department of Sanitation investigated this complaint and found no violation at the location.,01/25/2023 05:00:09 PM,04 BROOKLYN,3033630029,BROOKLYN,1008992,193380,ONLINE,Unspecified,BROOKLYN,,,,,,,,40.69742561251279,-73.91077259443611,"(40.69742561251279, -73.91077259443611)"
56543616,01/16/2023 05:34:27 PM,01/21/2023 05:02:14 PM,DSNY,Department of Sanitation,Dirty Condition,Dog Waste,Sidewalk,11209,7540 4 AVENUE,4 AVENUE,BAY RIDGE PARKWAY,76 STREET,BAY RIDGE PARKWAY,76 STREET,ADDRESS,BROOKLYN,4 AVENUE,,Closed,,The Department of Sanitation investigated this complaint and found no violation at the location.,01/21/2023 05:02:20 PM,10 BROOKLYN,3059400045,BROOKLYN,977251,168992,ONLINE,Unspecified,BROOKLYN,,,,,,,,40.63051778149261,-74.02521527829995,"(40.63051778149261, -74.02521527829995)"
56540770,01/16/2023 12:47:12 PM,01/21/2023 05:03:32 PM,DSNY,Department of Sanitation,Dirty Condition,Dog Waste,Sidewalk,11206,604 MARCY AVENUE,MARCY AVENUE,WILLOUGHBY AVENUE,HART STREET,WILLOUGHBY AVENUE,HART STREET,ADDRESS,BROOKLYN,MARCY AVENUE,,Closed,,The Department of Sanitation investigated this complaint and found no violation at the location.,01/21/2023 05:03:40 PM,03 BROOKLYN,3017660043,BROOKLYN,998419,192049,PHONE,Unspecified,BROOKLYN,,,,,,,,40.69379557155858,-73.9489049337105,"(40.69379557155858, -73.9489049337105)"
56548631,01/15/2023 10:31:22 PM,01/25/2023 04:57:10 PM,DSNY,Department of Sanitation,Dirty Condition,Dog Waste,Sidewalk,11221,135 BLEECKER STREET,BLEECKER STREET,CENTRAL AVENUE,WILSON AVENUE,CENTRAL AVENUE,WILSON AVENUE,ADDRESS,BROOKLYN,BLEECKER STREET,,Closed,,The Department of Sanitation investigated this complaint and found no violation at the location.,01/25/2023 04:57:14 PM,04 BROOKLYN,3032970051,BROOKLYN,1006344,192877,ONLINE,Unspecified,BROOKLYN,,,,,,,,40.69605200227539,-73.92032375662085,"(40.69605200227539, -73.92032375662085)"
56531936,01/15/2023 05:26:20 PM,01/19/2023 01:26:43 PM,DSNY,Department of Sanitation,Dirty Condition,Dog Waste,Sidewalk,11226,822 FLATBUSH AVENUE,FLATBUSH AVENUE,CATON AVENUE,LINDEN BOULEVARD,CATON AVENUE,LINDEN BOULEVARD,ADDRESS,BROOKLYN,FLATBUSH AVENUE,,Closed,,The Department of Sanitation investigated this complaint and found no violation at the location.,01/19/2023 01:26:50 PM,14 BROOKLYN,3050827501,BROOKLYN,995553,177040,ONLINE,Unspecified,BROOKLYN,,,,,,,,40.65260336636767,-73.95926523126738,"(40.65260336636767, -73.95926523126738)"
56532222,01/15/2023 03:56:40 PM,01/20/2023 12:50:50 PM,DSNY,Department of Sanitation,Dirty Condition,Dog Waste,Sidewalk,10467,635 ARNOW AVENUE,ARNOW AVENUE,BRONX PARK EAST,BARKER AVENUE,BRONX PARK EAST,BARKER AVENUE,ADDRESS,BRONX,ARNOW AVENUE,,Closed,,The Department of Sanitation investigated this complaint and found no violation at the location.,01/20/2023 12:50:54 PM,11 BRONX,2045420100,BRONX,1020292,255520,PHONE,Unspecified,BRONX,,,,,,,,40.86794434763867,-73.86968793220657,"(40.86794434763867, -73.86968793220657)"
56531820,01/15/2023 12:11:58 PM,01/28/2023 05:01:17 PM,DSNY,Department of Sanitation,Dirty Condition,Dog Waste,Sidewalk,11207,11 SUNNYSIDE AVENUE,SUNNYSIDE AVENUE,VERMONT STREET,MILLER AVENUE,VERMONT STREET,MILLER AVENUE,ADDRESS,BROOKLYN,SUNNYSIDE AVENUE,,Closed,,The Department of Sanitation investigated this complaint and found no violation at the location.,01/28/2023 05:01:22 PM,05 BROOKLYN,3034880019,BROOKLYN,1013207,187101,ONLINE,Unspecified,BROOKLYN,,,,,,,,40.68017842431577,-73.89559898474172,"(40.68017842431577, -73.89559898474172)"
56532773,01/15/2023 10:24:23 AM,01/23/2023 01:21:49 PM,DSNY,Department of Sanitation,Dirty Condition,Dog Waste,Sidewalk,10467,375 EAST  205 STREET,EAST  205 STREET,DECATUR AVENUE,WEBSTER AVENUE,DECATUR AVENUE,WEBSTER AVENUE,ADDRESS,BRONX,EAST  205 STREET,,Closed,,The Department of Sanitation investigated this complaint and found no condition at the location.,01/23/2023 01:21:55 PM,07 BRONX,2033540047,BRONX,1018708,257430,PHONE,Unspecified,BRONX,,,,,,,,40.8731930336051,-73.87540515130969,"(40.8731930336051, -73.87540515130969)"
56533928,01/15/2023 08:33:14 AM,02/03/2023 01:19:28 PM,DSNY,Department of Sanitation,Dirty Condition,Dog Waste,Sidewalk,10030,138 WEST  133 STREET,WEST  133 STREET,LENOX AVENUE,ADAM CLAYTON POWELL JR BOULEVARD,LENOX AVENUE,ADAM CLAYTON POWELL JR BOULEVARD,ADDRESS,NEW YORK,WEST  133 STREET,,Closed,,The Department of Sanitation investigated this complaint and found no violation at the location.,02/03/2023 01:19:34 PM,10 MANHATTAN,1019170048,MANHATTAN,999965,235627,ONLINE,Unspecified,MANHATTAN,,,,,,,,40.81340346701708,-73.94322803135984,"(40.81340346701708, -73.94322803135984)"
56534749,01/15/2023 08:29:52 AM,02/07/2023 12:42:12 PM,DSNY,Department of Sanitation,Dirty Condition,Dog Waste,Sidewalk,10030,140 WEST  133 STREET,WEST  133 STREET,LENOX AVENUE,ADAM CLAYTON POWELL JR BOULEVARD,LENOX AVENUE,ADAM CLAYTON POWELL JR BOULEVARD,ADDRESS,NEW YORK,WEST  133 STREET,,Closed,,The Department of Sanitation investigated this complaint and found no violation at the location.,02/07/2023 12:42:17 PM,10 MANHATTAN,1019170049,MANHATTAN,999955,235632,ONLINE,Unspecified,MANHATTAN,,,,,,,,40.8134172084023,-73.94326414562484,"(40.8134172084023, -73.94326414562484)"
56527441,01/14/2023 10:41:59 PM,01/19/2023 01:45:44 PM,DSNY,Department of Sanitation,Dirty Condition,Dog Waste,Sidewalk,11226,2723 TILDEN AVENUE,TILDEN AVENUE,ROGERS AVENUE,EAST   28 STREET,ROGERS AVENUE,EAST   28 STREET,ADDRESS,BROOKLYN,TILDEN AVENUE,,Closed,,The Department of Sanitation investigated this complaint and found no violation at the location.,01/19/2023 01:45:49 PM,17 BROOKLYN,3051290022,BROOKLYN,997640,174924,ONLINE,Unspecified,BROOKLYN,,,,,,,,40.64679249670214,-73.95174811482619,"(40.64679249670214, -73.95174811482619)"
56527530,01/14/2023 08:06:32 PM,01/27/2023 08:16:51 AM,DSNY,Department of Sanitation,Dirty Condition,Dog Waste,Sidewalk,11692,72-22 BURCHELL AVENUE,BURCHELL AVENUE,BEACH   72 STREET,BARBADOES DRIVE,BEACH   72 STREET,BARBADOES DRIVE,ADDRESS,ARVERNE,BURCHELL AVENUE,,Closed,,The Department of Sanitation investigated this complaint and found no violation at the location.,01/27/2023 08:16:56 AM,14 QUEENS,4160640041,QUEENS,1039281,156479,ONLINE,Unspecified,QUEENS,,,,,,,,40.596004095705666,-73.80184227719216,"(40.596004095705666, -73.80184227719216)"
56515815,01/13/2023 10:12:49 PM,01/21/2023 01:05:16 PM,DSNY,Department of Sanitation,Dirty Condition,Dog Waste,Sidewalk,10472,1130 COLGATE AVENUE,COLGATE AVENUE,WATSON AVENUE,WESTCHESTER AVENUE,WATSON AVENUE,WESTCHESTER AVENUE,ADDRESS,BRONX,COLGATE AVENUE,,Closed,,The Department of Sanitation investigated this complaint and found no violation at the location.,01/21/2023 01:05:22 PM,09 BRONX,2037370018,BRONX,1017026,240467,ONLINE,Unspecified,BRONX,,,,,,,,40.826641066911016,-73.88156992273191,"(40.826641066911016, -73.88156992273191)"
56515728,01/13/2023 02:58:20 PM,01/21/2023 04:42:22 PM,DSNY,Department of Sanitation,Dirty Condition,Dog Waste,Sidewalk,11223,129 AVENUE S,AVENUE S,WEST    9 STREET,WEST    8 STREET,WEST    9 STREET,WEST    8 STREET,ADDRESS,BROOKLYN,AVENUE S,,Closed,,The Department of Sanitation investigated this complaint and issued a Notice of Violation.,01/21/2023 04:42:29 PM,11 BROOKLYN,3066720047,BROOKLYN,989564,158196,PHONE,Unspecified,BROOKLYN,,,,,,,,40.6008861678034,-73.9808637632295,"(40.6008861678034, -73.9808637632295)"
56515718,01/13/2023 02:20:14 PM,01/24/2023 01:27:47 PM,DSNY,Department of Sanitation,Dirty Condition,Dog Waste,Sidewalk,10460,1290 RODMAN PLACE,RODMAN PLACE,LONGFELLOW AVENUE,WEST FARMS ROAD,LONGFELLOW AVENUE,WEST FARMS ROAD,ADDRESS,BRONX,RODMAN PLACE,,Closed,,The Department of Sanitation investigated this complaint and found no violation at the location.,01/24/2023 01:27:52 PM,06 BRONX,2030167501,BRONX,1017097,244862,PHONE,Unspecified,BRONX,,,,,,,,40.83870380248861,-73.8812918569185,"(40.83870380248861, -73.8812918569185)"
56523723,01/13/2023 12:06:25 PM,01/27/2023 02:28:53 PM,DSNY,Department of Sanitation,Dirty Condition,Dog Waste,Sidewalk,11236,8100 AVENUE L,AVENUE L,EAST   81 STREET,EAST   82 STREET,EAST   81 STREET,EAST   82 STREET,ADDRESS,BROOKLYN,AVENUE L,,Closed,,The Department of Sanitation investigated this complaint and found no violation at the location.,01/27/2023 02:28:58 PM,18 BROOKLYN,3080607501,BROOKLYN,1010086,169237,PHONE,Unspecified,BROOKLYN,,,,,,,,40.631155343127574,-73.9069198074886,"(40.631155343127574, -73.9069198074886)"
56518899,01/13/2023 11:06:03 AM,01/23/2023 03:48:17 PM,DSNY,Department of Sanitation,Dirty Condition,Dog Waste,Sidewalk,11370,23-35 80 STREET,80 STREET,23 AVENUE,ASTORIA BOULEVARD NORTH,23 AVENUE,ASTORIA BOULEVARD NORTH,ADDRESS,EAST ELMHURST,80 STREET,,Closed,,The Department of Sanitation investigated this complaint and found no violation at the location.,01/23/2023 03:48:28 PM,03 QUEENS,4010330043,QUEENS,1014973,218254,PHONE,Unspecified,QUEENS,,,,,,,,40.765679841774315,-73.8890896779018,"(40.765679841774315, -73.8890896779018)"
56523929,01/13/2023 10:49:58 AM,02/03/2023 01:19:23 PM,DSNY,Department of Sanitation,Dirty Condition,Dog Waste,Sidewalk,10030,138 WEST  133 STREET,WEST  133 STREET,LENOX AVENUE,ADAM CLAYTON POWELL JR BOULEVARD,LENOX AVENUE,ADAM CLAYTON POWELL JR BOULEVARD,ADDRESS,NEW YORK,WEST  133 STREET,,Closed,,The Department of Sanitation investigated this complaint and found no violation at the location.,02/03/2023 01:19:27 PM,10 MANHATTAN,1019170048,MANHATTAN,999965,235627,ONLINE,Unspecified,MANHATTAN,,,,,,,,40.81340346701708,-73.94322803135984,"(40.81340346701708, -73.94322803135984)"
56523852,01/13/2023 08:09:04 AM,01/27/2023 07:58:54 AM,DSNY,Department of Sanitation,Dirty Condition,Dog Waste,Sidewalk,11370,71-11 ASTORIA BOULEVARD,ASTORIA BOULEVARD,71 STREET,72 STREET,71 STREET,72 STREET,ADDRESS,EAST ELMHURST,ASTORIA BOULEVARD,,Closed,,The Department of Sanitation investigated this complaint and found no violation at the location.,01/27/2023 07:58:59 AM,01 QUEENS,4010030011,QUEENS,1012591,218793,PHONE,Unspecified,QUEENS,,,,,,,,40.76716721330066,-73.89768643971189,"(40.76716721330066, -73.89768643971189)"
56516564,01/13/2023 07:53:09 AM,01/27/2023 01:09:31 PM,DSNY,Department of Sanitation,Dirty Condition,Dog Waste,Sidewalk,11207,LINDEN BOULEVARD,LINDEN BOULEVARD,LINDEN BOULEVARD,VERMONT STREET,LINDEN BOULEVARD,VERMONT STREET,INTERSECTION,,,,Closed,,The Department of Sanitation investigated this complaint and found no violation at the location.,01/27/2023 01:09:36 PM,05 BROOKLYN,,BROOKLYN,1015048,179488,PHONE,Unspecified,BROOKLYN,,,,,,,,40.65927624298767,-73.888996267319,"(40.65927624298767, -73.888996267319)"
56520219,01/13/2023 02:27:17 AM,01/27/2023 07:58:13 AM,DSNY,Department of Sanitation,Dirty Condition,Dog Waste,Sidewalk,11691,22-35 NAMEOKE STREET,NAMEOKE STREET,PINSON STREET,CHANDLER STREET,PINSON STREET,CHANDLER STREET,ADDRESS,FAR ROCKAWAY,NAMEOKE STREET,,Closed,,The Department of Sanitation investigated this complaint and found no violation at the location.,01/27/2023 07:58:19 AM,14 QUEENS,4156600032,QUEENS,1052117,161020,ONLINE,Unspecified,QUEENS,,,,,,,,40.60837917402405,-73.75557651082752,"(40.60837917402405, -73.75557651082752)"
56508011,01/12/2023 05:18:40 PM,01/21/2023 12:38:17 PM,DSNY,Department of Sanitation,Dirty Condition,Dog Waste,Sidewalk,10452,1437 SHAKESPEARE AVENUE,SHAKESPEARE AVENUE,JESUP PLACE,WEST  172 STREET,JESUP PLACE,WEST  172 STREET,ADDRESS,BRONX,SHAKESPEARE AVENUE,,Closed,,The Department of Sanitation investigated this complaint and found no violation at the location.,01/21/2023 12:38:22 PM,04 BRONX,2028730054,BRONX,1006166,246277,PHONE,Unspecified,BRONX,,,,,,,,40.84262145631695,-73.92079153549686,"(40.84262145631695, -73.92079153549686)"
56507677,01/12/2023 04:02:30 PM,01/26/2023 03:29:26 PM,DSNY,Department of Sanitation,Dirty Condition,Dog Waste,Sidewalk,10456,1129 TELLER AVENUE,TELLER AVENUE,EAST  166 STREET,EAST  167 STREET,EAST  166 STREET,EAST  167 STREET,ADDRESS,BRONX,TELLER AVENUE,,Closed,,The Department of Sanitation investigated this complaint and found no violation at the location.,01/26/2023 03:29:31 PM,04 BRONX,2024340074,BRONX,1008421,241867,ONLINE,Unspecified,BRONX,,,,,,,,40.830511404697546,-73.9126574471172,"(40.830511404697546, -73.9126574471172)"
56506762,01/12/2023 02:34:41 PM,01/18/2023 09:31:47 AM,DSNY,Department of Sanitation,Dirty Condition,Dog Waste,Sidewalk,11226,CATON AVENUE,CATON AVENUE,DR ROY HASTICK SR WAY,BEDFORD AVENUE,DR ROY HASTICK SR WAY,BEDFORD AVENUE,BLOCKFACE,,,,Closed,,The Department of Sanitation investigated this complaint and found no violation at the location.,01/18/2023 09:31:23 AM,Unspecified BROOKLYN,,BROOKLYN,,,PHONE,Unspecified,BROOKLYN,,,,,,,,,,
56512009,01/12/2023 12:52:59 PM,01/20/2023 12:52:16 PM,DSNY,Department of Sanitation,Dirty Condition,Dog Waste,Sidewalk,10451,831 COURTLANDT AVENUE,COURTLANDT AVENUE,EAST  159 STREET,EAST  160 STREET,EAST  159 STREET,EAST  160 STREET,ADDRESS,BRONX,COURTLANDT AVENUE,,Closed,,The Department of Sanitation investigated this complaint and found no violation at the location.,01/20/2023 12:52:20 PM,03 BRONX,2024190119,BRONX,1007457,239352,ONLINE,Unspecified,BRONX,,,,,,,,40.82361103560982,-73.91614958393767,"(40.82361103560982, -73.91614958393767)"
56507712,01/12/2023 12:37:38 PM,01/19/2023 04:54:38 PM,DSNY,Department of Sanitation,Dirty Condition,Dog Waste,Sidewalk,11369,100-02 32 AVENUE,32 AVENUE,100 STREET,101 STREET,100 STREET,101 STREET,ADDRESS,EAST ELMHURST,32 AVENUE,,Closed,,The Department of Sanitation investigated this complaint and found no violation at the location.,01/19/2023 04:54:44 PM,03 QUEENS,4016950101,QUEENS,1020639,215899,PHONE,Unspecified,QUEENS,,,,,,,,40.75919447362238,-73.86864814038915,"(40.75919447362238, -73.86864814038915)"
56512400,01/12/2023 10:42:22 AM,01/20/2023 01:36:01 PM,DSNY,Department of Sanitation,Dirty Condition,Dog Waste,Sidewalk,10035,2105 5 AVENUE,5 AVENUE,EAST  129 STREET,EAST  130 STREET,EAST  129 STREET,EAST  130 STREET,ADDRESS,NEW YORK,5 AVENUE,,Closed,,The Department of Sanitation investigated this complaint and found no violation at the location.,01/20/2023 01:36:06 PM,11 MANHATTAN,1017540003,MANHATTAN,1000806,234107,ONLINE,Unspecified,MANHATTAN,,,,,,,,40.8092299545538,-73.94019358688337,"(40.8092299545538, -73.94019358688337)"
56510835,01/12/2023 09:18:14 AM,01/24/2023 11:18:34 AM,DSNY,Department of Sanitation,Dirty Condition,Dog Waste,Sidewalk,11368,57 AVENUE,57 AVENUE,57 AVENUE,97 STREET,57 AVENUE,97 STREET,INTERSECTION,,,,Closed,,The Department of Sanitation investigated this complaint and found no violation at the location.,01/24/2023 11:18:38 AM,04 QUEENS,,QUEENS,1021926,207874,PHONE,Unspecified,QUEENS,,,,,,,,40.73716250378715,-73.86404747543436,"(40.73716250378715, -73.86404747543436)"
56502347,01/11/2023 07:41:46 PM,01/14/2023 01:30:36 PM,DSNY,Department of Sanitation,Dirty Condition,Dog Waste,Sidewalk,10458,2640 BRIGGS AVENUE,BRIGGS AVENUE,EAST  194 STREET,EAST  196 STREET,EAST  194 STREET,EAST  196 STREET,ADDRESS,BRONX,BRIGGS AVENUE,,Closed,,The Department of Sanitation investigated this complaint and found no violation at the location.,01/14/2023 01:30:41 PM,07 BRONX,,BRONX,1013983,254554,ONLINE,Unspecified,BRONX,,,,,,,,40.865316478808296,-73.89250277048795,"(40.865316478808296, -73.89250277048795)"
56501045,01/11/2023 03:43:20 PM,01/20/2023 12:58:34 PM,DSNY,Department of Sanitation,Dirty Condition,Dog Waste,Sidewalk,10459,1408 PROSPECT AVENUE,PROSPECT AVENUE,JENNINGS STREET,EAST  170 STREET,JENNINGS STREET,EAST  170 STREET,ADDRESS,BRONX,PROSPECT AVENUE,,Closed,,The Department of Sanitation investigated this complaint and found no violation at the location.,01/20/2023 12:58:39 PM,03 BRONX,2029630004,BRONX,1012865,242553,ONLINE,Unspecified,BRONX,,,,,,,,40.832380996317795,-73.89659602221539,"(40.832380996317795, -73.89659602221539)"
56505363,01/11/2023 11:18:49 AM,02/04/2023 04:14:04 PM,DSNY,Department of Sanitation,Dirty Condition,Dog Waste,Sidewalk,10031,WEST  149 STREET,WEST  149 STREET,BROADWAY,RIVERSIDE DRIVE,BROADWAY,RIVERSIDE DRIVE,BLOCKFACE,,,,Closed,,The Department of Sanitation investigated this complaint and found no condition at the location.,02/04/2023 04:14:09 PM,Unspecified MANHATTAN,,MANHATTAN,,,PHONE,Unspecified,MANHATTAN,,,,,,,,,,
56501075,01/11/2023 09:56:01 AM,01/18/2023 09:30:54 AM,DSNY,Department of Sanitation,Dirty Condition,Dog Waste,Sidewalk,11216,1031 BERGEN STREET,BERGEN STREET,ROGERS AVENUE,NOSTRAND AVENUE,ROGERS AVENUE,NOSTRAND AVENUE,ADDRESS,BROOKLYN,BERGEN STREET,,Closed,,The Department of Sanitation investigated this complaint and found no violation at the location.,01/18/2023 09:31:00 AM,08 BROOKLYN,3012120001,BROOKLYN,997542,185645,ONLINE,Unspecified,BROOKLYN,,,,,,,,40.67621941811614,-73.95208013061327,"(40.67621941811614, -73.95208013061327)"
56497409,01/11/2023 08:41:46 AM,01/18/2023 09:30:08 AM,DSNY,Department of Sanitation,Dirty Condition,Dog Waste,Sidewalk,11226,50 LENOX ROAD,LENOX ROAD,FLATBUSH AVENUE,BEDFORD AVENUE,FLATBUSH AVENUE,BEDFORD AVENUE,ADDRESS,BROOKLYN,LENOX ROAD,,Closed,,The Department of Sanitation investigated this complaint and found no violation at the location.,01/18/2023 09:29:46 AM,14 BROOKLYN,3050830032,BROOKLYN,995951,177427,ONLINE,Unspecified,BROOKLYN,,,,,,,,40.653665079899866,-73.95783021184418,"(40.653665079899866, -73.95783021184418)"
56505901,01/11/2023 08:37:11 AM,01/18/2023 09:29:37 AM,DSNY,Department of Sanitation,Dirty Condition,Dog Waste,Sidewalk,11225,315 ROGERS AVENUE,ROGERS AVENUE,CROWN STREET,MONTGOMERY STREET,CROWN STREET,MONTGOMERY STREET,ADDRESS,BROOKLYN,ROGERS AVENUE,,Closed,,The Department of Sanitation investigated this complaint and found no violation at the location.,01/18/2023 09:29:45 AM,09 BROOKLYN,3012960002,BROOKLYN,997106,181825,ONLINE,Unspecified,BROOKLYN,,,,,,,,40.66573501845167,-73.9536592683162,"(40.66573501845167, -73.9536592683162)"
56500972,01/11/2023 08:19:21 AM,01/18/2023 09:29:12 AM,DSNY,Department of Sanitation,Dirty Condition,Dog Waste,Sidewalk,11226,CATON AVENUE,CATON AVENUE,CATON AVENUE,FLATBUSH AVENUE,CATON AVENUE,FLATBUSH AVENUE,INTERSECTION,,,,Closed,,The Department of Sanitation investigated this complaint and found no violation at the location.,01/18/2023 09:29:20 AM,14 BROOKLYN,,BROOKLYN,995535,177158,PHONE,Unspecified,BROOKLYN,,,,,,,,40.652927273569205,-73.95932990383668,"(40.652927273569205, -73.95932990383668)"
56494733,01/10/2023 06:18:50 PM,01/17/2023 01:37:08 PM,DSNY,Department of Sanitation,Dirty Condition,Dog Waste,Sidewalk,10469,3570 BRONXWOOD AVENUE,BRONXWOOD AVENUE,TILDEN STREET,EAST  213 STREET,TILDEN STREET,EAST  213 STREET,ADDRESS,BRONX,BRONXWOOD AVENUE,,Closed,,The Department of Sanitation investigated this complaint and found no violation at the location.,01/17/2023 01:37:12 PM,12 BRONX,2046830047,BRONX,1023082,258877,ONLINE,Unspecified,BRONX,,,,,,,,40.87714643799413,-73.85958107588502,"(40.87714643799413, -73.85958107588502)"
56491531,01/10/2023 04:18:00 PM,01/20/2023 01:10:54 PM,DSNY,Department of Sanitation,Dirty Condition,Dog Waste,Sidewalk,10031,3500 BROADWAY,BROADWAY,WEST  143 STREET,WEST  144 STREET,WEST  143 STREET,WEST  144 STREET,ADDRESS,NEW YORK,BROADWAY,,Closed,,The Department of Sanitation investigated this complaint and found no violation at the location.,01/20/2023 01:10:55 PM,09 MANHATTAN,1020750001,MANHATTAN,997724,239933,ONLINE,Unspecified,MANHATTAN,,,,,,,,40.82522592469035,-73.95131521477316,"(40.82522592469035, -73.95131521477316)"
56493714,01/10/2023 03:38:34 PM,01/17/2023 01:35:47 PM,DSNY,Department of Sanitation,Dirty Condition,Dog Waste,Sidewalk,10467,BARNES AVENUE,BARNES AVENUE,BARNES AVENUE,EAST  211 STREET,BARNES AVENUE,EAST  211 STREET,INTERSECTION,,,,Closed,,The Department of Sanitation investigated this complaint and found no violation at the location.,01/17/2023 01:35:52 PM,12 BRONX,,BRONX,1022510,259022,PHONE,Unspecified,BRONX,,,,,,,,40.87754691578263,-73.86164863182397,"(40.87754691578263, -73.86164863182397)"
56490184,01/10/2023 02:59:04 PM,01/20/2023 04:09:09 PM,DSNY,Department of Sanitation,Dirty Condition,Dog Waste,Sidewalk,11385,74-05 MYRTLE AVENUE,MYRTLE AVENUE,74 STREET,75 STREET,74 STREET,75 STREET,ADDRESS,RIDGEWOOD,MYRTLE AVENUE,,Closed,,The Department of Sanitation investigated this complaint and found no violation at the location.,01/20/2023 04:09:14 PM,05 QUEENS,4038240048,QUEENS,1019105,195233,ONLINE,Unspecified,QUEENS,,,,,,,,40.70247760652326,-73.87429240025888,"(40.70247760652326, -73.87429240025888)"
56553222,01/10/2023 11:33:26 AM,01/23/2023 08:09:26 AM,DSNY,Department of Sanitation,Dirty Condition,Dog Waste,Sidewalk,11421,88-60 76 STREET,76 STREET,88 AVENUE,90 AVENUE,88 AVENUE,90 AVENUE,ADDRESS,WOODHAVEN,76 STREET,,Closed,,The Department of Sanitation investigated this complaint and found no violation at the location.,01/23/2023 08:09:31 AM,09 QUEENS,4089000030,QUEENS,1021670,190367,PHONE,Unspecified,QUEENS,,,,,,,,40.68911110720592,-73.86506855081224,"(40.68911110720592, -73.86506855081224)"
56492782,01/10/2023 11:04:01 AM,01/20/2023 04:26:52 PM,DSNY,Department of Sanitation,Dirty Condition,Dog Waste,Sidewalk,10002,161 RIVINGTON STREET,RIVINGTON STREET,SUFFOLK STREET,CLINTON STREET,SUFFOLK STREET,CLINTON STREET,ADDRESS,NEW YORK,RIVINGTON STREET,,Closed,,The Department of Sanitation investigated this complaint and found no violation at the location.,01/20/2023 04:26:57 PM,03 MANHATTAN,1003480020,MANHATTAN,988331,201278,PHONE,Unspecified,MANHATTAN,,,,,,,,40.71913739967837,-73.98527784317642,"(40.71913739967837, -73.98527784317642)"
56496282,01/10/2023 10:40:22 AM,01/18/2023 09:28:29 AM,DSNY,Department of Sanitation,Dirty Condition,Dog Waste,Sidewalk,11249,109 SOUTH    5 STREET,SOUTH    5 STREET,BERRY STREET,BEDFORD AVENUE,BERRY STREET,BEDFORD AVENUE,ADDRESS,BROOKLYN,SOUTH    5 STREET,,Closed,,The Department of Sanitation investigated this complaint and found no violation at the location.,01/18/2023 09:28:34 AM,01 BROOKLYN,3024430034,BROOKLYN,994193,198477,PHONE,Unspecified,BROOKLYN,,,,,,,,40.711444678903334,-73.96413488977086,"(40.711444678903334, -73.96413488977086)"
56503477,01/10/2023 12:14:11 AM,01/11/2023 12:28:27 PM,DSNY,Department of Sanitation,Dirty Condition,Dog Waste,Sidewalk,10308,21 COUNTRY WOODS LANE,COUNTRY WOODS LANE,CORBIN AVENUE,SANDALWOOD DRIVE,CORBIN AVENUE,SANDALWOOD DRIVE,ADDRESS,STATEN ISLAND,COUNTRY WOODS LANE,,Closed,,The Department of Sanitation investigated this complaint and found no violation at the location.,01/11/2023 12:28:31 PM,03 STATEN ISLAND,5045830100,STATEN ISLAND,943070,144354,ONLINE,Unspecified,STATEN ISLAND,,,,,,,,40.56279859025549,-74.14820875514296,"(40.56279859025549, -74.14820875514296)"
56486761,01/09/2023 06:01:59 PM,01/18/2023 09:27:51 AM,DSNY,Department of Sanitation,Dirty Condition,Dog Waste,Sidewalk,11208,357 LINWOOD STREET,LINWOOD STREET,ATLANTIC AVENUE,LIBERTY AVENUE,ATLANTIC AVENUE,LIBERTY AVENUE,ADDRESS,BROOKLYN,LINWOOD STREET,,Closed,,The Department of Sanitation investigated this complaint and found no violation at the location.,01/18/2023 09:27:30 AM,05 BROOKLYN,3039710003,BROOKLYN,1016600,185934,PHONE,Unspecified,BROOKLYN,,,,,,,,40.676963526450166,-73.88337154289161,"(40.676963526450166, -73.88337154289161)"
56481788,01/09/2023 05:26:35 PM,01/18/2023 09:27:18 AM,DSNY,Department of Sanitation,Dirty Condition,Dog Waste,Sidewalk,11211,49 OLIVE STREET,OLIVE STREET,DEVOE STREET,METROPOLITAN AVENUE,DEVOE STREET,METROPOLITAN AVENUE,ADDRESS,BROOKLYN,OLIVE STREET,,Closed,,The Department of Sanitation investigated this complaint and found no violation at the location.,01/18/2023 09:26:52 AM,01 BROOKLYN,3029160043,BROOKLYN,1001218,199487,ONLINE,Unspecified,BROOKLYN,,,,,,,,40.714206204048715,-73.93879267462778,"(40.714206204048715, -73.93879267462778)"
56480371,01/09/2023 05:18:30 PM,01/14/2023 01:04:05 PM,DSNY,Department of Sanitation,Dirty Condition,Dog Waste,Sidewalk,11236,1284 EAST   91 STREET,EAST   91 STREET,CHURCH LANE,AVENUE K,CHURCH LANE,AVENUE K,ADDRESS,BROOKLYN,EAST   91 STREET,,Closed,,The Department of Sanitation investigated this complaint and found no violation at the location.,01/14/2023 01:04:10 PM,18 BROOKLYN,3082177501,BROOKLYN,1011304,171845,PHONE,Unspecified,BROOKLYN,,,,,,,,40.63831010844153,-73.90252122720607,"(40.63831010844153, -73.90252122720607)"
56481965,01/09/2023 04:04:16 PM,01/17/2023 08:33:16 AM,DSNY,Department of Sanitation,Dirty Condition,Dog Waste,Sidewalk,11236,EAST   91 STREET,EAST   91 STREET,AVENUE J,AVENUE K,AVENUE J,AVENUE K,BLOCKFACE,,,,Closed,,The Department of Sanitation investigated this complaint and found no violation at the location.,01/17/2023 08:33:20 AM,Unspecified BROOKLYN,,BROOKLYN,,,ONLINE,Unspecified,BROOKLYN,,,,,,,,,,
56485961,01/09/2023 02:01:57 PM,01/11/2023 12:35:50 PM,DSNY,Department of Sanitation,Dirty Condition,Dog Waste,Sidewalk,10312,11 RANKIN STREET,RANKIN STREET,PRESTON AVENUE,WOODS OF ARDEN ROAD,PRESTON AVENUE,WOODS OF ARDEN ROAD,ADDRESS,STATEN ISLAND,RANKIN STREET,,Closed,,The Department of Sanitation investigated this complaint and found no violation at the location.,01/11/2023 12:35:57 PM,03 STATEN ISLAND,5053340012,STATEN ISLAND,938852,135247,PHONE,Unspecified,STATEN ISLAND,,,,,,,,40.537781060126484,-74.16332838878733,"(40.537781060126484, -74.16332838878733)"
56480710,01/09/2023 01:43:43 PM,02/04/2023 04:17:53 PM,DSNY,Department of Sanitation,Dirty Condition,Dog Waste,Sidewalk,10024,320 WEST   89 STREET,WEST   89 STREET,WEST END AVENUE,RIVERSIDE DRIVE,WEST END AVENUE,RIVERSIDE DRIVE,ADDRESS,NEW YORK,WEST   89 STREET,,Closed,,The Department of Sanitation investigated this complaint and found no condition at the location.,02/04/2023 04:18:00 PM,07 MANHATTAN,1012500047,MANHATTAN,990589,227490,PHONE,Unspecified,MANHATTAN,,,,,,,,40.791081335887306,-73.9771074244414,"(40.791081335887306, -73.9771074244414)"
56482492,01/09/2023 12:43:09 PM,01/12/2023 03:53:35 PM,DSNY,Department of Sanitation,Dirty Condition,Dog Waste,Sidewalk,10472,2039 BLACKROCK AVENUE,BLACKROCK AVENUE,PUGSLEY AVENUE,OLMSTEAD AVENUE,PUGSLEY AVENUE,OLMSTEAD AVENUE,ADDRESS,BRONX,BLACKROCK AVENUE,,Closed,,The Department of Sanitation investigated this complaint and found no violation at the location.,01/12/2023 03:53:39 PM,09 BRONX,2037990012,BRONX,1024323,241122,PHONE,Unspecified,BRONX,,,,,,,,40.828408760576224,-73.8551996801548,"(40.828408760576224, -73.8551996801548)"
56480366,01/09/2023 11:05:43 AM,01/18/2023 09:26:35 AM,DSNY,Department of Sanitation,Dirty Condition,Dog Waste,Sidewalk,11205,945 BEDFORD AVENUE,BEDFORD AVENUE,WILLOUGHBY AVENUE,DEKALB AVENUE,WILLOUGHBY AVENUE,DEKALB AVENUE,ADDRESS,BROOKLYN,BEDFORD AVENUE,,Closed,,The Department of Sanitation investigated this complaint and found no violation at the location.,01/18/2023 09:26:10 AM,03 BROOKLYN,3017627506,BROOKLYN,996571,191303,ONLINE,Unspecified,BROOKLYN,,,,,,,,40.69175073998438,-73.95557040044193,"(40.69175073998438, -73.95557040044193)"
56470801,01/08/2023 12:46:00 PM,01/14/2023 03:55:16 PM,DSNY,Department of Sanitation,Dirty Condition,Dog Waste,Sidewalk,11212,165 ROCKAWAY PARKWAY,ROCKAWAY PARKWAY,WINTHROP STREET,CLARKSON AVENUE,WINTHROP STREET,CLARKSON AVENUE,ADDRESS,BROOKLYN,ROCKAWAY PARKWAY,,Closed,,The Department of Sanitation investigated this complaint and found no violation at the location.,01/14/2023 03:55:22 PM,17 BROOKLYN,3046330001,BROOKLYN,1005986,180655,ONLINE,Unspecified,BROOKLYN,,,,,,,,40.662506281653165,-73.92165420995485,"(40.662506281653165, -73.92165420995485)"
56476486,01/08/2023 11:04:55 AM,01/11/2023 12:28:23 PM,DSNY,Department of Sanitation,Dirty Condition,Dog Waste,Sidewalk,10308,21 COUNTRY WOODS LANE,COUNTRY WOODS LANE,CORBIN AVENUE,SANDALWOOD DRIVE,CORBIN AVENUE,SANDALWOOD DRIVE,ADDRESS,STATEN ISLAND,COUNTRY WOODS LANE,,Closed,,The Department of Sanitation investigated this complaint and found no violation at the location.,01/11/2023 12:28:31 PM,03 STATEN ISLAND,5045830100,STATEN ISLAND,943070,144354,ONLINE,Unspecified,STATEN ISLAND,,,,,,,,40.56279859025549,-74.14820875514296,"(40.56279859025549, -74.14820875514296)"
56473966,01/08/2023 11:01:30 AM,01/17/2023 08:30:30 AM,DSNY,Department of Sanitation,Dirty Condition,Dog Waste,Sidewalk,11236,714 ROCKAWAY PARKWAY,ROCKAWAY PARKWAY,AVENUE B,DITMAS AVENUE,AVENUE B,DITMAS AVENUE,ADDRESS,BROOKLYN,ROCKAWAY PARKWAY,,Closed,,The Department of Sanitation investigated this complaint and found no violation at the location.,01/17/2023 08:30:34 AM,17 BROOKLYN,3081140057,BROOKLYN,1009184,176882,ONLINE,Unspecified,BROOKLYN,,,,,,,,40.65214180163375,-73.91014121575992,"(40.65214180163375, -73.91014121575992)"
56474179,01/08/2023 10:16:17 AM,01/15/2023 04:41:54 PM,DSNY,Department of Sanitation,Dirty Condition,Dog Waste,Sidewalk,10465,244 PRENTISS AVENUE,PRENTISS AVENUE,THROGS NECK EXPRESSWAY,WISSMAN AVENUE,THROGS NECK EXPRESSWAY,WISSMAN AVENUE,ADDRESS,BRONX,PRENTISS AVENUE,,Closed,,The Department of Sanitation investigated this complaint and found no condition at the location.,01/15/2023 04:41:58 PM,10 BRONX,2055180136,BRONX,1036943,238058,ONLINE,Unspecified,BRONX,,,,,,,,40.819932696191565,-73.80962258993931,"(40.819932696191565, -73.80962258993931)"
56475768,01/08/2023 10:05:46 AM,01/10/2023 11:36:50 AM,DSNY,Department of Sanitation,Dirty Condition,Dog Waste,Sidewalk,10303,39 BIRCH ROAD,BIRCH ROAD,KNOLLWOOD COURT,ROSECLIFF ROAD,KNOLLWOOD COURT,ROSECLIFF ROAD,ADDRESS,STATEN ISLAND,BIRCH ROAD,,Closed,,The Department of Sanitation investigated this complaint and found no violation at the location.,01/10/2023 11:36:57 AM,01 STATEN ISLAND,5016740060,STATEN ISLAND,938866,166708,ONLINE,Unspecified,STATEN ISLAND,,,,,,,,40.62413519997465,-74.16348927068512,"(40.62413519997465, -74.16348927068512)"
56474757,01/08/2023 08:37:27 AM,02/03/2023 01:19:22 PM,DSNY,Department of Sanitation,Dirty Condition,Dog Waste,Sidewalk,10030,138 WEST  133 STREET,WEST  133 STREET,LENOX AVENUE,ADAM CLAYTON POWELL JR BOULEVARD,LENOX AVENUE,ADAM CLAYTON POWELL JR BOULEVARD,ADDRESS,NEW YORK,WEST  133 STREET,,Closed,,The Department of Sanitation investigated this complaint and found no violation at the location.,02/03/2023 01:19:26 PM,10 MANHATTAN,1019170048,MANHATTAN,999965,235627,ONLINE,Unspecified,MANHATTAN,,,,,,,,40.81340346701708,-73.94322803135984,"(40.81340346701708, -73.94322803135984)"
56465622,01/07/2023 07:50:19 PM,01/25/2023 06:14:06 AM,DSNY,Department of Sanitation,Dirty Condition,Dog Waste,Sidewalk,10454,483 EAST  138 STREET,EAST  138 STREET,WILLIS AVENUE,BROWN PLACE,WILLIS AVENUE,BROWN PLACE,ADDRESS,BRONX,EAST  138 STREET,,Closed,,The Department of Sanitation investigated this complaint and found no violation at the location.,01/25/2023 06:14:11 AM,01 BRONX,2022830040,BRONX,1006254,233704,PHONE,Unspecified,BRONX,,,,,,,,40.80811194260552,-73.92051472049434,"(40.80811194260552, -73.92051472049434)"
56469644,01/07/2023 07:28:49 PM,01/12/2023 01:00:25 PM,DSNY,Department of Sanitation,Dirty Condition,Dog Waste,Sidewalk,10459,763 JENNINGS STREET,JENNINGS STREET,UNION AVENUE,PROSPECT AVENUE,UNION AVENUE,PROSPECT AVENUE,ADDRESS,BRONX,JENNINGS STREET,,Closed,,The Department of Sanitation investigated this complaint and found no violation at the location.,01/12/2023 01:00:29 PM,03 BRONX,2029620052,BRONX,1012607,242374,ONLINE,Unspecified,BRONX,,,,,,,,40.831890525262125,-73.89752909416829,"(40.831890525262125, -73.89752909416829)"
56466527,01/07/2023 02:50:56 PM,01/11/2023 01:54:41 PM,DSNY,Department of Sanitation,Dirty Condition,Dog Waste,Sidewalk,11435,109-13 PINEGROVE STREET,PINEGROVE STREET,109 AVENUE,FERNDALE AVENUE,109 AVENUE,FERNDALE AVENUE,ADDRESS,JAMAICA,PINEGROVE STREET,,Closed,,The Department of Sanitation investigated this complaint and issued a Notice of Violation.,01/11/2023 01:54:47 PM,12 QUEENS,4119340046,QUEENS,1038983,190238,PHONE,Unspecified,QUEENS,,,,,,,,40.68866690129929,-73.80264144476637,"(40.68866690129929, -73.80264144476637)"
56469360,01/07/2023 02:26:28 PM,01/11/2023 01:43:31 PM,DSNY,Department of Sanitation,Dirty Condition,Dog Waste,Sidewalk,11223,1749 DAHILL ROAD,DAHILL ROAD,QUENTIN ROAD,KINGS HIGHWAY,QUENTIN ROAD,KINGS HIGHWAY,ADDRESS,BROOKLYN,DAHILL ROAD,,Closed,,The Department of Sanitation investigated this complaint and found no violation at the location.,01/11/2023 01:43:39 PM,11 BROOKLYN,3066570073,BROOKLYN,991636,159858,ONLINE,Unspecified,BROOKLYN,,,,,,,,40.605446534779006,-73.97340047039255,"(40.605446534779006, -73.97340047039255)"
56468585,01/07/2023 01:47:57 PM,01/14/2023 02:01:12 PM,DSNY,Department of Sanitation,Dirty Condition,Dog Waste,Sidewalk,11234,2136 BERGEN AVENUE,BERGEN AVENUE,AVENUE U,AVENUE V,AVENUE U,AVENUE V,ADDRESS,BROOKLYN,BERGEN AVENUE,,Closed,,The Department of Sanitation investigated this complaint and found no violation at the location.,01/14/2023 02:01:18 PM,18 BROOKLYN,3084350057,BROOKLYN,1011156,165729,PHONE,Unspecified,BROOKLYN,,,,,,,,40.621523440313524,-73.90307887059437,"(40.621523440313524, -73.90307887059437)"
56467699,01/07/2023 01:26:50 PM,01/20/2023 01:13:45 PM,DSNY,Department of Sanitation,Dirty Condition,Dog Waste,Sidewalk,10024,313 WEST   88 STREET,WEST   88 STREET,WEST END AVENUE,RIVERSIDE DRIVE,WEST END AVENUE,RIVERSIDE DRIVE,ADDRESS,NEW YORK,WEST   88 STREET,,Closed,,The Department of Sanitation investigated this complaint and found no violation at the location.,01/20/2023 01:14:36 PM,07 MANHATTAN,1012500024,MANHATTAN,990500,227248,ONLINE,Unspecified,MANHATTAN,,,,,,,,40.79041717441406,-73.9774290629666,"(40.79041717441406, -73.9774290629666)"
56466852,01/07/2023 12:56:39 PM,01/10/2023 08:17:48 AM,DSNY,Department of Sanitation,Dirty Condition,Dog Waste,Sidewalk,11214,1964 84 STREET,84 STREET,19 AVENUE,20 AVENUE,19 AVENUE,20 AVENUE,ADDRESS,BROOKLYN,84 STREET,,Closed,,The Department of Sanitation investigated this complaint and found no violation at the location.,01/10/2023 08:17:55 AM,11 BROOKLYN,3063330031,BROOKLYN,984829,160162,PHONE,Unspecified,BROOKLYN,,,,,,,,40.606284011812726,-73.99791479547764,"(40.606284011812726, -73.99791479547764)"
56463600,01/07/2023 12:48:38 PM,01/17/2023 12:19:46 PM,DSNY,Department of Sanitation,Dirty Condition,Dog Waste,Sidewalk,11691,403 BEACH   46 STREET,BEACH   46 STREET,BEACH CHANNEL DRIVE,NORTON AVENUE,BEACH CHANNEL DRIVE,NORTON AVENUE,ADDRESS,FAR ROCKAWAY,BEACH   46 STREET,,Closed,,The Department of Sanitation investigated this complaint and found no violation at the location.,01/17/2023 12:19:52 PM,14 QUEENS,4159690076,QUEENS,1046054,156481,ONLINE,Unspecified,QUEENS,,,,,,,,40.595964942918116,-73.77745388147376,"(40.595964942918116, -73.77745388147376)"
56464665,01/07/2023 09:55:33 AM,01/10/2023 08:17:16 AM,DSNY,Department of Sanitation,Dirty Condition,Dog Waste,Sidewalk,11234,1763 EAST   52 STREET,EAST   52 STREET,AVENUE O,FILLMORE AVENUE,AVENUE O,FILLMORE AVENUE,ADDRESS,BROOKLYN,EAST   52 STREET,,Closed,,The Department of Sanitation investigated this complaint and found no violation at the location.,01/10/2023 08:17:20 AM,18 BROOKLYN,3084920032,BROOKLYN,1005177,163769,ONLINE,Unspecified,BROOKLYN,,,,,,,,40.616159790078136,-73.92462256237347,"(40.616159790078136, -73.92462256237347)"
56456232,01/06/2023 07:47:09 PM,01/13/2023 04:43:30 PM,DSNY,Department of Sanitation,Dirty Condition,Dog Waste,Sidewalk,10467,2418 OLINVILLE AVENUE,OLINVILLE AVENUE,WARING AVENUE,MACE AVENUE,WARING AVENUE,MACE AVENUE,ADDRESS,BRONX,OLINVILLE AVENUE,,Closed,,The Department of Sanitation investigated this complaint and found no violation at the location.,01/13/2023 04:43:34 PM,11 BRONX,2044260010,BRONX,1020632,253313,ONLINE,Unspecified,BRONX,,,,,,,,40.86188541358537,-73.86847062460491,"(40.86188541358537, -73.86847062460491)"
56459298,01/06/2023 03:36:53 PM,01/17/2023 12:19:23 PM,DSNY,Department of Sanitation,Dirty Condition,Dog Waste,Sidewalk,11691,1307 CENTRAL AVENUE,CENTRAL AVENUE,WHEATLEY STREET,NEILSON STREET,WHEATLEY STREET,NEILSON STREET,ADDRESS,FAR ROCKAWAY,CENTRAL AVENUE,,Closed,,The Department of Sanitation investigated this complaint and found no violation at the location.,01/17/2023 12:19:28 PM,14 QUEENS,4155410001,QUEENS,1053833,160628,PHONE,Unspecified,QUEENS,,,,,,,,40.60728991000197,-73.74940039663997,"(40.60728991000197, -73.74940039663997)"
56461454,01/06/2023 02:06:42 PM,01/10/2023 08:16:44 AM,DSNY,Department of Sanitation,Dirty Condition,Dog Waste,Sidewalk,11211,366 HEWES STREET,HEWES STREET,SOUTH    4 STREET,SOUTH    3 STREET,SOUTH    4 STREET,SOUTH    3 STREET,ADDRESS,BROOKLYN,HEWES STREET,,Closed,,The Department of Sanitation investigated this complaint and found no violation at the location.,01/10/2023 08:16:50 AM,01 BROOKLYN,3024390001,BROOKLYN,997663,197205,PHONE,Unspecified,BROOKLYN,,,,,,,,40.70794876104247,-73.9516208884894,"(40.70794876104247, -73.9516208884894)"
56457121,01/06/2023 02:03:28 PM,01/10/2023 08:16:42 AM,DSNY,Department of Sanitation,Dirty Condition,Dog Waste,Sidewalk,11211,366 HEWES STREET,HEWES STREET,SOUTH    4 STREET,SOUTH    3 STREET,SOUTH    4 STREET,SOUTH    3 STREET,ADDRESS,BROOKLYN,HEWES STREET,,Closed,,The Department of Sanitation investigated this complaint and found no violation at the location.,01/10/2023 08:16:47 AM,01 BROOKLYN,3024390001,BROOKLYN,997663,197205,PHONE,Unspecified,BROOKLYN,,,,,,,,40.70794876104247,-73.9516208884894,"(40.70794876104247, -73.9516208884894)"
56461366,01/06/2023 01:27:38 PM,01/21/2023 01:02:56 PM,DSNY,Department of Sanitation,Dirty Condition,Dog Waste,Sidewalk,10473,2040 BRUCKNER BOULEVARD,BRUCKNER BOULEVARD,PUGSLEY AVENUE,OLMSTEAD AVENUE,PUGSLEY AVENUE,OLMSTEAD AVENUE,ADDRESS,BRONX,BRUCKNER BOULEVARD,,Closed,,The Department of Sanitation investigated this complaint and found no condition at the location.,01/21/2023 01:03:03 PM,09 BRONX,2036820001,BRONX,1024397,240317,ONLINE,Unspecified,BRONX,,,,,,,,40.8261989321845,-73.85493710507038,"(40.8261989321845, -73.85493710507038)"
56459240,01/06/2023 08:22:23 AM,01/17/2023 08:01:23 AM,DSNY,Department of Sanitation,Dirty Condition,Dog Waste,Street,11435,144-45 85 AVENUE,85 AVENUE,144 STREET,148 STREET,144 STREET,148 STREET,ADDRESS,JAMAICA,85 AVENUE,,Closed,,The Department of Sanitation investigated this complaint and found no violation at the location.,01/17/2023 08:01:34 AM,08 QUEENS,4097230109,QUEENS,1036601,198363,PHONE,Unspecified,QUEENS,,,,,,,,40.71098248607251,-73.81116737721581,"(40.71098248607251, -73.81116737721581)"
56446746,01/05/2023 07:17:36 PM,01/07/2023 03:21:29 PM,DSNY,Department of Sanitation,Dirty Condition,Dog Waste,Street,10456,230 EAST  167 STREET,EAST  167 STREET,SHERMAN AVENUE,GRANT AVENUE,SHERMAN AVENUE,GRANT AVENUE,ADDRESS,BRONX,EAST  167 STREET,,Closed,,The Department of Sanitation investigated this complaint and found no violation at the location.,01/07/2023 03:21:33 PM,04 BRONX,2024520054,BRONX,1007569,243062,PHONE,Unspecified,BRONX,,,,,,,,40.83379362523071,-73.91573201585125,"(40.83379362523071, -73.91573201585125)"
56450647,01/05/2023 03:43:29 PM,01/12/2023 04:53:53 PM,DSNY,Department of Sanitation,Dirty Condition,Dog Waste,Sidewalk,11369,31-33 106 STREET,106 STREET,ASTORIA BOULEVARD,32 AVENUE,ASTORIA BOULEVARD,32 AVENUE,ADDRESS,EAST ELMHURST,106 STREET,,Closed,,The Department of Sanitation investigated this complaint and found no violation at the location.,01/12/2023 04:53:56 PM,03 QUEENS,4016930022,QUEENS,1022123,216367,PHONE,Unspecified,QUEENS,,,,,,,,40.76047277984726,-73.86328877936197,"(40.76047277984726, -73.86328877936197)"
56448964,01/05/2023 03:40:05 PM,01/12/2023 04:07:26 PM,DSNY,Department of Sanitation,Dirty Condition,Dog Waste,Sidewalk,10453,2252 GRAND AVENUE,GRAND AVENUE,BUCHANAN PLACE,WEST  183 STREET,BUCHANAN PLACE,WEST  183 STREET,ADDRESS,BRONX,GRAND AVENUE,,Closed,,The Department of Sanitation investigated this complaint and found no violation at the location.,01/12/2023 04:07:34 PM,05 BRONX,2031960051,BRONX,1010248,252062,PHONE,Unspecified,BRONX,,,,,,,,40.85848848454662,-73.90601601289238,"(40.85848848454662, -73.90601601289238)"
56453570,01/05/2023 03:03:58 PM,01/07/2023 03:20:37 PM,DSNY,Department of Sanitation,Dirty Condition,Dog Waste,Sidewalk,10451,917 SHERIDAN AVENUE,SHERIDAN AVENUE,EAST  162 STREET,EAST  163 STREET,EAST  162 STREET,EAST  163 STREET,ADDRESS,BRONX,SHERIDAN AVENUE,,Closed,,The Department of Sanitation investigated this complaint and found no violation at the location.,01/07/2023 03:20:43 PM,04 BRONX,2024610022,BRONX,1006304,240922,PHONE,Unspecified,BRONX,,,,,,,,40.827923191117485,-73.92031038515263,"(40.827923191117485, -73.92031038515263)"
56453848,01/05/2023 02:51:33 PM,01/09/2023 04:18:44 PM,DSNY,Department of Sanitation,Dirty Condition,Dog Waste,Sidewalk,11224,2879 WEST   15 STREET,WEST   15 STREET,NEPTUNE AVENUE,MERMAID AVENUE,NEPTUNE AVENUE,MERMAID AVENUE,ADDRESS,BROOKLYN,WEST   15 STREET,,Closed,,The Department of Sanitation investigated this complaint and found no violation at the location.,01/09/2023 04:18:50 PM,13 BROOKLYN,,BROOKLYN,989036,149689,ONLINE,Unspecified,BROOKLYN,,,,,,,,40.57753645374843,-73.9827711683952,"(40.57753645374843, -73.9827711683952)"
56449209,01/05/2023 02:08:20 PM,01/10/2023 08:16:12 AM,DSNY,Department of Sanitation,Dirty Condition,Dog Waste,Sidewalk,11209,152 72 STREET,72 STREET,COLONIAL ROAD,RIDGE BOULEVARD,COLONIAL ROAD,RIDGE BOULEVARD,ADDRESS,BROOKLYN,72 STREET,,Closed,,The Department of Sanitation investigated this complaint and found no violation at the location.,01/10/2023 08:16:16 AM,10 BROOKLYN,3059060001,BROOKLYN,975559,170459,PHONE,Unspecified,BROOKLYN,,,,,,,,40.634542887068804,-74.03131293089574,"(40.634542887068804, -74.03131293089574)"
56447901,01/05/2023 12:38:45 PM,01/13/2023 04:36:39 PM,DSNY,Department of Sanitation,Dirty Condition,Dog Waste,Sidewalk,10462,2039 CRUGER AVENUE,CRUGER AVENUE,BRONXDALE AVENUE,BRADY AVENUE,BRONXDALE AVENUE,BRADY AVENUE,ADDRESS,BRONX,CRUGER AVENUE,,Closed,,The Department of Sanitation investigated this complaint and found no violation at the location.,01/13/2023 04:36:43 PM,11 BRONX,2042840001,BRONX,1021101,249546,ONLINE,Unspecified,BRONX,,,,,,,,40.85154419194268,-73.86679579232892,"(40.85154419194268, -73.86679579232892)"
56448052,01/05/2023 11:33:53 AM,02/03/2023 04:34:50 PM,DSNY,Department of Sanitation,Dirty Condition,Dog Waste,Sidewalk,10032,671 WEST  162 STREET,WEST  162 STREET,FORT WASHINGTON AVENUE,RIVERSIDE DRIVE,FORT WASHINGTON AVENUE,RIVERSIDE DRIVE,ADDRESS,NEW YORK,WEST  162 STREET,,Closed,,The Department of Sanitation investigated this complaint and found no condition at the location.,02/03/2023 04:34:55 PM,12 MANHATTAN,1021360205,MANHATTAN,999461,244668,ONLINE,Unspecified,MANHATTAN,,,,,,,,40.838219316270994,-73.94502828323425,"(40.838219316270994, -73.94502828323425)"
56452986,01/05/2023 11:28:01 AM,01/17/2023 08:53:10 AM,DSNY,Department of Sanitation,Dirty Condition,Dog Waste,Street,11385,1705 STANHOPE STREET,STANHOPE STREET,CYPRESS AVENUE,SENECA AVENUE,CYPRESS AVENUE,SENECA AVENUE,ADDRESS,RIDGEWOOD,STANHOPE STREET,,Closed,,The Department of Sanitation investigated this complaint and no DSNY related conditions/violations were observed. Location will be referred to the appropriate agency for further action.,01/17/2023 08:53:10 AM,05 QUEENS,4034280053,QUEENS,1007730,196442,ONLINE,Unspecified,QUEENS,,,,,,,,40.70583351968774,-73.91531308335242,"(40.70583351968774, -73.91531308335242)"
56445276,01/05/2023 11:18:44 AM,01/10/2023 08:15:38 AM,DSNY,Department of Sanitation,Dirty Condition,Dog Waste,Sidewalk,11208,ELDERT LANE,ELDERT LANE,ELDERT LANE,PITKIN AVENUE,ELDERT LANE,PITKIN AVENUE,INTERSECTION,,,,Closed,,The Department of Sanitation investigated this complaint and found no violation at the location.,01/10/2023 08:15:45 AM,05 BROOKLYN,,BROOKLYN,1021824,185754,PHONE,Unspecified,BROOKLYN,,,,,,,,40.676448835455936,-73.86453897126174,"(40.676448835455936, -73.86453897126174)"
56447130,01/05/2023 10:23:02 AM,01/06/2023 04:25:02 PM,DSNY,Department of Sanitation,Dirty Condition,Dog Waste,Sidewalk,11231,61 WEST    9 STREET,WEST    9 STREET,HICKS STREET,HENRY STREET,HICKS STREET,HENRY STREET,ADDRESS,BROOKLYN,WEST    9 STREET,,Closed,,The Department of Sanitation investigated this complaint and found no violation at the location.,01/06/2023 04:25:06 PM,06 BROOKLYN,3005350043,BROOKLYN,983102,185760,ONLINE,Unspecified,BROOKLYN,,,,,,,,40.67654497185537,-74.00413875081804,"(40.67654497185537, -74.00413875081804)"
56448144,01/05/2023 09:42:53 AM,01/12/2023 04:53:51 PM,DSNY,Department of Sanitation,Dirty Condition,Dog Waste,Sidewalk,11369,31-33 106 STREET,106 STREET,ASTORIA BOULEVARD,32 AVENUE,ASTORIA BOULEVARD,32 AVENUE,ADDRESS,EAST ELMHURST,106 STREET,,Closed,,The Department of Sanitation investigated this complaint and found no violation at the location.,01/12/2023 04:53:56 PM,03 QUEENS,4016930022,QUEENS,1022123,216367,ONLINE,Unspecified,QUEENS,,,,,,,,40.76047277984726,-73.86328877936197,"(40.76047277984726, -73.86328877936197)"
56446708,01/05/2023 09:12:34 AM,01/10/2023 08:01:40 AM,DSNY,Department of Sanitation,Dirty Condition,Dog Waste,Sidewalk,11231,35 WEST    9 STREET,WEST    9 STREET,COLUMBIA STREET,HICKS STREET,COLUMBIA STREET,HICKS STREET,ADDRESS,BROOKLYN,WEST    9 STREET,,Closed,,The Department of Sanitation investigated this complaint and found no violation at the location.,01/10/2023 08:01:45 AM,06 BROOKLYN,3005340029,BROOKLYN,982781,185877,ONLINE,Unspecified,BROOKLYN,,,,,,,,40.676866062999984,-74.0052960402658,"(40.676866062999984, -74.0052960402658)"
56435865,01/04/2023 07:49:16 PM,02/03/2023 04:37:52 PM,DSNY,Department of Sanitation,Dirty Condition,Dog Waste,Street,10033,353 FT WASHINGTON AVENUE,FT WASHINGTON AVENUE,WEST  175 STREET,WEST  176 STREET,WEST  175 STREET,WEST  176 STREET,ADDRESS,NEW YORK,FORT WASHINGTON AVENUE,,Closed,,The Department of Sanitation investigated this complaint and found no condition at the location.,02/03/2023 04:37:58 PM,12 MANHATTAN,1021390584,MANHATTAN,1000869,247820,PHONE,Unspecified,MANHATTAN,,,,,,,,40.84686809533158,-73.9399320390161,"(40.84686809533158, -73.9399320390161)"
56435549,01/04/2023 06:50:01 PM,01/10/2023 08:01:07 AM,DSNY,Department of Sanitation,Dirty Condition,Dog Waste,Sidewalk,11204,1720 71 STREET,71 STREET,17 AVENUE,18 AVENUE,17 AVENUE,18 AVENUE,ADDRESS,BROOKLYN,71 STREET,,Closed,,The Department of Sanitation investigated this complaint and found no violation at the location.,01/10/2023 08:01:15 AM,11 BROOKLYN,3061820016,BROOKLYN,985549,163953,PHONE,Unspecified,BROOKLYN,,,,,,,,40.6166894504273,-73.99532106578216,"(40.6166894504273, -73.99532106578216)"
56442274,01/04/2023 04:17:01 PM,01/13/2023 08:05:01 AM,DSNY,Department of Sanitation,Dirty Condition,Dog Waste,Sidewalk,11422,259-03 147 DRIVE,147 DRIVE,259 STREET,FRANCIS LEWIS BOULEVARD,259 STREET,FRANCIS LEWIS BOULEVARD,ADDRESS,ROSEDALE,147 DRIVE,,Closed,,The Department of Sanitation investigated this complaint and found no violation at the location.,01/13/2023 08:05:09 AM,13 QUEENS,4136830038,QUEENS,1059393,178277,ONLINE,Unspecified,QUEENS,,,,,,,,40.65568704623307,-73.72917995399568,"(40.65568704623307, -73.72917995399568)"
56443319,01/04/2023 03:38:45 PM,01/10/2023 08:00:27 AM,DSNY,Department of Sanitation,Dirty Condition,Dog Waste,Sidewalk,11229,DEVON AVENUE,DEVON AVENUE,DEVON AVENUE,JOVAL COURT,DEVON AVENUE,JOVAL COURT,INTERSECTION,,,,Closed,,The Department of Sanitation investigated this complaint and found no violation at the location.,01/10/2023 08:00:35 AM,15 BROOKLYN,,BROOKLYN,1003599,154832,PHONE,Unspecified,BROOKLYN,,,,,,,,40.59163313984943,-73.93033199571036,"(40.59163313984943, -73.93033199571036)"
56444612,01/04/2023 03:21:38 PM,01/07/2023 03:27:33 PM,DSNY,Department of Sanitation,Dirty Condition,Dog Waste,Sidewalk,11418,86-76 108 STREET,108 STREET,86 AVENUE,JAMAICA AVENUE,86 AVENUE,JAMAICA AVENUE,ADDRESS,RICHMOND HILL,108 STREET,,Closed,,The Department of Sanitation investigated this complaint and found no violation at the location.,01/07/2023 03:27:38 PM,09 QUEENS,4092030036,QUEENS,1028658,192998,ONLINE,Unspecified,QUEENS,,,,,,,,40.69630027855961,-73.83985347717983,"(40.69630027855961, -73.83985347717983)"
56443412,01/04/2023 02:38:26 PM,01/11/2023 01:54:58 PM,DSNY,Department of Sanitation,Dirty Condition,Dog Waste,Sidewalk,10467,3544 DEKALB AVENUE,DEKALB AVENUE,EAST GUN HILL ROAD,EAST  212 STREET,EAST GUN HILL ROAD,EAST  212 STREET,ADDRESS,BRONX,DEKALB AVENUE,,Closed,,The Department of Sanitation investigated this complaint and found no violation at the location.,01/11/2023 01:55:02 PM,07 BRONX,2033280155,BRONX,1017553,261139,ONLINE,Unspecified,BRONX,,,,,,,,40.88337751373865,-73.87956301005237,"(40.88337751373865, -73.87956301005237)"
56440034,01/04/2023 01:56:54 PM,01/10/2023 07:59:29 AM,DSNY,Department of Sanitation,Dirty Condition,Dog Waste,Sidewalk,11225,36 HAWTHORNE STREET,HAWTHORNE STREET,FLATBUSH AVENUE,BEDFORD AVENUE,FLATBUSH AVENUE,BEDFORD AVENUE,ADDRESS,BROOKLYN,HAWTHORNE STREET,,Closed,,The Department of Sanitation investigated this complaint and found no violation at the location.,01/10/2023 07:59:35 AM,09 BROOKLYN,3050450023,BROOKLYN,995656,178753,ONLINE,Unspecified,BROOKLYN,,,,,,,,40.65730504422575,-73.95889113348102,"(40.65730504422575, -73.95889113348102)"
56443446,01/04/2023 01:17:32 PM,01/11/2023 01:54:56 PM,DSNY,Department of Sanitation,Dirty Condition,Dog Waste,Sidewalk,10467,3544 DEKALB AVENUE,DEKALB AVENUE,EAST GUN HILL ROAD,EAST  212 STREET,EAST GUN HILL ROAD,EAST  212 STREET,ADDRESS,BRONX,DEKALB AVENUE,,Closed,,The Department of Sanitation investigated this complaint and found no violation at the location.,01/11/2023 01:55:04 PM,07 BRONX,2033280155,BRONX,1017553,261139,PHONE,Unspecified,BRONX,,,,,,,,40.88337751373865,-73.87956301005237,"(40.88337751373865, -73.87956301005237)"
56442435,01/04/2023 01:06:56 PM,02/04/2023 04:03:26 PM,DSNY,Department of Sanitation,Dirty Condition,Dog Waste,Sidewalk,10005,10 HANOVER SQUARE,HANOVER SQUARE,PEARL STREET,OLD SLIP,PEARL STREET,OLD SLIP,ADDRESS,NEW YORK,HANOVER SQUARE,,Closed,,The Department of Sanitation investigated this complaint and found no condition at the location.,02/04/2023 04:03:30 PM,01 MANHATTAN,1000310001,MANHATTAN,981691,195882,ONLINE,Unspecified,MANHATTAN,,,,,,,,40.70432723447391,-74.00922950977888,"(40.70432723447391, -74.00922950977888)"
56444439,01/04/2023 12:26:25 PM,01/13/2023 09:08:46 AM,DSNY,Department of Sanitation,Dirty Condition,Dog Waste,Sidewalk,11368,33-19 103 STREET,103 STREET,NORTHERN BOULEVARD,34 AVENUE,NORTHERN BOULEVARD,34 AVENUE,ADDRESS,CORONA,103 STREET,,Closed,,The Department of Sanitation investigated this complaint and found no violation at the location.,01/13/2023 09:08:52 AM,03 QUEENS,4017180069,QUEENS,1021492,215149,PHONE,Unspecified,QUEENS,,,,,,,,40.75713236584754,-73.86557326108462,"(40.75713236584754, -73.86557326108462)"
56437490,01/04/2023 11:07:56 AM,01/10/2023 07:58:43 AM,DSNY,Department of Sanitation,Dirty Condition,Dog Waste,Sidewalk,11226,1033 OCEAN AVENUE,OCEAN AVENUE,NEWKIRK AVENUE,FOSTER AVENUE,NEWKIRK AVENUE,FOSTER AVENUE,ADDRESS,BROOKLYN,OCEAN AVENUE,,Closed,,The Department of Sanitation investigated this complaint and found no violation at the location.,01/10/2023 07:58:49 AM,14 BROOKLYN,3052200077,BROOKLYN,995754,171422,PHONE,Unspecified,BROOKLYN,,,,,,,,40.63718291016391,-73.9585504298668,"(40.63718291016391, -73.9585504298668)"
56438612,01/04/2023 08:50:13 AM,01/06/2023 04:15:10 PM,DSNY,Department of Sanitation,Dirty Condition,Dog Waste,Sidewalk,11225,PRESIDENT STREET,PRESIDENT STREET,PRESIDENT STREET,ROGERS AVENUE,PRESIDENT STREET,ROGERS AVENUE,INTERSECTION,,,,Closed,,The Department of Sanitation investigated this complaint and found no violation at the location.,01/06/2023 04:14:09 PM,09 BROOKLYN,,BROOKLYN,997167,182732,PHONE,Unspecified,BROOKLYN,,,,,,,,40.66822444250895,-73.9534376499496,"(40.66822444250895, -73.9534376499496)"
56434447,01/03/2023 06:03:26 PM,01/10/2023 07:58:14 AM,DSNY,Department of Sanitation,Dirty Condition,Dog Waste,Street,11206,9 NOLL STREET,NOLL STREET,BUSHWICK AVENUE,STANWIX STREET,BUSHWICK AVENUE,STANWIX STREET,ADDRESS,BROOKLYN,NOLL STREET,,Closed,,The Department of Sanitation investigated this complaint and found no violation at the location.,01/10/2023 07:58:20 AM,04 BROOKLYN,3031450100,BROOKLYN,1002086,194371,PHONE,Unspecified,BROOKLYN,,,,,,,,40.700162289100845,-73.935675159557,"(40.700162289100845, -73.935675159557)"
56426560,01/03/2023 04:59:17 PM,01/11/2023 01:48:00 PM,DSNY,Department of Sanitation,Dirty Condition,Dog Waste,Sidewalk,10457,ARTHUR AVENUE,ARTHUR AVENUE,ARTHUR AVENUE,EAST  180 STREET,ARTHUR AVENUE,EAST  180 STREET,INTERSECTION,,,,Closed,,The Department of Sanitation investigated this complaint and found no violation at the location.,01/11/2023 01:48:04 PM,06 BRONX,,BRONX,1014255,248780,PHONE,Unspecified,BRONX,,,,,,,,40.849467669543714,-73.89154522374062,"(40.849467669543714, -73.89154522374062)"
56433318,01/03/2023 04:51:23 PM,01/11/2023 01:48:49 PM,DSNY,Department of Sanitation,Dirty Condition,Dog Waste,Sidewalk,10457,600 EAST  181 STREET,EAST  181 STREET,ARTHUR AVENUE,HUGHES AVENUE,ARTHUR AVENUE,HUGHES AVENUE,ADDRESS,BRONX,EAST  181 STREET,,Closed,,The Department of Sanitation investigated this complaint and found no violation at the location.,01/11/2023 01:48:57 PM,06 BRONX,2030700008,BRONX,1014464,249112,PHONE,Unspecified,BRONX,,,,,,,,40.85037819791208,-73.89078828601482,"(40.85037819791208, -73.89078828601482)"
56433307,01/03/2023 03:49:16 PM,01/07/2023 03:35:29 PM,DSNY,Department of Sanitation,Dirty Condition,Dog Waste,Sidewalk,11417,135-12 95 STREET,95 STREET,LINDEN BOULEVARD,PITKIN AVENUE,LINDEN BOULEVARD,PITKIN AVENUE,ADDRESS,OZONE PARK,95 STREET,,Closed,,The Department of Sanitation investigated this complaint and found no violation at the location.,01/07/2023 03:35:34 PM,10 QUEENS,4115130011,QUEENS,1028214,184771,ONLINE,Unspecified,QUEENS,,,,,,,,40.673721297308155,-73.84150833050334,"(40.673721297308155, -73.84150833050334)"
56433420,01/03/2023 01:37:31 PM,01/04/2023 01:17:39 PM,DSNY,Department of Sanitation,Dirty Condition,Dog Waste,Sidewalk,11203,85 EAST   51 STREET,EAST   51 STREET,RUTLAND ROAD,WINTHROP STREET,RUTLAND ROAD,WINTHROP STREET,ADDRESS,BROOKLYN,EAST   51 STREET,,Closed,,The Department of Sanitation investigated this complaint and found no violation at the location.,01/04/2023 01:17:43 PM,17 BROOKLYN,3046050069,BROOKLYN,1003608,179701,PHONE,Unspecified,BROOKLYN,,,,,,,,40.659893281372874,-73.93022826854167,"(40.659893281372874, -73.93022826854167)"
56432013,01/03/2023 12:55:34 PM,01/20/2023 04:26:46 PM,DSNY,Department of Sanitation,Dirty Condition,Dog Waste,Sidewalk,10002,161 RIVINGTON STREET,RIVINGTON STREET,SUFFOLK STREET,CLINTON STREET,SUFFOLK STREET,CLINTON STREET,ADDRESS,NEW YORK,RIVINGTON STREET,,Closed,,The Department of Sanitation investigated this complaint and found no violation at the location.,01/20/2023 04:26:50 PM,03 MANHATTAN,1003480020,MANHATTAN,988331,201278,ONLINE,Unspecified,MANHATTAN,,,,,,,,40.71913739967837,-73.98527784317642,"(40.71913739967837, -73.98527784317642)"
56426244,01/03/2023 09:31:17 AM,01/06/2023 04:39:23 PM,DSNY,Department of Sanitation,Dirty Condition,Dog Waste,Sidewalk,11229,EAST   15 STREET,EAST   15 STREET,KINGS HIGHWAY,AVENUE R,KINGS HIGHWAY,AVENUE R,BLOCKFACE,,,,Closed,,The Department of Sanitation investigated this complaint and found no violation at the location.,01/06/2023 04:39:27 PM,Unspecified BROOKLYN,,BROOKLYN,,,PHONE,Unspecified,BROOKLYN,,,,,,,,,,
56421940,01/02/2023 06:18:06 PM,01/09/2023 09:32:44 AM,DSNY,Department of Sanitation,Dirty Condition,Dog Waste,Sidewalk,11414,159-05 92 STREET,92 STREET,159 AVENUE,160 AVENUE,159 AVENUE,160 AVENUE,ADDRESS,HOWARD BEACH,92 STREET,,Closed,,The Department of Sanitation investigated this complaint and found no violation at the location.,01/09/2023 09:32:48 AM,10 QUEENS,4140130060,QUEENS,1028426,179312,ONLINE,Unspecified,QUEENS,,,,,,,,40.65873652502755,-73.8407798360672,"(40.65873652502755, -73.8407798360672)"
56419999,01/02/2023 03:48:01 PM,01/09/2023 09:27:18 AM,DSNY,Department of Sanitation,Dirty Condition,Dog Waste,Sidewalk,11419,111-17 95 AVENUE,95 AVENUE,111 STREET,112 STREET,111 STREET,112 STREET,ADDRESS,SOUTH RICHMOND HILL,95 AVENUE,,Closed,,The Department of Sanitation investigated this complaint and found no violation at the location.,01/09/2023 09:27:22 AM,09 QUEENS,4093970024,QUEENS,1030341,190937,PHONE,Unspecified,QUEENS,,,,,,,,40.6906347152728,-73.83379826812396,"(40.6906347152728, -73.83379826812396)"
56420731,01/02/2023 02:16:23 PM,01/05/2023 10:28:45 AM,DSNY,Department of Sanitation,Dirty Condition,Dog Waste,Sidewalk,10459,900 INTERVALE AVENUE,INTERVALE AVENUE,INTERVALE AVENUE,TIFFANY STREET,INTERVALE AVENUE,TIFFANY STREET,ADDRESS,BRONX,INTERVALE AVENUE,,Closed,,The Department of Sanitation investigated this complaint and found no violation at the location.,01/05/2023 10:28:49 AM,02 BRONX,2027110028,BRONX,1013080,237799,ONLINE,Unspecified,BRONX,,,,,,,,40.8193319293204,-73.89583952032349,"(40.8193319293204, -73.89583952032349)"
56507525,01/02/2023 11:50:30 AM,01/12/2023 03:50:20 PM,DSNY,Department of Sanitation,Dirty Condition,Dog Waste,Sidewalk,10473,2010 BRUCKNER BOULEVARD,BRUCKNER BOULEVARD,PUGSLEY AVENUE,OLMSTEAD AVENUE,PUGSLEY AVENUE,OLMSTEAD AVENUE,ADDRESS,BRONX,BRUCKNER BOULEVARD,,Closed,,The Department of Sanitation investigated this complaint and found no violation at the location.,01/12/2023 03:50:24 PM,09 BRONX,2036820001,BRONX,1024246,240289,PHONE,Unspecified,BRONX,,,,,,,,40.82612276531203,-73.8554828783128,"(40.82612276531203, -73.8554828783128)"
56482194,01/02/2023 11:34:45 AM,01/09/2023 09:17:33 AM,DSNY,Department of Sanitation,Dirty Condition,Dog Waste,Sidewalk,11412,202-20 109 AVENUE,109 AVENUE,202 STREET,203 STREET,202 STREET,203 STREET,ADDRESS,SAINT ALBANS,109 AVENUE,,Closed,,The Department of Sanitation investigated this complaint and found no violation at the location.,01/09/2023 09:17:38 AM,12 QUEENS,4109050017,QUEENS,1051885,197242,PHONE,Unspecified,QUEENS,,,,,,,,40.70780198441546,-73.75604875378303,"(40.70780198441546, -73.75604875378303)"
56425756,01/02/2023 11:02:06 AM,01/07/2023 03:07:57 PM,DSNY,Department of Sanitation,Dirty Condition,Dog Waste,Sidewalk,11434,162-28 144 AVENUE,144 AVENUE,LATHAM LANE,GUY R BREWER BOULEVARD,LATHAM LANE,GUY R BREWER BOULEVARD,ADDRESS,JAMAICA,144 AVENUE,,Closed,,The Department of Sanitation investigated this complaint and found no violation at the location.,01/07/2023 03:08:02 PM,12 QUEENS,4123180022,QUEENS,1047205,183012,PHONE,Unspecified,QUEENS,,,,,,,,40.66877856963989,-73.77306183776855,"(40.66877856963989, -73.77306183776855)"
56419689,01/02/2023 09:41:23 AM,01/07/2023 03:17:40 PM,DSNY,Department of Sanitation,Dirty Condition,Dog Waste,Sidewalk,11367,MAIN STREET,MAIN STREET,MAIN STREET,MELBOURNE AVENUE,MAIN STREET,MELBOURNE AVENUE,INTERSECTION,,,,Closed,,The Department of Sanitation investigated this complaint and found no violation at the location.,01/07/2023 03:17:45 PM,08 QUEENS,,QUEENS,1032659,206763,PHONE,Unspecified,QUEENS,,,,,,,,40.734060854929155,-73.82532590685214,"(40.734060854929155, -73.82532590685214)"
56415810,01/01/2023 05:49:15 PM,01/20/2023 01:10:51 PM,DSNY,Department of Sanitation,Dirty Condition,Dog Waste,Sidewalk,10031,3500 BROADWAY,BROADWAY,WEST  143 STREET,WEST  144 STREET,WEST  143 STREET,WEST  144 STREET,ADDRESS,NEW YORK,BROADWAY,,Closed,,The Department of Sanitation investigated this complaint and found no violation at the location.,01/20/2023 01:11:41 PM,09 MANHATTAN,1020750001,MANHATTAN,997724,239933,ONLINE,Unspecified,MANHATTAN,,,,,,,,40.82522592469035,-73.95131521477316,"(40.82522592469035, -73.95131521477316)"
