Unique Key,Created Date,Closed Date,Agency,Agency Name,Complaint Type,Descriptor,Location Type,Incident Zip,Incident Address,Street Name,Cross Street 1,Cross Street 2,Intersection Street 1,Intersection Street 2,Address Type,City,Landmark,Facility Type,Status,Due Date,Resolution Description,Resolution Action Updated Date,Community Board,BBL,Borough,X Coordinate (State Plane),Y Coordinate (State Plane),Open Data Channel Type,Park Facility Name,Park Borough,Vehicle Type,Taxi Company Borough,Taxi Pick Up Location,Bridge Highway Name,Bridge Highway Direction,Road Ramp,Bridge Highway Segment,Latitude,Longitude,Location
50167538,03/31/2021 08:47:00 PM,04/09/2021 12:00:00 PM,DSNY,Department of Sanitation,Dirty Conditions,E8 Canine Violation,Sidewalk,11236,1371 EAST   99 STREET,EAST   99 STREET,AVENUE M,AVENUE N,,,ADDRESS,BROOKLYN,,N/A,Closed,,The Department of Sanitation investigated this complaint and found no violation at the location.,04/09/2021 12:00:00 PM,18 BROOKLYN,3082830011,BROOKLYN,1014623,171408,PHONE,Unspecified,BROOKLYN,,,,,,,,40.63709987816319,-73.89056445517376,"(40.63709987816319, -73.89056445517376)"
50168789,03/31/2021 07:00:00 PM,04/09/2021 12:00:00 PM,DSNY,Department of Sanitation,Dirty Conditions,E8 Canine Violation,Sidewalk,11233,342 MACON STREET,MACON STREET,MARCUS GARVEY BOULEVARD,LEWIS AVENUE,,,ADDRESS,BROOKLYN,,N/A,Closed,,The Department of Sanitation investigated this complaint and found no violation at the location.,04/09/2021 12:00:00 PM,03 BROOKLYN,3016690011,BROOKLYN,1001740,187948,ONLINE,Unspecified,BROOKLYN,,,,,,,,40.68253333086012,-73.93693967040137,"(40.68253333086012, -73.93693967040137)"
50164007,03/31/2021 04:00:00 PM,04/20/2021 12:00:00 PM,DSNY,Department of Sanitation,Dirty Conditions,E8 Canine Violation,Sidewalk,11215,258 23 STREET,23 STREET,5 AVENUE,6 AVENUE,,,ADDRESS,BROOKLYN,,N/A,Closed,,The Department of Sanitation investigated this complaint and found no violation at the location.,04/20/2021 12:00:00 PM,07 BROOKLYN,3009010003,BROOKLYN,986004,179611,ONLINE,Unspecified,BROOKLYN,,,,,,,,40.65966723802345,-73.9936781077871,"(40.65966723802345, -73.9936781077871)"
50171064,03/31/2021 02:15:00 PM,04/03/2021 12:00:00 PM,DSNY,Department of Sanitation,Dirty Conditions,E8 Canine Violation,Sidewalk,11377,65-29 LAUREL HILL BOULEVARD,LAUREL HILL BOULEVARD,65 STREET,65 PLACE,,,ADDRESS,Woodside,,N/A,Closed,,The Department of Sanitation investigated this complaint and found no violation at the location.,04/03/2021 12:00:00 PM,02 QUEENS,,QUEENS,1012008,208997,ONLINE,Unspecified,QUEENS,,,,,,,,40.74028154708096,-73.89983155994675,"(40.74028154708096, -73.89983155994675)"
50162539,03/31/2021 01:54:00 PM,04/02/2021 12:00:00 PM,DSNY,Department of Sanitation,Dirty Conditions,E8 Canine Violation,Sidewalk,11379,78-06 69 ROAD,69 ROAD,78 STREET,79 STREET,,,ADDRESS,Middle Village,,N/A,Closed,,The Department of Sanitation investigated this complaint and found no violation at the location.,04/02/2021 12:00:00 PM,05 QUEENS,4037980120,QUEENS,1019131,197614,PHONE,Unspecified,QUEENS,,,,,,,,40.70901278110823,-73.87418629542582,"(40.70901278110823, -73.87418629542582)"
50156048,03/31/2021 11:50:00 AM,04/09/2021 12:00:00 PM,DSNY,Department of Sanitation,Dirty Conditions,E8 Canine Violation,Sidewalk,11208,787 LOGAN STREET,LOGAN STREET,HEGEMAN AVENUE,LINDEN BOULEVARD,,,ADDRESS,BROOKLYN,,N/A,Closed,,The Department of Sanitation investigated this complaint and found no violation at the location.,04/09/2021 12:00:00 PM,05 BROOKLYN,,BROOKLYN,1019449,182278,PHONE,Unspecified,BROOKLYN,,,,,,,,40.66691776640978,-73.87311941253563,"(40.66691776640978, -73.87311941253563)"
50157660,03/31/2021 09:56:00 AM,04/02/2021 12:00:00 PM,DSNY,Department of Sanitation,Dirty Conditions,E8 Canine Violation,Sidewalk,11378,66-32 CLINTON AVENUE,CLINTON AVENUE,BORDEN AVENUE,68 STREET,,,ADDRESS,Maspeth,,N/A,Closed,,The Department of Sanitation investigated this complaint and found no violation at the location.,04/02/2021 12:00:00 PM,05 QUEENS,4023940017,QUEENS,1012494,203850,PHONE,Unspecified,QUEENS,,,,,,,,40.72615276821424,-73.89809937222498,"(40.72615276821424, -73.89809937222498)"
50162570,03/30/2021 05:37:00 PM,04/05/2021 12:00:00 PM,DSNY,Department of Sanitation,Dirty Conditions,E8 Canine Violation,Sidewalk,11230,1031 EAST    8 STREET,EAST    8 STREET,AVENUE J,AVENUE K,,,ADDRESS,BROOKLYN,,N/A,Closed,,The Department of Sanitation investigated this complaint and found no violation at the location.,04/05/2021 12:00:00 PM,12 BROOKLYN,3065290079,BROOKLYN,993162,166561,PHONE,Unspecified,BROOKLYN,,,,,,,,40.62384348001211,-73.96789597217295,"(40.62384348001211, -73.96789597217295)"
50148182,03/30/2021 10:16:00 AM,04/02/2021 12:00:00 PM,DSNY,Department of Sanitation,Dirty Conditions,E8 Canine Violation,Sidewalk,11235,338 NEPTUNE AVENUE,NEPTUNE AVENUE,ATHLONE COURT,BRIGHTON 3 STREET,,,ADDRESS,BROOKLYN,,N/A,Closed,,The Department of Sanitation investigated this complaint and found no violation at the location.,04/02/2021 12:00:00 PM,13 BROOKLYN,3086630244,BROOKLYN,993885,150883,PHONE,Unspecified,BROOKLYN,,,,,,,,40.580809804167984,-73.9653138462954,"(40.580809804167984, -73.9653138462954)"
50151462,03/30/2021 09:40:00 AM,04/01/2021 12:00:00 PM,DSNY,Department of Sanitation,Dirty Conditions,E8 Canine Violation,Sidewalk,,,,,,7 AVENUE,7 AVENUE,INTERSECTION,,,N/A,Closed,,The Department of Sanitation investigated this complaint and found no violation at the location.,04/01/2021 12:00:00 PM,07 QUEENS,,QUEENS,,,PHONE,Unspecified,QUEENS,,,,,,,,,,
50155314,03/29/2021 07:26:00 PM,04/02/2021 12:00:00 PM,DSNY,Department of Sanitation,Dirty Conditions,E8 Canine Violation,Sidewalk,11236,2125 ROCKAWAY PARKWAY,ROCKAWAY PARKWAY,SKIDMORE AVENUE,SCHENCK STREET,,,ADDRESS,BROOKLYN,,N/A,Closed,,The Department of Sanitation investigated this complaint and found no violation at the location.,04/02/2021 12:00:00 PM,18 BROOKLYN,3083290225,BROOKLYN,1015544,169415,ONLINE,Unspecified,BROOKLYN,,,,,,,,40.631626314859176,-73.88725528885986,"(40.631626314859176, -73.88725528885986)"
50149452,03/29/2021 03:27:00 PM,04/02/2021 12:00:00 PM,DSNY,Department of Sanitation,Dirty Conditions,E8 Canine Violation,Sidewalk,,,,,,SOUTH END AVENUE,SOUTH END AVENUE,INTERSECTION,,,N/A,Closed,,The Department of Sanitation investigated this complaint and found no violation at the location.,04/02/2021 12:00:00 PM,01 MANHATTAN,,MANHATTAN,,,ONLINE,Unspecified,MANHATTAN,,,,,,,,,,
50147183,03/29/2021 01:36:00 PM,03/31/2021 12:00:00 PM,DSNY,Department of Sanitation,Dirty Conditions,E8 Canine Violation,Sidewalk,11372,35-16 93 STREET,93 STREET,35 AVENUE,37 AVENUE,,,ADDRESS,Jackson Heights,,N/A,Closed,,The Department of Sanitation investigated this complaint and found no violation at the location.,03/31/2021 12:00:00 PM,03 QUEENS,4014660011,QUEENS,1019048,213470,ONLINE,Unspecified,QUEENS,,,,,,,,40.75253389900089,-73.87440367014759,"(40.75253389900089, -73.87440367014759)"
50144950,03/29/2021 10:37:00 AM,04/05/2021 12:00:00 PM,DSNY,Department of Sanitation,Dirty Conditions,E8 Canine Violation,Sidewalk,11216,378 QUINCY STREET,QUINCY STREET,MARCY AVENUE,TOMPKINS AVENUE,,,ADDRESS,BROOKLYN,,N/A,Closed,,The Department of Sanitation investigated this complaint and found no violation at the location.,04/05/2021 12:00:00 PM,03 BROOKLYN,3018090026,BROOKLYN,999268,189757,ONLINE,Unspecified,BROOKLYN,,,,,,,,40.68750316089391,-73.94584845092211,"(40.68750316089391, -73.94584845092211)"
50141737,03/29/2021 08:25:00 AM,03/31/2021 12:00:00 PM,DSNY,Department of Sanitation,Dirty Conditions,E8 Canine Violation,Sidewalk,11373,89-21 ELMHURST AVENUE,ELMHURST AVENUE,ELBERTSON STREET,DENMAN STREET,,,ADDRESS,Elmhurst,,N/A,Closed,,The Department of Sanitation investigated this complaint and found no violation at the location.,03/31/2021 12:00:00 PM,04 QUEENS,4015110001,QUEENS,1018372,211606,ONLINE,Unspecified,QUEENS,,,,,,,,40.747420328856705,-73.87685300997468,"(40.747420328856705, -73.87685300997468)"
50143869,03/29/2021 07:23:00 AM,04/01/2021 12:00:00 PM,DSNY,Department of Sanitation,Dirty Conditions,E8 Canine Violation,Sidewalk,11435,82-30 138 STREET,138 STREET,HOOVER AVENUE,82 DRIVE,,,ADDRESS,Jamaica,,N/A,Closed,,The Department of Sanitation investigated this complaint and found no violation at the location.,04/01/2021 12:00:00 PM,08 QUEENS,4096670001,QUEENS,1033946,199459,ONLINE,Unspecified,QUEENS,,,,,,,,40.714006049679604,-73.82073597458687,"(40.714006049679604, -73.82073597458687)"
50142822,03/28/2021 11:20:00 PM,04/05/2021 12:00:00 PM,DSNY,Department of Sanitation,Dirty Conditions,E8 Canine Violation,Sidewalk,11233,9A HULL STREET,HULL STREET,FULTON STREET,FULTON STREET,,,ADDRESS,BROOKLYN,,N/A,Closed,,The Department of Sanitation investigated this complaint and found no violation at the location.,04/05/2021 12:00:00 PM,03 BROOKLYN,3015310155,BROOKLYN,1007080,186584,ONLINE,Unspecified,BROOKLYN,,,,,,,,40.6787772999055,-73.91769089033765,"(40.6787772999055, -73.91769089033765)"
50137519,03/28/2021 09:20:00 AM,03/30/2021 12:00:00 PM,DSNY,Department of Sanitation,Dirty Conditions,E8 Canine Violation,Sidewalk,11379,61-47 69 STREET,69 STREET,61 ROAD,61 DRIVE,,,ADDRESS,Middle Village,,N/A,Closed,,The Department of Sanitation investigated this complaint and found no violation at the location.,03/30/2021 12:00:00 PM,05 QUEENS,4029230001,QUEENS,1014689,201005,ONLINE,Unspecified,QUEENS,,,,,,,,40.71833665619001,-73.89019297650948,"(40.71833665619001, -73.89019297650948)"
50136782,03/27/2021 02:30:00 PM,03/29/2021 12:00:00 PM,DSNY,Department of Sanitation,Dirty Conditions,E8 Canine Violation,Sidewalk,10459,970 PROSPECT AVENUE,PROSPECT AVENUE,EAST 163 STREET,EAST 164 STREET,,,ADDRESS,BRONX,,N/A,Closed,,The Department of Sanitation investigated this complaint and found no violation at the location.,03/29/2021 12:00:00 PM,02 BRONX,2026900114,BRONX,1011878,239178,PHONE,Unspecified,BRONX,,,,,,,,40.823120733499714,-73.90017656856209,"(40.823120733499714, -73.90017656856209)"
50125056,03/27/2021 01:04:00 PM,03/30/2021 12:00:00 PM,DSNY,Department of Sanitation,Dirty Conditions,E8 Canine Violation,Sidewalk,10305,25 WINDOM AVENUE,WINDOM AVENUE,CEDAR AVENUE,ROBIN ROAD,,,ADDRESS,STATEN ISLAND,,N/A,Closed,,The Department of Sanitation investigated this complaint and found no violation at the location.,03/30/2021 12:00:00 PM,02 STATEN ISLAND,5031200018,STATEN ISLAND,966262,156591,ONLINE,Unspecified,STATEN ISLAND,,,,,,,,40.59646410647068,-74.06477227306685,"(40.59646410647068, -74.06477227306685)"
50125101,03/27/2021 11:57:00 AM,03/31/2021 12:00:00 PM,DSNY,Department of Sanitation,Dirty Conditions,E8 Canine Violation,Sidewalk,11427,80-45 WINCHESTER BOULEVARD,WINCHESTER BOULEVARD,UNION TURNPIKE,237 STREET,,,ADDRESS,Queens Village,,N/A,Closed,,The Department of Sanitation investigated this complaint and found no violation at the location.,03/31/2021 12:00:00 PM,13 QUEENS,4078800400,QUEENS,1057959,208147,PHONE,Unspecified,QUEENS,,,,,,,,40.73768491933031,-73.73402127140984,"(40.73768491933031, -73.73402127140984)"
50128670,03/27/2021 09:01:00 AM,03/29/2021 12:00:00 PM,DSNY,Department of Sanitation,Dirty Conditions,E8 Canine Violation,Sidewalk,10029,401 EAST  100 STREET,EAST  100 STREET,1 AVENUE,FRANKLIN D ROOSEVELT DRIVE,,,ADDRESS,NEW YORK,,N/A,Closed,,The Department of Sanitation investigated this complaint and found no violation at the location.,03/29/2021 12:00:00 PM,11 MANHATTAN,1016940007,MANHATTAN,1000126,225548,ONLINE,Unspecified,MANHATTAN,,,,,,,,40.78573908057979,-73.94267023348725,"(40.78573908057979, -73.94267023348725)"
50127557,03/27/2021 07:45:00 AM,03/30/2021 12:00:00 PM,DSNY,Department of Sanitation,Dirty Conditions,E8 Canine Violation,Sidewalk,10312,18 STAFFORD AVENUE,STAFFORD AVENUE,GRANTWOOD AVENUE,CARLTON BOULEVARD,,,ADDRESS,STATEN ISLAND,,N/A,Closed,,The Department of Sanitation investigated this complaint and found no violation at the location.,03/30/2021 12:00:00 PM,03 STATEN ISLAND,5057140027,STATEN ISLAND,933456,140287,ONLINE,Unspecified,STATEN ISLAND,,,,,,,,40.55158562044243,-74.18277935995837,"(40.55158562044243, -74.18277935995837)"
50131852,03/26/2021 07:57:00 PM,03/27/2021 12:00:00 PM,DSNY,Department of Sanitation,Dirty Conditions,E8 Canine Violation,Sidewalk,10002,126 FORSYTH STREET,FORSYTH STREET,BROOME STREET,DELANCEY STREET,,,ADDRESS,NEW YORK,,N/A,Closed,,The Department of Sanitation investigated this complaint and found no violation at the location.,03/27/2021 12:00:00 PM,03 MANHATTAN,1004190049,MANHATTAN,986377,201371,ONLINE,Unspecified,MANHATTAN,,,,,,,,40.71939334789154,-73.99232684447163,"(40.71939334789154, -73.99232684447163)"
50122350,03/26/2021 01:41:00 PM,04/01/2021 12:00:00 PM,DSNY,Department of Sanitation,Dirty Conditions,E8 Canine Violation,Sidewalk,,,,,,LINCOLN PLACE,LINCOLN PLACE,INTERSECTION,,,N/A,Closed,,The Department of Sanitation investigated this complaint and found no violation at the location.,04/01/2021 12:00:00 PM,08 BROOKLYN,,BROOKLYN,,,PHONE,Unspecified,BROOKLYN,,,,,,,,,,
50120855,03/26/2021 12:45:00 PM,04/02/2021 12:00:00 PM,DSNY,Department of Sanitation,Dirty Conditions,E8 Canine Violation,Sidewalk,,,,,,BATH AVENUE,BATH AVENUE,INTERSECTION,,,N/A,Closed,,The Department of Sanitation investigated this complaint and found no violation at the location.,04/02/2021 12:00:00 PM,13 BROOKLYN,,BROOKLYN,,,PHONE,Unspecified,BROOKLYN,,,,,,,,,,
50119293,03/26/2021 10:40:00 AM,04/01/2021 12:00:00 PM,DSNY,Department of Sanitation,Dirty Conditions,E8 Canine Violation,Sidewalk,11238,526 PARK PLACE,PARK PLACE,GRAND AVENUE,CLASSON AVENUE,,,ADDRESS,BROOKLYN,,N/A,Closed,,The Department of Sanitation investigated this complaint and found no violation at the location.,04/01/2021 12:00:00 PM,08 BROOKLYN,3011670018,BROOKLYN,995109,185207,ONLINE,Unspecified,BROOKLYN,,,,,,,,40.675020525791865,-73.96085220441984,"(40.675020525791865, -73.96085220441984)"
50118427,03/26/2021 10:05:00 AM,03/27/2021 12:00:00 PM,DSNY,Department of Sanitation,Dirty Conditions,E8 Canine Violation,Sidewalk,,,,,,DEHART AVENUE,DEHART AVENUE,INTERSECTION,,,N/A,Closed,,The Department of Sanitation investigated this complaint and found no violation at the location.,03/27/2021 12:00:00 PM,0 Unspecified,,Unspecified,,,PHONE,Unspecified,Unspecified,,,,,,,,,,
50118528,03/26/2021 09:47:00 AM,03/30/2021 12:00:00 PM,DSNY,Department of Sanitation,Dirty Conditions,E8 Canine Violation,Sidewalk,11435,147-36 95 AVENUE,95 AVENUE,147 PLACE,148 STREET,,,ADDRESS,Jamaica,,N/A,Closed,,The Department of Sanitation investigated this complaint and found no violation at the location.,03/30/2021 12:00:00 PM,12 QUEENS,4100280004,QUEENS,1038196,193918,ONLINE,Unspecified,QUEENS,,,,,,,,40.69877245637953,-73.80544976207206,"(40.69877245637953, -73.80544976207206)"
50122919,03/26/2021 09:15:00 AM,03/27/2021 12:00:00 PM,DSNY,Department of Sanitation,Dirty Conditions,E8 Canine Violation,Sidewalk,10455,523 TIMPSON PLACE,TIMPSON PLACE,EAST 147 STREET,EAST 149 STREET,,,ADDRESS,BRONX,,N/A,Closed,,The Department of Sanitation investigated this complaint and found no violation at the location.,03/27/2021 12:00:00 PM,01 BRONX,2026000250,BRONX,1010748,234767,ONLINE,Unspecified,BRONX,,,,,,,,40.8110172456652,-73.90427681299344,"(40.8110172456652, -73.90427681299344)"
50114846,03/26/2021 03:29:00 AM,03/27/2021 12:00:00 PM,DSNY,Department of Sanitation,Dirty Conditions,E8 Canine Violation,Sidewalk,,,,,,BROADWAY,BROADWAY,INTERSECTION,,,N/A,Closed,,The Department of Sanitation investigated this complaint and found no violation at the location.,03/27/2021 12:00:00 PM,12 MANHATTAN,,MANHATTAN,,,PHONE,Unspecified,MANHATTAN,,,,,,,,,,
50115984,03/26/2021 12:15:00 AM,03/29/2021 12:00:00 PM,DSNY,Department of Sanitation,Dirty Conditions,E8 Canine Violation,Sidewalk,11368,111-85 41 AVENUE,41 AVENUE,111 STREET,114 STREET,,,ADDRESS,Corona,,N/A,Closed,,The Department of Sanitation investigated this complaint and found no violation at the location.,03/29/2021 12:00:00 PM,04 QUEENS,4020130044,QUEENS,1024449,212945,PHONE,Unspecified,QUEENS,,,,,,,,40.75107000423248,-73.85491302679601,"(40.75107000423248, -73.85491302679601)"
50115125,03/25/2021 03:57:00 PM,03/27/2021 12:00:00 PM,DSNY,Department of Sanitation,Dirty Conditions,E8 Canine Violation,Sidewalk,11230,1567 EAST    7 STREET,EAST    7 STREET,AVENUE N,AVENUE O,,,ADDRESS,BROOKLYN,,N/A,Closed,,The Department of Sanitation investigated this complaint and found no violation at the location.,03/27/2021 12:00:00 PM,12 BROOKLYN,3065890065,BROOKLYN,993439,162545,ONLINE,Unspecified,BROOKLYN,,,,,,,,40.612820111927796,-73.96690359088869,"(40.612820111927796, -73.96690359088869)"
50110862,03/25/2021 12:38:00 PM,03/30/2021 12:00:00 PM,DSNY,Department of Sanitation,Dirty Conditions,E8 Canine Violation,Sidewalk,10314,243 REGIS DRIVE,REGIS DRIVE,ELSON COURT,FARRAGUT AVENUE,,,ADDRESS,STATEN ISLAND,,N/A,Closed,,The Department of Sanitation investigated this complaint and found no violation at the location.,03/30/2021 12:00:00 PM,01 STATEN ISLAND,5016540062,STATEN ISLAND,938937,165372,PHONE,Unspecified,STATEN ISLAND,,,,,,,,40.620468528768946,-74.16322453625317,"(40.620468528768946, -74.16322453625317)"
50108418,03/25/2021 10:02:00 AM,03/26/2021 12:00:00 PM,DSNY,Department of Sanitation,Dirty Conditions,E8 Canine Violation,Sidewalk,10036,608 WEST   43 STREET,WEST   43 STREET,11 AVENUE,12 AVENUE,,,ADDRESS,NEW YORK,,N/A,Closed,,The Department of Sanitation investigated this complaint and found no violation at the location.,03/26/2021 12:00:00 PM,04 MANHATTAN,1010907502,MANHATTAN,984710,216788,ONLINE,Unspecified,MANHATTAN,,,,,,,,40.76170942243454,-73.99833949506049,"(40.76170942243454, -73.99833949506049)"
50112984,03/25/2021 09:11:00 AM,03/27/2021 12:00:00 PM,DSNY,Department of Sanitation,Dirty Conditions,E8 Canine Violation,Sidewalk,10301,536 HOWARD AVENUE,HOWARD AVENUE,SIGNAL HILL ROAD,STRATFORD AVENUE,,,ADDRESS,STATEN ISLAND,,N/A,Closed,,The Department of Sanitation investigated this complaint and found no violation at the location.,03/27/2021 12:00:00 PM,01 STATEN ISLAND,5005950015,STATEN ISLAND,958510,164718,ONLINE,Unspecified,STATEN ISLAND,,,,,,,,40.61875192171878,-74.09271709815114,"(40.61875192171878, -74.09271709815114)"
50111802,03/24/2021 09:43:00 PM,03/26/2021 12:00:00 PM,DSNY,Department of Sanitation,Dirty Conditions,E8 Canine Violation,Sidewalk,11368,57-43 PENROD STREET,PENROD STREET,MARTENSE AVENUE,OTIS AVENUE,,,ADDRESS,Corona,,N/A,Closed,,The Department of Sanitation investigated this complaint and found no violation at the location.,03/26/2021 12:00:00 PM,04 QUEENS,4019520045,QUEENS,1024135,208760,ONLINE,Unspecified,QUEENS,,,,,,,,40.73958466496213,-73.85607113728877,"(40.73958466496213, -73.85607113728877)"
50109082,03/24/2021 06:53:00 PM,03/27/2021 12:00:00 PM,DSNY,Department of Sanitation,Dirty Conditions,E8 Canine Violation,Sidewalk,11435,134-01 82 AVENUE,82 AVENUE,134 STREET,135 STREET,,,ADDRESS,Jamaica,,N/A,Closed,,The Department of Sanitation investigated this complaint and found no violation at the location.,03/27/2021 12:00:00 PM,08 QUEENS,4096630020,QUEENS,1033134,199465,ONLINE,Unspecified,QUEENS,,,,,,,,40.71402704198371,-73.82366497947586,"(40.71402704198371, -73.82366497947586)"
50112780,03/24/2021 05:50:00 PM,03/25/2021 12:00:00 PM,DSNY,Department of Sanitation,Dirty Conditions,E8 Canine Violation,Sidewalk,11216,212 QUINCY STREET,QUINCY STREET,BEDFORD AVENUE,NOSTRAND AVENUE,,,ADDRESS,BROOKLYN,,N/A,Closed,,The Department of Sanitation investigated this complaint and found no violation at the location.,03/25/2021 12:00:00 PM,03 BROOKLYN,3018070029,BROOKLYN,997358,189467,PHONE,Unspecified,BROOKLYN,,,,,,,,40.68671021224826,-73.95273604650225,"(40.68671021224826, -73.95273604650225)"
50100995,03/23/2021 09:23:00 PM,03/25/2021 12:00:00 PM,DSNY,Department of Sanitation,Dirty Conditions,E8 Canine Violation,Sidewalk,11216,740 DEKALB AVENUE,DEKALB AVENUE,MARCY AVENUE,TOMPKINS AVENUE,,,ADDRESS,BROOKLYN,,N/A,Closed,,The Department of Sanitation investigated this complaint and found no violation at the location.,03/25/2021 12:00:00 PM,03 BROOKLYN,3017800131,BROOKLYN,999018,191359,PHONE,Unspecified,BROOKLYN,,,,,,,,40.69190070214218,-73.9467463830624,"(40.69190070214218, -73.9467463830624)"
50096061,03/23/2021 01:13:00 PM,04/09/2021 12:00:00 PM,DSNY,Department of Sanitation,Dirty Conditions,E8 Canine Violation,Sidewalk,11221,110 GROVE STREET,GROVE STREET,EVERGREEN AVENUE,CENTRAL AVENUE,,,ADDRESS,BROOKLYN,,N/A,Closed,,The Department of Sanitation investigated this complaint and found no violation at the location.,04/09/2021 12:00:00 PM,04 BROOKLYN,3033230014,BROOKLYN,1006292,191926,ONLINE,Unspecified,BROOKLYN,,,,,,,,40.693441858492676,-73.92051439289615,"(40.693441858492676, -73.92051439289615)"
50090915,03/23/2021 11:29:00 AM,03/24/2021 12:00:00 PM,DSNY,Department of Sanitation,Dirty Conditions,E8 Canine Violation,Sidewalk,,,,,,FAIRMOUNT PLACE,FAIRMOUNT PLACE,INTERSECTION,,,N/A,Closed,,The Department of Sanitation investigated this complaint and found no violation at the location.,03/24/2021 12:00:00 PM,06 BRONX,,BRONX,,,PHONE,Unspecified,BRONX,,,,,,,,,,
50090040,03/22/2021 04:57:00 PM,03/26/2021 12:00:00 PM,DSNY,Department of Sanitation,Dirty Conditions,E8 Canine Violation,Sidewalk,11691,711 SEAGIRT AVENUE,SEAGIRT AVENUE,BEACH 6 STREET,BEACH 8 STREET,,,ADDRESS,Far Rockaway,,N/A,Closed,,The Department of Sanitation investigated this complaint and found no violation at the location.,03/26/2021 12:00:00 PM,14 QUEENS,4156100001,QUEENS,1055848,156519,ONLINE,Unspecified,QUEENS,,,,,,,,40.59599553669944,-73.74218707271653,"(40.59599553669944, -73.74218707271653)"
50092818,03/22/2021 04:23:00 PM,03/24/2021 12:00:00 PM,DSNY,Department of Sanitation,Dirty Conditions,E8 Canine Violation,Sidewalk,10455,367 EAST  151 STREET,EAST  151 STREET,COURTLANDT AVENUE,MELROSE AVENUE,,,ADDRESS,BRONX,,N/A,Closed,,The Department of Sanitation investigated this complaint and found no violation at the location.,03/24/2021 12:00:00 PM,01 BRONX,2023980040,BRONX,1006852,237249,ONLINE,Unspecified,BRONX,,,,,,,,40.81784046552143,-73.91834262276653,"(40.81784046552143, -73.91834262276653)"
50080436,03/22/2021 11:03:00 AM,03/25/2021 12:00:00 PM,DSNY,Department of Sanitation,Dirty Conditions,E8 Canine Violation,Sidewalk,10309,11 WILTSHIRE LANE,WILTSHIRE LANE,VETERANS ROAD EAST,BERKSHIRE LANE,,,ADDRESS,STATEN ISLAND,,N/A,Closed,,The Department of Sanitation investigated this complaint and found no violation at the location.,03/25/2021 12:00:00 PM,03 STATEN ISLAND,5070940063,STATEN ISLAND,922618,137913,PHONE,Unspecified,STATEN ISLAND,,,,,,,,40.54500076748555,-74.22175751674774,"(40.54500076748555, -74.22175751674774)"
50081772,03/22/2021 08:20:00 AM,03/23/2021 12:00:00 PM,DSNY,Department of Sanitation,Dirty Conditions,E8 Canine Violation,Sidewalk,11208,387 PINE STREET,PINE STREET,GLENMORE AVENUE,PITKIN AVENUE,,,ADDRESS,BROOKLYN,,N/A,Closed,,The Department of Sanitation investigated this complaint and found no violation at the location.,03/23/2021 12:00:00 PM,05 BROOKLYN,3042150010,BROOKLYN,1019990,185665,PHONE,Unspecified,BROOKLYN,,,,,,,,40.67621214529841,-73.8711513333374,"(40.67621214529841, -73.8711513333374)"
50076212,03/21/2021 01:19:00 PM,03/23/2021 12:00:00 PM,DSNY,Department of Sanitation,Dirty Conditions,E8 Canine Violation,Sidewalk,10457,411 EAST  178 STREET,EAST  178 STREET,WEBSTER AVENUE,EAST 178 ST FOOTBRIDGE,,,ADDRESS,BRONX,,N/A,Closed,,The Department of Sanitation investigated this complaint and found no violation at the location.,03/23/2021 12:00:00 PM,06 BRONX,2030280003,BRONX,1012025,248628,PHONE,Unspecified,BRONX,,,,,,,,40.849057771203626,-73.8996063076961,"(40.849057771203626, -73.8996063076961)"
50076105,03/21/2021 09:47:00 AM,03/27/2021 12:00:00 PM,DSNY,Department of Sanitation,Dirty Conditions,E8 Canine Violation,Sidewalk,11435,84-11 LANDER STREET,LANDER STREET,HOOVER AVENUE,84 ROAD,,,ADDRESS,Jamaica,,N/A,Closed,,The Department of Sanitation investigated this complaint and found no violation at the location.,03/27/2021 12:00:00 PM,08 QUEENS,4097160118,QUEENS,1035260,199281,PHONE,Unspecified,QUEENS,,,,,,,,40.713510004868155,-73.81599746003812,"(40.713510004868155, -73.81599746003812)"
50062715,03/20/2021 02:25:00 AM,03/20/2021 12:00:00 PM,DSNY,Department of Sanitation,Dirty Conditions,E8 Canine Violation,Sidewalk,10465,2745 SCHLEY AVENUE,SCHLEY AVENUE,BALCOM AVENUE,CROSS BRONX EXPRESSWAY,,,ADDRESS,BRONX,,N/A,Closed,,"The Department of Sanitation has investigated the complaint and addressed the issue. If the problem persists, call 311 to enter a new complaint. If you are outside of New York City, please call (212) NEW-YORK (212-639-9675).",03/20/2021 12:00:00 PM,10 BRONX,2055670001,BRONX,1032356,238834,PHONE,Unspecified,BRONX,,,,,,,,40.822088764116394,-73.82618960353837,"(40.822088764116394, -73.82618960353837)"
50068336,03/19/2021 05:19:00 PM,03/20/2021 12:00:00 PM,DSNY,Department of Sanitation,Dirty Conditions,E8 Canine Violation,Sidewalk,,,,,,HAWTHORNE STREET,HAWTHORNE STREET,INTERSECTION,,,N/A,Closed,,The Department of Sanitation investigated this complaint and found no violation at the location.,03/20/2021 12:00:00 PM,11 BRONX,,BRONX,,,PHONE,Unspecified,BRONX,,,,,,,,,,
50066798,03/19/2021 04:05:00 PM,03/22/2021 12:00:00 PM,DSNY,Department of Sanitation,Dirty Conditions,E8 Canine Violation,Sidewalk,10453,135 HALL OF FAME TERRACE,HALL OF FAME TERRACE,ANDREWS AVENUE NORTH,LORING PLACE NORTH,,,ADDRESS,BRONX,,N/A,Closed,,The Department of Sanitation investigated this complaint and found no violation at the location.,03/22/2021 12:00:00 PM,07 BRONX,2032240001,BRONX,1009008,252093,ONLINE,Unspecified,BRONX,,,,,,,,40.85857713469325,-73.91049855324307,"(40.85857713469325, -73.91049855324307)"
50057896,03/19/2021 09:27:00 AM,03/22/2021 12:00:00 PM,DSNY,Department of Sanitation,Dirty Conditions,E8 Canine Violation,Sidewalk,11374,88-04 63 DRIVE,63 DRIVE,CARLTON STREET,BOURTON STREET,,,ADDRESS,Rego Park,,N/A,Closed,,The Department of Sanitation investigated this complaint and found no violation at the location.,03/22/2021 12:00:00 PM,06 QUEENS,4031170001,QUEENS,1021387,203209,PHONE,Unspecified,QUEENS,,,,,,,,40.724360515910064,-73.86601818213116,"(40.724360515910064, -73.86601818213116)"
50061113,03/19/2021 08:25:00 AM,03/20/2021 12:00:00 PM,DSNY,Department of Sanitation,Dirty Conditions,E8 Canine Violation,Sidewalk,10001,443 WEST   26 STREET,WEST   26 STREET,WEST 27 DRIVE,10 AVENUE,,,ADDRESS,NEW YORK,,N/A,Closed,,The Department of Sanitation investigated this complaint and found no violation at the location.,03/20/2021 12:00:00 PM,04 MANHATTAN,1007240010,MANHATTAN,983734,212236,ONLINE,Unspecified,MANHATTAN,,,,,,,,40.74921533778151,-74.00186230402969,"(40.74921533778151, -74.00186230402969)"
50062213,03/18/2021 11:02:00 PM,03/19/2021 12:00:00 PM,DSNY,Department of Sanitation,Dirty Conditions,E8 Canine Violation,Sidewalk,11215,287 17 STREET,17 STREET,5 AVENUE,6 AVENUE,,,ADDRESS,BROOKLYN,,N/A,Closed,,The Department of Sanitation investigated this complaint and found no violation at the location.,03/19/2021 12:00:00 PM,07 BROOKLYN,,BROOKLYN,986993,180828,ONLINE,Unspecified,BROOKLYN,,,,,,,,40.66300738328954,-73.99011298820896,"(40.66300738328954, -73.99011298820896)"
50049679,03/18/2021 08:54:00 AM,03/22/2021 12:00:00 PM,DSNY,Department of Sanitation,Dirty Conditions,E8 Canine Violation,Sidewalk,10467,333 EAST  206 STREET,EAST  206 STREET,BAINBRIDGE AVENUE,PERRY AVENUE,,,ADDRESS,BRONX,,N/A,Closed,,The Department of Sanitation investigated this complaint and found no violation at the location.,03/22/2021 12:00:00 PM,07 BRONX,2033420038,BRONX,1017875,258058,PHONE,Unspecified,BRONX,,,,,,,,40.87491991144852,-73.87841399594078,"(40.87491991144852, -73.87841399594078)"
50051554,03/18/2021 08:15:00 AM,03/22/2021 12:00:00 PM,DSNY,Department of Sanitation,Dirty Conditions,E8 Canine Violation,Sidewalk,11414,79-03 155 AVENUE,155 AVENUE,79 STREET,80 STREET,,,ADDRESS,Howard Beach,,N/A,Closed,,The Department of Sanitation investigated this complaint and found no violation at the location.,03/22/2021 12:00:00 PM,10 QUEENS,4114410039,QUEENS,1024611,181225,PHONE,Unspecified,QUEENS,,,,,,,,40.66400549186066,-73.8545184700767,"(40.66400549186066, -73.8545184700767)"
50048293,03/18/2021 07:12:00 AM,03/19/2021 12:00:00 PM,DSNY,Department of Sanitation,Dirty Conditions,E8 Canine Violation,Sidewalk,10309,15 PLUMTREE LANE,PLUMTREE LANE,CRABTREE AVENUE,DEAD END,,,ADDRESS,STATEN ISLAND,,N/A,Closed,,The Department of Sanitation investigated this complaint and found no violation at the location.,03/19/2021 12:00:00 PM,03 STATEN ISLAND,5071050565,STATEN ISLAND,922816,136767,ONLINE,Unspecified,STATEN ISLAND,,,,,,,,40.54185659742587,-74.22103469323679,"(40.54185659742587, -74.22103469323679)"
50049708,03/17/2021 09:34:00 PM,03/19/2021 12:00:00 PM,DSNY,Department of Sanitation,Dirty Conditions,E8 Canine Violation,Sidewalk,11368,57-45 PENROD STREET,PENROD STREET,MARTENSE AVENUE,OTIS AVENUE,,,ADDRESS,Corona,,N/A,Closed,,The Department of Sanitation investigated this complaint and found no violation at the location.,03/19/2021 12:00:00 PM,04 QUEENS,4019520043,QUEENS,1024144,208756,ONLINE,Unspecified,QUEENS,,,,,,,,40.73957364537694,-73.85603868370282,"(40.73957364537694, -73.85603868370282)"
50052130,03/17/2021 09:26:00 PM,03/19/2021 12:00:00 PM,DSNY,Department of Sanitation,Dirty Conditions,E8 Canine Violation,Sidewalk,11368,58-37 PENROD STREET,PENROD STREET,OTIS AVENUE,WESTSIDE AVENUE,,,ADDRESS,Corona,,N/A,Closed,,The Department of Sanitation investigated this complaint and found no violation at the location.,03/19/2021 12:00:00 PM,04 QUEENS,4019590035,QUEENS,1024539,208589,ONLINE,Unspecified,QUEENS,,,,,,,,40.739113481846374,-73.85461429120888,"(40.739113481846374, -73.85461429120888)"
50052998,03/17/2021 04:26:00 PM,03/19/2021 12:00:00 PM,DSNY,Department of Sanitation,Dirty Conditions,E8 Canine Violation,Sidewalk,10301,536 HOWARD AVENUE,HOWARD AVENUE,SIGNAL HILL ROAD,STRATFORD AVENUE,,,ADDRESS,STATEN ISLAND,,N/A,Closed,,The Department of Sanitation investigated this complaint and found no condition at the location.,03/19/2021 12:00:00 PM,01 STATEN ISLAND,5005950015,STATEN ISLAND,958510,164718,PHONE,Unspecified,STATEN ISLAND,,,,,,,,40.61875192171878,-74.09271709815114,"(40.61875192171878, -74.09271709815114)"
50038128,03/17/2021 12:39:00 PM,03/19/2021 12:00:00 PM,DSNY,Department of Sanitation,Dirty Conditions,E8 Canine Violation,Sidewalk,11104,43-15 45 STREET,45 STREET,43 AVENUE,SUNNYSIDE GARDEN ARENA WAY,,,ADDRESS,Sunnyside,,N/A,Closed,,The Department of Sanitation investigated this complaint and found no violation at the location.,03/19/2021 12:00:00 PM,02 QUEENS,4001600018,QUEENS,1006599,210570,PHONE,Unspecified,QUEENS,,,,,,,,40.74461436087831,-73.9193454180101,"(40.74461436087831, -73.9193454180101)"
50042643,03/17/2021 12:26:00 PM,03/30/2021 12:00:00 PM,DSNY,Department of Sanitation,Dirty Conditions,E8 Canine Violation,Sidewalk,11222,60 DRIGGS AVENUE,DRIGGS AVENUE,SUTTON STREET,KINGSLAND AVENUE,,,ADDRESS,BROOKLYN,,N/A,Closed,,The Department of Sanitation investigated this complaint and found no violation at the location.,03/30/2021 12:00:00 PM,01 BROOKLYN,3026890053,BROOKLYN,1000568,202831,ONLINE,Unspecified,BROOKLYN,,,,,,,,40.72338590067658,-73.94112926076252,"(40.72338590067658, -73.94112926076252)"
50044847,03/16/2021 11:34:00 PM,03/19/2021 12:00:00 PM,DSNY,Department of Sanitation,Dirty Conditions,E8 Canine Violation,Sidewalk,11419,103-06 117 STREET,117 STREET,103 AVENUE,LIBERTY AVENUE,,,ADDRESS,South Richmond Hill,,N/A,Closed,,The Department of Sanitation investigated this complaint and found no violation at the location.,03/19/2021 12:00:00 PM,10 QUEENS,4095540006,QUEENS,1032349,189680,PHONE,Unspecified,QUEENS,,,,,,,,40.68717386094589,-73.8265665180457,"(40.68717386094589, -73.8265665180457)"
50043798,03/16/2021 09:41:00 PM,03/19/2021 12:00:00 PM,DSNY,Department of Sanitation,Dirty Conditions,E8 Canine Violation,Sidewalk,11420,114-37 SUTTER AVENUE,SUTTER AVENUE,114 PLACE,115 STREET,,,ADDRESS,South Ozone Park,,N/A,Closed,,The Department of Sanitation investigated this complaint and found no violation at the location.,03/19/2021 12:00:00 PM,10 QUEENS,4117070002,QUEENS,1033050,185233,PHONE,Unspecified,QUEENS,,,,,,,,40.67496404349854,-73.82407109060699,"(40.67496404349854, -73.82407109060699)"
50041605,03/16/2021 09:31:00 PM,03/19/2021 12:00:00 PM,DSNY,Department of Sanitation,Dirty Conditions,E8 Canine Violation,Sidewalk,11365,67-38C 190 LANE,190 LANE,192 STREET,BEND,,,ADDRESS,Fresh Meadows,,N/A,Closed,,The Department of Sanitation investigated this complaint and found no violation at the location.,03/19/2021 12:00:00 PM,08 QUEENS,4071170003,QUEENS,1044592,207784,ONLINE,Unspecified,QUEENS,,,,,,,,40.736789878005894,-73.78225909030364,"(40.736789878005894, -73.78225909030364)"
50039354,03/16/2021 08:52:00 PM,03/17/2021 12:00:00 PM,DSNY,Department of Sanitation,Dirty Conditions,E8 Canine Violation,Sidewalk,11231,772 HENRY STREET,HENRY STREET,CENTRE MALL,BUSH STREET,,,ADDRESS,BROOKLYN,,N/A,Closed,,The Department of Sanitation investigated this complaint and found no violation at the location.,03/17/2021 12:00:00 PM,06 BROOKLYN,3005380001,BROOKLYN,983142,185058,ONLINE,Unspecified,BROOKLYN,,,,,,,,40.674618145130125,-74.00399442806658,"(40.674618145130125, -74.00399442806658)"
50044818,03/16/2021 07:02:00 PM,03/22/2021 12:00:00 PM,DSNY,Department of Sanitation,Dirty Conditions,E8 Canine Violation,Sidewalk,11378,59-01 FRESH POND ROAD,FRESH POND ROAD,59 AVENUE,59 ROAD,,,ADDRESS,Maspeth,,N/A,Closed,,The Department of Sanitation investigated this complaint and found no violation at the location.,03/22/2021 12:00:00 PM,05 QUEENS,4027540025,QUEENS,1011289,201352,PHONE,Unspecified,QUEENS,,,,,,,,40.71930013212525,-73.90245688539495,"(40.71930013212525, -73.90245688539495)"
50043498,03/16/2021 05:47:00 PM,03/17/2021 12:00:00 PM,DSNY,Department of Sanitation,Dirty Conditions,E8 Canine Violation,Sidewalk,,,,,,EAST 165 STREET,EAST 165 STREET,INTERSECTION,,,N/A,Closed,,The Department of Sanitation investigated this complaint and found no violation at the location.,03/17/2021 12:00:00 PM,03 BRONX,,BRONX,,,PHONE,Unspecified,BRONX,,,,,,,,,,
50044934,03/16/2021 04:19:00 PM,03/20/2021 12:00:00 PM,DSNY,Department of Sanitation,Dirty Conditions,E8 Canine Violation,Sidewalk,11429,211-40 99 AVENUE,99 AVENUE,211 PLACE,212 STREET,,,ADDRESS,Queens Village,,N/A,Closed,,"The Department of Sanitation has investigated the complaint and addressed the issue. If the problem persists, call 311 to enter a new complaint. If you are outside of New York City, please call (212) NEW-YORK (212-639-9675).",03/20/2021 12:00:00 PM,13 QUEENS,4108800044,QUEENS,1054251,199581,PHONE,Unspecified,QUEENS,,,,,,,,40.71420355512756,-73.74749060595019,"(40.71420355512756, -73.74749060595019)"
50039185,03/16/2021 02:30:00 PM,03/17/2021 12:00:00 PM,DSNY,Department of Sanitation,Dirty Conditions,E8 Canine Violation,Sidewalk,10460,1435 TAYLOR AVENUE,TAYLOR AVENUE,EAST 174 STREET,ARCHER STREET,,,ADDRESS,BRONX,,N/A,Closed,,The Department of Sanitation investigated this complaint and found no violation at the location.,03/17/2021 12:00:00 PM,09 BRONX,2038990052,BRONX,1021288,243933,PHONE,Unspecified,BRONX,,,,,,,,40.836137386845664,-73.86615085199202,"(40.836137386845664, -73.86615085199202)"
50036709,03/16/2021 01:36:00 PM,03/17/2021 12:00:00 PM,DSNY,Department of Sanitation,Dirty Conditions,E8 Canine Violation,Sidewalk,10027,522 RIVERSIDE DRIVE,RIVERSIDE DRIVE,WEST 122 STREET,TIEMANN PLACE,,,ADDRESS,NEW YORK,,N/A,Closed,,The Department of Sanitation investigated this complaint and found no violation at the location.,03/17/2021 12:00:00 PM,09 MANHATTAN,,MANHATTAN,994810,236439,ONLINE,Unspecified,MANHATTAN,,,,,,,,40.815639845876746,-73.96184969062524,"(40.815639845876746, -73.96184969062524)"
50037328,03/16/2021 10:43:00 AM,03/30/2021 12:00:00 PM,DSNY,Department of Sanitation,Dirty Conditions,E8 Canine Violation,Sidewalk,11222,110 GREEN STREET,GREEN STREET,FRANKLIN STREET,MANHATTAN AVENUE,,,ADDRESS,BROOKLYN,,N/A,Closed,,The Department of Sanitation investigated this complaint and found no violation at the location.,03/30/2021 12:00:00 PM,01 BROOKLYN,3025220016,BROOKLYN,996150,206521,ONLINE,Unspecified,BROOKLYN,,,,,,,,40.73352109539151,-73.95706162951997,"(40.73352109539151, -73.95706162951997)"
50035104,03/15/2021 05:16:00 PM,03/18/2021 12:00:00 PM,DSNY,Department of Sanitation,Dirty Conditions,E8 Canine Violation,Sidewalk,,,,,,EAST 164 STREET,EAST 164 STREET,INTERSECTION,,,N/A,Closed,,The Department of Sanitation investigated this complaint and found no violation at the location.,03/18/2021 12:00:00 PM,02 BRONX,,BRONX,,,PHONE,Unspecified,BRONX,,,,,,,,,,
50031759,03/15/2021 05:11:00 PM,03/17/2021 12:00:00 PM,DSNY,Department of Sanitation,Dirty Conditions,E8 Canine Violation,Sidewalk,,,,,,EAST 165 STREET,EAST 165 STREET,INTERSECTION,,,N/A,Closed,,The Department of Sanitation investigated this complaint and found no violation at the location.,03/17/2021 12:00:00 PM,02 BRONX,,BRONX,,,PHONE,Unspecified,BRONX,,,,,,,,,,
50033491,03/15/2021 02:59:00 PM,03/16/2021 12:00:00 PM,DSNY,Department of Sanitation,Dirty Conditions,E8 Canine Violation,Sidewalk,11221,630 MONROE STREET,MONROE STREET,STUYVESANT AVENUE,MALCOLM X BOULEVARD,,,ADDRESS,BROOKLYN,,N/A,Closed,,The Department of Sanitation investigated this complaint and found no violation at the location.,03/16/2021 12:00:00 PM,03 BROOKLYN,3016410020,BROOKLYN,1003154,189801,PHONE,Unspecified,BROOKLYN,,,,,,,,40.6876164839832,-73.93183628568228,"(40.6876164839832, -73.93183628568228)"
50025948,03/15/2021 08:38:00 AM,03/16/2021 12:00:00 PM,DSNY,Department of Sanitation,Dirty Conditions,E8 Canine Violation,Sidewalk,11422,134-24 234 STREET,234 STREET,MERRICK BOULEVARD,134 ROAD,,,ADDRESS,Rosedale,,N/A,Closed,,The Department of Sanitation investigated this complaint and found no violation at the location.,03/16/2021 12:00:00 PM,13 QUEENS,4131610047,QUEENS,1057347,184913,PHONE,Unspecified,QUEENS,,,,,,,,40.673918437686346,-73.73648187236975,"(40.673918437686346, -73.73648187236975)"
50010947,03/13/2021 11:37:00 AM,04/02/2021 12:00:00 PM,DSNY,Department of Sanitation,Dirty Conditions,E8 Canine Violation,Sidewalk,11230,1439 OCEAN AVENUE,OCEAN AVENUE,AVENUE I,AVENUE J,,,ADDRESS,BROOKLYN,,N/A,Closed,,The Department of Sanitation investigated this complaint and found no violation at the location.,04/02/2021 12:00:00 PM,14 BROOKLYN,3075840019,BROOKLYN,996290,167717,PHONE,Unspecified,BROOKLYN,,,,,,,,40.62701275833746,-73.95662580149565,"(40.62701275833746, -73.95662580149565)"
50008656,03/13/2021 11:25:00 AM,03/15/2021 12:00:00 PM,DSNY,Department of Sanitation,Dirty Conditions,E8 Canine Violation,Sidewalk,11691,711 SEAGIRT AVENUE,SEAGIRT AVENUE,BEACH 6 STREET,BEACH 8 STREET,,,ADDRESS,Far Rockaway,,N/A,Closed,,The Department of Sanitation investigated this complaint and found no violation at the location.,03/15/2021 12:00:00 PM,14 QUEENS,4156100001,QUEENS,1055848,156519,ONLINE,Unspecified,QUEENS,,,,,,,,40.59599553669944,-73.74218707271653,"(40.59599553669944, -73.74218707271653)"
50008528,03/12/2021 07:27:00 PM,03/13/2021 12:00:00 PM,DSNY,Department of Sanitation,Dirty Conditions,E8 Canine Violation,Sidewalk,10456,795 EAST  169 STREET,EAST  169 STREET,TINTON AVENUE,UNION AVENUE,,,ADDRESS,BRONX,,N/A,Closed,,The Department of Sanitation investigated this complaint and found no violation at the location.,03/13/2021 12:00:00 PM,03 BRONX,2029610002,BRONX,1012199,241785,PHONE,Unspecified,BRONX,,,,,,,,40.830275190940526,-73.89900589630429,"(40.830275190940526, -73.89900589630429)"
50000260,03/12/2021 12:57:00 PM,03/13/2021 12:00:00 PM,DSNY,Department of Sanitation,Dirty Conditions,E8 Canine Violation,Sidewalk,11435,84-75 DANIEL STREET,DANIEL STREET,84 ROAD,PERSHING CRESCENT,,,ADDRESS,Jamaica,,N/A,Closed,,The Department of Sanitation investigated this complaint and found no violation at the location.,03/13/2021 12:00:00 PM,08 QUEENS,4097360102,QUEENS,1035790,198685,PHONE,Unspecified,QUEENS,,,,,,,,40.711871058928864,-73.81409022009814,"(40.711871058928864, -73.81409022009814)"
49997810,03/12/2021 10:24:00 AM,03/13/2021 12:00:00 PM,DSNY,Department of Sanitation,Dirty Conditions,E8 Canine Violation,Sidewalk,10128,238 EAST   95 STREET,EAST   95 STREET,3 AVENUE,2 AVENUE,,,ADDRESS,NEW YORK,,N/A,Closed,,The Department of Sanitation investigated this complaint and found no violation at the location.,03/13/2021 12:00:00 PM,08 MANHATTAN,1015400029,MANHATTAN,998482,224910,PHONE,Unspecified,MANHATTAN,,,,,,,,40.78399074123238,-73.94860822618071,"(40.78399074123238, -73.94860822618071)"
50005206,03/12/2021 09:17:00 AM,03/19/2021 12:00:00 PM,DSNY,Department of Sanitation,Dirty Conditions,E8 Canine Violation,Sidewalk,10310,1320 CASTLETON AVENUE,CASTLETON AVENUE,CLOVE ROAD,RECTOR STREET,,,ADDRESS,STATEN ISLAND,,N/A,Closed,,The Department of Sanitation investigated this complaint and found no condition at the location.,03/19/2021 12:00:00 PM,01 STATEN ISLAND,5002150029,STATEN ISLAND,949064,170208,ONLINE,Unspecified,STATEN ISLAND,,,,,,,,40.633788325054795,-74.12677076169642,"(40.633788325054795, -74.12677076169642)"
50001702,03/12/2021 05:47:00 AM,03/13/2021 12:00:00 PM,DSNY,Department of Sanitation,Dirty Conditions,E8 Canine Violation,Sidewalk,11373,89-21 ELMHURST AVENUE,ELMHURST AVENUE,ELBERTSON STREET,DENMAN STREET,,,ADDRESS,Elmhurst,,N/A,Closed,,The Department of Sanitation investigated this complaint and found no violation at the location.,03/13/2021 12:00:00 PM,04 QUEENS,4015110001,QUEENS,1018372,211606,ONLINE,Unspecified,QUEENS,,,,,,,,40.747420328856705,-73.87685300997468,"(40.747420328856705, -73.87685300997468)"
49996269,03/11/2021 05:32:00 PM,03/12/2021 12:00:00 PM,DSNY,Department of Sanitation,Dirty Conditions,E8 Canine Violation,Sidewalk,10467,375 EAST  205 STREET,EAST  205 STREET,DECATUR AVENUE,WEBSTER AVENUE,,,ADDRESS,BRONX,,N/A,Closed,,The Department of Sanitation investigated this complaint and found no violation at the location.,03/12/2021 12:00:00 PM,07 BRONX,2033540047,BRONX,1018708,257430,PHONE,Unspecified,BRONX,,,,,,,,40.8731930336051,-73.87540515130969,"(40.8731930336051, -73.87540515130969)"
50003711,03/11/2021 02:47:00 PM,03/12/2021 12:00:00 PM,DSNY,Department of Sanitation,Dirty Conditions,E8 Canine Violation,Sidewalk,10451,2980 PARK AVENUE,PARK AVENUE,EAST 153 STREET,EAST 155 STREET,,,ADDRESS,BRONX,,N/A,Closed,,The Department of Sanitation investigated this complaint and found no violation at the location.,03/12/2021 12:00:00 PM,01 BRONX,2024417501,BRONX,1005745,238299,PHONE,Unspecified,BRONX,,,,,,,,40.82072518171122,-73.92233866971165,"(40.82072518171122, -73.92233866971165)"
49999065,03/11/2021 02:13:00 PM,03/12/2021 12:00:00 PM,DSNY,Department of Sanitation,Dirty Conditions,E8 Canine Violation,Sidewalk,10459,775 JENNINGS STREET,JENNINGS STREET,UNION AVENUE,PROSPECT AVENUE,,,ADDRESS,BRONX,,N/A,Closed,,The Department of Sanitation investigated this complaint and found no violation at the location.,03/12/2021 12:00:00 PM,03 BRONX,2029620046,BRONX,1012758,242394,PHONE,Unspecified,BRONX,,,,,,,,40.831944933361925,-73.89698335580668,"(40.831944933361925, -73.89698335580668)"
50001447,03/11/2021 02:08:00 PM,03/12/2021 12:00:00 PM,DSNY,Department of Sanitation,Dirty Conditions,E8 Canine Violation,Sidewalk,10459,1401 PROSPECT AVENUE,PROSPECT AVENUE,JENNINGS STREET,EAST 170 STREET,,,ADDRESS,BRONX,,N/A,Closed,,The Department of Sanitation investigated this complaint and found no violation at the location.,03/12/2021 12:00:00 PM,03 BRONX,2029620046,BRONX,1012845,242462,PHONE,Unspecified,BRONX,,,,,,,,40.83213129243463,-73.89666868262292,"(40.83213129243463, -73.89666868262292)"
49991819,03/11/2021 01:14:00 PM,03/16/2021 12:00:00 PM,DSNY,Department of Sanitation,Dirty Conditions,E8 Canine Violation,Sidewalk,10301,40 HENDERSON AVENUE,HENDERSON AVENUE,KIRBY COURT,LAFAYETTE AVENUE,,,ADDRESS,STATEN ISLAND,,N/A,Closed,,The Department of Sanitation investigated this complaint and found no condition at the location.,03/16/2021 12:00:00 PM,01 STATEN ISLAND,5000640101,STATEN ISLAND,958197,172947,PHONE,Unspecified,STATEN ISLAND,,,,,,,,40.64133786179331,-74.09387630906416,"(40.64133786179331, -74.09387630906416)"
49989948,03/11/2021 12:21:00 PM,03/13/2021 12:00:00 PM,DSNY,Department of Sanitation,Dirty Conditions,E8 Canine Violation,Sidewalk,11378,60-54 FRESH POND ROAD,FRESH POND ROAD,60 DRIVE,60 DRIVE,,,ADDRESS,Maspeth,,N/A,Closed,,The Department of Sanitation investigated this complaint and found no violation at the location.,03/13/2021 12:00:00 PM,05 QUEENS,4027460031,QUEENS,1011577,199983,PHONE,Unspecified,QUEENS,,,,,,,,40.71554167304106,-73.90142348476193,"(40.71554167304106, -73.90142348476193)"
49992728,03/11/2021 09:29:00 AM,03/13/2021 12:00:00 PM,DSNY,Department of Sanitation,Dirty Conditions,E8 Canine Violation,Sidewalk,11103,32-71 41 STREET,41 STREET,BROADWAY,34 AVENUE,,,ADDRESS,Astoria,,N/A,Closed,,The Department of Sanitation investigated this complaint and found no violation at the location.,03/13/2021 12:00:00 PM,01 QUEENS,4006770009,QUEENS,1006576,215114,PHONE,Unspecified,QUEENS,,,,,,,,40.75708654560649,-73.91941333564532,"(40.75708654560649, -73.91941333564532)"
49989057,03/11/2021 09:19:00 AM,03/13/2021 12:00:00 PM,DSNY,Department of Sanitation,Dirty Conditions,E8 Canine Violation,Sidewalk,,,,,,EAST 101 STREET,EAST 101 STREET,INTERSECTION,,,N/A,Closed,,The Department of Sanitation investigated this complaint and found no violation at the location.,03/13/2021 12:00:00 PM,11 MANHATTAN,,MANHATTAN,,,ONLINE,Unspecified,MANHATTAN,,,,,,,,,,
49991772,03/10/2021 11:13:00 PM,03/11/2021 12:00:00 PM,DSNY,Department of Sanitation,Dirty Conditions,E8 Canine Violation,Sidewalk,10463,237 WEST  230 STREET,WEST  230 STREET,GODWIN TERRACE,KINGSBRIDGE AVENUE,,,ADDRESS,BRONX,,N/A,Closed,,The Department of Sanitation investigated this complaint and found no violation at the location.,03/11/2021 12:00:00 PM,08 BRONX,2057030165,BRONX,1009829,259090,ONLINE,Unspecified,BRONX,,,,,,,,40.87777941643627,-73.90750388897129,"(40.87777941643627, -73.90750388897129)"
49994362,03/10/2021 02:46:00 PM,03/15/2021 12:00:00 PM,DSNY,Department of Sanitation,Dirty Conditions,E8 Canine Violation,Sidewalk,11374,97-07 67 AVENUE,67 AVENUE,BURNS STREET,67 AVENUE FOOTBRIDGE,,,ADDRESS,Rego Park,,N/A,Closed,,The Department of Sanitation investigated this complaint and found no violation at the location.,03/15/2021 12:00:00 PM,06 QUEENS,4031550055,QUEENS,1024094,202764,ONLINE,Unspecified,QUEENS,,,,,,,,40.72312732174691,-73.85625459558317,"(40.72312732174691, -73.85625459558317)"
49986410,03/10/2021 09:18:00 AM,03/16/2021 12:00:00 PM,DSNY,Department of Sanitation,Dirty Conditions,E8 Canine Violation,Sidewalk,11106,32-72 30 STREET,30 STREET,BROADWAY,34 AVENUE,,,ADDRESS,Astoria,,N/A,Closed,,The Department of Sanitation investigated this complaint and found no violation at the location.,03/16/2021 12:00:00 PM,01 QUEENS,4005860070,QUEENS,1004594,216867,ONLINE,Unspecified,QUEENS,,,,,,,,40.761902862531194,-73.92656214227237,"(40.761902862531194, -73.92656214227237)"
49983189,03/10/2021 07:51:00 AM,03/13/2021 12:00:00 PM,DSNY,Department of Sanitation,Dirty Conditions,E8 Canine Violation,Sidewalk,,,,,,CRESTON AVENUE,CRESTON AVENUE,INTERSECTION,,,N/A,Closed,,The Department of Sanitation investigated this complaint and found no violation at the location.,03/13/2021 12:00:00 PM,05 BRONX,,BRONX,,,PHONE,Unspecified,BRONX,,,,,,,,,,
49979645,03/09/2021 09:36:00 PM,03/16/2021 12:00:00 PM,DSNY,Department of Sanitation,Dirty Conditions,E8 Canine Violation,Sidewalk,11105,21-01 23 STREET,23 STREET,21 AVENUE,21 ROAD,,,ADDRESS,Astoria,,N/A,Closed,,The Department of Sanitation investigated this complaint and found no violation at the location.,03/16/2021 12:00:00 PM,01 QUEENS,,QUEENS,1008170,224022,ONLINE,Unspecified,QUEENS,,,,,,,,40.781532508095076,-73.9136280231281,"(40.781532508095076, -73.9136280231281)"
49982068,03/09/2021 02:53:00 PM,03/11/2021 12:00:00 PM,DSNY,Department of Sanitation,Dirty Conditions,E8 Canine Violation,Sidewalk,11209,337 79 STREET,79 STREET,3 AVENUE,4 AVENUE,,,ADDRESS,BROOKLYN,,N/A,Closed,,The Department of Sanitation investigated this complaint and found no violation at the location.,03/11/2021 12:00:00 PM,10 BROOKLYN,3059690067,BROOKLYN,976548,168178,PHONE,Unspecified,BROOKLYN,,,,,,,,40.628282939931744,-74.02774704540936,"(40.628282939931744, -74.02774704540936)"
49971539,03/09/2021 12:38:00 PM,03/11/2021 12:00:00 PM,DSNY,Department of Sanitation,Dirty Conditions,E8 Canine Violation,Sidewalk,11203,427 LINDEN BOULEVARD,LINDEN BOULEVARD,BROOKLYN AVENUE,EAST 37 STREET,,,ADDRESS,BROOKLYN,,N/A,Closed,,The Department of Sanitation investigated this complaint and found no violation at the location.,03/11/2021 12:00:00 PM,17 BROOKLYN,3048570049,BROOKLYN,999966,177194,ONLINE,Unspecified,BROOKLYN,,,,,,,,40.653019330429856,-73.94336090962899,"(40.653019330429856, -73.94336090962899)"
49974332,03/09/2021 12:34:00 PM,03/12/2021 12:00:00 PM,DSNY,Department of Sanitation,Dirty Conditions,E8 Canine Violation,Sidewalk,11358,198-40 32 AVENUE,32 AVENUE,FRANCIS LEWIS BOULEVARD,JORDAN STREET,,,ADDRESS,Flushing,,N/A,Closed,,The Department of Sanitation investigated this complaint and found no violation at the location.,03/12/2021 12:00:00 PM,11 QUEENS,4060240017,QUEENS,1042109,219572,PHONE,Unspecified,QUEENS,,,,,,,,40.76916144945977,-73.79111739836938,"(40.76916144945977, -73.79111739836938)"
49975500,03/09/2021 12:30:00 PM,03/13/2021 12:00:00 PM,DSNY,Department of Sanitation,Dirty Conditions,E8 Canine Violation,Sidewalk,11423,89-23 181 STREET,181 STREET,89 AVENUE,90 AVENUE,,,ADDRESS,Hollis,,N/A,Closed,,The Department of Sanitation investigated this complaint and found no violation at the location.,03/13/2021 12:00:00 PM,12 QUEENS,4099200018,QUEENS,1044937,198638,PHONE,Unspecified,QUEENS,,,,,,,,40.71168404353266,-73.78109665441691,"(40.71168404353266, -73.78109665441691)"
49969280,03/09/2021 09:37:00 AM,03/13/2021 12:00:00 PM,DSNY,Department of Sanitation,Dirty Conditions,E8 Canine Violation,Sidewalk,11361,34-45 203 STREET,203 STREET,34 AVENUE,35 AVENUE,,,ADDRESS,Bayside,,N/A,Closed,,The Department of Sanitation investigated this complaint and found no violation at the location.,03/13/2021 12:00:00 PM,11 QUEENS,4060850025,QUEENS,1043861,218729,ONLINE,Unspecified,QUEENS,,,,,,,,40.766835999704426,-73.78479982854529,"(40.766835999704426, -73.78479982854529)"
49970442,03/09/2021 08:54:00 AM,03/11/2021 12:00:00 PM,DSNY,Department of Sanitation,Dirty Conditions,E8 Canine Violation,Sidewalk,11210,2002 AVENUE K,AVENUE K,OCEAN AVENUE,EAST 21 STREET,,,ADDRESS,BROOKLYN,,N/A,Closed,,The Department of Sanitation investigated this complaint and found no violation at the location.,03/11/2021 12:00:00 PM,14 BROOKLYN,3076200041,BROOKLYN,996529,166383,ONLINE,Unspecified,BROOKLYN,,,,,,,,40.62335088044043,-73.9557672288766,"(40.62335088044043, -73.9557672288766)"
49969282,03/09/2021 08:48:00 AM,03/10/2021 12:00:00 PM,DSNY,Department of Sanitation,Dirty Conditions,E8 Canine Violation,Sidewalk,11230,1680 OCEAN AVENUE,OCEAN AVENUE,EAST 19 STREET,OCEAN AVENUE,,,ADDRESS,BROOKLYN,,N/A,Closed,,The Department of Sanitation investigated this complaint and found no violation at the location.,03/10/2021 12:00:00 PM,14 BROOKLYN,3067300001,BROOKLYN,996490,165541,ONLINE,Unspecified,BROOKLYN,,,,,,,,40.621039820507775,-73.95590924565212,"(40.621039820507775, -73.95590924565212)"
49975444,03/09/2021 07:50:00 AM,03/11/2021 12:00:00 PM,DSNY,Department of Sanitation,Dirty Conditions,E8 Canine Violation,Sidewalk,11206,229 BOERUM STREET,BOERUM STREET,BUSHWICK PLACE,WHITE STREET,,,ADDRESS,BROOKLYN,,N/A,Closed,,The Department of Sanitation investigated this complaint and found no violation at the location.,03/11/2021 12:00:00 PM,01 BROOKLYN,3030730095,BROOKLYN,1001355,196623,PHONE,Unspecified,BROOKLYN,,,,,,,,40.70634494192087,-73.93830576163917,"(40.70634494192087, -73.93830576163917)"
49969248,03/08/2021 07:07:00 PM,03/10/2021 12:00:00 PM,DSNY,Department of Sanitation,Dirty Conditions,E8 Canine Violation,Sidewalk,11221,135 BLEECKER STREET,BLEECKER STREET,CENTRAL AVENUE,WILSON AVENUE,,,ADDRESS,BROOKLYN,,N/A,Closed,,The Department of Sanitation investigated this complaint and found no violation at the location.,03/10/2021 12:00:00 PM,04 BROOKLYN,3032970051,BROOKLYN,1006344,192877,ONLINE,Unspecified,BROOKLYN,,,,,,,,40.69605200227539,-73.92032375662085,"(40.69605200227539, -73.92032375662085)"
49972983,03/08/2021 03:23:00 PM,03/10/2021 12:00:00 PM,DSNY,Department of Sanitation,Dirty Conditions,E8 Canine Violation,Sidewalk,11218,3343 12 AVENUE,12 AVENUE,DAHILL ROAD,CHESTER AVENUE,,,ADDRESS,BROOKLYN,,N/A,Closed,,The Department of Sanitation investigated this complaint and found no violation at the location.,03/10/2021 12:00:00 PM,12 BROOKLYN,3053070037,BROOKLYN,989172,174367,ONLINE,Unspecified,BROOKLYN,,,,,,,,40.6452724066169,-73.98226360285469,"(40.6452724066169, -73.98226360285469)"
49964796,03/08/2021 10:46:00 AM,03/09/2021 12:00:00 PM,DSNY,Department of Sanitation,Dirty Conditions,E8 Canine Violation,Sidewalk,10310,1316 CASTLETON AVENUE,CASTLETON AVENUE,CLOVE ROAD,RECTOR STREET,,,ADDRESS,STATEN ISLAND,,N/A,Closed,,The Department of Sanitation investigated this complaint and found no violation at the location.,03/09/2021 12:00:00 PM,01 STATEN ISLAND,5002150029,STATEN ISLAND,949088,170211,ONLINE,Unspecified,STATEN ISLAND,,,,,,,,40.6337966547113,-74.12668430844728,"(40.6337966547113, -74.12668430844728)"
49961164,03/08/2021 01:47:00 AM,03/08/2021 12:00:00 PM,DSNY,Department of Sanitation,Dirty Conditions,E8 Canine Violation,Sidewalk,10003,324 EAST    9 STREET,EAST    9 STREET,2 AVENUE,1 AVENUE,,,ADDRESS,NEW YORK,,N/A,Closed,,The Department of Sanitation investigated this complaint and found no violation at the location.,03/08/2021 12:00:00 PM,03 MANHATTAN,1004500016,MANHATTAN,987996,204818,ONLINE,Unspecified,MANHATTAN,,,,,,,,40.72885398978604,-73.98648438109981,"(40.72885398978604, -73.98648438109981)"
49960801,03/07/2021 09:23:00 PM,03/08/2021 12:00:00 PM,DSNY,Department of Sanitation,Dirty Conditions,E8 Canine Violation,Sidewalk,10459,1423 PROSPECT AVENUE,PROSPECT AVENUE,JENNINGS STREET,EAST 170 STREET,,,ADDRESS,BRONX,,N/A,Closed,,The Department of Sanitation investigated this complaint and found no violation at the location.,03/08/2021 12:00:00 PM,03 BRONX,2029620029,BRONX,1012878,242679,PHONE,Unspecified,BRONX,,,,,,,,40.83272678770016,-73.89654850736436,"(40.83272678770016, -73.89654850736436)"
49955175,03/07/2021 12:16:00 PM,03/08/2021 12:00:00 PM,DSNY,Department of Sanitation,Dirty Conditions,E8 Canine Violation,Sidewalk,10002,271 EAST HOUSTON STREET,EAST HOUSTON STREET,SUFFOLK STREET,AVENUE B,,,ADDRESS,NEW YORK,,N/A,Closed,,The Department of Sanitation investigated this complaint and found no violation at the location.,03/08/2021 12:00:00 PM,03 MANHATTAN,1003500012,MANHATTAN,988545,202201,ONLINE,Unspecified,MANHATTAN,,,,,,,,40.721670710860984,-73.98450525186932,"(40.721670710860984, -73.98450525186932)"
49959206,03/07/2021 10:48:00 AM,03/08/2021 12:00:00 PM,DSNY,Department of Sanitation,Dirty Conditions,E8 Canine Violation,Sidewalk,10028,344 EAST   85 STREET,EAST   85 STREET,2 AVENUE,1 AVENUE,,,ADDRESS,NEW YORK,,N/A,Closed,,The Department of Sanitation investigated this complaint and found no violation at the location.,03/08/2021 12:00:00 PM,08 MANHATTAN,1015470032,MANHATTAN,997781,222262,ONLINE,Unspecified,MANHATTAN,,,,,,,,40.776723784199525,-73.95114487064093,"(40.776723784199525, -73.95114487064093)"
49956372,03/07/2021 09:59:00 AM,03/08/2021 12:00:00 PM,DSNY,Department of Sanitation,Dirty Conditions,E8 Canine Violation,Sidewalk,10455,535 UNION AVENUE,UNION AVENUE,EAST 147 STREET,EAST 149 STREET,,,ADDRESS,BRONX,,N/A,Closed,,The Department of Sanitation investigated this complaint and found no violation at the location.,03/08/2021 12:00:00 PM,01 BRONX,2025827501,BRONX,1010390,235149,ONLINE,Unspecified,BRONX,,,,,,,,40.812066795316284,-73.90556858803834,"(40.812066795316284, -73.90556858803834)"
49953376,03/07/2021 09:34:00 AM,03/12/2021 12:00:00 PM,DSNY,Department of Sanitation,Dirty Conditions,E8 Canine Violation,Sidewalk,11434,118-43 154 STREET,154 STREET,DEAD END,119 AVENUE,,,ADDRESS,Jamaica,,N/A,Closed,,The Department of Sanitation investigated this complaint and found no violation at the location.,03/12/2021 12:00:00 PM,12 QUEENS,4122090111,QUEENS,1042914,187321,PHONE,Unspecified,QUEENS,,,,,,,,40.68063524341165,-73.78849232949828,"(40.68063524341165, -73.78849232949828)"
49953372,03/07/2021 08:02:00 AM,03/09/2021 12:00:00 PM,DSNY,Department of Sanitation,Dirty Conditions,E8 Canine Violation,Sidewalk,11102,30-94 CRESCENT STREET,CRESCENT STREET,30 DRIVE,31 AVENUE,,,ADDRESS,Astoria,,N/A,Closed,,The Department of Sanitation investigated this complaint and found no violation at the location.,03/09/2021 12:00:00 PM,01 QUEENS,4005707504,QUEENS,1004670,218392,ONLINE,Unspecified,QUEENS,,,,,,,,40.76608841752133,-73.92628316462614,"(40.76608841752133, -73.92628316462614)"
49959205,03/06/2021 02:28:00 PM,03/08/2021 12:00:00 PM,DSNY,Department of Sanitation,Dirty Conditions,E8 Canine Violation,Sidewalk,10452,987 OGDEN AVENUE,OGDEN AVENUE,WEST 163 STREET,WEST 164 STREET,,,ADDRESS,BRONX,,N/A,Closed,,The Department of Sanitation investigated this complaint and found no violation at the location.,03/08/2021 12:00:00 PM,04 BRONX,2025240057,BRONX,1003721,242585,ONLINE,Unspecified,BRONX,,,,,,,,40.83249371994675,-73.92963893022981,"(40.83249371994675, -73.92963893022981)"
49955174,03/06/2021 02:17:00 PM,03/09/2021 12:00:00 PM,DSNY,Department of Sanitation,Dirty Conditions,E8 Canine Violation,Sidewalk,11102,30-96 CRESCENT STREET,CRESCENT STREET,30 DRIVE,31 AVENUE,,,ADDRESS,Astoria,,N/A,Closed,,The Department of Sanitation investigated this complaint and found no violation at the location.,03/09/2021 12:00:00 PM,01 QUEENS,4005700056,QUEENS,1004664,218374,ONLINE,Unspecified,QUEENS,,,,,,,,40.76603902605326,-73.92630487947041,"(40.76603902605326, -73.92630487947041)"
49948717,03/06/2021 01:52:00 PM,03/09/2021 12:00:00 PM,DSNY,Department of Sanitation,Dirty Conditions,E8 Canine Violation,Sidewalk,10467,706 EAST  214 STREET,EAST  214 STREET,WHITE PLAINS ROAD LINE,HOLLAND AVENUE,,,ADDRESS,BRONX,,N/A,Closed,,The Department of Sanitation investigated this complaint and found no violation at the location.,03/09/2021 12:00:00 PM,12 BRONX,2046610010,BRONX,1021709,259799,ONLINE,Unspecified,BRONX,,,,,,,,40.87968297342468,-73.86454076544635,"(40.87968297342468, -73.86454076544635)"
49947426,03/06/2021 01:28:00 PM,03/08/2021 12:00:00 PM,DSNY,Department of Sanitation,Dirty Conditions,E8 Canine Violation,Sidewalk,10027,233 WEST  131 STREET,WEST  131 STREET,ADAM CLAYTON POWELL JR BOULEVARD,WILLIAM ATMORE BYRD SR PLACE,,,ADDRESS,NEW YORK,,N/A,Closed,,The Department of Sanitation investigated this complaint and found no violation at the location.,03/08/2021 12:00:00 PM,10 MANHATTAN,1019370017,MANHATTAN,998911,235614,PHONE,Unspecified,MANHATTAN,,,,,,,,40.81336959769343,-73.94703573648744,"(40.81336959769343, -73.94703573648744)"
49946651,03/06/2021 09:33:00 AM,03/09/2021 12:00:00 PM,DSNY,Department of Sanitation,Dirty Conditions,E8 Canine Violation,Sidewalk,11691,530 BAY   32 STREET,BAY   32 STREET,ROCKAWAY FREEWAY,FAR ROCKAWAY BOULEVARD,,,ADDRESS,Far Rockaway,,N/A,Closed,,The Department of Sanitation investigated this complaint and found no violation at the location.,03/09/2021 12:00:00 PM,14 QUEENS,4157880015,QUEENS,1049436,157153,PHONE,Unspecified,QUEENS,,,,,,,,40.597785211661865,-73.76526942402879,"(40.597785211661865, -73.76526942402879)"
49947813,03/05/2021 02:48:00 PM,03/11/2021 12:00:00 PM,DSNY,Department of Sanitation,Dirty Conditions,E8 Canine Violation,Sidewalk,11209,7306 RIDGE BOULEVARD,RIDGE BOULEVARD,CHRIST CHURCH LANE,74 STREET,,,ADDRESS,BROOKLYN,,N/A,Closed,,The Department of Sanitation investigated this complaint and found no violation at the location.,03/11/2021 12:00:00 PM,10 BROOKLYN,3059160039,BROOKLYN,975929,170023,ONLINE,Unspecified,BROOKLYN,,,,,,,,40.63334651497436,-74.02997931498011,"(40.63334651497436, -74.02997931498011)"
49942660,03/05/2021 01:22:00 PM,03/06/2021 12:00:00 PM,DSNY,Department of Sanitation,Dirty Conditions,E8 Canine Violation,Sidewalk,10456,992 BOSTON ROAD,BOSTON ROAD,EAST 164 STREET,EAST 165 STREET,,,ADDRESS,BRONX,,N/A,Closed,,The Department of Sanitation investigated this complaint and found no violation at the location.,03/06/2021 12:00:00 PM,03 BRONX,2026220004,BRONX,1009846,240011,ONLINE,Unspecified,BRONX,,,,,,,,40.82541320273305,-73.90751525625349,"(40.82541320273305, -73.90751525625349)"
49942663,03/05/2021 12:02:00 PM,03/08/2021 12:00:00 PM,DSNY,Department of Sanitation,Dirty Conditions,E8 Canine Violation,Sidewalk,,,,,,EAST 115 STREET,EAST 115 STREET,INTERSECTION,,,N/A,Closed,,The Department of Sanitation investigated this complaint and found no violation at the location.,03/08/2021 12:00:00 PM,11 MANHATTAN,,MANHATTAN,,,PHONE,Unspecified,MANHATTAN,,,,,,,,,,
49936445,03/05/2021 11:53:00 AM,03/06/2021 12:00:00 PM,DSNY,Department of Sanitation,Dirty Conditions,E8 Canine Violation,Sidewalk,10469,2746 SEYMOUR AVENUE,SEYMOUR AVENUE,ALLERTON AVENUE,ARNOW AVENUE,,,ADDRESS,BRONX,,N/A,Closed,,The Department of Sanitation investigated this complaint and found no violation at the location.,03/06/2021 12:00:00 PM,11 BRONX,2045310024,BRONX,1026786,254809,ONLINE,Unspecified,BRONX,,,,,,,,40.865963967541134,-73.84621303344217,"(40.865963967541134, -73.84621303344217)"
49943890,03/05/2021 09:47:00 AM,03/08/2021 12:00:00 PM,DSNY,Department of Sanitation,Dirty Conditions,E8 Canine Violation,Sidewalk,10027,101 WEST  120 STREET,WEST  120 STREET,LENOX AVENUE,ADAM CLAYTON POWELL JR BOULEVARD,,,ADDRESS,NEW YORK,,N/A,Closed,,The Department of Sanitation investigated this complaint and found no violation at the location.,03/08/2021 12:00:00 PM,10 MANHATTAN,1019050029,MANHATTAN,998570,232488,ONLINE,Unspecified,MANHATTAN,,,,,,,,40.804790154560784,-73.94827429972412,"(40.804790154560784, -73.94827429972412)"
49940158,03/05/2021 08:51:00 AM,03/09/2021 12:00:00 PM,DSNY,Department of Sanitation,Dirty Conditions,E8 Canine Violation,Sidewalk,11354,33-38 UNION STREET,UNION STREET,33 AVENUE,34 AVENUE,,,ADDRESS,Flushing,,N/A,Closed,,The Department of Sanitation investigated this complaint and found no violation at the location.,03/09/2021 12:00:00 PM,07 QUEENS,4049550035,QUEENS,1032098,218789,PHONE,Unspecified,QUEENS,,,,,,,,40.76707217590777,-73.82726458817804,"(40.76707217590777, -73.82726458817804)"
49942503,03/05/2021 08:27:00 AM,03/06/2021 12:00:00 PM,DSNY,Department of Sanitation,Dirty Conditions,E8 Canine Violation,Sidewalk,10453,1750 DAVIDSON AVENUE,DAVIDSON AVENUE,WEST CLIFFORD PLACE,WEST 176 STREET,,,ADDRESS,BRONX,,N/A,Closed,,The Department of Sanitation investigated this complaint and found no violation at the location.,03/06/2021 12:00:00 PM,05 BRONX,2028610067,BRONX,1008295,248335,ONLINE,Unspecified,BRONX,,,,,,,,40.84826451855842,-73.91308956214071,"(40.84826451855842, -73.91308956214071)"
49942661,03/04/2021 03:02:00 PM,03/09/2021 12:00:00 PM,DSNY,Department of Sanitation,Dirty Conditions,E8 Canine Violation,Sidewalk,11357,166-24 20 AVENUE,20 AVENUE,166 STREET,169 STREET,,,ADDRESS,Whitestone,,N/A,Closed,,The Department of Sanitation investigated this complaint and found no violation at the location.,03/09/2021 12:00:00 PM,07 QUEENS,4057510016,QUEENS,1040446,223491,PHONE,Unspecified,QUEENS,,,,,,,,40.77992877586147,-73.79708836685506,"(40.77992877586147, -73.79708836685506)"
49943702,03/04/2021 02:42:00 PM,03/08/2021 12:00:00 PM,DSNY,Department of Sanitation,Dirty Conditions,E8 Canine Violation,Sidewalk,11233,1883 BERGEN STREET,BERGEN STREET,HOWARD AVENUE,SARATOGA AVENUE,,,ADDRESS,BROOKLYN,,N/A,Closed,,The Department of Sanitation investigated this complaint and found no violation at the location.,03/08/2021 12:00:00 PM,16 BROOKLYN,3014460069,BROOKLYN,1006799,184990,PHONE,Unspecified,BROOKLYN,,,,,,,,40.67440285174735,-73.91870931352518,"(40.67440285174735, -73.91870931352518)"
49930548,03/04/2021 12:48:00 PM,03/06/2021 12:00:00 PM,DSNY,Department of Sanitation,Dirty Conditions,E8 Canine Violation,Sidewalk,10455,707 EAGLE AVENUE,EAGLE AVENUE,WHITE PLAINS ROAD LINE,EAST 156 STREET,,,ADDRESS,BRONX,,N/A,Closed,,The Department of Sanitation investigated this complaint and found no violation at the location.,03/06/2021 12:00:00 PM,01 BRONX,2026170057,BRONX,1009116,237315,PHONE,Unspecified,BRONX,,,,,,,,40.81801553408302,-73.91016291718661,"(40.81801553408302, -73.91016291718661)"
49934016,03/04/2021 12:34:00 PM,03/05/2021 12:00:00 PM,DSNY,Department of Sanitation,Dirty Conditions,E8 Canine Violation,Sidewalk,,,,,,EAST 178 STREET,EAST 178 STREET,INTERSECTION,,,N/A,Closed,,The Department of Sanitation investigated this complaint and issued a Notice of Violation.,03/05/2021 12:00:00 PM,06 BRONX,,BRONX,,,PHONE,Unspecified,BRONX,,,,,,,,,,
49927076,03/04/2021 12:28:00 PM,03/09/2021 12:00:00 PM,DSNY,Department of Sanitation,Dirty Conditions,E8 Canine Violation,Sidewalk,11104,43-02 43 AVENUE,43 AVENUE,43 STREET,44 STREET,,,ADDRESS,Sunnyside,,N/A,Closed,,The Department of Sanitation investigated this complaint and found no violation at the location.,03/09/2021 12:00:00 PM,02 QUEENS,4081260021,QUEENS,1006146,210782,ONLINE,Unspecified,QUEENS,,,,,,,,40.745197380796405,-73.92097954396715,"(40.745197380796405, -73.92097954396715)"
49927108,03/04/2021 09:15:00 AM,03/06/2021 12:00:00 PM,DSNY,Department of Sanitation,Dirty Conditions,E8 Canine Violation,Sidewalk,10310,1316 CASTLETON AVENUE,CASTLETON AVENUE,CLOVE ROAD,RECTOR STREET,,,ADDRESS,STATEN ISLAND,,N/A,Closed,,The Department of Sanitation investigated this complaint and found no violation at the location.,03/06/2021 12:00:00 PM,01 STATEN ISLAND,5002150029,STATEN ISLAND,949088,170211,ONLINE,Unspecified,STATEN ISLAND,,,,,,,,40.6337966547113,-74.12668430844728,"(40.6337966547113, -74.12668430844728)"
49930508,03/04/2021 08:56:00 AM,03/06/2021 12:00:00 PM,DSNY,Department of Sanitation,Dirty Conditions,E8 Canine Violation,Sidewalk,10310,1320 CASTLETON AVENUE,CASTLETON AVENUE,CLOVE ROAD,RECTOR STREET,,,ADDRESS,STATEN ISLAND,,N/A,Closed,,The Department of Sanitation investigated this complaint and found no violation at the location.,03/06/2021 12:00:00 PM,01 STATEN ISLAND,5002150029,STATEN ISLAND,949064,170208,ONLINE,Unspecified,STATEN ISLAND,,,,,,,,40.633788325054795,-74.12677076169642,"(40.633788325054795, -74.12677076169642)"
49932726,03/04/2021 01:32:00 AM,03/08/2021 12:00:00 PM,DSNY,Department of Sanitation,Dirty Conditions,E8 Canine Violation,Sidewalk,10301,69 CASSIDY PLACE,CASSIDY PLACE,HENDERSON AVENUE,LAFAYETTE AVENUE,,,ADDRESS,STATEN ISLAND,,N/A,Closed,,The Department of Sanitation investigated this complaint and found no violation at the location.,03/08/2021 12:00:00 PM,01 STATEN ISLAND,,STATEN ISLAND,958097,173264,ONLINE,Unspecified,STATEN ISLAND,,,,,,,,40.642207663549804,-74.09423786583041,"(40.642207663549804, -74.09423786583041)"
49927916,03/04/2021 01:12:00 AM,03/04/2021 12:00:00 PM,DSNY,Department of Sanitation,Dirty Conditions,E8 Canine Violation,Sidewalk,11102,30-96 CRESCENT STREET,CRESCENT STREET,30 DRIVE,31 AVENUE,,,ADDRESS,Astoria,,N/A,Closed,,The Department of Sanitation investigated this complaint and found no violation at the location.,03/04/2021 12:00:00 PM,01 QUEENS,4005700056,QUEENS,1004664,218374,ONLINE,Unspecified,QUEENS,,,,,,,,40.76603902605326,-73.92630487947041,"(40.76603902605326, -73.92630487947041)"
49927109,03/03/2021 09:53:00 PM,03/09/2021 12:00:00 PM,DSNY,Department of Sanitation,Dirty Conditions,E8 Canine Violation,Sidewalk,11692,523 BEACH   65 STREET,BEACH   65 STREET,THURSBY AVENUE,ALMEDA AVENUE,,,ADDRESS,Arverne,,N/A,Closed,,The Department of Sanitation investigated this complaint and found no violation at the location.,03/09/2021 12:00:00 PM,14 QUEENS,4160320051,QUEENS,1041327,156368,ONLINE,Unspecified,QUEENS,,,,,,,,40.59568648387543,-73.79447592671681,"(40.59568648387543, -73.79447592671681)"
49925952,03/03/2021 07:49:00 PM,03/05/2021 12:00:00 PM,DSNY,Department of Sanitation,Dirty Conditions,E8 Canine Violation,Sidewalk,11203,837 ALBANY AVENUE,ALBANY AVENUE,LENOX ROAD,LINDEN BOULEVARD,,,ADDRESS,BROOKLYN,,N/A,Closed,,The Department of Sanitation investigated this complaint and found no violation at the location.,03/05/2021 12:00:00 PM,17 BROOKLYN,3048620035,BROOKLYN,1001097,177411,PHONE,Unspecified,BROOKLYN,,,,,,,,40.65361286849922,-73.93928434368758,"(40.65361286849922, -73.93928434368758)"
49932779,03/03/2021 05:17:00 PM,03/05/2021 12:00:00 PM,DSNY,Department of Sanitation,Dirty Conditions,E8 Canine Violation,Sidewalk,11226,669 OCEAN AVENUE,OCEAN AVENUE,ALBEMARLE ROAD,REGENT PLACE,,,ADDRESS,BROOKLYN,,N/A,Closed,,The Department of Sanitation investigated this complaint and found no violation at the location.,03/05/2021 12:00:00 PM,14 BROOKLYN,,BROOKLYN,995263,174812,ONLINE,Unspecified,BROOKLYN,,,,,,,,40.64648835580201,-73.96031399698097,"(40.64648835580201, -73.96031399698097)"
49928967,03/03/2021 04:55:00 PM,03/04/2021 12:00:00 PM,DSNY,Department of Sanitation,Dirty Conditions,E8 Canine Violation,Sidewalk,11434,155-15 NORTH CONDUIT AVENUE,NORTH CONDUIT AVENUE,155 STREET,157 STREET,,,ADDRESS,Jamaica,,N/A,Closed,,The Department of Sanitation investigated this complaint and found no violation at the location.,03/04/2021 12:00:00 PM,12 QUEENS,4123110030,QUEENS,1045442,182584,PHONE,Unspecified,QUEENS,,,,,,,,40.667616169720745,-73.77942090132615,"(40.667616169720745, -73.77942090132615)"
49933934,03/03/2021 04:34:00 PM,03/09/2021 12:00:00 PM,DSNY,Department of Sanitation,Dirty Conditions,E8 Canine Violation,Sidewalk,11691,661 GRASSMERE TERRACE,GRASSMERE TERRACE,NEW HAVEN AVENUE,CORNAGA AVENUE,,,ADDRESS,Far Rockaway,,N/A,Closed,,The Department of Sanitation investigated this complaint and found no violation at the location.,03/09/2021 12:00:00 PM,14 QUEENS,4157530098,QUEENS,1051506,158608,PHONE,Unspecified,QUEENS,,,,,,,,40.60176340985626,-73.75780103876669,"(40.60176340985626, -73.75780103876669)"
49917496,03/03/2021 01:19:00 PM,03/04/2021 12:00:00 PM,DSNY,Department of Sanitation,Dirty Conditions,E8 Canine Violation,Sidewalk,10029,330 EAST  100 STREET,EAST  100 STREET,REVS NORM AND PEG EDDY WAY,1 AVENUE,,,ADDRESS,NEW YORK,,N/A,Closed,,The Department of Sanitation investigated this complaint and found no violation at the location.,03/04/2021 12:00:00 PM,11 MANHATTAN,1016710031,MANHATTAN,999807,225718,ONLINE,Unspecified,MANHATTAN,,,,,,,,40.78620625236644,-73.94382177922097,"(40.78620625236644, -73.94382177922097)"
49916324,03/03/2021 12:07:00 PM,03/04/2021 12:00:00 PM,DSNY,Department of Sanitation,Dirty Conditions,E8 Canine Violation,Sidewalk,11423,89-23 181 STREET,181 STREET,89 AVENUE,90 AVENUE,,,ADDRESS,Hollis,,N/A,Closed,,The Department of Sanitation investigated this complaint and found no violation at the location.,03/04/2021 12:00:00 PM,12 QUEENS,4099200018,QUEENS,1044937,198638,PHONE,Unspecified,QUEENS,,,,,,,,40.71168404353266,-73.78109665441691,"(40.71168404353266, -73.78109665441691)"
49917504,03/03/2021 11:23:00 AM,03/06/2021 12:00:00 PM,DSNY,Department of Sanitation,Dirty Conditions,E8 Canine Violation,Sidewalk,,,,,,12 AVENUE,12 AVENUE,INTERSECTION,,,N/A,Closed,,"The Department of Sanitation has investigated the complaint and addressed the issue. If the problem persists, call 311 to enter a new complaint. If you are outside of New York City, please call (212) NEW-YORK (212-639-9675).",03/06/2021 12:00:00 PM,12 BROOKLYN,,BROOKLYN,,,PHONE,Unspecified,BROOKLYN,,,,,,,,,,
49917488,03/03/2021 09:57:00 AM,03/04/2021 12:00:00 PM,DSNY,Department of Sanitation,Dirty Conditions,E8 Canine Violation,Sidewalk,10456,841 JACKSON AVENUE,JACKSON AVENUE,EAST 160 STREET,EAST 161 STREET,,,ADDRESS,BRONX,,N/A,Closed,,The Department of Sanitation investigated this complaint and found no violation at the location.,03/04/2021 12:00:00 PM,01 BRONX,2026370146,BRONX,1010286,238380,ONLINE,Unspecified,BRONX,,,,,,,,40.820935286477834,-73.90593175607488,"(40.820935286477834, -73.90593175607488)"
49919872,03/03/2021 08:15:00 AM,03/05/2021 12:00:00 PM,DSNY,Department of Sanitation,Dirty Conditions,E8 Canine Violation,Sidewalk,,,,,,67 AVENUE,67 AVENUE,INTERSECTION,,,N/A,Closed,,The Department of Sanitation investigated this complaint and found no violation at the location.,03/05/2021 12:00:00 PM,08 QUEENS,,QUEENS,,,PHONE,Unspecified,QUEENS,,,,,,,,,,
49923483,03/03/2021 08:00:00 AM,03/05/2021 12:00:00 PM,DSNY,Department of Sanitation,Dirty Conditions,E8 Canine Violation,Sidewalk,11214,8700 25 AVENUE,25 AVENUE,BENSON AVENUE,BATH AVENUE,,,ADDRESS,BROOKLYN,,N/A,Closed,,The Department of Sanitation investigated this complaint and issued a Notice of Violation.,03/05/2021 12:00:00 PM,11 BROOKLYN,3068780048,BROOKLYN,987218,156379,PHONE,Unspecified,BROOKLYN,,,,,,,,40.595899966422984,-73.98931273820256,"(40.595899966422984, -73.98931273820256)"
49921066,03/03/2021 01:53:00 AM,03/04/2021 12:00:00 PM,DSNY,Department of Sanitation,Dirty Conditions,E8 Canine Violation,Sidewalk,11212,250 LOTT AVENUE,LOTT AVENUE,WATKINS STREET,MOTHER GASTON BOULEVARD,,,ADDRESS,BROOKLYN,,N/A,Closed,,The Department of Sanitation investigated this complaint and found no violation at the location.,03/04/2021 12:00:00 PM,16 BROOKLYN,3036280001,BROOKLYN,1010796,179178,ONLINE,Unspecified,BROOKLYN,,,,,,,,40.658439130059335,-73.90432275121904,"(40.658439130059335, -73.90432275121904)"
49916325,03/02/2021 09:59:00 PM,03/04/2021 12:00:00 PM,DSNY,Department of Sanitation,Dirty Conditions,E8 Canine Violation,Sidewalk,10459,775 JENNINGS STREET,JENNINGS STREET,UNION AVENUE,PROSPECT AVENUE,,,ADDRESS,BRONX,,N/A,Closed,,The Department of Sanitation investigated this complaint and found no violation at the location.,03/04/2021 12:00:00 PM,03 BRONX,2029620046,BRONX,1012758,242394,PHONE,Unspecified,BRONX,,,,,,,,40.831944933361925,-73.89698335580668,"(40.831944933361925, -73.89698335580668)"
49922296,03/02/2021 06:20:00 PM,03/04/2021 12:00:00 PM,DSNY,Department of Sanitation,Dirty Conditions,E8 Canine Violation,Sidewalk,11414,156-11 BRIDGETON STREET,BRIDGETON STREET,156 AVENUE,97 STREET,,,ADDRESS,Howard Beach,,N/A,Closed,,The Department of Sanitation investigated this complaint and found no violation at the location.,03/04/2021 12:00:00 PM,10 QUEENS,4141560081,QUEENS,1029557,181097,ONLINE,Unspecified,QUEENS,,,,,,,,40.66363023287851,-73.8366914748528,"(40.66363023287851, -73.8366914748528)"
49919961,03/02/2021 05:35:00 PM,03/06/2021 12:00:00 PM,DSNY,Department of Sanitation,Dirty Conditions,E8 Canine Violation,Sidewalk,11358,40-35 190 STREET,190 STREET,STATION ROAD,42 AVENUE,,,ADDRESS,Flushing,,N/A,Closed,,The Department of Sanitation investigated this complaint and found no violation at the location.,03/06/2021 12:00:00 PM,11 QUEENS,4053550008,QUEENS,1041981,216466,PHONE,Unspecified,QUEENS,,,,,,,,40.760637142654154,-73.79160617866387,"(40.760637142654154, -73.79160617866387)"
49919992,03/02/2021 02:34:00 PM,03/08/2021 12:00:00 PM,DSNY,Department of Sanitation,Dirty Conditions,E8 Canine Violation,Sidewalk,10306,38 THOMAS STREET,THOMAS STREET,AMBOY ROAD,RIEDEL AVENUE,,,ADDRESS,STATEN ISLAND,,N/A,Closed,,The Department of Sanitation investigated this complaint and found no violation at the location.,03/08/2021 12:00:00 PM,03 STATEN ISLAND,5043940056,STATEN ISLAND,948075,145706,ONLINE,Unspecified,STATEN ISLAND,,,,,,,,40.56653139522632,-74.13020278590076,"(40.56653139522632, -74.13020278590076)"
49916079,03/02/2021 02:32:00 PM,03/03/2021 12:00:00 PM,DSNY,Department of Sanitation,Dirty Conditions,E8 Canine Violation,Sidewalk,10462,1826 RADCLIFF AVENUE,RADCLIFF AVENUE,MORRIS PARK AVENUE,RHINELANDER AVENUE,,,ADDRESS,BRONX,,N/A,Closed,,The Department of Sanitation investigated this complaint and found no violation at the location.,03/03/2021 12:00:00 PM,11 BRONX,2041260048,BRONX,1023650,248401,PHONE,Unspecified,BRONX,,,,,,,,40.84839050310759,-73.85758874261398,"(40.84839050310759, -73.85758874261398)"
49920979,03/02/2021 02:11:00 PM,03/05/2021 12:00:00 PM,DSNY,Department of Sanitation,Dirty Conditions,E8 Canine Violation,Sidewalk,,,,,,BERRY STREET,BERRY STREET,INTERSECTION,,,N/A,Closed,,The Department of Sanitation investigated this complaint and found no violation at the location.,03/05/2021 12:00:00 PM,01 BROOKLYN,,BROOKLYN,,,PHONE,Unspecified,BROOKLYN,,,,,,,,,,
49908015,03/02/2021 01:11:00 PM,03/03/2021 12:00:00 PM,DSNY,Department of Sanitation,Dirty Conditions,E8 Canine Violation,Sidewalk,11221,940 GATES AVENUE,GATES AVENUE,PATCHEN AVENUE,RALPH AVENUE,,,ADDRESS,BROOKLYN,,N/A,Closed,,The Department of Sanitation investigated this complaint and found no violation at the location.,03/03/2021 12:00:00 PM,03 BROOKLYN,3016380006,BROOKLYN,1004743,190315,ONLINE,Unspecified,BROOKLYN,,,,,,,,40.689023758970876,-73.92610513628088,"(40.689023758970876, -73.92610513628088)"
49907156,03/02/2021 12:26:00 PM,03/04/2021 12:00:00 PM,DSNY,Department of Sanitation,Dirty Conditions,E8 Canine Violation,Sidewalk,10463,3230 TIBBETT AVENUE,TIBBETT AVENUE,WEST 232 STREET,WEST 234 STREET,,,ADDRESS,BRONX,,N/A,Closed,,The Department of Sanitation investigated this complaint and found no violation at the location.,03/04/2021 12:00:00 PM,08 BRONX,2057570267,BRONX,1010124,260874,ONLINE,Unspecified,BRONX,,,,,,,,40.88267507948706,-73.90643025059735,"(40.88267507948706, -73.90643025059735)"
49914098,03/02/2021 11:50:00 AM,03/04/2021 12:00:00 PM,DSNY,Department of Sanitation,Dirty Conditions,E8 Canine Violation,Sidewalk,10452,1382 SHAKESPEARE AVENUE,SHAKESPEARE AVENUE,EDWARD L GRANT HIGHWAY,JESUP PLACE,,,ADDRESS,BRONX,,N/A,Closed,,The Department of Sanitation investigated this complaint and found no violation at the location.,03/04/2021 12:00:00 PM,04 BRONX,2028720007,BRONX,1005950,245880,ONLINE,Unspecified,BRONX,,,,,,,,40.84153234116512,-73.92157348351579,"(40.84153234116512, -73.92157348351579)"
49914407,03/02/2021 09:25:00 AM,03/03/2021 12:00:00 PM,DSNY,Department of Sanitation,Dirty Conditions,E8 Canine Violation,Sidewalk,11207,475 SNEDIKER AVENUE,SNEDIKER AVENUE,LIVONIA AVENUE,RIVERDALE AVENUE,,,ADDRESS,BROOKLYN,,N/A,Closed,,The Department of Sanitation investigated this complaint and found no violation at the location.,03/03/2021 12:00:00 PM,05 BROOKLYN,3038170115,BROOKLYN,1012154,180934,PHONE,Unspecified,BROOKLYN,,,,,,,,40.66325478427923,-73.8994209769274,"(40.66325478427923, -73.8994209769274)"
49911713,03/02/2021 08:33:00 AM,03/09/2021 12:00:00 PM,DSNY,Department of Sanitation,Dirty Conditions,E8 Canine Violation,Sidewalk,11691,43-18 ROCKAWAY BEACH BOULEVARD,ROCKAWAY BEACH BOULEVARD,BEACH 43 STREET,BEACH 44 STREET,,,ADDRESS,Far Rockaway,,N/A,Closed,,The Department of Sanitation investigated this complaint and found no violation at the location.,03/09/2021 12:00:00 PM,14 QUEENS,4158340072,QUEENS,1046684,155660,PHONE,Unspecified,QUEENS,,,,,,,,40.59370705497975,-73.77519295110558,"(40.59370705497975, -73.77519295110558)"
49910826,03/02/2021 12:05:00 AM,03/04/2021 12:00:00 PM,DSNY,Department of Sanitation,Dirty Conditions,E8 Canine Violation,Sidewalk,10468,2840 SEDGWICK AVENUE,SEDGWICK AVENUE,WEST 197 STREET,WEST 229 STREET,,,ADDRESS,BRONX,,N/A,Closed,,The Department of Sanitation investigated this complaint and found no violation at the location.,03/04/2021 12:00:00 PM,08 BRONX,2032500009,BRONX,1011390,257457,ONLINE,Unspecified,BRONX,,,,,,,,40.873292675645715,-73.90186578362315,"(40.873292675645715, -73.90186578362315)"
49912631,03/01/2021 08:28:00 PM,03/02/2021 12:00:00 PM,DSNY,Department of Sanitation,Dirty Conditions,E8 Canine Violation,Sidewalk,11249,121 SOUTH    1 STREET,SOUTH    1 STREET,BERRY STREET,BEDFORD AVENUE,,,ADDRESS,BROOKLYN,,N/A,Closed,,The Department of Sanitation investigated this complaint and found no violation at the location.,03/02/2021 12:00:00 PM,01 BROOKLYN,,BROOKLYN,994609,199502,ONLINE,Unspecified,BROOKLYN,,,,,,,,40.7142575821471,-73.96263277110405,"(40.7142575821471, -73.96263277110405)"
49913770,03/01/2021 07:19:00 PM,03/06/2021 12:00:00 PM,DSNY,Department of Sanitation,Dirty Conditions,E8 Canine Violation,Sidewalk,11207,477 SNEDIKER AVENUE,SNEDIKER AVENUE,LIVONIA AVENUE,RIVERDALE AVENUE,,,ADDRESS,BROOKLYN,,N/A,Closed,,The Department of Sanitation investigated this complaint and found no violation at the location.,03/06/2021 12:00:00 PM,05 BROOKLYN,3038170114,BROOKLYN,1012157,180921,PHONE,Unspecified,BROOKLYN,,,,,,,,40.66321909272436,-73.89941021734657,"(40.66321909272436, -73.89941021734657)"
49912658,03/01/2021 06:36:00 PM,03/04/2021 12:00:00 PM,DSNY,Department of Sanitation,Dirty Conditions,E8 Canine Violation,Sidewalk,10459,941 HOE AVENUE,HOE AVENUE,EAST 163 STREET,ALDUS STREET,,,ADDRESS,BRONX,,N/A,Closed,,The Department of Sanitation investigated this complaint and found no violation at the location.,03/04/2021 12:00:00 PM,02 BRONX,2027427501,BRONX,1014605,238750,PHONE,Unspecified,BRONX,,,,,,,,40.82193704510607,-73.89032552130838,"(40.82193704510607, -73.89032552130838)"
49908028,03/01/2021 06:22:00 PM,03/02/2021 12:00:00 PM,DSNY,Department of Sanitation,Dirty Conditions,E8 Canine Violation,Sidewalk,11225,77 SULLIVAN PLACE,SULLIVAN PLACE,MC KEEVER PLACE,BEDFORD AVENUE,,,ADDRESS,BROOKLYN,,N/A,Closed,,The Department of Sanitation investigated this complaint and found no violation at the location.,03/02/2021 12:00:00 PM,09 BROOKLYN,3013020001,BROOKLYN,995723,181276,PHONE,Unspecified,BROOKLYN,,,,,,,,40.66423003557692,-73.95864536294452,"(40.66423003557692, -73.95864536294452)"
49908609,03/01/2021 05:59:00 PM,03/02/2021 12:00:00 PM,DSNY,Department of Sanitation,Dirty Conditions,E8 Canine Violation,Sidewalk,11204,6309 23 AVENUE,23 AVENUE,63 STREET,64 STREET,,,ADDRESS,BROOKLYN,,N/A,Closed,,The Department of Sanitation investigated this complaint and found no violation at the location.,03/02/2021 12:00:00 PM,11 BROOKLYN,3065580001,BROOKLYN,990329,162805,ONLINE,Unspecified,BROOKLYN,,,,,,,,40.61353643772628,-73.9781047744872,"(40.61353643772628, -73.9781047744872)"
49912218,03/01/2021 05:03:00 PM,03/02/2021 12:00:00 PM,DSNY,Department of Sanitation,Dirty Conditions,E8 Canine Violation,Sidewalk,10069,10 RIVERSIDE BOULEVARD,RIVERSIDE BOULEVARD,WEST 61 STREET,WEST 62 STREET,,,ADDRESS,NEW YORK,,N/A,Closed,,The Department of Sanitation investigated this complaint and found no violation at the location.,03/02/2021 12:00:00 PM,07 MANHATTAN,1011717512,MANHATTAN,986514,221321,ONLINE,Unspecified,MANHATTAN,,,,,,,,40.774151053060045,-73.99182590096115,"(40.774151053060045, -73.99182590096115)"
49914100,03/01/2021 03:15:00 PM,03/08/2021 12:00:00 PM,DSNY,Department of Sanitation,Dirty Conditions,E8 Canine Violation,Sidewalk,11385,61-48 MADISON STREET,MADISON STREET,FRESH POND ROAD,64 STREET,,,ADDRESS,Ridgewood,,N/A,Closed,,The Department of Sanitation investigated this complaint and found no violation at the location.,03/08/2021 12:00:00 PM,05 QUEENS,4036190041,QUEENS,1013161,197043,PHONE,Unspecified,QUEENS,,,,,,,,40.707467043396946,-73.8957221617425,"(40.707467043396946, -73.8957221617425)"
49908985,03/01/2021 03:09:00 PM,03/08/2021 12:00:00 PM,DSNY,Department of Sanitation,Dirty Conditions,E8 Canine Violation,Sidewalk,11378,60-54 FRESH POND ROAD,FRESH POND ROAD,60 DRIVE,60 DRIVE,,,ADDRESS,Maspeth,,N/A,Closed,,The Department of Sanitation investigated this complaint and found no violation at the location.,03/08/2021 12:00:00 PM,05 QUEENS,4027460031,QUEENS,1011577,199983,PHONE,Unspecified,QUEENS,,,,,,,,40.71554167304106,-73.90142348476193,"(40.71554167304106, -73.90142348476193)"
49911720,03/01/2021 03:08:00 PM,03/05/2021 12:00:00 PM,DSNY,Department of Sanitation,Dirty Conditions,E8 Canine Violation,Sidewalk,11238,592 PROSPECT PLACE,PROSPECT PLACE,FRANKLIN AVENUE SHUTTLE LINE,FRANKLIN AVENUE,,,ADDRESS,BROOKLYN,,N/A,Closed,,The Department of Sanitation investigated this complaint and found no violation at the location.,03/05/2021 12:00:00 PM,08 BROOKLYN,3011630043,BROOKLYN,996172,185263,PHONE,Unspecified,BROOKLYN,,,,,,,,40.67517286540449,-73.95701988321396,"(40.67517286540449, -73.95701988321396)"
49908029,03/01/2021 03:03:00 PM,03/05/2021 12:00:00 PM,DSNY,Department of Sanitation,Dirty Conditions,E8 Canine Violation,Sidewalk,10453,74 WEST  174 STREET,WEST  174 STREET,MACOMBS ROAD,NELSON AVENUE,,,ADDRESS,BRONX,,N/A,Closed,,The Department of Sanitation investigated this complaint and found no violation at the location.,03/05/2021 12:00:00 PM,05 BRONX,2028760025,BRONX,1007316,247949,PHONE,Unspecified,BRONX,,,,,,,,40.847207674554674,-73.91662947459213,"(40.847207674554674, -73.91662947459213)"
49904997,03/01/2021 01:52:00 PM,03/02/2021 12:00:00 PM,DSNY,Department of Sanitation,Dirty Conditions,E8 Canine Violation,Sidewalk,11219,12 AVENUE,12 AVENUE,43 STREET,44 STREET,,,BLOCKFACE,BROOKLYN,,N/A,Closed,,The Department of Sanitation investigated this complaint and found no violation at the location.,03/02/2021 12:00:00 PM,12 BROOKLYN,,BROOKLYN,986715,172240,PHONE,Unspecified,BROOKLYN,,,,,,,,40.639435273110124,-73.99111816450849,"(40.639435273110124, -73.99111816450849)"
49903023,03/01/2021 01:40:00 PM,03/03/2021 12:00:00 PM,DSNY,Department of Sanitation,Dirty Conditions,E8 Canine Violation,Sidewalk,,,,,,ARNOW AVENUE,ARNOW AVENUE,INTERSECTION,,,N/A,Closed,,The Department of Sanitation investigated this complaint and found no violation at the location.,03/03/2021 12:00:00 PM,11 BRONX,,BRONX,,,PHONE,Unspecified,BRONX,,,,,,,,,,
49904995,03/01/2021 01:23:00 PM,03/02/2021 12:00:00 PM,DSNY,Department of Sanitation,Dirty Conditions,E8 Canine Violation,Sidewalk,10012,101 THOMPSON STREET,THOMPSON STREET,SPRING STREET,PRINCE STREET,,,ADDRESS,NEW YORK,,N/A,Closed,,The Department of Sanitation investigated this complaint and found no violation at the location.,03/02/2021 12:00:00 PM,02 MANHATTAN,1005030028,MANHATTAN,983663,203597,ONLINE,Unspecified,MANHATTAN,,,,,,,,40.72550341589275,-74.00211779748555,"(40.72550341589275, -74.00211779748555)"
49904093,03/01/2021 01:10:00 PM,03/02/2021 12:00:00 PM,DSNY,Department of Sanitation,Dirty Conditions,E8 Canine Violation,Sidewalk,,,,,,BARROW STREET,BARROW STREET,INTERSECTION,,,N/A,Closed,,The Department of Sanitation investigated this complaint and found no violation at the location.,03/02/2021 12:00:00 PM,02 MANHATTAN,,MANHATTAN,,,PHONE,Unspecified,MANHATTAN,,,,,,,,,,
49896765,03/01/2021 12:56:00 PM,03/04/2021 12:00:00 PM,DSNY,Department of Sanitation,Dirty Conditions,E8 Canine Violation,Sidewalk,10304,588 TARGEE STREET,TARGEE STREET,ELLINGTON STREET,MARY STREET,,,ADDRESS,STATEN ISLAND,,N/A,Closed,,The Department of Sanitation investigated this complaint and found no violation at the location.,03/04/2021 12:00:00 PM,01 STATEN ISLAND,5028790091,STATEN ISLAND,960607,162390,PHONE,Unspecified,STATEN ISLAND,,,,,,,,40.612367890506206,-74.08515542544507,"(40.612367890506206, -74.08515542544507)"
49903522,03/01/2021 12:34:00 PM,03/02/2021 12:00:00 PM,DSNY,Department of Sanitation,Dirty Conditions,E8 Canine Violation,Sidewalk,,,,,,AVENUE O,AVENUE O,INTERSECTION,,,N/A,Closed,,The Department of Sanitation investigated this complaint and found no violation at the location.,03/02/2021 12:00:00 PM,14 BROOKLYN,,BROOKLYN,,,PHONE,Unspecified,BROOKLYN,,,,,,,,,,
49897582,03/01/2021 12:03:00 PM,03/03/2021 12:00:00 PM,DSNY,Department of Sanitation,Dirty Conditions,E8 Canine Violation,Sidewalk,10472,1138 COLGATE AVENUE,COLGATE AVENUE,WATSON AVENUE,PELHAM LINE,,,ADDRESS,BRONX,,N/A,Closed,,The Department of Sanitation investigated this complaint and found no violation at the location.,03/03/2021 12:00:00 PM,09 BRONX,2037370018,BRONX,1017016,240523,PHONE,Unspecified,BRONX,,,,,,,,40.82679480791368,-73.8816057823724,"(40.82679480791368, -73.8816057823724)"
49904381,03/01/2021 12:02:00 PM,03/08/2021 12:00:00 PM,DSNY,Department of Sanitation,Dirty Conditions,E8 Canine Violation,Sidewalk,,,,,,27 STREET,27 STREET,INTERSECTION,,,N/A,Closed,,The Department of Sanitation investigated this complaint and found no violation at the location.,03/08/2021 12:00:00 PM,01 QUEENS,,QUEENS,,,PHONE,Unspecified,QUEENS,,,,,,,,,,
49897621,03/01/2021 10:36:00 AM,03/02/2021 12:00:00 PM,DSNY,Department of Sanitation,Dirty Conditions,E8 Canine Violation,Sidewalk,,,,,,EAST 52 STREET,EAST 52 STREET,INTERSECTION,,,N/A,Closed,,The Department of Sanitation investigated this complaint and found no violation at the location.,03/02/2021 12:00:00 PM,17 BROOKLYN,,BROOKLYN,,,ONLINE,Unspecified,BROOKLYN,,,,,,,,,,
49899334,03/01/2021 10:31:00 AM,03/03/2021 12:00:00 PM,DSNY,Department of Sanitation,Dirty Conditions,E8 Canine Violation,Sidewalk,,,,,,BARRETT AVENUE,BARRETT AVENUE,INTERSECTION,,,N/A,Closed,,The Department of Sanitation investigated this complaint and found no violation at the location.,03/03/2021 12:00:00 PM,09 BRONX,,BRONX,,,PHONE,Unspecified,BRONX,,,,,,,,,,
49897626,03/01/2021 10:11:00 AM,03/05/2021 12:00:00 PM,DSNY,Department of Sanitation,Dirty Conditions,E8 Canine Violation,Sidewalk,10453,121 WEST  179 STREET,WEST  179 STREET,ANDREWS AVENUE SOUTH,LORING PLACE SOUTH,,,ADDRESS,BRONX,,N/A,Closed,,The Department of Sanitation investigated this complaint and found no violation at the location.,03/05/2021 12:00:00 PM,05 BRONX,2032210050,BRONX,1008327,250900,PHONE,Unspecified,BRONX,,,,,,,,40.85530459177244,-73.91296468680838,"(40.85530459177244, -73.91296468680838)"
49902834,03/01/2021 09:53:00 AM,03/02/2021 12:00:00 PM,DSNY,Department of Sanitation,Dirty Conditions,E8 Canine Violation,Sidewalk,11223,2285 EAST    4 STREET,EAST    4 STREET,GRAVESEND NECK ROAD,AVENUE W,,,ADDRESS,BROOKLYN,,N/A,Closed,,The Department of Sanitation investigated this complaint and found no violation at the location.,03/02/2021 12:00:00 PM,15 BROOKLYN,3071560067,BROOKLYN,993374,155799,PHONE,Unspecified,BROOKLYN,,,,,,,,40.59430378387804,-73.96714681678786,"(40.59430378387804, -73.96714681678786)"
49899372,03/01/2021 08:59:00 AM,03/04/2021 12:00:00 PM,DSNY,Department of Sanitation,Dirty Conditions,E8 Canine Violation,Sidewalk,10461,1938 PILGRIM AVENUE,PILGRIM AVENUE,ST THERESA AVENUE,SANTO DONATO PLACE,,,ADDRESS,BRONX,,N/A,Closed,,The Department of Sanitation investigated this complaint and found no violation at the location.,03/04/2021 12:00:00 PM,10 BRONX,2042330013,BRONX,1030456,249187,PHONE,Unspecified,BRONX,,,,,,,,40.850514844035345,-73.83298310143499,"(40.850514844035345, -73.83298310143499)"
49898406,03/01/2021 08:36:00 AM,03/08/2021 12:00:00 PM,DSNY,Department of Sanitation,Dirty Conditions,E8 Canine Violation,Sidewalk,,,,,,18 AVENUE,18 AVENUE,INTERSECTION,,,N/A,Closed,,The Department of Sanitation investigated this complaint and found no violation at the location.,03/08/2021 12:00:00 PM,07 QUEENS,,QUEENS,,,PHONE,Unspecified,QUEENS,,,,,,,,,,
49899335,03/01/2021 05:31:00 AM,03/01/2021 12:00:00 PM,DSNY,Department of Sanitation,Dirty Conditions,E8 Canine Violation,Sidewalk,11204,1789 68 STREET,68 STREET,17 AVENUE,18 AVENUE,,,ADDRESS,BROOKLYN,,N/A,Closed,,The Department of Sanitation investigated this complaint and found no violation at the location.,03/01/2021 12:00:00 PM,11 BROOKLYN,3055680042,BROOKLYN,986348,164324,PHONE,Unspecified,BROOKLYN,,,,,,,,40.61770761532048,-73.99244299174083,"(40.61770761532048, -73.99244299174083)"
49899341,02/28/2021 10:07:00 PM,03/06/2021 12:00:00 PM,DSNY,Department of Sanitation,Dirty Conditions,E8 Canine Violation,Sidewalk,11237,316 SUYDAM STREET,SUYDAM STREET,KNICKERBOCKER AVENUE,IRVING AVENUE,,,ADDRESS,BROOKLYN,,N/A,Closed,,The Department of Sanitation investigated this complaint and found no violation at the location.,03/06/2021 12:00:00 PM,04 BROOKLYN,3032200028,BROOKLYN,1005685,195467,ONLINE,Unspecified,BROOKLYN,,,,,,,,40.703162565354965,-73.92269202378378,"(40.703162565354965, -73.92269202378378)"
49897583,02/28/2021 09:36:00 PM,03/04/2021 12:00:00 PM,DSNY,Department of Sanitation,Dirty Conditions,E8 Canine Violation,Sidewalk,11420,109-21 120 STREET,120 STREET,109 AVENUE,111 AVENUE,,,ADDRESS,South Ozone Park,,N/A,Closed,,The Department of Sanitation investigated this complaint and found no violation at the location.,03/04/2021 12:00:00 PM,10 QUEENS,4116010059,QUEENS,1033854,187879,ONLINE,Unspecified,QUEENS,,,,,,,,40.682222230897665,-73.82115312180801,"(40.682222230897665, -73.82115312180801)"
49904382,02/28/2021 08:46:00 PM,03/01/2021 12:00:00 PM,DSNY,Department of Sanitation,Dirty Conditions,E8 Canine Violation,Sidewalk,10032,425 WEST  160 STREET,WEST  160 STREET,JUMEL TERRACE,ST NICHOLAS AVENUE,,,ADDRESS,NEW YORK,,N/A,Closed,,The Department of Sanitation investigated this complaint and found no violation at the location.,03/01/2021 12:00:00 PM,12 MANHATTAN,1021090070,MANHATTAN,1000920,243272,ONLINE,Unspecified,MANHATTAN,,,,,,,,40.834385067631345,-73.93975900864321,"(40.834385067631345, -73.93975900864321)"
49903022,02/28/2021 06:56:00 PM,03/04/2021 12:00:00 PM,DSNY,Department of Sanitation,Dirty Conditions,E8 Canine Violation,Sidewalk,,,,,,EAST NEW YORK AVENUE,EAST NEW YORK AVENUE,INTERSECTION,,,N/A,Closed,,The Department of Sanitation investigated this complaint and found no violation at the location.,03/04/2021 12:00:00 PM,09 BROOKLYN,,BROOKLYN,,,PHONE,Unspecified,BROOKLYN,,,,,,,,,,
49898482,02/28/2021 03:36:00 PM,03/04/2021 12:00:00 PM,DSNY,Department of Sanitation,Dirty Conditions,E8 Canine Violation,Sidewalk,,,,,,ROCHESTER AVENUE,ROCHESTER AVENUE,INTERSECTION,,,N/A,Closed,,The Department of Sanitation investigated this complaint and found no violation at the location.,03/04/2021 12:00:00 PM,08 BROOKLYN,,BROOKLYN,,,PHONE,Unspecified,BROOKLYN,,,,,,,,,,
49901143,02/28/2021 02:12:00 PM,03/02/2021 12:00:00 PM,DSNY,Department of Sanitation,Dirty Conditions,E8 Canine Violation,Sidewalk,11229,2102 AVENUE S,AVENUE S,EAST 21 STREET,EAST 22 STREET,,,ADDRESS,BROOKLYN,,N/A,Closed,,The Department of Sanitation investigated this complaint and found no violation at the location.,03/02/2021 12:00:00 PM,15 BROOKLYN,3073000001,BROOKLYN,997829,159387,PHONE,Unspecified,BROOKLYN,,,,,,,,40.6041464103088,-73.95109829514311,"(40.6041464103088, -73.95109829514311)"
49896760,02/28/2021 02:08:00 PM,03/01/2021 12:00:00 PM,DSNY,Department of Sanitation,Dirty Conditions,E8 Canine Violation,Sidewalk,10027,524 RIVERSIDE DRIVE,RIVERSIDE DRIVE,WEST 122 STREET,TIEMANN PLACE,,,ADDRESS,NEW YORK,,N/A,Closed,,The Department of Sanitation investigated this complaint and found no violation at the location.,03/01/2021 12:00:00 PM,09 MANHATTAN,1019940038,MANHATTAN,994826,236475,ONLINE,Unspecified,MANHATTAN,,,,,,,,40.81573863664713,-73.96179183040486,"(40.81573863664713, -73.96179183040486)"
49904094,02/28/2021 01:15:00 PM,03/01/2021 12:00:00 PM,DSNY,Department of Sanitation,Dirty Conditions,E8 Canine Violation,Sidewalk,10031,542 WEST  149 STREET,WEST  149 STREET,AMSTERDAM AVENUE,BROADWAY,,,ADDRESS,NEW YORK,,N/A,Closed,,The Department of Sanitation investigated this complaint and found no violation at the location.,03/01/2021 12:00:00 PM,09 MANHATTAN,1020800049,MANHATTAN,998921,241050,PHONE,Unspecified,MANHATTAN,,,,,,,,40.828289863695325,-73.94698772593435,"(40.828289863695325, -73.94698772593435)"
49901144,02/28/2021 11:27:00 AM,03/02/2021 12:00:00 PM,DSNY,Department of Sanitation,Dirty Conditions,E8 Canine Violation,Sidewalk,10463,3840 GREYSTONE AVENUE,GREYSTONE AVENUE,WEST 238 STREET,WEST 240 STREET,,,ADDRESS,BRONX,,N/A,Closed,,The Department of Sanitation investigated this complaint and found no violation at the location.,03/02/2021 12:00:00 PM,08 BRONX,2057790820,BRONX,1010529,262908,ONLINE,Unspecified,BRONX,,,,,,,,40.88825657220923,-73.90495764428702,"(40.88825657220923, -73.90495764428702)"
49903025,02/28/2021 11:03:00 AM,03/03/2021 12:00:00 PM,DSNY,Department of Sanitation,Dirty Conditions,E8 Canine Violation,Sidewalk,11356,10-61 115 STREET,115 STREET,UNNAMED STREET,14 AVENUE,,,ADDRESS,College Point,,N/A,Closed,,The Department of Sanitation investigated this complaint and found no violation at the location.,03/03/2021 12:00:00 PM,07 QUEENS,4040360021,QUEENS,1025106,226244,PHONE,Unspecified,QUEENS,,,,,,,,40.78756923681206,-73.85246093059327,"(40.78756923681206, -73.85246093059327)"
49897402,02/28/2021 10:19:00 AM,03/01/2021 12:00:00 PM,DSNY,Department of Sanitation,Dirty Conditions,E8 Canine Violation,Sidewalk,,,,,,67 AVENUE,67 AVENUE,INTERSECTION,,,N/A,Closed,,The Department of Sanitation investigated this complaint and found no violation at the location.,03/01/2021 12:00:00 PM,06 QUEENS,,QUEENS,,,PHONE,Unspecified,QUEENS,,,,,,,,,,
49899340,02/28/2021 08:41:00 AM,03/02/2021 12:00:00 PM,DSNY,Department of Sanitation,Dirty Conditions,E8 Canine Violation,Sidewalk,10452,1040 GERARD AVENUE,GERARD AVENUE,EAST 164 STREET,EAST 165 STREET,,,ADDRESS,BRONX,,N/A,Closed,,The Department of Sanitation investigated this complaint and found no violation at the location.,03/02/2021 12:00:00 PM,04 BRONX,2024770015,BRONX,1005678,242235,PHONE,Unspecified,BRONX,,,,,,,,40.83152853960675,-73.92256816978937,"(40.83152853960675, -73.92256816978937)"
49901145,02/28/2021 08:22:00 AM,03/02/2021 12:00:00 PM,DSNY,Department of Sanitation,Dirty Conditions,E8 Canine Violation,Sidewalk,10461,1728 SEDDON STREET,SEDDON STREET,BUCK STREET,FULLER STREET,,,ADDRESS,BRONX,,N/A,Closed,,The Department of Sanitation investigated this complaint and found no violation at the location.,03/02/2021 12:00:00 PM,10 BRONX,2039990014,BRONX,1025630,245980,ONLINE,Unspecified,BRONX,,,,,,,,40.84173652126131,-73.85044698821613,"(40.84173652126131, -73.85044698821613)"
49900984,02/28/2021 12:51:00 AM,03/03/2021 12:00:00 PM,DSNY,Department of Sanitation,Dirty Conditions,E8 Canine Violation,Sidewalk,11226,ALBEMARLE ROAD,ALBEMARLE ROAD,EAST   19 STREET,OCEAN AVENUE,,,BLOCKFACE,BROOKLYN,,N/A,Closed,,The Department of Sanitation investigated this complaint and found no violation at the location.,03/03/2021 12:00:00 PM,14 BROOKLYN,,BROOKLYN,995052,175063,PHONE,Unspecified,BROOKLYN,,,,,,,,40.64717755635661,-73.9610739460428,"(40.64717755635661, -73.9610739460428)"
49901899,02/27/2021 10:29:00 PM,03/03/2021 12:00:00 PM,DSNY,Department of Sanitation,Dirty Conditions,E8 Canine Violation,Sidewalk,11221,527 QUINCY STREET,QUINCY STREET,MARCUS GARVEY BOULEVARD,LEWIS AVENUE,,,ADDRESS,BROOKLYN,,N/A,Closed,,The Department of Sanitation investigated this complaint and found no violation at the location.,03/03/2021 12:00:00 PM,03 BROOKLYN,3016240078,BROOKLYN,1001389,190086,ONLINE,Unspecified,BROOKLYN,,,,,,,,40.68840233715285,-73.93819976474505,"(40.68840233715285, -73.93819976474505)"
49901898,02/27/2021 07:21:00 PM,03/06/2021 12:00:00 PM,DSNY,Department of Sanitation,Dirty Conditions,E8 Canine Violation,Sidewalk,,,,,,CENTRAL PARK WEST,CENTRAL PARK WEST,INTERSECTION,,,N/A,Closed,,The Department of Sanitation investigated this complaint and found no violation at the location.,03/06/2021 12:00:00 PM,07 MANHATTAN,,MANHATTAN,,,PHONE,Unspecified,MANHATTAN,,,,,,,,,,
49901986,02/27/2021 06:30:00 PM,03/03/2021 12:00:00 PM,DSNY,Department of Sanitation,Dirty Conditions,E8 Canine Violation,Sidewalk,11417,106-17 103 AVENUE,103 AVENUE,106 STREET,107 STREET,,,ADDRESS,Ozone Park,,N/A,Closed,,The Department of Sanitation investigated this complaint and found no violation at the location.,03/03/2021 12:00:00 PM,09 QUEENS,4094240037,QUEENS,1029808,188852,PHONE,Unspecified,QUEENS,,,,,,,,40.68491463838417,-73.83573433244977,"(40.68491463838417, -73.83573433244977)"
49905002,02/27/2021 03:59:00 PM,03/03/2021 12:00:00 PM,DSNY,Department of Sanitation,Dirty Conditions,E8 Canine Violation,Sidewalk,11355,43-08 149 STREET,149 STREET,CHERRY AVENUE,DELAWARE AVENUE,,,ADDRESS,Flushing,,N/A,Closed,,The Department of Sanitation investigated this complaint and found no violation at the location.,03/03/2021 12:00:00 PM,07 QUEENS,4054040018,QUEENS,1035805,215423,ONLINE,Unspecified,QUEENS,,,,,,,,40.75781255169157,-73.81390785168722,"(40.75781255169157, -73.81390785168722)"
49901184,02/27/2021 03:41:00 PM,03/03/2021 12:00:00 PM,DSNY,Department of Sanitation,Dirty Conditions,E8 Canine Violation,Sidewalk,11368,99-14 59 AVENUE,59 AVENUE,99 STREET,CALLOWAY STREET,,,ADDRESS,Corona,,N/A,Closed,,The Department of Sanitation investigated this complaint and found no violation at the location.,03/03/2021 12:00:00 PM,04 QUEENS,4019470001,QUEENS,1023371,207890,ONLINE,Unspecified,QUEENS,,,,,,,,40.73720014616665,-73.85883315943371,"(40.73720014616665, -73.85883315943371)"
49898483,02/27/2021 03:39:00 PM,03/06/2021 12:00:00 PM,DSNY,Department of Sanitation,Dirty Conditions,E8 Canine Violation,Sidewalk,,,,,,7 AVENUE,7 AVENUE,INTERSECTION,,,N/A,Closed,,The Department of Sanitation investigated this complaint and found no violation at the location.,03/06/2021 12:00:00 PM,10 MANHATTAN,,MANHATTAN,,,PHONE,Unspecified,MANHATTAN,,,,,,,,,,
49897632,02/27/2021 03:25:00 PM,03/02/2021 12:00:00 PM,DSNY,Department of Sanitation,Dirty Conditions,E8 Canine Violation,Sidewalk,10467,EAST  219 STREET,EAST  219 STREET,BRONX BOULEVARD,NYCTA SUBWAY,,,BLOCKFACE,BRONX,,N/A,Closed,,The Department of Sanitation investigated this complaint and found no violation at the location.,03/02/2021 12:00:00 PM,12 BRONX,,BRONX,1021477,261513,PHONE,Unspecified,BRONX,,,,,,,,40.88438834543559,-73.86537019644385,"(40.88438834543559, -73.86537019644385)"
49901182,02/27/2021 03:22:00 PM,03/02/2021 12:00:00 PM,DSNY,Department of Sanitation,Dirty Conditions,E8 Canine Violation,Sidewalk,,,,,,BURKE AVENUE,BURKE AVENUE,INTERSECTION,,,N/A,Closed,,The Department of Sanitation investigated this complaint and found no violation at the location.,03/02/2021 12:00:00 PM,12 BRONX,,BRONX,,,PHONE,Unspecified,BRONX,,,,,,,,,,
49902803,02/27/2021 02:05:00 PM,03/01/2021 12:00:00 PM,DSNY,Department of Sanitation,Dirty Conditions,E8 Canine Violation,Sidewalk,11377,50-05 45 STREET,45 STREET,50 AVENUE,LAUREL HILL BOULEVARD,,,ADDRESS,Woodside,,N/A,Closed,,The Department of Sanitation investigated this complaint and found no violation at the location.,03/01/2021 12:00:00 PM,02 QUEENS,4022950050,QUEENS,1006189,207861,ONLINE,Unspecified,QUEENS,,,,,,,,40.73717985949029,-73.92083388836485,"(40.73717985949029, -73.92083388836485)"
49889930,02/27/2021 01:52:00 PM,03/04/2021 12:00:00 PM,DSNY,Department of Sanitation,Dirty Conditions,E8 Canine Violation,Sidewalk,10310,94 BARKER STREET,BARKER STREET,BILL HUGHES WAY,CASTLETON AVENUE,,,ADDRESS,STATEN ISLAND,,N/A,Closed,,The Department of Sanitation investigated this complaint and found no violation at the location.,03/04/2021 12:00:00 PM,01 STATEN ISLAND,5001980117,STATEN ISLAND,950564,170695,PHONE,Unspecified,STATEN ISLAND,,,,,,,,40.63513086672229,-74.12136888723929,"(40.63513086672229, -74.12136888723929)"
49887617,02/27/2021 01:02:00 PM,03/04/2021 12:00:00 PM,DSNY,Department of Sanitation,Dirty Conditions,E8 Canine Violation,Sidewalk,11367,78-04 147 STREET,147 STREET,78 AVENUE,78 ROAD,,,ADDRESS,Flushing,,N/A,Closed,,The Department of Sanitation investigated this complaint and found no violation at the location.,03/04/2021 12:00:00 PM,08 QUEENS,4066700001,QUEENS,1035170,201816,ONLINE,Unspecified,QUEENS,,,,,,,,40.720468475176226,-73.8163029298092,"(40.720468475176226, -73.8163029298092)"
49885647,02/27/2021 10:08:00 AM,03/03/2021 12:00:00 PM,DSNY,Department of Sanitation,Dirty Conditions,E8 Canine Violation,Sidewalk,11360,16-11 215 STREET,215 STREET,16 AVENUE,17 AVENUE,,,ADDRESS,Bayside,,N/A,Closed,,The Department of Sanitation investigated this complaint and found no violation at the location.,03/03/2021 12:00:00 PM,07 QUEENS,4059450017,QUEENS,1045810,225595,PHONE,Unspecified,QUEENS,,,,,,,,40.785667946635435,-73.7777009201221,"(40.785667946635435, -73.7777009201221)"
49885605,02/27/2021 09:46:00 AM,03/04/2021 12:00:00 PM,DSNY,Department of Sanitation,Dirty Conditions,E8 Canine Violation,Sidewalk,11220,57 STREET,57 STREET,2 AVENUE,GOWANUS EXPRESSWAY EXIT   22 WB,,,BLOCKFACE,BROOKLYN,,N/A,Closed,,The Department of Sanitation investigated this complaint and found no violation at the location.,03/04/2021 12:00:00 PM,07 BROOKLYN,,BROOKLYN,978719,174094,PHONE,Unspecified,BROOKLYN,,,,,,,,40.64452272108365,-74.01993070104965,"(40.64452272108365, -74.01993070104965)"
49888517,02/27/2021 02:08:00 AM,03/04/2021 12:00:00 PM,DSNY,Department of Sanitation,Dirty Conditions,E8 Canine Violation,Sidewalk,11220,355 49 STREET,49 STREET,3 AVENUE,4 AVENUE,,,ADDRESS,BROOKLYN,,N/A,Closed,,The Department of Sanitation investigated this complaint and found no violation at the location.,03/04/2021 12:00:00 PM,07 BROOKLYN,,BROOKLYN,980679,175202,ONLINE,Unspecified,BROOKLYN,,,,,,,,40.647564949012754,-74.01286851894983,"(40.647564949012754, -74.01286851894983)"
49883039,02/26/2021 07:28:00 PM,02/27/2021 12:00:00 PM,DSNY,Department of Sanitation,Dirty Conditions,E8 Canine Violation,Sidewalk,10030,137 WEST  141 STREET,WEST  141 STREET,LENOX AVENUE,ADAM CLAYTON POWELL JR BOULEVARD,,,ADDRESS,NEW YORK,,N/A,Closed,,The Department of Sanitation investigated this complaint and found no violation at the location.,02/27/2021 12:00:00 PM,10 MANHATTAN,1020100006,MANHATTAN,1001151,237400,ONLINE,Unspecified,MANHATTAN,,,,,,,,40.81826766495756,-73.9389390273493,"(40.81826766495756, -73.9389390273493)"
49888320,02/26/2021 05:59:00 PM,02/27/2021 12:00:00 PM,DSNY,Department of Sanitation,Dirty Conditions,E8 Canine Violation,Sidewalk,10467,3530 DECATUR AVENUE,DECATUR AVENUE,EAST GUN HILL ROAD,EAST 211 STREET,,,ADDRESS,BRONX,,N/A,Closed,,The Department of Sanitation investigated this complaint and found no violation at the location.,02/27/2021 12:00:00 PM,07 BRONX,2033560180,BRONX,1019562,259651,ONLINE,Unspecified,BRONX,,,,,,,,40.8792856112555,-73.87230551562281,"(40.8792856112555, -73.87230551562281)"
49889929,02/26/2021 04:41:00 PM,03/02/2021 12:00:00 PM,DSNY,Department of Sanitation,Dirty Conditions,E8 Canine Violation,Sidewalk,11221,1028 BUSHWICK AVENUE,BUSHWICK AVENUE,LINDEN STREET,GATES AVENUE,,,ADDRESS,BROOKLYN,,N/A,Closed,,The Department of Sanitation investigated this complaint and found no violation at the location.,03/02/2021 12:00:00 PM,04 BROOKLYN,3033300019,BROOKLYN,1006074,191139,PHONE,Unspecified,BROOKLYN,,,,,,,,40.69128226643219,-73.92130307142932,"(40.69128226643219, -73.92130307142932)"
49886752,02/26/2021 04:17:00 PM,03/01/2021 12:00:00 PM,DSNY,Department of Sanitation,Dirty Conditions,E8 Canine Violation,Sidewalk,10473,880 THIERIOT AVENUE,THIERIOT AVENUE,LAFAYETTE AVENUE,STORY AVENUE,,,ADDRESS,BRONX,,N/A,Closed,,The Department of Sanitation investigated this complaint and found no violation at the location.,03/01/2021 12:00:00 PM,09 BRONX,2036420001,BRONX,1022335,239182,ONLINE,Unspecified,BRONX,,,,,,,,40.82309281514945,-73.86239414608237,"(40.82309281514945, -73.86239414608237)"
49888972,02/26/2021 04:04:00 PM,02/27/2021 12:00:00 PM,DSNY,Department of Sanitation,Dirty Conditions,E8 Canine Violation,Sidewalk,11226,2616 BEVERLY ROAD,BEVERLY ROAD,VERONICA PLACE,ROGERS AVENUE,,,ADDRESS,BROOKLYN,,N/A,Closed,,The Department of Sanitation investigated this complaint and found no violation at the location.,02/27/2021 12:00:00 PM,17 BROOKLYN,3051700010,BROOKLYN,997468,174239,PHONE,Unspecified,BROOKLYN,,,,,,,,40.64491257820303,-73.95236927201967,"(40.64491257820303, -73.95236927201967)"
49882720,02/26/2021 03:31:00 PM,02/27/2021 12:00:00 PM,DSNY,Department of Sanitation,Dirty Conditions,E8 Canine Violation,Sidewalk,10467,3250 PERRY AVENUE,PERRY AVENUE,EAST 207 STREET,HOLT PLACE,,,ADDRESS,BRONX,,N/A,Closed,,The Department of Sanitation investigated this complaint and found no violation at the location.,02/27/2021 12:00:00 PM,07 BRONX,2033470001,BRONX,1018475,258386,PHONE,Unspecified,BRONX,,,,,,,,40.87581786325145,-73.87624275879938,"(40.87581786325145, -73.87624275879938)"
49879750,02/26/2021 10:39:00 AM,03/03/2021 12:00:00 PM,DSNY,Department of Sanitation,Dirty Conditions,E8 Canine Violation,Sidewalk,11385,1880 GREENE AVENUE,GREENE AVENUE,ONDERDONK AVENUE,WOODWARD AVENUE,,,ADDRESS,Ridgewood,,N/A,Closed,,The Department of Sanitation investigated this complaint and found no violation at the location.,03/03/2021 12:00:00 PM,05 QUEENS,4034050032,QUEENS,1009053,196864,PHONE,Unspecified,QUEENS,,,,,,,,40.706988199932646,-73.91053977786571,"(40.706988199932646, -73.91053977786571)"
49874286,02/26/2021 10:36:00 AM,03/01/2021 12:00:00 PM,DSNY,Department of Sanitation,Dirty Conditions,E8 Canine Violation,Sidewalk,,,,,,17 AVENUE,17 AVENUE,INTERSECTION,,,N/A,Closed,,The Department of Sanitation investigated this complaint and found no violation at the location.,03/01/2021 12:00:00 PM,11 BROOKLYN,,BROOKLYN,,,ONLINE,Unspecified,BROOKLYN,,,,,,,,,,
49875285,02/26/2021 09:16:00 AM,02/27/2021 12:00:00 PM,DSNY,Department of Sanitation,Dirty Conditions,E8 Canine Violation,Sidewalk,10460,1939 WEST FARMS ROAD,WEST FARMS ROAD,RODMAN PLACE,EAST TREMONT AVENUE,,,ADDRESS,BRONX,,N/A,Closed,,The Department of Sanitation investigated this complaint and found no violation at the location.,02/27/2021 12:00:00 PM,06 BRONX,2030167502,BRONX,1017290,245029,ONLINE,Unspecified,BRONX,,,,,,,,40.83916144854979,-73.88059353846155,"(40.83916144854979, -73.88059353846155)"
49878692,02/25/2021 10:37:00 PM,02/27/2021 12:00:00 PM,DSNY,Department of Sanitation,Dirty Conditions,E8 Canine Violation,Sidewalk,10034,141 PAYSON AVENUE,PAYSON AVENUE,BEAK STREET,BEND,,,ADDRESS,NEW YORK,,N/A,Closed,,The Department of Sanitation investigated this complaint and found no violation at the location.,02/27/2021 12:00:00 PM,12 MANHATTAN,1022480024,MANHATTAN,1004974,255794,ONLINE,Unspecified,MANHATTAN,,,,,,,,40.86874564767067,-73.92507021895005,"(40.86874564767067, -73.92507021895005)"
49878404,02/25/2021 10:01:00 PM,02/26/2021 12:00:00 PM,DSNY,Department of Sanitation,Dirty Conditions,E8 Canine Violation,Sidewalk,10458,225 EAST  202 STREET,EAST  202 STREET,GRAND CONCOURSE,VALENTINE AVENUE,,,ADDRESS,BRONX,,N/A,Closed,,The Department of Sanitation investigated this complaint and found no violation at the location.,02/26/2021 12:00:00 PM,07 BRONX,2033080030,BRONX,1015787,257393,PHONE,Unspecified,BRONX,,,,,,,,40.87310240013715,-73.88596720145928,"(40.87310240013715, -73.88596720145928)"
49877468,02/25/2021 08:49:00 PM,02/27/2021 12:00:00 PM,DSNY,Department of Sanitation,Dirty Conditions,E8 Canine Violation,Sidewalk,10032,409 EDGECOMBE AVENUE,EDGECOMBE AVENUE,WEST 150 STREET,WEST 155 STREET,,,ADDRESS,NEW YORK,,N/A,Closed,,The Department of Sanitation investigated this complaint and found no violation at the location.,02/27/2021 12:00:00 PM,09 MANHATTAN,1020540062,MANHATTAN,1000889,241352,PHONE,Unspecified,MANHATTAN,,,,,,,,40.82911527895686,-73.93987579674543,"(40.82911527895686, -73.93987579674543)"
49874092,02/25/2021 06:45:00 PM,02/26/2021 12:00:00 PM,DSNY,Department of Sanitation,Dirty Conditions,E8 Canine Violation,Sidewalk,10459,1429 PROSPECT AVENUE,PROSPECT AVENUE,JENNINGS STREET,EAST 170 STREET,,,ADDRESS,BRONX,,N/A,Closed,,The Department of Sanitation investigated this complaint and found no violation at the location.,02/26/2021 12:00:00 PM,03 BRONX,2029620030,BRONX,1012887,242738,PHONE,Unspecified,BRONX,,,,,,,,40.83288869642952,-73.89651573269668,"(40.83288869642952, -73.89651573269668)"
49881880,02/25/2021 06:39:00 PM,02/27/2021 12:00:00 PM,DSNY,Department of Sanitation,Dirty Conditions,E8 Canine Violation,Sidewalk,11214,2147 BATH AVENUE,BATH AVENUE,BAY 28 STREET,BAY 29 STREET,,,ADDRESS,BROOKLYN,,N/A,Closed,,The Department of Sanitation investigated this complaint and found no violation at the location.,02/27/2021 12:00:00 PM,11 BROOKLYN,3064130001,BROOKLYN,984759,157556,ONLINE,Unspecified,BROOKLYN,,,,,,,,40.599131076059244,-73.99816708912199,"(40.599131076059244, -73.99816708912199)"
49876298,02/25/2021 06:22:00 PM,03/01/2021 12:00:00 PM,DSNY,Department of Sanitation,Dirty Conditions,E8 Canine Violation,Sidewalk,10462,2120 EAST TREMONT AVENUE,EAST TREMONT AVENUE,DOGWOOD DRIVE,ELM DRIVE,,,ADDRESS,BRONX,,N/A,Closed,,The Department of Sanitation investigated this complaint and found no violation at the location.,03/01/2021 12:00:00 PM,09 BRONX,2039447501,BRONX,1023695,246070,PHONE,Unspecified,BRONX,,,,,,,,40.84199240002735,-73.85743980235814,"(40.84199240002735, -73.85743980235814)"
49878586,02/25/2021 05:42:00 PM,02/26/2021 12:00:00 PM,DSNY,Department of Sanitation,Dirty Conditions,E8 Canine Violation,Sidewalk,,,,,,2 AVENUE,2 AVENUE,INTERSECTION,,,N/A,Closed,,The Department of Sanitation investigated this complaint and found no violation at the location.,02/26/2021 12:00:00 PM,06 MANHATTAN,,MANHATTAN,,,PHONE,Unspecified,MANHATTAN,,,,,,,,,,
49877469,02/25/2021 04:49:00 PM,03/01/2021 12:00:00 PM,DSNY,Department of Sanitation,Dirty Conditions,E8 Canine Violation,Sidewalk,,,,,,STAR AVENUE,STAR AVENUE,INTERSECTION,,,N/A,Closed,,The Department of Sanitation investigated this complaint and found no violation at the location.,03/01/2021 12:00:00 PM,02 QUEENS,,QUEENS,,,PHONE,Unspecified,QUEENS,,,,,,,,,,
49878587,02/25/2021 04:04:00 PM,03/01/2021 12:00:00 PM,DSNY,Department of Sanitation,Dirty Conditions,E8 Canine Violation,Sidewalk,11101,43-25 HUNTER STREET,HUNTER STREET,44 ROAD,CRESCENT STREET,,,ADDRESS,Long Island City,,N/A,Closed,,The Department of Sanitation investigated this complaint and found no violation at the location.,03/01/2021 12:00:00 PM,02 QUEENS,4004337501,QUEENS,1000156,211759,ONLINE,Unspecified,QUEENS,,,,,,,,40.74789180264069,-73.942594531949,"(40.74789180264069, -73.942594531949)"
49875313,02/25/2021 02:59:00 PM,02/27/2021 12:00:00 PM,DSNY,Department of Sanitation,Dirty Conditions,E8 Canine Violation,Sidewalk,10027,16 WEST  129 STREET,WEST  129 STREET,5 AVENUE,LENOX AVENUE,,,ADDRESS,NEW YORK,,N/A,Closed,,The Department of Sanitation investigated this complaint and found no violation at the location.,02/27/2021 12:00:00 PM,10 MANHATTAN,1017260047,MANHATTAN,1000410,234192,PHONE,Unspecified,MANHATTAN,,,,,,,,40.809463989148945,-73.94162388071918,"(40.809463989148945, -73.94162388071918)"
49877460,02/25/2021 02:15:00 PM,03/03/2021 12:00:00 PM,DSNY,Department of Sanitation,Dirty Conditions,E8 Canine Violation,Sidewalk,11218,114 ALBEMARLE ROAD,ALBEMARLE ROAD,MCDONALD AVENUE,EAST 2 STREET,,,ADDRESS,BROOKLYN,,N/A,Closed,,The Department of Sanitation investigated this complaint and found no violation at the location.,03/03/2021 12:00:00 PM,12 BROOKLYN,3053340006,BROOKLYN,989989,174327,ONLINE,Unspecified,BROOKLYN,,,,,,,,40.645162123509614,-73.97931958244115,"(40.645162123509614, -73.97931958244115)"
49865108,02/25/2021 01:28:00 PM,03/02/2021 12:00:00 PM,DSNY,Department of Sanitation,Dirty Conditions,E8 Canine Violation,Sidewalk,11221,1056 WILLOUGHBY AVENUE,WILLOUGHBY AVENUE,CENTRAL AVENUE,WILSON AVENUE,,,ADDRESS,BROOKLYN,,N/A,Closed,,The Department of Sanitation investigated this complaint and found no violation at the location.,03/02/2021 12:00:00 PM,04 BROOKLYN,3032080012,BROOKLYN,1004484,194291,ONLINE,Unspecified,BROOKLYN,,,,,,,,40.699937549671205,-73.92702710991682,"(40.699937549671205, -73.92702710991682)"
49870149,02/25/2021 01:14:00 PM,02/27/2021 12:00:00 PM,DSNY,Department of Sanitation,Dirty Conditions,E8 Canine Violation,Sidewalk,11203,507 LINDEN BOULEVARD,LINDEN BOULEVARD,EAST 40 STREET,ALBANY AVENUE,,,ADDRESS,BROOKLYN,,N/A,Closed,,The Department of Sanitation investigated this complaint and found no violation at the location.,02/27/2021 12:00:00 PM,17 BROOKLYN,3048610035,BROOKLYN,1000875,177269,ONLINE,Unspecified,BROOKLYN,,,,,,,,40.653223529136824,-73.94008476919556,"(40.653223529136824, -73.94008476919556)"
49865074,02/25/2021 01:04:00 PM,02/26/2021 12:00:00 PM,DSNY,Department of Sanitation,Dirty Conditions,E8 Canine Violation,Sidewalk,,,,,,BROOK AVENUE,BROOK AVENUE,INTERSECTION,,,N/A,Closed,,The Department of Sanitation investigated this complaint and found no violation at the location.,02/26/2021 12:00:00 PM,01 BRONX,,BRONX,,,PHONE,Unspecified,BRONX,,,,,,,,,,
49869287,02/25/2021 12:39:00 PM,03/05/2021 12:00:00 PM,DSNY,Department of Sanitation,Dirty Conditions,E8 Canine Violation,Sidewalk,11208,1380 DUMONT AVENUE,DUMONT AVENUE,HEMLOCK STREET,AUTUMN AVENUE,,,ADDRESS,BROOKLYN,,N/A,Closed,,The Department of Sanitation investigated this complaint and found no violation at the location.,03/05/2021 12:00:00 PM,05 BROOKLYN,3044640011,BROOKLYN,1021152,183515,PHONE,Unspecified,BROOKLYN,,,,,,,,40.67030611723232,-73.8669739065937,"(40.67030611723232, -73.8669739065937)"
49871423,02/25/2021 09:14:00 AM,03/04/2021 12:00:00 PM,DSNY,Department of Sanitation,Dirty Conditions,E8 Canine Violation,Sidewalk,11207,416 GLENMORE AVENUE,GLENMORE AVENUE,NEW JERSEY AVENUE,VERMONT STREET,,,ADDRESS,BROOKLYN,,N/A,Closed,,The Department of Sanitation investigated this complaint and found no violation at the location.,03/04/2021 12:00:00 PM,05 BROOKLYN,3037220012,BROOKLYN,1013379,184602,PHONE,Unspecified,BROOKLYN,,,,,,,,40.67331867396107,-73.89498966068993,"(40.67331867396107, -73.89498966068993)"
49871424,02/25/2021 08:08:00 AM,02/27/2021 12:00:00 PM,DSNY,Department of Sanitation,Dirty Conditions,E8 Canine Violation,Sidewalk,,,,,,LENOX ROAD,LENOX ROAD,INTERSECTION,,,N/A,Closed,,The Department of Sanitation investigated this complaint and found no violation at the location.,02/27/2021 12:00:00 PM,17 BROOKLYN,,BROOKLYN,,,PHONE,Unspecified,BROOKLYN,,,,,,,,,,
49866722,02/24/2021 10:21:00 PM,03/03/2021 12:00:00 PM,DSNY,Department of Sanitation,Dirty Conditions,E8 Canine Violation,Sidewalk,11224,2955 SHELL ROAD,SHELL ROAD,SHORE PARKWAY,NEPTUNE AVENUE,,,ADDRESS,BROOKLYN,,N/A,Closed,,The Department of Sanitation investigated this complaint and found no violation at the location.,03/03/2021 12:00:00 PM,13 BROOKLYN,3072697501,BROOKLYN,990875,150781,ONLINE,Unspecified,BROOKLYN,,,,,,,,40.580532594796445,-73.97614999363354,"(40.580532594796445, -73.97614999363354)"
49868484,02/24/2021 10:06:00 PM,02/27/2021 12:00:00 PM,DSNY,Department of Sanitation,Dirty Conditions,E8 Canine Violation,Sidewalk,,,,,,EAST 205 STREET,EAST 205 STREET,INTERSECTION,,,N/A,Closed,,The Department of Sanitation investigated this complaint and found no violation at the location.,02/27/2021 12:00:00 PM,07 BRONX,,BRONX,,,PHONE,Unspecified,BRONX,,,,,,,,,,
49870804,02/24/2021 10:00:00 PM,03/02/2021 12:00:00 PM,DSNY,Department of Sanitation,Dirty Conditions,E8 Canine Violation,Sidewalk,,,,,,DECATUR AVENUE,DECATUR AVENUE,INTERSECTION,,,N/A,Closed,,The Department of Sanitation investigated this complaint and found no violation at the location.,03/02/2021 12:00:00 PM,07 BRONX,,BRONX,,,PHONE,Unspecified,BRONX,,,,,,,,,,
49872274,02/24/2021 06:53:00 PM,03/03/2021 12:00:00 PM,DSNY,Department of Sanitation,Dirty Conditions,E8 Canine Violation,Sidewalk,11234,EAST   49 STREET,EAST   49 STREET,AVENUE M,AVENUE N,,,BLOCKFACE,BROOKLYN,,N/A,Closed,,The Department of Sanitation investigated this complaint and found no violation at the location.,03/03/2021 12:00:00 PM,18 BROOKLYN,,BROOKLYN,1004234,165200,PHONE,Unspecified,BROOKLYN,,,,,,,,40.620089763712194,-73.92801493826498,"(40.620089763712194, -73.92801493826498)"
49870009,02/24/2021 06:30:00 PM,03/01/2021 12:00:00 PM,DSNY,Department of Sanitation,Dirty Conditions,E8 Canine Violation,Sidewalk,11370,77-20 19 ROAD,19 ROAD,77 STREET,78 STREET,,,ADDRESS,East Elmhurst,,N/A,Closed,,The Department of Sanitation investigated this complaint and found no violation at the location.,03/01/2021 12:00:00 PM,01 QUEENS,4009460010,QUEENS,1013893,220879,PHONE,Unspecified,QUEENS,,,,,,,,40.772888465981914,-73.89297690645923,"(40.772888465981914, -73.89297690645923)"
49872275,02/24/2021 03:49:00 PM,03/03/2021 12:00:00 PM,DSNY,Department of Sanitation,Dirty Conditions,E8 Canine Violation,Sidewalk,11206,213 HART STREET,HART STREET,THROOP AVENUE,MARCUS GARVEY BOULEVARD,,,ADDRESS,BROOKLYN,,N/A,Closed,,The Department of Sanitation investigated this complaint and found no violation at the location.,03/03/2021 12:00:00 PM,03 BROOKLYN,3017690078,BROOKLYN,1000125,192078,PHONE,Unspecified,BROOKLYN,,,,,,,,40.69387227407229,-73.94275283208214,"(40.69387227407229, -73.94275283208214)"
49861910,02/24/2021 12:44:00 PM,03/01/2021 12:00:00 PM,DSNY,Department of Sanitation,Dirty Conditions,E8 Canine Violation,Sidewalk,10458,480 EAST  188 STREET,EAST  188 STREET,AUDIE TRINIDAD WAY,BATHGATE AVENUE,,,ADDRESS,BRONX,,N/A,Closed,,The Department of Sanitation investigated this complaint and found no violation at the location.,03/01/2021 12:00:00 PM,06 BRONX,2030570011,BRONX,1014570,251994,PHONE,Unspecified,BRONX,,,,,,,,40.85828805965668,-73.89039210329346,"(40.85828805965668, -73.89039210329346)"
49861766,02/24/2021 12:14:00 PM,02/26/2021 12:00:00 PM,DSNY,Department of Sanitation,Dirty Conditions,E8 Canine Violation,Sidewalk,10010,325 EAST   25 STREET,EAST   25 STREET,2 AVENUE,1 AVENUE,,,ADDRESS,NEW YORK,,N/A,Closed,,The Department of Sanitation investigated this complaint and found no violation at the location.,02/26/2021 12:00:00 PM,06 MANHATTAN,1009310017,MANHATTAN,990013,208462,PHONE,Unspecified,MANHATTAN,,,,,,,,40.73885478865452,-73.97920389659987,"(40.73885478865452, -73.97920389659987)"
49858309,02/24/2021 12:09:00 PM,03/02/2021 12:00:00 PM,DSNY,Department of Sanitation,Dirty Conditions,E8 Canine Violation,Sidewalk,11207,23A GRANITE STREET,GRANITE STREET,BROADWAY,BUSHWICK AVENUE,,,ADDRESS,BROOKLYN,,N/A,Closed,,The Department of Sanitation investigated this complaint and found no violation at the location.,03/02/2021 12:00:00 PM,04 BROOKLYN,3034560146,BROOKLYN,1009793,187923,PHONE,Unspecified,BROOKLYN,,,,,,,,40.68244513614532,-73.90790462971681,"(40.68244513614532, -73.90790462971681)"
49860773,02/24/2021 12:09:00 PM,03/03/2021 12:00:00 PM,DSNY,Department of Sanitation,Dirty Conditions,E8 Canine Violation,Sidewalk,,,,,,AVENUE M,AVENUE M,INTERSECTION,,,N/A,Closed,,The Department of Sanitation investigated this complaint and found no violation at the location.,03/03/2021 12:00:00 PM,12 BROOKLYN,,BROOKLYN,,,PHONE,Unspecified,BROOKLYN,,,,,,,,,,
49860719,02/24/2021 11:17:00 AM,03/02/2021 12:00:00 PM,DSNY,Department of Sanitation,Dirty Conditions,E8 Canine Violation,Sidewalk,,,,,,EVERGREEN AVENUE,EVERGREEN AVENUE,INTERSECTION,,,N/A,Closed,,The Department of Sanitation investigated this complaint and found no violation at the location.,03/02/2021 12:00:00 PM,04 BROOKLYN,,BROOKLYN,,,PHONE,Unspecified,BROOKLYN,,,,,,,,,,
49857402,02/24/2021 10:38:00 AM,03/01/2021 12:00:00 PM,DSNY,Department of Sanitation,Dirty Conditions,E8 Canine Violation,Sidewalk,11369,ASTORIA BOULEVARD,ASTORIA BOULEVARD,85 STREET,86 STREET,,,BLOCKFACE,East Elmhurst,,N/A,Closed,,The Department of Sanitation investigated this complaint and found no violation at the location.,03/01/2021 12:00:00 PM,03 QUEENS,,QUEENS,1016401,217816,PHONE,Unspecified,QUEENS,,,,,,,,40.764472568035686,-73.8839366852379,"(40.764472568035686, -73.8839366852379)"
49857464,02/24/2021 09:49:00 AM,03/02/2021 12:00:00 PM,DSNY,Department of Sanitation,Dirty Conditions,E8 Canine Violation,Sidewalk,11223,2377 EAST    7 STREET,EAST    7 STREET,LANCASTER AVENUE,CRAWFORD AVENUE,,,ADDRESS,BROOKLYN,,N/A,Closed,,The Department of Sanitation investigated this complaint and found no violation at the location.,03/02/2021 12:00:00 PM,15 BROOKLYN,3071840060,BROOKLYN,994516,155112,PHONE,Unspecified,BROOKLYN,,,,,,,,40.59241685785142,-73.96303581208599,"(40.59241685785142, -73.96303581208599)"
49856267,02/24/2021 09:38:00 AM,03/03/2021 12:00:00 PM,DSNY,Department of Sanitation,Dirty Conditions,E8 Canine Violation,Sidewalk,11209,371 82 STREET,82 STREET,3 AVENUE,4 AVENUE,,,ADDRESS,BROOKLYN,,N/A,Closed,,The Department of Sanitation investigated this complaint and found no violation at the location.,03/03/2021 12:00:00 PM,10 BROOKLYN,3059970052,BROOKLYN,976449,167333,ONLINE,Unspecified,BROOKLYN,,,,,,,,40.62596350606194,-74.02810272384875,"(40.62596350606194, -74.02810272384875)"
49858384,02/24/2021 09:26:00 AM,02/27/2021 12:00:00 PM,DSNY,Department of Sanitation,Dirty Conditions,E8 Canine Violation,Sidewalk,10458,2613 MARION AVENUE,MARION AVENUE,EAST 193 STREET,EAST 194 STREET,,,ADDRESS,BRONX,,N/A,Closed,,The Department of Sanitation investigated this complaint and found no violation at the location.,02/27/2021 12:00:00 PM,07 BRONX,2032870012,BRONX,1014291,254098,ONLINE,Unspecified,BRONX,,,,,,,,40.86406385514082,-73.8913912668943,"(40.86406385514082, -73.8913912668943)"
49859628,02/24/2021 08:13:00 AM,03/01/2021 12:00:00 PM,DSNY,Department of Sanitation,Dirty Conditions,E8 Canine Violation,Sidewalk,10456,992 BOSTON ROAD,BOSTON ROAD,EAST 164 STREET,EAST 165 STREET,,,ADDRESS,BRONX,,N/A,Closed,,The Department of Sanitation investigated this complaint and found no violation at the location.,03/01/2021 12:00:00 PM,03 BRONX,2026220004,BRONX,1009846,240011,ONLINE,Unspecified,BRONX,,,,,,,,40.82541320273305,-73.90751525625349,"(40.82541320273305, -73.90751525625349)"
49858281,02/24/2021 07:34:00 AM,03/02/2021 12:00:00 PM,DSNY,Department of Sanitation,Dirty Conditions,E8 Canine Violation,Sidewalk,11211,321 ROEBLING STREET,ROEBLING STREET,SOUTH 9 STREET,DIVISION AVENUE,,,ADDRESS,BROOKLYN,,N/A,Closed,,The Department of Sanitation investigated this complaint and found no violation at the location.,03/02/2021 12:00:00 PM,01 BROOKLYN,3021400026,BROOKLYN,995068,197339,PHONE,Unspecified,BROOKLYN,,,,,,,,40.7083201125519,-73.96098053122863,"(40.7083201125519, -73.96098053122863)"
49858283,02/24/2021 06:04:00 AM,03/03/2021 12:00:00 PM,DSNY,Department of Sanitation,Dirty Conditions,E8 Canine Violation,Sidewalk,11230,1439 OCEAN AVENUE,OCEAN AVENUE,AVENUE I,AVENUE J,,,ADDRESS,BROOKLYN,,N/A,Closed,,The Department of Sanitation investigated this complaint and found no violation at the location.,03/03/2021 12:00:00 PM,14 BROOKLYN,3075840019,BROOKLYN,996290,167717,PHONE,Unspecified,BROOKLYN,,,,,,,,40.62701275833746,-73.95662580149565,"(40.62701275833746, -73.95662580149565)"
49859445,02/24/2021 06:03:00 AM,03/01/2021 12:00:00 PM,DSNY,Department of Sanitation,Dirty Conditions,E8 Canine Violation,Sidewalk,11435,82-30 138 STREET,138 STREET,HOOVER AVENUE,82 DRIVE,,,ADDRESS,Jamaica,,N/A,Closed,,The Department of Sanitation investigated this complaint and found no violation at the location.,03/01/2021 12:00:00 PM,08 QUEENS,4096670001,QUEENS,1033946,199459,ONLINE,Unspecified,QUEENS,,,,,,,,40.714006049679604,-73.82073597458687,"(40.714006049679604, -73.82073597458687)"
49861909,02/24/2021 12:12:00 AM,03/02/2021 12:00:00 PM,DSNY,Department of Sanitation,Dirty Conditions,E8 Canine Violation,Sidewalk,11238,365 LINCOLN PLACE,LINCOLN PLACE,UNDERHILL AVENUE,WASHINGTON AVENUE,,,ADDRESS,BROOKLYN,,N/A,Closed,,The Department of Sanitation investigated this complaint and found no violation at the location.,03/02/2021 12:00:00 PM,08 BROOKLYN,3011760054,BROOKLYN,994226,184487,ONLINE,Unspecified,BROOKLYN,,,,,,,,40.67304532692255,-73.96403657420483,"(40.67304532692255, -73.96403657420483)"
49859566,02/23/2021 11:20:00 PM,02/27/2021 12:00:00 PM,DSNY,Department of Sanitation,Dirty Conditions,E8 Canine Violation,Sidewalk,10002,23 JACKSON STREET,JACKSON STREET,MADISON STREET,CHERRY STREET,,,ADDRESS,NEW YORK,,N/A,Closed,,The Department of Sanitation investigated this complaint and found no violation at the location.,02/27/2021 12:00:00 PM,03 MANHATTAN,1002600075,MANHATTAN,989566,199114,ONLINE,Unspecified,MANHATTAN,,,,,,,,40.713197082132595,-73.98082430506237,"(40.713197082132595, -73.98082430506237)"
49857401,02/23/2021 10:31:00 PM,03/03/2021 12:00:00 PM,DSNY,Department of Sanitation,Dirty Conditions,E8 Canine Violation,Sidewalk,11226,1829 CATON AVENUE,CATON AVENUE,BRIGHTON LINE,OCEAN AVENUE,,,ADDRESS,BROOKLYN,,N/A,Closed,,The Department of Sanitation investigated this complaint and found no violation at the location.,03/03/2021 12:00:00 PM,14 BROOKLYN,3050610049,BROOKLYN,994695,176748,ONLINE,Unspecified,BROOKLYN,,,,,,,,40.651802943612616,-73.96235782070436,"(40.651802943612616, -73.96235782070436)"
49862991,02/23/2021 09:27:00 PM,03/04/2021 12:00:00 PM,DSNY,Department of Sanitation,Dirty Conditions,E8 Canine Violation,Sidewalk,11414,156-43 77 STREET,77 STREET,156 AVENUE,157 AVENUE,,,ADDRESS,Howard Beach,,N/A,Closed,,The Department of Sanitation investigated this complaint and found no violation at the location.,03/04/2021 12:00:00 PM,10 QUEENS,4139407501,QUEENS,1024205,180224,ONLINE,Unspecified,QUEENS,,,,,,,,40.66125981334424,-73.85598782932523,"(40.66125981334424, -73.85598782932523)"
49856263,02/23/2021 09:11:00 PM,02/27/2021 12:00:00 PM,DSNY,Department of Sanitation,Dirty Conditions,E8 Canine Violation,Sidewalk,10467,375 EAST  205 STREET,EAST  205 STREET,DECATUR AVENUE,WEBSTER AVENUE,,,ADDRESS,BRONX,,N/A,Closed,,The Department of Sanitation investigated this complaint and found no violation at the location.,02/27/2021 12:00:00 PM,07 BRONX,2033540047,BRONX,1018708,257430,PHONE,Unspecified,BRONX,,,,,,,,40.8731930336051,-73.87540515130969,"(40.8731930336051, -73.87540515130969)"
49858280,02/23/2021 07:35:00 PM,03/01/2021 12:00:00 PM,DSNY,Department of Sanitation,Dirty Conditions,E8 Canine Violation,Sidewalk,10452,1065 GERARD AVENUE,GERARD AVENUE,EAST 165 STREET,MCCLELLAN STREET,,,ADDRESS,BRONX,,N/A,Closed,,The Department of Sanitation investigated this complaint and found no violation at the location.,03/01/2021 12:00:00 PM,04 BRONX,2024870010,BRONX,1005789,242498,ONLINE,Unspecified,BRONX,,,,,,,,40.83225012873873,-73.92216621797843,"(40.83225012873873, -73.92216621797843)"
49864080,02/23/2021 02:49:00 PM,03/01/2021 12:00:00 PM,DSNY,Department of Sanitation,Dirty Conditions,E8 Canine Violation,Sidewalk,10459,1218 SIMPSON STREET,SIMPSON STREET,HOME STREET,FREEMAN STREET,,,ADDRESS,BRONX,,N/A,Closed,,The Department of Sanitation investigated this complaint and found no violation at the location.,03/01/2021 12:00:00 PM,03 BRONX,2029750004,BRONX,1013894,241380,PHONE,Unspecified,BRONX,,,,,,,,40.829158056306575,-73.89288278554011,"(40.829158056306575, -73.89288278554011)"
49848937,02/23/2021 12:24:00 PM,03/02/2021 12:00:00 PM,DSNY,Department of Sanitation,Dirty Conditions,E8 Canine Violation,Sidewalk,11222,62 ECKFORD STREET,ECKFORD STREET,ENGERT AVENUE,DRIGGS AVENUE,,,ADDRESS,BROOKLYN,,N/A,Closed,,The Department of Sanitation investigated this complaint and found no violation at the location.,03/02/2021 12:00:00 PM,01 BROOKLYN,3026990005,BROOKLYN,998653,202316,PHONE,Unspecified,BROOKLYN,,,,,,,,40.72197567570961,-73.94803914075378,"(40.72197567570961, -73.94803914075378)"
49854148,02/23/2021 11:34:00 AM,02/27/2021 12:00:00 PM,DSNY,Department of Sanitation,Dirty Conditions,E8 Canine Violation,Sidewalk,11233,MACDONOUGH STREET,MACDONOUGH STREET,MARCUS GARVEY BOULEVARD,LEWIS AVENUE,,,BLOCKFACE,BROOKLYN,,N/A,Closed,,The Department of Sanitation investigated this complaint and found no violation at the location.,02/27/2021 12:00:00 PM,03 BROOKLYN,,BROOKLYN,1001910,187703,PHONE,Unspecified,BROOKLYN,,,,,,,,40.68186052424267,-73.93632737639633,"(40.68186052424267, -73.93632737639633)"
49853234,02/23/2021 08:54:00 AM,03/02/2021 12:00:00 PM,DSNY,Department of Sanitation,Dirty Conditions,E8 Canine Violation,Sidewalk,,,,,,PALMETTO STREET,PALMETTO STREET,INTERSECTION,,,N/A,Closed,,The Department of Sanitation investigated this complaint and found no violation at the location.,03/02/2021 12:00:00 PM,04 BROOKLYN,,BROOKLYN,,,PHONE,Unspecified,BROOKLYN,,,,,,,,,,
49849030,02/23/2021 07:58:00 AM,03/01/2021 12:00:00 PM,DSNY,Department of Sanitation,Dirty Conditions,E8 Canine Violation,Sidewalk,11213,1295 SAINT MARKS AVENUE,SAINT MARKS AVENUE,ROCHESTER AVENUE,BUFFALO AVENUE,,,ADDRESS,BROOKLYN,,N/A,Closed,,The Department of Sanitation investigated this complaint and found no violation at the location.,03/01/2021 12:00:00 PM,08 BROOKLYN,3013560057,BROOKLYN,1004713,184811,PHONE,Unspecified,BROOKLYN,,,,,,,,40.673916604787046,-73.9262300258347,"(40.673916604787046, -73.9262300258347)"
49848938,02/23/2021 07:46:00 AM,03/01/2021 12:00:00 PM,DSNY,Department of Sanitation,Dirty Conditions,E8 Canine Violation,Sidewalk,11213,1295 ST MARKS AVENUE,ST MARKS AVENUE,ROCHESTER AVENUE,BUFFALO AVENUE,,,ADDRESS,BROOKLYN,,N/A,Closed,,The Department of Sanitation investigated this complaint and found no violation at the location.,03/01/2021 12:00:00 PM,08 BROOKLYN,3013560057,BROOKLYN,1004713,184811,ONLINE,Unspecified,BROOKLYN,,,,,,,,40.673916604787046,-73.9262300258347,"(40.673916604787046, -73.9262300258347)"
49853139,02/22/2021 09:46:00 PM,02/27/2021 12:00:00 PM,DSNY,Department of Sanitation,Dirty Conditions,E8 Canine Violation,Sidewalk,10014,107 BANK STREET,BANK STREET,GREENWICH STREET,WASHINGTON STREET,,,ADDRESS,NEW YORK,,N/A,Closed,,The Department of Sanitation investigated this complaint and found no violation at the location.,02/27/2021 12:00:00 PM,02 MANHATTAN,1006350034,MANHATTAN,982286,207558,ONLINE,Unspecified,MANHATTAN,,,,,,,,40.73637519198193,-74.00708693853773,"(40.73637519198193, -74.00708693853773)"
49851136,02/22/2021 07:15:00 PM,03/01/2021 12:00:00 PM,DSNY,Department of Sanitation,Dirty Conditions,E8 Canine Violation,Sidewalk,11368,98-15 HORACE HARDING EXPRESSWAY,HORACE HARDING EXPRESSWAY,JUNCTION BOULEVARD,LIE WESTBOUND ENTRANCE 99 ST,,,ADDRESS,Corona,,N/A,Closed,,The Department of Sanitation investigated this complaint and found no violation at the location.,03/01/2021 12:00:00 PM,04 QUEENS,4019180097,QUEENS,1022979,207292,PHONE,Unspecified,QUEENS,,,,,,,,40.73556051122425,-73.86025111867613,"(40.73556051122425, -73.86025111867613)"
49839623,02/21/2021 04:34:00 PM,02/22/2021 12:00:00 PM,DSNY,Department of Sanitation,Dirty Conditions,E8 Canine Violation,Sidewalk,11372,37-06 81 STREET,81 STREET,37 AVENUE,FLUSHING LINE,,,ADDRESS,Jackson Heights,,N/A,Closed,,The Department of Sanitation investigated this complaint and found no violation at the location.,02/22/2021 12:00:00 PM,03 QUEENS,4012910006,QUEENS,1016060,212298,ONLINE,Unspecified,QUEENS,,,,,,,,40.74932831203361,-73.88519378177969,"(40.74932831203361, -73.88519378177969)"
49842628,02/21/2021 03:07:00 PM,02/27/2021 12:00:00 PM,DSNY,Department of Sanitation,Dirty Conditions,E8 Canine Violation,Sidewalk,10463,3001 KINGSBRIDGE AVENUE,KINGSBRIDGE AVENUE,MARBLE HILL AVENUE,TIMOTHY R SULLIVAN SQUARE,,,ADDRESS,BRONX,,N/A,Closed,,The Department of Sanitation investigated this complaint and found no violation at the location.,02/27/2021 12:00:00 PM,08 BRONX,2057090001,BRONX,1009743,259360,ONLINE,Unspecified,BRONX,,,,,,,,40.87852073124774,-73.9078138454756,"(40.87852073124774, -73.9078138454756)"
49845432,02/21/2021 02:53:00 PM,02/27/2021 12:00:00 PM,DSNY,Department of Sanitation,Dirty Conditions,E8 Canine Violation,Sidewalk,11208,163 MONTAUK AVENUE,MONTAUK AVENUE,GLENMORE AVENUE,PITKIN AVENUE,,,ADDRESS,BROOKLYN,,N/A,Closed,,The Department of Sanitation investigated this complaint and found no violation at the location.,02/27/2021 12:00:00 PM,05 BROOKLYN,3040080009,BROOKLYN,1018031,185321,PHONE,Unspecified,BROOKLYN,,,,,,,,40.675275636142814,-73.87821557020993,"(40.675275636142814, -73.87821557020993)"
49828494,02/20/2021 01:37:00 PM,02/21/2021 12:00:00 PM,DSNY,Department of Sanitation,Dirty Conditions,E8 Canine Violation,Sidewalk,11230,1439 OCEAN AVENUE,OCEAN AVENUE,AVENUE I,AVENUE J,,,ADDRESS,BROOKLYN,,N/A,Closed,,The Department of Sanitation investigated this complaint and found no violation at the location.,02/21/2021 12:00:00 PM,14 BROOKLYN,3075840019,BROOKLYN,996290,167717,PHONE,Unspecified,BROOKLYN,,,,,,,,40.62701275833746,-73.95662580149565,"(40.62701275833746, -73.95662580149565)"
49828495,02/20/2021 10:19:00 AM,02/21/2021 12:00:00 PM,DSNY,Department of Sanitation,Dirty Conditions,E8 Canine Violation,Sidewalk,11208,459 ELDERT LANE,ELDERT LANE,MC KINLEY AVENUE,LIBERTY AVENUE,,,ADDRESS,BROOKLYN,,N/A,Closed,,The Department of Sanitation investigated this complaint and found no violation at the location.,02/21/2021 12:00:00 PM,05 BROOKLYN,3041840015,BROOKLYN,1021542,186974,PHONE,Unspecified,BROOKLYN,,,,,,,,40.67979864805463,-73.86554887950321,"(40.67979864805463, -73.86554887950321)"
49820687,02/19/2021 12:31:00 PM,02/25/2021 12:00:00 PM,DSNY,Department of Sanitation,Dirty Conditions,E8 Canine Violation,Sidewalk,,,,,,DEKALB AVENUE,DEKALB AVENUE,INTERSECTION,,,N/A,Closed,,The Department of Sanitation investigated this complaint and found no violation at the location.,02/25/2021 12:00:00 PM,04 BROOKLYN,,BROOKLYN,,,ONLINE,Unspecified,BROOKLYN,,,,,,,,,,
49821581,02/19/2021 12:22:00 PM,02/22/2021 12:00:00 PM,DSNY,Department of Sanitation,Dirty Conditions,E8 Canine Violation,Sidewalk,11216,523 GATES AVENUE,GATES AVENUE,MARCY AVENUE,TOMPKINS AVENUE,,,ADDRESS,BROOKLYN,,N/A,Closed,,The Department of Sanitation investigated this complaint and found no violation at the location.,02/22/2021 12:00:00 PM,03 BROOKLYN,3018090060,BROOKLYN,999295,189495,PHONE,Unspecified,BROOKLYN,,,,,,,,40.68678398523136,-73.94575168003978,"(40.68678398523136, -73.94575168003978)"
49821528,02/19/2021 11:58:00 AM,02/22/2021 12:00:00 PM,DSNY,Department of Sanitation,Dirty Conditions,E8 Canine Violation,Sidewalk,10002,227 CHERRY STREET,CHERRY STREET,PIKE SLIP,RUTGERS SLIP,,,ADDRESS,NEW YORK,,N/A,Closed,,The Department of Sanitation investigated this complaint and found no violation at the location.,02/22/2021 12:00:00 PM,03 MANHATTAN,,MANHATTAN,986777,198336,ONLINE,Unspecified,MANHATTAN,,,,,,,,40.711062893490016,-73.99088498319651,"(40.711062893490016, -73.99088498319651)"
49820680,02/19/2021 09:51:00 AM,02/22/2021 12:00:00 PM,DSNY,Department of Sanitation,Dirty Conditions,E8 Canine Violation,Sidewalk,10032,RIVERSIDE DRIVE,RIVERSIDE DRIVE,WEST  160 STREET,WEST  161 STREET,,,BLOCKFACE,NEW YORK,,N/A,Closed,,The Department of Sanitation investigated this complaint and found no violation at the location.,02/22/2021 12:00:00 PM,12 MANHATTAN,,MANHATTAN,998921,244430,PHONE,Unspecified,MANHATTAN,,,,,,,,40.83756698905848,-73.94698033362758,"(40.83756698905848, -73.94698033362758)"
49820681,02/19/2021 09:43:00 AM,03/01/2021 12:00:00 PM,DSNY,Department of Sanitation,Dirty Conditions,E8 Canine Violation,Sidewalk,,,,,,EAST 170 STREET,EAST 170 STREET,INTERSECTION,,,N/A,Closed,,The Department of Sanitation investigated this complaint and found no violation at the location.,03/01/2021 12:00:00 PM,03 BRONX,,BRONX,,,PHONE,Unspecified,BRONX,,,,,,,,,,
49826204,02/18/2021 04:22:00 PM,02/25/2021 12:00:00 PM,DSNY,Department of Sanitation,Dirty Conditions,E8 Canine Violation,Sidewalk,11215,157 16 STREET,16 STREET,4 AVENUE,5 AVENUE,,,ADDRESS,BROOKLYN,,N/A,Closed,,The Department of Sanitation investigated this complaint and found no violation at the location.,02/25/2021 12:00:00 PM,07 BROOKLYN,3010470067,BROOKLYN,986660,181809,PHONE,Unspecified,BROOKLYN,,,,,,,,40.66570010774007,-73.99131292004668,"(40.66570010774007, -73.99131292004668)"
49819358,02/18/2021 12:50:00 PM,03/01/2021 12:00:00 PM,DSNY,Department of Sanitation,Dirty Conditions,E8 Canine Violation,Sidewalk,10452,1382 SHAKESPEARE AVENUE,SHAKESPEARE AVENUE,EDWARD L GRANT HIGHWAY,JESUP PLACE,,,ADDRESS,BRONX,,N/A,Closed,,The Department of Sanitation investigated this complaint and found no violation at the location.,03/01/2021 12:00:00 PM,04 BRONX,2028720007,BRONX,1005950,245880,PHONE,Unspecified,BRONX,,,,,,,,40.84153234116512,-73.92157348351579,"(40.84153234116512, -73.92157348351579)"
49816802,02/18/2021 11:09:00 AM,02/23/2021 12:00:00 PM,DSNY,Department of Sanitation,Dirty Conditions,E8 Canine Violation,Sidewalk,11418,109-16 85 AVENUE,85 AVENUE,109 STREET,110 STREET,,,ADDRESS,Richmond Hill,,N/A,Closed,,The Department of Sanitation investigated this complaint and found no violation at the location.,02/23/2021 12:00:00 PM,09 QUEENS,4091990005,QUEENS,1028506,194314,ONLINE,Unspecified,QUEENS,,,,,,,,40.699913147360796,-73.84039297939954,"(40.699913147360796, -73.84039297939954)"
49817745,02/18/2021 02:19:00 AM,02/27/2021 12:00:00 PM,DSNY,Department of Sanitation,Dirty Conditions,E8 Canine Violation,Sidewalk,10460,1905 WEST FARMS ROAD,WEST FARMS ROAD,CROSS BRONX EXPRESSWAY,RODMAN PLACE,,,ADDRESS,BRONX,,N/A,Closed,,The Department of Sanitation investigated this complaint and found no violation at the location.,02/27/2021 12:00:00 PM,06 BRONX,2030167501,BRONX,1017093,244775,ONLINE,Unspecified,BRONX,,,,,,,,40.838465027856785,-73.88130673881871,"(40.838465027856785, -73.88130673881871)"
49813378,02/18/2021 12:58:00 AM,02/21/2021 12:00:00 PM,DSNY,Department of Sanitation,Dirty Conditions,E8 Canine Violation,Sidewalk,11223,1851 WEST   13 STREET,WEST   13 STREET,HIGHLAWN AVENUE,AVENUE S,,,ADDRESS,BROOKLYN,,N/A,Closed,,The Department of Sanitation investigated this complaint and found no violation at the location.,02/21/2021 12:00:00 PM,11 BROOKLYN,3066680068,BROOKLYN,988373,158446,ONLINE,Unspecified,BROOKLYN,,,,,,,,40.60157300117343,-73.98515251870742,"(40.60157300117343, -73.98515251870742)"
49813357,02/17/2021 07:22:00 PM,02/27/2021 12:00:00 PM,DSNY,Department of Sanitation,Dirty Conditions,E8 Canine Violation,Sidewalk,10456,1233 BOSTON ROAD,BOSTON ROAD,EAST 168 STREET,EAST 169 STREET,,,ADDRESS,BRONX,,N/A,Closed,,The Department of Sanitation investigated this complaint and found no violation at the location.,02/27/2021 12:00:00 PM,03 BRONX,2026150052,BRONX,1011471,241726,PHONE,Unspecified,BRONX,,,,,,,,40.83011552669041,-73.90163677167898,"(40.83011552669041, -73.90163677167898)"
49813405,02/17/2021 07:21:00 PM,02/27/2021 12:00:00 PM,DSNY,Department of Sanitation,Dirty Conditions,E8 Canine Violation,Sidewalk,10456,1227 BOSTON ROAD,BOSTON ROAD,EAST 168 STREET,EAST 169 STREET,,,ADDRESS,BRONX,,N/A,Closed,,The Department of Sanitation investigated this complaint and found no violation at the location.,02/27/2021 12:00:00 PM,03 BRONX,2026150053,BRONX,1011452,241705,PHONE,Unspecified,BRONX,,,,,,,,40.83005794628243,-73.90170551337279,"(40.83005794628243, -73.90170551337279)"
49815970,02/17/2021 06:44:00 PM,02/27/2021 12:00:00 PM,DSNY,Department of Sanitation,Dirty Conditions,E8 Canine Violation,Sidewalk,10474,744 COSTER STREET,COSTER STREET,SPOFFORD AVENUE,HUNTS POINT AVENUE,,,ADDRESS,BRONX,,N/A,Closed,,The Department of Sanitation investigated this complaint and found no violation at the location.,02/27/2021 12:00:00 PM,02 BRONX,2027630149,BRONX,1015357,236327,ONLINE,Unspecified,BRONX,,,,,,,,40.81528398094591,-73.88761973333649,"(40.81528398094591, -73.88761973333649)"
49818551,02/17/2021 06:18:00 PM,02/22/2021 12:00:00 PM,DSNY,Department of Sanitation,Dirty Conditions,E8 Canine Violation,Sidewalk,,,,,,1 AVENUE,1 AVENUE,INTERSECTION,,,N/A,Closed,,The Department of Sanitation investigated this complaint and found no violation at the location.,02/22/2021 12:00:00 PM,11 MANHATTAN,,MANHATTAN,,,PHONE,Unspecified,MANHATTAN,,,,,,,,,,
49816803,02/17/2021 06:14:00 PM,02/27/2021 12:00:00 PM,DSNY,Department of Sanitation,Dirty Conditions,E8 Canine Violation,Sidewalk,10463,3462 BAILEY AVENUE,BAILEY AVENUE,BAILEY PLACE,WEST 238 STREET,,,ADDRESS,BRONX,,N/A,Closed,,The Department of Sanitation investigated this complaint and found no violation at the location.,02/27/2021 12:00:00 PM,08 BRONX,2032620229,BRONX,1011935,260484,ONLINE,Unspecified,BRONX,,,,,,,,40.88159915637757,-73.89988263656532,"(40.88159915637757, -73.89988263656532)"
49816808,02/17/2021 05:08:00 PM,02/22/2021 12:00:00 PM,DSNY,Department of Sanitation,Dirty Conditions,E8 Canine Violation,Sidewalk,10029,30 EAST  111 STREET,EAST  111 STREET,111 STREET OLD TIMERS WAY,MADISON AVENUE,,,ADDRESS,NEW YORK,,N/A,Closed,,The Department of Sanitation investigated this complaint and found no violation at the location.,02/22/2021 12:00:00 PM,11 MANHATTAN,1016160001,MANHATTAN,998694,229675,PHONE,Unspecified,MANHATTAN,,,,,,,,40.7970690383345,-73.9478324469437,"(40.7970690383345, -73.9478324469437)"
49816853,02/17/2021 04:11:00 PM,02/22/2021 12:00:00 PM,DSNY,Department of Sanitation,Dirty Conditions,E8 Canine Violation,Sidewalk,11206,37 TEN EYCK STREET,TEN EYCK STREET,UNION AVENUE,LORIMER STREET,,,ADDRESS,BROOKLYN,,N/A,Closed,,The Department of Sanitation investigated this complaint and found no violation at the location.,02/22/2021 12:00:00 PM,01 BROOKLYN,3027910035,BROOKLYN,998298,197832,ONLINE,Unspecified,BROOKLYN,,,,,,,,40.709668741891036,-73.9493292105874,"(40.709668741891036, -73.9493292105874)"
49814280,02/17/2021 04:03:00 PM,02/22/2021 12:00:00 PM,DSNY,Department of Sanitation,Dirty Conditions,E8 Canine Violation,Sidewalk,,,,,,LORIMER STREET,LORIMER STREET,INTERSECTION,,,N/A,Closed,,The Department of Sanitation investigated this complaint and found no violation at the location.,02/22/2021 12:00:00 PM,01 BROOKLYN,,BROOKLYN,,,PHONE,Unspecified,BROOKLYN,,,,,,,,,,
49818545,02/17/2021 03:02:00 PM,02/22/2021 12:00:00 PM,DSNY,Department of Sanitation,Dirty Conditions,E8 Canine Violation,Sidewalk,,,,,,FT WASHINGTON AVENUE,FT WASHINGTON AVENUE,INTERSECTION,,,N/A,Closed,,The Department of Sanitation investigated this complaint and found no violation at the location.,02/22/2021 12:00:00 PM,12 MANHATTAN,,MANHATTAN,,,PHONE,Unspecified,MANHATTAN,,,,,,,,,,
49813359,02/17/2021 02:58:00 PM,02/22/2021 12:00:00 PM,DSNY,Department of Sanitation,Dirty Conditions,E8 Canine Violation,Sidewalk,10032,75 FT WASHINGTON AVENUE,FT WASHINGTON AVENUE,WEST 161 STREET,WEST 162 STREET,,,ADDRESS,NEW YORK,,N/A,Closed,,The Department of Sanitation investigated this complaint and found no violation at the location.,02/22/2021 12:00:00 PM,12 MANHATTAN,1021360140,MANHATTAN,999706,244405,PHONE,Unspecified,MANHATTAN,,,,,,,,40.83749703232736,-73.94414347302468,"(40.83749703232736, -73.94414347302468)"
49815969,02/17/2021 02:40:00 PM,02/22/2021 12:00:00 PM,DSNY,Department of Sanitation,Dirty Conditions,E8 Canine Violation,Sidewalk,,,,,,ST MARKS PLACE,ST MARKS PLACE,INTERSECTION,,,N/A,Closed,,The Department of Sanitation investigated this complaint and found no violation at the location.,02/22/2021 12:00:00 PM,0 Unspecified,,Unspecified,,,PHONE,Unspecified,Unspecified,,,,,,,,,,
49813361,02/17/2021 02:37:00 PM,02/22/2021 12:00:00 PM,DSNY,Department of Sanitation,Dirty Conditions,E8 Canine Violation,Sidewalk,,,,,,ACADEMY PLACE,ACADEMY PLACE,INTERSECTION,,,N/A,Closed,,The Department of Sanitation investigated this complaint and found no violation at the location.,02/22/2021 12:00:00 PM,0 Unspecified,,Unspecified,,,PHONE,Unspecified,Unspecified,,,,,,,,,,
49819348,02/17/2021 02:10:00 PM,02/22/2021 12:00:00 PM,DSNY,Department of Sanitation,Dirty Conditions,E8 Canine Violation,Sidewalk,,,,,,BRAGG STREET,BRAGG STREET,INTERSECTION,,,N/A,Closed,,The Department of Sanitation investigated this complaint and found no violation at the location.,02/22/2021 12:00:00 PM,15 BROOKLYN,,BROOKLYN,,,PHONE,Unspecified,BROOKLYN,,,,,,,,,,
49807002,02/17/2021 11:48:00 AM,02/22/2021 12:00:00 PM,DSNY,Department of Sanitation,Dirty Conditions,E8 Canine Violation,Sidewalk,10032,539 WEST  162 STREET,WEST  162 STREET,ST NICHOLAS AVENUE,BROADWAY,,,ADDRESS,NEW YORK,,N/A,Closed,,The Department of Sanitation investigated this complaint and found no violation at the location.,02/22/2021 12:00:00 PM,12 MANHATTAN,1021220018,MANHATTAN,1000571,244054,ONLINE,Unspecified,MANHATTAN,,,,,,,,40.836532082987944,-73.9410182995914,"(40.836532082987944, -73.9410182995914)"
49810091,02/17/2021 09:44:00 AM,02/21/2021 12:00:00 PM,DSNY,Department of Sanitation,Dirty Conditions,E8 Canine Violation,Sidewalk,11230,OCEAN AVENUE,OCEAN AVENUE,AVENUE H,AVENUE I,,,BLOCKFACE,BROOKLYN,,N/A,Closed,,The Department of Sanitation investigated this complaint and found no violation at the location.,02/21/2021 12:00:00 PM,14 BROOKLYN,,BROOKLYN,996126,168823,PHONE,Unspecified,BROOKLYN,,,,,,,,40.6300487163886,-73.95721466664521,"(40.6300487163886, -73.95721466664521)"
49805052,02/17/2021 08:37:00 AM,02/27/2021 12:00:00 PM,DSNY,Department of Sanitation,Dirty Conditions,E8 Canine Violation,Sidewalk,10467,3214 CRUGER AVENUE,CRUGER AVENUE,BURKE AVENUE,SOUTH OAK DRIVE,,,ADDRESS,BRONX,,N/A,Closed,,The Department of Sanitation investigated this complaint and found no violation at the location.,02/27/2021 12:00:00 PM,12 BRONX,2045970013,BRONX,1021273,256973,PHONE,Unspecified,BRONX,,,,,,,,40.87192832399335,-73.86613304350978,"(40.87192832399335, -73.86613304350978)"
49808068,02/17/2021 07:44:00 AM,02/21/2021 12:00:00 PM,DSNY,Department of Sanitation,Dirty Conditions,E8 Canine Violation,Sidewalk,11211,321 ROEBLING STREET,ROEBLING STREET,SOUTH 9 STREET,DIVISION AVENUE,,,ADDRESS,BROOKLYN,,N/A,Closed,,The Department of Sanitation investigated this complaint and found no violation at the location.,02/21/2021 12:00:00 PM,01 BROOKLYN,3021400026,BROOKLYN,995068,197339,PHONE,Unspecified,BROOKLYN,,,,,,,,40.7083201125519,-73.96098053122863,"(40.7083201125519, -73.96098053122863)"
49812156,02/16/2021 11:16:00 PM,02/22/2021 12:00:00 PM,DSNY,Department of Sanitation,Dirty Conditions,E8 Canine Violation,Sidewalk,10310,92 DUBOIS AVENUE,DUBOIS AVENUE,POST AVENUE,MARION STREET,,,ADDRESS,STATEN ISLAND,,N/A,Closed,,The Department of Sanitation investigated this complaint and found no violation at the location.,02/22/2021 12:00:00 PM,01 STATEN ISLAND,5002380035,STATEN ISLAND,948468,168681,PHONE,Unspecified,STATEN ISLAND,,,,,,,,40.62959465013318,-74.12890997590165,"(40.62959465013318, -74.12890997590165)"
49812148,02/16/2021 11:03:00 PM,02/22/2021 12:00:00 PM,DSNY,Department of Sanitation,Dirty Conditions,E8 Canine Violation,Sidewalk,10014,24 HORATIO STREET,HORATIO STREET,WEST 4 STREET,HUDSON STREET,,,ADDRESS,NEW YORK,,N/A,Closed,,The Department of Sanitation investigated this complaint and found no violation at the location.,02/22/2021 12:00:00 PM,02 MANHATTAN,1006260040,MANHATTAN,983095,208421,ONLINE,Unspecified,MANHATTAN,,,,,,,,40.73874405604654,-74.00416787424807,"(40.73874405604654, -74.00416787424807)"
49809096,02/16/2021 09:08:00 PM,02/25/2021 12:00:00 PM,DSNY,Department of Sanitation,Dirty Conditions,E8 Canine Violation,Sidewalk,11436,114-63 145 STREET,145 STREET,LINDEN BOULEVARD,115 AVENUE,,,ADDRESS,Jamaica,,N/A,Closed,,The Department of Sanitation investigated this complaint and found no violation at the location.,02/25/2021 12:00:00 PM,12 QUEENS,4119750044,QUEENS,1040173,188404,PHONE,Unspecified,QUEENS,,,,,,,,40.68362556540065,-73.7983657299371,"(40.68362556540065, -73.7983657299371)"
49812061,02/16/2021 09:05:00 PM,02/25/2021 12:00:00 PM,DSNY,Department of Sanitation,Dirty Conditions,E8 Canine Violation,Sidewalk,11411,115-02 217 STREET,217 STREET,115 AVENUE,115 ROAD,,,ADDRESS,Cambria Heights,,N/A,Closed,,The Department of Sanitation investigated this complaint and found no violation at the location.,02/25/2021 12:00:00 PM,13 QUEENS,4112800088,QUEENS,1056282,194711,ONLINE,Unspecified,QUEENS,,,,,,,,40.700820312346124,-73.74021647140688,"(40.700820312346124, -73.74021647140688)"
49809086,02/16/2021 08:34:00 PM,02/23/2021 12:00:00 PM,DSNY,Department of Sanitation,Dirty Conditions,E8 Canine Violation,Sidewalk,,,,,,86 STREET,86 STREET,INTERSECTION,,,N/A,Closed,,The Department of Sanitation investigated this complaint and found no violation at the location.,02/23/2021 12:00:00 PM,09 QUEENS,,QUEENS,,,PHONE,Unspecified,QUEENS,,,,,,,,,,
49808004,02/16/2021 07:13:00 PM,02/27/2021 12:00:00 PM,DSNY,Department of Sanitation,Dirty Conditions,E8 Canine Violation,Sidewalk,,,,,,BOSTON ROAD,BOSTON ROAD,INTERSECTION,,,N/A,Closed,,The Department of Sanitation investigated this complaint and found no violation at the location.,02/27/2021 12:00:00 PM,03 BRONX,,BRONX,,,PHONE,Unspecified,BRONX,,,,,,,,,,
49805041,02/16/2021 06:48:00 PM,02/26/2021 12:00:00 PM,DSNY,Department of Sanitation,Dirty Conditions,E8 Canine Violation,Sidewalk,10461,2954 EAST  196 STREET,EAST  196 STREET,ST PAUL AVENUE,COLONIAL AVENUE,,,ADDRESS,BRONX,,N/A,Closed,,The Department of Sanitation investigated this complaint and found no violation at the location.,02/26/2021 12:00:00 PM,10 BRONX,2042480026,BRONX,1031388,250526,ONLINE,Unspecified,BRONX,,,,,,,,40.85418506789409,-73.82960487395988,"(40.85418506789409, -73.82960487395988)"
49807019,02/16/2021 05:37:00 PM,03/06/2021 12:00:00 PM,DSNY,Department of Sanitation,Dirty Conditions,E8 Canine Violation,Sidewalk,11365,56-07 186 STREET,186 STREET,56 AVENUE,58 AVENUE,,,ADDRESS,Fresh Meadows,,N/A,Closed,,The Department of Sanitation investigated this complaint and found no violation at the location.,03/06/2021 12:00:00 PM,11 QUEENS,4056720056,QUEENS,1042457,210206,PHONE,Unspecified,QUEENS,,,,,,,,40.74345195573581,-73.78994213697312,"(40.74345195573581, -73.78994213697312)"
49812211,02/16/2021 05:08:00 PM,02/25/2021 12:00:00 PM,DSNY,Department of Sanitation,Dirty Conditions,E8 Canine Violation,Sidewalk,11433,107-28 154 STREET,154 STREET,SHORE AVENUE,YATES ROAD,,,ADDRESS,Jamaica,,N/A,Closed,,The Department of Sanitation investigated this complaint and found no violation at the location.,02/25/2021 12:00:00 PM,12 QUEENS,4101310037,QUEENS,1040139,192331,PHONE,Unspecified,QUEENS,,,,,,,,40.69440446397114,-73.79845574164735,"(40.69440446397114, -73.79845574164735)"
49812212,02/16/2021 04:43:00 PM,02/21/2021 12:00:00 PM,DSNY,Department of Sanitation,Dirty Conditions,E8 Canine Violation,Sidewalk,11225,240 CROWN STREET,CROWN STREET,ROGERS AVENUE,DEARBORN COURT,,,ADDRESS,BROOKLYN,,N/A,Closed,,The Department of Sanitation investigated this complaint and found no violation at the location.,02/21/2021 12:00:00 PM,09 BROOKLYN,3012960014,BROOKLYN,997386,182060,ONLINE,Unspecified,BROOKLYN,,,,,,,,40.66637963014084,-73.95264952275203,"(40.66637963014084, -73.95264952275203)"
49807028,02/16/2021 04:32:00 PM,02/26/2021 12:00:00 PM,DSNY,Department of Sanitation,Dirty Conditions,E8 Canine Violation,Sidewalk,10451,675 MORRIS AVENUE,MORRIS AVENUE,EAST 153 STREET,EAST 155 STREET,,,ADDRESS,BRONX,,N/A,Closed,,The Department of Sanitation investigated this complaint and found no violation at the location.,02/26/2021 12:00:00 PM,01 BRONX,2024420060,BRONX,1006013,238205,PHONE,Unspecified,BRONX,,,,,,,,40.82046652212752,-73.92137069238623,"(40.82046652212752, -73.92137069238623)"
49808005,02/16/2021 03:33:00 PM,02/25/2021 12:00:00 PM,DSNY,Department of Sanitation,Dirty Conditions,E8 Canine Violation,Sidewalk,11429,113-43 208 STREET,208 STREET,113 AVENUE,MURDOCK AVENUE,,,ADDRESS,Queens Village,,N/A,Closed,,The Department of Sanitation investigated this complaint and found no violation at the location.,02/25/2021 12:00:00 PM,13 QUEENS,4110040090,QUEENS,1054366,195429,PHONE,Unspecified,QUEENS,,,,,,,,40.702806434768114,-73.74711901428638,"(40.702806434768114, -73.74711901428638)"
49806044,02/16/2021 03:27:00 PM,02/21/2021 12:00:00 PM,DSNY,Department of Sanitation,Dirty Conditions,E8 Canine Violation,Sidewalk,11215,426 13 STREET,13 STREET,7 AVENUE,8 AVENUE,,,ADDRESS,BROOKLYN,,N/A,Closed,,The Department of Sanitation investigated this complaint and found no violation at the location.,02/21/2021 12:00:00 PM,06 BROOKLYN,3011000027,BROOKLYN,989179,181126,ONLINE,Unspecified,BROOKLYN,,,,,,,,40.663824380235134,-73.98223343848545,"(40.663824380235134, -73.98223343848545)"
49805023,02/16/2021 02:28:00 PM,02/21/2021 12:00:00 PM,DSNY,Department of Sanitation,Dirty Conditions,E8 Canine Violation,Sidewalk,11234,5101 AVENUE M,AVENUE M,EAST 51 STREET,EAST 52 STREET,,,ADDRESS,BROOKLYN,,N/A,Closed,,The Department of Sanitation investigated this complaint and found no violation at the location.,02/21/2021 12:00:00 PM,18 BROOKLYN,3078490001,BROOKLYN,1004796,165691,PHONE,Unspecified,BROOKLYN,,,,,,,,40.62143617044425,-73.92598904512903,"(40.62143617044425, -73.92598904512903)"
49797417,02/16/2021 12:56:00 PM,03/03/2021 12:00:00 PM,DSNY,Department of Sanitation,Dirty Conditions,E8 Canine Violation,Sidewalk,11694,1 BEACH  105 STREET,BEACH  105 STREET,SHORE FRONT PARKWAY,ROCKAWAY BEACH BOULEVARD,,,ADDRESS,Rockaway Park,,N/A,Closed,,The Department of Sanitation investigated this complaint and found no violation at the location.,03/03/2021 12:00:00 PM,14 QUEENS,4161770055,QUEENS,1032786,151180,PHONE,Unspecified,QUEENS,,,,,,,,40.581497376117156,-73.8252677155637,"(40.581497376117156, -73.8252677155637)"
49803721,02/16/2021 12:09:00 PM,02/27/2021 12:00:00 PM,DSNY,Department of Sanitation,Dirty Conditions,E8 Canine Violation,Sidewalk,11365,197-05C 65 CRESCENT,65 CRESCENT,BEND,67 AVENUE,,,ADDRESS,Fresh Meadows,,N/A,Closed,,The Department of Sanitation investigated this complaint and found no violation at the location.,02/27/2021 12:00:00 PM,08 QUEENS,4071170006,QUEENS,1046083,208946,PHONE,Unspecified,QUEENS,,,,,,,,40.73996897148448,-73.7768682381755,"(40.73996897148448, -73.7768682381755)"
49800624,02/16/2021 12:03:00 PM,02/21/2021 12:00:00 PM,DSNY,Department of Sanitation,Dirty Conditions,E8 Canine Violation,Sidewalk,,,,,,4 AVENUE,4 AVENUE,INTERSECTION,,,N/A,Closed,,The Department of Sanitation investigated this complaint and found no violation at the location.,02/21/2021 12:00:00 PM,06 BROOKLYN,,BROOKLYN,,,PHONE,Unspecified,BROOKLYN,,,,,,,,,,
49803969,02/16/2021 10:32:00 AM,02/21/2021 12:00:00 PM,DSNY,Department of Sanitation,Dirty Conditions,E8 Canine Violation,Sidewalk,,,,,,M AVENUE,M AVENUE,INTERSECTION,,,N/A,Closed,,The Department of Sanitation investigated this complaint and found no violation at the location.,02/21/2021 12:00:00 PM,12 BROOKLYN,,BROOKLYN,,,PHONE,Unspecified,BROOKLYN,,,,,,,,,,
49801868,02/16/2021 10:16:00 AM,02/25/2021 12:00:00 PM,DSNY,Department of Sanitation,Dirty Conditions,E8 Canine Violation,Sidewalk,11433,169-08 111 AVENUE,111 AVENUE,169 STREET,170 STREET,,,ADDRESS,Jamaica,,N/A,Closed,,The Department of Sanitation investigated this complaint and found no violation at the location.,02/25/2021 12:00:00 PM,12 QUEENS,4102070028,QUEENS,1044519,192179,PHONE,Unspecified,QUEENS,,,,,,,,40.69395851613472,-73.78266221604034,"(40.69395851613472, -73.78266221604034)"
49799623,02/16/2021 09:25:00 AM,02/27/2021 12:00:00 PM,DSNY,Department of Sanitation,Dirty Conditions,E8 Canine Violation,Sidewalk,11226,17 VERONICA PLACE,VERONICA PLACE,CHURCH AVENUE,ERASMUS STREET,,,ADDRESS,BROOKLYN,,N/A,Closed,,The Department of Sanitation investigated this complaint and found no violation at the location.,02/27/2021 12:00:00 PM,17 BROOKLYN,3051040099,BROOKLYN,997317,176161,PHONE,Unspecified,BROOKLYN,,,,,,,,40.65018827569231,-73.95290967338894,"(40.65018827569231, -73.95290967338894)"
49797490,02/16/2021 09:23:00 AM,02/27/2021 12:00:00 PM,DSNY,Department of Sanitation,Dirty Conditions,E8 Canine Violation,Sidewalk,11212,56 ROCKAWAY PARKWAY,ROCKAWAY PARKWAY,BUFFALO AVENUE,RUTLAND ROAD,,,ADDRESS,BROOKLYN,,N/A,Closed,,The Department of Sanitation investigated this complaint and found no violation at the location.,02/27/2021 12:00:00 PM,17 BROOKLYN,3045990033,BROOKLYN,1005227,181539,PHONE,Unspecified,BROOKLYN,,,,,,,,40.66493449572395,-73.92438721705214,"(40.66493449572395, -73.92438721705214)"
49797497,02/16/2021 09:22:00 AM,02/21/2021 12:00:00 PM,DSNY,Department of Sanitation,Dirty Conditions,E8 Canine Violation,Sidewalk,,,,,,EAST 96 STREET,EAST 96 STREET,INTERSECTION,,,N/A,Closed,,The Department of Sanitation investigated this complaint and found no violation at the location.,02/21/2021 12:00:00 PM,08 BROOKLYN,,BROOKLYN,,,PHONE,Unspecified,BROOKLYN,,,,,,,,,,
49803971,02/16/2021 08:54:00 AM,02/22/2021 12:00:00 PM,DSNY,Department of Sanitation,Dirty Conditions,E8 Canine Violation,Sidewalk,10012,520 BROOME STREET,BROOME STREET,THOMPSON STREET,SULLIVAN STREET,,,ADDRESS,NEW YORK,,N/A,Closed,,The Department of Sanitation investigated this complaint and found no violation at the location.,02/22/2021 12:00:00 PM,02 MANHATTAN,1004897502,MANHATTAN,983192,202970,ONLINE,Unspecified,MANHATTAN,,,,,,,,40.723782409211765,-74.00381698786747,"(40.723782409211765, -74.00381698786747)"
49799624,02/16/2021 07:16:00 AM,02/23/2021 12:00:00 PM,DSNY,Department of Sanitation,Dirty Conditions,E8 Canine Violation,Sidewalk,11435,139-80 85 DRIVE,85 DRIVE,139 STREET,143 STREET,,,ADDRESS,Jamaica,,N/A,Closed,,The Department of Sanitation investigated this complaint and found no violation at the location.,02/23/2021 12:00:00 PM,08 QUEENS,4097100037,QUEENS,1035752,197621,PHONE,Unspecified,QUEENS,,,,,,,,40.70895085935035,-73.8142354283784,"(40.70895085935035, -73.8142354283784)"
49802477,02/16/2021 12:41:00 AM,02/16/2021 12:00:00 PM,DSNY,Department of Sanitation,Dirty Conditions,E8 Canine Violation,Sidewalk,11224,2821 WEST   12 STREET,WEST   12 STREET,NEPTUNE AVENUE,BRIGHTON/CULVER LINE,,,ADDRESS,BROOKLYN,,N/A,Closed,,The Department of Sanitation investigated this complaint and found no violation at the location.,02/16/2021 12:00:00 PM,13 BROOKLYN,3072680001,BROOKLYN,989916,150172,ONLINE,Unspecified,BROOKLYN,,,,,,,,40.578861674832794,-73.97960290492223,"(40.578861674832794, -73.97960290492223)"
49799625,02/15/2021 06:26:00 PM,02/16/2021 12:00:00 PM,DSNY,Department of Sanitation,Dirty Conditions,E8 Canine Violation,Sidewalk,11219,4501 FT HAMILTON PARKWAY,FT HAMILTON PARKWAY,45 STREET,46 STREET,,,ADDRESS,BROOKLYN,,N/A,Closed,,The Department of Sanitation investigated this complaint and found no violation at the location.,02/16/2021 12:00:00 PM,12 BROOKLYN,3056140059,BROOKLYN,985666,172523,ONLINE,Unspecified,BROOKLYN,,,,,,,,40.64021227737231,-73.99489783955829,"(40.64021227737231, -73.99489783955829)"
49802889,02/15/2021 06:01:00 PM,02/16/2021 12:00:00 PM,DSNY,Department of Sanitation,Dirty Conditions,E8 Canine Violation,Sidewalk,,,,,,EAST 95 STREET,EAST 95 STREET,INTERSECTION,,,N/A,Closed,,The Department of Sanitation investigated this complaint and found no violation at the location.,02/16/2021 12:00:00 PM,17 BROOKLYN,,BROOKLYN,,,PHONE,Unspecified,BROOKLYN,,,,,,,,,,
49801733,02/15/2021 05:26:00 PM,02/25/2021 12:00:00 PM,DSNY,Department of Sanitation,Dirty Conditions,E8 Canine Violation,Sidewalk,,,,,,BRYANT AVENUE,BRYANT AVENUE,INTERSECTION,,,N/A,Closed,,The Department of Sanitation investigated this complaint and found no violation at the location.,02/25/2021 12:00:00 PM,06 BRONX,,BRONX,,,PHONE,Unspecified,BRONX,,,,,,,,,,
49803877,02/15/2021 05:19:00 PM,02/27/2021 12:00:00 PM,DSNY,Department of Sanitation,Dirty Conditions,E8 Canine Violation,Sidewalk,11103,42-17 28 AVENUE,28 AVENUE,42 STREET,43 STREET,,,ADDRESS,Astoria,,N/A,Closed,,The Department of Sanitation investigated this complaint and found no violation at the location.,02/27/2021 12:00:00 PM,01 QUEENS,4007010001,QUEENS,1008659,217867,ONLINE,Unspecified,QUEENS,,,,,,,,40.76463731513096,-73.91188466590339,"(40.76463731513096, -73.91188466590339)"
49803970,02/15/2021 04:23:00 PM,02/25/2021 12:00:00 PM,DSNY,Department of Sanitation,Dirty Conditions,E8 Canine Violation,Sidewalk,11433,169-02 109 ROAD,109 ROAD,169 PLACE,MERRICK BOULEVARD,,,ADDRESS,Jamaica,,N/A,Closed,,The Department of Sanitation investigated this complaint and found no violation at the location.,02/25/2021 12:00:00 PM,12 QUEENS,4101890001,QUEENS,1044077,192980,PHONE,Unspecified,QUEENS,,,,,,,,40.696160067683806,-73.78424900420231,"(40.696160067683806, -73.78424900420231)"
49790010,02/15/2021 01:47:00 PM,02/24/2021 12:00:00 PM,DSNY,Department of Sanitation,Dirty Conditions,E8 Canine Violation,Sidewalk,11385,1874 HART STREET,HART STREET,ONDERDONK AVENUE,WOODWARD AVENUE,,,ADDRESS,Ridgewood,,N/A,Closed,,The Department of Sanitation investigated this complaint and found no violation at the location.,02/24/2021 12:00:00 PM,05 QUEENS,4033990026,QUEENS,1007789,197782,ONLINE,Unspecified,QUEENS,,,,,,,,40.70951134442914,-73.91509559966913,"(40.70951134442914, -73.91509559966913)"
49794623,02/15/2021 01:01:00 PM,02/16/2021 12:00:00 PM,DSNY,Department of Sanitation,Dirty Conditions,E8 Canine Violation,Sidewalk,,,,,,PARK PLACE,PARK PLACE,INTERSECTION,,,N/A,Closed,,The Department of Sanitation investigated this complaint and found no violation at the location.,02/16/2021 12:00:00 PM,08 BROOKLYN,,BROOKLYN,,,PHONE,Unspecified,BROOKLYN,,,,,,,,,,
49794637,02/15/2021 12:46:00 PM,02/24/2021 12:00:00 PM,DSNY,Department of Sanitation,Dirty Conditions,E8 Canine Violation,Sidewalk,10459,1429 PROSPECT AVENUE,PROSPECT AVENUE,JENNINGS STREET,EAST 170 STREET,,,ADDRESS,BRONX,,N/A,Closed,,The Department of Sanitation investigated this complaint and found no violation at the location.,02/24/2021 12:00:00 PM,03 BRONX,2029620030,BRONX,1012887,242738,PHONE,Unspecified,BRONX,,,,,,,,40.83288869642952,-73.89651573269668,"(40.83288869642952, -73.89651573269668)"
49790774,02/15/2021 07:52:00 AM,02/26/2021 12:00:00 PM,DSNY,Department of Sanitation,Dirty Conditions,E8 Canine Violation,Sidewalk,10469,1435 OAKLEY STREET,OAKLEY STREET,EAST 219 STREET,FENTON AVENUE,,,ADDRESS,BRONX,,N/A,Closed,,The Department of Sanitation investigated this complaint and found no violation at the location.,02/26/2021 12:00:00 PM,12 BRONX,2047140018,BRONX,1025522,259783,PHONE,Unspecified,BRONX,,,,,,,,40.87962205106556,-73.85075231900535,"(40.87962205106556, -73.85075231900535)"
49794621,02/14/2021 06:56:00 PM,02/27/2021 12:00:00 PM,DSNY,Department of Sanitation,Dirty Conditions,E8 Canine Violation,Sidewalk,11691,1107 BAY   25 STREET,BAY   25 STREET,HEALY AVENUE,BAYSWATER AVENUE,,,ADDRESS,Far Rockaway,,N/A,Closed,,The Department of Sanitation investigated this complaint and found no violation at the location.,02/27/2021 12:00:00 PM,14 QUEENS,4157200091,QUEENS,1049871,159746,ONLINE,Unspecified,QUEENS,,,,,,,,40.604899234270725,-73.76367783454043,"(40.604899234270725, -73.76367783454043)"
49791482,02/14/2021 04:01:00 PM,02/16/2021 12:00:00 PM,DSNY,Department of Sanitation,Dirty Conditions,E8 Canine Violation,Sidewalk,11211,141 BEDFORD AVENUE,BEDFORD AVENUE,NORTH 10 STREET,NORTH 9 STREET,,,ADDRESS,BROOKLYN,,N/A,Closed,,The Department of Sanitation investigated this complaint and found no violation at the location.,02/16/2021 12:00:00 PM,01 BROOKLYN,3023050003,BROOKLYN,996351,201269,ONLINE,Unspecified,BROOKLYN,,,,,,,,40.719105361927795,-73.95634581214902,"(40.719105361927795, -73.95634581214902)"
49793844,02/14/2021 03:44:00 PM,02/16/2021 12:00:00 PM,DSNY,Department of Sanitation,Dirty Conditions,E8 Canine Violation,Sidewalk,11218,114 ALBEMARLE ROAD,ALBEMARLE ROAD,MCDONALD AVENUE,EAST 2 STREET,,,ADDRESS,BROOKLYN,,N/A,Closed,,The Department of Sanitation investigated this complaint and found no violation at the location.,02/16/2021 12:00:00 PM,12 BROOKLYN,3053340006,BROOKLYN,989989,174327,ONLINE,Unspecified,BROOKLYN,,,,,,,,40.645162123509614,-73.97931958244115,"(40.645162123509614, -73.97931958244115)"
49784381,02/14/2021 11:39:00 AM,02/26/2021 12:00:00 PM,DSNY,Department of Sanitation,Dirty Conditions,E8 Canine Violation,Sidewalk,10019,340 WEST   55 STREET,WEST   55 STREET,8 AVENUE,9 AVENUE,,,ADDRESS,NEW YORK,,N/A,Closed,,The Department of Sanitation investigated this complaint and found no violation at the location.,02/26/2021 12:00:00 PM,04 MANHATTAN,1010450051,MANHATTAN,988387,218327,ONLINE,Unspecified,MANHATTAN,,,,,,,,40.76593262460975,-73.98506533790167,"(40.76593262460975, -73.98506533790167)"
49785707,02/14/2021 10:32:00 AM,02/26/2021 12:00:00 PM,DSNY,Department of Sanitation,Dirty Conditions,E8 Canine Violation,Sidewalk,10453,1821 PALISADE PLACE,PALISADE PLACE,POPHAM AVENUE,SEDGWICK AVENUE,,,ADDRESS,BRONX,,N/A,Closed,,The Department of Sanitation investigated this complaint and found no violation at the location.,02/26/2021 12:00:00 PM,05 BRONX,2028770556,BRONX,1006829,249709,PHONE,Unspecified,BRONX,,,,,,,,40.85203961077745,-73.91838377567103,"(40.85203961077745, -73.91838377567103)"
49785647,02/13/2021 09:42:00 PM,02/27/2021 12:00:00 PM,DSNY,Department of Sanitation,Dirty Conditions,E8 Canine Violation,Sidewalk,10463,2570 INDEPENDENCE AVENUE,INDEPENDENCE AVENUE,PALISADE AVENUE,KAPPOCK STREET,,,ADDRESS,BRONX,,N/A,Closed,,The Department of Sanitation investigated this complaint and found no violation at the location.,02/27/2021 12:00:00 PM,08 BRONX,2057430015,BRONX,1006529,260117,ONLINE,Unspecified,BRONX,,,,,,,,40.88060715878347,-73.9194335817855,"(40.88060715878347, -73.9194335817855)"
49784943,02/13/2021 08:04:00 PM,02/23/2021 12:00:00 PM,DSNY,Department of Sanitation,Dirty Conditions,E8 Canine Violation,Sidewalk,11214,1606 80 STREET,80 STREET,16 AVENUE,17 AVENUE,,,ADDRESS,BROOKLYN,,N/A,Closed,,The Department of Sanitation investigated this complaint and found no violation at the location.,02/23/2021 12:00:00 PM,11 BROOKLYN,,BROOKLYN,983331,162676,ONLINE,Unspecified,BROOKLYN,,,,,,,,40.61318439699111,-74.00331001907013,"(40.61318439699111, -74.00331001907013)"
49781085,02/13/2021 01:04:00 PM,02/24/2021 12:00:00 PM,DSNY,Department of Sanitation,Dirty Conditions,E8 Canine Violation,Sidewalk,10472,2049 BLACKROCK AVENUE,BLACKROCK AVENUE,PUGSLEY AVENUE,OLMSTEAD AVENUE,,,ADDRESS,BRONX,,N/A,Closed,,The Department of Sanitation investigated this complaint and found no violation at the location.,02/24/2021 12:00:00 PM,09 BRONX,2037990060,BRONX,1024383,241133,PHONE,Unspecified,BRONX,,,,,,,,40.82843867996298,-73.85498280993764,"(40.82843867996298, -73.85498280993764)"
49781885,02/13/2021 11:47:00 AM,03/01/2021 12:00:00 PM,DSNY,Department of Sanitation,Dirty Conditions,E8 Canine Violation,Sidewalk,10473,427 BOLTON AVENUE,BOLTON AVENUE,PATTERSON AVENUE,LACOMBE AVENUE,,,ADDRESS,BRONX,,N/A,Closed,,The Department of Sanitation investigated this complaint and found no violation at the location.,03/01/2021 12:00:00 PM,09 BRONX,2034990067,BRONX,1023707,235918,PHONE,Unspecified,BRONX,,,,,,,,40.814128043052065,-73.85745613830628,"(40.814128043052065, -73.85745613830628)"
49781060,02/13/2021 10:56:00 AM,02/22/2021 12:00:00 PM,DSNY,Department of Sanitation,Dirty Conditions,E8 Canine Violation,Sidewalk,10030,214 WEST  142 STREET,WEST  142 STREET,ADAM CLAYTON POWELL JR BOULEVARD,FREDERICK DOUGLASS BOULEVARD,,,ADDRESS,NEW YORK,,N/A,Closed,,The Department of Sanitation investigated this complaint and found no violation at the location.,02/22/2021 12:00:00 PM,10 MANHATTAN,1020270041,MANHATTAN,1000510,238045,ONLINE,Unspecified,MANHATTAN,,,,,,,,40.82003921109507,-73.94125330807724,"(40.82003921109507, -73.94125330807724)"
49782685,02/13/2021 09:43:00 AM,03/01/2021 12:00:00 PM,DSNY,Department of Sanitation,Dirty Conditions,E8 Canine Violation,Sidewalk,10461,2860 BUHRE AVENUE,BUHRE AVENUE,MAYFLOWER AVENUE,PILGRIM AVENUE,,,ADDRESS,BRONX,,N/A,Closed,,The Department of Sanitation investigated this complaint and found no violation at the location.,03/01/2021 12:00:00 PM,10 BRONX,2041620032,BRONX,1030233,248017,PHONE,Unspecified,BRONX,,,,,,,,40.847304709563886,-73.83379718271301,"(40.847304709563886, -73.83379718271301)"
49781051,02/12/2021 09:07:00 PM,03/01/2021 12:00:00 PM,DSNY,Department of Sanitation,Dirty Conditions,E8 Canine Violation,Sidewalk,10459,1334 SOUTHERN BOULEVARD,SOUTHERN BOULEVARD,LOUIS NINE BOULEVARD,JENNINGS STREET,,,ADDRESS,BRONX,,N/A,Closed,,The Department of Sanitation investigated this complaint and found no violation at the location.,03/01/2021 12:00:00 PM,03 BRONX,2029800023,BRONX,1014303,242125,ONLINE,Unspecified,BRONX,,,,,,,,40.83120148402141,-73.89140154715065,"(40.83120148402141, -73.89140154715065)"
49778583,02/12/2021 03:53:00 PM,02/22/2021 12:00:00 PM,DSNY,Department of Sanitation,Dirty Conditions,E8 Canine Violation,Sidewalk,,,,,,EDGECOMBE AVENUE,EDGECOMBE AVENUE,INTERSECTION,,,N/A,Closed,,The Department of Sanitation investigated this complaint and found no violation at the location.,02/22/2021 12:00:00 PM,10 MANHATTAN,,MANHATTAN,,,ONLINE,Unspecified,MANHATTAN,,,,,,,,,,
49781860,02/12/2021 02:55:00 PM,02/27/2021 12:00:00 PM,DSNY,Department of Sanitation,Dirty Conditions,E8 Canine Violation,Sidewalk,11368,54-25 101 STREET,101 STREET,LEWIS AVENUE,MARTENSE AVENUE,,,ADDRESS,Corona,,N/A,Closed,,The Department of Sanitation investigated this complaint and found no violation at the location.,02/27/2021 12:00:00 PM,04 QUEENS,4019390011,QUEENS,1023366,208836,PHONE,Unspecified,QUEENS,,,,,,,,40.739796700448366,-73.85884570104695,"(40.739796700448366, -73.85884570104695)"
49774162,02/12/2021 01:03:00 PM,02/27/2021 12:00:00 PM,DSNY,Department of Sanitation,Dirty Conditions,E8 Canine Violation,Sidewalk,10460,775 GARDEN STREET,GARDEN STREET,PROSPECT AVENUE,CROTONA PARKWAY,,,ADDRESS,BRONX,,N/A,Closed,,The Department of Sanitation investigated this complaint and found no violation at the location.,02/27/2021 12:00:00 PM,06 BRONX,2031000014,BRONX,1016276,248944,PHONE,Unspecified,BRONX,,,,,,,,40.8499107015203,-73.88423942934607,"(40.8499107015203, -73.88423942934607)"
49776007,02/12/2021 11:49:00 AM,02/23/2021 12:00:00 PM,DSNY,Department of Sanitation,Dirty Conditions,E8 Canine Violation,Sidewalk,11203,916 TROY AVENUE,TROY AVENUE,CHURCH AVENUE,SNYDER AVENUE,,,ADDRESS,BROOKLYN,,N/A,Closed,,The Department of Sanitation investigated this complaint and found no violation at the location.,02/23/2021 12:00:00 PM,17 BROOKLYN,3048970023,BROOKLYN,1001982,176331,PHONE,Unspecified,BROOKLYN,,,,,,,,40.65064677656896,-73.93609769314303,"(40.65064677656896, -73.93609769314303)"
49774163,02/12/2021 11:18:00 AM,02/27/2021 12:00:00 PM,DSNY,Department of Sanitation,Dirty Conditions,E8 Canine Violation,Sidewalk,10463,239 WEST  230 STREET,WEST  230 STREET,GODWIN TERRACE,KINGSBRIDGE AVENUE,,,ADDRESS,BRONX,,N/A,Closed,,The Department of Sanitation investigated this complaint and found no violation at the location.,02/27/2021 12:00:00 PM,08 BRONX,2057030165,BRONX,1009812,259114,ONLINE,Unspecified,BRONX,,,,,,,,40.87784533822506,-73.90756527097298,"(40.87784533822506, -73.90756527097298)"
49772125,02/11/2021 02:14:00 PM,02/25/2021 12:00:00 PM,DSNY,Department of Sanitation,Dirty Conditions,E8 Canine Violation,Sidewalk,11423,90-16 182 STREET,182 STREET,90 AVENUE,91 AVENUE,,,ADDRESS,Hollis,,N/A,Closed,,The Department of Sanitation investigated this complaint and found no violation at the location.,02/25/2021 12:00:00 PM,12 QUEENS,4098990084,QUEENS,1045309,198335,PHONE,Unspecified,QUEENS,,,,,,,,40.71084982378131,-73.7797575712939,"(40.71084982378131, -73.7797575712939)"
49769239,02/11/2021 10:23:00 AM,02/27/2021 12:00:00 PM,DSNY,Department of Sanitation,Dirty Conditions,E8 Canine Violation,Sidewalk,11694,164 BEACH  115 STREET,BEACH  115 STREET,OCEAN PROMENADE,ROCKAWAY BEACH BOULEVARD,,,ADDRESS,Rockaway Park,,N/A,Closed,,The Department of Sanitation investigated this complaint and found no violation at the location.,02/27/2021 12:00:00 PM,14 QUEENS,4161870065,QUEENS,1029859,150379,PHONE,Unspecified,QUEENS,,,,,,,,40.57931433564596,-73.83581045698507,"(40.57931433564596, -73.83581045698507)"
49765378,02/11/2021 07:42:00 AM,02/22/2021 12:00:00 PM,DSNY,Department of Sanitation,Dirty Conditions,E8 Canine Violation,Sidewalk,,,,,,7 AVENUE,7 AVENUE,INTERSECTION,,,N/A,Closed,,The Department of Sanitation investigated this complaint and found no violation at the location.,02/22/2021 12:00:00 PM,10 MANHATTAN,,MANHATTAN,,,PHONE,Unspecified,MANHATTAN,,,,,,,,,,
49767482,02/10/2021 10:25:00 PM,02/23/2021 12:00:00 PM,DSNY,Department of Sanitation,Dirty Conditions,E8 Canine Violation,Sidewalk,11207,663 SHEFFIELD AVENUE,SHEFFIELD AVENUE,NEW LOTS AVENUE,HEGEMAN AVENUE,,,ADDRESS,BROOKLYN,,N/A,Closed,,The Department of Sanitation investigated this complaint and found no violation at the location.,02/23/2021 12:00:00 PM,05 BROOKLYN,3042980071,BROOKLYN,1013856,180009,PHONE,Unspecified,BROOKLYN,,,,,,,,40.66071033795754,-73.89329024304948,"(40.66071033795754, -73.89329024304948)"
49769408,02/10/2021 04:40:00 PM,02/26/2021 12:00:00 PM,DSNY,Department of Sanitation,Dirty Conditions,E8 Canine Violation,Sidewalk,11219,4512 NEW UTRECHT AVENUE,NEW UTRECHT AVENUE,11 AVENUE,46 STREET,,,ADDRESS,BROOKLYN,,N/A,Closed,,The Department of Sanitation investigated this complaint and found no violation at the location.,02/26/2021 12:00:00 PM,12 BROOKLYN,,BROOKLYN,985812,172336,ONLINE,Unspecified,BROOKLYN,,,,,,,,40.63969897785238,-73.99437181263691,"(40.63969897785238, -73.99437181263691)"
49765381,02/10/2021 04:21:00 PM,02/23/2021 12:00:00 PM,DSNY,Department of Sanitation,Dirty Conditions,E8 Canine Violation,Sidewalk,11212,1062 WINTHROP STREET,WINTHROP STREET,EAST 93 STREET,EAST 94 STREET,,,ADDRESS,BROOKLYN,,N/A,Closed,,The Department of Sanitation investigated this complaint and found no violation at the location.,02/23/2021 12:00:00 PM,17 BROOKLYN,3046290008,BROOKLYN,1005194,180131,PHONE,Unspecified,BROOKLYN,,,,,,,,40.66106992675285,-73.92451054107315,"(40.66106992675285, -73.92451054107315)"
49758592,02/10/2021 01:00:00 PM,02/23/2021 12:00:00 PM,DSNY,Department of Sanitation,Dirty Conditions,E8 Canine Violation,Sidewalk,11249,109 SOUTH    5 STREET,SOUTH    5 STREET,BERRY STREET,BEDFORD AVENUE,,,ADDRESS,BROOKLYN,,N/A,Closed,,The Department of Sanitation investigated this complaint and found no violation at the location.,02/23/2021 12:00:00 PM,01 BROOKLYN,3024430034,BROOKLYN,994193,198477,PHONE,Unspecified,BROOKLYN,,,,,,,,40.711444678903334,-73.96413488977086,"(40.711444678903334, -73.96413488977086)"
49756753,02/10/2021 11:28:00 AM,02/23/2021 12:00:00 PM,DSNY,Department of Sanitation,Dirty Conditions,E8 Canine Violation,Sidewalk,11201,10 ORANGE STREET,ORANGE STREET,COLUMBIA HEIGHTS,WILLOW STREET,,,ADDRESS,BROOKLYN,,N/A,Closed,,The Department of Sanitation investigated this complaint and found no violation at the location.,02/23/2021 12:00:00 PM,02 BROOKLYN,3002240005,BROOKLYN,985553,194139,ONLINE,Unspecified,BROOKLYN,,,,,,,,40.69954338205341,-73.99530082521223,"(40.69954338205341, -73.99530082521223)"
49760392,02/10/2021 09:24:00 AM,02/23/2021 12:00:00 PM,DSNY,Department of Sanitation,Dirty Conditions,E8 Canine Violation,Sidewalk,11207,587 MILLER AVENUE,MILLER AVENUE,DUMONT AVENUE,LIVONIA AVENUE,,,ADDRESS,BROOKLYN,,N/A,Closed,,The Department of Sanitation investigated this complaint and found no violation at the location.,02/23/2021 12:00:00 PM,05 BROOKLYN,3040730012,BROOKLYN,1014888,182012,PHONE,Unspecified,BROOKLYN,,,,,,,,40.666204614413004,-73.88956147768664,"(40.666204614413004, -73.88956147768664)"
49755915,02/10/2021 07:40:00 AM,02/27/2021 12:00:00 PM,DSNY,Department of Sanitation,Dirty Conditions,E8 Canine Violation,Sidewalk,11435,82-05 134 STREET,134 STREET,82 AVENUE,HOOVER AVENUE,,,ADDRESS,Jamaica,,N/A,Closed,,The Department of Sanitation investigated this complaint and found no violation at the location.,02/27/2021 12:00:00 PM,08 QUEENS,4096600002,QUEENS,1033138,199386,PHONE,Unspecified,QUEENS,,,,,,,,40.71381018417481,-73.82365112435565,"(40.71381018417481, -73.82365112435565)"
49757631,02/09/2021 09:15:00 PM,03/01/2021 12:00:00 PM,DSNY,Department of Sanitation,Dirty Conditions,E8 Canine Violation,Sidewalk,10467,715 EAST  214 STREET,EAST  214 STREET,WHITE PLAINS ROAD LINE,HOLLAND AVENUE,,,ADDRESS,BRONX,,N/A,Closed,,The Department of Sanitation investigated this complaint and found no violation at the location.,03/01/2021 12:00:00 PM,12 BRONX,2046620023,BRONX,1021794,259778,PHONE,Unspecified,BRONX,,,,,,,,40.87962497383306,-73.8642335066401,"(40.87962497383306, -73.8642335066401)"
49755074,02/09/2021 08:33:00 PM,02/22/2021 12:00:00 PM,DSNY,Department of Sanitation,Dirty Conditions,E8 Canine Violation,Sidewalk,10040,87 ELLWOOD STREET,ELLWOOD STREET,WEST 196 STREET,SHERMAN AVENUE,,,ADDRESS,NEW YORK,,N/A,Closed,,The Department of Sanitation investigated this complaint and found no violation at the location.,02/22/2021 12:00:00 PM,12 MANHATTAN,1021740115,MANHATTAN,1003854,253100,ONLINE,Unspecified,MANHATTAN,,,,,,,,40.861353995254554,-73.92912757452417,"(40.861353995254554, -73.92912757452417)"
49755066,02/09/2021 06:28:00 PM,02/26/2021 12:00:00 PM,DSNY,Department of Sanitation,Dirty Conditions,E8 Canine Violation,Sidewalk,,,,,,FIFTH AVENUE,FIFTH AVENUE,INTERSECTION,,,N/A,Closed,,The Department of Sanitation investigated this complaint and found no violation at the location.,02/26/2021 12:00:00 PM,10 MANHATTAN,,MANHATTAN,,,PHONE,Unspecified,MANHATTAN,,,,,,,,,,
49758607,02/09/2021 06:03:00 PM,03/01/2021 12:00:00 PM,DSNY,Department of Sanitation,Dirty Conditions,E8 Canine Violation,Sidewalk,,,,,,MAHAN AVENUE,MAHAN AVENUE,INTERSECTION,,,N/A,Closed,,The Department of Sanitation investigated this complaint and found no violation at the location.,03/01/2021 12:00:00 PM,10 BRONX,,BRONX,,,PHONE,Unspecified,BRONX,,,,,,,,,,
49757658,02/09/2021 06:03:00 PM,02/24/2021 12:00:00 PM,DSNY,Department of Sanitation,Dirty Conditions,E8 Canine Violation,Sidewalk,11379,66-54 69 STREET,69 STREET,66 ROAD,METROPOLITAN AVENUE,,,ADDRESS,Middle Village,,N/A,Closed,,The Department of Sanitation investigated this complaint and found no violation at the location.,02/24/2021 12:00:00 PM,05 QUEENS,4027900119,QUEENS,1015660,199107,PHONE,Unspecified,QUEENS,,,,,,,,40.71312371058128,-73.88669900712664,"(40.71312371058128, -73.88669900712664)"
49747353,02/09/2021 06:08:00 AM,02/22/2021 12:00:00 PM,DSNY,Department of Sanitation,Dirty Conditions,E8 Canine Violation,Sidewalk,10029,1465 PARK AVENUE,PARK AVENUE,EAST 107 STREET,EAST 108 STREET,,,ADDRESS,NEW YORK,,N/A,Closed,,The Department of Sanitation investigated this complaint and found no violation at the location.,02/22/2021 12:00:00 PM,11 MANHATTAN,1016357501,MANHATTAN,998863,228492,PHONE,Unspecified,MANHATTAN,,,,,,,,40.793821746748584,-73.94722464211642,"(40.793821746748584, -73.94722464211642)"
49752816,02/08/2021 11:01:00 PM,02/27/2021 12:00:00 PM,DSNY,Department of Sanitation,Dirty Conditions,E8 Canine Violation,Sidewalk,11212,9201 KINGS HIGHWAY,KINGS HIGHWAY,EAST 92 STREET,EAST 93 STREET,,,ADDRESS,BROOKLYN,,N/A,Closed,,The Department of Sanitation investigated this complaint and found no violation at the location.,02/27/2021 12:00:00 PM,17 BROOKLYN,3046670001,BROOKLYN,1006070,178430,ONLINE,Unspecified,BROOKLYN,,,,,,,,40.656398942182676,-73.92135863828743,"(40.656398942182676, -73.92135863828743)"
49749569,02/08/2021 09:48:00 PM,02/26/2021 12:00:00 PM,DSNY,Department of Sanitation,Dirty Conditions,E8 Canine Violation,Sidewalk,,,,,,RIVERSIDE DRIVE,RIVERSIDE DRIVE,INTERSECTION,,,N/A,Closed,,The Department of Sanitation investigated this complaint and found no violation at the location.,02/26/2021 12:00:00 PM,07 MANHATTAN,,MANHATTAN,,,PHONE,Unspecified,MANHATTAN,,,,,,,,,,
49752882,02/08/2021 06:26:00 PM,02/27/2021 12:00:00 PM,DSNY,Department of Sanitation,Dirty Conditions,E8 Canine Violation,Sidewalk,11691,410 BEACH   25 STREET,BEACH   25 STREET,BARBARA SMITH WAY,COLLIER AVENUE,,,ADDRESS,Far Rockaway,,N/A,Closed,,The Department of Sanitation investigated this complaint and found no violation at the location.,02/27/2021 12:00:00 PM,14 QUEENS,4157740053,QUEENS,1050932,157177,ONLINE,Unspecified,QUEENS,,,,,,,,40.59783995706166,-73.75988221443312,"(40.59783995706166, -73.75988221443312)"
49752864,02/08/2021 03:22:00 PM,02/25/2021 12:00:00 PM,DSNY,Department of Sanitation,Dirty Conditions,E8 Canine Violation,Sidewalk,11423,102-24 184 STREET,184 STREET,HENDERSON AVENUE,104 AVENUE,,,ADDRESS,Hollis,,N/A,Closed,,The Department of Sanitation investigated this complaint and found no violation at the location.,02/25/2021 12:00:00 PM,12 QUEENS,4103610050,QUEENS,1047079,196921,ONLINE,Unspecified,QUEENS,,,,,,,,40.7069563497636,-73.77338632813186,"(40.7069563497636, -73.77338632813186)"
49745377,02/08/2021 11:37:00 AM,02/27/2021 12:00:00 PM,DSNY,Department of Sanitation,Dirty Conditions,E8 Canine Violation,Sidewalk,11691,10-14 NEILSON STREET,NEILSON STREET,CORNAGA AVENUE,DINSMORE AVENUE,,,ADDRESS,Far Rockaway,,N/A,Closed,,The Department of Sanitation investigated this complaint and found no violation at the location.,02/27/2021 12:00:00 PM,14 QUEENS,4155550001,QUEENS,1054305,159257,ONLINE,Unspecified,QUEENS,,,,,,,,40.60352309153951,-73.74771474273668,"(40.60352309153951, -73.74771474273668)"
49737207,02/07/2021 09:22:00 PM,02/22/2021 12:00:00 PM,DSNY,Department of Sanitation,Dirty Conditions,E8 Canine Violation,Sidewalk,11233,131 CHAUNCEY STREET,CHAUNCEY STREET,STUYVESANT AVENUE,MALCOLM X BOULEVARD,,,ADDRESS,BROOKLYN,,N/A,Closed,,The Department of Sanitation investigated this complaint and found no violation at the location.,02/22/2021 12:00:00 PM,03 BROOKLYN,3016860066,BROOKLYN,1003579,187139,PHONE,Unspecified,BROOKLYN,,,,,,,,40.68030898565001,-73.93031146493625,"(40.68030898565001, -73.93031146493625)"
49734926,02/07/2021 10:56:00 AM,02/23/2021 12:00:00 PM,DSNY,Department of Sanitation,Dirty Conditions,E8 Canine Violation,Sidewalk,11229,1753 EAST   12 STREET,EAST   12 STREET,KINGS HIGHWAY,AVENUE R,,,ADDRESS,BROOKLYN,,N/A,Closed,,The Department of Sanitation investigated this complaint and found no violation at the location.,02/23/2021 12:00:00 PM,15 BROOKLYN,3067957501,BROOKLYN,995131,160286,ONLINE,Unspecified,BROOKLYN,,,,,,,,40.60661770503047,-73.9608130836466,"(40.60661770503047, -73.9608130836466)"
49735577,02/07/2021 09:38:00 AM,02/22/2021 12:00:00 PM,DSNY,Department of Sanitation,Dirty Conditions,E8 Canine Violation,Sidewalk,10014,107 BANK STREET,BANK STREET,GREENWICH STREET,WASHINGTON STREET,,,ADDRESS,NEW YORK,,N/A,Closed,,The Department of Sanitation investigated this complaint and found no violation at the location.,02/22/2021 12:00:00 PM,02 MANHATTAN,1006350034,MANHATTAN,982286,207558,ONLINE,Unspecified,MANHATTAN,,,,,,,,40.73637519198193,-74.00708693853773,"(40.73637519198193, -74.00708693853773)"
49732844,02/06/2021 02:42:00 PM,02/24/2021 12:00:00 PM,DSNY,Department of Sanitation,Dirty Conditions,E8 Canine Violation,Sidewalk,11385,71-11 69 PLACE,69 PLACE,CENTRAL AVENUE,MYRTLE AVENUE,,,ADDRESS,Ridgewood,,N/A,Closed,,The Department of Sanitation investigated this complaint and found no violation at the location.,02/24/2021 12:00:00 PM,05 QUEENS,4036850001,QUEENS,1016787,195670,ONLINE,Unspecified,QUEENS,,,,,,,,40.703685894649475,-73.88265034782901,"(40.703685894649475, -73.88265034782901)"
49726771,02/06/2021 07:45:00 AM,02/22/2021 12:00:00 PM,DSNY,Department of Sanitation,Dirty Conditions,E8 Canine Violation,Sidewalk,10039,200 WEST  147 STREET,WEST  147 STREET,ADAM CLAYTON POWELL JR BOULEVARD,FREDERICK DOUGLASS BOULEVARD,,,ADDRESS,NEW YORK,,N/A,Closed,,The Department of Sanitation investigated this complaint and issued a Notice of Violation.,02/22/2021 12:00:00 PM,10 MANHATTAN,1020320034,MANHATTAN,1001216,239185,ONLINE,Unspecified,MANHATTAN,,,,,,,,40.82316686032849,-73.9386996784629,"(40.82316686032849, -73.9386996784629)"
49725295,02/06/2021 12:02:00 AM,02/24/2021 12:00:00 PM,DSNY,Department of Sanitation,Dirty Conditions,E8 Canine Violation,Sidewalk,11357,5-30 150 STREET,150 STREET,6 AVENUE,6 AVENUE,,,ADDRESS,Whitestone,,N/A,Closed,,The Department of Sanitation investigated this complaint and found no violation at the location.,02/24/2021 12:00:00 PM,07 QUEENS,4044960032,QUEENS,1034961,229226,PHONE,Unspecified,QUEENS,,,,,,,,40.79570295191476,-73.8168501615085,"(40.79570295191476, -73.8168501615085)"
49726839,02/05/2021 08:33:00 PM,03/01/2021 12:00:00 PM,DSNY,Department of Sanitation,Dirty Conditions,E8 Canine Violation,Sidewalk,10459,1403 PROSPECT AVENUE,PROSPECT AVENUE,JENNINGS STREET,EAST 170 STREET,,,ADDRESS,BRONX,,N/A,Closed,,The Department of Sanitation investigated this complaint and found no violation at the location.,03/01/2021 12:00:00 PM,03 BRONX,2029620046,BRONX,1012848,242481,PHONE,Unspecified,BRONX,,,,,,,,40.83218343222236,-73.89665776078877,"(40.83218343222236, -73.89665776078877)"
49727676,02/05/2021 07:27:00 PM,02/22/2021 12:00:00 PM,DSNY,Department of Sanitation,Dirty Conditions,E8 Canine Violation,Sidewalk,10002,61 JACKSON STREET,JACKSON STREET,CHERRY STREET,WATER STREET,,,ADDRESS,NEW YORK,,N/A,Closed,,The Department of Sanitation investigated this complaint and found no violation at the location.,02/22/2021 12:00:00 PM,03 MANHATTAN,1002600075,MANHATTAN,989612,198578,ONLINE,Unspecified,MANHATTAN,,,,,,,,40.71172586204446,-73.98065880232535,"(40.71172586204446, -73.98065880232535)"
49729511,02/05/2021 05:57:00 PM,02/24/2021 12:00:00 PM,DSNY,Department of Sanitation,Dirty Conditions,E8 Canine Violation,Sidewalk,11220,552 44 STREET,44 STREET,5 AVENUE,6 AVENUE,,,ADDRESS,BROOKLYN,,N/A,Closed,,The Department of Sanitation investigated this complaint and found no violation at the location.,02/24/2021 12:00:00 PM,07 BROOKLYN,3007390026,BROOKLYN,982674,175274,PHONE,Unspecified,BROOKLYN,,,,,,,,40.647763153159715,-74.00567931841324,"(40.647763153159715, -74.00567931841324)"
49726840,02/05/2021 04:40:00 PM,02/17/2021 12:00:00 PM,DSNY,Department of Sanitation,Dirty Conditions,E8 Canine Violation,Sidewalk,11226,1829 CATON AVENUE,CATON AVENUE,BRIGHTON LINE,OCEAN AVENUE,,,ADDRESS,BROOKLYN,,N/A,Closed,,The Department of Sanitation investigated this complaint and found no violation at the location.,02/17/2021 12:00:00 PM,14 BROOKLYN,3050610049,BROOKLYN,994695,176748,ONLINE,Unspecified,BROOKLYN,,,,,,,,40.651802943612616,-73.96235782070436,"(40.651802943612616, -73.96235782070436)"
49725881,02/05/2021 03:25:00 PM,02/22/2021 12:00:00 PM,DSNY,Department of Sanitation,Dirty Conditions,E8 Canine Violation,Sidewalk,11219,4424 FT HAMILTON PARKWAY,FT HAMILTON PARKWAY,NEW UTRECHT AVENUE,45 STREET,,,ADDRESS,BROOKLYN,,N/A,Closed,,The Department of Sanitation investigated this complaint and found no violation at the location.,02/22/2021 12:00:00 PM,12 BROOKLYN,3056080035,BROOKLYN,985779,172630,ONLINE,Unspecified,BROOKLYN,,,,,,,,40.640505950671105,-73.99449065137729,"(40.640505950671105, -73.99449065137729)"
49724134,02/05/2021 01:18:00 PM,02/27/2021 12:00:00 PM,DSNY,Department of Sanitation,Dirty Conditions,E8 Canine Violation,Sidewalk,11374,63-24 ALDERTON STREET,ALDERTON STREET,63 AVENUE,63 DRIVE,,,ADDRESS,Rego Park,,N/A,Closed,,The Department of Sanitation investigated this complaint and found no violation at the location.,02/27/2021 12:00:00 PM,06 QUEENS,4031090017,QUEENS,1021375,204023,ONLINE,Unspecified,QUEENS,,,,,,,,40.72659479593631,-73.86605698484368,"(40.72659479593631, -73.86605698484368)"
49720919,02/05/2021 12:41:00 PM,02/25/2021 12:00:00 PM,DSNY,Department of Sanitation,Dirty Conditions,E8 Canine Violation,Sidewalk,10467,3336 DECATUR AVENUE,DECATUR AVENUE,EAST 209 STREET,EAST GUN HILL ROAD,,,ADDRESS,BRONX,,N/A,Closed,,The Department of Sanitation investigated this complaint and found no violation at the location.,02/25/2021 12:00:00 PM,07 BRONX,2033550096,BRONX,1019386,258997,ONLINE,Unspecified,BRONX,,,,,,,,40.87749128815894,-73.87294539235218,"(40.87749128815894, -73.87294539235218)"
49718670,02/05/2021 12:34:00 PM,03/01/2021 12:00:00 PM,DSNY,Department of Sanitation,Dirty Conditions,E8 Canine Violation,Sidewalk,10472,2029 HAVILAND AVENUE,HAVILAND AVENUE,PUGSLEY AVENUE,OLMSTEAD AVENUE,,,ADDRESS,BRONX,,N/A,Closed,,The Department of Sanitation investigated this complaint and found no violation at the location.,03/01/2021 12:00:00 PM,09 BRONX,2038010169,BRONX,1024158,241633,PHONE,Unspecified,BRONX,,,,,,,,40.82981205456169,-73.85579285257856,"(40.82981205456169, -73.85579285257856)"
49717915,02/04/2021 06:00:00 PM,02/27/2021 12:00:00 PM,DSNY,Department of Sanitation,Dirty Conditions,E8 Canine Violation,Sidewalk,,,,,,ELBERTSON STREET,ELBERTSON STREET,INTERSECTION,,,N/A,Closed,,The Department of Sanitation investigated this complaint and found no violation at the location.,02/27/2021 12:00:00 PM,04 QUEENS,,QUEENS,,,PHONE,Unspecified,QUEENS,,,,,,,,,,
49712781,02/04/2021 01:11:00 PM,02/17/2021 12:00:00 PM,DSNY,Department of Sanitation,Dirty Conditions,E8 Canine Violation,Sidewalk,11219,1007 39 STREET,39 STREET,10 AVENUE,FT HAMILTON PARKWAY,,,ADDRESS,BROOKLYN,,N/A,Closed,,The Department of Sanitation investigated this complaint and found no violation at the location.,02/17/2021 12:00:00 PM,12 BROOKLYN,3052880084,BROOKLYN,986351,174028,ONLINE,Unspecified,BROOKLYN,,,,,,,,40.644343043180584,-73.99242916473797,"(40.644343043180584, -73.99242916473797)"
49713791,02/04/2021 12:59:00 PM,02/17/2021 12:00:00 PM,DSNY,Department of Sanitation,Dirty Conditions,E8 Canine Violation,Sidewalk,11219,1009 39 STREET,39 STREET,10 AVENUE,FT HAMILTON PARKWAY,,,ADDRESS,BROOKLYN,,N/A,Closed,,The Department of Sanitation investigated this complaint and found no violation at the location.,02/17/2021 12:00:00 PM,12 BROOKLYN,3052880083,BROOKLYN,986360,174021,ONLINE,Unspecified,BROOKLYN,,,,,,,,40.64432382754857,-73.99239673593405,"(40.64432382754857, -73.99239673593405)"
49712377,02/04/2021 11:32:00 AM,02/23/2021 12:00:00 PM,DSNY,Department of Sanitation,Dirty Conditions,E8 Canine Violation,Sidewalk,11368,34-24 107 STREET,107 STREET,34 AVENUE,37 AVENUE,,,ADDRESS,Corona,,N/A,Closed,,The Department of Sanitation investigated this complaint and found no violation at the location.,02/23/2021 12:00:00 PM,03 QUEENS,4017480021,QUEENS,1022624,214534,PHONE,Unspecified,QUEENS,,,,,,,,40.75543950912227,-73.86149077097866,"(40.75543950912227, -73.86149077097866)"
49715725,02/04/2021 10:07:00 AM,02/24/2021 12:00:00 PM,DSNY,Department of Sanitation,Dirty Conditions,E8 Canine Violation,Sidewalk,11379,68 AVENUE,68 AVENUE,75 STREET,78 STREET,,,BLOCKFACE,Middle Village,,N/A,Closed,,The Department of Sanitation investigated this complaint and found no violation at the location.,02/24/2021 12:00:00 PM,05 QUEENS,,QUEENS,1018421,198262,PHONE,Unspecified,QUEENS,,,,,,,,40.71079415614074,-73.87674393127388,"(40.71079415614074, -73.87674393127388)"
49714951,02/04/2021 06:02:00 AM,02/27/2021 12:00:00 PM,DSNY,Department of Sanitation,Dirty Conditions,E8 Canine Violation,Sidewalk,10468,2766 UNIVERSITY AVENUE,UNIVERSITY AVENUE,WEST 195 STREET,STRONG STREET,,,ADDRESS,BRONX,,N/A,Closed,,The Department of Sanitation investigated this complaint and found no violation at the location.,02/27/2021 12:00:00 PM,08 BRONX,2032490006,BRONX,1012045,256472,ONLINE,Unspecified,BRONX,,,,,,,,40.87058711604498,-73.89950148894867,"(40.87058711604498, -73.89950148894867)"
49712378,02/04/2021 05:26:00 AM,02/22/2021 12:00:00 PM,DSNY,Department of Sanitation,Dirty Conditions,E8 Canine Violation,Sidewalk,11364,50-51 206 STREET,206 STREET,50 AVENUE,53 AVENUE,,,ADDRESS,Oakland Gardens,,N/A,Closed,,The Department of Sanitation investigated this complaint and found no violation at the location.,02/22/2021 12:00:00 PM,11 QUEENS,4073830034,QUEENS,1047006,213172,PHONE,Unspecified,QUEENS,,,,,,,,40.75156174204485,-73.77349806501427,"(40.75156174204485, -73.77349806501427)"
49709144,02/03/2021 08:44:00 PM,02/15/2021 12:00:00 PM,DSNY,Department of Sanitation,Dirty Conditions,E8 Canine Violation,Sidewalk,11221,1054 WILLOUGHBY AVENUE,WILLOUGHBY AVENUE,CENTRAL AVENUE,WILSON AVENUE,,,ADDRESS,BROOKLYN,,N/A,Closed,,The Department of Sanitation investigated this complaint and found no violation at the location.,02/15/2021 12:00:00 PM,04 BROOKLYN,3032080011,BROOKLYN,1004474,194278,ONLINE,Unspecified,BROOKLYN,,,,,,,,40.69990189058058,-73.92706321342791,"(40.69990189058058, -73.92706321342791)"
49715802,02/03/2021 06:37:00 PM,02/14/2021 12:00:00 PM,DSNY,Department of Sanitation,Dirty Conditions,E8 Canine Violation,Sidewalk,11229,2016 COYLE STREET,COYLE STREET,AVENUE T,AVENUE U,,,ADDRESS,BROOKLYN,,N/A,Closed,,The Department of Sanitation investigated this complaint and found no violation at the location.,02/14/2021 12:00:00 PM,15 BROOKLYN,3073390012,BROOKLYN,1001614,158819,ONLINE,Unspecified,BROOKLYN,,,,,,,,40.602580758248756,-73.9374689359185,"(40.602580758248756, -73.9374689359185)"
49710144,02/03/2021 05:35:00 PM,02/15/2021 12:00:00 PM,DSNY,Department of Sanitation,Dirty Conditions,E8 Canine Violation,Sidewalk,11226,330 EAST   32 STREET,EAST   32 STREET,CLARENDON ROAD,AVENUE D,,,ADDRESS,BROOKLYN,,N/A,Closed,,The Department of Sanitation investigated this complaint and found no violation at the location.,02/15/2021 12:00:00 PM,17 BROOKLYN,3049480018,BROOKLYN,999020,173370,ONLINE,Unspecified,BROOKLYN,,,,,,,,40.64252490833231,-73.94677858321539,"(40.64252490833231, -73.94677858321539)"
49701600,02/03/2021 11:34:00 AM,02/13/2021 12:00:00 PM,DSNY,Department of Sanitation,Dirty Conditions,E8 Canine Violation,Sidewalk,,,,,,45 STREET,45 STREET,INTERSECTION,,,N/A,Closed,,The Department of Sanitation investigated this complaint and found no violation at the location.,02/13/2021 12:00:00 PM,12 BROOKLYN,,BROOKLYN,,,PHONE,Unspecified,BROOKLYN,,,,,,,,,,
49689310,02/01/2021 06:47:00 AM,02/22/2021 12:00:00 PM,DSNY,Department of Sanitation,Dirty Conditions,E8 Canine Violation,Sidewalk,10030,140 WEST  133 STREET,WEST  133 STREET,LENOX AVENUE,ADAM CLAYTON POWELL JR BOULEVARD,,,ADDRESS,NEW YORK,,N/A,Closed,,The Department of Sanitation investigated this complaint and found no violation at the location.,02/22/2021 12:00:00 PM,10 MANHATTAN,1019170049,MANHATTAN,999955,235632,ONLINE,Unspecified,MANHATTAN,,,,,,,,40.8134172084023,-73.94326414562484,"(40.8134172084023, -73.94326414562484)"
49678731,01/31/2021 01:12:00 PM,02/08/2021 12:00:00 PM,DSNY,Department of Sanitation,Dirty Conditions,E8 Canine Violation,Sidewalk,11207,596 WILLIAMS AVENUE,WILLIAMS AVENUE,NEWPORT STREET,NEW LOTS AVENUE,,,ADDRESS,BROOKLYN,,N/A,Closed,,The Department of Sanitation investigated this complaint and found no violation at the location.,02/08/2021 12:00:00 PM,05 BROOKLYN,3038520120,BROOKLYN,1012840,180112,PHONE,Unspecified,BROOKLYN,,,,,,,,40.660996388907975,-73.89695180089177,"(40.660996388907975, -73.89695180089177)"
49668999,01/30/2021 09:11:00 AM,02/13/2021 12:00:00 PM,DSNY,Department of Sanitation,Dirty Conditions,E8 Canine Violation,Sidewalk,11235,338 NEPTUNE AVENUE,NEPTUNE AVENUE,ATHLONE COURT,BRIGHTON 3 STREET,,,ADDRESS,BROOKLYN,,N/A,Closed,,The Department of Sanitation investigated this complaint and found no violation at the location.,02/13/2021 12:00:00 PM,13 BROOKLYN,3086630244,BROOKLYN,993885,150883,ONLINE,Unspecified,BROOKLYN,,,,,,,,40.580809804167984,-73.9653138462954,"(40.580809804167984, -73.9653138462954)"
49676370,01/29/2021 03:45:00 PM,02/27/2021 12:00:00 PM,DSNY,Department of Sanitation,Dirty Conditions,E8 Canine Violation,Sidewalk,11385,72-06 69 STREET,69 STREET,MYRTLE AVENUE,COOPER AVENUE,,,ADDRESS,Ridgewood,,N/A,Closed,,The Department of Sanitation investigated this complaint and found no violation at the location.,02/27/2021 12:00:00 PM,05 QUEENS,4037030026,QUEENS,1016763,194890,PHONE,Unspecified,QUEENS,,,,,,,,40.70154506776823,-73.88274067317164,"(40.70154506776823, -73.88274067317164)"
49666172,01/29/2021 05:47:00 AM,01/30/2021 12:00:00 PM,DSNY,Department of Sanitation,Dirty Conditions,E8 Canine Violation,Sidewalk,11228,1351 83 STREET,83 STREET,13 AVENUE,14 AVENUE,,,ADDRESS,BROOKLYN,,N/A,Closed,,The Department of Sanitation investigated this complaint and found no violation at the location.,01/30/2021 12:00:00 PM,10 BROOKLYN,3063030050,BROOKLYN,981216,163365,ONLINE,Unspecified,BROOKLYN,,,,,,,,40.615075087911734,-74.01092805476017,"(40.615075087911734, -74.01092805476017)"
49650082,01/28/2021 10:42:00 AM,02/22/2021 12:00:00 PM,DSNY,Department of Sanitation,Dirty Conditions,E8 Canine Violation,Sidewalk,10304,10 AUSTIN PLACE,AUSTIN PLACE,VICTORY BOULEVARD,NATALIE COURT,,,ADDRESS,STATEN ISLAND,,N/A,Closed,,The Department of Sanitation investigated this complaint and found no violation at the location.,02/22/2021 12:00:00 PM,01 STATEN ISLAND,5005800034,STATEN ISLAND,960183,169511,ONLINE,Unspecified,STATEN ISLAND,,,,,,,,40.63191239762085,-74.08670794046006,"(40.63191239762085, -74.08670794046006)"
49645886,01/28/2021 09:57:00 AM,02/25/2021 12:00:00 PM,DSNY,Department of Sanitation,Dirty Conditions,E8 Canine Violation,Sidewalk,11422,257-10 CRAFT AVENUE,CRAFT AVENUE,257 STREET,258 STREET,,,ADDRESS,Rosedale,,N/A,Closed,,The Department of Sanitation investigated this complaint and found no violation at the location.,02/25/2021 12:00:00 PM,13 QUEENS,,QUEENS,1058785,176475,PHONE,Unspecified,QUEENS,,,,,,,,40.65074611107393,-73.73139112480898,"(40.65074611107393, -73.73139112480898)"
49644773,01/28/2021 09:40:00 AM,02/24/2021 12:00:00 PM,DSNY,Department of Sanitation,Dirty Conditions,E8 Canine Violation,Sidewalk,11385,59-09 ST FELIX AVENUE,ST FELIX AVENUE,SENECA AVENUE,60 STREET,,,ADDRESS,Ridgewood,,N/A,Closed,,The Department of Sanitation investigated this complaint and found no violation at the location.,02/24/2021 12:00:00 PM,05 QUEENS,4035790001,QUEENS,1012699,193067,ONLINE,Unspecified,QUEENS,,,,,,,,40.696555360293104,-73.89740532421037,"(40.696555360293104, -73.89740532421037)"
49647985,01/28/2021 08:25:00 AM,02/14/2021 12:00:00 PM,DSNY,Department of Sanitation,Dirty Conditions,E8 Canine Violation,Sidewalk,11214,8663 17 AVENUE,17 AVENUE,86 STREET,BENSON AVENUE,,,ADDRESS,BROOKLYN,,N/A,Closed,,The Department of Sanitation investigated this complaint and found no violation at the location.,02/14/2021 12:00:00 PM,11 BROOKLYN,3063660014,BROOKLYN,982571,160582,ONLINE,Unspecified,BROOKLYN,,,,,,,,40.60743668578042,-74.00604683738108,"(40.60743668578042, -74.00604683738108)"
49650083,01/28/2021 04:33:00 AM,02/23/2021 12:00:00 PM,DSNY,Department of Sanitation,Dirty Conditions,E8 Canine Violation,Sidewalk,11435,82-38 138 STREET,138 STREET,HOOVER AVENUE,82 DRIVE,,,ADDRESS,Jamaica,,N/A,Closed,,The Department of Sanitation investigated this complaint and found no violation at the location.,02/23/2021 12:00:00 PM,08 QUEENS,4096670001,QUEENS,1033953,199439,ONLINE,Unspecified,QUEENS,,,,,,,,40.71395111524609,-73.82071087183147,"(40.71395111524609, -73.82071087183147)"
49650084,01/27/2021 10:19:00 PM,02/27/2021 12:00:00 PM,DSNY,Department of Sanitation,Dirty Conditions,E8 Canine Violation,Sidewalk,11375,99-22 67 ROAD,67 ROAD,AUSTIN STREET,BOOTH STREET,,,ADDRESS,Forest Hills,,N/A,Closed,,The Department of Sanitation investigated this complaint and found no violation at the location.,02/27/2021 12:00:00 PM,06 QUEENS,4031690021,QUEENS,1024658,203165,ONLINE,Unspecified,QUEENS,,,,,,,,40.72422540979539,-73.85421744597095,"(40.72422540979539, -73.85421744597095)"
49643707,01/27/2021 04:24:00 PM,02/15/2021 12:00:00 PM,DSNY,Department of Sanitation,Dirty Conditions,E8 Canine Violation,Sidewalk,11207,81 COOPER STREET,COOPER STREET,BUSHWICK AVENUE,EVERGREEN AVENUE,,,ADDRESS,BROOKLYN,,N/A,Closed,,The Department of Sanitation investigated this complaint and found no violation at the location.,02/15/2021 12:00:00 PM,04 BROOKLYN,3034330052,BROOKLYN,1009402,189143,ONLINE,Unspecified,BROOKLYN,,,,,,,,40.685794875644,-73.90930982645897,"(40.685794875644, -73.90930982645897)"
49645875,01/27/2021 03:07:00 PM,02/14/2021 12:00:00 PM,DSNY,Department of Sanitation,Dirty Conditions,E8 Canine Violation,Sidewalk,11211,321 ROEBLING STREET,ROEBLING STREET,SOUTH 9 STREET,DIVISION AVENUE,,,ADDRESS,BROOKLYN,,N/A,Closed,,The Department of Sanitation investigated this complaint and found no violation at the location.,02/14/2021 12:00:00 PM,01 BROOKLYN,3021400026,BROOKLYN,995068,197339,ONLINE,Unspecified,BROOKLYN,,,,,,,,40.7083201125519,-73.96098053122863,"(40.7083201125519, -73.96098053122863)"
49643699,01/27/2021 02:14:00 PM,02/25/2021 12:00:00 PM,DSNY,Department of Sanitation,Dirty Conditions,E8 Canine Violation,Sidewalk,10467,3227 BAINBRIDGE AVENUE,BAINBRIDGE AVENUE,EAST 207 STREET,VAN CORTLANDT AVENUE EAST,,,ADDRESS,BRONX,,N/A,Closed,,The Department of Sanitation investigated this complaint and found no violation at the location.,02/25/2021 12:00:00 PM,07 BRONX,2033350154,BRONX,1017517,258683,PHONE,Unspecified,BRONX,,,,,,,,40.87663669864502,-73.87970539751794,"(40.87663669864502, -73.87970539751794)"
49641392,01/27/2021 12:57:00 PM,02/24/2021 12:00:00 PM,DSNY,Department of Sanitation,Dirty Conditions,E8 Canine Violation,Sidewalk,11379,61-68 62 ROAD,62 ROAD,FRESH POND ROAD,62 STREET,,,ADDRESS,Middle Village,,N/A,Closed,,The Department of Sanitation investigated this complaint and found no violation at the location.,02/24/2021 12:00:00 PM,05 QUEENS,4027700023,QUEENS,1011965,199155,PHONE,Unspecified,QUEENS,,,,,,,,40.713267805316605,-73.90002726481946,"(40.713267805316605, -73.90002726481946)"
49634573,01/27/2021 12:50:00 PM,02/26/2021 12:00:00 PM,DSNY,Department of Sanitation,Dirty Conditions,E8 Canine Violation,Sidewalk,10466,4044 PAULDING AVENUE,PAULDING AVENUE,REV DR V SEYMOUR COLE WAY,EAST 228 STREET,,,ADDRESS,BRONX,,N/A,Closed,,The Department of Sanitation investigated this complaint and found no violation at the location.,02/26/2021 12:00:00 PM,12 BRONX,2048740045,BRONX,1025522,262480,PHONE,Unspecified,BRONX,,,,,,,,40.887024463194194,-73.85073570026218,"(40.887024463194194, -73.85073570026218)"
49635594,01/27/2021 11:10:00 AM,02/25/2021 12:00:00 PM,DSNY,Department of Sanitation,Dirty Conditions,E8 Canine Violation,Sidewalk,10457,2100 MONTEREY AVENUE,MONTEREY AVENUE,EAST 180 STREET,DEAD END,,,ADDRESS,BRONX,,N/A,Closed,,The Department of Sanitation investigated this complaint and found no violation at the location.,02/25/2021 12:00:00 PM,06 BRONX,2030620021,BRONX,1013825,249079,ONLINE,Unspecified,BRONX,,,,,,,,40.85028978625503,-73.8930981626755,"(40.85028978625503, -73.8930981626755)"
49638419,01/27/2021 10:40:00 AM,02/22/2021 12:00:00 PM,DSNY,Department of Sanitation,Dirty Conditions,E8 Canine Violation,Sidewalk,10314,9 AMSTERDAM AVENUE,AMSTERDAM AVENUE,CARNEGIE AVENUE,BEND,,,ADDRESS,STATEN ISLAND,,N/A,Closed,,The Department of Sanitation investigated this complaint and found no violation at the location.,02/22/2021 12:00:00 PM,02 STATEN ISLAND,5021530124,STATEN ISLAND,938815,159328,ONLINE,Unspecified,STATEN ISLAND,,,,,,,,40.603878397776555,-74.16362333144129,"(40.603878397776555, -74.16362333144129)"
49635589,01/27/2021 10:05:00 AM,02/27/2021 12:00:00 PM,DSNY,Department of Sanitation,Dirty Conditions,E8 Canine Violation,Sidewalk,10463,43 ADRIAN AVENUE,ADRIAN AVENUE,TERRACE VIEW AVENUE,WEST 227 STREET,,,ADDRESS,BRONX,,N/A,Closed,,The Department of Sanitation investigated this complaint and found no violation at the location.,02/27/2021 12:00:00 PM,08 BRONX,1022150287,BRONX,1008762,258721,PHONE,Unspecified,BRONX,,,,,,,,40.87676965391939,-73.91136361052341,"(40.87676965391939, -73.91136361052341)"
49634585,01/27/2021 09:33:00 AM,02/27/2021 12:00:00 PM,DSNY,Department of Sanitation,Dirty Conditions,E8 Canine Violation,Sidewalk,10469,2358 TIEMANN AVENUE,TIEMANN AVENUE,ASTOR AVENUE,WARING AVENUE,,,ADDRESS,BRONX,,N/A,Closed,,The Department of Sanitation investigated this complaint and found no violation at the location.,02/27/2021 12:00:00 PM,11 BRONX,2044040025,BRONX,1029040,252662,PHONE,Unspecified,BRONX,,,,,,,,40.86005996238331,-73.83807816601596,"(40.86005996238331, -73.83807816601596)"
49637431,01/27/2021 09:21:00 AM,02/24/2021 12:00:00 PM,DSNY,Department of Sanitation,Dirty Conditions,E8 Canine Violation,Sidewalk,11379,66-20 74 STREET,74 STREET,JUNIPER VALLEY ROAD,66 DRIVE,,,ADDRESS,Middle Village,,N/A,Closed,,The Department of Sanitation investigated this complaint and found no violation at the location.,02/24/2021 12:00:00 PM,05 QUEENS,4030580036,QUEENS,1017596,199652,ONLINE,Unspecified,QUEENS,,,,,,,,40.71461251919032,-73.87971284834798,"(40.71461251919032, -73.87971284834798)"
49637432,01/27/2021 02:45:00 AM,02/25/2021 12:00:00 PM,DSNY,Department of Sanitation,Dirty Conditions,E8 Canine Violation,Sidewalk,11435,147-36 94 AVENUE,94 AVENUE,SUTPHIN BOULEVARD,148 STREET,,,ADDRESS,Jamaica,,N/A,Closed,,The Department of Sanitation investigated this complaint and found no violation at the location.,02/25/2021 12:00:00 PM,12 QUEENS,4099997501,QUEENS,1037968,194094,ONLINE,Unspecified,QUEENS,,,,,,,,40.699256921088654,-73.80627061223024,"(40.699256921088654, -73.80627061223024)"
49641378,01/26/2021 04:13:00 PM,02/25/2021 12:00:00 PM,DSNY,Department of Sanitation,Dirty Conditions,E8 Canine Violation,Sidewalk,,,,,,97 AVENUE,97 AVENUE,INTERSECTION,,,N/A,Closed,,The Department of Sanitation investigated this complaint and found no violation at the location.,02/25/2021 12:00:00 PM,12 QUEENS,,QUEENS,,,PHONE,Unspecified,QUEENS,,,,,,,,,,
49630473,01/26/2021 01:41:00 PM,02/24/2021 12:00:00 PM,DSNY,Department of Sanitation,Dirty Conditions,E8 Canine Violation,Sidewalk,,,,,,MIDDLETOWN ROAD,MIDDLETOWN ROAD,INTERSECTION,,,N/A,Closed,,The Department of Sanitation investigated this complaint and found no violation at the location.,02/24/2021 12:00:00 PM,10 BRONX,,BRONX,,,PHONE,Unspecified,BRONX,,,,,,,,,,
49629439,01/26/2021 12:22:00 PM,01/30/2021 12:00:00 PM,DSNY,Department of Sanitation,Dirty Conditions,E8 Canine Violation,Sidewalk,11219,967 40 STREET,40 STREET,NEW UTRECHT AVENUE,10 AVENUE,,,ADDRESS,BROOKLYN,,N/A,Closed,,The Department of Sanitation investigated this complaint and found no violation at the location.,01/30/2021 12:00:00 PM,12 BROOKLYN,3055830078,BROOKLYN,985906,174050,PHONE,Unspecified,BROOKLYN,,,,,,,,40.64440352282808,-73.99403269178866,"(40.64440352282808, -73.99403269178866)"
49629432,01/26/2021 11:18:00 AM,02/26/2021 12:00:00 PM,DSNY,Department of Sanitation,Dirty Conditions,E8 Canine Violation,Sidewalk,10025,242 WEST  109 STREET,WEST  109 STREET,AMSTERDAM AVENUE,BROADWAY,,,ADDRESS,NEW YORK,,N/A,Closed,,The Department of Sanitation investigated this complaint and found no violation at the location.,02/26/2021 12:00:00 PM,07 MANHATTAN,1018800053,MANHATTAN,993732,231824,ONLINE,Unspecified,MANHATTAN,,,,,,,,40.80297417373674,-73.96575071974307,"(40.80297417373674, -73.96575071974307)"
49628422,01/26/2021 09:59:00 AM,02/14/2021 12:00:00 PM,DSNY,Department of Sanitation,Dirty Conditions,E8 Canine Violation,Sidewalk,11204,6812 17 AVENUE,17 AVENUE,68 STREET,BAY RIDGE AVENUE,,,ADDRESS,BROOKLYN,,N/A,Closed,,The Department of Sanitation investigated this complaint and found no violation at the location.,02/14/2021 12:00:00 PM,11 BROOKLYN,3055750053,BROOKLYN,985805,164672,ONLINE,Unspecified,BROOKLYN,,,,,,,,40.61866291499554,-73.99439880075546,"(40.61866291499554, -73.99439880075546)"
49626383,01/25/2021 07:16:00 PM,01/30/2021 12:00:00 PM,DSNY,Department of Sanitation,Dirty Conditions,E8 Canine Violation,Sidewalk,11220,369 50 STREET,50 STREET,3 AVENUE,4 AVENUE,,,ADDRESS,BROOKLYN,,N/A,Closed,,The Department of Sanitation investigated this complaint and found no violation at the location.,01/30/2021 12:00:00 PM,07 BROOKLYN,3007820044,BROOKLYN,980568,174958,PHONE,Unspecified,BROOKLYN,,,,,,,,40.64689517633191,-74.01326838732766,"(40.64689517633191, -74.01326838732766)"
49627359,01/25/2021 06:00:00 PM,02/26/2021 12:00:00 PM,DSNY,Department of Sanitation,Dirty Conditions,E8 Canine Violation,Sidewalk,10025,705 COLUMBUS AVENUE,COLUMBUS AVENUE,WEST 94 STREET,WEST 95 STREET,,,ADDRESS,NEW YORK,,N/A,Closed,,The Department of Sanitation investigated this complaint and found no violation at the location.,02/26/2021 12:00:00 PM,07 MANHATTAN,1012080001,MANHATTAN,993023,227737,ONLINE,Unspecified,MANHATTAN,,,,,,,,40.79175720320057,-73.96831698905947,"(40.79175720320057, -73.96831698905947)"
49619329,01/25/2021 10:17:00 AM,02/22/2021 12:00:00 PM,DSNY,Department of Sanitation,Dirty Conditions,E8 Canine Violation,Sidewalk,10309,33 SANTA MONICA LANE,SANTA MONICA LANE,EL CAMINO LOOP,FOOTHILL COURT,,,ADDRESS,STATEN ISLAND,,N/A,Closed,,The Department of Sanitation investigated this complaint and found no violation at the location.,02/22/2021 12:00:00 PM,03 STATEN ISLAND,5069790021,STATEN ISLAND,925176,135283,ONLINE,Unspecified,STATEN ISLAND,,,,,,,,40.53779933973688,-74.212530678749,"(40.53779933973688, -74.212530678749)"
49617124,01/24/2021 03:47:00 PM,02/27/2021 12:00:00 PM,DSNY,Department of Sanitation,Dirty Conditions,E8 Canine Violation,Sidewalk,10463,3616 HENRY HUDSON PARKWAY EAST,HENRY HUDSON PARKWAY EAST,WEST 236 STREET,NETHERLAND AVENUE,,,ADDRESS,BRONX,,N/A,Closed,,The Department of Sanitation investigated this complaint and found no violation at the location.,02/27/2021 12:00:00 PM,08 BRONX,2058000001,BRONX,1008680,262545,ONLINE,Unspecified,BRONX,,,,,,,,40.887265564420254,-73.91164617849158,"(40.887265564420254, -73.91164617849158)"
49609462,01/23/2021 02:21:00 PM,02/24/2021 12:00:00 PM,DSNY,Department of Sanitation,Dirty Conditions,E8 Canine Violation,Sidewalk,10472,1061 STRATFORD AVENUE,STRATFORD AVENUE,BRUCKNER EXPWY WB EN MANOR AVE,WATSON AVENUE,,,ADDRESS,BRONX,,N/A,Closed,,The Department of Sanitation investigated this complaint and found no violation at the location.,02/24/2021 12:00:00 PM,09 BRONX,2037170040,BRONX,1018935,240091,PHONE,Unspecified,BRONX,,,,,,,,40.82560176478523,-73.87467405354215,"(40.82560176478523, -73.87467405354215)"
49607096,01/23/2021 12:44:00 PM,02/22/2021 12:00:00 PM,DSNY,Department of Sanitation,Dirty Conditions,E8 Canine Violation,Sidewalk,10128,354 EAST   91 STREET,EAST   91 STREET,2 AVENUE,1 AVENUE,,,ADDRESS,NEW YORK,,N/A,Closed,,The Department of Sanitation investigated this complaint and found no violation at the location.,02/22/2021 12:00:00 PM,08 MANHATTAN,1015530027,MANHATTAN,998608,223646,ONLINE,Unspecified,MANHATTAN,,,,,,,,40.78052119358409,-73.94815594145861,"(40.78052119358409, -73.94815594145861)"
49603608,01/22/2021 07:37:00 PM,02/24/2021 12:00:00 PM,DSNY,Department of Sanitation,Dirty Conditions,E8 Canine Violation,Sidewalk,11385,440 STOCKHOLM STREET,STOCKHOLM STREET,CYPRESS AVENUE,SENECA AVENUE,,,ADDRESS,Ridgewood,,N/A,Closed,,The Department of Sanitation investigated this complaint and found no violation at the location.,02/24/2021 12:00:00 PM,05 QUEENS,4034280104,QUEENS,1007605,196696,ONLINE,Unspecified,QUEENS,,,,,,,,40.70653102026943,-73.91576304811906,"(40.70653102026943, -73.91576304811906)"
49603542,01/22/2021 07:14:00 PM,01/25/2021 12:00:00 PM,DSNY,Department of Sanitation,Dirty Conditions,E8 Canine Violation,Sidewalk,11225,2121 BEEKMAN PLACE,BEEKMAN PLACE,DEAD END,FLATBUSH AVENUE,,,ADDRESS,BROOKLYN,,N/A,Closed,,The Department of Sanitation investigated this complaint and found no violation at the location.,01/25/2021 12:00:00 PM,09 BROOKLYN,3050260070,BROOKLYN,995080,179741,ONLINE,Unspecified,BROOKLYN,,,,,,,,40.66001760998396,-73.96096553336491,"(40.66001760998396, -73.96096553336491)"
49608881,01/22/2021 02:44:00 PM,02/26/2021 12:00:00 PM,DSNY,Department of Sanitation,Dirty Conditions,E8 Canine Violation,Sidewalk,10027,240 WEST  122 STREET,WEST  122 STREET,HERMENA ROWE STREET,FREDERICK DOUGLASS BOULEVARD,,,ADDRESS,NEW YORK,,N/A,Closed,,The Department of Sanitation investigated this complaint and found no violation at the location.,02/26/2021 12:00:00 PM,10 MANHATTAN,1019270055,MANHATTAN,997806,233502,ONLINE,Unspecified,MANHATTAN,,,,,,,,40.80757450971996,-73.95103191888202,"(40.80757450971996, -73.95103191888202)"
49596682,01/22/2021 10:04:00 AM,02/25/2021 12:00:00 PM,DSNY,Department of Sanitation,Dirty Conditions,E8 Canine Violation,Sidewalk,10460,1560 BOSTON ROAD,BOSTON ROAD,EAST 172 STREET,SUBURBAN PLACE,,,ADDRESS,BRONX,,N/A,Closed,,The Department of Sanitation investigated this complaint and found no violation at the location.,02/25/2021 12:00:00 PM,03 BRONX,2029670002,BRONX,1014197,243773,PHONE,Unspecified,BRONX,,,,,,,,40.83572512584115,-73.89177722724922,"(40.83572512584115, -73.89177722724922)"
49596640,01/22/2021 09:52:00 AM,01/27/2021 12:00:00 PM,DSNY,Department of Sanitation,Dirty Conditions,E8 Canine Violation,Sidewalk,11230,EAST    9 STREET,EAST    9 STREET,AVENUE N,AVENUE O,,,BLOCKFACE,BROOKLYN,,N/A,Closed,,The Department of Sanitation investigated this complaint and found no violation at the location.,01/27/2021 12:00:00 PM,12 BROOKLYN,,BROOKLYN,993958,162851,PHONE,Unspecified,BROOKLYN,,,,,,,,40.61365946531711,-73.9650338469401,"(40.61365946531711, -73.9650338469401)"
49596638,01/22/2021 07:43:00 AM,02/22/2021 12:00:00 PM,DSNY,Department of Sanitation,Dirty Conditions,E8 Canine Violation,Sidewalk,,,,,,SECOND AVENUE,SECOND AVENUE,INTERSECTION,,,N/A,Closed,,The Department of Sanitation investigated this complaint and found no violation at the location.,02/22/2021 12:00:00 PM,06 MANHATTAN,,MANHATTAN,,,PHONE,Unspecified,MANHATTAN,,,,,,,,,,
49597557,01/21/2021 09:49:00 PM,01/23/2021 12:00:00 PM,DSNY,Department of Sanitation,Dirty Conditions,E8 Canine Violation,Sidewalk,11208,570 HEMLOCK STREET,HEMLOCK STREET,PITKIN AVENUE,BELMONT AVENUE,,,ADDRESS,BROOKLYN,,N/A,Closed,,The Department of Sanitation investigated this complaint and found no violation at the location.,01/23/2021 12:00:00 PM,05 BROOKLYN,3042350034,BROOKLYN,1020590,185264,ONLINE,Unspecified,BROOKLYN,,,,,,,,40.675109049152006,-73.8689903985005,"(40.675109049152006, -73.8689903985005)"
49601619,01/21/2021 06:51:00 PM,01/25/2021 12:00:00 PM,DSNY,Department of Sanitation,Dirty Conditions,E8 Canine Violation,Sidewalk,11230,903 EAST   19 STREET,EAST   19 STREET,DEAD END,AVENUE I,,,ADDRESS,BROOKLYN,,N/A,Closed,,The Department of Sanitation investigated this complaint and found no violation at the location.,01/25/2021 12:00:00 PM,14 BROOKLYN,3067030017,BROOKLYN,995868,168273,PHONE,Unspecified,BROOKLYN,,,,,,,,40.62853942466118,-73.9581451026604,"(40.62853942466118, -73.9581451026604)"
49601697,01/21/2021 04:59:00 PM,02/25/2021 12:00:00 PM,DSNY,Department of Sanitation,Dirty Conditions,E8 Canine Violation,Sidewalk,11412,118-44 204 STREET,204 STREET,118 AVENUE,119 AVENUE,,,ADDRESS,Saint Albans,,N/A,Closed,,The Department of Sanitation investigated this complaint and found no violation at the location.,02/25/2021 12:00:00 PM,12 QUEENS,4126380016,QUEENS,1054280,192130,PHONE,Unspecified,QUEENS,,,,,,,,40.69375216732375,-73.74746348249474,"(40.69375216732375, -73.74746348249474)"
49601677,01/21/2021 04:42:00 PM,02/22/2021 12:00:00 PM,DSNY,Department of Sanitation,Dirty Conditions,E8 Canine Violation,Sidewalk,10022,360 EAST   55 STREET,EAST   55 STREET,2 AVENUE,1 AVENUE,,,ADDRESS,NEW YORK,,N/A,Closed,,The Department of Sanitation investigated this complaint and found no violation at the location.,02/22/2021 12:00:00 PM,06 MANHATTAN,1013470030,MANHATTAN,993981,215228,PHONE,Unspecified,MANHATTAN,,,,,,,,40.75742227906521,-73.9648753608446,"(40.75742227906521, -73.9648753608446)"
49597629,01/21/2021 02:57:00 PM,02/23/2021 12:00:00 PM,DSNY,Department of Sanitation,Dirty Conditions,E8 Canine Violation,Sidewalk,,,,,,37 AVENUE,37 AVENUE,INTERSECTION,,,N/A,Closed,,The Department of Sanitation investigated this complaint and found no violation at the location.,02/23/2021 12:00:00 PM,03 QUEENS,,QUEENS,,,PHONE,Unspecified,QUEENS,,,,,,,,,,
49591606,01/21/2021 08:27:00 AM,01/25/2021 12:00:00 PM,DSNY,Department of Sanitation,Dirty Conditions,E8 Canine Violation,Sidewalk,,,,,,EAST 52 STREET,EAST 52 STREET,INTERSECTION,,,N/A,Closed,,The Department of Sanitation investigated this complaint and found no violation at the location.,01/25/2021 12:00:00 PM,17 BROOKLYN,,BROOKLYN,,,PHONE,Unspecified,BROOKLYN,,,,,,,,,,
49586806,01/21/2021 08:26:00 AM,01/25/2021 12:00:00 PM,DSNY,Department of Sanitation,Dirty Conditions,E8 Canine Violation,Sidewalk,,,,,,EAST 53 STREET,EAST 53 STREET,INTERSECTION,,,N/A,Closed,,The Department of Sanitation investigated this complaint and found no violation at the location.,01/25/2021 12:00:00 PM,17 BROOKLYN,,BROOKLYN,,,PHONE,Unspecified,BROOKLYN,,,,,,,,,,
49586700,01/20/2021 11:37:00 PM,01/25/2021 12:00:00 PM,DSNY,Department of Sanitation,Dirty Conditions,E8 Canine Violation,Sidewalk,11203,190 EAST   52 STREET,EAST   52 STREET,CLARKSON AVENUE,LENOX ROAD,,,ADDRESS,BROOKLYN,,N/A,Closed,,The Department of Sanitation investigated this complaint and found no violation at the location.,01/25/2021 12:00:00 PM,17 BROOKLYN,3046380010,BROOKLYN,1003967,178425,ONLINE,Unspecified,BROOKLYN,,,,,,,,40.65639015067885,-73.92893806203793,"(40.65639015067885, -73.92893806203793)"
49587504,01/20/2021 07:45:00 PM,02/25/2021 12:00:00 PM,DSNY,Department of Sanitation,Dirty Conditions,E8 Canine Violation,Sidewalk,11427,89-23 211 STREET,211 STREET,89 AVENUE,89 ROAD,,,ADDRESS,Queens Village,,N/A,Closed,,The Department of Sanitation investigated this complaint and found no violation at the location.,02/25/2021 12:00:00 PM,13 QUEENS,4105790090,QUEENS,1052498,202350,PHONE,Unspecified,QUEENS,,,,,,,,40.72181746134854,-73.75378596371235,"(40.72181746134854, -73.75378596371235)"
49592412,01/20/2021 07:40:00 PM,02/22/2021 12:00:00 PM,DSNY,Department of Sanitation,Dirty Conditions,E8 Canine Violation,Sidewalk,,,,,,LENOX AVENUE,LENOX AVENUE,INTERSECTION,,,N/A,Closed,,The Department of Sanitation investigated this complaint and found no violation at the location.,02/22/2021 12:00:00 PM,10 MANHATTAN,,MANHATTAN,,,PHONE,Unspecified,MANHATTAN,,,,,,,,,,
49593492,01/20/2021 04:03:00 PM,01/22/2021 12:00:00 PM,DSNY,Department of Sanitation,Dirty Conditions,E8 Canine Violation,Sidewalk,10467,2735 WALLACE AVENUE,WALLACE AVENUE,ALLERTON AVENUE,ARNOW AVENUE,,,ADDRESS,BRONX,,N/A,Closed,,The Department of Sanitation investigated this complaint and found no violation at the location.,01/22/2021 12:00:00 PM,11 BRONX,2045110045,BRONX,1021741,254859,PHONE,Unspecified,BRONX,,,,,,,,40.866124070521046,-73.86445268987539,"(40.866124070521046, -73.86445268987539)"
49574207,01/20/2021 02:07:00 AM,01/21/2021 12:00:00 PM,DSNY,Department of Sanitation,Dirty Conditions,E8 Canine Violation,Sidewalk,10451,443 EAST  162 STREET,EAST  162 STREET,MELROSE AVENUE,DEAD END,,,ADDRESS,BRONX,,N/A,Closed,,The Department of Sanitation investigated this complaint and found no violation at the location.,01/21/2021 12:00:00 PM,03 BRONX,2023840123,BRONX,1008475,239669,PHONE,Unspecified,BRONX,,,,,,,,40.824478376951625,-73.91247025321749,"(40.824478376951625, -73.91247025321749)"
49578828,01/19/2021 10:04:00 PM,02/27/2021 12:00:00 PM,DSNY,Department of Sanitation,Dirty Conditions,E8 Canine Violation,Sidewalk,11358,45-35 163 STREET,163 STREET,45 AVENUE,46 AVENUE,,,ADDRESS,Flushing,,N/A,Closed,,The Department of Sanitation investigated this complaint and found no violation at the location.,02/27/2021 12:00:00 PM,07 QUEENS,4054420023,QUEENS,1038629,214511,ONLINE,Unspecified,QUEENS,,,,,,,,40.75529243286819,-73.80372179343651,"(40.75529243286819, -73.80372179343651)"
49584583,01/19/2021 08:27:00 PM,01/21/2021 12:00:00 PM,DSNY,Department of Sanitation,Dirty Conditions,E8 Canine Violation,Sidewalk,10462,2100 EAST TREMONT AVENUE,EAST TREMONT AVENUE,DOGWOOD DRIVE,ELM DRIVE,,,ADDRESS,BRONX,,N/A,Closed,,The Department of Sanitation investigated this complaint and found no violation at the location.,01/21/2021 12:00:00 PM,09 BRONX,2039447501,BRONX,1023642,246062,PHONE,Unspecified,BRONX,,,,,,,,40.841970678978335,-73.85763139903052,"(40.841970678978335, -73.85763139903052)"
49584567,01/19/2021 08:04:00 PM,02/27/2021 12:00:00 PM,DSNY,Department of Sanitation,Dirty Conditions,E8 Canine Violation,Sidewalk,11435,141-52 85 ROAD,85 ROAD,84 DRIVE,143 STREET,,,ADDRESS,Jamaica,,N/A,Closed,,The Department of Sanitation investigated this complaint and found no violation at the location.,02/27/2021 12:00:00 PM,08 QUEENS,4097110056,QUEENS,1035593,197856,PHONE,Unspecified,QUEENS,,,,,,,,40.70959680128682,-73.81480713795781,"(40.70959680128682, -73.81480713795781)"
49580586,01/19/2021 07:40:00 PM,02/22/2021 12:00:00 PM,DSNY,Department of Sanitation,Dirty Conditions,E8 Canine Violation,Sidewalk,10040,25 HILLSIDE AVENUE,HILLSIDE AVENUE,BOGARDUS PLACE,ELLWOOD STREET,,,ADDRESS,NEW YORK,,N/A,Closed,,The Department of Sanitation investigated this complaint and found no violation at the location.,02/22/2021 12:00:00 PM,12 MANHATTAN,1021700112,MANHATTAN,1003608,252132,ONLINE,Unspecified,MANHATTAN,,,,,,,,40.85869767003651,-73.93001970962116,"(40.85869767003651, -73.93001970962116)"
49566471,01/19/2021 09:26:00 AM,01/19/2021 12:00:00 PM,DSNY,Department of Sanitation,Dirty Conditions,E8 Canine Violation,Sidewalk,10467,415 EAST  203 STREET,EAST  203 STREET,WEBSTER AVENUE,DEAD END,,,ADDRESS,BRONX,,N/A,Closed,,The Department of Sanitation investigated this complaint and found no violation at the location.,01/19/2021 12:00:00 PM,07 BRONX,2033300060,BRONX,1018204,256370,ONLINE,Unspecified,BRONX,,,,,,,,40.87028561449553,-73.87723290733139,"(40.87028561449553, -73.87723290733139)"
49567311,01/19/2021 06:02:00 AM,02/27/2021 12:00:00 PM,DSNY,Department of Sanitation,Dirty Conditions,E8 Canine Violation,Sidewalk,10468,2766 UNIVERSITY AVENUE,UNIVERSITY AVENUE,WEST 195 STREET,STRONG STREET,,,ADDRESS,BRONX,,N/A,Closed,,The Department of Sanitation investigated this complaint and found no violation at the location.,02/27/2021 12:00:00 PM,08 BRONX,2032490006,BRONX,1012045,256472,ONLINE,Unspecified,BRONX,,,,,,,,40.87058711604498,-73.89950148894867,"(40.87058711604498, -73.89950148894867)"
49565337,01/18/2021 09:00:00 PM,01/19/2021 12:00:00 PM,DSNY,Department of Sanitation,Dirty Conditions,E8 Canine Violation,Sidewalk,11212,1028 RUTLAND ROAD,RUTLAND ROAD,EAST 94 STREET,EAST 95 STREET,,,ADDRESS,BROOKLYN,,N/A,Closed,,The Department of Sanitation investigated this complaint and found no violation at the location.,01/19/2021 12:00:00 PM,17 BROOKLYN,3046130008,BROOKLYN,1004875,180882,PHONE,Unspecified,BROOKLYN,,,,,,,,40.66313200390999,-73.92565803018343,"(40.66313200390999, -73.92565803018343)"
49564070,01/18/2021 08:03:00 PM,01/21/2021 12:00:00 PM,DSNY,Department of Sanitation,Dirty Conditions,E8 Canine Violation,Sidewalk,10466,4257 CARPENTER AVENUE,CARPENTER AVENUE,EAST 235 STREET,EAST 236 STREET,,,ADDRESS,BRONX,,N/A,Closed,,The Department of Sanitation investigated this complaint and found no violation at the location.,01/21/2021 12:00:00 PM,12 BRONX,2049930068,BRONX,1023138,265745,PHONE,Unspecified,BRONX,,,,,,,,40.89599667126169,-73.85933869722189,"(40.89599667126169, -73.85933869722189)"
49562040,01/18/2021 01:12:00 PM,01/19/2021 12:00:00 PM,DSNY,Department of Sanitation,Dirty Conditions,E8 Canine Violation,Sidewalk,10461,1300 ELLISON AVENUE,ELLISON AVENUE,WATERBURY AVENUE,LATTING STREET,,,ADDRESS,BRONX,,N/A,Closed,,The Department of Sanitation investigated this complaint and found no violation at the location.,01/19/2021 12:00:00 PM,10 BRONX,2053490001,BRONX,1029713,244049,ONLINE,Unspecified,BRONX,,,,,,,,40.836416420145035,-73.83570358719176,"(40.836416420145035, -73.83570358719176)"
49561515,01/18/2021 12:27:00 PM,01/19/2021 12:00:00 PM,DSNY,Department of Sanitation,Dirty Conditions,E8 Canine Violation,Sidewalk,11105,21-67 38 STREET,38 STREET,21 AVENUE,DITMARS BOULEVARD,,,ADDRESS,Astoria,,N/A,Closed,,The Department of Sanitation investigated this complaint and found no violation at the location.,01/19/2021 12:00:00 PM,01 QUEENS,4008070007,QUEENS,1010243,221234,PHONE,Unspecified,QUEENS,,,,,,,,40.77387433391683,-73.9061534833197,"(40.77387433391683, -73.9061534833197)"
49560998,01/17/2021 04:14:00 PM,01/19/2021 12:00:00 PM,DSNY,Department of Sanitation,Dirty Conditions,E8 Canine Violation,Sidewalk,10467,375 EAST  205 STREET,EAST  205 STREET,DECATUR AVENUE,WEBSTER AVENUE,,,ADDRESS,BRONX,,N/A,Closed,,The Department of Sanitation investigated this complaint and found no violation at the location.,01/19/2021 12:00:00 PM,07 BRONX,2033540047,BRONX,1018708,257430,PHONE,Unspecified,BRONX,,,,,,,,40.8731930336051,-73.87540515130969,"(40.8731930336051, -73.87540515130969)"
49562976,01/17/2021 02:05:00 PM,01/19/2021 12:00:00 PM,DSNY,Department of Sanitation,Dirty Conditions,E8 Canine Violation,Sidewalk,11435,88-02 150 STREET,150 STREET,88 AVENUE,89 AVENUE,,,ADDRESS,Jamaica,,N/A,Closed,,The Department of Sanitation investigated this complaint and found no violation at the location.,01/19/2021 12:00:00 PM,12 QUEENS,4096930029,QUEENS,1038020,196376,ONLINE,Unspecified,QUEENS,,,,,,,,40.70552014476503,-73.8060648589245,"(40.70552014476503, -73.8060648589245)"
49559521,01/17/2021 01:00:00 PM,01/19/2021 12:00:00 PM,DSNY,Department of Sanitation,Dirty Conditions,E8 Canine Violation,Sidewalk,11238,375 LINCOLN PLACE,LINCOLN PLACE,UNDERHILL AVENUE,WASHINGTON AVENUE,,,ADDRESS,BROOKLYN,,N/A,Closed,,The Department of Sanitation investigated this complaint and found no violation at the location.,01/19/2021 12:00:00 PM,08 BROOKLYN,3011760047,BROOKLYN,994293,184469,ONLINE,Unspecified,BROOKLYN,,,,,,,,40.672995845212846,-73.96379506641603,"(40.672995845212846, -73.96379506641603)"
49558777,01/17/2021 11:54:00 AM,01/19/2021 12:00:00 PM,DSNY,Department of Sanitation,Dirty Conditions,E8 Canine Violation,Sidewalk,10463,237 WEST  230 STREET,WEST  230 STREET,GODWIN TERRACE,KINGSBRIDGE AVENUE,,,ADDRESS,BRONX,,N/A,Closed,,The Department of Sanitation investigated this complaint and found no violation at the location.,01/19/2021 12:00:00 PM,08 BRONX,2057030165,BRONX,1009829,259090,ONLINE,Unspecified,BRONX,,,,,,,,40.87777941643627,-73.90750388897129,"(40.87777941643627, -73.90750388897129)"
49552780,01/16/2021 01:54:00 PM,01/19/2021 12:00:00 PM,DSNY,Department of Sanitation,Dirty Conditions,E8 Canine Violation,Sidewalk,11416,84-01 102 ROAD,102 ROAD,84 STREET,86 STREET,,,ADDRESS,Ozone Park,,N/A,Closed,,The Department of Sanitation investigated this complaint and found no violation at the location.,01/19/2021 12:00:00 PM,09 QUEENS,4090850038,QUEENS,1024619,187184,PHONE,Unspecified,QUEENS,,,,,,,,40.680361551760605,-73.85445394551206,"(40.680361551760605, -73.85445394551206)"
49551022,01/16/2021 11:26:00 AM,01/19/2021 12:00:00 PM,DSNY,Department of Sanitation,Dirty Conditions,E8 Canine Violation,Sidewalk,10468,2603 SEDGEWICK AVENUE,SEDGEWICK AVENUE,BAILEY AVENUE,WEST KINGSBRIDGE ROAD,,,ADDRESS,BRONX,,N/A,Closed,,The Department of Sanitation investigated this complaint and found no violation at the location.,01/19/2021 12:00:00 PM,07 BRONX,2032370120,BRONX,1010314,255810,PHONE,Unspecified,BRONX,,,,,,,,40.86877541036079,-73.90576284375888,"(40.86877541036079, -73.90576284375888)"
49549194,01/16/2021 07:52:00 AM,01/19/2021 12:00:00 PM,DSNY,Department of Sanitation,Dirty Conditions,E8 Canine Violation,Sidewalk,11377,41-08 53 STREET,53 STREET,SKILLMAN AVENUE,FLUSHING LINE,,,ADDRESS,Woodside,,N/A,Closed,,The Department of Sanitation investigated this complaint and found no violation at the location.,01/19/2021 12:00:00 PM,02 QUEENS,4013150055,QUEENS,1008821,210871,ONLINE,Unspecified,QUEENS,,,,,,,,40.74543463548038,-73.91132541980492,"(40.74543463548038, -73.91132541980492)"
49552229,01/15/2021 05:29:00 PM,01/19/2021 12:00:00 PM,DSNY,Department of Sanitation,Dirty Conditions,E8 Canine Violation,Sidewalk,11226,330 EAST   32 STREET,EAST   32 STREET,CLARENDON ROAD,AVENUE D,,,ADDRESS,BROOKLYN,,N/A,Closed,,The Department of Sanitation investigated this complaint and found no violation at the location.,01/19/2021 12:00:00 PM,17 BROOKLYN,3049480018,BROOKLYN,999020,173370,ONLINE,Unspecified,BROOKLYN,,,,,,,,40.64252490833231,-73.94677858321539,"(40.64252490833231, -73.94677858321539)"
49553143,01/15/2021 04:52:00 PM,01/19/2021 12:00:00 PM,DSNY,Department of Sanitation,Dirty Conditions,E8 Canine Violation,Sidewalk,11105,20-60 27 STREET,27 STREET,20 AVENUE,21 AVENUE,,,ADDRESS,Astoria,,N/A,Closed,,The Department of Sanitation investigated this complaint and found no violation at the location.,01/19/2021 12:00:00 PM,01 QUEENS,4008600071,QUEENS,1009180,223589,PHONE,Unspecified,QUEENS,,,,,,,,40.78034124731139,-73.90998265506104,"(40.78034124731139, -73.90998265506104)"
49548706,01/15/2021 01:28:00 PM,01/19/2021 12:00:00 PM,DSNY,Department of Sanitation,Dirty Conditions,E8 Canine Violation,Sidewalk,10032,531 WEST  159 STREET,WEST  159 STREET,AMSTERDAM AVENUE,BROADWAY,,,ADDRESS,NEW YORK,,N/A,Closed,,The Department of Sanitation investigated this complaint and found no violation at the location.,01/19/2021 12:00:00 PM,12 MANHATTAN,1021187501,MANHATTAN,1000288,243317,ONLINE,Unspecified,MANHATTAN,,,,,,,,40.834509749937396,-73.94204278198595,"(40.834509749937396, -73.94204278198595)"
49545486,01/15/2021 10:35:00 AM,01/15/2021 12:00:00 PM,DSNY,Department of Sanitation,Dirty Conditions,E8 Canine Violation,Sidewalk,11235,702 MANOR COURT,MANOR COURT,EAST 7 STREET,CONEY ISLAND AVENUE,,,ADDRESS,BROOKLYN,,N/A,Closed,,The Department of Sanitation investigated this complaint and found no violation at the location.,01/15/2021 12:00:00 PM,13 BROOKLYN,3072440069,BROOKLYN,994907,152901,PHONE,Unspecified,BROOKLYN,,,,,,,,40.586347643731585,-73.96163144836333,"(40.586347643731585, -73.96163144836333)"
49548681,01/14/2021 03:40:00 PM,01/15/2021 12:00:00 PM,DSNY,Department of Sanitation,Dirty Conditions,E8 Canine Violation,Sidewalk,10469,2358 TIEMANN AVENUE,TIEMANN AVENUE,ASTOR AVENUE,WARING AVENUE,,,ADDRESS,BRONX,,N/A,Closed,,The Department of Sanitation investigated this complaint and found no violation at the location.,01/15/2021 12:00:00 PM,11 BRONX,2044040025,BRONX,1029040,252662,PHONE,Unspecified,BRONX,,,,,,,,40.86005996238331,-73.83807816601596,"(40.86005996238331, -73.83807816601596)"
49546620,01/14/2021 03:04:00 PM,01/15/2021 12:00:00 PM,DSNY,Department of Sanitation,Dirty Conditions,E8 Canine Violation,Sidewalk,11207,18 DE SALES PLACE,DE SALES PLACE,BROADWAY,BUSHWICK AVENUE,,,ADDRESS,BROOKLYN,,N/A,Closed,,The Department of Sanitation investigated this complaint and found no violation at the location.,01/15/2021 12:00:00 PM,04 BROOKLYN,3034700015,BROOKLYN,1010354,187361,ONLINE,Unspecified,BROOKLYN,,,,,,,,40.680900938145996,-73.90588412099751,"(40.680900938145996, -73.90588412099751)"
49543551,01/14/2021 02:39:00 PM,01/15/2021 12:00:00 PM,DSNY,Department of Sanitation,Dirty Conditions,E8 Canine Violation,Sidewalk,11378,52-04 69 PLACE,69 PLACE,52 AVENUE,52 DRIVE,,,ADDRESS,Maspeth,,N/A,Closed,,The Department of Sanitation investigated this complaint and found no violation at the location.,01/15/2021 12:00:00 PM,05 QUEENS,4024780032,QUEENS,1013357,206460,ONLINE,Unspecified,QUEENS,,,,,,,,40.73331377728994,-73.89497449492171,"(40.73331377728994, -73.89497449492171)"
49537743,01/14/2021 10:36:00 AM,01/19/2021 12:00:00 PM,DSNY,Department of Sanitation,Dirty Conditions,E8 Canine Violation,Sidewalk,10468,2291 UNIVERSITY AVENUE,UNIVERSITY AVENUE,WEST 183 STREET,MICHAEL REIDY PATHWAY,,,ADDRESS,BRONX,,N/A,Closed,,The Department of Sanitation investigated this complaint and found no violation at the location.,01/19/2021 12:00:00 PM,07 BRONX,2032180064,BRONX,1010035,252875,ONLINE,Unspecified,BRONX,,,,,,,,40.86072054865501,-73.90678288969215,"(40.86072054865501, -73.90678288969215)"
49534821,01/14/2021 10:33:00 AM,01/15/2021 12:00:00 PM,DSNY,Department of Sanitation,Dirty Conditions,E8 Canine Violation,Sidewalk,10304,588 TARGEE STREET,TARGEE STREET,ELLINGTON STREET,MARY STREET,,,ADDRESS,STATEN ISLAND,,N/A,Closed,,The Department of Sanitation investigated this complaint and found no violation at the location.,01/15/2021 12:00:00 PM,01 STATEN ISLAND,5028790091,STATEN ISLAND,960607,162390,PHONE,Unspecified,STATEN ISLAND,,,,,,,,40.612367890506206,-74.08515542544507,"(40.612367890506206, -74.08515542544507)"
49536296,01/14/2021 09:32:00 AM,01/19/2021 12:00:00 PM,DSNY,Department of Sanitation,Dirty Conditions,E8 Canine Violation,Sidewalk,,,,,,BELMONT AVENUE,BELMONT AVENUE,INTERSECTION,,,N/A,Closed,,The Department of Sanitation investigated this complaint and found no violation at the location.,01/19/2021 12:00:00 PM,06 BRONX,,BRONX,,,PHONE,Unspecified,BRONX,,,,,,,,,,
49535579,01/14/2021 05:43:00 AM,01/14/2021 12:00:00 PM,DSNY,Department of Sanitation,Dirty Conditions,E8 Canine Violation,Sidewalk,11204,1789 68 STREET,68 STREET,17 AVENUE,18 AVENUE,,,ADDRESS,BROOKLYN,,N/A,Closed,,The Department of Sanitation investigated this complaint and found no violation at the location.,01/14/2021 12:00:00 PM,11 BROOKLYN,3055680042,BROOKLYN,986348,164324,PHONE,Unspecified,BROOKLYN,,,,,,,,40.61770761532048,-73.99244299174083,"(40.61770761532048, -73.99244299174083)"
49529420,01/13/2021 12:16:00 PM,01/21/2021 12:00:00 PM,DSNY,Department of Sanitation,Dirty Conditions,E8 Canine Violation,Sidewalk,10455,535 UNION AVENUE,UNION AVENUE,EAST 147 STREET,EAST 149 STREET,,,ADDRESS,BRONX,,N/A,Closed,,The Department of Sanitation investigated this complaint and found no violation at the location.,01/21/2021 12:00:00 PM,01 BRONX,2025827501,BRONX,1010390,235149,PHONE,Unspecified,BRONX,,,,,,,,40.812066795316284,-73.90556858803834,"(40.812066795316284, -73.90556858803834)"
49532499,01/13/2021 11:12:00 AM,01/14/2021 12:00:00 PM,DSNY,Department of Sanitation,Dirty Conditions,E8 Canine Violation,Sidewalk,,,,,,AVENUE P,AVENUE P,INTERSECTION,,,N/A,Closed,,The Department of Sanitation investigated this complaint and found no violation at the location.,01/14/2021 12:00:00 PM,15 BROOKLYN,,BROOKLYN,,,PHONE,Unspecified,BROOKLYN,,,,,,,,,,
49532489,01/13/2021 10:18:00 AM,01/13/2021 12:00:00 PM,DSNY,Department of Sanitation,Dirty Conditions,E8 Canine Violation,Sidewalk,11234,1980 BERGEN AVENUE,BERGEN AVENUE,COVE LANE,AVENUE T,,,ADDRESS,BROOKLYN,,N/A,Closed,,The Department of Sanitation investigated this complaint and found no violation at the location.,01/13/2021 12:00:00 PM,18 BROOKLYN,3083747505,BROOKLYN,1010123,166837,PHONE,Unspecified,BROOKLYN,,,,,,,,40.62456774391899,-73.90679570650966,"(40.62456774391899, -73.90679570650966)"
49528066,01/13/2021 09:52:00 AM,01/13/2021 12:00:00 PM,DSNY,Department of Sanitation,Dirty Conditions,E8 Canine Violation,Sidewalk,11358,43-68 160 STREET,160 STREET,43 AVENUE,45 AVENUE,,,ADDRESS,Flushing,,N/A,Closed,,The Department of Sanitation investigated this complaint and found no violation at the location.,01/13/2021 12:00:00 PM,07 QUEENS,4054170071,QUEENS,1037955,215657,PHONE,Unspecified,QUEENS,,,,,,,,40.75844202237483,-73.80614539982311,"(40.75844202237483, -73.80614539982311)"
49528784,01/13/2021 08:47:00 AM,01/19/2021 12:00:00 PM,DSNY,Department of Sanitation,Dirty Conditions,E8 Canine Violation,Sidewalk,10461,3066 BUHRE AVENUE,BUHRE AVENUE,DR SALVATORE PAUL SQUITIERI WAY,MAHAN AVENUE,,,ADDRESS,BRONX,,N/A,Closed,,The Department of Sanitation investigated this complaint and found no violation at the location.,01/19/2021 12:00:00 PM,10 BRONX,2041760003,BRONX,1031200,248176,PHONE,Unspecified,BRONX,,,,,,,,40.84773602812143,-73.83030091407164,"(40.84773602812143, -73.83030091407164)"
49528086,01/13/2021 08:14:00 AM,01/13/2021 12:00:00 PM,DSNY,Department of Sanitation,Dirty Conditions,E8 Canine Violation,Sidewalk,11203,578 EAST   53 STREET,EAST   53 STREET,BEVERLEY ROAD,CLARENDON ROAD,,,ADDRESS,BROOKLYN,,N/A,Closed,,The Department of Sanitation investigated this complaint and found no violation at the location.,01/13/2021 12:00:00 PM,17 BROOKLYN,3047630024,BROOKLYN,1004564,174466,PHONE,Unspecified,BROOKLYN,,,,,,,,40.64552221074894,-73.92679834213611,"(40.64552221074894, -73.92679834213611)"
49531233,01/12/2021 09:38:00 PM,01/19/2021 12:00:00 PM,DSNY,Department of Sanitation,Dirty Conditions,E8 Canine Violation,Sidewalk,10457,4221 PARK AVENUE,PARK AVENUE,EAST TREMONT AVENUE,EAST 178 STREET,,,ADDRESS,BRONX,,N/A,Closed,,The Department of Sanitation investigated this complaint and found no violation at the location.,01/19/2021 12:00:00 PM,06 BRONX,2030270041,BRONX,1012150,248237,ONLINE,Unspecified,BRONX,,,,,,,,40.84798419823404,-73.89915611829942,"(40.84798419823404, -73.89915611829942)"
49531867,01/12/2021 07:04:00 PM,01/13/2021 12:00:00 PM,DSNY,Department of Sanitation,Dirty Conditions,E8 Canine Violation,Sidewalk,11234,1201 EAST   73 STREET,EAST   73 STREET,AVENUE L,AVENUE M,,,ADDRESS,BROOKLYN,,N/A,Closed,,The Department of Sanitation investigated this complaint and found no violation at the location.,01/13/2021 12:00:00 PM,18 BROOKLYN,3083600037,BROOKLYN,1008238,167646,ONLINE,Unspecified,BROOKLYN,,,,,,,,40.626793582678175,-73.91358330704695,"(40.626793582678175, -73.91358330704695)"
49531872,01/12/2021 06:18:00 PM,01/19/2021 12:00:00 PM,DSNY,Department of Sanitation,Dirty Conditions,E8 Canine Violation,Sidewalk,10038,249 WATER STREET,WATER STREET,BEEKMAN STREET,PECK SLIP,,,ADDRESS,NEW YORK,,N/A,Closed,,The Department of Sanitation investigated this complaint and found no violation at the location.,01/19/2021 12:00:00 PM,01 MANHATTAN,1000977501,MANHATTAN,983624,197251,ONLINE,Unspecified,MANHATTAN,,,,,,,,40.70808516444578,-74.00225791278918,"(40.70808516444578, -74.00225791278918)"
49520041,01/12/2021 10:35:00 AM,01/12/2021 12:00:00 PM,DSNY,Department of Sanitation,Dirty Conditions,E8 Canine Violation,Sidewalk,10019,606 WEST   57 STREET,WEST   57 STREET,11 AVENUE,12 AVENUE,,,ADDRESS,NEW YORK,,N/A,Closed,,The Department of Sanitation investigated this complaint and found no violation at the location.,01/12/2021 12:00:00 PM,04 MANHATTAN,1011040031,MANHATTAN,986481,220002,PHONE,Unspecified,MANHATTAN,,,,,,,,40.77053075115638,-73.99194548427923,"(40.77053075115638, -73.99194548427923)"
49524332,01/11/2021 08:25:00 PM,01/12/2021 12:00:00 PM,DSNY,Department of Sanitation,Dirty Conditions,E8 Canine Violation,Sidewalk,11368,99-11 CORONA AVENUE,CORONA AVENUE,99 STREET,102 STREET,,,ADDRESS,Corona,,N/A,Closed,,The Department of Sanitation investigated this complaint and found no violation at the location.,01/12/2021 12:00:00 PM,04 QUEENS,4016290109,QUEENS,1022292,210535,ONLINE,Unspecified,QUEENS,,,,,,,,40.74446471122471,-73.86271173033944,"(40.74446471122471, -73.86271173033944)"
49522235,01/11/2021 07:35:00 PM,01/12/2021 12:00:00 PM,DSNY,Department of Sanitation,Dirty Conditions,E8 Canine Violation,Sidewalk,10030,140 WEST  133 STREET,WEST  133 STREET,LENOX AVENUE,ADAM CLAYTON POWELL JR BOULEVARD,,,ADDRESS,NEW YORK,,N/A,Closed,,The Department of Sanitation investigated this complaint and found no violation at the location.,01/12/2021 12:00:00 PM,10 MANHATTAN,1019170049,MANHATTAN,999955,235632,PHONE,Unspecified,MANHATTAN,,,,,,,,40.8134172084023,-73.94326414562484,"(40.8134172084023, -73.94326414562484)"
49520017,01/11/2021 05:44:00 PM,01/19/2021 12:00:00 PM,DSNY,Department of Sanitation,Dirty Conditions,E8 Canine Violation,Sidewalk,10462,1814 RADCLIFF AVENUE,RADCLIFF AVENUE,MORRIS PARK AVENUE,RHINELANDER AVENUE,,,ADDRESS,BRONX,,N/A,Closed,,The Department of Sanitation investigated this complaint and found no violation at the location.,01/19/2021 12:00:00 PM,11 BRONX,2041260043,BRONX,1023686,248340,PHONE,Unspecified,BRONX,,,,,,,,40.848222915615686,-73.85745897966154,"(40.848222915615686, -73.85745897966154)"
49521152,01/11/2021 05:21:00 PM,01/13/2021 12:00:00 PM,DSNY,Department of Sanitation,Dirty Conditions,E8 Canine Violation,Sidewalk,11215,298 19 STREET,19 STREET,5 AVENUE,6 AVENUE,,,ADDRESS,BROOKLYN,,N/A,Closed,,The Department of Sanitation investigated this complaint and found no violation at the location.,01/13/2021 12:00:00 PM,07 BROOKLYN,3008850040,BROOKLYN,986916,180217,ONLINE,Unspecified,BROOKLYN,,,,,,,,40.661330346817756,-73.99039077259921,"(40.661330346817756, -73.99039077259921)"
49527492,01/11/2021 04:25:00 PM,01/19/2021 12:00:00 PM,DSNY,Department of Sanitation,Dirty Conditions,E8 Canine Violation,Sidewalk,10457,264 ECHO PLACE,ECHO PLACE,GRAND CONCOURSE,ANTHONY AVENUE,,,ADDRESS,BRONX,,N/A,Closed,,The Department of Sanitation investigated this complaint and found no violation at the location.,01/19/2021 12:00:00 PM,05 BRONX,2028090031,BRONX,1010816,248818,PHONE,Unspecified,BRONX,,,,,,,,40.84958298506529,-73.9039755233459,"(40.84958298506529, -73.9039755233459)"
49511037,01/11/2021 01:41:00 PM,01/12/2021 12:00:00 PM,DSNY,Department of Sanitation,Dirty Conditions,E8 Canine Violation,Sidewalk,11230,1474 EAST    9 STREET,EAST    9 STREET,AVENUE N,AVENUE O,,,ADDRESS,BROOKLYN,,N/A,Closed,,The Department of Sanitation investigated this complaint and found no violation at the location.,01/12/2021 12:00:00 PM,12 BROOKLYN,3065900138,BROOKLYN,993979,162689,PHONE,Unspecified,BROOKLYN,,,,,,,,40.613214785741874,-73.96495844282423,"(40.613214785741874, -73.96495844282423)"
49514500,01/10/2021 04:41:00 PM,01/12/2021 12:00:00 PM,DSNY,Department of Sanitation,Dirty Conditions,E8 Canine Violation,Sidewalk,10306,359 PETER AVENUE,PETER AVENUE,FALCON AVENUE,MILL ROAD,,,ADDRESS,STATEN ISLAND,,N/A,Closed,,The Department of Sanitation investigated this complaint and found no violation at the location.,01/12/2021 12:00:00 PM,03 STATEN ISLAND,5040070183,STATEN ISLAND,952494,143598,PHONE,Unspecified,STATEN ISLAND,,,,,,,,40.56076227542845,-74.11428783056942,"(40.56076227542845, -74.11428783056942)"
49515680,01/10/2021 04:36:00 PM,01/12/2021 12:00:00 PM,DSNY,Department of Sanitation,Dirty Conditions,E8 Canine Violation,Sidewalk,,,,,,,,INTERSECTION,,,N/A,Closed,,The Department of Sanitation investigated this complaint and found no violation at the location.,01/12/2021 12:00:00 PM,Unspecified BROOKLYN,,BROOKLYN,,,PHONE,Unspecified,BROOKLYN,,,,,,,,,,
49514437,01/10/2021 03:04:00 PM,01/12/2021 12:00:00 PM,DSNY,Department of Sanitation,Dirty Conditions,E8 Canine Violation,Sidewalk,11355,57-29 136 STREET,136 STREET,57 AVENUE,57 ROAD,,,ADDRESS,Flushing,,N/A,Closed,,The Department of Sanitation investigated this complaint and found no violation at the location.,01/12/2021 12:00:00 PM,07 QUEENS,4063710050,QUEENS,1031591,211274,ONLINE,Unspecified,QUEENS,,,,,,,,40.74644818616808,-73.82914781197344,"(40.74644818616808, -73.82914781197344)"
49506685,01/10/2021 01:54:00 AM,01/19/2021 12:00:00 PM,DSNY,Department of Sanitation,Dirty Conditions,E8 Canine Violation,Sidewalk,10452,957 WOODYCREST AVENUE,WOODYCREST AVENUE,WEST 162 STREET,WEST 163 STREET,,,ADDRESS,BRONX,,N/A,Closed,,The Department of Sanitation investigated this complaint and found no violation at the location.,01/19/2021 12:00:00 PM,04 BRONX,2025110068,BRONX,1003936,242233,PHONE,Unspecified,BRONX,,,,,,,,40.8315271048226,-73.92886303221528,"(40.8315271048226, -73.92886303221528)"
49509134,01/09/2021 05:49:00 PM,01/19/2021 12:00:00 PM,DSNY,Department of Sanitation,Dirty Conditions,E8 Canine Violation,Sidewalk,10462,1658 HUNT AVENUE,HUNT AVENUE,DEAD END,VAN NEST AVENUE,,,ADDRESS,BRONX,,N/A,Closed,,The Department of Sanitation investigated this complaint and found no violation at the location.,01/19/2021 12:00:00 PM,11 BRONX,2040380025,BRONX,1021771,246509,ONLINE,Unspecified,BRONX,,,,,,,,40.84320570990311,-73.86439096181729,"(40.84320570990311, -73.86439096181729)"
49503203,01/09/2021 12:58:00 PM,01/19/2021 12:00:00 PM,DSNY,Department of Sanitation,Dirty Conditions,E8 Canine Violation,Sidewalk,10469,1042 EAST  211 STREET,EAST  211 STREET,PAULDING AVENUE,LACONIA AVENUE,,,ADDRESS,BRONX,,N/A,Closed,,The Department of Sanitation investigated this complaint and found no violation at the location.,01/19/2021 12:00:00 PM,12 BRONX,2046930056,BRONX,1023926,258148,ONLINE,Unspecified,BRONX,,,,,,,,40.87514180692678,-73.85653344226867,"(40.87514180692678, -73.85653344226867)"
49501430,01/09/2021 10:00:00 AM,01/12/2021 12:00:00 PM,DSNY,Department of Sanitation,Dirty Conditions,E8 Canine Violation,Sidewalk,11229,3048 AVENUE T,AVENUE T,FORD STREET,COYLE STREET,,,ADDRESS,BROOKLYN,,N/A,Closed,,The Department of Sanitation investigated this complaint and found no violation at the location.,01/12/2021 12:00:00 PM,15 BROOKLYN,3073390011,BROOKLYN,1001545,159037,ONLINE,Unspecified,BROOKLYN,,,,,,,,40.60317925868358,-73.93771685975757,"(40.60317925868358, -73.93771685975757)"
48600133,01/08/2021 01:03:00 PM,01/16/2021 12:00:00 PM,DSNY,Department of Sanitation,Dirty Conditions,E8 Canine Violation,Sidewalk,,,,,,EAST 183 STREET,EAST 183 STREET,INTERSECTION,,,N/A,Closed,,The Department of Sanitation investigated this complaint and found no violation at the location.,01/16/2021 12:00:00 PM,06 BRONX,,BRONX,,,PHONE,Unspecified,BRONX,,,,,,,,,,
48601247,01/08/2021 12:22:00 PM,01/12/2021 12:00:00 PM,DSNY,Department of Sanitation,Dirty Conditions,E8 Canine Violation,Sidewalk,11370,31-41 77 STREET,77 STREET,31 AVENUE,32 AVENUE,,,ADDRESS,East Elmhurst,,N/A,Closed,,The Department of Sanitation investigated this complaint and found no violation at the location.,01/12/2021 12:00:00 PM,03 QUEENS,4011480039,QUEENS,1014579,215424,PHONE,Unspecified,QUEENS,,,,,,,,40.757913585684726,-73.89052478807172,"(40.757913585684726, -73.89052478807172)"
48603315,01/07/2021 04:05:00 PM,01/14/2021 12:00:00 PM,DSNY,Department of Sanitation,Dirty Conditions,E8 Canine Violation,Sidewalk,11220,242 51 STREET,51 STREET,2 AVENUE,3 AVENUE,,,ADDRESS,BROOKLYN,,N/A,Closed,,The Department of Sanitation investigated this complaint and found no violation at the location.,01/14/2021 12:00:00 PM,07 BROOKLYN,3007970023,BROOKLYN,979663,175335,ONLINE,Unspecified,BROOKLYN,,,,,,,,40.64792953726907,-74.0165298849384,"(40.64792953726907, -74.0165298849384)"
48601246,01/07/2021 03:35:00 PM,01/15/2021 12:00:00 PM,DSNY,Department of Sanitation,Dirty Conditions,E8 Canine Violation,Sidewalk,10457,1940 CLINTON AVENUE,CLINTON AVENUE,FAIRMOUNT PLACE,EAST TREMONT AVENUE,,,ADDRESS,BRONX,,N/A,Closed,,The Department of Sanitation investigated this complaint and found no violation at the location.,01/15/2021 12:00:00 PM,06 BRONX,2029510041,BRONX,1014569,246973,PHONE,Unspecified,BRONX,,,,,,,,40.84450691785016,-73.89041842480547,"(40.84450691785016, -73.89041842480547)"
48588007,01/07/2021 12:24:00 PM,01/11/2021 12:00:00 PM,DSNY,Department of Sanitation,Dirty Conditions,E8 Canine Violation,Sidewalk,10038,18 DOVER STREET,DOVER STREET,WATER STREET,FRONT STREET,,,ADDRESS,NEW YORK,,N/A,Closed,,The Department of Sanitation investigated this complaint and found no violation at the location.,01/11/2021 12:00:00 PM,01 MANHATTAN,1001070028,MANHATTAN,984046,197450,ONLINE,Unspecified,MANHATTAN,,,,,,,,40.708631392146486,-74.00073581147507,"(40.708631392146486, -74.00073581147507)"
48591382,01/07/2021 10:57:00 AM,01/08/2021 12:00:00 PM,DSNY,Department of Sanitation,Dirty Conditions,E8 Canine Violation,Sidewalk,,,,,,,,INTERSECTION,,,N/A,Closed,,The Department of Sanitation investigated this complaint and found no violation at the location.,01/08/2021 12:00:00 PM,,,,,,PHONE,Unspecified,,,,,,,,,,,
48595895,01/07/2021 10:53:00 AM,01/08/2021 12:00:00 PM,DSNY,Department of Sanitation,Dirty Conditions,E8 Canine Violation,Sidewalk,11435,102-02 BRISBIN STREET,BRISBIN STREET,102 AVENUE,LIBERTY AVENUE,,,ADDRESS,Jamaica,,N/A,Closed,,The Department of Sanitation investigated this complaint and found no violation at the location.,01/08/2021 12:00:00 PM,12 QUEENS,4100190033,QUEENS,1037528,192253,PHONE,Unspecified,QUEENS,,,,,,,,40.69420647631866,-73.80787199188133,"(40.69420647631866, -73.80787199188133)"
48587992,01/06/2021 03:39:00 PM,01/08/2021 12:00:00 PM,DSNY,Department of Sanitation,Dirty Conditions,E8 Canine Violation,Sidewalk,11422,235-41 147 DRIVE,147 DRIVE,235 STREET,BROOKVILLE BOULEVARD,,,ADDRESS,Rosedale,,N/A,Closed,,The Department of Sanitation investigated this complaint and found no violation at the location.,01/08/2021 12:00:00 PM,13 QUEENS,4137290040,QUEENS,1054602,178454,PHONE,Unspecified,QUEENS,,,,,,,,40.65621223027713,-73.74644506978633,"(40.65621223027713, -73.74644506978633)"
48581665,01/05/2021 08:26:00 PM,01/06/2021 12:00:00 PM,DSNY,Department of Sanitation,Dirty Conditions,E8 Canine Violation,Sidewalk,11226,1160 ROGERS AVENUE,ROGERS AVENUE,CLARENDON ROAD,AVENUE D,,,ADDRESS,BROOKLYN,,N/A,Closed,,The Department of Sanitation investigated this complaint and found no violation at the location.,01/06/2021 12:00:00 PM,17 BROOKLYN,3051920030,BROOKLYN,997706,173067,ONLINE,Unspecified,BROOKLYN,,,,,,,,40.64169533232523,-73.95151398285236,"(40.64169533232523, -73.95151398285236)"
48580651,01/05/2021 07:18:00 PM,01/08/2021 12:00:00 PM,DSNY,Department of Sanitation,Dirty Conditions,E8 Canine Violation,Sidewalk,11355,57-29 136 STREET,136 STREET,57 AVENUE,57 ROAD,,,ADDRESS,Flushing,,N/A,Closed,,The Department of Sanitation investigated this complaint and found no violation at the location.,01/08/2021 12:00:00 PM,07 QUEENS,4063710050,QUEENS,1031591,211274,ONLINE,Unspecified,QUEENS,,,,,,,,40.74644818616808,-73.82914781197344,"(40.74644818616808, -73.82914781197344)"
48571250,01/05/2021 11:45:00 AM,01/08/2021 12:00:00 PM,DSNY,Department of Sanitation,Dirty Conditions,E8 Canine Violation,Sidewalk,10462,1535 UNIONPORT ROAD,UNIONPORT ROAD,STARLING AVENUE,METROPOLITAN OVAL,,,ADDRESS,BRONX,,N/A,Closed,,The Department of Sanitation investigated this complaint and found no condition at the location.,01/08/2021 12:00:00 PM,09 BRONX,2039387501,BRONX,1023791,244148,PHONE,Unspecified,BRONX,,,,,,,,40.83671664670343,-73.85710417597745,"(40.83671664670343, -73.85710417597745)"
48572398,01/05/2021 09:21:00 AM,01/06/2021 12:00:00 PM,DSNY,Department of Sanitation,Dirty Conditions,E8 Canine Violation,Sidewalk,11208,632 CRESCENT STREET,CRESCENT STREET,SUTTER AVENUE,BLAKE AVENUE,,,ADDRESS,BROOKLYN,,N/A,Closed,,The Department of Sanitation investigated this complaint and found no violation at the location.,01/06/2021 12:00:00 PM,05 BROOKLYN,3042670040,BROOKLYN,1020519,184247,PHONE,Unspecified,BROOKLYN,,,,,,,,40.67231790695945,-73.8692518332211,"(40.67231790695945, -73.8692518332211)"
48576553,01/05/2021 08:46:00 AM,01/08/2021 12:00:00 PM,DSNY,Department of Sanitation,Dirty Conditions,E8 Canine Violation,Sidewalk,10459,1265 REVEREND JAMES A POLITE AVENUE,REVEREND JAMES A POLITE AVENUE,EAST 169 STREET,CHISHOLM STREET,,,ADDRESS,BRONX,,N/A,Closed,,The Department of Sanitation investigated this complaint and found no violation at the location.,01/08/2021 12:00:00 PM,03 BRONX,2029700083,BRONX,1013027,241405,PHONE,Unspecified,BRONX,,,,,,,,40.82922954149771,-73.89601553946923,"(40.82922954149771, -73.89601553946923)"
48577542,01/05/2021 08:33:00 AM,01/05/2021 12:00:00 PM,DSNY,Department of Sanitation,Dirty Conditions,E8 Canine Violation,Sidewalk,,,,,,,,INTERSECTION,,,N/A,Closed,,The Department of Sanitation investigated this complaint and found no violation at the location.,01/05/2021 12:00:00 PM,,,,,,PHONE,Unspecified,,,,,,,,,,,
48575478,01/04/2021 11:21:00 PM,01/11/2021 12:00:00 PM,DSNY,Department of Sanitation,Dirty Conditions,E8 Canine Violation,Sidewalk,10024,50 WEST   77 STREET,WEST   77 STREET,CENTRAL PARK WEST,COLUMBUS AVENUE,,,ADDRESS,NEW YORK,,N/A,Closed,,The Department of Sanitation investigated this complaint and found no violation at the location.,01/11/2021 12:00:00 PM,07 MANHATTAN,1011290059,MANHATTAN,990915,223614,ONLINE,Unspecified,MANHATTAN,,,,,,,,40.78044251109907,-73.97593395834785,"(40.78044251109907, -73.97593395834785)"
48572426,01/04/2021 10:53:00 PM,01/07/2021 12:00:00 PM,DSNY,Department of Sanitation,Dirty Conditions,E8 Canine Violation,Sidewalk,11203,383 EAST   35 STREET,EAST   35 STREET,TILDEN AVENUE,BEVERLEY ROAD,,,ADDRESS,BROOKLYN,,N/A,Closed,,The Department of Sanitation investigated this complaint and found no violation at the location.,01/07/2021 12:00:00 PM,17 BROOKLYN,3049200036,BROOKLYN,999732,174600,ONLINE,Unspecified,BROOKLYN,,,,,,,,40.64589977681491,-73.94421017894584,"(40.64589977681491, -73.94421017894584)"
48561502,01/04/2021 12:37:00 PM,01/11/2021 12:00:00 PM,DSNY,Department of Sanitation,Dirty Conditions,E8 Canine Violation,Sidewalk,,,,,,,,INTERSECTION,,,N/A,Closed,,The Department of Sanitation investigated this complaint and found no violation at the location.,01/11/2021 12:00:00 PM,,,,,,PHONE,Unspecified,,,,,,,,,,,
48558982,01/03/2021 12:49:00 PM,01/05/2021 12:00:00 PM,DSNY,Department of Sanitation,Dirty Conditions,E8 Canine Violation,Sidewalk,11238,250 GREENE AVENUE,GREENE AVENUE,GRAND AVENUE,CLASSON AVENUE,,,ADDRESS,BROOKLYN,,N/A,Closed,,The Department of Sanitation investigated this complaint and found no violation at the location.,01/05/2021 12:00:00 PM,02 BROOKLYN,3019660022,BROOKLYN,995049,189663,ONLINE,Unspecified,BROOKLYN,,,,,,,,40.687251305655195,-73.96106136957272,"(40.687251305655195, -73.96106136957272)"
48554853,01/02/2021 12:32:00 PM,01/05/2021 12:00:00 PM,DSNY,Department of Sanitation,Dirty Conditions,E8 Canine Violation,Sidewalk,11233,79 HULL STREET,HULL STREET,SARATOGA AVENUE,THOMAS S BOYLAND STREET,,,ADDRESS,BROOKLYN,,N/A,Closed,,The Department of Sanitation investigated this complaint and found no violation at the location.,01/05/2021 12:00:00 PM,16 BROOKLYN,3015320143,BROOKLYN,1007983,186717,PHONE,Unspecified,BROOKLYN,,,,,,,,40.67913997965132,-73.91443483371015,"(40.67913997965132, -73.91443483371015)"
48554059,01/01/2021 05:17:00 PM,01/04/2021 12:00:00 PM,DSNY,Department of Sanitation,Dirty Conditions,E8 Canine Violation,Sidewalk,,,,,,,,INTERSECTION,,,N/A,Closed,,The Department of Sanitation investigated this complaint and found no violation at the location.,01/04/2021 12:00:00 PM,,,,,,PHONE,Unspecified,,,,,,,,,,,
48550246,01/01/2021 05:15:00 PM,01/04/2021 12:00:00 PM,DSNY,Department of Sanitation,Dirty Conditions,E8 Canine Violation,Sidewalk,10459,1421 PROSPECT AVENUE,PROSPECT AVENUE,JENNINGS STREET,EAST 170 STREET,,,ADDRESS,BRONX,,N/A,Closed,,The Department of Sanitation investigated this complaint and found no violation at the location.,01/04/2021 12:00:00 PM,03 BRONX,2029620038,BRONX,1012875,242659,PHONE,Unspecified,BRONX,,,,,,,,40.832671903217225,-73.89655943364055,"(40.832671903217225, -73.89655943364055)"
48553953,01/01/2021 04:02:00 PM,01/04/2021 12:00:00 PM,DSNY,Department of Sanitation,Dirty Conditions,E8 Canine Violation,Sidewalk,,,,,,,,INTERSECTION,,,N/A,Closed,,The Department of Sanitation investigated this complaint and found no violation at the location.,01/04/2021 12:00:00 PM,,,,,,PHONE,Unspecified,,,,,,,,,,,
48553158,01/01/2021 03:38:00 PM,01/04/2021 12:00:00 PM,DSNY,Department of Sanitation,Dirty Conditions,E8 Canine Violation,Sidewalk,10466,EAST  230 STREET,EAST  230 STREET,NYCTA SUBWAY,BARNES AVENUE,,,BLOCKFACE,BRONX,,N/A,Closed,,The Department of Sanitation investigated this complaint and found no violation at the location.,01/04/2021 12:00:00 PM,12 BRONX,,BRONX,1023766,263881,PHONE,Unspecified,BRONX,,,,,,,,40.890877799542245,-73.85707817071359,"(40.890877799542245, -73.85707817071359)"
48552390,01/01/2021 02:26:00 PM,01/06/2021 12:00:00 PM,DSNY,Department of Sanitation,Dirty Conditions,E8 Canine Violation,Sidewalk,11419,107-31 121 STREET,121 STREET,107 AVENUE,109 AVENUE,,,ADDRESS,South Richmond Hill,,N/A,Closed,,The Department of Sanitation investigated this complaint and found no violation at the location.,01/06/2021 12:00:00 PM,10 QUEENS,4096010074,QUEENS,1033882,188546,ONLINE,Unspecified,QUEENS,,,,,,,,40.684052833144094,-73.82104725538333,"(40.684052833144094, -73.82104725538333)"
48546598,01/01/2021 12:06:00 PM,01/02/2021 12:00:00 PM,DSNY,Department of Sanitation,Dirty Conditions,E8 Canine Violation,Sidewalk,10463,9 DASH PLACE,DASH PLACE,WEST 240 STREET,WEST 242 STREET,,,ADDRESS,BRONX,,N/A,Closed,,The Department of Sanitation investigated this complaint and found no violation at the location.,01/02/2021 12:00:00 PM,08 BRONX,2057780869,BRONX,1010827,262931,PHONE,Unspecified,BRONX,,,,,,,,40.88831880746709,-73.90387978751706,"(40.88831880746709, -73.90387978751706)"
48548439,01/01/2021 11:33:00 AM,01/06/2021 12:00:00 PM,DSNY,Department of Sanitation,Dirty Conditions,E8 Canine Violation,Sidewalk,10026,400 MANHATTAN AVENUE,MANHATTAN AVENUE,WEST 117 STREET,WEST 118 STREET,,,ADDRESS,NEW YORK,,N/A,Closed,,The Department of Sanitation investigated this complaint and found no violation at the location.,01/06/2021 12:00:00 PM,10 MANHATTAN,1019440018,MANHATTAN,996369,232865,ONLINE,Unspecified,MANHATTAN,,,,,,,,40.8058282087284,-73.95622391567056,"(40.8058282087284, -73.95622391567056)"
48544245,01/01/2021 10:39:00 AM,01/19/2021 12:00:00 PM,DSNY,Department of Sanitation,Dirty Conditions,E8 Canine Violation,Sidewalk,,,,,,CENTRAL PARK WEST,CENTRAL PARK WEST,INTERSECTION,,,N/A,Closed,,The Department of Sanitation investigated this complaint and found no violation at the location.,01/19/2021 12:00:00 PM,07 MANHATTAN,,MANHATTAN,,,PHONE,Unspecified,MANHATTAN,,,,,,,,,,
48545354,01/01/2021 08:52:00 AM,01/11/2021 12:00:00 PM,DSNY,Department of Sanitation,Dirty Conditions,E8 Canine Violation,Sidewalk,10002,253 SOUTH STREET,SOUTH STREET,MANHATTAN BRIDGE BIKE PATH,RUTGERS SLIP,,,ADDRESS,NEW YORK,,N/A,Closed,,The Department of Sanitation investigated this complaint and found no violation at the location.,01/11/2021 12:00:00 PM,03 MANHATTAN,1002480015,MANHATTAN,986869,197949,PHONE,Unspecified,MANHATTAN,,,,,,,,40.710000643625854,-73.99055328508672,"(40.710000643625854, -73.99055328508672)"
