Unique Key,Created Date,Closed Date,Agency,Agency Name,Complaint Type,Descriptor,Location Type,Incident Zip,Incident Address,Street Name,Cross Street 1,Cross Street 2,Intersection Street 1,Intersection Street 2,Address Type,City,Landmark,Facility Type,Status,Due Date,Resolution Description,Resolution Action Updated Date,Community Board,BBL,Borough,X Coordinate (State Plane),Y Coordinate (State Plane),Open Data Channel Type,Park Facility Name,Park Borough,Vehicle Type,Taxi Company Borough,Taxi Pick Up Location,Bridge Highway Name,Bridge Highway Direction,Road Ramp,Bridge Highway Segment,Latitude,Longitude,Location
60738265,03/31/2024 09:25:02 PM,04/01/2024 12:04:10 PM,DSNY,Department of Sanitation,Dirty Condition,Dog Waste,Sidewalk,11374,99-43 64 ROAD,64 ROAD,99 STREET,102 STREET,99 STREET,102 STREET,ADDRESS,REGO PARK,64 ROAD,,Closed,,The Department of Sanitation investigated this complaint and found no violation at the location.,04/01/2024 12:04:14 PM,06 QUEENS,4021130055,QUEENS,1024630,205554,ONLINE,Unspecified,QUEENS,,,,,,,,40.73078275144825,-73.85430412776162,"(40.73078275144825, -73.85430412776162)"
60735562,03/31/2024 07:19:12 PM,04/04/2024 01:42:44 PM,DSNY,Department of Sanitation,Dirty Condition,Dog Waste,Sidewalk,11235,63 BRIGHTON   11 STREET,BRIGHTON   11 STREET,CASS PLACE,OCEAN VIEW AVENUE,CASS PLACE,OCEAN VIEW AVENUE,ADDRESS,BROOKLYN,BRIGHTON   11 STREET,,Closed,,The Department of Sanitation investigated this complaint and found no violation at the location.,04/04/2024 01:42:48 PM,13 BROOKLYN,3087110097,BROOKLYN,996235,151004,PHONE,Unspecified,BROOKLYN,,,,,,,,40.58113905959043,-73.95685359548297,"(40.58113905959043, -73.95685359548297)"
60736478,03/31/2024 06:47:33 PM,04/02/2024 09:44:48 PM,DSNY,Department of Sanitation,Dirty Condition,Dog Waste,Sidewalk,11201,151 CLINTON STREET,CLINTON STREET,SCHERMERHORN STREET,STATE STREET,SCHERMERHORN STREET,STATE STREET,ADDRESS,BROOKLYN,CLINTON STREET,,Closed,,The Department of Sanitation investigated this complaint and found no violation at the location.,04/02/2024 09:44:51 PM,02 BROOKLYN,3002700030,BROOKLYN,985977,191185,ONLINE,Unspecified,BROOKLYN,,,,,,,,40.69143526509034,-73.9937724574167,"(40.69143526509034, -73.9937724574167)"
60735560,03/31/2024 06:37:21 PM,04/01/2024 12:16:22 PM,DSNY,Department of Sanitation,Dirty Condition,Dog Waste,Sidewalk,11360,18-75 CORPORAL KENNEDY STREET,CORPORAL KENNEDY STREET,18 AVENUE,23 AVENUE,18 AVENUE,23 AVENUE,ADDRESS,BAYSIDE,CORPORAL KENNEDY STREET,,Closed,,The Department of Sanitation investigated this complaint and found no violation at the location.,04/01/2024 12:16:26 PM,07 QUEENS,4058780050,QUEENS,1044180,223494,ONLINE,Unspecified,QUEENS,,,,,,,,40.77991248075236,-73.78360572475445,"(40.77991248075236, -73.78360572475445)"
60735561,03/31/2024 06:30:10 PM,04/01/2024 12:16:18 PM,DSNY,Department of Sanitation,Dirty Condition,Dog Waste,Sidewalk,11360,18-75 CORPORAL KENNEDY STREET,CORPORAL KENNEDY STREET,18 AVENUE,23 AVENUE,18 AVENUE,23 AVENUE,ADDRESS,BAYSIDE,CORPORAL KENNEDY STREET,,Closed,,The Department of Sanitation investigated this complaint and found no violation at the location.,04/01/2024 12:16:21 PM,07 QUEENS,4058780050,QUEENS,1044180,223494,ONLINE,Unspecified,QUEENS,,,,,,,,40.77991248075236,-73.78360572475445,"(40.77991248075236, -73.78360572475445)"
60738264,03/31/2024 03:07:20 PM,04/01/2024 01:05:24 PM,DSNY,Department of Sanitation,Dirty Condition,Dog Waste,Sidewalk,10467,3250 PERRY AVENUE,PERRY AVENUE,EAST  207 STREET,HOLT PLACE,EAST  207 STREET,HOLT PLACE,ADDRESS,BRONX,PERRY AVENUE,,Closed,,The Department of Sanitation investigated this complaint and found no violation at the location.,04/01/2024 01:05:27 PM,07 BRONX,2033470001,BRONX,1018475,258386,ONLINE,Unspecified,BRONX,,,,,,,,40.87581786325145,-73.87624275879938,"(40.87581786325145, -73.87624275879938)"
60727171,03/30/2024 03:08:14 PM,04/01/2024 01:04:49 PM,DSNY,Department of Sanitation,Dirty Condition,Dog Waste,Sidewalk,10459,985 BRUCKNER BOULEVARD,BRUCKNER BOULEVARD,BARRETTO STREET,SHERIDAN BLVD NB EN HUNTS PT AV,BARRETTO STREET,SHERIDAN BLVD NB EN HUNTS PT AV,ADDRESS,BRONX,BRUCKNER BOULEVARD,,Closed,,The Department of Sanitation investigated this complaint and found no violation at the location.,04/01/2024 01:04:54 PM,02 BRONX,2027350028,BRONX,1014402,237986,PHONE,Unspecified,BRONX,,,,,,,,40.81984077770232,-73.89106240487143,"(40.81984077770232, -73.89106240487143)"
60727170,03/30/2024 02:19:58 PM,04/06/2024 09:13:53 PM,DSNY,Department of Sanitation,Dirty Condition,Dog Waste,Sidewalk,11201,209 SMITH STREET,SMITH STREET,BALTIC STREET,BUTLER STREET,BALTIC STREET,BUTLER STREET,ADDRESS,BROOKLYN,SMITH STREET,,Closed,,The Department of Sanitation investigated this complaint and found no violation at the location.,04/06/2024 09:13:56 PM,06 BROOKLYN,3004037504,BROOKLYN,986509,188716,PHONE,Unspecified,BROOKLYN,,,,,,,,40.68465830701271,-73.99185489925753,"(40.68465830701271, -73.99185489925753)"
60730002,03/30/2024 02:02:55 PM,04/02/2024 09:18:39 PM,DSNY,Department of Sanitation,Dirty Condition,Dog Waste,Sidewalk,11208,656 JAMAICA AVENUE,JAMAICA AVENUE,NORWOOD AVENUE,LOGAN STREET,NORWOOD AVENUE,LOGAN STREET,ADDRESS,BROOKLYN,JAMAICA AVENUE,,Closed,,The Department of Sanitation investigated this complaint and found no violation at the location.,04/02/2024 09:18:42 PM,05 BROOKLYN,3041010014,BROOKLYN,1017575,189406,PHONE,Unspecified,BROOKLYN,,,,,,,,40.68648975125557,-73.87983929963622,"(40.68648975125557, -73.87983929963622)"
60730001,03/30/2024 01:34:10 PM,04/01/2024 09:00:36 PM,DSNY,Department of Sanitation,Dirty Condition,Dog Waste,Sidewalk,10472,1065 STRATFORD AVENUE,STRATFORD AVENUE,BRUCKNER BOULEVARD,WATSON AVENUE,BRUCKNER BOULEVARD,WATSON AVENUE,ADDRESS,BRONX,STRATFORD AVENUE,,Closed,,The Department of Sanitation investigated this complaint and found no violation at the location.,04/01/2024 09:00:39 PM,09 BRONX,2037170039,BRONX,1018931,240114,PHONE,Unspecified,BRONX,,,,,,,,40.82566490888394,-73.87468838767994,"(40.82566490888394, -73.87468838767994)"
60727155,03/30/2024 12:33:49 PM,03/30/2024 07:54:25 PM,DSNY,Department of Sanitation,Dirty Condition,Dog Waste,Sidewalk,10039,130 BRADHURST AVENUE,BRADHURST AVENUE,WEST  148 STREET,WEST  149 STREET,WEST  148 STREET,WEST  149 STREET,ADDRESS,NEW YORK,BRADHURST AVENUE,,Closed,,The Department of Sanitation investigated this complaint and found no violation at the location.,03/30/2024 07:54:27 PM,10 MANHATTAN,1020457503,MANHATTAN,1000524,240061,ONLINE,Unspecified,MANHATTAN,,,,,,,,40.82557253312548,-73.94119783727703,"(40.82557253312548, -73.94119783727703)"
60717894,03/29/2024 01:59:35 PM,04/02/2024 09:20:01 PM,DSNY,Department of Sanitation,Dirty Condition,Dog Waste,Sidewalk,11206,695 FLUSHING AVENUE,FLUSHING AVENUE,WHIPPLE STREET,THORNTON STREET,WHIPPLE STREET,THORNTON STREET,ADDRESS,BROOKLYN,FLUSHING AVENUE,,Closed,,The Department of Sanitation investigated this complaint and found no violation at the location.,04/02/2024 09:20:05 PM,01 BROOKLYN,3022740021,BROOKLYN,999426,194434,ONLINE,Unspecified,BROOKLYN,,,,,,,,40.70034017091679,-73.9452682014451,"(40.70034017091679, -73.9452682014451)"
60725309,03/29/2024 12:43:09 PM,04/06/2024 09:04:08 PM,DSNY,Department of Sanitation,Dirty Condition,Dog Waste,Sidewalk,11201,MYRTLE AVENUE,MYRTLE AVENUE,MYRTLE AVENUE,PRINCE STREET,MYRTLE AVENUE,PRINCE STREET,INTERSECTION,,,,Closed,,The Department of Sanitation investigated this complaint and found no violation at the location.,04/06/2024 09:04:12 PM,02 BROOKLYN,,BROOKLYN,989100,191977,PHONE,Unspecified,BROOKLYN,,,,,,,,40.69360796164117,-73.98251038451554,"(40.69360796164117, -73.98251038451554)"
60722109,03/29/2024 12:40:13 PM,03/30/2024 05:57:57 AM,DSNY,Department of Sanitation,Dirty Condition,Dog Waste,Sidewalk,11414,151-18 79 STREET,79 STREET,151 AVENUE,153 AVENUE,151 AVENUE,153 AVENUE,ADDRESS,HOWARD BEACH,79 STREET,,Closed,,The Department of Sanitation investigated this complaint and found no violation at the location.,03/30/2024 05:58:00 AM,10 QUEENS,4114257502,QUEENS,1024359,182291,PHONE,Unspecified,QUEENS,,,,,,,,40.66693256637618,-73.85542046243157,"(40.66693256637618, -73.85542046243157)"
60714894,03/28/2024 11:30:00 PM,03/29/2024 01:24:05 PM,DSNY,Department of Sanitation,Dirty Condition,Dog Waste,Sidewalk,10467,3329 WEBSTER AVENUE,WEBSTER AVENUE,EAST  209 STREET,PARKSIDE PLACE,EAST  209 STREET,PARKSIDE PLACE,ADDRESS,BRONX,WEBSTER AVENUE,,Closed,,The Department of Sanitation investigated this complaint and found no condition at the location.,03/29/2024 01:24:09 PM,07 BRONX,,BRONX,1019619,258910,ONLINE,Unspecified,BRONX,,,,,,,,40.87725156966743,-73.87210330609916,"(40.87725156966743, -73.87210330609916)"
60709815,03/28/2024 10:03:14 PM,04/02/2024 09:17:11 PM,DSNY,Department of Sanitation,Dirty Condition,Dog Waste,Sidewalk,11234,2024 EAST   73 STREET,EAST   73 STREET,AVENUE T,AVENUE U,AVENUE T,AVENUE U,ADDRESS,BROOKLYN,EAST   73 STREET,,Closed,,The Department of Sanitation investigated this complaint and found no violation at the location.,04/02/2024 09:17:15 PM,18 BROOKLYN,3084130045,BROOKLYN,1010027,165814,PHONE,Unspecified,BROOKLYN,,,,,,,,40.62176010422656,-73.90714544082425,"(40.62176010422656, -73.90714544082425)"
60710860,03/28/2024 09:31:19 PM,04/02/2024 09:45:48 PM,DSNY,Department of Sanitation,Dirty Condition,Dog Waste,Sidewalk,11223,2024 EAST    7 STREET,EAST    7 STREET,AVENUE S,AVENUE T,AVENUE S,AVENUE T,ADDRESS,BROOKLYN,EAST    7 STREET,,Closed,,The Department of Sanitation investigated this complaint and found no violation at the location.,04/02/2024 09:45:51 PM,15 BROOKLYN,3070880032,BROOKLYN,994042,158339,PHONE,Unspecified,BROOKLYN,,,,,,,,40.60127485731498,-73.96473783874977,"(40.60127485731498, -73.96473783874977)"
60715880,03/28/2024 03:22:04 PM,03/30/2024 01:21:32 PM,DSNY,Department of Sanitation,Dirty Condition,Dog Waste,Sidewalk,10314,AMSTERDAM AVENUE,AMSTERDAM AVENUE,AMSTERDAM AVENUE,CARNEGIE AVENUE,AMSTERDAM AVENUE,CARNEGIE AVENUE,INTERSECTION,,,,Closed,,The Department of Sanitation investigated this complaint and found no violation at the location.,03/30/2024 01:21:36 PM,02 STATEN ISLAND,,STATEN ISLAND,938855,159482,PHONE,Unspecified,STATEN ISLAND,,,,,,,,40.6043013006563,-74.16348031632558,"(40.6043013006563, -74.16348031632558)"
60714893,03/28/2024 02:00:19 PM,03/29/2024 08:39:42 PM,DSNY,Department of Sanitation,Dirty Condition,Dog Waste,Sidewalk,10457,2265 BATHGATE AVENUE,BATHGATE AVENUE,EAST  182 STREET,EAST  183 STREET,EAST  182 STREET,EAST  183 STREET,ADDRESS,BRONX,BATHGATE AVENUE,,Closed,,The Department of Sanitation investigated this complaint and found no violation at the location.,03/29/2024 08:39:44 PM,06 BRONX,2030500076,BRONX,1014060,250487,PHONE,Unspecified,BRONX,,,,,,,,40.854153534964745,-73.892242471533,"(40.854153534964745, -73.892242471533)"
60716831,03/28/2024 01:15:58 PM,03/29/2024 12:46:13 PM,DSNY,Department of Sanitation,Dirty Condition,Dog Waste,Sidewalk,10453,55 WEST  180 STREET,WEST  180 STREET,GRAND AVENUE,HARRISON AVENUE,GRAND AVENUE,HARRISON AVENUE,ADDRESS,BRONX,WEST  180 STREET,,Closed,,The Department of Sanitation investigated this complaint and found no violation at the location.,03/29/2024 12:46:17 PM,05 BRONX,2032060066,BRONX,1009521,250900,PHONE,Unspecified,BRONX,,,,,,,,40.85530125488399,-73.90864853070981,"(40.85530125488399, -73.90864853070981)"
60711871,03/28/2024 11:20:54 AM,03/30/2024 05:57:36 AM,DSNY,Department of Sanitation,Dirty Condition,Dog Waste,Sidewalk,11101,42-15 CRESCENT STREET,CRESCENT STREET,QUEENS PLAZA SOUTH,42 ROAD,QUEENS PLAZA SOUTH,42 ROAD,ADDRESS,LONG ISLAND CITY,CRESCENT STREET,,Closed,,The Department of Sanitation investigated this complaint and found no violation at the location.,03/30/2024 05:57:41 AM,02 QUEENS,4004230005,QUEENS,1000612,212588,ONLINE,Unspecified,QUEENS,,,,,,,,40.75016636628985,-73.9409467909979,"(40.75016636628985, -73.9409467909979)"
60714892,03/28/2024 10:32:15 AM,03/30/2024 06:19:18 AM,DSNY,Department of Sanitation,Dirty Condition,Dog Waste,Street,11412,189-10 114 ROAD,114 ROAD,NEWBURG STREET,MEXICO STREET,NEWBURG STREET,MEXICO STREET,ADDRESS,SAINT ALBANS,114 ROAD,,Closed,,The Department of Sanitation investigated this complaint and found no violation at the location.,03/30/2024 06:19:21 AM,12 QUEENS,4103940017,QUEENS,1049764,193499,PHONE,Unspecified,QUEENS,,,,,,,,40.69754432355918,-73.76373531915682,"(40.69754432355918, -73.76373531915682)"
60711816,03/28/2024 09:24:43 AM,03/29/2024 12:46:52 PM,DSNY,Department of Sanitation,Dirty Condition,Dog Waste,Street,10465,833 HOLLYWOOD AVENUE,HOLLYWOOD AVENUE,PHILIP AVENUE,LAFAYETTE AVENUE,PHILIP AVENUE,LAFAYETTE AVENUE,ADDRESS,BRONX,HOLLYWOOD AVENUE,,Closed,,The Department of Sanitation investigated this complaint and found no violation at the location.,03/29/2024 12:46:56 PM,10 BRONX,2054290053,BRONX,1033686,241709,PHONE,Unspecified,BRONX,,,,,,,,40.82997246087768,-73.82136304881773,"(40.82997246087768, -73.82136304881773)"
60700603,03/27/2024 11:03:58 PM,03/28/2024 11:47:43 AM,DSNY,Department of Sanitation,Dirty Condition,Dog Waste,Sidewalk,11692,57-15 SHORE FRONT PARKWAY,SHORE FRONT PARKWAY,BEACH   56 PLACE,BEACH   59 STREET,BEACH   56 PLACE,BEACH   59 STREET,ADDRESS,ARVERNE,SHORE FRONT PARKWAY,,Closed,,The Department of Sanitation investigated this complaint and found no violation at the location.,03/28/2024 11:47:48 AM,14 QUEENS,4159260001,QUEENS,1043179,155065,PHONE,Unspecified,QUEENS,,,,,,,,40.59209790098616,-73.78781859628411,"(40.59209790098616, -73.78781859628411)"
60708802,03/27/2024 05:30:36 PM,03/28/2024 10:47:46 AM,DSNY,Department of Sanitation,Dirty Condition,Dog Waste,Sidewalk,11417,127-03 101 STREET,101 STREET,ROCKAWAY BOULEVARD,133 AVENUE,ROCKAWAY BOULEVARD,133 AVENUE,ADDRESS,OZONE PARK,101 STREET,,Closed,,The Department of Sanitation investigated this complaint and found no violation at the location.,03/28/2024 10:47:52 AM,10 QUEENS,,QUEENS,1029114,186843,PHONE,Unspecified,QUEENS,,,,,,,,40.67940394475877,-73.83825001533287,"(40.67940394475877, -73.83825001533287)"
60704096,03/27/2024 10:26:56 AM,03/27/2024 08:22:46 PM,DSNY,Department of Sanitation,Dirty Condition,Dog Waste,Sidewalk,10029,1274 5 AVENUE,5 AVENUE,EAST  108 STREET,EAST  109 STREET,EAST  108 STREET,EAST  109 STREET,ADDRESS,NEW YORK,5 AVENUE,,Closed,,The Department of Sanitation investigated this complaint and found no violation at the location.,03/27/2024 08:22:49 PM,11 MANHATTAN,1016140069,MANHATTAN,998152,229307,ONLINE,Unspecified,MANHATTAN,,,,,,,,40.79605984776229,-73.94979075566805,"(40.79605984776229, -73.94979075566805)"
60696937,03/26/2024 06:25:28 PM,03/27/2024 01:31:08 PM,DSNY,Department of Sanitation,Dirty Condition,Dog Waste,Sidewalk,10023,101 WEST END AVENUE,WEST END AVENUE,WEST END AVENUE,FREEDOM PLACE SOUTH,WEST END AVENUE,FREEDOM PLACE SOUTH,ADDRESS,NEW YORK,WEST END AVENUE,,Closed,,The Department of Sanitation investigated this complaint and found no violation at the location.,03/27/2024 01:31:12 PM,07 MANHATTAN,1011710062,MANHATTAN,987398,221654,ONLINE,Unspecified,MANHATTAN,,,,,,,,40.77506478010212,-73.98863409148143,"(40.77506478010212, -73.98863409148143)"
60690689,03/26/2024 06:12:57 PM,03/27/2024 01:48:36 PM,DSNY,Department of Sanitation,Dirty Condition,Dog Waste,Sidewalk,11234,5020 AVENUE N,AVENUE N,UTICA AVENUE,EAST   51 STREET,UTICA AVENUE,EAST   51 STREET,ADDRESS,BROOKLYN,AVENUE N,,Closed,,The Department of Sanitation investigated this complaint and found no violation at the location.,03/27/2024 01:48:39 PM,18 BROOKLYN,3078950052,BROOKLYN,1004632,164789,ONLINE,Unspecified,BROOKLYN,,,,,,,,40.618960747942644,-73.9265825301071,"(40.618960747942644, -73.9265825301071)"
60699422,03/26/2024 01:32:38 PM,03/26/2024 09:49:35 PM,DSNY,Department of Sanitation,Dirty Condition,Dog Waste,Sidewalk,11213,1484 PACIFIC STREET,PACIFIC STREET,KINGSTON AVENUE,ALBANY AVENUE,KINGSTON AVENUE,ALBANY AVENUE,ADDRESS,BROOKLYN,PACIFIC STREET,,Closed,,The Department of Sanitation investigated this complaint and found no violation at the location.,03/26/2024 09:49:38 PM,08 BROOKLYN,3012100018,BROOKLYN,1000776,185981,PHONE,Unspecified,BROOKLYN,,,,,,,,40.67713621541512,-73.94042020240656,"(40.67713621541512, -73.94042020240656)"
60698164,03/26/2024 12:53:56 PM,03/27/2024 12:59:03 PM,DSNY,Department of Sanitation,Dirty Condition,Dog Waste,Sidewalk,11432,153-18 90 ROAD,90 ROAD,153 STREET,GRACE COURT,153 STREET,GRACE COURT,ADDRESS,JAMAICA,90 ROAD,,Closed,,The Department of Sanitation investigated this complaint and found no violation at the location.,03/27/2024 12:59:07 PM,12 QUEENS,4097540053,QUEENS,1039136,195596,ONLINE,Unspecified,QUEENS,,,,,,,,40.70337238170112,-73.80204609293753,"(40.70337238170112, -73.80204609293753)"
60698163,03/26/2024 12:52:09 PM,03/27/2024 12:58:59 PM,DSNY,Department of Sanitation,Dirty Condition,Dog Waste,Sidewalk,11432,153-18 90 ROAD,90 ROAD,153 STREET,GRACE COURT,153 STREET,GRACE COURT,ADDRESS,JAMAICA,90 ROAD,,Closed,,The Department of Sanitation investigated this complaint and found no violation at the location.,03/27/2024 12:59:02 PM,12 QUEENS,4097540053,QUEENS,1039136,195596,ONLINE,Unspecified,QUEENS,,,,,,,,40.70337238170112,-73.80204609293753,"(40.70337238170112, -73.80204609293753)"
60698165,03/26/2024 11:03:45 AM,03/29/2024 01:16:22 PM,DSNY,Department of Sanitation,Dirty Condition,Dog Waste,Sidewalk,11205,WAVERLY AVENUE,WAVERLY AVENUE,WAVERLY AVENUE,WILLOUGHBY AVENUE,WAVERLY AVENUE,WILLOUGHBY AVENUE,INTERSECTION,,,,Closed,,The Department of Sanitation investigated this complaint and found no violation at the location.,03/29/2024 01:16:25 PM,02 BROOKLYN,,BROOKLYN,993254,191263,ONLINE,Unspecified,BROOKLYN,,,,,,,,40.69164494541561,-73.96753157441104,"(40.69164494541561, -73.96753157441104)"
60691861,03/26/2024 10:19:53 AM,03/26/2024 08:06:40 PM,DSNY,Department of Sanitation,Dirty Condition,Dog Waste,Street,10460,EAST  172 STREET,EAST  172 STREET,EAST  172 STREET,VYSE AVENUE,EAST  172 STREET,VYSE AVENUE,INTERSECTION,,,,Closed,,The Department of Sanitation investigated this complaint and found no violation at the location.,03/26/2024 08:06:43 PM,03 BRONX,,BRONX,1015258,242944,PHONE,Unspecified,BRONX,,,,,,,,40.83344610040562,-73.88794681103148,"(40.83344610040562, -73.88794681103148)"
60699423,03/26/2024 09:48:25 AM,03/26/2024 09:20:37 PM,DSNY,Department of Sanitation,Dirty Condition,Dog Waste,Sidewalk,10467,3012 BARKER AVENUE,BARKER AVENUE,ADEE AVENUE,LESTER STREET,ADEE AVENUE,LESTER STREET,ADDRESS,BRONX,BARKER AVENUE,,Closed,,The Department of Sanitation investigated this complaint and found no violation at the location.,03/26/2024 09:20:41 PM,12 BRONX,2045440012,BRONX,1020403,256261,ONLINE,Unspecified,BRONX,,,,,,,,40.86997771039359,-73.8692826075309,"(40.86997771039359, -73.8692826075309)"
60690666,03/26/2024 07:41:47 AM,03/26/2024 08:05:47 PM,DSNY,Department of Sanitation,Dirty Condition,Dog Waste,Sidewalk,10451,380 EAST  161 STREET,EAST  161 STREET,COURTLANDT AVENUE,MELROSE AVENUE,COURTLANDT AVENUE,MELROSE AVENUE,ADDRESS,BRONX,EAST  161 STREET,,Closed,,The Department of Sanitation investigated this complaint and found no violation at the location.,03/26/2024 08:05:51 PM,03 BRONX,2024070014,BRONX,1007942,239623,ONLINE,Unspecified,BRONX,,,,,,,,40.82435356579804,-73.91439624949142,"(40.82435356579804, -73.91439624949142)"
60690667,03/26/2024 03:57:43 AM,03/26/2024 01:08:39 PM,DSNY,Department of Sanitation,Dirty Condition,Dog Waste,Sidewalk,11419,95-57 111 STREET,111 STREET,95 AVENUE,101 AVENUE,95 AVENUE,101 AVENUE,ADDRESS,SOUTH RICHMOND HILL,111 STREET,,Closed,,The Department of Sanitation investigated this complaint and found no violation at the location.,03/26/2024 01:08:43 PM,09 QUEENS,4094130059,QUEENS,1030333,190764,ONLINE,Unspecified,QUEENS,,,,,,,,40.690159912632474,-73.83382829903606,"(40.690159912632474, -73.83382829903606)"
60684302,03/25/2024 05:49:22 PM,03/26/2024 12:42:40 PM,DSNY,Department of Sanitation,Dirty Condition,Dog Waste,Street,10458,274 BEDFORD PARK BOULEVARD,BEDFORD PARK BOULEVARD,BRIGGS AVENUE,BAINBRIDGE AVENUE,BRIGGS AVENUE,BAINBRIDGE AVENUE,ADDRESS,BRONX,BEDFORD PARK BOULEVARD,,Closed,,The Department of Sanitation investigated this complaint and found no violation at the location.,03/26/2024 12:42:45 PM,07 BRONX,,BRONX,1015798,256451,ONLINE,Unspecified,BRONX,,,,,,,,40.870516861726664,-73.88593186265865,"(40.870516861726664, -73.88593186265865)"
60689418,03/25/2024 01:46:33 PM,03/26/2024 01:24:26 PM,DSNY,Department of Sanitation,Dirty Condition,Dog Waste,Sidewalk,10025,63 WEST  104 STREET,WEST  104 STREET,MANHATTAN AVENUE,COLUMBUS AVENUE,MANHATTAN AVENUE,COLUMBUS AVENUE,ADDRESS,NEW YORK,WEST  104 STREET,,Closed,,The Department of Sanitation investigated this complaint and found no violation at the location.,03/26/2024 01:24:28 PM,07 MANHATTAN,1018400010,MANHATTAN,994392,229914,ONLINE,Unspecified,MANHATTAN,,,,,,,,40.7977310130951,-73.96336966432139,"(40.7977310130951, -73.96336966432139)"
60689399,03/25/2024 11:09:34 AM,03/25/2024 09:07:25 PM,DSNY,Department of Sanitation,Dirty Condition,Dog Waste,Sidewalk,11102,26-26 9 STREET,9 STREET,DEAD END,27 AVENUE,DEAD END,27 AVENUE,ADDRESS,ASTORIA,9 STREET,,Closed,,The Department of Sanitation investigated this complaint and found no violation at the location.,03/25/2024 09:07:28 PM,01 QUEENS,4009080139,QUEENS,1003490,221630,PHONE,Unspecified,QUEENS,,,,,,,,40.77497852778383,-73.93053372968157,"(40.77497852778383, -73.93053372968157)"
60684363,03/25/2024 10:35:18 AM,03/26/2024 12:40:12 PM,DSNY,Department of Sanitation,Dirty Condition,Dog Waste,Sidewalk,10467,3250 PERRY AVENUE,PERRY AVENUE,EAST  207 STREET,HOLT PLACE,EAST  207 STREET,HOLT PLACE,ADDRESS,BRONX,PERRY AVENUE,,Closed,,The Department of Sanitation investigated this complaint and found no violation at the location.,03/26/2024 12:40:15 PM,07 BRONX,2033470001,BRONX,1018475,258386,ONLINE,Unspecified,BRONX,,,,,,,,40.87581786325145,-73.87624275879938,"(40.87581786325145, -73.87624275879938)"
60689419,03/25/2024 10:34:25 AM,03/26/2024 01:04:42 PM,DSNY,Department of Sanitation,Dirty Condition,Dog Waste,Sidewalk,11432,177-16 WEXFORD TERRACE,WEXFORD TERRACE,DALNY ROAD,EDGERTON BOULEVARD,DALNY ROAD,EDGERTON BOULEVARD,ADDRESS,JAMAICA,WEXFORD TERRACE,,Closed,,The Department of Sanitation investigated this complaint and found no violation at the location.,03/26/2024 01:04:46 PM,08 QUEENS,4098350028,QUEENS,1043577,199149,ONLINE,Unspecified,QUEENS,,,,,,,,40.713095836511975,-73.78599777123927,"(40.713095836511975, -73.78599777123927)"
60680652,03/25/2024 10:03:48 AM,03/26/2024 09:39:41 PM,DSNY,Department of Sanitation,Dirty Condition,Dog Waste,Sidewalk,11218,626 EAST    4 STREET,EAST    4 STREET,CORTELYOU ROAD,DITMAS AVENUE,CORTELYOU ROAD,DITMAS AVENUE,ADDRESS,BROOKLYN,EAST    4 STREET,,Closed,,The Department of Sanitation investigated this complaint and found no violation at the location.,03/26/2024 09:39:45 PM,12 BROOKLYN,3053870029,BROOKLYN,991121,171322,ONLINE,Unspecified,BROOKLYN,,,,,,,,40.636913237106334,-73.97524349455655,"(40.636913237106334, -73.97524349455655)"
60684337,03/25/2024 07:55:38 AM,03/25/2024 08:36:14 PM,DSNY,Department of Sanitation,Dirty Condition,Dog Waste,Sidewalk,10024,525 WEST END AVENUE,WEST END AVENUE,WEST   85 STREET,WEST   86 STREET,WEST   85 STREET,WEST   86 STREET,ADDRESS,NEW YORK,WEST END AVENUE,,Closed,,The Department of Sanitation investigated this complaint and found no violation at the location.,03/25/2024 08:36:18 PM,07 MANHATTAN,1012470029,MANHATTAN,990300,226548,PHONE,Unspecified,MANHATTAN,,,,,,,,40.78849600161218,-73.97815196342783,"(40.78849600161218, -73.97815196342783)"
60673566,03/24/2024 11:52:14 PM,03/27/2024 09:32:36 PM,DSNY,Department of Sanitation,Dirty Condition,Dog Waste,Sidewalk,11222,205 HURON STREET,HURON STREET,MANHATTAN AVENUE,MCGUINNESS BOULEVARD,MANHATTAN AVENUE,MCGUINNESS BOULEVARD,ADDRESS,BROOKLYN,HURON STREET,,Closed,,The Department of Sanitation investigated this complaint and found no violation at the location.,03/27/2024 09:32:39 PM,01 BROOKLYN,3025237502,BROOKLYN,997275,206407,ONLINE,Unspecified,BROOKLYN,,,,,,,,40.733206608321076,-73.95300255122744,"(40.733206608321076, -73.95300255122744)"
60672584,03/24/2024 04:34:48 PM,03/25/2024 01:08:38 PM,DSNY,Department of Sanitation,Dirty Condition,Dog Waste,Sidewalk,10471,5440 POST ROAD,POST ROAD,WEST  254 STREET,WEST  255 STREET,WEST  254 STREET,WEST  255 STREET,ADDRESS,BRONX,POST ROAD,,Closed,,The Department of Sanitation investigated this complaint and found no violation at the location.,03/25/2024 01:08:44 PM,08 BRONX,2058411966,BRONX,1012556,268012,ONLINE,Unspecified,BRONX,,,,,,,,40.902259148716404,-73.89760509173914,"(40.902259148716404, -73.89760509173914)"
60674555,03/24/2024 12:15:17 PM,03/27/2024 01:42:32 PM,DSNY,Department of Sanitation,Dirty Condition,Dog Waste,Street,11220,345 51 STREET,51 STREET,3 AVENUE,4 AVENUE,3 AVENUE,4 AVENUE,ADDRESS,BROOKLYN,51 STREET,,Closed,,The Department of Sanitation investigated this complaint and found no violation at the location.,03/27/2024 01:42:35 PM,07 BROOKLYN,3007900056,BROOKLYN,980319,174824,PHONE,Unspecified,BROOKLYN,,,,,,,,40.64652726826976,-74.01416560103465,"(40.64652726826976, -74.01416560103465)"
60665636,03/23/2024 11:30:01 PM,03/25/2024 01:07:45 PM,DSNY,Department of Sanitation,Dirty Condition,Dog Waste,Street,10463,3075 HEATH AVENUE,HEATH AVENUE,ALBANY CRESCENT,SUMMIT PLACE,ALBANY CRESCENT,SUMMIT PLACE,ADDRESS,BRONX,HEATH AVENUE,,Closed,,The Department of Sanitation investigated this complaint and found no violation at the location.,03/25/2024 01:07:49 PM,08 BRONX,2032610061,BRONX,1011434,259036,PHONE,Unspecified,BRONX,,,,,,,,40.87762640571195,-73.90170027928347,"(40.87762640571195, -73.90170027928347)"
60666706,03/23/2024 06:53:46 PM,03/25/2024 11:32:48 AM,DSNY,Department of Sanitation,Dirty Condition,Dog Waste,Sidewalk,11418,89-66 134 STREET,134 STREET,89 AVENUE,91 AVENUE,89 AVENUE,91 AVENUE,ADDRESS,RICHMOND HILL,134 STREET,,Closed,,The Department of Sanitation investigated this complaint and found no violation at the location.,03/25/2024 11:32:51 AM,09 QUEENS,4093620058,QUEENS,1034915,194246,PHONE,Unspecified,QUEENS,,,,,,,,40.69969213068052,-73.81727982013165,"(40.69969213068052, -73.81727982013165)"
60657606,03/22/2024 07:03:31 PM,03/25/2024 08:57:38 PM,DSNY,Department of Sanitation,Dirty Condition,Dog Waste,Sidewalk,11220,332 44 STREET,44 STREET,3 AVENUE,4 AVENUE,3 AVENUE,4 AVENUE,ADDRESS,BROOKLYN,44 STREET,,Closed,,The Department of Sanitation investigated this complaint and found no violation at the location.,03/25/2024 08:57:45 PM,07 BROOKLYN,3007370020,BROOKLYN,981406,176280,ONLINE,Unspecified,BROOKLYN,,,,,,,,40.65052408857462,-74.01024914340151,"(40.65052408857462, -74.01024914340151)"
60655267,03/22/2024 01:16:20 PM,03/23/2024 01:45:57 PM,DSNY,Department of Sanitation,Dirty Condition,Dog Waste,Sidewalk,10128,2 AVENUE,2 AVENUE,2 AVENUE,EAST   93 STREET,2 AVENUE,EAST   93 STREET,INTERSECTION,,,,Closed,,The Department of Sanitation investigated this complaint and found no violation at the location.,03/23/2024 01:46:00 PM,08 MANHATTAN,,MANHATTAN,998509,224302,PHONE,Unspecified,MANHATTAN,,,,,,,,40.78232189963025,-73.94851201962811,"(40.78232189963025, -73.94851201962811)"
60656404,03/22/2024 12:48:35 PM,03/22/2024 08:45:39 PM,DSNY,Department of Sanitation,Dirty Condition,Dog Waste,Street,10462,1616 BRONXDALE AVENUE,BRONXDALE AVENUE,PIERCE AVENUE,VAN NEST AVENUE,PIERCE AVENUE,VAN NEST AVENUE,ADDRESS,BRONX,BRONXDALE AVENUE,,Closed,,The Department of Sanitation investigated this complaint and found no violation at the location.,03/22/2024 08:45:44 PM,11 BRONX,2040910047,BRONX,1023644,246808,PHONE,Unspecified,BRONX,,,,,,,,40.844018219108094,-73.85761978842503,"(40.844018219108094, -73.85761978842503)"
60661279,03/22/2024 11:23:20 AM,03/22/2024 09:20:19 PM,DSNY,Department of Sanitation,Dirty Condition,Dog Waste,Sidewalk,10451,745 BROOK AVENUE,BROOK AVENUE,EAST  157 STREET,EAST  157 STREET,EAST  157 STREET,EAST  157 STREET,ADDRESS,BRONX,BROOK AVENUE,,Closed,,The Department of Sanitation investigated this complaint and found no violation at the location.,03/22/2024 09:20:22 PM,01 BRONX,2023640017,BRONX,1008653,238141,PHONE,Unspecified,BRONX,,,,,,,,40.820283961541335,-73.91183266111925,"(40.820283961541335, -73.91183266111925)"
60658834,03/22/2024 08:36:06 AM,03/23/2024 05:39:15 AM,DSNY,Department of Sanitation,Dirty Condition,Dog Waste,Sidewalk,11385,60-27 71 AVENUE,71 AVENUE,60 STREET,60 LANE,60 STREET,60 LANE,ADDRESS,RIDGEWOOD,71 AVENUE,,Closed,,The Department of Sanitation investigated this complaint and found no violation at the location.,03/23/2024 05:39:21 AM,05 QUEENS,4035170042,QUEENS,1012646,194740,ONLINE,Unspecified,QUEENS,,,,,,,,40.70114752211732,-73.89758940260532,"(40.70114752211732, -73.89758940260532)"
60645479,03/21/2024 10:31:06 PM,03/22/2024 09:51:28 PM,DSNY,Department of Sanitation,Dirty Condition,Dog Waste,Sidewalk,11229,2002 EAST   19 STREET,EAST   19 STREET,AVENUE T,AVENUE U,AVENUE T,AVENUE U,ADDRESS,BROOKLYN,EAST   19 STREET,,Closed,,The Department of Sanitation investigated this complaint and found no violation at the location.,03/22/2024 09:51:32 PM,15 BROOKLYN,3073230006,BROOKLYN,997308,158290,PHONE,Unspecified,BROOKLYN,,,,,,,,40.60113615181687,-73.95297667946102,"(40.60113615181687, -73.95297667946102)"
60648981,03/21/2024 08:46:54 PM,03/22/2024 12:50:29 PM,DSNY,Department of Sanitation,Dirty Condition,Dog Waste,Street,10458,2450 BELMONT AVENUE,BELMONT AVENUE,EAST  188 STREET,EAST  189 STREET,EAST  188 STREET,EAST  189 STREET,ADDRESS,BRONX,BELMONT AVENUE,,Closed,,The Department of Sanitation investigated this complaint and found no violation at the location.,03/22/2024 12:50:34 PM,06 BRONX,2030750030,BRONX,1015956,251090,ONLINE,Unspecified,BRONX,,,,,,,,40.855801983485215,-73.88538594466189,"(40.855801983485215, -73.88538594466189)"
60652770,03/21/2024 08:39:08 PM,03/22/2024 12:51:27 PM,DSNY,Department of Sanitation,Dirty Condition,Dog Waste,Sidewalk,10458,2475 CAMBRELENG AVENUE,CAMBRELENG AVENUE,EAST  189 STREET,EAST FORDHAM ROAD,EAST  189 STREET,EAST FORDHAM ROAD,ADDRESS,BRONX,CAMBRELENG AVENUE,,Closed,,The Department of Sanitation investigated this complaint and found no violation at the location.,03/22/2024 12:51:30 PM,06 BRONX,2030910041,BRONX,1016439,251392,ONLINE,Unspecified,BRONX,,,,,,,,40.85662913472605,-73.8836384992725,"(40.85662913472605, -73.8836384992725)"
60654010,03/21/2024 05:11:47 PM,03/26/2024 01:27:22 PM,DSNY,Department of Sanitation,Dirty Condition,Dog Waste,Sidewalk,,186 ARTHUR AVENUE,ARTHUR AVENUE,,,,,ADDRESS,,,,Closed,,The Department of Sanitation investigated this complaint and found no violation at the location.,03/26/2024 01:27:25 PM,Unspecified STATEN ISLAND,5031220033,STATEN ISLAND,965562,155034,PHONE,Unspecified,STATEN ISLAND,,,,,,,,40.592189007504814,-74.06728856751494,"(40.592189007504814, -74.06728856751494)"
60654011,03/21/2024 11:58:44 AM,03/22/2024 09:50:50 PM,DSNY,Department of Sanitation,Dirty Condition,Dog Waste,Sidewalk,,239 WAVERLY AVENUE,WAVERLY AVENUE,,,,,ADDRESS,,,,Closed,,The Department of Sanitation investigated this complaint and found no violation at the location.,03/22/2024 09:50:53 PM,Unspecified BROOKLYN,3019170016,BROOKLYN,993360,191003,ONLINE,Unspecified,BROOKLYN,,,,,,,,40.69093119695555,-73.9671496900274,"(40.69093119695555, -73.9671496900274)"
60650292,03/21/2024 10:00:44 AM,03/22/2024 09:49:46 PM,DSNY,Department of Sanitation,Dirty Condition,Dog Waste,Sidewalk,11206,666 WILLOUGHBY AVENUE,WILLOUGHBY AVENUE,THROOP AVENUE,MARCUS GARVEY BOULEVARD,THROOP AVENUE,MARCUS GARVEY BOULEVARD,ADDRESS,BROOKLYN,WILLOUGHBY AVENUE,,Closed,,The Department of Sanitation investigated this complaint and found no violation at the location.,03/22/2024 09:49:49 PM,03 BROOKLYN,3017690011,BROOKLYN,1000121,192344,PHONE,Unspecified,BROOKLYN,,,,,,,,40.69460238947012,-73.94276662983081,"(40.69460238947012, -73.94276662983081)"
60649017,03/21/2024 09:32:49 AM,03/21/2024 08:12:03 PM,DSNY,Department of Sanitation,Dirty Condition,Dog Waste,Sidewalk,10016,320 EAST   40 STREET,EAST   40 STREET,QUEENS MIDTOWN TUNNEL APPROACH,1 AVENUE,QUEENS MIDTOWN TUNNEL APPROACH,1 AVENUE,ADDRESS,NEW YORK,EAST   40 STREET,,Closed,,The Department of Sanitation investigated this complaint and found no violation at the location.,03/21/2024 08:12:07 PM,06 MANHATTAN,1009450033,MANHATTAN,991974,211831,ONLINE,Unspecified,MANHATTAN,,,,,,,,40.748100356471085,-73.97212365151188,"(40.748100356471085, -73.97212365151188)"
60649034,03/21/2024 08:39:54 AM,03/22/2024 09:45:40 PM,DSNY,Department of Sanitation,Dirty Condition,Dog Waste,Sidewalk,11239,392 SCHROEDERS AVENUE,SCHROEDERS AVENUE,GATEWAY DRIVE,JEROME STREET,GATEWAY DRIVE,JEROME STREET,ADDRESS,BROOKLYN,SCHROEDERS AVENUE,,Closed,,The Department of Sanitation investigated this complaint and found no violation at the location.,03/22/2024 09:45:44 PM,05 BROOKLYN,3044520157,BROOKLYN,1018402,177272,PHONE,Unspecified,BROOKLYN,,,,,,,,40.65318151331071,-73.87691884586454,"(40.65318151331071, -73.87691884586454)"
60641806,03/20/2024 05:16:34 PM,03/22/2024 09:44:39 PM,DSNY,Department of Sanitation,Dirty Condition,Dog Waste,Sidewalk,11212,750 SARATOGA AVENUE,SARATOGA AVENUE,DUMONT AVENUE,LIVONIA AVENUE,DUMONT AVENUE,LIVONIA AVENUE,ADDRESS,BROOKLYN,SARATOGA AVENUE,,Closed,,The Department of Sanitation investigated this complaint and found no violation at the location.,03/22/2024 09:44:43 PM,16 BROOKLYN,3035680149,BROOKLYN,1007640,180604,PHONE,Unspecified,BROOKLYN,,,,,,,,40.6623620831096,-73.9156926708505,"(40.6623620831096, -73.9156926708505)"
60644220,03/20/2024 03:38:09 PM,03/21/2024 12:53:36 PM,DSNY,Department of Sanitation,Dirty Condition,Dog Waste,Street,10472,1484 WATSON AVENUE,WATSON AVENUE,EVERGREEN AVENUE,WHEELER AVENUE,EVERGREEN AVENUE,WHEELER AVENUE,ADDRESS,BRONX,WATSON AVENUE,,Closed,,The Department of Sanitation investigated this complaint and found no violation at the location.,03/21/2024 12:53:39 PM,09 BRONX,2037120037,BRONX,1017422,240165,PHONE,Unspecified,BRONX,,,,,,,,40.825810685327426,-73.88014054410381,"(40.825810685327426, -73.88014054410381)"
60638108,03/20/2024 02:03:13 PM,03/20/2024 09:32:38 PM,DSNY,Department of Sanitation,Dirty Condition,Dog Waste,Sidewalk,10452,WEST  164 STREET,WEST  164 STREET,WEST  164 STREET,WOODYCREST AVENUE,WEST  164 STREET,WOODYCREST AVENUE,INTERSECTION,,,,Closed,,The Department of Sanitation investigated this complaint and found no violation at the location.,03/20/2024 09:32:42 PM,04 BRONX,,BRONX,1004147,242588,PHONE,Unspecified,BRONX,,,,,,,,40.83250100462787,-73.92809951388435,"(40.83250100462787, -73.92809951388435)"
60643021,03/20/2024 12:02:21 PM,03/22/2024 01:17:48 PM,DSNY,Department of Sanitation,Dirty Condition,Dog Waste,Sidewalk,11435,94 AVENUE,94 AVENUE,94 AVENUE,SUTPHIN BOULEVARD,94 AVENUE,SUTPHIN BOULEVARD,INTERSECTION,,,,Closed,,The Department of Sanitation investigated this complaint and found no violation at the location.,03/22/2024 01:17:52 PM,12 QUEENS,,QUEENS,1037778,194006,ONLINE,Unspecified,QUEENS,,,,,,,,40.69901653352899,-73.80695652820583,"(40.69901653352899, -73.80695652820583)"
60639310,03/20/2024 11:43:13 AM,03/20/2024 09:29:40 PM,DSNY,Department of Sanitation,Dirty Condition,Dog Waste,Sidewalk,10467,3171 ROCHAMBEAU AVENUE,ROCHAMBEAU AVENUE,EAST  206 STREET,VAN CORTLANDT AVENUE EAST,EAST  206 STREET,VAN CORTLANDT AVENUE EAST,ADDRESS,BRONX,ROCHAMBEAU AVENUE,,Closed,,The Department of Sanitation investigated this complaint and found no violation at the location.,03/20/2024 09:29:44 PM,07 BRONX,2033350128,BRONX,1017303,258175,PHONE,Unspecified,BRONX,,,,,,,,40.875243200693994,-73.88048173416585,"(40.875243200693994, -73.88048173416585)"
60644283,03/20/2024 11:37:07 AM,03/22/2024 05:35:02 AM,DSNY,Department of Sanitation,Dirty Condition,Dog Waste,Sidewalk,11419,103-19 120 STREET,120 STREET,103 AVENUE,LIBERTY AVENUE,103 AVENUE,LIBERTY AVENUE,ADDRESS,SOUTH RICHMOND HILL,120 STREET,,Closed,,The Department of Sanitation investigated this complaint and found no violation at the location.,03/22/2024 05:35:06 AM,10 QUEENS,4095580055,QUEENS,1033130,189908,PHONE,Unspecified,QUEENS,,,,,,,,40.68779538869993,-73.82374877236785,"(40.68779538869993, -73.82374877236785)"
60638109,03/20/2024 11:00:50 AM,03/20/2024 09:24:29 PM,DSNY,Department of Sanitation,Dirty Condition,Dog Waste,Sidewalk,10462,1591 PURDY STREET,PURDY STREET,ST RAYMOND AVENUE,PARKER STREET,ST RAYMOND AVENUE,PARKER STREET,ADDRESS,BRONX,PURDY STREET,,Closed,,The Department of Sanitation investigated this complaint and found no violation at the location.,03/20/2024 09:24:31 PM,09 BRONX,2039470055,BRONX,1024740,244832,ONLINE,Unspecified,BRONX,,,,,,,,40.838589725655595,-73.85367049545388,"(40.838589725655595, -73.85367049545388)"
60642976,03/20/2024 08:36:11 AM,03/21/2024 01:24:11 PM,DSNY,Department of Sanitation,Dirty Condition,Dog Waste,Street,10019,813 9 AVENUE,9 AVENUE,WEST   53 STREET,WEST   54 STREET,WEST   53 STREET,WEST   54 STREET,ADDRESS,NEW YORK,9 AVENUE,,Closed,,The Department of Sanitation investigated this complaint and found no violation at the location.,03/21/2024 01:24:19 PM,04 MANHATTAN,1010630034,MANHATTAN,987784,218295,PHONE,Unspecified,MANHATTAN,,,,,,,,40.765845054502094,-73.98724219811693,"(40.765845054502094, -73.98724219811693)"
60638066,03/20/2024 07:46:01 AM,03/22/2024 01:17:27 PM,DSNY,Department of Sanitation,Dirty Condition,Dog Waste,Street,11435,147-36 94 AVENUE,94 AVENUE,SUTPHIN BOULEVARD,148 STREET,SUTPHIN BOULEVARD,148 STREET,ADDRESS,JAMAICA,94 AVENUE,,Closed,,The Department of Sanitation investigated this complaint and found no violation at the location.,03/22/2024 01:17:32 PM,12 QUEENS,4099997501,QUEENS,1037968,194094,PHONE,Unspecified,QUEENS,,,,,,,,40.699256921088654,-73.80627061223024,"(40.699256921088654, -73.80627061223024)"
60644262,03/20/2024 03:47:59 AM,03/20/2024 09:32:33 PM,DSNY,Department of Sanitation,Dirty Condition,Dog Waste,Sidewalk,10461,2900 SAINT THERESA AVENUE,SAINT THERESA AVENUE,EDISON AVENUE,HOBART AVENUE,EDISON AVENUE,HOBART AVENUE,ADDRESS,BRONX,ST THERESA AVENUE,,Closed,,The Department of Sanitation investigated this complaint and found no violation at the location.,03/20/2024 09:32:39 PM,10 BRONX,2041940025,BRONX,1030708,248771,PHONE,Unspecified,BRONX,,,,,,,,40.84937172684963,-73.83207510326014,"(40.84937172684963, -73.83207510326014)"
60627835,03/19/2024 06:03:11 PM,03/21/2024 12:33:55 PM,DSNY,Department of Sanitation,Dirty Condition,Dog Waste,Sidewalk,11212,325 EAST   91 STREET,EAST   91 STREET,CLARKSON AVENUE,LENOX ROAD,CLARKSON AVENUE,LENOX ROAD,ADDRESS,BROOKLYN,EAST   91 STREET,,Closed,,The Department of Sanitation investigated this complaint and found no violation at the location.,03/21/2024 12:34:00 PM,17 BROOKLYN,3046460064,BROOKLYN,1005408,178789,ONLINE,Unspecified,BROOKLYN,,,,,,,,40.65738592461848,-73.92374342185967,"(40.65738592461848, -73.92374342185967)"
60613978,03/18/2024 05:37:34 PM,03/19/2024 07:51:59 PM,DSNY,Department of Sanitation,Dirty Condition,Dog Waste,Sidewalk,10019,8 AVENUE,8 AVENUE,8 AVENUE,WEST   57 STREET,8 AVENUE,WEST   57 STREET,INTERSECTION,,,,Closed,,The Department of Sanitation investigated this complaint and found no condition at the location.,03/19/2024 07:52:02 PM,04 MANHATTAN,,MANHATTAN,988993,218612,PHONE,Unspecified,MANHATTAN,,,,,,,,40.76671457146749,-73.98287746335355,"(40.76671457146749, -73.98287746335355)"
60619216,03/18/2024 12:57:51 PM,03/19/2024 12:56:07 PM,DSNY,Department of Sanitation,Dirty Condition,Dog Waste,Sidewalk,10472,1339 ROSEDALE AVENUE,ROSEDALE AVENUE,EAST  172 STREET,EAST  174 STREET,EAST  172 STREET,EAST  174 STREET,ADDRESS,BRONX,ROSEDALE AVENUE,,Closed,,The Department of Sanitation investigated this complaint and found no violation at the location.,03/19/2024 12:56:10 PM,09 BRONX,2038730052,BRONX,1020321,242967,PHONE,Unspecified,BRONX,,,,,,,,40.833490001281774,-73.86965061804644,"(40.833490001281774, -73.86965061804644)"
60618150,03/18/2024 07:28:16 AM,03/18/2024 11:20:53 AM,DSNY,Department of Sanitation,Dirty Condition,Dog Waste,Sidewalk,11416,97 AVENUE,97 AVENUE,97 AVENUE,DIGBY PLACE,97 AVENUE,DIGBY PLACE,INTERSECTION,,,,Closed,,The Department of Sanitation investigated this complaint and found no violation at the location.,03/18/2024 11:20:57 AM,09 QUEENS,,QUEENS,1023987,188189,PHONE,Unspecified,QUEENS,,,,,,,,40.683122904251974,-73.85672662249164,"(40.683122904251974, -73.85672662249164)"
60608352,03/17/2024 11:49:20 PM,03/19/2024 11:22:06 AM,DSNY,Department of Sanitation,Dirty Condition,Dog Waste,Sidewalk,10302,145 NICHOLAS AVENUE,NICHOLAS AVENUE,HARRISON AVENUE,CASTLETON AVENUE,HARRISON AVENUE,CASTLETON AVENUE,ADDRESS,STATEN ISLAND,NICHOLAS AVENUE,,Closed,,The Department of Sanitation investigated this complaint and found no violation at the location.,03/19/2024 11:22:09 AM,01 STATEN ISLAND,5010880022,STATEN ISLAND,945343,171195,ONLINE,Unspecified,STATEN ISLAND,,,,,,,,40.63648186445106,-74.14018272874176,"(40.63648186445106, -74.14018272874176)"
60606465,03/17/2024 02:28:59 PM,03/22/2024 09:47:11 PM,DSNY,Department of Sanitation,Dirty Condition,Dog Waste,Sidewalk,11208,449 LINCOLN AVENUE,LINCOLN AVENUE,MC KINLEY AVENUE,LIBERTY AVENUE,MC KINLEY AVENUE,LIBERTY AVENUE,ADDRESS,BROOKLYN,LINCOLN AVENUE,,Closed,,The Department of Sanitation investigated this complaint and found no violation at the location.,03/22/2024 09:47:14 PM,05 BROOKLYN,3041810009,BROOKLYN,1020819,186738,ONLINE,Unspecified,BROOKLYN,,,,,,,,40.67915389866554,-73.86815683213527,"(40.67915389866554, -73.86815683213527)"
60606466,03/17/2024 12:26:53 PM,03/19/2024 09:27:55 PM,DSNY,Department of Sanitation,Dirty Condition,Dog Waste,Sidewalk,11230,320 AVENUE N,AVENUE N,EAST    3 STREET,EAST    4 STREET,EAST    3 STREET,EAST    4 STREET,ADDRESS,BROOKLYN,AVENUE N,,Closed,,The Department of Sanitation investigated this complaint and issued a Notice of Violation.,03/19/2024 09:27:58 PM,12 BROOKLYN,3065850009,BROOKLYN,992133,163079,PHONE,Unspecified,BROOKLYN,,,,,,,,40.61428708980456,-73.97160684243526,"(40.61428708980456, -73.97160684243526)"
60605564,03/16/2024 06:19:57 PM,03/18/2024 11:21:59 AM,DSNY,Department of Sanitation,Dirty Condition,Dog Waste,Sidewalk,11357,148-17 WILLETS POINT BOULEVARD,WILLETS POINT BOULEVARD,148 STREET,25 AVENUE,148 STREET,25 AVENUE,ADDRESS,WHITESTONE,WILLETS POINT BOULEVARD,,Closed,,The Department of Sanitation investigated this complaint and found no violation at the location.,03/18/2024 11:22:03 AM,07 QUEENS,4046590043,QUEENS,1034544,222230,ONLINE,Unspecified,QUEENS,,,,,,,,40.7765032249946,-73.81840858989875,"(40.7765032249946, -73.81840858989875)"
60603740,03/16/2024 06:17:43 PM,03/18/2024 01:15:12 PM,DSNY,Department of Sanitation,Dirty Condition,Dog Waste,Sidewalk,10467,3069 HULL AVENUE,HULL AVENUE,EAST MOSHOLU PARKWAY NORTH,EAST  204 STREET,EAST MOSHOLU PARKWAY NORTH,EAST  204 STREET,ADDRESS,BRONX,HULL AVENUE,,Closed,,The Department of Sanitation investigated this complaint and found no violation at the location.,03/18/2024 01:15:16 PM,07 BRONX,2033330049,BRONX,1017651,256935,ONLINE,Unspecified,BRONX,,,,,,,,40.87183847495598,-73.87922956410611,"(40.87183847495598, -73.87922956410611)"
60604617,03/16/2024 05:45:26 PM,03/20/2024 01:28:14 PM,DSNY,Department of Sanitation,Dirty Condition,Dog Waste,Sidewalk,11229,3301 NOSTRAND AVENUE,NOSTRAND AVENUE,AVENUE S,AVENUE T,AVENUE S,AVENUE T,ADDRESS,BROOKLYN,NOSTRAND AVENUE,,Closed,,The Department of Sanitation investigated this complaint and found no violation at the location.,03/20/2024 01:28:21 PM,15 BROOKLYN,3073090040,BROOKLYN,1000216,159233,ONLINE,Unspecified,BROOKLYN,,,,,,,,40.60371973269082,-73.94250241950269,"(40.60371973269082, -73.94250241950269)"
60604618,03/16/2024 01:52:07 PM,03/19/2024 01:16:24 PM,DSNY,Department of Sanitation,Dirty Condition,Dog Waste,Sidewalk,10032,610 WEST  164 STREET,WEST  164 STREET,BROADWAY,FORT WASHINGTON AVENUE,BROADWAY,FORT WASHINGTON AVENUE,ADDRESS,NEW YORK,WEST  164 STREET,,Closed,,The Department of Sanitation investigated this complaint and found no violation at the location.,03/19/2024 01:16:28 PM,12 MANHATTAN,1021370131,MANHATTAN,1000253,244814,ONLINE,Unspecified,MANHATTAN,,,,,,,,40.838618644093884,-73.94216569127721,"(40.838618644093884, -73.94216569127721)"
60599939,03/16/2024 12:35:13 PM,03/18/2024 01:06:46 PM,DSNY,Department of Sanitation,Dirty Condition,Dog Waste,Sidewalk,10456,1233 GRANT AVENUE,GRANT AVENUE,EAST  167 STREET,EAST  169 STREET,EAST  167 STREET,EAST  169 STREET,ADDRESS,BRONX,GRANT AVENUE,,Closed,,The Department of Sanitation investigated this complaint and found no violation at the location.,03/18/2024 01:06:51 PM,04 BRONX,2024530095,BRONX,1007829,243106,ONLINE,Unspecified,BRONX,,,,,,,,40.83391370215953,-73.91479229850569,"(40.83391370215953, -73.91479229850569)"
60605565,03/16/2024 12:13:43 PM,03/18/2024 12:41:56 PM,DSNY,Department of Sanitation,Dirty Condition,Dog Waste,Sidewalk,10465,HUNTINGTON AVENUE,HUNTINGTON AVENUE,HUNTINGTON AVENUE,LAWTON AVENUE,HUNTINGTON AVENUE,LAWTON AVENUE,INTERSECTION,,,,Closed,,The Department of Sanitation investigated this complaint and found no condition at the location.,03/18/2024 12:42:00 PM,10 BRONX,,BRONX,1033621,236588,PHONE,Unspecified,BRONX,,,,,,,,40.815917159253644,-73.82163560467194,"(40.815917159253644, -73.82163560467194)"
60601824,03/16/2024 11:27:04 AM,03/18/2024 06:06:14 AM,DSNY,Department of Sanitation,Dirty Condition,Dog Waste,Sidewalk,11101,42-24 CRESCENT STREET,CRESCENT STREET,QUEENS PLAZA SOUTH,42 ROAD,QUEENS PLAZA SOUTH,42 ROAD,ADDRESS,LONG ISLAND CITY,CRESCENT STREET,,Closed,,The Department of Sanitation investigated this complaint and found no violation at the location.,03/18/2024 06:06:21 AM,02 QUEENS,4004240029,QUEENS,1000569,212538,ONLINE,Unspecified,QUEENS,,,,,,,,40.75002920839961,-73.94110210651591,"(40.75002920839961, -73.94110210651591)"
60599938,03/16/2024 09:46:03 AM,03/18/2024 05:41:46 AM,DSNY,Department of Sanitation,Dirty Condition,Dog Waste,Sidewalk,11378,64-69 59 AVENUE,59 AVENUE,64 STREET,66 STREET,64 STREET,66 STREET,ADDRESS,MASPETH,59 AVENUE,,Closed,,The Department of Sanitation investigated this complaint and found no violation at the location.,03/18/2024 05:41:49 AM,05 QUEENS,4027530287,QUEENS,1012292,201735,ONLINE,Unspecified,QUEENS,,,,,,,,40.720348251763056,-73.89883697329999,"(40.720348251763056, -73.89883697329999)"
60594380,03/16/2024 01:31:46 AM,03/16/2024 12:42:30 PM,DSNY,Department of Sanitation,Dirty Condition,Dog Waste,Sidewalk,10466,MATILDA AVENUE,MATILDA AVENUE,EAST  236 STREET,EAST  237 STREET,EAST  236 STREET,EAST  237 STREET,BLOCKFACE,,,,Closed,,The Department of Sanitation investigated this complaint and found no violation at the location.,03/16/2024 12:42:35 PM,Unspecified BRONX,,BRONX,,,PHONE,Unspecified,BRONX,,,,,,,,,,
60590731,03/16/2024 12:19:08 AM,03/16/2024 06:46:30 PM,DSNY,Department of Sanitation,Dirty Condition,Dog Waste,Sidewalk,10029,75 EAST  116 STREET,EAST  116 STREET,MADISON AVENUE,PARK AVENUE,MADISON AVENUE,PARK AVENUE,ADDRESS,NEW YORK,EAST  116 STREET,,Closed,,The Department of Sanitation investigated this complaint and found no violation at the location.,03/16/2024 06:46:33 PM,11 MANHATTAN,1016220020,MANHATTAN,999745,230618,ONLINE,Unspecified,MANHATTAN,,,,,,,,40.799655535529105,-73.94403436374232,"(40.799655535529105, -73.94403436374232)"
60593140,03/15/2024 05:22:25 PM,03/16/2024 06:48:26 PM,DSNY,Department of Sanitation,Dirty Condition,Dog Waste,Sidewalk,10029,1850 LEXINGTON AVENUE,LEXINGTON AVENUE,EAST  112 STREET,EAST  115 STREET,EAST  112 STREET,EAST  115 STREET,ADDRESS,NEW YORK,LEXINGTON AVENUE,,Closed,,The Department of Sanitation investigated this complaint and found no violation at the location.,03/16/2024 06:48:32 PM,11 MANHATTAN,1016400001,MANHATTAN,1000203,229870,ONLINE,Unspecified,MANHATTAN,,,,,,,,40.797601664753614,-73.94238191335732,"(40.797601664753614, -73.94238191335732)"
60595600,03/15/2024 04:39:58 PM,03/19/2024 09:28:37 PM,DSNY,Department of Sanitation,Dirty Condition,Dog Waste,Sidewalk,11221,117 STANHOPE STREET,STANHOPE STREET,CENTRAL AVENUE,MYRTLE AVENUE,CENTRAL AVENUE,MYRTLE AVENUE,ADDRESS,BROOKLYN,STANHOPE STREET,,Closed,,The Department of Sanitation investigated this complaint and found no violation at the location.,03/19/2024 09:28:40 PM,04 BROOKLYN,3032550035,BROOKLYN,1005493,193479,ONLINE,Unspecified,BROOKLYN,,,,,,,,40.69770643529795,-73.92339076573619,"(40.69770643529795, -73.92339076573619)"
60591918,03/15/2024 04:30:23 PM,03/16/2024 09:11:09 PM,DSNY,Department of Sanitation,Dirty Condition,Dog Waste,Sidewalk,10034,BROADWAY,BROADWAY,BROADWAY,DYCKMAN STREET,BROADWAY,DYCKMAN STREET,INTERSECTION,,,,Closed,,The Department of Sanitation investigated this complaint and found no condition at the location.,03/16/2024 09:11:13 PM,12 MANHATTAN,,MANHATTAN,1004367,254624,PHONE,Unspecified,MANHATTAN,,,,,,,,40.865535758901885,-73.92726840202711,"(40.865535758901885, -73.92726840202711)"
60595601,03/15/2024 04:07:37 PM,03/19/2024 09:38:59 PM,DSNY,Department of Sanitation,Dirty Condition,Dog Waste,Sidewalk,11204,1638 70 STREET,70 STREET,16 AVENUE,17 AVENUE,16 AVENUE,17 AVENUE,ADDRESS,BROOKLYN,70 STREET,,Closed,,The Department of Sanitation investigated this complaint and found no violation at the location.,03/19/2024 09:39:04 PM,11 BROOKLYN,3061700022,BROOKLYN,985126,164621,ONLINE,Unspecified,BROOKLYN,,,,,,,,40.6185230237442,-73.99684460433905,"(40.6185230237442, -73.99684460433905)"
60590732,03/15/2024 01:51:46 PM,03/18/2024 06:07:32 AM,DSNY,Department of Sanitation,Dirty Condition,Dog Waste,Sidewalk,11419,118-01 LIBERTY AVENUE,LIBERTY AVENUE,118 STREET,LEFFERTS BOULEVARD,118 STREET,LEFFERTS BOULEVARD,ADDRESS,SOUTH RICHMOND HILL,LIBERTY AVENUE,,Closed,,The Department of Sanitation investigated this complaint and found no violation at the location.,03/18/2024 06:07:40 AM,10 QUEENS,4095560039,QUEENS,1032803,189272,ONLINE,Unspecified,QUEENS,,,,,,,,40.68605151778443,-73.82493244721051,"(40.68605151778443, -73.82493244721051)"
60594364,03/15/2024 09:42:52 AM,03/15/2024 12:58:33 PM,DSNY,Department of Sanitation,Dirty Condition,Dog Waste,Sidewalk,11411,218-01 LINDEN BOULEVARD,LINDEN BOULEVARD,218 STREET,219 STREET,218 STREET,219 STREET,ADDRESS,CAMBRIA HEIGHTS,LINDEN BOULEVARD,,Closed,,The Department of Sanitation investigated this complaint and found no violation at the location.,03/15/2024 12:58:39 PM,13 QUEENS,4113190006,QUEENS,1055848,192834,PHONE,Unspecified,QUEENS,,,,,,,,40.69567192930552,-73.74180163722598,"(40.69567192930552, -73.74180163722598)"
60598015,03/15/2024 08:26:07 AM,03/19/2024 09:38:14 PM,DSNY,Department of Sanitation,Dirty Condition,Dog Waste,Sidewalk,11214,8684 17 AVENUE,17 AVENUE,86 STREET,BENSON AVENUE,86 STREET,BENSON AVENUE,ADDRESS,BROOKLYN,17 AVENUE,,Closed,,The Department of Sanitation investigated this complaint and no DSNY related conditions/violations were observed. Location will be referred to the appropriate agency for further action.,03/19/2024 09:38:14 PM,11 BROOKLYN,3063650001,BROOKLYN,982482,160480,ONLINE,Unspecified,BROOKLYN,,,,,,,,40.6071566993411,-74.00636733987795,"(40.6071566993411, -74.00636733987795)"
60581962,03/14/2024 03:45:10 PM,03/15/2024 09:19:28 PM,DSNY,Department of Sanitation,Dirty Condition,Dog Waste,Sidewalk,11203,849 LENOX ROAD,LENOX ROAD,EAST   52 STREET,EAST   53 STREET,EAST   52 STREET,EAST   53 STREET,ADDRESS,BROOKLYN,LENOX ROAD,,Closed,,The Department of Sanitation investigated this complaint and found no violation at the location.,03/15/2024 09:19:31 PM,17 BROOKLYN,3046390024,BROOKLYN,1004192,178104,PHONE,Unspecified,BROOKLYN,,,,,,,,40.65550857240676,-73.92812809028753,"(40.65550857240676, -73.92812809028753)"
60580711,03/14/2024 12:15:34 PM,03/15/2024 11:46:11 AM,DSNY,Department of Sanitation,Dirty Condition,Dog Waste,Sidewalk,11363,43-25 DOUGLASTON PARKWAY,DOUGLASTON PARKWAY,235 STREET,CHURCH STREET,235 STREET,CHURCH STREET,ADDRESS,LITTLE NECK,DOUGLASTON PARKWAY,,Closed,,The Department of Sanitation investigated this complaint and found no violation at the location.,03/15/2024 11:46:15 AM,11 QUEENS,4081070024,QUEENS,1054561,218773,PHONE,Unspecified,QUEENS,,,,,,,,40.76687814237857,-73.74617176722504,"(40.76687814237857, -73.74617176722504)"
60580632,03/14/2024 11:11:29 AM,03/15/2024 01:32:07 PM,DSNY,Department of Sanitation,Dirty Condition,Dog Waste,Street,10001,9 AVENUE,9 AVENUE,9 AVENUE,WEST   30 STREET,9 AVENUE,WEST   30 STREET,INTERSECTION,,,,Closed,,The Department of Sanitation investigated this complaint and found no violation at the location.,03/15/2024 01:32:09 PM,04 MANHATTAN,,MANHATTAN,984771,212851,PHONE,Unspecified,MANHATTAN,,,,,,,,40.75090335729659,-73.99811960274165,"(40.75090335729659, -73.99811960274165)"
60584493,03/14/2024 09:48:14 AM,03/15/2024 01:04:11 PM,DSNY,Department of Sanitation,Dirty Condition,Dog Waste,Sidewalk,10472,1061 STRATFORD AVENUE,STRATFORD AVENUE,BRUCKNER BOULEVARD,WATSON AVENUE,BRUCKNER BOULEVARD,WATSON AVENUE,ADDRESS,BRONX,STRATFORD AVENUE,,Closed,,The Department of Sanitation investigated this complaint and found no violation at the location.,03/15/2024 01:04:14 PM,09 BRONX,2037170040,BRONX,1018935,240091,PHONE,Unspecified,BRONX,,,,,,,,40.82560176478523,-73.87467405354215,"(40.82560176478523, -73.87467405354215)"
60574384,03/13/2024 08:03:17 PM,03/14/2024 09:24:28 PM,DSNY,Department of Sanitation,Dirty Condition,Dog Waste,Sidewalk,11237,112 WYCKOFF AVENUE,WYCKOFF AVENUE,DEKALB AVENUE,STOCKHOLM STREET,DEKALB AVENUE,STOCKHOLM STREET,ADDRESS,BROOKLYN,WYCKOFF AVENUE,,Closed,,The Department of Sanitation investigated this complaint and found no violation at the location.,03/14/2024 09:24:33 PM,04 BROOKLYN,3032480037,BROOKLYN,1006814,195743,ONLINE,Unspecified,BROOKLYN,,,,,,,,40.70391731331915,-73.91861922327199,"(40.70391731331915, -73.91861922327199)"
60575577,03/13/2024 07:13:36 PM,03/20/2024 01:24:58 PM,DSNY,Department of Sanitation,Dirty Condition,Dog Waste,Street,11224,WEST   32 STREET,WEST   32 STREET,NEPTUNE AVENUE,MERMAID AVENUE,NEPTUNE AVENUE,MERMAID AVENUE,BLOCKFACE,,,,Closed,,The Department of Sanitation investigated this complaint and found no violation at the location.,03/20/2024 01:25:07 PM,Unspecified BROOKLYN,,BROOKLYN,,,PHONE,Unspecified,BROOKLYN,,,,,,,,,,
60578158,03/13/2024 07:03:51 PM,03/14/2024 01:02:57 PM,DSNY,Department of Sanitation,Dirty Condition,Dog Waste,Sidewalk,11378,58-79 57 ROAD,57 ROAD,58 PLACE,59 STREET,58 PLACE,59 STREET,ADDRESS,MASPETH,57 ROAD,,Closed,,The Department of Sanitation investigated this complaint and found no violation at the location.,03/14/2024 01:03:01 PM,05 QUEENS,4026740014,QUEENS,1009398,202489,PHONE,Unspecified,QUEENS,,,,,,,,40.7224264987588,-73.909274409178,"(40.7224264987588, -73.909274409178)"
60574385,03/13/2024 05:42:46 PM,03/14/2024 11:04:53 AM,DSNY,Department of Sanitation,Dirty Condition,Dog Waste,Sidewalk,11378,64-73 59 AVENUE,59 AVENUE,64 STREET,66 STREET,64 STREET,66 STREET,ADDRESS,MASPETH,59 AVENUE,,Closed,,The Department of Sanitation investigated this complaint and found no violation at the location.,03/14/2024 11:04:55 AM,05 QUEENS,4027530285,QUEENS,1012317,201739,ONLINE,Unspecified,QUEENS,,,,,,,,40.720359151510664,-73.89874676785278,"(40.720359151510664, -73.89874676785278)"
60573097,03/13/2024 05:21:22 PM,03/14/2024 01:14:45 PM,DSNY,Department of Sanitation,Dirty Condition,Dog Waste,Sidewalk,10032,134 HAVEN AVENUE,HAVEN AVENUE,WEST  172 STREET,WEST  173 STREET,WEST  172 STREET,WEST  173 STREET,ADDRESS,NEW YORK,HAVEN AVENUE,,Closed,,The Department of Sanitation investigated this complaint and found no violation at the location.,03/14/2024 01:14:48 PM,12 MANHATTAN,1021390268,MANHATTAN,1000186,247319,ONLINE,Unspecified,MANHATTAN,,,,,,,,40.84549425702771,-73.94240187433228,"(40.84549425702771, -73.94240187433228)"
60576920,03/13/2024 03:36:22 PM,03/16/2024 07:18:38 PM,DSNY,Department of Sanitation,Dirty Condition,Dog Waste,Sidewalk,11224,MERMAID AVENUE,MERMAID AVENUE,MERMAID AVENUE,WEST   32 STREET,MERMAID AVENUE,WEST   32 STREET,INTERSECTION,,,,Closed,,The Department of Sanitation investigated this complaint and found no violation at the location.,03/16/2024 07:18:44 PM,13 BROOKLYN,,BROOKLYN,984651,148801,PHONE,Unspecified,BROOKLYN,,,,,,,,40.57510035103557,-73.99855651703888,"(40.57510035103557, -73.99855651703888)"
60576921,03/13/2024 02:58:44 PM,03/19/2024 09:18:04 PM,DSNY,Department of Sanitation,Dirty Condition,Dog Waste,Sidewalk,11206,10 MAUJER STREET,MAUJER STREET,UNION AVENUE,LORIMER STREET,UNION AVENUE,LORIMER STREET,ADDRESS,BROOKLYN,MAUJER STREET,,Closed,,The Department of Sanitation investigated this complaint and found no violation at the location.,03/19/2024 09:18:07 PM,01 BROOKLYN,3027910110,BROOKLYN,998004,198051,ONLINE,Unspecified,BROOKLYN,,,,,,,,40.710270306745855,-73.95038921372846,"(40.710270306745855, -73.95038921372846)"
60570657,03/13/2024 02:42:55 PM,03/14/2024 11:05:18 AM,DSNY,Department of Sanitation,Dirty Condition,Dog Waste,Sidewalk,11385,1943 PALMETTO STREET,PALMETTO STREET,WOODWARD AVENUE,FAIRVIEW AVENUE,WOODWARD AVENUE,FAIRVIEW AVENUE,ADDRESS,RIDGEWOOD,PALMETTO STREET,,Closed,,The Department of Sanitation investigated this complaint and found no violation at the location.,03/14/2024 11:05:22 AM,05 QUEENS,4034780045,QUEENS,1010555,196264,ONLINE,Unspecified,QUEENS,,,,,,,,40.70533700461684,-73.90512466615688,"(40.70533700461684, -73.90512466615688)"
60573096,03/13/2024 02:30:27 PM,03/20/2024 01:24:21 PM,DSNY,Department of Sanitation,Dirty Condition,Dog Waste,Sidewalk,11226,380 EAST   18 STREET,EAST   18 STREET,CORTELYOU ROAD,DORCHESTER ROAD,CORTELYOU ROAD,DORCHESTER ROAD,ADDRESS,BROOKLYN,EAST   18 STREET,,Closed,,The Department of Sanitation investigated this complaint and found no violation at the location.,03/20/2024 01:24:27 PM,14 BROOKLYN,3051600001,BROOKLYN,994898,173090,PHONE,Unspecified,BROOKLYN,,,,,,,,40.64176228336423,-73.96163201406432,"(40.64176228336423, -73.96163201406432)"
60578157,03/13/2024 01:01:03 PM,03/15/2024 09:06:28 PM,DSNY,Department of Sanitation,Dirty Condition,Dog Waste,Sidewalk,11237,126 GRATTAN STREET,GRATTAN STREET,PORTER AVENUE,VARICK AVENUE,PORTER AVENUE,VARICK AVENUE,ADDRESS,BROOKLYN,GRATTAN STREET,,Closed,,The Department of Sanitation investigated this complaint and found no violation at the location.,03/15/2024 09:06:31 PM,01 BROOKLYN,3030100009,BROOKLYN,1004219,196591,ONLINE,Unspecified,BROOKLYN,,,,,,,,40.70625110953635,-73.92797599832396,"(40.70625110953635, -73.92797599832396)"
60569359,03/13/2024 11:44:57 AM,03/13/2024 08:23:50 PM,DSNY,Department of Sanitation,Dirty Condition,Dog Waste,Sidewalk,10031,575 RIVERSIDE DRIVE,RIVERSIDE DRIVE,12 AVENUE,WEST  135 STREET,12 AVENUE,WEST  135 STREET,ADDRESS,NEW YORK,RIVERSIDE DRIVE,,Closed,,The Department of Sanitation investigated this complaint and found no violation at the location.,03/13/2024 08:23:53 PM,09 MANHATTAN,1020010060,MANHATTAN,995943,238407,ONLINE,Unspecified,MANHATTAN,,,,,,,,40.82104002485966,-73.95775305197864,"(40.82104002485966, -73.95775305197864)"
60569360,03/13/2024 11:36:08 AM,03/13/2024 06:22:19 PM,DSNY,Department of Sanitation,Dirty Condition,Dog Waste,Sidewalk,10038,35 CATHERINE STREET,CATHERINE STREET,HENRY STREET,MADISON STREET,HENRY STREET,MADISON STREET,ADDRESS,NEW YORK,CATHERINE STREET,,Closed,,The Department of Sanitation investigated this complaint and found no violation at the location.,03/13/2024 06:22:23 PM,03 MANHATTAN,1002770053,MANHATTAN,985079,198814,ONLINE,Unspecified,MANHATTAN,,,,,,,,40.71237521182427,-73.9970096962056,"(40.71237521182427, -73.9970096962056)"
60576923,03/13/2024 10:06:04 AM,03/15/2024 09:05:15 PM,DSNY,Department of Sanitation,Dirty Condition,Dog Waste,Sidewalk,11212,520 OSBORN STREET,OSBORN STREET,NEWPORT STREET,LOTT AVENUE,NEWPORT STREET,LOTT AVENUE,ADDRESS,BROOKLYN,OSBORN STREET,,Closed,,The Department of Sanitation investigated this complaint and found no violation at the location.,03/15/2024 09:05:17 PM,16 BROOKLYN,3036160001,BROOKLYN,1010300,179411,PHONE,Unspecified,BROOKLYN,,,,,,,,40.65908013656117,-73.90610953583202,"(40.65908013656117, -73.90610953583202)"
60576922,03/13/2024 07:03:23 AM,03/14/2024 01:47:57 PM,DSNY,Department of Sanitation,Dirty Condition,Dog Waste,Sidewalk,10018,10 AVENUE,10 AVENUE,10 AVENUE,WEST   38 STREET,10 AVENUE,WEST   38 STREET,INTERSECTION,,,,Closed,,The Department of Sanitation investigated this complaint and found no violation at the location.,03/14/2024 01:48:02 PM,04 MANHATTAN,,MANHATTAN,984998,215111,PHONE,Unspecified,MANHATTAN,,,,,,,,40.75710646717883,-73.99730006116313,"(40.75710646717883, -73.99730006116313)"
60565410,03/12/2024 04:37:05 PM,03/15/2024 01:07:21 PM,DSNY,Department of Sanitation,Dirty Condition,Dog Waste,Sidewalk,11417,97-59 ECKFORD AVENUE,ECKFORD AVENUE,RALEIGH STREET,HURON STREET,RALEIGH STREET,HURON STREET,ADDRESS,OZONE PARK,ECKFORD AVENUE,,Closed,,The Department of Sanitation investigated this complaint and found no violation at the location.,03/15/2024 01:07:24 PM,10 QUEENS,4115520089,QUEENS,1029617,183474,PHONE,Unspecified,QUEENS,,,,,,,,40.67015425046412,-73.83645921021886,"(40.67015425046412, -73.83645921021886)"
60562690,03/12/2024 10:12:28 AM,03/14/2024 01:01:56 PM,DSNY,Department of Sanitation,Dirty Condition,Dog Waste,Sidewalk,11370,71-06 31 AVENUE,31 AVENUE,71 STREET,72 STREET,71 STREET,72 STREET,ADDRESS,EAST ELMHURST,31 AVENUE,,Closed,,The Department of Sanitation investigated this complaint and found no violation at the location.,03/14/2024 01:02:00 PM,03 QUEENS,4011420001,QUEENS,1013039,215515,ONLINE,Unspecified,QUEENS,,,,,,,,40.75816850574411,-73.8960831594566,"(40.75816850574411, -73.8960831594566)"
60566742,03/12/2024 10:06:31 AM,03/14/2024 05:59:12 AM,DSNY,Department of Sanitation,Dirty Condition,Dog Waste,Sidewalk,11374,99-60 64 AVENUE,64 AVENUE,99 STREET,102 STREET,99 STREET,102 STREET,ADDRESS,REGO PARK,64 AVENUE,,Closed,,The Department of Sanitation investigated this complaint and found no violation at the location.,03/14/2024 05:59:19 AM,06 QUEENS,4021130034,QUEENS,1024608,205818,ONLINE,Unspecified,QUEENS,,,,,,,,40.731507466162846,-73.85438192277974,"(40.731507466162846, -73.85438192277974)"
60564009,03/12/2024 08:06:16 AM,03/14/2024 09:29:24 PM,DSNY,Department of Sanitation,Dirty Condition,Dog Waste,Sidewalk,11223,KINGS HIGHWAY,KINGS HIGHWAY,KINGS HIGHWAY,WEST   10 STREET,KINGS HIGHWAY,WEST   10 STREET,INTERSECTION,,,,Closed,,The Department of Sanitation investigated this complaint and found no violation at the location.,03/14/2024 09:29:30 PM,11 BROOKLYN,,BROOKLYN,988952,159876,PHONE,Unspecified,BROOKLYN,,,,,,,,40.60549777169505,-73.98306646587378,"(40.60549777169505, -73.98306646587378)"
60565411,03/12/2024 07:41:05 AM,03/13/2024 08:23:09 PM,DSNY,Department of Sanitation,Dirty Condition,Dog Waste,Sidewalk,10027,BROADWAY,BROADWAY,BROADWAY,WEST  131 STREET,BROADWAY,WEST  131 STREET,INTERSECTION,,,,Closed,,The Department of Sanitation investigated this complaint and found no violation at the location.,03/13/2024 08:23:13 PM,09 MANHATTAN,,MANHATTAN,996170,237135,PHONE,Unspecified,MANHATTAN,,,,,,,,40.81754844008804,-73.95693515778898,"(40.81754844008804, -73.95693515778898)"
60556051,03/11/2024 09:18:14 PM,03/12/2024 11:06:02 AM,DSNY,Department of Sanitation,Dirty Condition,Dog Waste,Sidewalk,11368,98-02 ROOSEVELT AVENUE,ROOSEVELT AVENUE,39 AVENUE,99 STREET,39 AVENUE,99 STREET,ADDRESS,CORONA,ROOSEVELT AVENUE,,Closed,,The Department of Sanitation investigated this complaint and found no violation at the location.,03/12/2024 11:06:04 AM,04 QUEENS,4016070001,QUEENS,1021003,212324,ONLINE,Unspecified,QUEENS,,,,,,,,40.74938051237267,-73.86735376771057,"(40.74938051237267, -73.86735376771057)"
60550719,03/11/2024 07:27:09 PM,03/12/2024 11:07:33 AM,DSNY,Department of Sanitation,Dirty Condition,Dog Waste,Street,11375,108-37 JEWEL AVENUE,JEWEL AVENUE,108 STREET,110 STREET,108 STREET,110 STREET,ADDRESS,FOREST HILLS,JEWEL AVENUE,,Closed,,The Department of Sanitation investigated this complaint and issued a Notice of Violation.,03/12/2024 11:07:36 AM,06 QUEENS,4022200049,QUEENS,1027370,203000,ONLINE,Unspecified,QUEENS,,,,,,,,40.723759721566985,-73.84443426533323,"(40.723759721566985, -73.84443426533323)"
60556050,03/11/2024 05:08:57 PM,03/12/2024 01:17:22 PM,DSNY,Department of Sanitation,Dirty Condition,Dog Waste,Sidewalk,10473,1866 SEWARD AVENUE,SEWARD AVENUE,LELAND AVENUE,UNDERHILL AVENUE,LELAND AVENUE,UNDERHILL AVENUE,ADDRESS,BRONX,SEWARD AVENUE,,Closed,,The Department of Sanitation investigated this complaint and found no condition at the location.,03/12/2024 01:17:25 PM,09 BRONX,2035610138,BRONX,1022931,237887,PHONE,Unspecified,BRONX,,,,,,,,40.81953582069266,-73.86024819221286,"(40.81953582069266, -73.86024819221286)"
60549366,03/11/2024 03:21:47 PM,03/12/2024 01:16:42 PM,DSNY,Department of Sanitation,Dirty Condition,Dog Waste,Sidewalk,10475,3340 BAYCHESTER AVENUE,BAYCHESTER AVENUE,GIVAN AVENUE,TILLOTSON AVENUE,GIVAN AVENUE,TILLOTSON AVENUE,ADDRESS,BRONX,BAYCHESTER AVENUE,,Closed,,The Department of Sanitation investigated this complaint and found no condition at the location.,03/12/2024 01:16:46 PM,12 BRONX,2052260037,BRONX,1029326,259270,ONLINE,Unspecified,BRONX,,,,,,,,40.87819541878065,-73.8369997881463,"(40.87819541878065, -73.8369997881463)"
60548065,03/11/2024 01:07:13 PM,03/11/2024 08:57:21 PM,DSNY,Department of Sanitation,Dirty Condition,Dog Waste,Sidewalk,10472,1071 STRATFORD AVENUE,STRATFORD AVENUE,BRUCKNER BOULEVARD,WATSON AVENUE,BRUCKNER BOULEVARD,WATSON AVENUE,ADDRESS,BRONX,STRATFORD AVENUE,,Closed,,The Department of Sanitation investigated this complaint and found no violation at the location.,03/11/2024 08:57:24 PM,09 BRONX,2037170036,BRONX,1018925,240148,PHONE,Unspecified,BRONX,,,,,,,,40.82575825267107,-73.87470989152163,"(40.82575825267107, -73.87470989152163)"
60557312,03/11/2024 11:19:02 AM,03/12/2024 07:29:08 AM,DSNY,Department of Sanitation,Dirty Condition,Dog Waste,Street,10037,60 WEST  142 STREET,WEST  142 STREET,CHISUM PLACE,LENOX AVENUE,CHISUM PLACE,LENOX AVENUE,ADDRESS,NEW YORK,WEST  142 STREET,,Closed,,The Department of Sanitation investigated this complaint and found no violation at the location.,03/12/2024 07:29:13 AM,10 MANHATTAN,1017370059,MANHATTAN,1001843,237298,PHONE,Unspecified,MANHATTAN,,,,,,,,40.81798635263026,-73.93643919542686,"(40.81798635263026, -73.93643919542686)"
60553375,03/11/2024 09:11:42 AM,03/11/2024 08:52:07 PM,DSNY,Department of Sanitation,Dirty Condition,Dog Waste,Sidewalk,10452,30 EAST CLARKE PLACE,EAST CLARKE PLACE,JEROME AVENUE,WALTON AVENUE,JEROME AVENUE,WALTON AVENUE,ADDRESS,BRONX,EAST CLARKE PLACE,,Closed,,The Department of Sanitation investigated this complaint and found no violation at the location.,03/11/2024 08:52:10 PM,04 BRONX,2028390018,BRONX,1006985,244562,PHONE,Unspecified,BRONX,,,,,,,,40.83791221229114,-73.9178373339864,"(40.83791221229114, -73.9178373339864)"
60543786,03/10/2024 06:41:26 PM,03/11/2024 01:35:54 PM,DSNY,Department of Sanitation,Dirty Condition,Dog Waste,Sidewalk,11216,156 MONROE STREET,MONROE STREET,BEDFORD AVENUE,NOSTRAND AVENUE,BEDFORD AVENUE,NOSTRAND AVENUE,ADDRESS,BROOKLYN,MONROE STREET,,Closed,,The Department of Sanitation investigated this complaint and found no violation at the location.,03/11/2024 01:35:57 PM,03 BROOKLYN,3018170022,BROOKLYN,997333,188917,ONLINE,Unspecified,BROOKLYN,,,,,,,,40.6852006253006,-73.95282725778495,"(40.6852006253006, -73.95282725778495)"
60539939,03/10/2024 03:03:35 PM,03/11/2024 01:15:29 PM,DSNY,Department of Sanitation,Dirty Condition,Dog Waste,Sidewalk,10029,133 EAST  110 STREET,EAST  110 STREET,PARK AVENUE,LEXINGTON AVENUE,PARK AVENUE,LEXINGTON AVENUE,ADDRESS,NEW YORK,EAST  110 STREET,,Closed,,The Department of Sanitation investigated this complaint and found no violation at the location.,03/11/2024 01:15:31 PM,11 MANHATTAN,1016380013,MANHATTAN,999518,228922,ONLINE,Unspecified,MANHATTAN,,,,,,,,40.79500087273526,-73.94485810986248,"(40.79500087273526, -73.94485810986248)"
60542796,03/10/2024 02:00:30 PM,03/13/2024 12:35:28 PM,DSNY,Department of Sanitation,Dirty Condition,Dog Waste,Sidewalk,10038,170 WILLIAM STREET,WILLIAM STREET,BEEKMAN STREET,SPRUCE STREET,BEEKMAN STREET,SPRUCE STREET,ADDRESS,NEW YORK,WILLIAM STREET,,Closed,,The Department of Sanitation investigated this complaint and found no violation at the location.,03/13/2024 12:35:31 PM,01 MANHATTAN,1001000001,MANHATTAN,982721,198123,PHONE,Unspecified,MANHATTAN,,,,,,,,40.71047848783348,-74.0055151319697,"(40.71047848783348, -74.0055151319697)"
60540894,03/10/2024 07:33:57 AM,03/11/2024 01:29:35 PM,DSNY,Department of Sanitation,Dirty Condition,Dog Waste,Street,10473,LELAND AVENUE,LELAND AVENUE,LELAND AVENUE,SEWARD AVENUE,LELAND AVENUE,SEWARD AVENUE,INTERSECTION,,,,Closed,,The Department of Sanitation investigated this complaint and found no violation at the location.,03/11/2024 01:29:38 PM,09 BRONX,,BRONX,1022830,237873,PHONE,Unspecified,BRONX,,,,,,,,40.8194978363764,-73.86061317817489,"(40.8194978363764, -73.86061317817489)"
60533454,03/09/2024 03:33:06 PM,03/14/2024 09:35:49 PM,DSNY,Department of Sanitation,Dirty Condition,Dog Waste,Sidewalk,11224,2950 WEST   24 STREET,WEST   24 STREET,MERMAID AVENUE,SURF AVENUE,MERMAID AVENUE,SURF AVENUE,ADDRESS,BROOKLYN,WEST   24 STREET,,Closed,,The Department of Sanitation investigated this complaint and no DSNY related conditions/violations were observed. Location will be referred to the appropriate agency for further action.,03/14/2024 09:35:49 PM,13 BROOKLYN,3070550013,BROOKLYN,986782,148597,PHONE,Unspecified,BROOKLYN,,,,,,,,40.574540058551165,-73.99088561544781,"(40.574540058551165, -73.99088561544781)"
60533443,03/09/2024 11:31:26 AM,03/09/2024 05:39:41 PM,DSNY,Department of Sanitation,Dirty Condition,Dog Waste,Sidewalk,11377,45-43 49 STREET,49 STREET,QUEENS BOULEVARD,47 AVENUE,QUEENS BOULEVARD,47 AVENUE,ADDRESS,WOODSIDE,49 STREET,,Closed,,The Department of Sanitation investigated this complaint and found no violation at the location.,03/09/2024 05:39:46 PM,02 QUEENS,4022820002,QUEENS,1007500,209566,PHONE,Unspecified,QUEENS,,,,,,,,40.741856309900825,-73.91609730073722,"(40.741856309900825, -73.91609730073722)"
60534342,03/09/2024 10:05:35 AM,03/11/2024 08:53:55 PM,DSNY,Department of Sanitation,Dirty Condition,Dog Waste,Sidewalk,10457,EAST  172 STREET,EAST  172 STREET,GRAND CONCOURSE,SHERIDAN AVENUE,GRAND CONCOURSE,SHERIDAN AVENUE,BLOCKFACE,,,,Closed,,The Department of Sanitation investigated this complaint and found no violation at the location.,03/11/2024 08:53:59 PM,Unspecified BRONX,,BRONX,,,ONLINE,Unspecified,BRONX,,,,,,,,,,
60525575,03/08/2024 09:30:30 PM,03/09/2024 12:50:28 PM,DSNY,Department of Sanitation,Dirty Condition,Dog Waste,Sidewalk,11420,116-12 150 AVENUE,150 AVENUE,116 STREET,117 STREET,116 STREET,117 STREET,ADDRESS,SOUTH OZONE PARK,150 AVENUE,,Closed,,The Department of Sanitation investigated this complaint and found no violation at the location.,03/09/2024 12:50:31 PM,10 QUEENS,4118390037,QUEENS,1032917,182465,PHONE,Unspecified,QUEENS,,,,,,,,40.667367250570244,-73.82457055228271,"(40.667367250570244, -73.82457055228271)"
60524303,03/08/2024 04:35:09 PM,03/11/2024 01:32:19 PM,DSNY,Department of Sanitation,Dirty Condition,Dog Waste,Street,11221,980 JEFFERSON AVENUE,JEFFERSON AVENUE,HOWARD AVENUE,SARATOGA AVENUE,HOWARD AVENUE,SARATOGA AVENUE,ADDRESS,BROOKLYN,JEFFERSON AVENUE,,Closed,,The Department of Sanitation investigated this complaint and found no violation at the location.,03/11/2024 01:32:22 PM,03 BROOKLYN,3014880129,BROOKLYN,1006768,189530,ONLINE,Unspecified,BROOKLYN,,,,,,,,40.68686419466105,-73.91880589996028,"(40.68686419466105, -73.91880589996028)"
60525574,03/08/2024 01:31:43 PM,03/09/2024 12:50:12 PM,DSNY,Department of Sanitation,Dirty Condition,Dog Waste,Sidewalk,11418,87-35 109 STREET,109 STREET,JAMAICA AVENUE,91 AVENUE,JAMAICA AVENUE,91 AVENUE,ADDRESS,RICHMOND HILL,109 STREET,,Closed,,The Department of Sanitation investigated this complaint and found no violation at the location.,03/09/2024 12:50:16 PM,09 QUEENS,4092990060,QUEENS,1029012,192689,PHONE,Unspecified,QUEENS,,,,,,,,40.69545036329779,-73.83857891963102,"(40.69545036329779, -73.83857891963102)"
60531616,03/08/2024 09:37:16 AM,03/12/2024 02:26:20 PM,DSNY,Department of Sanitation,Dirty Condition,Dog Waste,Sidewalk,11236,655 EAST   87 STREET,EAST   87 STREET,FARRAGUT ROAD,GLENWOOD ROAD,FARRAGUT ROAD,GLENWOOD ROAD,ADDRESS,BROOKLYN,EAST   87 STREET,,Closed,,The Department of Sanitation investigated this complaint and found no violation at the location.,03/12/2024 02:26:23 PM,18 BROOKLYN,3079920015,BROOKLYN,1009048,172842,PHONE,Unspecified,BROOKLYN,,,,,,,,40.64105326216721,-73.91064619271118,"(40.64105326216721, -73.91064619271118)"
60514506,03/07/2024 08:38:40 PM,03/11/2024 09:09:30 PM,DSNY,Department of Sanitation,Dirty Condition,Dog Waste,Sidewalk,11207,490 WILLIAMS AVENUE,WILLIAMS AVENUE,LIVONIA AVENUE,RIVERDALE AVENUE,LIVONIA AVENUE,RIVERDALE AVENUE,ADDRESS,BROOKLYN,WILLIAMS AVENUE,,Closed,,The Department of Sanitation investigated this complaint and found no violation at the location.,03/11/2024 09:09:32 PM,05 BROOKLYN,3038180035,BROOKLYN,1012647,181101,ONLINE,Unspecified,BROOKLYN,,,,,,,,40.66371159455811,-73.89764327335652,"(40.66371159455811, -73.89764327335652)"
60521905,03/07/2024 06:09:42 PM,03/08/2024 12:50:26 PM,DSNY,Department of Sanitation,Dirty Condition,Dog Waste,Sidewalk,10469,1269 MACE AVENUE,MACE AVENUE,GABRIEL DRIVE,BOUCK AVENUE,GABRIEL DRIVE,BOUCK AVENUE,ADDRESS,BRONX,MACE AVENUE,,Closed,,The Department of Sanitation investigated this complaint and found no violation at the location.,03/08/2024 12:50:30 PM,11 BRONX,2044630145,BRONX,1025642,253691,ONLINE,Unspecified,BRONX,,,,,,,,40.86290083898697,-73.85035601021957,"(40.86290083898697, -73.85035601021957)"
60513294,03/07/2024 04:17:28 PM,03/08/2024 09:40:23 PM,DSNY,Department of Sanitation,Dirty Condition,Dog Waste,Sidewalk,11221,263 KOSCIUSZKO STREET,KOSCIUSZKO STREET,TOMPKINS AVENUE,THROOP AVENUE,TOMPKINS AVENUE,THROOP AVENUE,ADDRESS,BROOKLYN,KOSCIUSZKO STREET,,Closed,,The Department of Sanitation investigated this complaint and found no violation at the location.,03/08/2024 09:40:27 PM,03 BROOKLYN,3017810066,BROOKLYN,999712,191196,ONLINE,Unspecified,BROOKLYN,,,,,,,,40.69145211959683,-73.94424418402777,"(40.69145211959683, -73.94424418402777)"
60514508,03/07/2024 04:10:15 PM,03/08/2024 01:54:29 PM,DSNY,Department of Sanitation,Dirty Condition,Dog Waste,Sidewalk,10472,1061 STRATFORD AVENUE,STRATFORD AVENUE,BRUCKNER BOULEVARD,WATSON AVENUE,BRUCKNER BOULEVARD,WATSON AVENUE,ADDRESS,BRONX,STRATFORD AVENUE,,Closed,,The Department of Sanitation investigated this complaint and found no violation at the location.,03/08/2024 01:54:32 PM,09 BRONX,2037170040,BRONX,1018935,240091,PHONE,Unspecified,BRONX,,,,,,,,40.82560176478523,-73.87467405354215,"(40.82560176478523, -73.87467405354215)"
60518125,03/07/2024 03:14:53 PM,03/09/2024 12:40:33 PM,DSNY,Department of Sanitation,Dirty Condition,Dog Waste,Street,10301,ARNOLD STREET,ARNOLD STREET,ARNOLD STREET,YORK AVENUE,ARNOLD STREET,YORK AVENUE,INTERSECTION,,,,Closed,,The Department of Sanitation investigated this complaint and found no violation at the location.,03/09/2024 12:40:36 PM,01 STATEN ISLAND,,STATEN ISLAND,959782,172153,PHONE,Unspecified,STATEN ISLAND,,,,,,,,40.63916302341869,-74.08816223142775,"(40.63916302341869, -74.08816223142775)"
60514507,03/07/2024 01:28:11 PM,03/08/2024 01:08:44 PM,DSNY,Department of Sanitation,Dirty Condition,Dog Waste,Sidewalk,11433,111-49 166 STREET,166 STREET,MATHIAS AVENUE,SAYRES AVENUE,MATHIAS AVENUE,SAYRES AVENUE,ADDRESS,JAMAICA,166 STREET,,Closed,,The Department of Sanitation investigated this complaint and found no violation at the location.,03/08/2024 01:08:47 PM,12 QUEENS,4102040044,QUEENS,1044058,191312,PHONE,Unspecified,QUEENS,,,,,,,,40.69158193617798,-73.78433233230761,"(40.69158193617798, -73.78433233230761)"
60514509,03/07/2024 12:46:32 PM,03/08/2024 09:42:27 PM,DSNY,Department of Sanitation,Dirty Condition,Dog Waste,Sidewalk,11212,91 JUNIUS STREET,JUNIUS STREET,LIBERTY AVENUE,GLENMORE AVENUE,LIBERTY AVENUE,GLENMORE AVENUE,ADDRESS,BROOKLYN,JUNIUS STREET,,Closed,,The Department of Sanitation investigated this complaint and found no violation at the location.,03/08/2024 09:42:31 PM,16 BROOKLYN,3036967501,BROOKLYN,1010942,184416,ONLINE,Unspecified,BROOKLYN,,,,,,,,40.6728158292927,-73.90377579949111,"(40.6728158292927, -73.90377579949111)"
60519427,03/07/2024 11:47:17 AM,03/08/2024 01:20:05 PM,DSNY,Department of Sanitation,Dirty Condition,Dog Waste,Sidewalk,11423,202 STREET,202 STREET,93 AVENUE,JAMAICA AVENUE,93 AVENUE,JAMAICA AVENUE,BLOCKFACE,,,,Closed,,The Department of Sanitation investigated this complaint and found no violation at the location.,03/08/2024 01:20:09 PM,Unspecified QUEENS,,QUEENS,,,PHONE,Unspecified,QUEENS,,,,,,,,,,
60514483,03/07/2024 11:14:23 AM,03/07/2024 08:46:09 PM,DSNY,Department of Sanitation,Dirty Condition,Dog Waste,Sidewalk,10460,1290 RODMAN PLACE,RODMAN PLACE,LONGFELLOW AVENUE,WEST FARMS ROAD,LONGFELLOW AVENUE,WEST FARMS ROAD,ADDRESS,BRONX,RODMAN PLACE,,Closed,,The Department of Sanitation investigated this complaint and found no violation at the location.,03/07/2024 08:46:13 PM,06 BRONX,2030167501,BRONX,1017097,244862,PHONE,Unspecified,BRONX,,,,,,,,40.83870380248861,-73.8812918569185,"(40.83870380248861, -73.8812918569185)"
60519428,03/07/2024 10:23:28 AM,03/08/2024 09:41:27 PM,DSNY,Department of Sanitation,Dirty Condition,Dog Waste,Sidewalk,11205,223 WAVERLY AVENUE,WAVERLY AVENUE,WILLOUGHBY AVENUE,DEKALB AVENUE,WILLOUGHBY AVENUE,DEKALB AVENUE,ADDRESS,BROOKLYN,WAVERLY AVENUE,,Closed,,The Department of Sanitation investigated this complaint and found no violation at the location.,03/08/2024 09:41:31 PM,02 BROOKLYN,3019170021,BROOKLYN,993288,191061,ONLINE,Unspecified,BROOKLYN,,,,,,,,40.69109046739217,-73.96740924142377,"(40.69109046739217, -73.96740924142377)"
60513293,03/07/2024 10:19:43 AM,03/08/2024 09:41:57 PM,DSNY,Department of Sanitation,Dirty Condition,Dog Waste,Sidewalk,11233,1569 PROSPECT PLACE,PROSPECT PLACE,BUFFALO AVENUE,RALPH AVENUE,BUFFALO AVENUE,RALPH AVENUE,ADDRESS,BROOKLYN,PROSPECT PLACE,,Closed,,The Department of Sanitation investigated this complaint and found no violation at the location.,03/08/2024 09:42:01 PM,08 BROOKLYN,3013630078,BROOKLYN,1005266,184445,ONLINE,Unspecified,BROOKLYN,,,,,,,,40.672910721830036,-73.92423757977903,"(40.672910721830036, -73.92423757977903)"
60518169,03/07/2024 09:13:08 AM,03/07/2024 01:11:39 PM,DSNY,Department of Sanitation,Dirty Condition,Dog Waste,Sidewalk,11375,92-11 71 AVENUE,71 AVENUE,OLCOTT STREET,NANSEN STREET,OLCOTT STREET,NANSEN STREET,ADDRESS,FOREST HILLS,71 AVENUE,,Closed,,The Department of Sanitation investigated this complaint and found no violation at the location.,03/07/2024 01:11:45 PM,06 QUEENS,4032210042,QUEENS,1025645,198289,ONLINE,Unspecified,QUEENS,,,,,,,,40.71083741577199,-73.85068657448443,"(40.71083741577199, -73.85068657448443)"
60513295,03/07/2024 08:49:28 AM,03/08/2024 09:42:48 PM,DSNY,Department of Sanitation,Dirty Condition,Dog Waste,Sidewalk,11212,EAST   93 STREET,EAST   93 STREET,EAST   93 STREET,EAST NY AVENUE,EAST   93 STREET,EAST NY AVENUE,INTERSECTION,,,,Closed,,The Department of Sanitation investigated this complaint and found no violation at the location.,03/08/2024 09:42:53 PM,17 BROOKLYN,,BROOKLYN,1003933,181325,ONLINE,Unspecified,BROOKLYN,,,,,,,,40.66435008462724,-73.929052135895,"(40.66435008462724, -73.929052135895)"
60516950,03/07/2024 08:03:10 AM,03/07/2024 01:04:29 PM,DSNY,Department of Sanitation,Dirty Condition,Dog Waste,Sidewalk,11435,109-19 PINEGROVE STREET,PINEGROVE STREET,109 AVENUE,FERNDALE AVENUE,109 AVENUE,FERNDALE AVENUE,ADDRESS,JAMAICA,PINEGROVE STREET,,Closed,,The Department of Sanitation investigated this complaint and found no violation at the location.,03/07/2024 01:04:32 PM,12 QUEENS,4119340043,QUEENS,1038994,190228,PHONE,Unspecified,QUEENS,,,,,,,,40.688639385635184,-73.80260186189422,"(40.688639385635184, -73.80260186189422)"
60508580,03/06/2024 06:58:34 PM,03/08/2024 09:40:54 PM,DSNY,Department of Sanitation,Dirty Condition,Dog Waste,Sidewalk,11205,218 WAVERLY AVENUE,WAVERLY AVENUE,WILLOUGHBY AVENUE,DEKALB AVENUE,WILLOUGHBY AVENUE,DEKALB AVENUE,ADDRESS,BROOKLYN,WAVERLY AVENUE,,Closed,,The Department of Sanitation investigated this complaint and found no violation at the location.,03/08/2024 09:40:57 PM,02 BROOKLYN,3019160026,BROOKLYN,993282,191058,ONLINE,Unspecified,BROOKLYN,,,,,,,,40.69108223920959,-73.96743088126506,"(40.69108223920959, -73.96743088126506)"
60512135,03/06/2024 06:54:32 PM,03/07/2024 10:48:59 AM,DSNY,Department of Sanitation,Dirty Condition,Dog Waste,Sidewalk,11385,1702 PUTNAM AVENUE,PUTNAM AVENUE,CYPRESS AVENUE,SENECA AVENUE,CYPRESS AVENUE,SENECA AVENUE,ADDRESS,RIDGEWOOD,PUTNAM AVENUE,,Closed,,The Department of Sanitation investigated this complaint and found no violation at the location.,03/07/2024 10:49:02 AM,05 QUEENS,,QUEENS,1010198,194519,ONLINE,Unspecified,QUEENS,,,,,,,,40.70054844601658,-73.90641899555686,"(40.70054844601658, -73.90641899555686)"
60512136,03/06/2024 06:48:02 PM,03/07/2024 10:49:16 AM,DSNY,Department of Sanitation,Dirty Condition,Dog Waste,Sidewalk,11385,1716 PUTNAM AVENUE,PUTNAM AVENUE,CYPRESS AVENUE,SENECA AVENUE,CYPRESS AVENUE,SENECA AVENUE,ADDRESS,RIDGEWOOD,PUTNAM AVENUE,,Closed,,The Department of Sanitation investigated this complaint and found no violation at the location.,03/07/2024 10:49:19 AM,05 QUEENS,4034610011,QUEENS,1010230,194560,ONLINE,Unspecified,QUEENS,,,,,,,,40.70066088747273,-73.9063034300476,"(40.70066088747273, -73.9063034300476)"
60507424,03/06/2024 04:35:02 PM,03/09/2024 01:44:54 PM,DSNY,Department of Sanitation,Dirty Condition,Dog Waste,Sidewalk,11226,343 EAST   26 STREET,EAST   26 STREET,CLARENDON ROAD,AVENUE D,CLARENDON ROAD,AVENUE D,ADDRESS,BROOKLYN,EAST   26 STREET,,Closed,,The Department of Sanitation investigated this complaint and found no violation at the location.,03/09/2024 01:44:58 PM,17 BROOKLYN,3051920067,BROOKLYN,997435,173125,PHONE,Unspecified,BROOKLYN,,,,,,,,40.64185493743187,-73.95249036385802,"(40.64185493743187, -73.95249036385802)"
60510943,03/06/2024 04:28:39 PM,03/07/2024 01:13:26 PM,DSNY,Department of Sanitation,Dirty Condition,Dog Waste,Sidewalk,10468,2830 SEDGWICK AVENUE,SEDGWICK AVENUE,WEST  197 STREET,WEST  229 STREET,WEST  197 STREET,WEST  229 STREET,ADDRESS,BRONX,SEDGWICK AVENUE,,Closed,,The Department of Sanitation investigated this complaint and found no violation at the location.,03/07/2024 01:13:30 PM,08 BRONX,2032500005,BRONX,1011366,257363,PHONE,Unspecified,BRONX,,,,,,,,40.87303474844359,-73.90195294442927,"(40.87303474844359, -73.90195294442927)"
60503886,03/06/2024 04:11:38 PM,03/07/2024 01:14:26 PM,DSNY,Department of Sanitation,Dirty Condition,Dog Waste,Sidewalk,11420,116-12 150 AVENUE,150 AVENUE,116 STREET,117 STREET,116 STREET,117 STREET,ADDRESS,SOUTH OZONE PARK,150 AVENUE,,Closed,,The Department of Sanitation investigated this complaint and found no violation at the location.,03/07/2024 01:14:31 PM,10 QUEENS,4118390037,QUEENS,1032917,182465,PHONE,Unspecified,QUEENS,,,,,,,,40.667367250570244,-73.82457055228271,"(40.667367250570244, -73.82457055228271)"
60507422,03/06/2024 03:34:49 PM,03/07/2024 09:08:47 PM,DSNY,Department of Sanitation,Dirty Condition,Dog Waste,Sidewalk,11223,1962 WEST    4 STREET,WEST    4 STREET,APPLEGATE COURT,AVENUE T,APPLEGATE COURT,AVENUE T,ADDRESS,BROOKLYN,WEST    4 STREET,,Closed,,The Department of Sanitation investigated this complaint and found no violation at the location.,03/07/2024 09:08:50 PM,11 BROOKLYN,3070840031,BROOKLYN,990862,157829,PHONE,Unspecified,BROOKLYN,,,,,,,,40.59987795387918,-73.97618989697443,"(40.59987795387918, -73.97618989697443)"
60510930,03/06/2024 01:01:13 PM,03/06/2024 08:58:56 PM,DSNY,Department of Sanitation,Dirty Condition,Dog Waste,Sidewalk,11216,235 TOMPKINS AVENUE,TOMPKINS AVENUE,KOSCIUSZKO STREET,LAFAYETTE AVENUE,KOSCIUSZKO STREET,LAFAYETTE AVENUE,ADDRESS,BROOKLYN,TOMPKINS AVENUE,,Closed,,The Department of Sanitation investigated this complaint and found no violation at the location.,03/06/2024 08:59:00 PM,03 BROOKLYN,3017860001,BROOKLYN,999385,191030,PHONE,Unspecified,BROOKLYN,,,,,,,,40.6909970532119,-73.94542371536569,"(40.6909970532119, -73.94542371536569)"
60503885,03/06/2024 12:01:24 PM,03/08/2024 08:01:15 PM,DSNY,Department of Sanitation,Dirty Condition,Dog Waste,Sidewalk,10027,224 MALCOLM X BOULEVARD,MALCOLM X BOULEVARD,WEST  121 STREET,WEST  122 STREET,WEST  121 STREET,WEST  122 STREET,ADDRESS,NEW YORK,LENOX AVENUE,,Closed,,The Department of Sanitation investigated this complaint and found no violation at the location.,03/08/2024 08:01:19 PM,10 MANHATTAN,1017200037,MANHATTAN,998871,232720,PHONE,Unspecified,MANHATTAN,,,,,,,,40.80542643760633,-73.94718654363366,"(40.80542643760633, -73.94718654363366)"
60506267,03/06/2024 11:53:55 AM,03/06/2024 09:01:19 PM,DSNY,Department of Sanitation,Dirty Condition,Dog Waste,Sidewalk,11207,379 MILLER AVENUE,MILLER AVENUE,PITKIN AVENUE,BELMONT AVENUE,PITKIN AVENUE,BELMONT AVENUE,ADDRESS,BROOKLYN,MILLER AVENUE,,Closed,,The Department of Sanitation investigated this complaint and found no violation at the location.,03/06/2024 09:01:22 PM,05 BROOKLYN,3040090104,BROOKLYN,1014497,184000,PHONE,Unspecified,BROOKLYN,,,,,,,,40.671662571009485,-73.89096196488975,"(40.671662571009485, -73.89096196488975)"
60503871,03/06/2024 11:52:56 AM,03/06/2024 09:02:25 PM,DSNY,Department of Sanitation,Dirty Condition,Dog Waste,Sidewalk,11225,143 STERLING STREET,STERLING STREET,BEDFORD AVENUE,ROGERS AVENUE,BEDFORD AVENUE,ROGERS AVENUE,ADDRESS,BROOKLYN,STERLING STREET,,Closed,,The Department of Sanitation investigated this complaint and found no violation at the location.,03/06/2024 09:02:30 PM,09 BROOKLYN,3013140080,BROOKLYN,996453,180761,PHONE,Unspecified,BROOKLYN,,,,,,,,40.66281549873159,-73.95601499721691,"(40.66281549873159, -73.95601499721691)"
60512137,03/06/2024 11:41:24 AM,03/07/2024 08:35:35 PM,DSNY,Department of Sanitation,Dirty Condition,Dog Waste,Sidewalk,10029,202 EAST  104 STREET,EAST  104 STREET,3 AVENUE,2 AVENUE,3 AVENUE,2 AVENUE,ADDRESS,NEW YORK,EAST  104 STREET,,Closed,,The Department of Sanitation investigated this complaint and found no violation at the location.,03/07/2024 08:35:38 PM,11 MANHATTAN,1016520001,MANHATTAN,999330,227174,ONLINE,Unspecified,MANHATTAN,,,,,,,,40.79020340819491,-73.94554101507929,"(40.79020340819491, -73.94554101507929)"
60507423,03/06/2024 11:14:43 AM,03/08/2024 12:59:25 PM,DSNY,Department of Sanitation,Dirty Condition,Dog Waste,Sidewalk,10040,30 BOGARDUS PLACE,BOGARDUS PLACE,HILLSIDE AVENUE,ELLWOOD STREET,HILLSIDE AVENUE,ELLWOOD STREET,ADDRESS,NEW YORK,BOGARDUS PLACE,,Closed,,The Department of Sanitation investigated this complaint and found no violation at the location.,03/08/2024 12:59:28 PM,12 MANHATTAN,1021710105,MANHATTAN,1003910,252315,ONLINE,Unspecified,MANHATTAN,,,,,,,,40.85919928257615,-73.92892742586055,"(40.85919928257615, -73.92892742586055)"
60510944,03/06/2024 10:12:12 AM,03/07/2024 01:11:24 PM,DSNY,Department of Sanitation,Dirty Condition,Dog Waste,Sidewalk,10463,ALBANY CRESCENT,ALBANY CRESCENT,ALBANY CRESCENT,WEST  233 STREET,ALBANY CRESCENT,WEST  233 STREET,INTERSECTION,,,,Closed,,The Department of Sanitation investigated this complaint and found no violation at the location.,03/07/2024 01:11:27 PM,08 BRONX,,BRONX,1011507,259810,ONLINE,Unspecified,BRONX,,,,,,,,40.879750569351465,-73.90143315577899,"(40.879750569351465, -73.90143315577899)"
60509756,03/06/2024 09:55:23 AM,03/06/2024 01:11:32 PM,DSNY,Department of Sanitation,Dirty Condition,Dog Waste,Sidewalk,11375,92-11 71 AVENUE,71 AVENUE,OLCOTT STREET,NANSEN STREET,OLCOTT STREET,NANSEN STREET,ADDRESS,FOREST HILLS,71 AVENUE,,Closed,,The Department of Sanitation investigated this complaint and found no violation at the location.,03/06/2024 01:11:36 PM,06 QUEENS,4032210042,QUEENS,1025645,198289,ONLINE,Unspecified,QUEENS,,,,,,,,40.71083741577199,-73.85068657448443,"(40.71083741577199, -73.85068657448443)"
60509757,03/06/2024 09:20:00 AM,03/06/2024 01:11:12 PM,DSNY,Department of Sanitation,Dirty Condition,Dog Waste,Sidewalk,11385,1711 HARMAN STREET,HARMAN STREET,CYPRESS AVENUE,SENECA AVENUE,CYPRESS AVENUE,SENECA AVENUE,ADDRESS,RIDGEWOOD,HARMAN STREET,,Closed,,The Department of Sanitation investigated this complaint and found no violation at the location.,03/06/2024 01:11:15 PM,05 QUEENS,4034320070,QUEENS,1008154,196140,ONLINE,Unspecified,QUEENS,,,,,,,,40.70500346596463,-73.91378488668434,"(40.70500346596463, -73.91378488668434)"
60512138,03/06/2024 08:46:30 AM,03/07/2024 01:04:54 PM,DSNY,Department of Sanitation,Dirty Condition,Dog Waste,Sidewalk,11433,111-49 166 STREET,166 STREET,MATHIAS AVENUE,SAYRES AVENUE,MATHIAS AVENUE,SAYRES AVENUE,ADDRESS,JAMAICA,166 STREET,,Closed,,The Department of Sanitation investigated this complaint and found no violation at the location.,03/07/2024 01:04:59 PM,12 QUEENS,4102040044,QUEENS,1044058,191312,PHONE,Unspecified,QUEENS,,,,,,,,40.69158193617798,-73.78433233230761,"(40.69158193617798, -73.78433233230761)"
60505033,03/06/2024 07:43:21 AM,03/06/2024 09:08:40 PM,DSNY,Department of Sanitation,Dirty Condition,Dog Waste,Sidewalk,11233,DEAN STREET,DEAN STREET,DEAN STREET,ROCKAWAY AVENUE,DEAN STREET,ROCKAWAY AVENUE,INTERSECTION,,,,Closed,,The Department of Sanitation investigated this complaint and found no violation at the location.,03/06/2024 09:08:43 PM,16 BROOKLYN,,BROOKLYN,1008916,185121,ONLINE,Unspecified,BROOKLYN,,,,,,,,40.674756771611264,-73.91107690941088,"(40.674756771611264, -73.91107690941088)"
60506284,03/06/2024 07:26:55 AM,03/07/2024 01:03:40 PM,DSNY,Department of Sanitation,Dirty Condition,Dog Waste,Sidewalk,11433,163-22 PHROANE AVENUE,PHROANE AVENUE,GUY R BREWER BOULEVARD,165 STREET,GUY R BREWER BOULEVARD,165 STREET,ADDRESS,JAMAICA,PHROANE AVENUE,,Closed,,The Department of Sanitation investigated this complaint and found no violation at the location.,03/07/2024 01:03:44 PM,12 QUEENS,4102030005,QUEENS,1043510,190857,ONLINE,Unspecified,QUEENS,,,,,,,,40.69033675604574,-73.78631241505562,"(40.69033675604574, -73.78631241505562)"
60506283,03/06/2024 05:37:03 AM,03/07/2024 06:53:20 AM,DSNY,Department of Sanitation,Dirty Condition,Dog Waste,Sidewalk,11422,134-27 233 STREET,233 STREET,MERRICK BOULEVARD,135 AVENUE,MERRICK BOULEVARD,135 AVENUE,ADDRESS,ROSEDALE,233 STREET,,Closed,,The Department of Sanitation investigated this complaint and found no violation at the location.,03/07/2024 06:53:25 AM,13 QUEENS,4131610021,QUEENS,1057127,185064,PHONE,Unspecified,QUEENS,,,,,,,,40.67433471069436,-73.73727334529032,"(40.67433471069436, -73.73727334529032)"
60499232,03/05/2024 08:52:05 PM,03/07/2024 06:53:03 AM,DSNY,Department of Sanitation,Dirty Condition,Dog Waste,Sidewalk,11427,89-02 215 PLACE,215 PLACE,89 AVENUE,90 AVENUE,89 AVENUE,90 AVENUE,ADDRESS,QUEENS VILLAGE,215 PLACE,,Closed,,The Department of Sanitation investigated this complaint and found no violation at the location.,03/07/2024 06:53:07 AM,13 QUEENS,4106580074,QUEENS,1054146,203827,PHONE,Unspecified,QUEENS,,,,,,,,40.725858584140674,-73.74782527018357,"(40.725858584140674, -73.74782527018357)"
60502701,03/05/2024 08:37:48 PM,03/06/2024 01:12:52 PM,DSNY,Department of Sanitation,Dirty Condition,Dog Waste,Sidewalk,10468,2415 DAVIDSON AVENUE,DAVIDSON AVENUE,WEST  184 STREET,WEST FORDHAM ROAD,WEST  184 STREET,WEST FORDHAM ROAD,ADDRESS,BRONX,DAVIDSON AVENUE,,Closed,,The Department of Sanitation investigated this complaint and found no violation at the location.,03/06/2024 01:12:56 PM,07 BRONX,2031990034,BRONX,1011106,253310,PHONE,Unspecified,BRONX,,,,,,,,40.861911298715505,-73.9029093046997,"(40.861911298715505, -73.9029093046997)"
60499217,03/05/2024 04:05:25 PM,03/05/2024 09:40:55 PM,DSNY,Department of Sanitation,Dirty Condition,Dog Waste,Sidewalk,11207,701 ALABAMA AVENUE,ALABAMA AVENUE,NEW LOTS AVENUE,HEGEMAN AVENUE,NEW LOTS AVENUE,HEGEMAN AVENUE,ADDRESS,BROOKLYN,ALABAMA AVENUE,,Closed,,The Department of Sanitation investigated this complaint and found no violation at the location.,03/05/2024 09:41:01 PM,05 BROOKLYN,3042960101,BROOKLYN,1013564,179469,ONLINE,Unspecified,BROOKLYN,,,,,,,,40.65922912949893,-73.8943450535822,"(40.65922912949893, -73.8943450535822)"
60497010,03/05/2024 02:39:25 PM,03/07/2024 06:52:40 AM,DSNY,Department of Sanitation,Dirty Condition,Dog Waste,Sidewalk,11691,250 BEACH   15 STREET,BEACH   15 STREET,HEYSON ROAD,NEW HAVEN AVENUE,HEYSON ROAD,NEW HAVEN AVENUE,ADDRESS,FAR ROCKAWAY,BEACH   15 STREET,,Closed,,The Department of Sanitation investigated this complaint and found no violation at the location.,03/07/2024 06:52:43 AM,14 QUEENS,4156250001,QUEENS,1053939,156876,PHONE,Unspecified,QUEENS,,,,,,,,40.59699064170894,-73.74905735514939,"(40.59699064170894, -73.74905735514939)"
60494689,03/05/2024 02:32:25 PM,03/06/2024 12:13:04 PM,DSNY,Department of Sanitation,Dirty Condition,Dog Waste,Sidewalk,11365,67-37 166 STREET,166 STREET,67 AVENUE,69 AVENUE,67 AVENUE,69 AVENUE,ADDRESS,FRESH MEADOWS,166 STREET,,Closed,,The Department of Sanitation investigated this complaint and found no violation at the location.,03/06/2024 12:13:09 PM,08 QUEENS,4069200017,QUEENS,1038858,206952,PHONE,Unspecified,QUEENS,,,,,,,,40.73454351138462,-73.80295660529208,"(40.73454351138462, -73.80295660529208)"
60500440,03/05/2024 01:40:26 PM,03/06/2024 06:12:58 AM,DSNY,Department of Sanitation,Dirty Condition,Dog Waste,Sidewalk,11420,114-23 LEFFERTS BOULEVARD,LEFFERTS BOULEVARD,LINDEN BOULEVARD,115 AVENUE,LINDEN BOULEVARD,115 AVENUE,ADDRESS,SOUTH OZONE PARK,LEFFERTS BOULEVARD,,Closed,,The Department of Sanitation investigated this complaint and found no violation at the location.,03/06/2024 06:13:05 AM,10 QUEENS,4116460051,QUEENS,1034114,186420,ONLINE,Unspecified,QUEENS,,,,,,,,40.67821615447921,-73.8202264920315,"(40.67821615447921, -73.8202264920315)"
60495829,03/05/2024 05:08:01 AM,03/05/2024 12:34:16 PM,DSNY,Department of Sanitation,Dirty Condition,Dog Waste,Sidewalk,10467,253 EAST  206 STREET,EAST  206 STREET,EAST MOSHOLU PARKWAY NORTH,ROCHAMBEAU AVENUE,EAST MOSHOLU PARKWAY NORTH,ROCHAMBEAU AVENUE,ADDRESS,BRONX,EAST  206 STREET,,Closed,,The Department of Sanitation investigated this complaint and found no violation at the location.,03/05/2024 12:34:19 PM,07 BRONX,2033350134,BRONX,1017222,258042,ONLINE,Unspecified,BRONX,,,,,,,,40.87487845997241,-73.88077528097841,"(40.87487845997241, -73.88077528097841)"
60487388,03/04/2024 11:33:21 PM,03/06/2024 01:07:18 PM,DSNY,Department of Sanitation,Dirty Condition,Dog Waste,Sidewalk,11368,108-13 46 AVENUE,46 AVENUE,108 STREET,109 STREET,108 STREET,109 STREET,ADDRESS,CORONA,46 AVENUE,,Closed,,The Department of Sanitation investigated this complaint and found no violation at the location.,03/06/2024 01:07:22 PM,04 QUEENS,,QUEENS,1023973,211600,ONLINE,Unspecified,QUEENS,,,,,,,,40.74738047427651,-73.85663895637039,"(40.74738047427651, -73.85663895637039)"
60491082,03/04/2024 07:36:17 PM,03/05/2024 09:23:28 PM,DSNY,Department of Sanitation,Dirty Condition,Dog Waste,Sidewalk,11234,1511 RYDER STREET,RYDER STREET,FLATLANDS AVENUE,AVENUE P,FLATLANDS AVENUE,AVENUE P,ADDRESS,BROOKLYN,RYDER STREET,,Closed,,The Department of Sanitation investigated this complaint and found no violation at the location.,03/05/2024 09:23:32 PM,18 BROOKLYN,3078580038,BROOKLYN,1001497,164790,ONLINE,Unspecified,BROOKLYN,,,,,,,,40.618970150091876,-73.93787502504638,"(40.618970150091876, -73.93787502504638)"
60489832,03/04/2024 06:07:08 PM,03/05/2024 09:16:06 PM,DSNY,Department of Sanitation,Dirty Condition,Dog Waste,Sidewalk,11222,67 INDIA STREET,INDIA STREET,FRANKLIN STREET,MANHATTAN AVENUE,FRANKLIN STREET,MANHATTAN AVENUE,ADDRESS,BROOKLYN,INDIA STREET,,Closed,,The Department of Sanitation investigated this complaint and found no violation at the location.,03/05/2024 09:16:10 PM,01 BROOKLYN,3025320001,BROOKLYN,996062,205992,ONLINE,Unspecified,BROOKLYN,,,,,,,,40.73206923848119,-73.95738008561734,"(40.73206923848119, -73.95738008561734)"
60491083,03/04/2024 05:00:50 PM,03/05/2024 01:36:07 PM,DSNY,Department of Sanitation,Dirty Condition,Dog Waste,Sidewalk,10461,1379 MERRY AVENUE,MERRY AVENUE,LA SALLE AVENUE,CODDINGTON AVENUE,LA SALLE AVENUE,CODDINGTON AVENUE,ADDRESS,BRONX,MERRY AVENUE,,Closed,,The Department of Sanitation investigated this complaint and found no violation at the location.,03/05/2024 01:36:12 PM,10 BRONX,2053650038,BRONX,1031889,245617,PHONE,Unspecified,BRONX,,,,,,,,40.84070864636867,-73.82782873431069,"(40.84070864636867, -73.82782873431069)"
60488612,03/04/2024 03:50:25 PM,03/05/2024 01:09:44 PM,DSNY,Department of Sanitation,Dirty Condition,Dog Waste,Sidewalk,10469,3230 GUNTHER AVENUE,GUNTHER AVENUE,BURKE AVENUE,SEXTON PLACE,BURKE AVENUE,SEXTON PLACE,ADDRESS,BRONX,GUNTHER AVENUE,,Closed,,The Department of Sanitation investigated this complaint and found no violation at the location.,03/05/2024 01:09:47 PM,12 BRONX,2047520080,BRONX,1028187,257975,PHONE,Unspecified,BRONX,,,,,,,,40.87464679320815,-73.8411270325486,"(40.87464679320815, -73.8411270325486)"
60492293,03/04/2024 03:06:35 PM,03/05/2024 07:50:52 PM,DSNY,Department of Sanitation,Dirty Condition,Dog Waste,Sidewalk,10035,EAST  122 STREET,EAST  122 STREET,METRO NORTH RAILROAD,LEXINGTON AVENUE,METRO NORTH RAILROAD,LEXINGTON AVENUE,BLOCKFACE,,,,Closed,,The Department of Sanitation investigated this complaint and found no violation at the location.,03/05/2024 07:50:55 PM,Unspecified MANHATTAN,,MANHATTAN,,,PHONE,Unspecified,MANHATTAN,,,,,,,,,,
60492295,03/04/2024 01:57:54 PM,03/05/2024 01:12:34 PM,DSNY,Department of Sanitation,Dirty Condition,Dog Waste,Sidewalk,10466,4237 BYRON AVENUE,BYRON AVENUE,EAST  234 STREET,EAST  235 STREET,EAST  234 STREET,EAST  235 STREET,ADDRESS,BRONX,BYRON AVENUE,,Closed,,The Department of Sanitation investigated this complaint and found no violation at the location.,03/05/2024 01:12:39 PM,12 BRONX,2049980085,BRONX,1024331,265030,PHONE,Unspecified,BRONX,,,,,,,,40.894028887864316,-73.8550277996221,"(40.894028887864316, -73.8550277996221)"
60492294,03/04/2024 01:53:17 PM,03/05/2024 01:13:15 PM,DSNY,Department of Sanitation,Dirty Condition,Dog Waste,Sidewalk,10466,4340 BYRON AVENUE,BYRON AVENUE,WHITEHALL PLACE,EAST  237 STREET,WHITEHALL PLACE,EAST  237 STREET,ADDRESS,BRONX,BYRON AVENUE,,Closed,,The Department of Sanitation investigated this complaint and found no violation at the location.,03/05/2024 01:13:18 PM,12 BRONX,2050450035,BRONX,1024681,265843,PHONE,Unspecified,BRONX,,,,,,,,40.89625871421444,-73.85375694942759,"(40.89625871421444, -73.85375694942759)"
60487390,03/04/2024 12:26:16 PM,03/05/2024 05:55:18 PM,DSNY,Department of Sanitation,Dirty Condition,Dog Waste,Sidewalk,11355,KALMIA AVENUE,KALMIA AVENUE,KALMIA AVENUE,PARSONS BOULEVARD,KALMIA AVENUE,PARSONS BOULEVARD,INTERSECTION,,,,Closed,,The Department of Sanitation investigated this complaint and found no violation at the location.,03/05/2024 05:55:22 PM,07 QUEENS,,QUEENS,1036134,213648,PHONE,Unspecified,QUEENS,,,,,,,,40.75293871497004,-73.81273399880871,"(40.75293871497004, -73.81273399880871)"
60488558,03/04/2024 10:39:39 AM,03/07/2024 01:22:48 PM,DSNY,Department of Sanitation,Dirty Condition,Dog Waste,Street,10303,85 GRANDVIEW AVENUE,GRANDVIEW AVENUE,RICHMOND COURT,COWEN PLACE,RICHMOND COURT,COWEN PLACE,ADDRESS,STATEN ISLAND,GRANDVIEW AVENUE,,Closed,,The Department of Sanitation investigated this complaint and found no violation at the location.,03/07/2024 01:22:52 PM,01 STATEN ISLAND,5012530001,STATEN ISLAND,938448,171612,ONLINE,Unspecified,STATEN ISLAND,,,,,,,,40.63759346856546,-74.16502833307842,"(40.63759346856546, -74.16502833307842)"
60487371,03/04/2024 10:33:24 AM,03/04/2024 09:03:11 PM,DSNY,Department of Sanitation,Dirty Condition,Dog Waste,Sidewalk,11435,147-25 94 AVENUE,94 AVENUE,SUTPHIN BOULEVARD,148 STREET,SUTPHIN BOULEVARD,148 STREET,ADDRESS,JAMAICA,94 AVENUE,,Closed,,The Department of Sanitation investigated this complaint and found no violation at the location.,03/04/2024 09:03:15 PM,12 QUEENS,4099987502,QUEENS,1037925,194081,ONLINE,Unspecified,QUEENS,,,,,,,,40.69922150012847,-73.80642579116335,"(40.69922150012847, -73.80642579116335)"
60486100,03/04/2024 08:48:49 AM,03/04/2024 07:26:58 PM,DSNY,Department of Sanitation,Dirty Condition,Dog Waste,Sidewalk,10467,3250 PERRY AVENUE,PERRY AVENUE,EAST  207 STREET,HOLT PLACE,EAST  207 STREET,HOLT PLACE,ADDRESS,BRONX,PERRY AVENUE,,Closed,,The Department of Sanitation investigated this complaint and found no violation at the location.,03/04/2024 07:27:01 PM,07 BRONX,2033470001,BRONX,1018475,258386,ONLINE,Unspecified,BRONX,,,,,,,,40.87581786325145,-73.87624275879938,"(40.87581786325145, -73.87624275879938)"
60487389,03/04/2024 07:40:36 AM,03/05/2024 09:28:04 PM,DSNY,Department of Sanitation,Dirty Condition,Dog Waste,Sidewalk,11220,623 47 STREET,47 STREET,6 AVENUE,7 AVENUE,6 AVENUE,7 AVENUE,ADDRESS,BROOKLYN,47 STREET,,Closed,,The Department of Sanitation investigated this complaint and found no violation at the location.,03/05/2024 09:28:07 PM,07 BROOKLYN,3007580070,BROOKLYN,982673,174287,ONLINE,Unspecified,BROOKLYN,,,,,,,,40.64505405117667,-74.00568269130275,"(40.64505405117667, -74.00568269130275)"
60484889,03/04/2024 06:31:17 AM,03/04/2024 07:27:51 PM,DSNY,Department of Sanitation,Dirty Condition,Dog Waste,Sidewalk,10458,3059 VALENTINE AVENUE,VALENTINE AVENUE,EAST  203 STREET,EAST  204 STREET,EAST  203 STREET,EAST  204 STREET,ADDRESS,BRONX,VALENTINE AVENUE,,Closed,,The Department of Sanitation investigated this complaint and found no violation at the location.,03/04/2024 07:27:53 PM,07 BRONX,2033090020,BRONX,1016080,257713,ONLINE,Unspecified,BRONX,,,,,,,,40.87397964927739,-73.88490624079621,"(40.87397964927739, -73.88490624079621)"
60483676,03/03/2024 03:51:21 PM,03/06/2024 12:19:42 PM,DSNY,Department of Sanitation,Dirty Condition,Dog Waste,Sidewalk,10002,ORCHARD STREET,ORCHARD STREET,RIVINGTON STREET,STANTON STREET,RIVINGTON STREET,STANTON STREET,BLOCKFACE,,,,Closed,,The Department of Sanitation investigated this complaint and found no violation at the location.,03/06/2024 12:19:45 PM,Unspecified MANHATTAN,,MANHATTAN,,,PHONE,Unspecified,MANHATTAN,,,,,,,,,,
60483677,03/03/2024 03:32:32 PM,03/04/2024 09:50:46 PM,DSNY,Department of Sanitation,Dirty Condition,Dog Waste,Sidewalk,11225,11 MAPLE STREET,MAPLE STREET,FLATBUSH AVENUE,BEDFORD AVENUE,FLATBUSH AVENUE,BEDFORD AVENUE,ADDRESS,BROOKLYN,MAPLE STREET,,Closed,,The Department of Sanitation investigated this complaint and found no violation at the location.,03/04/2024 09:50:48 PM,09 BROOKLYN,3050280001,BROOKLYN,995396,179830,ONLINE,Unspecified,BROOKLYN,,,,,,,,40.66026150321047,-73.9598264305932,"(40.66026150321047, -73.9598264305932)"
60477391,03/03/2024 02:30:23 PM,03/04/2024 12:29:29 PM,DSNY,Department of Sanitation,Dirty Condition,Dog Waste,Sidewalk,10314,88 FRASER STREET,FRASER STREET,BOWDOIN STREET,NOME AVENUE,BOWDOIN STREET,NOME AVENUE,ADDRESS,STATEN ISLAND,FRASER STREET,,Closed,,The Department of Sanitation investigated this complaint and found no violation at the location.,03/04/2024 12:29:32 PM,02 STATEN ISLAND,5023960174,STATEN ISLAND,940798,152742,PHONE,Unspecified,STATEN ISLAND,,,,,,,,40.58581112713223,-74.15643968704367,"(40.58581112713223, -74.15643968704367)"
60483675,03/03/2024 11:44:34 AM,03/04/2024 07:26:54 PM,DSNY,Department of Sanitation,Dirty Condition,Dog Waste,Sidewalk,10467,3250 PERRY AVENUE,PERRY AVENUE,EAST  207 STREET,HOLT PLACE,EAST  207 STREET,HOLT PLACE,ADDRESS,BRONX,PERRY AVENUE,,Closed,,The Department of Sanitation investigated this complaint and found no violation at the location.,03/04/2024 07:26:57 PM,07 BRONX,2033470001,BRONX,1018475,258386,PHONE,Unspecified,BRONX,,,,,,,,40.87581786325145,-73.87624275879938,"(40.87581786325145, -73.87624275879938)"
60483678,03/03/2024 01:24:06 AM,03/05/2024 01:31:55 PM,DSNY,Department of Sanitation,Dirty Condition,Dog Waste,Sidewalk,10461,2900 SAINT THERESA AVENUE,SAINT THERESA AVENUE,EDISON AVENUE,HOBART AVENUE,EDISON AVENUE,HOBART AVENUE,ADDRESS,BRONX,ST THERESA AVENUE,,Closed,,The Department of Sanitation investigated this complaint and found no violation at the location.,03/05/2024 01:31:59 PM,10 BRONX,2041940025,BRONX,1030708,248771,PHONE,Unspecified,BRONX,,,,,,,,40.84937172684963,-73.83207510326014,"(40.84937172684963, -73.83207510326014)"
60468950,03/02/2024 11:15:24 PM,03/04/2024 09:55:09 PM,DSNY,Department of Sanitation,Dirty Condition,Dog Waste,Sidewalk,11201,21 CLARK STREET,CLARK STREET,WILLOW STREET,HICKS STREET,WILLOW STREET,HICKS STREET,ADDRESS,BROOKLYN,CLARK STREET,,Closed,,The Department of Sanitation investigated this complaint and found no violation at the location.,03/04/2024 09:55:12 PM,02 BROOKLYN,3002300001,BROOKLYN,985546,193611,ONLINE,Unspecified,BROOKLYN,,,,,,,,40.69809414624271,-73.99532617180333,"(40.69809414624271, -73.99532617180333)"
60471687,03/02/2024 06:55:03 PM,03/04/2024 06:36:09 AM,DSNY,Department of Sanitation,Dirty Condition,Dog Waste,Sidewalk,11385,1615 CORNELIA STREET,CORNELIA STREET,CORNELIA STREET,CYPRESS AVENUE,CORNELIA STREET,CYPRESS AVENUE,ADDRESS,RIDGEWOOD,CORNELIA STREET,,Closed,,The Department of Sanitation investigated this complaint and found no violation at the location.,03/04/2024 06:36:14 AM,05 QUEENS,4035460105,QUEENS,1009900,193719,ONLINE,Unspecified,QUEENS,,,,,,,,40.69835350281991,-73.90749677327173,"(40.69835350281991, -73.90749677327173)"
60475296,03/02/2024 02:54:40 PM,03/04/2024 12:27:02 PM,DSNY,Department of Sanitation,Dirty Condition,Dog Waste,Sidewalk,10308,AMBOY ROAD,AMBOY ROAD,HIGHLAND ROAD,GREAT KILLS ROAD,HIGHLAND ROAD,GREAT KILLS ROAD,BLOCKFACE,,,,Closed,,The Department of Sanitation investigated this complaint and found no violation at the location.,03/04/2024 12:27:06 PM,Unspecified STATEN ISLAND,,STATEN ISLAND,,,ONLINE,Unspecified,STATEN ISLAND,,,,,,,,,,
60474430,03/02/2024 02:51:38 PM,03/04/2024 12:27:03 PM,DSNY,Department of Sanitation,Dirty Condition,Dog Waste,Sidewalk,10308,AMBOY ROAD,AMBOY ROAD,FIELDWAY AVENUE,HIGHLAND ROAD,FIELDWAY AVENUE,HIGHLAND ROAD,BLOCKFACE,,,,Closed,,The Department of Sanitation investigated this complaint and found no violation at the location.,03/04/2024 12:27:07 PM,Unspecified STATEN ISLAND,,STATEN ISLAND,,,ONLINE,Unspecified,STATEN ISLAND,,,,,,,,,,
60469854,03/02/2024 02:45:33 PM,03/04/2024 12:27:04 PM,DSNY,Department of Sanitation,Dirty Condition,Dog Waste,Sidewalk,10308,GREAVES AVENUE,GREAVES AVENUE,AMBOY ROAD,STONECREST COURT,AMBOY ROAD,STONECREST COURT,BLOCKFACE,,,,Closed,,The Department of Sanitation investigated this complaint and found no violation at the location.,03/04/2024 12:27:07 PM,Unspecified STATEN ISLAND,,STATEN ISLAND,,,ONLINE,Unspecified,STATEN ISLAND,,,,,,,,,,
60468946,03/02/2024 01:50:38 PM,03/02/2024 09:07:59 PM,DSNY,Department of Sanitation,Dirty Condition,Dog Waste,Sidewalk,11225,11 MAPLE STREET,MAPLE STREET,FLATBUSH AVENUE,BEDFORD AVENUE,FLATBUSH AVENUE,BEDFORD AVENUE,ADDRESS,BROOKLYN,MAPLE STREET,,Closed,,The Department of Sanitation investigated this complaint and found no violation at the location.,03/02/2024 09:08:03 PM,09 BROOKLYN,3050280001,BROOKLYN,995396,179830,ONLINE,Unspecified,BROOKLYN,,,,,,,,40.66026150321047,-73.9598264305932,"(40.66026150321047, -73.9598264305932)"
60471686,03/02/2024 01:32:58 PM,03/04/2024 12:28:18 PM,DSNY,Department of Sanitation,Dirty Condition,Dog Waste,Sidewalk,10308,AMBOY ROAD,AMBOY ROAD,AMBOY ROAD,GREAVES AVENUE,AMBOY ROAD,GREAVES AVENUE,INTERSECTION,,,,Closed,,The Department of Sanitation investigated this complaint and found no violation at the location.,03/04/2024 12:28:22 PM,03 STATEN ISLAND,,STATEN ISLAND,943873,140259,PHONE,Unspecified,STATEN ISLAND,,,,,,,,40.55156230926704,-74.14529428024865,"(40.55156230926704, -74.14529428024865)"
60468945,03/02/2024 12:16:35 PM,03/02/2024 09:09:00 PM,DSNY,Department of Sanitation,Dirty Condition,Dog Waste,Sidewalk,11218,724 CONEY ISLAND AVENUE,CONEY ISLAND AVENUE,AVENUE C,CORTELYOU ROAD,AVENUE C,CORTELYOU ROAD,ADDRESS,BROOKLYN,CONEY ISLAND AVENUE,,Closed,,The Department of Sanitation investigated this complaint and found no violation at the location.,03/02/2024 09:09:03 PM,12 BROOKLYN,3053780031,BROOKLYN,992847,172480,ONLINE,Unspecified,BROOKLYN,,,,,,,,40.640090192501034,-73.96902316811077,"(40.640090192501034, -73.96902316811077)"
60475295,03/02/2024 10:39:19 AM,03/04/2024 12:28:54 PM,DSNY,Department of Sanitation,Dirty Condition,Dog Waste,Sidewalk,10312,115 HALES AVENUE,HALES AVENUE,SHIRLEY AVENUE,OSAGE LANE,SHIRLEY AVENUE,OSAGE LANE,ADDRESS,STATEN ISLAND,HALES AVENUE,,Closed,,The Department of Sanitation investigated this complaint and found no violation at the location.,03/04/2024 12:28:57 PM,03 STATEN ISLAND,5053500119,STATEN ISLAND,939800,133941,ONLINE,Unspecified,STATEN ISLAND,,,,,,,,40.53420114150364,-74.15990919945578,"(40.53420114150364, -74.15990919945578)"
60469845,03/02/2024 10:17:23 AM,03/02/2024 07:45:22 PM,DSNY,Department of Sanitation,Dirty Condition,Dog Waste,Sidewalk,10128,235 EAST   96 STREET,EAST   96 STREET,3 AVENUE,2 AVENUE,3 AVENUE,2 AVENUE,ADDRESS,NEW YORK,EAST   96 STREET,,Closed,,The Department of Sanitation investigated this complaint and found no violation at the location.,03/02/2024 07:45:27 PM,11 MANHATTAN,1016467501,MANHATTAN,998739,225097,ONLINE,Unspecified,MANHATTAN,,,,,,,,40.78450358876289,-73.94767979568682,"(40.78450358876289, -73.94767979568682)"
60472591,03/02/2024 09:01:48 AM,03/05/2024 07:49:58 PM,DSNY,Department of Sanitation,Dirty Condition,Dog Waste,Sidewalk,10029,105 EAST  103 STREET,EAST  103 STREET,PARK AVENUE,LEXINGTON AVENUE,PARK AVENUE,LEXINGTON AVENUE,ADDRESS,NEW YORK,EAST  103 STREET,,Closed,,The Department of Sanitation investigated this complaint and found no violation at the location.,03/05/2024 07:50:03 PM,11 MANHATTAN,1016310002,MANHATTAN,998411,227397,ONLINE,Unspecified,MANHATTAN,,,,,,,,40.79081700350401,-73.94885936423962,"(40.79081700350401, -73.94885936423962)"
60461841,03/01/2024 03:17:22 PM,03/02/2024 12:53:35 PM,DSNY,Department of Sanitation,Dirty Condition,Dog Waste,Street,10308,AMBOY ROAD,AMBOY ROAD,AMBOY ROAD,GREAVES AVENUE,AMBOY ROAD,GREAVES AVENUE,INTERSECTION,,,,Closed,,The Department of Sanitation investigated this complaint and found no violation at the location.,03/02/2024 12:53:42 PM,03 STATEN ISLAND,,STATEN ISLAND,943873,140259,PHONE,Unspecified,STATEN ISLAND,,,,,,,,40.55156230926704,-74.14529428024865,"(40.55156230926704, -74.14529428024865)"
60460639,03/01/2024 02:35:23 PM,03/01/2024 09:37:39 PM,DSNY,Department of Sanitation,Dirty Condition,Dog Waste,Sidewalk,11235,2421 BRIGHAM STREET,BRIGHAM STREET,AVENUE X,AVENUE Y,AVENUE X,AVENUE Y,ADDRESS,BROOKLYN,BRIGHAM STREET,,Closed,,The Department of Sanitation investigated this complaint and found no violation at the location.,03/01/2024 09:37:42 PM,15 BROOKLYN,3074290069,BROOKLYN,1002619,155622,ONLINE,Unspecified,BROOKLYN,,,,,,,,40.59380361584904,-73.93385843431363,"(40.59380361584904, -73.93385843431363)"
60463141,03/01/2024 11:15:06 AM,03/02/2024 12:53:01 PM,DSNY,Department of Sanitation,Dirty Condition,Dog Waste,Sidewalk,10312,34 HAMPTON GREEN,HAMPTON GREEN,BEND,BEND,BEND,BEND,ADDRESS,STATEN ISLAND,HAMPTON GREEN,,Closed,,The Department of Sanitation investigated this complaint and found no violation at the location.,03/02/2024 12:53:04 PM,03 STATEN ISLAND,5060180160,STATEN ISLAND,930462,141244,ONLINE,Unspecified,STATEN ISLAND,,,,,,,,40.554194743502954,-74.19356067637302,"(40.554194743502954, -74.19356067637302)"
60465540,03/01/2024 08:44:50 AM,03/04/2024 01:08:48 PM,DSNY,Department of Sanitation,Dirty Condition,Dog Waste,Sidewalk,10467,650 LESTER STREET,LESTER STREET,BARKER AVENUE,DEAD END,BARKER AVENUE,DEAD END,ADDRESS,BRONX,LESTER STREET,,Closed,,The Department of Sanitation investigated this complaint and found no violation at the location.,03/04/2024 01:08:52 PM,12 BRONX,2045440016,BRONX,1020427,256482,PHONE,Unspecified,BRONX,,,,,,,,40.870584188820345,-73.86919463832209,"(40.870584188820345, -73.86919463832209)"
60458155,02/29/2024 11:19:09 PM,03/02/2024 08:57:39 PM,DSNY,Department of Sanitation,Dirty Condition,Dog Waste,Sidewalk,11206,54 BOERUM STREET,BOERUM STREET,LORIMER STREET,LEONARD STREET,LORIMER STREET,LEONARD STREET,ADDRESS,BROOKLYN,BOERUM STREET,,Closed,,The Department of Sanitation investigated this complaint and found no violation at the location.,03/02/2024 08:57:43 PM,01 BROOKLYN,3030770001,BROOKLYN,998900,196318,ONLINE,Unspecified,BROOKLYN,,,,,,,,40.705512194226436,-73.947161106022,"(40.705512194226436, -73.947161106022)"
60449560,02/29/2024 06:00:01 PM,03/01/2024 09:40:59 PM,DSNY,Department of Sanitation,Dirty Condition,Dog Waste,Sidewalk,11221,66 PALMETTO STREET,PALMETTO STREET,BUSHWICK AVENUE,EVERGREEN AVENUE,BUSHWICK AVENUE,EVERGREEN AVENUE,ADDRESS,BROOKLYN,PALMETTO STREET,,Closed,,The Department of Sanitation investigated this complaint and found no violation at the location.,03/01/2024 09:41:02 PM,04 BROOKLYN,3033490015,BROOKLYN,1006599,191033,PHONE,Unspecified,BROOKLYN,,,,,,,,40.69099001083491,-73.91941028413494,"(40.69099001083491, -73.91941028413494)"
60453240,02/29/2024 04:06:01 PM,03/04/2024 12:25:30 PM,DSNY,Department of Sanitation,Dirty Condition,Dog Waste,Sidewalk,10314,441-02 WILLOW ROAD EAST,WILLOW ROAD EAST,CASWELL AVENUE,NINA AVENUE,CASWELL AVENUE,NINA AVENUE,ADDRESS,STATEN ISLAND,WILLOW ROAD EAST,,Closed,,The Department of Sanitation investigated this complaint and found no violation at the location.,03/04/2024 12:25:36 PM,01 STATEN ISLAND,5015257502,STATEN ISLAND,941917,162946,ONLINE,Unspecified,STATEN ISLAND,,,,,,,,40.61382441199101,-74.15247491998231,"(40.61382441199101, -74.15247491998231)"
60449562,02/29/2024 01:54:18 PM,03/01/2024 12:37:28 PM,DSNY,Department of Sanitation,Dirty Condition,Dog Waste,Sidewalk,11103,32-68 46 STREET,46 STREET,BROADWAY,34 AVENUE,BROADWAY,34 AVENUE,ADDRESS,ASTORIA,46 STREET,,Closed,,The Department of Sanitation investigated this complaint and found no violation at the location.,03/01/2024 12:37:32 PM,01 QUEENS,4007080167,QUEENS,1007915,214822,PHONE,Unspecified,QUEENS,,,,,,,,40.756281597970165,-73.91458118788067,"(40.756281597970165, -73.91458118788067)"
60449563,02/29/2024 12:52:14 PM,03/01/2024 09:41:36 PM,DSNY,Department of Sanitation,Dirty Condition,Dog Waste,Sidewalk,11221,959 MADISON STREET,MADISON STREET,BROADWAY,BUSHWICK AVENUE,BROADWAY,BUSHWICK AVENUE,ADDRESS,BROOKLYN,MADISON STREET,,Closed,,The Department of Sanitation investigated this complaint and found no violation at the location.,03/01/2024 09:41:41 PM,04 BROOKLYN,3033577502,BROOKLYN,1006627,190211,ONLINE,Unspecified,BROOKLYN,,,,,,,,40.68873374022116,-73.91931204747429,"(40.68873374022116, -73.91931204747429)"
60456878,02/29/2024 12:35:55 PM,03/01/2024 01:01:22 PM,DSNY,Department of Sanitation,Dirty Condition,Dog Waste,Sidewalk,10040,1 BOGARDUS PLACE,BOGARDUS PLACE,HILLSIDE AVENUE,ELLWOOD STREET,HILLSIDE AVENUE,ELLWOOD STREET,ADDRESS,NEW YORK,BOGARDUS PLACE,,Closed,,The Department of Sanitation investigated this complaint and found no violation at the location.,03/01/2024 01:01:26 PM,12 MANHATTAN,1021710066,MANHATTAN,1003671,252190,ONLINE,Unspecified,MANHATTAN,,,,,,,,40.85885672421463,-73.92979179302147,"(40.85885672421463, -73.92979179302147)"
60452046,02/29/2024 11:49:18 AM,03/05/2024 09:20:36 PM,DSNY,Department of Sanitation,Dirty Condition,Dog Waste,Sidewalk,11226,77 LINDEN BOULEVARD,LINDEN BOULEVARD,BEDFORD AVENUE,ROGERS AVENUE,BEDFORD AVENUE,ROGERS AVENUE,ADDRESS,BROOKLYN,LINDEN BOULEVARD,,Closed,,The Department of Sanitation investigated this complaint and found no violation at the location.,03/05/2024 09:20:40 PM,17 BROOKLYN,3050840001,BROOKLYN,996595,176948,ONLINE,Unspecified,BROOKLYN,,,,,,,,40.65234945514385,-73.95551014689542,"(40.65234945514385, -73.95551014689542)"
60449561,02/29/2024 11:33:59 AM,03/01/2024 01:01:00 PM,DSNY,Department of Sanitation,Dirty Condition,Dog Waste,Sidewalk,10455,540 SOUTHERN BOULEVARD,SOUTHERN BOULEVARD,EAST  149 STREET,AVENUE ST JOHN,EAST  149 STREET,AVENUE ST JOHN,ADDRESS,BRONX,SOUTHERN BOULEVARD,,Closed,,The Department of Sanitation investigated this complaint and found no violation at the location.,03/01/2024 01:01:03 PM,02 BRONX,2026037501,BRONX,1010923,235223,PHONE,Unspecified,BRONX,,,,,,,,40.812268311440235,-73.90364281951838,"(40.812268311440235, -73.90364281951838)"
60450814,02/29/2024 10:33:58 AM,02/29/2024 08:17:13 PM,DSNY,Department of Sanitation,Dirty Condition,Dog Waste,Sidewalk,10016,244 EAST   28 STREET,EAST   28 STREET,3 AVENUE,2 AVENUE,3 AVENUE,2 AVENUE,ADDRESS,NEW YORK,EAST   28 STREET,,Closed,,The Department of Sanitation investigated this complaint and found no violation at the location.,02/29/2024 08:17:19 PM,06 MANHATTAN,1009080034,MANHATTAN,990010,209341,ONLINE,Unspecified,MANHATTAN,,,,,,,,40.74126742715564,-73.97921396959705,"(40.74126742715564, -73.97921396959705)"
60456877,02/29/2024 09:59:31 AM,03/02/2024 09:00:22 PM,DSNY,Department of Sanitation,Dirty Condition,Dog Waste,Sidewalk,11205,218 WAVERLY AVENUE,WAVERLY AVENUE,WILLOUGHBY AVENUE,DEKALB AVENUE,WILLOUGHBY AVENUE,DEKALB AVENUE,ADDRESS,BROOKLYN,WAVERLY AVENUE,,Closed,,The Department of Sanitation investigated this complaint and found no violation at the location.,03/02/2024 09:00:25 PM,02 BROOKLYN,3019160026,BROOKLYN,993282,191058,ONLINE,Unspecified,BROOKLYN,,,,,,,,40.69108223920959,-73.96743088126506,"(40.69108223920959, -73.96743088126506)"
60455625,02/29/2024 09:12:59 AM,02/29/2024 08:19:07 PM,DSNY,Department of Sanitation,Dirty Condition,Dog Waste,Sidewalk,10014,65 BARROW STREET,BARROW STREET,BLEECKER STREET,BEDFORD STREET,BLEECKER STREET,BEDFORD STREET,ADDRESS,NEW YORK,BARROW STREET,,Closed,,The Department of Sanitation investigated this complaint and found no violation at the location.,02/29/2024 08:19:10 PM,02 MANHATTAN,1005877501,MANHATTAN,982898,205928,ONLINE,Unspecified,MANHATTAN,,,,,,,,40.73190135798797,-74.00487825743562,"(40.73190135798797, -74.00487825743562)"
60452045,02/29/2024 08:56:36 AM,03/01/2024 12:57:15 PM,DSNY,Department of Sanitation,Dirty Condition,Dog Waste,Sidewalk,10457,2265 BATHGATE AVENUE,BATHGATE AVENUE,EAST  182 STREET,EAST  183 STREET,EAST  182 STREET,EAST  183 STREET,ADDRESS,BRONX,BATHGATE AVENUE,,Closed,,The Department of Sanitation investigated this complaint and found no violation at the location.,03/01/2024 12:57:18 PM,06 BRONX,2030500076,BRONX,1014060,250487,PHONE,Unspecified,BRONX,,,,,,,,40.854153534964745,-73.892242471533,"(40.854153534964745, -73.892242471533)"
60448336,02/28/2024 10:37:22 PM,02/29/2024 01:09:18 PM,DSNY,Department of Sanitation,Dirty Condition,Dog Waste,Sidewalk,10457,2150 CROTONA AVENUE,CROTONA AVENUE,EAST  181 STREET,EAST  182 STREET,EAST  181 STREET,EAST  182 STREET,ADDRESS,BRONX,CROTONA AVENUE,,Closed,,The Department of Sanitation investigated this complaint and found no condition at the location.,02/29/2024 01:09:23 PM,06 BRONX,2030980014,BRONX,1015411,248811,ONLINE,Unspecified,BRONX,,,,,,,,40.849548751271875,-73.88736665654359,"(40.849548751271875, -73.88736665654359)"
60443646,02/28/2024 04:40:59 PM,02/29/2024 12:34:58 PM,DSNY,Department of Sanitation,Dirty Condition,Dog Waste,Sidewalk,10314,421 WILLOW ROAD EAST,WILLOW ROAD EAST,CASWELL AVENUE,NINA AVENUE,CASWELL AVENUE,NINA AVENUE,ADDRESS,STATEN ISLAND,WILLOW ROAD EAST,,Closed,,The Department of Sanitation investigated this complaint and found no violation at the location.,02/29/2024 12:35:02 PM,01 STATEN ISLAND,5015257501,STATEN ISLAND,941887,163068,ONLINE,Unspecified,STATEN ISLAND,,,,,,,,40.61415913291269,-74.15258373912195,"(40.61415913291269, -74.15258373912195)"
60440254,02/28/2024 02:06:21 PM,02/29/2024 06:47:21 AM,DSNY,Department of Sanitation,Dirty Condition,Dog Waste,Sidewalk,11104,45-43 39 PLACE,39 PLACE,QUEENS BOULEVARD,47 AVENUE,QUEENS BOULEVARD,47 AVENUE,ADDRESS,SUNNYSIDE,39 PLACE,,Closed,,The Department of Sanitation investigated this complaint and found no violation at the location.,02/29/2024 06:47:29 AM,02 QUEENS,,QUEENS,1004929,209951,ONLINE,Unspecified,QUEENS,,,,,,,,40.742919423929855,-73.92537412696338,"(40.742919423929855, -73.92537412696338)"
60440253,02/28/2024 01:56:58 PM,02/29/2024 01:02:28 PM,DSNY,Department of Sanitation,Dirty Condition,Dog Waste,Sidewalk,10002,198 RIVINGTON STREET,RIVINGTON STREET,RIDGE STREET,PITT STREET,RIDGE STREET,PITT STREET,ADDRESS,NEW YORK,RIVINGTON STREET,,Closed,,The Department of Sanitation investigated this complaint and found no violation at the location.,02/29/2024 01:02:32 PM,03 MANHATTAN,1003440076,MANHATTAN,988892,201059,ONLINE,Unspecified,MANHATTAN,,,,,,,,40.71853602077052,-73.98325419371956,"(40.71853602077052, -73.98325419371956)"
60444839,02/28/2024 01:56:45 PM,03/01/2024 08:54:21 PM,DSNY,Department of Sanitation,Dirty Condition,Dog Waste,Sidewalk,11220,446 60 STREET,60 STREET,4 AVENUE,5 AVENUE,4 AVENUE,5 AVENUE,ADDRESS,BROOKLYN,60 STREET,,Closed,,The Department of Sanitation investigated this complaint and found no violation at the location.,03/01/2024 08:54:28 PM,07 BROOKLYN,3057820023,BROOKLYN,979444,172504,ONLINE,Unspecified,BROOKLYN,,,,,,,,40.64015893572393,-74.0173170647083,"(40.64015893572393, -74.0173170647083)"
60448322,02/28/2024 12:49:26 PM,02/28/2024 09:26:15 PM,DSNY,Department of Sanitation,Dirty Condition,Dog Waste,Sidewalk,11207,LIVONIA AVENUE,LIVONIA AVENUE,LIVONIA AVENUE,SCHENK AVENUE,LIVONIA AVENUE,SCHENK AVENUE,INTERSECTION,,,,Closed,,The Department of Sanitation investigated this complaint and found no violation at the location.,02/28/2024 09:26:19 PM,05 BROOKLYN,,BROOKLYN,1015685,181884,PHONE,Unspecified,BROOKLYN,,,,,,,,40.66585048926604,-73.88668919099511,"(40.66585048926604, -73.88668919099511)"
60440252,02/28/2024 11:07:17 AM,03/01/2024 01:08:12 PM,DSNY,Department of Sanitation,Dirty Condition,Dog Waste,Sidewalk,11429,210-01 104 AVENUE,104 AVENUE,BELLAIRE PLACE,210 STREET,BELLAIRE PLACE,210 STREET,ADDRESS,QUEENS VILLAGE,104 AVENUE,,Closed,,The Department of Sanitation investigated this complaint and found no violation at the location.,03/01/2024 01:08:17 PM,13 QUEENS,4108770100,QUEENS,1053751,198441,PHONE,Unspecified,QUEENS,,,,,,,,40.71107848139518,-73.7493059775853,"(40.71107848139518, -73.7493059775853)"
60441357,02/28/2024 11:04:26 AM,02/28/2024 08:54:06 PM,DSNY,Department of Sanitation,Dirty Condition,Dog Waste,Sidewalk,11226,77 LINDEN BOULEVARD,LINDEN BOULEVARD,BEDFORD AVENUE,ROGERS AVENUE,BEDFORD AVENUE,ROGERS AVENUE,ADDRESS,BROOKLYN,LINDEN BOULEVARD,,Closed,,The Department of Sanitation investigated this complaint and found no violation at the location.,02/28/2024 08:54:09 PM,17 BROOKLYN,3050840001,BROOKLYN,996595,176948,ONLINE,Unspecified,BROOKLYN,,,,,,,,40.65234945514385,-73.95551014689542,"(40.65234945514385, -73.95551014689542)"
60442521,02/28/2024 10:55:05 AM,03/02/2024 09:08:23 PM,DSNY,Department of Sanitation,Dirty Condition,Dog Waste,Sidewalk,11226,2233 CATON AVENUE,CATON AVENUE,,BEDFORD AVENUE,,BEDFORD AVENUE,ADDRESS,BROOKLYN,CATON AVENUE,,Closed,,The Department of Sanitation investigated this complaint and found no violation at the location.,03/02/2024 09:08:28 PM,14 BROOKLYN,3050837501,BROOKLYN,996405,177075,ONLINE,Unspecified,BROOKLYN,,,,,,,,40.65269830525918,-73.95619465439887,"(40.65269830525918, -73.95619465439887)"
60441356,02/28/2024 10:35:21 AM,02/28/2024 01:36:23 PM,DSNY,Department of Sanitation,Dirty Condition,Dog Waste,Sidewalk,11106,11-37 31 AVENUE,31 AVENUE,VERNON BOULEVARD,12 STREET,VERNON BOULEVARD,12 STREET,ADDRESS,ASTORIA,31 AVENUE,,Closed,,The Department of Sanitation investigated this complaint and found no violation at the location.,02/28/2024 01:36:26 PM,01 QUEENS,4005040003,QUEENS,1002394,219540,ONLINE,Unspecified,QUEENS,,,,,,,,40.76924434300454,-73.93449649315139,"(40.76924434300454, -73.93449649315139)"
60443645,02/28/2024 10:06:34 AM,02/29/2024 06:47:37 AM,DSNY,Department of Sanitation,Dirty Condition,Dog Waste,Sidewalk,11375,67 DRIVE,67 DRIVE,67 DRIVE,108 STREET,67 DRIVE,108 STREET,INTERSECTION,,,,Closed,,The Department of Sanitation investigated this complaint and found no violation at the location.,02/29/2024 06:47:40 AM,06 QUEENS,,QUEENS,1026691,204405,PHONE,Unspecified,QUEENS,,,,,,,,40.72761938297494,-73.84687505486907,"(40.72761938297494, -73.84687505486907)"
60441369,02/28/2024 10:00:41 AM,02/29/2024 12:34:59 PM,DSNY,Department of Sanitation,Dirty Condition,Dog Waste,Sidewalk,10314,415-02 WILLOW ROAD EAST,WILLOW ROAD EAST,CASWELL AVENUE,NINA AVENUE,CASWELL AVENUE,NINA AVENUE,ADDRESS,STATEN ISLAND,WILLOW ROAD EAST,,Closed,,The Department of Sanitation investigated this complaint and found no violation at the location.,02/29/2024 12:35:08 PM,01 STATEN ISLAND,5015257501,STATEN ISLAND,941917,162946,ONLINE,Unspecified,STATEN ISLAND,,,,,,,,40.61382441199101,-74.15247491998231,"(40.61382441199101, -74.15247491998231)"
60447153,02/28/2024 04:17:44 AM,02/28/2024 01:07:43 PM,DSNY,Department of Sanitation,Dirty Condition,Dog Waste,Sidewalk,10458,EAST  195 STREET,EAST  195 STREET,EAST  195 STREET,MARION AVENUE,EAST  195 STREET,MARION AVENUE,INTERSECTION,,,,Closed,,The Department of Sanitation investigated this complaint and found no violation at the location.,02/28/2024 01:07:46 PM,07 BRONX,,BRONX,1014660,254550,ONLINE,Unspecified,BRONX,,,,,,,,40.86530319378118,-73.8900551530557,"(40.86530319378118, -73.8900551530557)"
60435405,02/27/2024 11:57:02 PM,02/28/2024 01:37:01 PM,DSNY,Department of Sanitation,Dirty Condition,Dog Waste,Sidewalk,11102,11-28 30 DRIVE,30 DRIVE,VERNON BOULEVARD,12 STREET,VERNON BOULEVARD,12 STREET,ADDRESS,ASTORIA,30 DRIVE,,Closed,,The Department of Sanitation investigated this complaint and found no violation at the location.,02/28/2024 01:37:04 PM,01 QUEENS,4005040121,QUEENS,1002568,219872,ONLINE,Unspecified,QUEENS,,,,,,,,40.77015523750411,-73.93386741333643,"(40.77015523750411, -73.93386741333643)"
60435406,02/27/2024 06:41:44 PM,02/29/2024 06:49:07 AM,DSNY,Department of Sanitation,Dirty Condition,Dog Waste,Sidewalk,11420,132 STREET,132 STREET,132 STREET,SUTTER AVENUE,132 STREET,SUTTER AVENUE,INTERSECTION,,,,Closed,,The Department of Sanitation investigated this complaint and found no violation at the location.,02/29/2024 06:49:14 AM,10 QUEENS,,QUEENS,1037964,184244,PHONE,Unspecified,QUEENS,,,,,,,,40.67222101473576,-73.80636356283463,"(40.67222101473576, -73.80636356283463)"
60437798,02/27/2024 05:45:39 PM,02/28/2024 01:36:00 PM,DSNY,Department of Sanitation,Dirty Condition,Dog Waste,Sidewalk,11102,11-12 30 DRIVE,30 DRIVE,VERNON BOULEVARD,12 STREET,VERNON BOULEVARD,12 STREET,ADDRESS,ASTORIA,30 DRIVE,,Closed,,The Department of Sanitation investigated this complaint and found no violation at the location.,02/28/2024 01:36:02 PM,01 QUEENS,4005040122,QUEENS,1002513,219901,ONLINE,Unspecified,QUEENS,,,,,,,,40.770234948727165,-73.93406589828764,"(40.770234948727165, -73.93406589828764)"
60432892,02/27/2024 05:27:58 PM,02/28/2024 01:36:17 PM,DSNY,Department of Sanitation,Dirty Condition,Dog Waste,Sidewalk,11106,11-37 31 AVENUE,31 AVENUE,VERNON BOULEVARD,12 STREET,VERNON BOULEVARD,12 STREET,ADDRESS,ASTORIA,31 AVENUE,,Closed,,The Department of Sanitation investigated this complaint and found no violation at the location.,02/28/2024 01:36:21 PM,01 QUEENS,4005040003,QUEENS,1002394,219540,ONLINE,Unspecified,QUEENS,,,,,,,,40.76924434300454,-73.93449649315139,"(40.76924434300454, -73.93449649315139)"
60439089,02/27/2024 05:21:54 PM,02/28/2024 01:36:01 PM,DSNY,Department of Sanitation,Dirty Condition,Dog Waste,Sidewalk,11102,11-12 30 DRIVE,30 DRIVE,VERNON BOULEVARD,12 STREET,VERNON BOULEVARD,12 STREET,ADDRESS,ASTORIA,30 DRIVE,,Closed,,The Department of Sanitation investigated this complaint and found no violation at the location.,02/28/2024 01:36:04 PM,01 QUEENS,4005040122,QUEENS,1002513,219901,ONLINE,Unspecified,QUEENS,,,,,,,,40.770234948727165,-73.93406589828764,"(40.770234948727165, -73.93406589828764)"
60430505,02/27/2024 02:10:28 PM,02/28/2024 09:24:15 PM,DSNY,Department of Sanitation,Dirty Condition,Dog Waste,Sidewalk,11231,372 BOND STREET,BOND STREET,CARROLL STREET,1 STREET,CARROLL STREET,1 STREET,ADDRESS,BROOKLYN,BOND STREET,,Closed,,The Department of Sanitation investigated this complaint and found no violation at the location.,02/28/2024 09:24:18 PM,06 BROOKLYN,3004510043,BROOKLYN,986789,186362,PHONE,Unspecified,BROOKLYN,,,,,,,,40.67819703616761,-73.99084621197056,"(40.67819703616761, -73.99084621197056)"
60435407,02/27/2024 02:08:56 PM,02/28/2024 12:05:11 PM,DSNY,Department of Sanitation,Dirty Condition,Dog Waste,Sidewalk,11374,62-53 AUSTIN STREET,AUSTIN STREET,62 AVENUE,63 AVENUE,62 AVENUE,63 AVENUE,ADDRESS,REGO PARK,AUSTIN STREET,,Closed,,The Department of Sanitation investigated this complaint and found no violation at the location.,02/28/2024 12:05:14 PM,06 QUEENS,4030920109,QUEENS,1020813,204842,ONLINE,Unspecified,QUEENS,,,,,,,,40.72884508958389,-73.8680801674636,"(40.72884508958389, -73.8680801674636)"
60435408,02/27/2024 01:15:08 PM,02/28/2024 01:35:56 PM,DSNY,Department of Sanitation,Dirty Condition,Dog Waste,Sidewalk,11102,11-12 30 DRIVE,30 DRIVE,VERNON BOULEVARD,12 STREET,VERNON BOULEVARD,12 STREET,ADDRESS,ASTORIA,30 DRIVE,,Closed,,The Department of Sanitation investigated this complaint and found no violation at the location.,02/28/2024 01:35:59 PM,01 QUEENS,4005040122,QUEENS,1002513,219901,ONLINE,Unspecified,QUEENS,,,,,,,,40.770234948727165,-73.93406589828764,"(40.770234948727165, -73.93406589828764)"
60430504,02/27/2024 12:51:10 PM,02/29/2024 12:29:48 PM,DSNY,Department of Sanitation,Dirty Condition,Dog Waste,Sidewalk,10306,339 MONTREAL AVENUE,MONTREAL AVENUE,HYLAN BOULEVARD,PENDALE STREET,HYLAN BOULEVARD,PENDALE STREET,ADDRESS,STATEN ISLAND,MONTREAL AVENUE,,Closed,,The Department of Sanitation investigated this complaint and found no violation at the location.,02/29/2024 12:29:52 PM,03 STATEN ISLAND,5047200020,STATEN ISLAND,949485,142855,ONLINE,Unspecified,STATEN ISLAND,,,,,,,,40.558711599349024,-74.12511319747176,"(40.558711599349024, -74.12511319747176)"
60432896,02/27/2024 12:17:30 PM,02/28/2024 01:36:38 PM,DSNY,Department of Sanitation,Dirty Condition,Dog Waste,Sidewalk,11377,60-10 47 AVENUE,47 AVENUE,60 STREET,61 STREET,60 STREET,61 STREET,ADDRESS,WOODSIDE,47 AVENUE,,Closed,,The Department of Sanitation investigated this complaint and found no violation at the location.,02/28/2024 01:36:41 PM,02 QUEENS,4023220001,QUEENS,1010762,208861,ONLINE,Unspecified,QUEENS,,,,,,,,40.73991208408455,-73.9043284492515,"(40.73991208408455, -73.9043284492515)"
60431708,02/27/2024 11:00:39 AM,02/28/2024 01:12:15 PM,DSNY,Department of Sanitation,Dirty Condition,Dog Waste,Sidewalk,11423,88-18 191 STREET,191 STREET,HILLSIDE AVENUE,89 AVENUE,HILLSIDE AVENUE,89 AVENUE,ADDRESS,HOLLIS,191 STREET,,Closed,,The Department of Sanitation investigated this complaint and found no violation at the location.,02/28/2024 01:12:19 PM,12 QUEENS,4104550026,QUEENS,1047761,200089,ONLINE,Unspecified,QUEENS,,,,,,,,40.715646858024265,-73.77089659473575,"(40.715646858024265, -73.77089659473575)"
60436564,02/27/2024 10:07:11 AM,02/27/2024 09:24:52 PM,DSNY,Department of Sanitation,Dirty Condition,Dog Waste,Sidewalk,11225,2100 WESTBURY COURT,WESTBURY COURT,DEAD END,FLATBUSH AVENUE,DEAD END,FLATBUSH AVENUE,ADDRESS,BROOKLYN,WESTBURY COURT,,Closed,,The Department of Sanitation investigated this complaint and found no violation at the location.,02/27/2024 09:24:54 PM,09 BROOKLYN,3050260257,BROOKLYN,995154,178522,PHONE,Unspecified,BROOKLYN,,,,,,,,40.65667163234827,-73.96070078703764,"(40.65667163234827, -73.96070078703764)"
60431640,02/27/2024 10:02:45 AM,02/28/2024 01:11:41 PM,DSNY,Department of Sanitation,Dirty Condition,Dog Waste,Street,11378,53-11 69 STREET,69 STREET,53 AVENUE,53 ROAD,53 AVENUE,53 ROAD,ADDRESS,MASPETH,69 STREET,,Closed,,The Department of Sanitation investigated this complaint and found no violation at the location.,02/28/2024 01:11:44 PM,05 QUEENS,4024950013,QUEENS,1013147,205591,PHONE,Unspecified,QUEENS,,,,,,,,40.73092927582837,-73.89573596011381,"(40.73092927582837, -73.89573596011381)"
60432894,02/27/2024 09:09:31 AM,03/01/2024 09:12:42 PM,DSNY,Department of Sanitation,Dirty Condition,Dog Waste,Sidewalk,11214,1770 77 STREET,77 STREET,17 AVENUE,18 AVENUE,17 AVENUE,18 AVENUE,ADDRESS,BROOKLYN,77 STREET,,Closed,,The Department of Sanitation investigated this complaint and found no violation at the location.,03/01/2024 09:12:47 PM,11 BROOKLYN,3062480034,BROOKLYN,984799,162506,PHONE,Unspecified,BROOKLYN,,,,,,,,40.6127178126912,-73.99802264660714,"(40.6127178126912, -73.99802264660714)"
60432870,02/27/2024 08:42:07 AM,02/27/2024 08:08:29 PM,DSNY,Department of Sanitation,Dirty Condition,Dog Waste,Sidewalk,10014,63 BARROW STREET,BARROW STREET,BLEECKER STREET,BEDFORD STREET,BLEECKER STREET,BEDFORD STREET,ADDRESS,NEW YORK,BARROW STREET,,Closed,,The Department of Sanitation investigated this complaint and found no violation at the location.,02/27/2024 08:08:31 PM,02 MANHATTAN,1005870043,MANHATTAN,982917,205936,ONLINE,Unspecified,MANHATTAN,,,,,,,,40.73192331890909,-74.00480970362771,"(40.73192331890909, -74.00480970362771)"
60432893,02/27/2024 08:28:24 AM,02/29/2024 01:02:30 PM,DSNY,Department of Sanitation,Dirty Condition,Dog Waste,Sidewalk,10468,10 WEST  195 STREET,WEST  195 STREET,JEROME AVENUE,RESERVOIR AVENUE,JEROME AVENUE,RESERVOIR AVENUE,ADDRESS,BRONX,WEST  195 STREET,,Closed,,The Department of Sanitation investigated this complaint and found no violation at the location.,02/29/2024 01:02:33 PM,07 BRONX,2032470002,BRONX,1012704,255827,ONLINE,Unspecified,BRONX,,,,,,,,40.868814689528996,-73.89712148070981,"(40.868814689528996, -73.89712148070981)"
60439088,02/27/2024 08:18:12 AM,02/28/2024 01:09:02 PM,DSNY,Department of Sanitation,Dirty Condition,Dog Waste,Sidewalk,10467,3250 PERRY AVENUE,PERRY AVENUE,EAST  207 STREET,HOLT PLACE,EAST  207 STREET,HOLT PLACE,ADDRESS,BRONX,PERRY AVENUE,,Closed,,The Department of Sanitation investigated this complaint and found no violation at the location.,02/28/2024 01:09:08 PM,07 BRONX,2033470001,BRONX,1018475,258386,PHONE,Unspecified,BRONX,,,,,,,,40.87581786325145,-73.87624275879938,"(40.87581786325145, -73.87624275879938)"
60432895,02/27/2024 06:44:26 AM,02/29/2024 12:31:41 PM,DSNY,Department of Sanitation,Dirty Condition,Dog Waste,Sidewalk,10312,34 HAMPTON GREEN,HAMPTON GREEN,BEND,BEND,BEND,BEND,ADDRESS,STATEN ISLAND,HAMPTON GREEN,,Closed,,The Department of Sanitation investigated this complaint and found no violation at the location.,02/29/2024 12:31:45 PM,03 STATEN ISLAND,5060180160,STATEN ISLAND,930462,141244,ONLINE,Unspecified,STATEN ISLAND,,,,,,,,40.554194743502954,-74.19356067637302,"(40.554194743502954, -74.19356067637302)"
60436581,02/27/2024 06:42:28 AM,02/29/2024 12:31:36 PM,DSNY,Department of Sanitation,Dirty Condition,Dog Waste,Sidewalk,10312,34 HAMPTON GREEN,HAMPTON GREEN,BEND,BEND,BEND,BEND,ADDRESS,STATEN ISLAND,HAMPTON GREEN,,Closed,,The Department of Sanitation investigated this complaint and found no violation at the location.,02/29/2024 12:31:40 PM,03 STATEN ISLAND,5060180160,STATEN ISLAND,930462,141244,ONLINE,Unspecified,STATEN ISLAND,,,,,,,,40.554194743502954,-74.19356067637302,"(40.554194743502954, -74.19356067637302)"
60436580,02/27/2024 06:37:26 AM,02/29/2024 12:30:56 PM,DSNY,Department of Sanitation,Dirty Condition,Dog Waste,Sidewalk,10312,20 REGENT CIRCLE,REGENT CIRCLE,HAMPTON GREEN,DEAD END,HAMPTON GREEN,DEAD END,ADDRESS,STATEN ISLAND,REGENT CIRCLE,,Closed,,The Department of Sanitation investigated this complaint and found no violation at the location.,02/29/2024 12:31:00 PM,03 STATEN ISLAND,5060180222,STATEN ISLAND,929899,140820,ONLINE,Unspecified,STATEN ISLAND,,,,,,,,40.55302751488218,-74.19558326615329,"(40.55302751488218, -74.19558326615329)"
60429231,02/27/2024 12:15:13 AM,03/01/2024 09:13:33 PM,DSNY,Department of Sanitation,Dirty Condition,Dog Waste,Sidewalk,11219,1415 67 STREET,67 STREET,14 AVENUE,15 AVENUE,14 AVENUE,15 AVENUE,ADDRESS,BROOKLYN,67 STREET,,Closed,,The Department of Sanitation investigated this complaint and found no violation at the location.,03/01/2024 09:13:37 PM,11 BROOKLYN,3057620069,BROOKLYN,984257,166312,ONLINE,Unspecified,BROOKLYN,,,,,,,,40.62316450962734,-73.9999747838977,"(40.62316450962734, -73.9999747838977)"
60425495,02/26/2024 09:25:57 PM,02/29/2024 12:32:58 PM,DSNY,Department of Sanitation,Dirty Condition,Dog Waste,Sidewalk,10306,178 SPRATT AVENUE,SPRATT AVENUE,THOLLEN STREET,BLOCK STREET,THOLLEN STREET,BLOCK STREET,ADDRESS,STATEN ISLAND,SPRATT AVENUE,,Closed,,The Department of Sanitation investigated this complaint and found no violation at the location.,02/29/2024 12:33:02 PM,03 STATEN ISLAND,5050270002,STATEN ISLAND,947890,141757,ONLINE,Unspecified,STATEN ISLAND,,,,,,,,40.55569140700096,-74.13084741459869,"(40.55569140700096, -74.13084741459869)"
60421803,02/26/2024 09:01:44 PM,02/28/2024 08:19:47 PM,DSNY,Department of Sanitation,Dirty Condition,Dog Waste,Sidewalk,10031,WEST  148 STREET,WEST  148 STREET,ST NICHOLAS AVENUE,CONVENT AVENUE,ST NICHOLAS AVENUE,CONVENT AVENUE,BLOCKFACE,,,,Closed,,The Department of Sanitation investigated this complaint and found no violation at the location.,02/28/2024 08:19:51 PM,Unspecified MANHATTAN,,MANHATTAN,,,PHONE,Unspecified,MANHATTAN,,,,,,,,,,
60426737,02/26/2024 06:47:42 PM,02/28/2024 01:37:03 PM,DSNY,Department of Sanitation,Dirty Condition,Dog Waste,Sidewalk,11214,19 BAY   32 STREET,BAY   32 STREET,86 STREET,BENSON AVENUE,86 STREET,BENSON AVENUE,ADDRESS,BROOKLYN,BAY   32 STREET,,Closed,,The Department of Sanitation investigated this complaint and found no violation at the location.,02/28/2024 01:37:06 PM,11 BROOKLYN,3063830033,BROOKLYN,986231,158060,PHONE,Unspecified,BROOKLYN,,,,,,,,40.60051424717035,-73.99286626390344,"(40.60051424717035, -73.99286626390344)"
60424273,02/26/2024 05:00:18 PM,02/28/2024 01:37:04 PM,DSNY,Department of Sanitation,Dirty Condition,Dog Waste,Sidewalk,11214,19 BAY   32 STREET,BAY   32 STREET,86 STREET,BENSON AVENUE,86 STREET,BENSON AVENUE,ADDRESS,BROOKLYN,BAY   32 STREET,,Closed,,The Department of Sanitation investigated this complaint and found no violation at the location.,02/28/2024 01:37:08 PM,11 BROOKLYN,3063830033,BROOKLYN,986231,158060,PHONE,Unspecified,BROOKLYN,,,,,,,,40.60051424717035,-73.99286626390344,"(40.60051424717035, -73.99286626390344)"
60426736,02/26/2024 03:21:30 PM,02/27/2024 09:07:44 PM,DSNY,Department of Sanitation,Dirty Condition,Dog Waste,Sidewalk,11234,1747 TROY AVENUE,TROY AVENUE,AVENUE I,AVENUE J,AVENUE I,AVENUE J,ADDRESS,BROOKLYN,TROY AVENUE,,Closed,,The Department of Sanitation investigated this complaint and found no violation at the location.,02/27/2024 09:07:46 PM,18 BROOKLYN,3077700036,BROOKLYN,1002622,168619,PHONE,Unspecified,BROOKLYN,,,,,,,,40.629477688967945,-73.9338122716107,"(40.629477688967945, -73.9338122716107)"
60424274,02/26/2024 02:16:49 PM,02/28/2024 01:02:52 PM,DSNY,Department of Sanitation,Dirty Condition,Dog Waste,Sidewalk,11429,110-48 213 STREET,213 STREET,110 AVENUE,112 AVENUE,110 AVENUE,112 AVENUE,ADDRESS,QUEENS VILLAGE,213 STREET,,Closed,,The Department of Sanitation investigated this complaint and found no violation at the location.,02/28/2024 01:02:56 PM,13 QUEENS,4111260058,QUEENS,1055207,197169,PHONE,Unspecified,QUEENS,,,,,,,,40.7075756007648,-73.74406753835807,"(40.7075756007648, -73.74406753835807)"
60426738,02/26/2024 12:34:24 PM,02/28/2024 09:14:50 PM,DSNY,Department of Sanitation,Dirty Condition,Dog Waste,Sidewalk,11206,204 BUSHWICK AVENUE,BUSHWICK AVENUE,SCHOLES STREET,MESEROLE STREET,SCHOLES STREET,MESEROLE STREET,ADDRESS,BROOKLYN,BUSHWICK AVENUE,,Closed,,The Department of Sanitation investigated this complaint and found no violation at the location.,02/28/2024 09:14:53 PM,01 BROOKLYN,3030450017,BROOKLYN,1000876,197505,ONLINE,Unspecified,BROOKLYN,,,,,,,,40.70876673588753,-73.94003123833956,"(40.70876673588753, -73.94003123833956)"
60420556,02/26/2024 12:25:19 PM,02/27/2024 01:11:43 PM,DSNY,Department of Sanitation,Dirty Condition,Dog Waste,Sidewalk,11419,114-11 107 AVENUE,107 AVENUE,114 STREET,115 STREET,114 STREET,115 STREET,ADDRESS,SOUTH RICHMOND HILL,107 AVENUE,,Closed,,The Department of Sanitation investigated this complaint and found no violation at the location.,02/27/2024 01:11:46 PM,10 QUEENS,4095370044,QUEENS,1032166,188254,ONLINE,Unspecified,QUEENS,,,,,,,,40.683260817078136,-73.82723651145402,"(40.683260817078136, -73.82723651145402)"
60427955,02/26/2024 12:23:18 PM,02/27/2024 01:09:46 PM,DSNY,Department of Sanitation,Dirty Condition,Dog Waste,Sidewalk,10014,66 LEROY STREET,LEROY STREET,7 AVENUE SOUTH,ST LUKES PLACE,7 AVENUE SOUTH,ST LUKES PLACE,ADDRESS,NEW YORK,LEROY STREET,,Closed,,The Department of Sanitation investigated this complaint and found no violation at the location.,02/27/2024 01:09:50 PM,02 MANHATTAN,1005820018,MANHATTAN,982801,205294,ONLINE,Unspecified,MANHATTAN,,,,,,,,40.73016116796236,-74.00522811422553,"(40.73016116796236, -74.00522811422553)"
60422996,02/26/2024 11:18:03 AM,02/28/2024 06:49:35 AM,DSNY,Department of Sanitation,Dirty Condition,Dog Waste,Sidewalk,10453,1901 GRAND CONCOURSE,GRAND CONCOURSE,MORRIS AVENUE,GRAND CONCOURSE,MORRIS AVENUE,GRAND CONCOURSE,ADDRESS,BRONX,GRAND CONCOURSE,,Closed,,The Department of Sanitation investigated this complaint and found no violation at the location.,02/28/2024 06:49:39 AM,05 BRONX,2028060033,BRONX,1010068,248789,PHONE,Unspecified,BRONX,,,,,,,,40.84950560755094,-73.90667932595302,"(40.84950560755094, -73.90667932595302)"
60429230,02/26/2024 11:15:12 AM,02/28/2024 12:54:28 PM,DSNY,Department of Sanitation,Dirty Condition,Dog Waste,Sidewalk,10301,89 SCRIBNER AVENUE,SCRIBNER AVENUE,BISMARK AVENUE,BRIGHTON AVENUE,BISMARK AVENUE,BRIGHTON AVENUE,ADDRESS,STATEN ISLAND,SCRIBNER AVENUE,,Closed,,The Department of Sanitation investigated this complaint and found no violation at the location.,02/28/2024 12:54:32 PM,01 STATEN ISLAND,5000420055,STATEN ISLAND,960625,171765,ONLINE,Unspecified,STATEN ISLAND,,,,,,,,40.638100335472345,-74.0851234070706,"(40.638100335472345, -74.0851234070706)"
60421802,02/26/2024 08:12:48 AM,02/27/2024 01:28:25 PM,DSNY,Department of Sanitation,Dirty Condition,Dog Waste,Sidewalk,10460,1290 RODMAN PLACE,RODMAN PLACE,LONGFELLOW AVENUE,WEST FARMS ROAD,LONGFELLOW AVENUE,WEST FARMS ROAD,ADDRESS,BRONX,RODMAN PLACE,,Closed,,The Department of Sanitation investigated this complaint and found no violation at the location.,02/27/2024 01:28:28 PM,06 BRONX,2030167501,BRONX,1017097,244862,PHONE,Unspecified,BRONX,,,,,,,,40.83870380248861,-73.8812918569185,"(40.83870380248861, -73.8812918569185)"
60413149,02/25/2024 09:00:55 PM,02/28/2024 01:07:14 PM,DSNY,Department of Sanitation,Dirty Condition,Dog Waste,Sidewalk,10034,170 VERMILYEA AVENUE,VERMILYEA AVENUE,ISHAM STREET,WEST  211 STREET,ISHAM STREET,WEST  211 STREET,ADDRESS,NEW YORK,VERMILYEA AVENUE,,Closed,,The Department of Sanitation investigated this complaint and found no violation at the location.,02/28/2024 01:07:18 PM,12 MANHATTAN,1022280007,MANHATTAN,1006636,255285,ONLINE,Unspecified,MANHATTAN,,,,,,,,40.86734453983834,-73.91906278851496,"(40.86734453983834, -73.91906278851496)"
60414014,02/25/2024 07:42:09 PM,02/27/2024 12:51:51 PM,DSNY,Department of Sanitation,Dirty Condition,Dog Waste,Sidewalk,10128,235 EAST   96 STREET,EAST   96 STREET,3 AVENUE,2 AVENUE,3 AVENUE,2 AVENUE,ADDRESS,NEW YORK,EAST   96 STREET,,Closed,,The Department of Sanitation investigated this complaint and found no violation at the location.,02/27/2024 12:51:56 PM,11 MANHATTAN,1016467501,MANHATTAN,998739,225097,ONLINE,Unspecified,MANHATTAN,,,,,,,,40.78450358876289,-73.94767979568682,"(40.78450358876289, -73.94767979568682)"
60414015,02/25/2024 03:08:11 PM,02/26/2024 12:55:41 PM,DSNY,Department of Sanitation,Dirty Condition,Dog Waste,Street,10471,4652 MANHATTAN COLLEGE PARKWAY,MANHATTAN COLLEGE PARKWAY,WEST  242 STREET,POST ROAD,WEST  242 STREET,POST ROAD,ADDRESS,BRONX,MANHATTAN COLLEGE PARKWAY,,Closed,,The Department of Sanitation investigated this complaint and found no violation at the location.,02/26/2024 12:55:44 PM,08 BRONX,2058011057,BRONX,1012158,263581,ONLINE,Unspecified,BRONX,,,,,,,,40.89009874238601,-73.89906329639054,"(40.89009874238601, -73.89906329639054)"
60416652,02/25/2024 02:51:33 PM,02/27/2024 12:51:44 PM,DSNY,Department of Sanitation,Dirty Condition,Dog Waste,Sidewalk,10128,235 EAST   96 STREET,EAST   96 STREET,3 AVENUE,2 AVENUE,3 AVENUE,2 AVENUE,ADDRESS,NEW YORK,EAST   96 STREET,,Closed,,The Department of Sanitation investigated this complaint and found no violation at the location.,02/27/2024 12:51:50 PM,11 MANHATTAN,1016467501,MANHATTAN,998739,225097,PHONE,Unspecified,MANHATTAN,,,,,,,,40.78450358876289,-73.94767979568682,"(40.78450358876289, -73.94767979568682)"
60414883,02/25/2024 01:20:02 PM,02/28/2024 01:06:29 PM,DSNY,Department of Sanitation,Dirty Condition,Dog Waste,Sidewalk,10033,ST NICHOLAS AVENUE,ST NICHOLAS AVENUE,ST NICHOLAS AVENUE,WEST  186 STREET,ST NICHOLAS AVENUE,WEST  186 STREET,INTERSECTION,,,,Closed,,The Department of Sanitation investigated this complaint and found no violation at the location.,02/28/2024 01:06:32 PM,12 MANHATTAN,,MANHATTAN,1003202,249830,PHONE,Unspecified,MANHATTAN,,,,,,,,40.852380250094285,-73.9314939306883,"(40.852380250094285, -73.9314939306883)"
60417560,02/25/2024 07:26:12 AM,02/26/2024 01:18:33 PM,DSNY,Department of Sanitation,Dirty Condition,Dog Waste,Sidewalk,10467,3235 PARKSIDE PLACE,PARKSIDE PLACE,WEBSTER AVENUE,EAST  207 STREET,WEBSTER AVENUE,EAST  207 STREET,ADDRESS,BRONX,PARKSIDE PLACE,,Closed,,The Department of Sanitation investigated this complaint and found no violation at the location.,02/26/2024 01:18:37 PM,07 BRONX,2033540026,BRONX,1019093,257924,ONLINE,Unspecified,BRONX,,,,,,,,40.87454739888087,-73.87401048310652,"(40.87454739888087, -73.87401048310652)"
60406715,02/24/2024 10:02:41 PM,02/26/2024 01:03:38 PM,DSNY,Department of Sanitation,Dirty Condition,Dog Waste,Sidewalk,10461,2900 SAINT THERESA AVENUE,SAINT THERESA AVENUE,EDISON AVENUE,HOBART AVENUE,EDISON AVENUE,HOBART AVENUE,ADDRESS,BRONX,ST THERESA AVENUE,,Closed,,The Department of Sanitation investigated this complaint and found no condition at the location.,02/26/2024 01:03:41 PM,10 BRONX,2041940025,BRONX,1030708,248771,PHONE,Unspecified,BRONX,,,,,,,,40.84937172684963,-73.83207510326014,"(40.84937172684963, -73.83207510326014)"
60406716,02/24/2024 07:00:29 PM,02/26/2024 12:34:04 PM,DSNY,Department of Sanitation,Dirty Condition,Dog Waste,Sidewalk,10016,320 EAST   40 STREET,EAST   40 STREET,QUEENS MIDTOWN TUNNEL APPROACH,1 AVENUE,QUEENS MIDTOWN TUNNEL APPROACH,1 AVENUE,ADDRESS,NEW YORK,EAST   40 STREET,,Closed,,The Department of Sanitation investigated this complaint and found no violation at the location.,02/26/2024 12:34:09 PM,06 MANHATTAN,1009450033,MANHATTAN,991974,211831,ONLINE,Unspecified,MANHATTAN,,,,,,,,40.748100356471085,-73.97212365151188,"(40.748100356471085, -73.97212365151188)"
60405802,02/24/2024 02:32:54 PM,02/28/2024 08:52:23 PM,DSNY,Department of Sanitation,Dirty Condition,Dog Waste,Sidewalk,11233,91 HULL STREET,HULL STREET,SARATOGA AVENUE,THOMAS S BOYLAND STREET,SARATOGA AVENUE,THOMAS S BOYLAND STREET,ADDRESS,BROOKLYN,HULL STREET,,Closed,,The Department of Sanitation investigated this complaint and found no violation at the location.,02/28/2024 08:52:27 PM,16 BROOKLYN,3015320136,BROOKLYN,1008085,186732,PHONE,Unspecified,BROOKLYN,,,,,,,,40.6791808771739,-73.9140670377945,"(40.6791808771739, -73.9140670377945)"
60409509,02/24/2024 02:20:23 PM,02/26/2024 01:16:42 PM,DSNY,Department of Sanitation,Dirty Condition,Dog Waste,Sidewalk,10469,1245 ADEE AVENUE,ADEE AVENUE,PEARSALL AVENUE,THROOP AVENUE,PEARSALL AVENUE,THROOP AVENUE,ADDRESS,BRONX,ADEE AVENUE,,Closed,,The Department of Sanitation investigated this complaint and found no violation at the location.,02/26/2024 01:16:45 PM,11 BRONX,2045810001,BRONX,1025424,256066,ONLINE,Unspecified,BRONX,,,,,,,,40.869420502759425,-73.85112954910872,"(40.869420502759425, -73.85112954910872)"
60408562,02/24/2024 01:44:21 PM,02/26/2024 01:13:45 PM,DSNY,Department of Sanitation,Dirty Condition,Dog Waste,Sidewalk,10014,294 WEST   11 STREET,WEST   11 STREET,BLEECKER STREET,HUDSON STREET,BLEECKER STREET,HUDSON STREET,ADDRESS,NEW YORK,WEST   11 STREET,,Closed,,The Department of Sanitation investigated this complaint and found no violation at the location.,02/26/2024 01:13:49 PM,02 MANHATTAN,1006220013,MANHATTAN,982714,207383,ONLINE,Unspecified,MANHATTAN,,,,,,,,40.735894944883455,-74.00554249446627,"(40.735894944883455, -74.00554249446627)"
60408563,02/24/2024 12:57:46 PM,02/27/2024 07:11:34 AM,DSNY,Department of Sanitation,Dirty Condition,Dog Waste,Sidewalk,10303,85 GRANDVIEW AVENUE,GRANDVIEW AVENUE,RICHMOND COURT,COWEN PLACE,RICHMOND COURT,COWEN PLACE,ADDRESS,STATEN ISLAND,GRANDVIEW AVENUE,,Closed,,The Department of Sanitation investigated this complaint and found no violation at the location.,02/27/2024 07:11:38 AM,01 STATEN ISLAND,5012530001,STATEN ISLAND,938448,171612,ONLINE,Unspecified,STATEN ISLAND,,,,,,,,40.63759346856546,-74.16502833307842,"(40.63759346856546, -74.16502833307842)"
60410424,02/24/2024 12:08:50 PM,02/24/2024 05:36:05 PM,DSNY,Department of Sanitation,Dirty Condition,Dog Waste,Sidewalk,10016,320 EAST   40 STREET,EAST   40 STREET,QUEENS MIDTOWN TUNNEL APPROACH,1 AVENUE,QUEENS MIDTOWN TUNNEL APPROACH,1 AVENUE,ADDRESS,NEW YORK,EAST   40 STREET,,Closed,,"The Department of Sanitation has investigated the complaint and addressed the issue. If the problem persists, call 311 to enter a new complaint. If you are outside of New York City, please call (212) NEW-YORK (212-639-9675).",02/24/2024 05:36:05 PM,06 MANHATTAN,1009450033,MANHATTAN,991974,211831,ONLINE,Unspecified,MANHATTAN,,,,,,,,40.748100356471085,-73.97212365151188,"(40.748100356471085, -73.97212365151188)"
60411333,02/24/2024 11:58:10 AM,02/28/2024 09:55:57 PM,DSNY,Department of Sanitation,Dirty Condition,Dog Waste,Sidewalk,11225,120 LEFFERTS AVENUE,LEFFERTS AVENUE,WASHINGTON AVENUE,BEDFORD AVENUE,WASHINGTON AVENUE,BEDFORD AVENUE,ADDRESS,BROOKLYN,LEFFERTS AVENUE,,Closed,,The Department of Sanitation investigated this complaint and found no condition at the location.,02/28/2024 09:56:01 PM,09 BROOKLYN,,BROOKLYN,995974,180432,ONLINE,Unspecified,BROOKLYN,,,,,,,,40.66191311376392,-73.95774209661906,"(40.66191311376392, -73.95774209661906)"
60412242,02/24/2024 10:14:07 AM,02/27/2024 12:56:54 PM,DSNY,Department of Sanitation,Dirty Condition,Dog Waste,Sidewalk,11354,33-38 UNION STREET,UNION STREET,33 AVENUE,34 AVENUE,33 AVENUE,34 AVENUE,ADDRESS,FLUSHING,UNION STREET,,Closed,,The Department of Sanitation investigated this complaint and found no violation at the location.,02/27/2024 12:56:59 PM,07 QUEENS,4049550035,QUEENS,1032098,218789,ONLINE,Unspecified,QUEENS,,,,,,,,40.76707217590777,-73.82726458817804,"(40.76707217590777, -73.82726458817804)"
60411322,02/24/2024 09:10:37 AM,02/24/2024 09:22:27 PM,DSNY,Department of Sanitation,Dirty Condition,Dog Waste,Sidewalk,11238,326 LINCOLN PLACE,LINCOLN PLACE,UNDERHILL AVENUE,WASHINGTON AVENUE,UNDERHILL AVENUE,WASHINGTON AVENUE,ADDRESS,BROOKLYN,LINCOLN PLACE,,Closed,,The Department of Sanitation investigated this complaint and found no violation at the location.,02/24/2024 09:22:29 PM,08 BROOKLYN,3011790023,BROOKLYN,993813,184594,ONLINE,Unspecified,BROOKLYN,,,,,,,,40.673339473642564,-73.96552528499431,"(40.673339473642564, -73.96552528499431)"
60411334,02/24/2024 08:45:09 AM,02/28/2024 09:05:23 PM,DSNY,Department of Sanitation,Dirty Condition,Dog Waste,Sidewalk,11230,1639 MCDONALD AVENUE,MCDONALD AVENUE,24 AVENUE,RYDER AVENUE,24 AVENUE,RYDER AVENUE,ADDRESS,BROOKLYN,MCDONALD AVENUE,,Closed,,The Department of Sanitation investigated this complaint and found no violation at the location.,02/28/2024 09:05:27 PM,12 BROOKLYN,3065830181,BROOKLYN,991533,162586,PHONE,Unspecified,BROOKLYN,,,,,,,,40.612934420093005,-73.97376846684402,"(40.612934420093005, -73.97376846684402)"
60410423,02/24/2024 08:38:46 AM,02/24/2024 09:05:03 PM,DSNY,Department of Sanitation,Dirty Condition,Dog Waste,Sidewalk,11211,728 LORIMER STREET,LORIMER STREET,RICHARDSON STREET,BAYARD STREET,RICHARDSON STREET,BAYARD STREET,ADDRESS,BROOKLYN,LORIMER STREET,,Closed,,The Department of Sanitation investigated this complaint and found no violation at the location.,02/24/2024 09:05:07 PM,01 BROOKLYN,3027220105,BROOKLYN,998079,201106,ONLINE,Unspecified,BROOKLYN,,,,,,,,40.7186554337821,-73.95011241252223,"(40.7186554337821, -73.95011241252223)"
60408564,02/24/2024 04:58:47 AM,02/27/2024 09:25:36 PM,DSNY,Department of Sanitation,Dirty Condition,Dog Waste,Sidewalk,11225,971 WASHINGTON AVENUE,WASHINGTON AVENUE,MONTGOMERY STREET,FRANKLIN AVENUE SHUTTLE LINE,MONTGOMERY STREET,FRANKLIN AVENUE SHUTTLE LINE,ADDRESS,BROOKLYN,WASHINGTON AVENUE,,Closed,,The Department of Sanitation investigated this complaint and found no violation at the location.,02/27/2024 09:25:39 PM,09 BROOKLYN,,BROOKLYN,994949,181845,ONLINE,Unspecified,BROOKLYN,,,,,,,,40.665792783311836,-73.9614343566783,"(40.665792783311836, -73.9614343566783)"
60400095,02/23/2024 10:32:20 PM,02/26/2024 01:09:15 PM,DSNY,Department of Sanitation,Dirty Condition,Dog Waste,Sidewalk,10002,307 CHERRY STREET,CHERRY STREET,PEDESTRIAN PATH,CLINTON STREET,PEDESTRIAN PATH,CLINTON STREET,ADDRESS,NEW YORK,CHERRY STREET,,Closed,,The Department of Sanitation investigated this complaint and found no violation at the location.,02/26/2024 01:09:18 PM,03 MANHATTAN,1002467501,MANHATTAN,987810,198491,ONLINE,Unspecified,MANHATTAN,,,,,,,,40.71148797630593,-73.98715881803862,"(40.71148797630593, -73.98715881803862)"
60401257,02/23/2024 07:52:56 PM,02/24/2024 07:47:24 PM,DSNY,Department of Sanitation,Dirty Condition,Dog Waste,Street,10458,274 BEDFORD PARK BOULEVARD,BEDFORD PARK BOULEVARD,BRIGGS AVENUE,BAINBRIDGE AVENUE,BRIGGS AVENUE,BAINBRIDGE AVENUE,ADDRESS,BRONX,BEDFORD PARK BOULEVARD,,Closed,,The Department of Sanitation investigated this complaint and found no violation at the location.,02/24/2024 07:47:28 PM,07 BRONX,,BRONX,1015798,256451,ONLINE,Unspecified,BRONX,,,,,,,,40.870516861726664,-73.88593186265865,"(40.870516861726664, -73.88593186265865)"
60400096,02/23/2024 07:45:13 PM,02/24/2024 12:22:34 PM,DSNY,Department of Sanitation,Dirty Condition,Dog Waste,Sidewalk,10469,1038 EAST  218 STREET,EAST  218 STREET,PAULDING AVENUE,LACONIA AVENUE,PAULDING AVENUE,LACONIA AVENUE,ADDRESS,BRONX,EAST  218 STREET,,Closed,,The Department of Sanitation investigated this complaint and found no violation at the location.,02/24/2024 12:22:37 PM,12 BRONX,2047000050,BRONX,1024742,259847,ONLINE,Unspecified,BRONX,,,,,,,,40.879801324065376,-73.85357256046154,"(40.879801324065376, -73.85357256046154)"
60396675,02/23/2024 06:15:07 PM,02/24/2024 01:26:13 PM,DSNY,Department of Sanitation,Dirty Condition,Dog Waste,Sidewalk,10014,80 BANK STREET,BANK STREET,WEST    4 STREET,BLEECKER STREET,WEST    4 STREET,BLEECKER STREET,ADDRESS,NEW YORK,BANK STREET,,Closed,,The Department of Sanitation investigated this complaint and found no violation at the location.,02/24/2024 01:26:16 PM,02 MANHATTAN,1006230024,MANHATTAN,982914,207667,ONLINE,Unspecified,MANHATTAN,,,,,,,,40.73667448720722,-74.00482087189937,"(40.73667448720722, -74.00482087189937)"
60404850,02/23/2024 05:46:02 PM,02/27/2024 07:10:43 AM,DSNY,Department of Sanitation,Dirty Condition,Dog Waste,Sidewalk,10306,146 MALONE AVENUE,MALONE AVENUE,HYLAN BOULEVARD,PENDALE STREET,HYLAN BOULEVARD,PENDALE STREET,ADDRESS,STATEN ISLAND,MALONE AVENUE,,Closed,,The Department of Sanitation investigated this complaint and found no violation at the location.,02/27/2024 07:10:47 AM,03 STATEN ISLAND,5047200022,STATEN ISLAND,949646,143053,ONLINE,Unspecified,STATEN ISLAND,,,,,,,,40.55925570043931,-74.12453480025361,"(40.55925570043931, -74.12453480025361)"
60396673,02/23/2024 05:42:36 PM,02/27/2024 07:10:36 AM,DSNY,Department of Sanitation,Dirty Condition,Dog Waste,Sidewalk,10306,146 MALONE AVENUE,MALONE AVENUE,HYLAN BOULEVARD,PENDALE STREET,HYLAN BOULEVARD,PENDALE STREET,ADDRESS,STATEN ISLAND,MALONE AVENUE,,Closed,,The Department of Sanitation investigated this complaint and found no violation at the location.,02/27/2024 07:10:42 AM,03 STATEN ISLAND,5047200022,STATEN ISLAND,949646,143053,ONLINE,Unspecified,STATEN ISLAND,,,,,,,,40.55925570043931,-74.12453480025361,"(40.55925570043931, -74.12453480025361)"
60404851,02/23/2024 05:34:48 PM,02/27/2024 01:02:11 PM,DSNY,Department of Sanitation,Dirty Condition,Dog Waste,Sidewalk,11372,37-14 89 STREET,89 STREET,37 AVENUE,ROOSEVELT AVENUE,37 AVENUE,ROOSEVELT AVENUE,ADDRESS,JACKSON HEIGHTS,89 STREET,,Closed,,The Department of Sanitation investigated this complaint and found no violation at the location.,02/27/2024 01:02:14 PM,03 QUEENS,4014760012,QUEENS,1018131,212510,ONLINE,Unspecified,QUEENS,,,,,,,,40.74990250546896,-73.87771822835312,"(40.74990250546896, -73.87771822835312)"
60397811,02/23/2024 05:02:08 PM,02/27/2024 01:01:50 PM,DSNY,Department of Sanitation,Dirty Condition,Dog Waste,Sidewalk,11372,37-18 89 STREET,89 STREET,37 AVENUE,ROOSEVELT AVENUE,37 AVENUE,ROOSEVELT AVENUE,ADDRESS,JACKSON HEIGHTS,89 STREET,,Closed,,The Department of Sanitation investigated this complaint and found no violation at the location.,02/27/2024 01:01:55 PM,03 QUEENS,4014760013,QUEENS,1018134,212488,ONLINE,Unspecified,QUEENS,,,,,,,,40.74984210958258,-73.8777075117534,"(40.74984210958258, -73.8777075117534)"
60400053,02/23/2024 04:39:10 PM,02/24/2024 12:13:12 PM,DSNY,Department of Sanitation,Dirty Condition,Dog Waste,Street,10301,16 ARNOLD STREET,ARNOLD STREET,YORK AVENUE,DEAD END,YORK AVENUE,DEAD END,ADDRESS,STATEN ISLAND,ARNOLD STREET,,Closed,,The Department of Sanitation investigated this complaint and found no violation at the location.,02/24/2024 12:13:16 PM,01 STATEN ISLAND,5000810008,STATEN ISLAND,959644,172105,PHONE,Unspecified,STATEN ISLAND,,,,,,,,40.63903089144856,-74.08865929275512,"(40.63903089144856, -74.08865929275512)"
60396674,02/23/2024 04:00:35 PM,02/24/2024 09:21:15 PM,DSNY,Department of Sanitation,Dirty Condition,Dog Waste,Sidewalk,11206,30 MAUJER STREET,MAUJER STREET,UNION AVENUE,LORIMER STREET,UNION AVENUE,LORIMER STREET,ADDRESS,BROOKLYN,MAUJER STREET,,Closed,,The Department of Sanitation investigated this complaint and found no violation at the location.,02/24/2024 09:21:18 PM,01 BROOKLYN,3027910018,BROOKLYN,998191,198074,PHONE,Unspecified,BROOKLYN,,,,,,,,40.710333143609105,-73.94971465577957,"(40.710333143609105, -73.94971465577957)"
60397810,02/23/2024 03:14:51 PM,03/05/2024 09:40:29 PM,DSNY,Department of Sanitation,Dirty Condition,Dog Waste,Sidewalk,11237,604 IRVING AVENUE,IRVING AVENUE,DECATUR STREET,COOPER STREET,DECATUR STREET,COOPER STREET,ADDRESS,BROOKLYN,IRVING AVENUE,,Closed,,The Department of Sanitation investigated this complaint and found no violation at the location.,03/05/2024 09:40:32 PM,04 BROOKLYN,3034370046,BROOKLYN,1011045,191677,PHONE,Unspecified,BROOKLYN,,,,,,,,40.69274529735927,-73.90337561330405,"(40.69274529735927, -73.90337561330405)"
60400094,02/23/2024 03:13:29 PM,02/24/2024 01:06:58 PM,DSNY,Department of Sanitation,Dirty Condition,Dog Waste,Sidewalk,10455,420 EAST  148 STREET,EAST  148 STREET,BERGEN AVENUE,BROOK AVENUE,BERGEN AVENUE,BROOK AVENUE,ADDRESS,BRONX,EAST  148 STREET,,Closed,,The Department of Sanitation investigated this complaint and found no violation at the location.,02/24/2024 01:07:04 PM,01 BRONX,2022920023,BRONX,1007185,236175,PHONE,Unspecified,BRONX,,,,,,,,40.81489177958492,-73.91714321844259,"(40.81489177958492, -73.91714321844259)"
60398935,02/23/2024 01:49:18 PM,02/27/2024 11:58:02 AM,DSNY,Department of Sanitation,Dirty Condition,Dog Waste,Sidewalk,11694,1 BEACH  105 STREET,BEACH  105 STREET,SHORE FRONT PARKWAY,ROCKAWAY BEACH BOULEVARD,SHORE FRONT PARKWAY,ROCKAWAY BEACH BOULEVARD,ADDRESS,FAR ROCKAWAY,BEACH  105 STREET,,Closed,,The Department of Sanitation investigated this complaint and found no violation at the location.,02/27/2024 11:58:06 AM,14 QUEENS,4161770055,QUEENS,1032786,151180,PHONE,Unspecified,QUEENS,,,,,,,,40.581497376117156,-73.8252677155637,"(40.581497376117156, -73.8252677155637)"
60403665,02/23/2024 01:13:07 PM,02/23/2024 09:15:43 PM,DSNY,Department of Sanitation,Dirty Condition,Dog Waste,Sidewalk,11203,3402 BEVERLEY ROAD,BEVERLEY ROAD,EAST   34 STREET,EAST   35 STREET,EAST   34 STREET,EAST   35 STREET,ADDRESS,BROOKLYN,BEVERLEY ROAD,,Closed,,The Department of Sanitation investigated this complaint and found no violation at the location.,02/23/2024 09:15:47 PM,17 BROOKLYN,3049340001,BROOKLYN,999528,174408,ONLINE,Unspecified,BROOKLYN,,,,,,,,40.645373132613116,-73.94494573331052,"(40.645373132613116, -73.94494573331052)"
60402470,02/23/2024 12:29:03 PM,02/23/2024 09:21:10 PM,DSNY,Department of Sanitation,Dirty Condition,Dog Waste,Sidewalk,11208,110 DINSMORE PLACE,DINSMORE PLACE,RICHMOND STREET,CHESTNUT STREET,RICHMOND STREET,CHESTNUT STREET,ADDRESS,BROOKLYN,DINSMORE PLACE,,Closed,,The Department of Sanitation investigated this complaint and found no violation at the location.,02/23/2024 09:21:13 PM,05 BROOKLYN,3041427501,BROOKLYN,1018809,187563,ONLINE,Unspecified,BROOKLYN,,,,,,,,40.68142640964559,-73.87539929655513,"(40.68142640964559, -73.87539929655513)"
60398936,02/23/2024 10:46:31 AM,02/28/2024 01:02:30 PM,DSNY,Department of Sanitation,Dirty Condition,Dog Waste,Sidewalk,11429,217-14 109 AVENUE,109 AVENUE,217 PLACE,MONTEREY STREET,217 PLACE,MONTEREY STREET,ADDRESS,QUEENS VILLAGE,109 AVENUE,,Closed,,The Department of Sanitation investigated this complaint and found no violation at the location.,02/28/2024 01:02:33 PM,13 QUEENS,4111480010,QUEENS,1056455,197818,PHONE,Unspecified,QUEENS,,,,,,,,40.70934684812288,-73.73955923491472,"(40.70934684812288, -73.73955923491472)"
60402487,02/23/2024 10:38:58 AM,02/24/2024 07:46:53 PM,DSNY,Department of Sanitation,Dirty Condition,Dog Waste,Sidewalk,10460,2151 1/2 MAPES AVENUE,MAPES AVENUE,EAST  181 STREET,EAST  182 STREET,EAST  181 STREET,EAST  182 STREET,ADDRESS,BRONX,MAPES AVENUE,,Closed,,The Department of Sanitation investigated this complaint and found no violation at the location.,02/24/2024 07:46:56 PM,06 BRONX,2031100174,BRONX,1016280,248311,PHONE,Unspecified,BRONX,,,,,,,,40.84817329052786,-73.8842279949889,"(40.84817329052786, -73.8842279949889)"
60401302,02/23/2024 10:13:45 AM,02/24/2024 01:11:59 PM,DSNY,Department of Sanitation,Dirty Condition,Dog Waste,Sidewalk,10040,100 ARDEN STREET,ARDEN STREET,DONGAN PLACE,BROADWAY,DONGAN PLACE,BROADWAY,ADDRESS,NEW YORK,ARDEN STREET,,Closed,,The Department of Sanitation investigated this complaint and found no violation at the location.,02/24/2024 01:12:02 PM,12 MANHATTAN,1021750027,MANHATTAN,1003993,254148,ONLINE,Unspecified,MANHATTAN,,,,,,,,40.864230127986765,-73.92862197440645,"(40.864230127986765, -73.92862197440645)"
60402489,02/23/2024 10:02:31 AM,02/24/2024 01:13:28 PM,DSNY,Department of Sanitation,Dirty Condition,Dog Waste,Sidewalk,10474,760 HUNT POINT AVENUE,HUNT POINT AVENUE,FAILE STREET,COSTER STREET,FAILE STREET,COSTER STREET,ADDRESS,BRONX,HUNTS POINT AVENUE,,Closed,,The Department of Sanitation investigated this complaint and found no condition at the location.,02/24/2024 01:13:32 PM,02 BRONX,2027630195,BRONX,1015462,236551,PHONE,Unspecified,BRONX,,,,,,,,40.81589842737266,-73.88723935851853,"(40.81589842737266, -73.88723935851853)"
60402490,02/23/2024 09:42:57 AM,03/01/2024 09:18:18 PM,DSNY,Department of Sanitation,Dirty Condition,Dog Waste,Sidewalk,11209,181 71 STREET,71 STREET,PERRY TERRACE,RIDGE BOULEVARD,PERRY TERRACE,RIDGE BOULEVARD,ADDRESS,BROOKLYN,71 STREET,,Closed,,The Department of Sanitation investigated this complaint and found no violation at the location.,03/01/2024 09:18:22 PM,10 BROOKLYN,3058850085,BROOKLYN,975907,170630,PHONE,Unspecified,BROOKLYN,,,,,,,,40.63501258031704,-74.03005932812768,"(40.63501258031704, -74.03005932812768)"
60402488,02/23/2024 09:08:28 AM,03/01/2024 09:17:17 PM,DSNY,Department of Sanitation,Dirty Condition,Dog Waste,Sidewalk,11224,2926 WEST   19 STREET,WEST   19 STREET,MERMAID AVENUE,SURF AVENUE,MERMAID AVENUE,SURF AVENUE,ADDRESS,BROOKLYN,WEST   19 STREET,,Closed,,The Department of Sanitation investigated this complaint and found no violation at the location.,03/01/2024 09:17:22 PM,13 BROOKLYN,3070607501,BROOKLYN,988207,149148,ONLINE,Unspecified,BROOKLYN,,,,,,,,40.576051923913255,-73.98575575192712,"(40.576051923913255, -73.98575575192712)"
60402492,02/23/2024 08:33:41 AM,02/27/2024 11:38:20 AM,DSNY,Department of Sanitation,Dirty Condition,Dog Waste,Sidewalk,11378,68 STREET,68 STREET,68 STREET,CALDWELL AVENUE,68 STREET,CALDWELL AVENUE,INTERSECTION,,,,Closed,,The Department of Sanitation investigated this complaint and found no violation at the location.,02/27/2024 11:38:24 AM,05 QUEENS,,QUEENS,1013362,202638,ONLINE,Unspecified,QUEENS,,,,,,,,40.72282331051384,-73.89497298844019,"(40.72282331051384, -73.89497298844019)"
60403677,02/23/2024 08:30:25 AM,02/27/2024 11:57:22 AM,DSNY,Department of Sanitation,Dirty Condition,Dog Waste,Sidewalk,11692,330 BEACH   66 STREET,BEACH   66 STREET,DEAD END,BEACH CHANNEL DRIVE,DEAD END,BEACH CHANNEL DRIVE,ADDRESS,ARVERNE,BEACH   66 STREET,,Closed,,The Department of Sanitation investigated this complaint and issued a Notice of Violation.,02/27/2024 11:57:25 AM,14 QUEENS,4159100032,QUEENS,1041163,155127,ONLINE,Unspecified,QUEENS,,,,,,,,40.59228125229962,-73.79507691301359,"(40.59228125229962, -73.79507691301359)"
60402491,02/23/2024 07:23:31 AM,02/24/2024 12:40:38 PM,DSNY,Department of Sanitation,Dirty Condition,Dog Waste,Sidewalk,10462,810 MORRIS PARK AVENUE,MORRIS PARK AVENUE,BARNES AVENUE,MATTHEWS AVENUE,BARNES AVENUE,MATTHEWS AVENUE,ADDRESS,BRONX,MORRIS PARK AVENUE,,Closed,,The Department of Sanitation investigated this complaint and found no violation at the location.,02/24/2024 12:40:40 PM,11 BRONX,2040440005,BRONX,1022384,247542,PHONE,Unspecified,BRONX,,,,,,,,40.84603836243591,-73.86216957591574,"(40.84603836243591, -73.86216957591574)"
60387323,02/22/2024 10:52:13 PM,02/23/2024 01:35:16 PM,DSNY,Department of Sanitation,Dirty Condition,Dog Waste,Sidewalk,10471,244 FIELDSTON TERRACE,FIELDSTON TERRACE,POST ROAD,COLLEGE ROAD,POST ROAD,COLLEGE ROAD,ADDRESS,BRONX,FIELDSTON TERRACE,,Closed,,The Department of Sanitation investigated this complaint and found no violation at the location.,02/23/2024 01:35:19 PM,08 BRONX,2058271620,BRONX,1012414,265624,ONLINE,Unspecified,BRONX,,,,,,,,40.895705312364115,-73.89812881204892,"(40.895705312364115, -73.89812881204892)"
60393181,02/22/2024 06:07:53 PM,02/27/2024 11:56:21 AM,DSNY,Department of Sanitation,Dirty Condition,Dog Waste,Sidewalk,11691,31-37 HEALY AVENUE,HEALY AVENUE,WATERVIEW STREET,BAY   32 STREET,WATERVIEW STREET,BAY   32 STREET,ADDRESS,FAR ROCKAWAY,HEALY AVENUE,,Closed,,The Department of Sanitation investigated this complaint and found no violation at the location.,02/27/2024 11:56:25 AM,14 QUEENS,4157380033,QUEENS,1048696,159282,PHONE,Unspecified,QUEENS,,,,,,,,40.60363427624373,-73.76791379187078,"(40.60363427624373, -73.76791379187078)"
60395488,02/22/2024 05:30:46 PM,02/23/2024 01:01:44 PM,DSNY,Department of Sanitation,Dirty Condition,Dog Waste,Sidewalk,11367,147-41 75 AVENUE,75 AVENUE,147 STREET,150 STREET,147 STREET,150 STREET,ADDRESS,FLUSHING,75 AVENUE,,Closed,,The Department of Sanitation investigated this complaint and found no violation at the location.,02/23/2024 01:01:47 PM,08 QUEENS,4066820018,QUEENS,1034683,203361,PHONE,Unspecified,QUEENS,,,,,,,,40.72471190712065,-73.81804823024306,"(40.72471190712065, -73.81804823024306)"
60388431,02/22/2024 05:20:36 PM,02/23/2024 12:00:51 PM,DSNY,Department of Sanitation,Dirty Condition,Dog Waste,Sidewalk,10032,135 HAVEN AVENUE,HAVEN AVENUE,WEST  172 STREET,WEST  173 STREET,WEST  172 STREET,WEST  173 STREET,ADDRESS,NEW YORK,HAVEN AVENUE,,Closed,,The Department of Sanitation investigated this complaint and found no violation at the location.,02/23/2024 12:00:55 PM,12 MANHATTAN,1021390329,MANHATTAN,1000181,247364,ONLINE,Unspecified,MANHATTAN,,,,,,,,40.84561777780402,-73.94241983911675,"(40.84561777780402, -73.94241983911675)"
60394333,02/22/2024 04:58:51 PM,02/23/2024 12:09:56 PM,DSNY,Department of Sanitation,Dirty Condition,Dog Waste,Sidewalk,11354,141-03 25 ROAD,25 ROAD,WHITESTONE EXPRESSWAY,143 STREET,WHITESTONE EXPRESSWAY,143 STREET,ADDRESS,FLUSHING,25 ROAD,,Closed,,The Department of Sanitation investigated this complaint and found no violation at the location.,02/23/2024 12:10:01 PM,07 QUEENS,4042880002,QUEENS,1032210,222026,ONLINE,Unspecified,QUEENS,,,,,,,,40.77595627182883,-73.82683715891633,"(40.77595627182883, -73.82683715891633)"
60387321,02/22/2024 04:56:04 PM,02/23/2024 09:23:12 PM,DSNY,Department of Sanitation,Dirty Condition,Dog Waste,Sidewalk,11213,650 CROWN STREET,CROWN STREET,TROY AVENUE,SCHENECTADY AVENUE,TROY AVENUE,SCHENECTADY AVENUE,ADDRESS,BROOKLYN,CROWN STREET,,Closed,,The Department of Sanitation investigated this complaint and found no violation at the location.,02/23/2024 09:23:16 PM,09 BROOKLYN,3014180007,BROOKLYN,1001910,181739,PHONE,Unspecified,BROOKLYN,,,,,,,,40.665490688676655,-73.93634300266832,"(40.665490688676655, -73.93634300266832)"
60387322,02/22/2024 04:47:54 PM,02/23/2024 09:23:07 PM,DSNY,Department of Sanitation,Dirty Condition,Dog Waste,Sidewalk,11213,650 CROWN STREET,CROWN STREET,TROY AVENUE,SCHENECTADY AVENUE,TROY AVENUE,SCHENECTADY AVENUE,ADDRESS,BROOKLYN,CROWN STREET,,Closed,,The Department of Sanitation investigated this complaint and found no violation at the location.,02/23/2024 09:23:11 PM,09 BROOKLYN,3014180007,BROOKLYN,1001910,181739,PHONE,Unspecified,BROOKLYN,,,,,,,,40.665490688676655,-73.93634300266832,"(40.665490688676655, -73.93634300266832)"
60390797,02/22/2024 03:43:56 PM,02/23/2024 09:24:57 PM,DSNY,Department of Sanitation,Dirty Condition,Dog Waste,Street,11216,626 LINCOLN PLACE,LINCOLN PLACE,ST CHARLES PLACE,BEDFORD AVENUE,ST CHARLES PLACE,BEDFORD AVENUE,ADDRESS,BROOKLYN,LINCOLN PLACE,,Closed,,The Department of Sanitation investigated this complaint and found no violation at the location.,02/23/2024 09:25:01 PM,08 BROOKLYN,3012590027,BROOKLYN,996513,183795,PHONE,Unspecified,BROOKLYN,,,,,,,,40.67114306970724,-73.95579321185289,"(40.67114306970724, -73.95579321185289)"
60394332,02/22/2024 03:34:45 PM,02/28/2024 01:38:52 PM,DSNY,Department of Sanitation,Dirty Condition,Dog Waste,Sidewalk,11231,60 TIFFANY PLACE,TIFFANY PLACE,KANE STREET,DEGRAW STREET,KANE STREET,DEGRAW STREET,ADDRESS,BROOKLYN,TIFFANY PLACE,,Closed,,The Department of Sanitation investigated this complaint and found no violation at the location.,02/28/2024 01:38:56 PM,06 BROOKLYN,3003197502,BROOKLYN,983889,189177,PHONE,Unspecified,BROOKLYN,,,,,,,,40.68592392754377,-74.00130165434805,"(40.68592392754377, -74.00130165434805)"
60391975,02/22/2024 02:23:23 PM,02/27/2024 07:10:08 AM,DSNY,Department of Sanitation,Dirty Condition,Dog Waste,Sidewalk,10312,440 ELTINGVILLE BOULEVARD,ELTINGVILLE BOULEVARD,LEVERETT AVENUE,BARLOW AVENUE,LEVERETT AVENUE,BARLOW AVENUE,ADDRESS,STATEN ISLAND,ELTINGVILLE BOULEVARD,,Closed,,The Department of Sanitation investigated this complaint and found no violation at the location.,02/27/2024 07:10:12 AM,03 STATEN ISLAND,5055310148,STATEN ISLAND,937867,141919,PHONE,Unspecified,STATEN ISLAND,,,,,,,,40.55608930654557,-74.16691785454891,"(40.55608930654557, -74.16691785454891)"
60394331,02/22/2024 01:36:36 PM,02/24/2024 07:34:31 AM,DSNY,Department of Sanitation,Dirty Condition,Dog Waste,Sidewalk,10460,1500 BOONE AVENUE,BOONE AVENUE,JENNINGS STREET,EAST  172 STREET,JENNINGS STREET,EAST  172 STREET,ADDRESS,BRONX,BOONE AVENUE,,Closed,,The Department of Sanitation investigated this complaint and found no violation at the location.,02/24/2024 07:34:34 AM,03 BRONX,2030137501,BRONX,1015881,242422,PHONE,Unspecified,BRONX,,,,,,,,40.8320111525088,-73.88569794832537,"(40.8320111525088, -73.88569794832537)"
60389609,02/22/2024 01:00:42 PM,02/23/2024 12:11:07 PM,DSNY,Department of Sanitation,Dirty Condition,Dog Waste,Sidewalk,11433,92-28 168 PLACE,168 PLACE,JAMAICA AVENUE,92 ROAD,JAMAICA AVENUE,92 ROAD,ADDRESS,JAMAICA,168 PLACE,,Closed,,The Department of Sanitation investigated this complaint and found no violation at the location.,02/23/2024 12:11:11 PM,12 QUEENS,4102090210,QUEENS,1042172,196520,PHONE,Unspecified,QUEENS,,,,,,,,40.705889184944255,-73.79108843407084,"(40.705889184944255, -73.79108843407084)"
60390796,02/22/2024 12:37:47 PM,02/28/2024 01:38:26 PM,DSNY,Department of Sanitation,Dirty Condition,Dog Waste,Sidewalk,11230,303 WEBSTER AVENUE,WEBSTER AVENUE,OCEAN PARKWAY,EAST    8 STREET,OCEAN PARKWAY,EAST    8 STREET,ADDRESS,BROOKLYN,WEBSTER AVENUE,,Closed,,The Department of Sanitation investigated this complaint and found no violation at the location.,02/28/2024 01:38:29 PM,14 BROOKLYN,3054170045,BROOKLYN,992535,169956,ONLINE,Unspecified,BROOKLYN,,,,,,,,40.63316264793511,-73.9701504698665,"(40.63316264793511, -73.9701504698665)"
60391977,02/22/2024 11:33:57 AM,02/23/2024 01:03:09 PM,DSNY,Department of Sanitation,Dirty Condition,Dog Waste,Sidewalk,11212,205 REMSEN AVENUE,REMSEN AVENUE,EAST   53 STREET,EAST   54 STREET,EAST   53 STREET,EAST   54 STREET,ADDRESS,BROOKLYN,REMSEN AVENUE,,Closed,,The Department of Sanitation investigated this complaint and found no violation at the location.,02/23/2024 01:03:12 PM,17 BROOKLYN,3046090045,BROOKLYN,1004399,179544,ONLINE,Unspecified,BROOKLYN,,,,,,,,40.65946058644238,-73.92737775024045,"(40.65946058644238, -73.92737775024045)"
60391957,02/22/2024 09:45:24 AM,02/22/2024 08:44:17 PM,DSNY,Department of Sanitation,Dirty Condition,Dog Waste,Sidewalk,10027,AMSTERDAM AVENUE,AMSTERDAM AVENUE,AMSTERDAM AVENUE,WEST  120 STREET,AMSTERDAM AVENUE,WEST  120 STREET,INTERSECTION,,,,Closed,,The Department of Sanitation investigated this complaint and found no violation at the location.,02/22/2024 08:44:20 PM,09 MANHATTAN,,MANHATTAN,995540,234144,PHONE,Unspecified,MANHATTAN,,,,,,,,40.8093398080666,-73.95921626658182,"(40.8093398080666, -73.95921626658182)"
60391976,02/22/2024 09:43:20 AM,02/23/2024 01:38:56 PM,DSNY,Department of Sanitation,Dirty Condition,Dog Waste,Street,10457,730 OAKLAND PLACE,OAKLAND PLACE,CLINTON AVENUE,PROSPECT AVENUE,CLINTON AVENUE,PROSPECT AVENUE,ADDRESS,BRONX,OAKLAND PLACE,,Closed,,The Department of Sanitation investigated this complaint and found no condition at the location.,02/23/2024 01:38:58 PM,06 BRONX,2030940003,BRONX,1015163,247803,PHONE,Unspecified,BRONX,,,,,,,,40.84678296263413,-73.88826771409742,"(40.84678296263413, -73.88826771409742)"
60394330,02/22/2024 09:39:51 AM,02/23/2024 01:38:50 PM,DSNY,Department of Sanitation,Dirty Condition,Dog Waste,Sidewalk,10457,730 OAKLAND PLACE,OAKLAND PLACE,CLINTON AVENUE,PROSPECT AVENUE,CLINTON AVENUE,PROSPECT AVENUE,ADDRESS,BRONX,OAKLAND PLACE,,Closed,,The Department of Sanitation investigated this complaint and found no condition at the location.,02/23/2024 01:38:54 PM,06 BRONX,2030940003,BRONX,1015163,247803,PHONE,Unspecified,BRONX,,,,,,,,40.84678296263413,-73.88826771409742,"(40.84678296263413, -73.88826771409742)"
60388407,02/22/2024 09:19:57 AM,02/22/2024 12:39:57 PM,DSNY,Department of Sanitation,Dirty Condition,Dog Waste,Sidewalk,11434,158-16 LINDEN BOULEVARD,LINDEN BOULEVARD,MEYER AVENUE,159 STREET,MEYER AVENUE,159 STREET,ADDRESS,JAMAICA,LINDEN BOULEVARD,,Closed,,The Department of Sanitation investigated this complaint and found no violation at the location.,02/22/2024 12:40:01 PM,12 QUEENS,4121950005,QUEENS,1042749,190033,PHONE,Unspecified,QUEENS,,,,,,,,40.688080134750514,-73.78906367425564,"(40.688080134750514, -73.78906367425564)"
60387305,02/22/2024 09:04:10 AM,02/22/2024 11:22:23 AM,DSNY,Department of Sanitation,Dirty Condition,Dog Waste,Sidewalk,11375,70 AVENUE,70 AVENUE,108 STREET,110 STREET,108 STREET,110 STREET,BLOCKFACE,,,,Closed,,The Department of Sanitation investigated this complaint and found no violation at the location.,02/22/2024 11:22:26 AM,Unspecified QUEENS,,QUEENS,,,PHONE,Unspecified,QUEENS,,,,,,,,,,
60381452,02/21/2024 11:45:29 PM,02/23/2024 01:02:13 PM,DSNY,Department of Sanitation,Dirty Condition,Dog Waste,Sidewalk,11203,948 NEW YORK AVENUE,NEW YORK AVENUE,CHURCH AVENUE,SNYDER AVENUE,CHURCH AVENUE,SNYDER AVENUE,ADDRESS,BROOKLYN,NEW YORK AVENUE,,Closed,,The Department of Sanitation investigated this complaint and found no violation at the location.,02/23/2024 01:02:16 PM,17 BROOKLYN,3048860018,BROOKLYN,999067,176156,ONLINE,Unspecified,BROOKLYN,,,,,,,,40.650171796686024,-73.94660310655372,"(40.650171796686024, -73.94660310655372)"
60380270,02/21/2024 09:09:31 PM,02/22/2024 08:43:29 PM,DSNY,Department of Sanitation,Dirty Condition,Dog Waste,Street,10022,334 EAST   54 STREET,EAST   54 STREET,2 AVENUE,1 AVENUE,2 AVENUE,1 AVENUE,ADDRESS,NEW YORK,EAST   54 STREET,,Closed,,The Department of Sanitation investigated this complaint and found no violation at the location.,02/22/2024 08:43:35 PM,06 MANHATTAN,1013467502,MANHATTAN,993732,215068,ONLINE,Unspecified,MANHATTAN,,,,,,,,40.756983390466715,-73.96577436711821,"(40.756983390466715, -73.96577436711821)"
60383811,02/21/2024 03:44:05 PM,02/28/2024 01:36:57 PM,DSNY,Department of Sanitation,Dirty Condition,Dog Waste,Sidewalk,11214,19 BAY   32 STREET,BAY   32 STREET,86 STREET,BENSON AVENUE,86 STREET,BENSON AVENUE,ADDRESS,BROOKLYN,BAY   32 STREET,,Closed,,The Department of Sanitation investigated this complaint and found no violation at the location.,02/28/2024 01:37:01 PM,11 BROOKLYN,3063830033,BROOKLYN,986231,158060,PHONE,Unspecified,BROOKLYN,,,,,,,,40.60051424717035,-73.99286626390344,"(40.60051424717035, -73.99286626390344)"
60386191,02/21/2024 03:11:55 PM,02/22/2024 11:23:01 AM,DSNY,Department of Sanitation,Dirty Condition,Dog Waste,Sidewalk,11106,14-32 31 AVENUE,31 AVENUE,14 STREET,21 STREET,14 STREET,21 STREET,ADDRESS,ASTORIA,31 AVENUE,,Closed,,The Department of Sanitation investigated this complaint and found no violation at the location.,02/22/2024 11:23:05 AM,01 QUEENS,4005330036,QUEENS,1003359,219020,PHONE,Unspecified,QUEENS,,,,,,,,40.76781504522536,-73.93101412797478,"(40.76781504522536, -73.93101412797478)"
60385032,02/21/2024 03:06:10 PM,02/22/2024 01:08:28 PM,DSNY,Department of Sanitation,Dirty Condition,Dog Waste,Sidewalk,10456,780 ST ANNS AVENUE,ST ANNS AVENUE,EAST  157 STREET,EAST  158 STREET,EAST  157 STREET,EAST  158 STREET,ADDRESS,BRONX,ST ANNS AVENUE,,Closed,,The Department of Sanitation investigated this complaint and issued a Notice of Violation.,02/22/2024 01:08:31 PM,01 BRONX,2026187501,BRONX,1009088,238102,ONLINE,Unspecified,BRONX,,,,,,,,40.82017570516344,-73.9102611640401,"(40.82017570516344, -73.9102611640401)"
60377813,02/21/2024 01:54:38 PM,02/22/2024 11:22:43 AM,DSNY,Department of Sanitation,Dirty Condition,Dog Waste,Sidewalk,11102,26-22 9 STREET,9 STREET,DEAD END,27 AVENUE,DEAD END,27 AVENUE,ADDRESS,ASTORIA,9 STREET,,Closed,,The Department of Sanitation investigated this complaint and found no violation at the location.,02/22/2024 11:22:47 AM,01 QUEENS,4009080038,QUEENS,1003496,221646,PHONE,Unspecified,QUEENS,,,,,,,,40.775022430509374,-73.930512020787,"(40.775022430509374, -73.930512020787)"
60383812,02/21/2024 12:20:44 PM,02/27/2024 09:15:26 PM,DSNY,Department of Sanitation,Dirty Condition,Dog Waste,Sidewalk,11229,2164 EAST   26 STREET,EAST   26 STREET,GRAVESEND NECK ROAD,AVENUE V,GRAVESEND NECK ROAD,AVENUE V,ADDRESS,BROOKLYN,EAST   26 STREET,,Closed,,The Department of Sanitation investigated this complaint and found no violation at the location.,02/27/2024 09:15:29 PM,15 BROOKLYN,3073580034,BROOKLYN,999417,157314,ONLINE,Unspecified,BROOKLYN,,,,,,,,40.5984538716093,-73.94538412744342,"(40.5984538716093, -73.94538412744342)"
60386190,02/21/2024 11:21:59 AM,02/23/2024 09:13:07 PM,DSNY,Department of Sanitation,Dirty Condition,Dog Waste,Sidewalk,11209,7105 NARROWS AVENUE,NARROWS AVENUE,71 STREET,72 STREET,71 STREET,72 STREET,ADDRESS,BROOKLYN,NARROWS AVENUE,,Closed,,The Department of Sanitation investigated this complaint and found no violation at the location.,02/23/2024 09:13:11 PM,10 BROOKLYN,3058880008,BROOKLYN,974602,170984,PHONE,Unspecified,BROOKLYN,,,,,,,,40.63598290965694,-74.03476167046156,"(40.63598290965694, -74.03476167046156)"
60382690,02/21/2024 09:39:51 AM,02/23/2024 09:29:34 PM,DSNY,Department of Sanitation,Dirty Condition,Dog Waste,Sidewalk,11208,37 DINSMORE PLACE,DINSMORE PLACE,LOGAN STREET,RICHMOND STREET,LOGAN STREET,RICHMOND STREET,ADDRESS,BROOKLYN,DINSMORE PLACE,,Closed,,The Department of Sanitation investigated this complaint and found no violation at the location.,02/23/2024 09:29:38 PM,05 BROOKLYN,3041390001,BROOKLYN,1018231,187460,ONLINE,Unspecified,BROOKLYN,,,,,,,,40.68114593610534,-73.8774837625905,"(40.68114593610534, -73.8774837625905)"
60379046,02/21/2024 08:06:21 AM,02/23/2024 09:32:53 PM,DSNY,Department of Sanitation,Dirty Condition,Dog Waste,Sidewalk,11206,89 HART STREET,HART STREET,MARCY AVENUE,TOMPKINS AVENUE,MARCY AVENUE,TOMPKINS AVENUE,ADDRESS,BROOKLYN,HART STREET,,Closed,,The Department of Sanitation investigated this complaint and found no violation at the location.,02/23/2024 09:32:56 PM,03 BROOKLYN,3017670068,BROOKLYN,998692,191861,PHONE,Unspecified,BROOKLYN,,,,,,,,40.6932791138688,-73.94792086716608,"(40.6932791138688, -73.94792086716608)"
60382689,02/21/2024 07:31:08 AM,02/24/2024 09:35:47 PM,DSNY,Department of Sanitation,Dirty Condition,Dog Waste,Sidewalk,11215,135 PROSPECT AVENUE,PROSPECT AVENUE,3 AVENUE,4 AVENUE,3 AVENUE,4 AVENUE,ADDRESS,BROOKLYN,PROSPECT AVENUE,,Closed,,The Department of Sanitation investigated this complaint and found no violation at the location.,02/24/2024 09:35:51 PM,07 BROOKLYN,3010510065,BROOKLYN,985875,182043,ONLINE,Unspecified,BROOKLYN,,,,,,,,40.66634256462465,-73.9941424726644,"(40.66634256462465, -73.9941424726644)"
60376554,02/20/2024 11:54:16 PM,02/23/2024 09:22:25 PM,DSNY,Department of Sanitation,Dirty Condition,Dog Waste,Sidewalk,11225,993 CARROLL STREET,CARROLL STREET,FRANKLIN AVENUE,BEDFORD AVENUE,FRANKLIN AVENUE,BEDFORD AVENUE,ADDRESS,BROOKLYN,CARROLL STREET,,Closed,,The Department of Sanitation investigated this complaint and found no violation at the location.,02/23/2024 09:22:28 PM,09 BROOKLYN,3012800058,BROOKLYN,996072,182548,PHONE,Unspecified,BROOKLYN,,,,,,,,40.66772093344369,-73.9573851557826,"(40.66772093344369, -73.9573851557826)"
60375386,02/20/2024 07:20:52 PM,02/21/2024 01:00:58 PM,DSNY,Department of Sanitation,Dirty Condition,Dog Waste,Sidewalk,10472,1114 LELAND AVENUE SOUNDVIEW,LELAND AVENUE SOUNDVIEW,WATSON AVENUE,GLEASON AVENUE,WATSON AVENUE,GLEASON AVENUE,ADDRESS,BRONX,LELAND AVENUE SOUNDVIEW,,Closed,,The Department of Sanitation investigated this complaint and found no violation at the location.,02/21/2024 01:01:01 PM,09 BRONX,,BRONX,1022150,241693,PHONE,Unspecified,BRONX,,,,,,,,40.82998558203976,-73.86304838881844,"(40.82998558203976, -73.86304838881844)"
60371866,02/20/2024 06:39:22 PM,02/21/2024 01:07:40 PM,DSNY,Department of Sanitation,Dirty Condition,Dog Waste,Sidewalk,10453,111 WEST  183 STREET,WEST  183 STREET,ANDREWS AVENUE NORTH,LORING PLACE NORTH,ANDREWS AVENUE NORTH,LORING PLACE NORTH,ADDRESS,BRONX,WEST  183 STREET,,Closed,,The Department of Sanitation investigated this complaint and found no violation at the location.,02/21/2024 01:07:43 PM,07 BRONX,2032250007,BRONX,1009390,252717,PHONE,Unspecified,BRONX,,,,,,,,40.86028874678129,-73.90911526407626,"(40.86028874678129, -73.90911526407626)"
60373061,02/20/2024 06:12:24 PM,02/21/2024 01:01:56 PM,DSNY,Department of Sanitation,Dirty Condition,Dog Waste,Sidewalk,10460,634 MORRIS PARK AVENUE,MORRIS PARK AVENUE,FILLMORE STREET,UNIONPORT ROAD,FILLMORE STREET,UNIONPORT ROAD,ADDRESS,BRONX,MORRIS PARK AVENUE,,Closed,,The Department of Sanitation investigated this complaint and found no violation at the location.,02/21/2024 01:02:01 PM,11 BRONX,2040300005,BRONX,1020644,247017,PHONE,Unspecified,BRONX,,,,,,,,40.8446047362828,-73.86846142119936,"(40.8446047362828, -73.86846142119936)"
60368298,02/20/2024 04:35:52 PM,02/21/2024 12:59:29 PM,DSNY,Department of Sanitation,Dirty Condition,Dog Waste,Sidewalk,10001,200 WEST   26 STREET,WEST   26 STREET,7 AVENUE,8 AVENUE,7 AVENUE,8 AVENUE,ADDRESS,NEW YORK,WEST   26 STREET,,Closed,,The Department of Sanitation investigated this complaint and issued a Notice of Violation.,02/21/2024 12:59:33 PM,04 MANHATTAN,1007750044,MANHATTAN,985807,211081,ONLINE,Unspecified,MANHATTAN,,,,,,,,40.74604503112243,-73.99438087327071,"(40.74604503112243, -73.99438087327071)"
60375385,02/20/2024 03:48:35 PM,02/21/2024 12:59:00 PM,DSNY,Department of Sanitation,Dirty Condition,Dog Waste,Sidewalk,10452,950 SUMMIT AVENUE,SUMMIT AVENUE,WEST  162 STREET,WEST  164 STREET,WEST  162 STREET,WEST  164 STREET,ADDRESS,BRONX,SUMMIT AVENUE,,Closed,,The Department of Sanitation investigated this complaint and issued a Notice of Violation.,02/21/2024 12:59:03 PM,04 BRONX,2025240033,BRONX,1003411,242478,PHONE,Unspecified,BRONX,,,,,,,,40.83220071380918,-73.93075946196511,"(40.83220071380918, -73.93075946196511)"
60374210,02/20/2024 12:25:54 PM,02/23/2024 09:32:12 PM,DSNY,Department of Sanitation,Dirty Condition,Dog Waste,Sidewalk,11208,106 RIDGEWOOD AVENUE,RIDGEWOOD AVENUE,ELTON STREET,LINWOOD STREET,ELTON STREET,LINWOOD STREET,ADDRESS,BROOKLYN,RIDGEWOOD AVENUE,,Closed,,The Department of Sanitation investigated this complaint and found no violation at the location.,02/23/2024 09:32:16 PM,05 BROOKLYN,3039260024,BROOKLYN,1016152,188052,PHONE,Unspecified,BROOKLYN,,,,,,,,40.682778577026426,-73.88497664735404,"(40.682778577026426, -73.88497664735404)"
60368259,02/20/2024 10:35:29 AM,02/21/2024 12:59:25 PM,DSNY,Department of Sanitation,Dirty Condition,Dog Waste,Street,10455,480 CONCORD AVENUE,CONCORD AVENUE,EAST  145 STREET,EAST  147 STREET,EAST  145 STREET,EAST  147 STREET,ADDRESS,BRONX,CONCORD AVENUE,,Closed,,The Department of Sanitation investigated this complaint and found no violation at the location.,02/21/2024 12:59:28 PM,01 BRONX,2025770038,BRONX,1009493,234831,PHONE,Unspecified,BRONX,,,,,,,,40.8111965828086,-73.90881021676769,"(40.8111965828086, -73.90881021676769)"
60368297,02/20/2024 09:32:11 AM,02/21/2024 12:55:40 PM,DSNY,Department of Sanitation,Dirty Condition,Dog Waste,Sidewalk,11691,249 BEACH   15 STREET,BEACH   15 STREET,HEYSON ROAD,NEW HAVEN AVENUE,HEYSON ROAD,NEW HAVEN AVENUE,ADDRESS,FAR ROCKAWAY,BEACH   15 STREET,,Closed,,The Department of Sanitation investigated this complaint and found no violation at the location.,02/21/2024 12:55:44 PM,14 QUEENS,4156290062,QUEENS,1053933,156887,ONLINE,Unspecified,QUEENS,,,,,,,,40.597020881541596,-73.74907884692875,"(40.597020881541596, -73.74907884692875)"
60360247,02/19/2024 05:53:46 PM,02/24/2024 12:14:47 PM,DSNY,Department of Sanitation,Dirty Condition,Dog Waste,Street,10304,91 COURSEN PLACE,COURSEN PLACE,PLEASANT PLACE,PLEASANT COURT,PLEASANT PLACE,PLEASANT COURT,ADDRESS,STATEN ISLAND,COURSEN PLACE,,Closed,,The Department of Sanitation investigated this complaint and found no violation at the location.,02/24/2024 12:14:49 PM,01 STATEN ISLAND,5005560217,STATEN ISLAND,962009,164946,ONLINE,Unspecified,STATEN ISLAND,,,,,,,,40.61938720849561,-74.08011423887976,"(40.61938720849561, -74.08011423887976)"
60360271,02/19/2024 03:03:55 PM,02/20/2024 12:57:03 PM,DSNY,Department of Sanitation,Dirty Condition,Dog Waste,Sidewalk,10466,3941 LACONIA AVENUE,LACONIA AVENUE,EAST  223 STREET,EAST  224 STREET,EAST  223 STREET,EAST  224 STREET,ADDRESS,BRONX,LACONIA AVENUE,,Closed,,The Department of Sanitation investigated this complaint and found no violation at the location.,02/20/2024 12:57:07 PM,12 BRONX,2048700069,BRONX,1025753,261131,ONLINE,Unspecified,BRONX,,,,,,,,40.88332080272134,-73.84990862682186,"(40.88332080272134, -73.84990862682186)"
60361240,02/19/2024 02:54:46 PM,02/23/2024 09:30:14 PM,DSNY,Department of Sanitation,Dirty Condition,Dog Waste,Sidewalk,11208,208 FOUNTAIN AVENUE,FOUNTAIN AVENUE,GLENMORE AVENUE,PITKIN AVENUE,GLENMORE AVENUE,PITKIN AVENUE,ADDRESS,BROOKLYN,FOUNTAIN AVENUE,,Closed,,The Department of Sanitation investigated this complaint and found no violation at the location.,02/23/2024 09:30:18 PM,05 BROOKLYN,3042090037,BROOKLYN,1018828,185275,PHONE,Unspecified,BROOKLYN,,,,,,,,40.67514629940315,-73.87534253244232,"(40.67514629940315, -73.87534253244232)"
60364257,02/19/2024 02:41:44 PM,02/20/2024 01:13:29 PM,DSNY,Department of Sanitation,Dirty Condition,Dog Waste,Sidewalk,11433,163-22 PHROANE AVENUE,PHROANE AVENUE,GUY R BREWER BOULEVARD,165 STREET,GUY R BREWER BOULEVARD,165 STREET,ADDRESS,JAMAICA,PHROANE AVENUE,,Closed,,The Department of Sanitation investigated this complaint and found no violation at the location.,02/20/2024 01:13:33 PM,12 QUEENS,4102030005,QUEENS,1043510,190857,ONLINE,Unspecified,QUEENS,,,,,,,,40.69033675604574,-73.78631241505562,"(40.69033675604574, -73.78631241505562)"
60362223,02/19/2024 11:39:08 AM,02/20/2024 01:00:59 PM,DSNY,Department of Sanitation,Dirty Condition,Dog Waste,Sidewalk,11429,220-15 101 AVENUE,101 AVENUE,220 STREET,221 STREET,220 STREET,221 STREET,ADDRESS,QUEENS VILLAGE,101 AVENUE,,Closed,,The Department of Sanitation investigated this complaint and found no violation at the location.,02/20/2024 01:01:03 PM,13 QUEENS,4107780040,QUEENS,1058140,199598,ONLINE,Unspecified,QUEENS,,,,,,,,40.714218591010415,-73.7334620035979,"(40.714218591010415, -73.7334620035979)"
60360270,02/19/2024 11:30:05 AM,02/20/2024 01:12:58 PM,DSNY,Department of Sanitation,Dirty Condition,Dog Waste,Sidewalk,11434,158-16 LINDEN BOULEVARD,LINDEN BOULEVARD,MEYER AVENUE,159 STREET,MEYER AVENUE,159 STREET,ADDRESS,JAMAICA,LINDEN BOULEVARD,,Closed,,The Department of Sanitation investigated this complaint and found no violation at the location.,02/20/2024 01:13:01 PM,12 QUEENS,4121950005,QUEENS,1042749,190033,PHONE,Unspecified,QUEENS,,,,,,,,40.688080134750514,-73.78906367425564,"(40.688080134750514, -73.78906367425564)"
60353912,02/19/2024 01:21:59 AM,02/20/2024 01:01:47 PM,DSNY,Department of Sanitation,Dirty Condition,Dog Waste,Sidewalk,10455,BROOK AVENUE,BROOK AVENUE,BROOK AVENUE,EAST  148 STREET,BROOK AVENUE,EAST  148 STREET,INTERSECTION,,,,Closed,,The Department of Sanitation investigated this complaint and found no violation at the location.,02/20/2024 01:01:51 PM,01 BRONX,,BRONX,1007684,235949,PHONE,Unspecified,BRONX,,,,,,,,40.814270163450345,-73.9153412820544,"(40.814270163450345, -73.9153412820544)"
60354818,02/18/2024 05:05:13 PM,02/20/2024 12:59:17 PM,DSNY,Department of Sanitation,Dirty Condition,Dog Waste,Sidewalk,11231,154 DEGRAW STREET,DEGRAW STREET,TIFFANY PLACE,HICKS STREET,TIFFANY PLACE,HICKS STREET,ADDRESS,BROOKLYN,DEGRAW STREET,,Closed,,The Department of Sanitation investigated this complaint and found no violation at the location.,02/20/2024 12:59:21 PM,06 BROOKLYN,,BROOKLYN,983926,188982,ONLINE,Unspecified,BROOKLYN,,,,,,,,40.68538869857334,-74.00116823441465,"(40.68538869857334, -74.00116823441465)"
60353030,02/18/2024 03:57:01 PM,02/28/2024 01:34:27 PM,DSNY,Department of Sanitation,Dirty Condition,Dog Waste,Sidewalk,11237,178 NOLL STREET,NOLL STREET,WILSON AVENUE,FLUSHING AVENUE,WILSON AVENUE,FLUSHING AVENUE,ADDRESS,BROOKLYN,NOLL STREET,,Closed,,The Department of Sanitation investigated this complaint and found no violation at the location.,02/28/2024 01:34:31 PM,04 BROOKLYN,3031550113,BROOKLYN,1003606,195728,ONLINE,Unspecified,BROOKLYN,,,,,,,,40.70388374067743,-73.93018944064862,"(40.70388374067743, -73.93018944064862)"
60359322,02/18/2024 03:11:16 PM,02/20/2024 01:12:34 PM,DSNY,Department of Sanitation,Dirty Condition,Dog Waste,Sidewalk,11436,148-20 115 AVENUE,115 AVENUE,148 STREET,149 STREET,148 STREET,149 STREET,ADDRESS,JAMAICA,115 AVENUE,,Closed,,The Department of Sanitation investigated this complaint and found no violation at the location.,02/20/2024 01:12:38 PM,12 QUEENS,4119930062,QUEENS,1041286,188606,PHONE,Unspecified,QUEENS,,,,,,,,40.68417290588116,-73.79435103568692,"(40.68417290588116, -73.79435103568692)"
60350568,02/17/2024 01:15:56 PM,02/18/2024 04:35:31 AM,DSNY,Department of Sanitation,Dirty Condition,Dog Waste,Sidewalk,10029,206 EAST  111 STREET,EAST  111 STREET,3 AVENUE,2 AVENUE,3 AVENUE,2 AVENUE,ADDRESS,NEW YORK,EAST  111 STREET,,Closed,,The Department of Sanitation investigated this complaint and found no violation at the location.,02/18/2024 04:35:35 AM,11 MANHATTAN,1016600001,MANHATTAN,1000331,228765,ONLINE,Unspecified,MANHATTAN,,,,,,,,40.79456850825306,-73.94192225683489,"(40.79456850825306, -73.94192225683489)"
60347981,02/17/2024 01:06:58 PM,02/17/2024 08:08:06 PM,DSNY,Department of Sanitation,Dirty Condition,Dog Waste,Sidewalk,10312,124 SCRANTON AVENUE,SCRANTON AVENUE,POMPEY AVENUE,LOVELACE AVENUE,POMPEY AVENUE,LOVELACE AVENUE,ADDRESS,STATEN ISLAND,SCRANTON AVENUE,,Closed,,The Department of Sanitation investigated this complaint and found no violation at the location.,02/17/2024 08:08:08 PM,03 STATEN ISLAND,5056390289,STATEN ISLAND,936163,140723,PHONE,Unspecified,STATEN ISLAND,,,,,,,,40.55279744558281,-74.17304149762673,"(40.55279744558281, -74.17304149762673)"
60347155,02/17/2024 10:49:36 AM,02/17/2024 11:36:38 PM,DSNY,Department of Sanitation,Dirty Condition,Dog Waste,Sidewalk,11216,178 MONROE STREET,MONROE STREET,BEDFORD AVENUE,NOSTRAND AVENUE,BEDFORD AVENUE,NOSTRAND AVENUE,ADDRESS,BROOKLYN,MONROE STREET,,Closed,,The Department of Sanitation investigated this complaint and found no violation at the location.,02/17/2024 11:36:43 PM,03 BROOKLYN,3018177502,BROOKLYN,997500,188943,ONLINE,Unspecified,BROOKLYN,,,,,,,,40.685271740927426,-73.9522250629277,"(40.685271740927426, -73.9522250629277)"
60344398,02/16/2024 11:30:48 PM,02/17/2024 11:31:26 PM,DSNY,Department of Sanitation,Dirty Condition,Dog Waste,Sidewalk,11215,137 PROSPECT AVENUE,PROSPECT AVENUE,3 AVENUE,4 AVENUE,3 AVENUE,4 AVENUE,ADDRESS,BROOKLYN,PROSPECT AVENUE,,Closed,,The Department of Sanitation investigated this complaint and found no violation at the location.,02/17/2024 11:31:31 PM,07 BROOKLYN,3010510063,BROOKLYN,985888,182033,ONLINE,Unspecified,BROOKLYN,,,,,,,,40.66631511445204,-73.99409561487549,"(40.66631511445204, -73.99409561487549)"
60338572,02/16/2024 10:22:11 PM,02/17/2024 11:44:14 PM,DSNY,Department of Sanitation,Dirty Condition,Dog Waste,Sidewalk,11226,136 ERASMUS STREET,ERASMUS STREET,LLOYD STREET,NOSTRAND AVENUE,LLOYD STREET,NOSTRAND AVENUE,ADDRESS,BROOKLYN,ERASMUS STREET,,Closed,,The Department of Sanitation investigated this complaint and found no violation at the location.,02/17/2024 11:44:18 PM,17 BROOKLYN,3051080024,BROOKLYN,997853,175990,ONLINE,Unspecified,BROOKLYN,,,,,,,,40.64971811078135,-73.95097840350694,"(40.64971811078135, -73.95097840350694)"
60338571,02/16/2024 09:24:24 PM,02/17/2024 11:40:50 PM,DSNY,Department of Sanitation,Dirty Condition,Dog Waste,Sidewalk,11221,115 STANHOPE STREET,STANHOPE STREET,CENTRAL AVENUE,MYRTLE AVENUE,CENTRAL AVENUE,MYRTLE AVENUE,ADDRESS,BROOKLYN,STANHOPE STREET,,Closed,,The Department of Sanitation investigated this complaint and found no violation at the location.,02/17/2024 11:40:56 PM,04 BROOKLYN,3032550036,BROOKLYN,1005480,193461,ONLINE,Unspecified,BROOKLYN,,,,,,,,40.6976570607048,-73.92343770471801,"(40.6976570607048, -73.92343770471801)"
60339733,02/16/2024 04:58:31 PM,02/17/2024 09:18:28 PM,DSNY,Department of Sanitation,Dirty Condition,Dog Waste,Sidewalk,11385,1881 CORNELIA STREET,CORNELIA STREET,ONDERDONK AVENUE,WOODWARD AVENUE,ONDERDONK AVENUE,WOODWARD AVENUE,ADDRESS,RIDGEWOOD,CORNELIA STREET,,Closed,,The Department of Sanitation investigated this complaint and found no violation at the location.,02/17/2024 09:18:32 PM,05 QUEENS,4034720044,QUEENS,1011110,195281,ONLINE,Unspecified,QUEENS,,,,,,,,40.70263723503452,-73.90312684712809,"(40.70263723503452, -73.90312684712809)"
60338570,02/16/2024 03:16:42 PM,02/17/2024 08:07:28 PM,DSNY,Department of Sanitation,Dirty Condition,Dog Waste,Sidewalk,10314,100 JULES DRIVE,JULES DRIVE,COMSTOCK AVENUE,ARLENE COURT,COMSTOCK AVENUE,ARLENE COURT,ADDRESS,STATEN ISLAND,JULES DRIVE,,Closed,,The Department of Sanitation investigated this complaint and found no violation at the location.,02/17/2024 08:07:31 PM,01 STATEN ISLAND,5016460069,STATEN ISLAND,940046,164847,ONLINE,Unspecified,STATEN ISLAND,,,,,,,,40.619033117985886,-74.1592263156198,"(40.619033117985886, -74.1592263156198)"
60345529,02/16/2024 01:57:15 PM,02/18/2024 12:08:54 PM,DSNY,Department of Sanitation,Dirty Condition,Dog Waste,Sidewalk,11434,115-48 MARSDEN STREET,MARSDEN STREET,115 AVENUE,116 AVENUE,115 AVENUE,116 AVENUE,ADDRESS,JAMAICA,MARSDEN STREET,,Closed,,The Department of Sanitation investigated this complaint and found no violation at the location.,02/18/2024 12:08:57 PM,12 QUEENS,4123350092,QUEENS,1044367,189585,PHONE,Unspecified,QUEENS,,,,,,,,40.686839639237384,-73.78323349332449,"(40.686839639237384, -73.78323349332449)"
60342066,02/16/2024 01:28:00 PM,02/17/2024 11:38:01 PM,DSNY,Department of Sanitation,Dirty Condition,Dog Waste,Sidewalk,11222,85 INDIA STREET,INDIA STREET,FRANKLIN STREET,MANHATTAN AVENUE,FRANKLIN STREET,MANHATTAN AVENUE,ADDRESS,BROOKLYN,INDIA STREET,,Closed,,The Department of Sanitation investigated this complaint and found no violation at the location.,02/17/2024 11:38:05 PM,01 BROOKLYN,3025320071,BROOKLYN,996224,206013,PHONE,Unspecified,BROOKLYN,,,,,,,,40.732126660495204,-73.95679552191466,"(40.732126660495204, -73.95679552191466)"
60344399,02/16/2024 12:37:36 PM,02/17/2024 11:43:13 PM,DSNY,Department of Sanitation,Dirty Condition,Dog Waste,Sidewalk,11234,2512 EAST   63 STREET,EAST   63 STREET,BASSETT WALK,MAYFAIR DRIVE SOUTH,BASSETT WALK,MAYFAIR DRIVE SOUTH,ADDRESS,BROOKLYN,EAST   63 STREET,,Closed,,The Department of Sanitation investigated this complaint and found no violation at the location.,02/17/2024 11:43:16 PM,18 BROOKLYN,3086520025,BROOKLYN,1009244,161583,PHONE,Unspecified,BROOKLYN,,,,,,,,40.610149134836675,-73.90998164340493,"(40.610149134836675, -73.90998164340493)"
60339718,02/16/2024 10:44:52 AM,02/16/2024 08:30:11 PM,DSNY,Department of Sanitation,Dirty Condition,Dog Waste,Street,10032,RIVERSIDE DRIVE,RIVERSIDE DRIVE,RIVERSIDE DRIVE,WEST  162 STREET,RIVERSIDE DRIVE,WEST  162 STREET,INTERSECTION,,,,Closed,,The Department of Sanitation investigated this complaint and found no violation at the location.,02/16/2024 08:30:14 PM,12 MANHATTAN,,MANHATTAN,999232,244792,PHONE,Unspecified,MANHATTAN,,,,,,,,40.838560051668395,-73.94585559942595,"(40.838560051668395, -73.94585559942595)"
60339717,02/16/2024 09:14:45 AM,02/16/2024 09:23:49 PM,DSNY,Department of Sanitation,Dirty Condition,Dog Waste,Sidewalk,11226,136 ERASMUS STREET,ERASMUS STREET,LLOYD STREET,NOSTRAND AVENUE,LLOYD STREET,NOSTRAND AVENUE,ADDRESS,BROOKLYN,ERASMUS STREET,,Closed,,The Department of Sanitation investigated this complaint and found no violation at the location.,02/16/2024 09:23:51 PM,17 BROOKLYN,3051080024,BROOKLYN,997853,175990,ONLINE,Unspecified,BROOKLYN,,,,,,,,40.64971811078135,-73.95097840350694,"(40.64971811078135, -73.95097840350694)"
60340870,02/16/2024 09:08:17 AM,02/18/2024 12:22:23 PM,DSNY,Department of Sanitation,Dirty Condition,Dog Waste,Street,11365,59-24 PARSONS BOULEVARD,PARSONS BOULEVARD,59 AVENUE,HORACE HARDING EXPRESSWAY,59 AVENUE,HORACE HARDING EXPRESSWAY,ADDRESS,FRESH MEADOWS,PARSONS BOULEVARD,,Closed,,The Department of Sanitation investigated this complaint and found no violation at the location.,02/18/2024 12:22:27 PM,07 QUEENS,4067350046,QUEENS,1036818,208886,ONLINE,Unspecified,QUEENS,,,,,,,,40.739864210488456,-73.81030245182686,"(40.739864210488456, -73.81030245182686)"
60338558,02/16/2024 08:53:49 AM,02/16/2024 09:36:35 PM,DSNY,Department of Sanitation,Dirty Condition,Dog Waste,Sidewalk,11220,645 47 STREET,47 STREET,6 AVENUE,7 AVENUE,6 AVENUE,7 AVENUE,ADDRESS,BROOKLYN,47 STREET,,Closed,,The Department of Sanitation investigated this complaint and found no violation at the location.,02/16/2024 09:36:38 PM,07 BROOKLYN,3007580060,BROOKLYN,982769,174211,ONLINE,Unspecified,BROOKLYN,,,,,,,,40.64484546413247,-74.00533674033534,"(40.64484546413247, -74.00533674033534)"
60343223,02/16/2024 08:52:10 AM,02/16/2024 09:35:50 PM,DSNY,Department of Sanitation,Dirty Condition,Dog Waste,Sidewalk,11220,665 47 STREET,47 STREET,6 AVENUE,7 AVENUE,6 AVENUE,7 AVENUE,ADDRESS,BROOKLYN,47 STREET,,Closed,,The Department of Sanitation investigated this complaint and found no violation at the location.,02/16/2024 09:35:54 PM,07 BROOKLYN,3007580051,BROOKLYN,982856,174142,ONLINE,Unspecified,BROOKLYN,,,,,,,,40.64465608812253,-74.00502322411359,"(40.64465608812253, -74.00502322411359)"
60344381,02/16/2024 08:50:24 AM,02/16/2024 09:35:12 PM,DSNY,Department of Sanitation,Dirty Condition,Dog Waste,Sidewalk,11220,473C 47 STREET,47 STREET,4 AVENUE,5 AVENUE,4 AVENUE,5 AVENUE,ADDRESS,BROOKLYN,47 STREET,,Closed,,The Department of Sanitation investigated this complaint and found no violation at the location.,02/16/2024 09:35:16 PM,07 BROOKLYN,,BROOKLYN,981669,175084,ONLINE,Unspecified,BROOKLYN,,,,,,,,40.64724140839547,-74.0093008922694,"(40.64724140839547, -74.0093008922694)"
60338559,02/16/2024 08:45:21 AM,02/16/2024 09:39:58 PM,DSNY,Department of Sanitation,Dirty Condition,Dog Waste,Sidewalk,11220,4617 6 AVENUE,6 AVENUE,46 STREET,47 STREET,46 STREET,47 STREET,ADDRESS,BROOKLYN,6 AVENUE,,Closed,,The Department of Sanitation investigated this complaint and found no violation at the location.,02/16/2024 09:40:01 PM,07 BROOKLYN,3007580004,BROOKLYN,982605,174582,ONLINE,Unspecified,BROOKLYN,,,,,,,,40.64586375017245,-74.00592780002238,"(40.64586375017245, -74.00592780002238)"
60344397,02/16/2024 08:44:44 AM,02/17/2024 11:03:31 PM,DSNY,Department of Sanitation,Dirty Condition,Dog Waste,Sidewalk,11369,98-02 32 AVENUE,32 AVENUE,98 STREET,99 STREET,98 STREET,99 STREET,ADDRESS,EAST ELMHURST,32 AVENUE,,Closed,,The Department of Sanitation investigated this complaint and found no violation at the location.,02/17/2024 11:03:35 PM,03 QUEENS,4014280001,QUEENS,1020100,215824,ONLINE,Unspecified,QUEENS,,,,,,,,40.75899081999454,-73.87059414335226,"(40.75899081999454, -73.87059414335226)"
60342055,02/16/2024 08:43:19 AM,02/16/2024 09:37:11 PM,DSNY,Department of Sanitation,Dirty Condition,Dog Waste,Sidewalk,11220,412 46 STREET,46 STREET,4 AVENUE,5 AVENUE,4 AVENUE,5 AVENUE,ADDRESS,BROOKLYN,46 STREET,,Closed,,The Department of Sanitation investigated this complaint and found no violation at the location.,02/16/2024 09:37:14 PM,07 BROOKLYN,3007560010,BROOKLYN,981567,175487,ONLINE,Unspecified,BROOKLYN,,,,,,,,40.64834752585608,-74.00966861978635,"(40.64834752585608, -74.00966861978635)"
60338560,02/16/2024 08:41:12 AM,02/16/2024 09:37:48 PM,DSNY,Department of Sanitation,Dirty Condition,Dog Waste,Sidewalk,11220,416 46 STREET,46 STREET,4 AVENUE,5 AVENUE,4 AVENUE,5 AVENUE,ADDRESS,BROOKLYN,46 STREET,,Closed,,The Department of Sanitation investigated this complaint and found no violation at the location.,02/16/2024 09:37:51 PM,07 BROOKLYN,3007560012,BROOKLYN,981584,175473,ONLINE,Unspecified,BROOKLYN,,,,,,,,40.64830910402251,-74.00960735203351,"(40.64830910402251, -74.00960735203351)"
60343224,02/16/2024 08:38:20 AM,02/16/2024 09:38:36 PM,DSNY,Department of Sanitation,Dirty Condition,Dog Waste,Sidewalk,11220,626 46 STREET,46 STREET,6 AVENUE,7 AVENUE,6 AVENUE,7 AVENUE,ADDRESS,BROOKLYN,46 STREET,,Closed,,The Department of Sanitation investigated this complaint and found no violation at the location.,02/16/2024 09:38:39 PM,07 BROOKLYN,3007580020,BROOKLYN,982848,174473,ONLINE,Unspecified,BROOKLYN,,,,,,,,40.645564610495086,-74.00505212058945,"(40.645564610495086, -74.00505212058945)"
60345508,02/16/2024 07:33:14 AM,02/16/2024 09:39:25 PM,DSNY,Department of Sanitation,Dirty Condition,Dog Waste,Sidewalk,11220,672 46 STREET,46 STREET,6 AVENUE,7 AVENUE,6 AVENUE,7 AVENUE,ADDRESS,BROOKLYN,46 STREET,,Closed,,The Department of Sanitation investigated this complaint and found no violation at the location.,02/16/2024 09:39:28 PM,07 BROOKLYN,3007580037,BROOKLYN,983049,174314,ONLINE,Unspecified,BROOKLYN,,,,,,,,40.64512821932549,-74.00432778683515,"(40.64512821932549, -74.00432778683515)"
60335199,02/15/2024 09:43:27 PM,02/16/2024 12:44:34 AM,DSNY,Department of Sanitation,Dirty Condition,Dog Waste,Sidewalk,11230,299 WEBSTER AVENUE,WEBSTER AVENUE,OCEAN PARKWAY,EAST    8 STREET,OCEAN PARKWAY,EAST    8 STREET,ADDRESS,BROOKLYN,WEBSTER AVENUE,,Closed,,The Department of Sanitation investigated this complaint and found no violation at the location.,02/16/2024 12:44:38 AM,14 BROOKLYN,3054170049,BROOKLYN,992512,169942,ONLINE,Unspecified,BROOKLYN,,,,,,,,40.633124242387474,-73.97023335232221,"(40.633124242387474, -73.97023335232221)"
60334083,02/15/2024 08:31:33 PM,02/16/2024 01:07:05 PM,DSNY,Department of Sanitation,Dirty Condition,Dog Waste,Sidewalk,10011,62 11 AVENUE,11 AVENUE,WEST   16 STREET,WEST   17 STREET,WEST   16 STREET,WEST   17 STREET,ADDRESS,NEW YORK,11 AVENUE,,Closed,,The Department of Sanitation investigated this complaint and found no violation at the location.,02/16/2024 01:07:08 PM,04 MANHATTAN,1006887501,MANHATTAN,981935,210555,PHONE,Unspecified,MANHATTAN,,,,,,,,40.7446011269393,-74.00835452566642,"(40.7446011269393, -74.00835452566642)"
60336318,02/15/2024 06:48:10 PM,02/18/2024 02:27:10 PM,DSNY,Department of Sanitation,Dirty Condition,Dog Waste,Sidewalk,11375,110-01 63 DRIVE,63 DRIVE,110 STREET,GRAND CENTRAL PARKWAY,110 STREET,GRAND CENTRAL PARKWAY,ADDRESS,FOREST HILLS,63 DRIVE,,Closed,,The Department of Sanitation investigated this complaint and found no violation at the location.,02/18/2024 02:27:12 PM,06 QUEENS,4021820101,QUEENS,1026498,206848,PHONE,Unspecified,QUEENS,,,,,,,,40.734325733243175,-73.8475560483165,"(40.734325733243175, -73.8475560483165)"
60329503,02/15/2024 10:34:02 AM,02/15/2024 10:00:59 PM,DSNY,Department of Sanitation,Dirty Condition,Dog Waste,Sidewalk,10011,31 WEST   12 STREET,WEST   12 STREET,5 AVENUE,AVENUE OF THE AMERICAS,5 AVENUE,AVENUE OF THE AMERICAS,ADDRESS,NEW YORK,WEST   12 STREET,,Closed,,The Department of Sanitation investigated this complaint and found no violation at the location.,02/15/2024 10:01:03 PM,02 MANHATTAN,1005760056,MANHATTAN,985445,207111,ONLINE,Unspecified,MANHATTAN,,,,,,,,40.73514842463525,-73.99568801648377,"(40.73514842463525, -73.99568801648377)"
60323820,02/14/2024 11:22:55 AM,02/16/2024 12:43:44 AM,DSNY,Department of Sanitation,Dirty Condition,Dog Waste,Sidewalk,11226,2175 CATON AVENUE,CATON AVENUE,FLATBUSH AVENUE,BEDFORD AVENUE,FLATBUSH AVENUE,BEDFORD AVENUE,ADDRESS,BROOKLYN,CATON AVENUE,,Closed,,The Department of Sanitation investigated this complaint and found no violation at the location.,02/16/2024 12:43:48 AM,14 BROOKLYN,,BROOKLYN,995904,177186,ONLINE,Unspecified,BROOKLYN,,,,,,,,40.65300364952807,-73.9580000137862,"(40.65300364952807, -73.9580000137862)"
60327159,02/14/2024 08:58:32 AM,02/21/2024 12:59:08 PM,DSNY,Department of Sanitation,Dirty Condition,Dog Waste,Sidewalk,11364,217-22 73 AVENUE,73 AVENUE,217 STREET,218 STREET,217 STREET,218 STREET,ADDRESS,OAKLAND GARDENS,73 AVENUE,,Closed,,The Department of Sanitation investigated this complaint and found no violation at the location.,02/21/2024 12:59:11 PM,11 QUEENS,4077390003,QUEENS,1051565,209406,ONLINE,Unspecified,QUEENS,,,,,,,,40.74119152554777,-73.75708128075988,"(40.74119152554777, -73.75708128075988)"
60327160,02/14/2024 08:34:10 AM,02/15/2024 11:17:04 PM,DSNY,Department of Sanitation,Dirty Condition,Dog Waste,Sidewalk,11235,2803 BRIGHTON    8 STREET,BRIGHTON    8 STREET,BRIGHTON    8 COURT,NEPTUNE AVENUE,BRIGHTON    8 COURT,NEPTUNE AVENUE,ADDRESS,BROOKLYN,BRIGHTON    8 STREET,,Closed,,The Department of Sanitation investigated this complaint and found no violation at the location.,02/15/2024 11:17:09 PM,13 BROOKLYN,3072640026,BROOKLYN,995046,151445,PHONE,Unspecified,BROOKLYN,,,,,,,,40.582351044965684,-73.96113333060067,"(40.582351044965684, -73.96113333060067)"
60311815,02/13/2024 05:58:35 PM,02/14/2024 02:43:56 PM,DSNY,Department of Sanitation,Dirty Condition,Dog Waste,Sidewalk,10460,1806 VYSE AVENUE,VYSE AVENUE,EAST  174 STREET,BOSTON ROAD,EAST  174 STREET,BOSTON ROAD,ADDRESS,BRONX,VYSE AVENUE,,Closed,,The Department of Sanitation investigated this complaint and found no violation at the location.,02/14/2024 02:44:02 PM,03 BRONX,2029980018,BRONX,1015962,244500,PHONE,Unspecified,BRONX,,,,,,,,40.83771436714237,-73.88539542214933,"(40.83771436714237, -73.88539542214933)"
60318193,02/13/2024 11:16:29 AM,02/14/2024 02:00:08 PM,DSNY,Department of Sanitation,Dirty Condition,Dog Waste,Sidewalk,11433,106-61 UNION HALL STREET,UNION HALL STREET,TUSKEGEE AIRMEN WAY,107 AVENUE,TUSKEGEE AIRMEN WAY,107 AVENUE,ADDRESS,JAMAICA,UNION HALL STREET,,Closed,,The Department of Sanitation investigated this complaint and found no violation at the location.,02/14/2024 02:00:12 PM,12 QUEENS,4101290039,QUEENS,1041425,193807,ONLINE,Unspecified,QUEENS,,,,,,,,40.698447514950736,-73.79380571745448,"(40.698447514950736, -73.79380571745448)"
60314346,02/12/2024 09:01:20 PM,02/14/2024 02:14:40 PM,DSNY,Department of Sanitation,Dirty Condition,Dog Waste,Street,11432,84-62 151 STREET,151 STREET,84 DRIVE,85 AVENUE,84 DRIVE,85 AVENUE,ADDRESS,JAMAICA,151 STREET,,Closed,,The Department of Sanitation investigated this complaint and found no violation at the location.,02/14/2024 02:14:44 PM,08 QUEENS,4097440010,QUEENS,1037332,198792,PHONE,Unspecified,QUEENS,,,,,,,,40.71215563082343,-73.80852725032717,"(40.71215563082343, -73.80852725032717)"
60305227,02/12/2024 02:14:46 PM,02/13/2024 11:55:19 AM,DSNY,Department of Sanitation,Dirty Condition,Dog Waste,Sidewalk,10471,208 LAKEVIEW PLACE,LAKEVIEW PLACE,BROADWAY,POST ROAD,BROADWAY,POST ROAD,ADDRESS,BRONX,LAKEVIEW PLACE,,Closed,,The Department of Sanitation investigated this complaint and found no violation at the location.,02/13/2024 11:55:22 AM,08 BRONX,2058343031,BRONX,1012571,266659,ONLINE,Unspecified,BRONX,,,,,,,,40.89854555242189,-73.89755655426298,"(40.89854555242189, -73.89755655426298)"
60303396,02/12/2024 01:50:50 PM,02/14/2024 02:04:12 PM,DSNY,Department of Sanitation,Dirty Condition,Dog Waste,Sidewalk,11377,60-10 47 AVENUE,47 AVENUE,60 STREET,61 STREET,60 STREET,61 STREET,ADDRESS,WOODSIDE,47 AVENUE,,Closed,,The Department of Sanitation investigated this complaint and found no violation at the location.,02/14/2024 02:04:15 PM,02 QUEENS,4023220001,QUEENS,1010762,208861,ONLINE,Unspecified,QUEENS,,,,,,,,40.73991208408455,-73.9043284492515,"(40.73991208408455, -73.9043284492515)"
60303397,02/12/2024 01:14:29 PM,02/15/2024 12:25:37 PM,DSNY,Department of Sanitation,Dirty Condition,Dog Waste,Sidewalk,11435,147-25 94 AVENUE,94 AVENUE,SUTPHIN BOULEVARD,148 STREET,SUTPHIN BOULEVARD,148 STREET,ADDRESS,JAMAICA,94 AVENUE,,Closed,,The Department of Sanitation investigated this complaint and found no violation at the location.,02/15/2024 12:25:41 PM,12 QUEENS,4099987502,QUEENS,1037925,194081,ONLINE,Unspecified,QUEENS,,,,,,,,40.69922150012847,-73.80642579116335,"(40.69922150012847, -73.80642579116335)"
60307061,02/12/2024 01:05:37 PM,02/15/2024 12:25:33 PM,DSNY,Department of Sanitation,Dirty Condition,Dog Waste,Sidewalk,11435,147-25 94 AVENUE,94 AVENUE,SUTPHIN BOULEVARD,148 STREET,SUTPHIN BOULEVARD,148 STREET,ADDRESS,JAMAICA,94 AVENUE,,Closed,,The Department of Sanitation investigated this complaint and found no violation at the location.,02/15/2024 12:25:36 PM,12 QUEENS,4099987502,QUEENS,1037925,194081,ONLINE,Unspecified,QUEENS,,,,,,,,40.69922150012847,-73.80642579116335,"(40.69922150012847, -73.80642579116335)"
60304316,02/12/2024 11:40:05 AM,02/16/2024 09:21:59 PM,DSNY,Department of Sanitation,Dirty Condition,Dog Waste,Sidewalk,11208,735 LINCOLN AVENUE,LINCOLN AVENUE,BLAKE AVENUE,DUMONT AVENUE,BLAKE AVENUE,DUMONT AVENUE,ADDRESS,BROOKLYN,LINCOLN AVENUE,,Closed,,The Department of Sanitation investigated this complaint and found no violation at the location.,02/16/2024 09:22:02 PM,05 BROOKLYN,3042719001,BROOKLYN,1021411,183791,PHONE,Unspecified,BROOKLYN,,,,,,,,40.67106259123944,-73.86603873092076,"(40.67106259123944, -73.86603873092076)"
60303395,02/12/2024 11:10:03 AM,02/13/2024 11:54:19 AM,DSNY,Department of Sanitation,Dirty Condition,Dog Waste,Sidewalk,10459,FREEMAN STREET,FREEMAN STREET,VYSE AVENUE,BRYANT AVENUE,VYSE AVENUE,BRYANT AVENUE,BLOCKFACE,,,,Closed,,The Department of Sanitation investigated this complaint and found no violation at the location.,02/13/2024 11:54:22 AM,Unspecified BRONX,,BRONX,,,UNKNOWN,Unspecified,BRONX,,,,,,,,,,
60303394,02/12/2024 08:12:51 AM,02/16/2024 12:34:25 AM,DSNY,Department of Sanitation,Dirty Condition,Dog Waste,Sidewalk,11219,923 64 STREET,64 STREET,9 AVENUE,FORT HAMILTON PARKWAY,9 AVENUE,FORT HAMILTON PARKWAY,ADDRESS,BROOKLYN,64 STREET,,Closed,,The Department of Sanitation investigated this complaint and found no violation at the location.,02/16/2024 12:34:28 AM,10 BROOKLYN,3057360036,BROOKLYN,981709,169380,ONLINE,Unspecified,BROOKLYN,,,,,,,,40.631585159990756,-74.0091546001075,"(40.631585159990756, -74.0091546001075)"
60299857,02/11/2024 03:02:43 PM,02/15/2024 11:07:58 PM,DSNY,Department of Sanitation,Dirty Condition,Dog Waste,Sidewalk,11229,1718 EAST   26 STREET,EAST   26 STREET,QUENTIN ROAD,AVENUE R,QUENTIN ROAD,AVENUE R,ADDRESS,BROOKLYN,EAST   26 STREET,,Closed,,The Department of Sanitation investigated this complaint and found no violation at the location.,02/15/2024 11:08:04 PM,15 BROOKLYN,3068080013,BROOKLYN,998873,161065,ONLINE,Unspecified,BROOKLYN,,,,,,,,40.60875051531755,-73.94733493243467,"(40.60875051531755, -73.94733493243467)"
60296160,02/11/2024 02:10:13 PM,02/16/2024 12:14:26 AM,DSNY,Department of Sanitation,Dirty Condition,Dog Waste,Sidewalk,11225,881 WASHINGTON AVENUE,WASHINGTON AVENUE,CARROLL STREET,CROWN STREET,CARROLL STREET,CROWN STREET,ADDRESS,BROOKLYN,WASHINGTON AVENUE,,Closed,,The Department of Sanitation investigated this complaint and found no violation at the location.,02/16/2024 12:14:32 AM,09 BROOKLYN,3011890007,BROOKLYN,994804,182838,PHONE,Unspecified,BROOKLYN,,,,,,,,40.66851852109021,-73.96195546942704,"(40.66851852109021, -73.96195546942704)"
60296161,02/11/2024 02:07:39 PM,02/16/2024 12:14:22 AM,DSNY,Department of Sanitation,Dirty Condition,Dog Waste,Sidewalk,11225,881 WASHINGTON AVENUE,WASHINGTON AVENUE,CARROLL STREET,CROWN STREET,CARROLL STREET,CROWN STREET,ADDRESS,BROOKLYN,WASHINGTON AVENUE,,Closed,,The Department of Sanitation investigated this complaint and found no violation at the location.,02/16/2024 12:14:26 AM,09 BROOKLYN,3011890007,BROOKLYN,994804,182838,PHONE,Unspecified,BROOKLYN,,,,,,,,40.66851852109021,-73.96195546942704,"(40.66851852109021, -73.96195546942704)"
60294312,02/11/2024 11:45:31 AM,02/12/2024 11:27:21 AM,DSNY,Department of Sanitation,Dirty Condition,Dog Waste,Sidewalk,11358,192-12 STATION ROAD,STATION ROAD,192 STREET,193 STREET,192 STREET,193 STREET,ADDRESS,FLUSHING,STATION ROAD,,Closed,,The Department of Sanitation investigated this complaint and found no violation at the location.,02/12/2024 11:27:23 AM,11 QUEENS,,QUEENS,1042523,216623,ONLINE,Unspecified,QUEENS,,,,,,,,40.761064510387314,-73.78964834689586,"(40.761064510387314, -73.78964834689586)"
60299856,02/11/2024 11:44:28 AM,02/12/2024 01:10:53 PM,DSNY,Department of Sanitation,Dirty Condition,Dog Waste,Street,10474,710 HUNTS POINT AVENUE,HUNTS POINT AVENUE,SPOFFORD AVENUE,FAILE STREET,SPOFFORD AVENUE,FAILE STREET,ADDRESS,BRONX,HUNTS POINT AVENUE,,Closed,,The Department of Sanitation investigated this complaint and found no violation at the location.,02/12/2024 01:10:56 PM,02 BRONX,2027630248,BRONX,1015724,236225,PHONE,Unspecified,BRONX,,,,,,,,40.815002719791444,-73.88629435215104,"(40.815002719791444, -73.88629435215104)"
60294314,02/11/2024 11:35:08 AM,02/12/2024 01:08:34 PM,DSNY,Department of Sanitation,Dirty Condition,Dog Waste,Sidewalk,11412,189-09 119 AVENUE,119 AVENUE,189 STREET,190 STREET,189 STREET,190 STREET,ADDRESS,SAINT ALBANS,119 AVENUE,,Closed,,The Department of Sanitation investigated this complaint and found no violation at the location.,02/12/2024 01:08:38 PM,12 QUEENS,4126040041,QUEENS,1050664,190289,ONLINE,Unspecified,QUEENS,,,,,,,,40.68872694033185,-73.76052129194932,"(40.68872694033185, -73.76052129194932)"
60298967,02/11/2024 10:45:30 AM,02/12/2024 01:09:23 PM,DSNY,Department of Sanitation,Dirty Condition,Dog Waste,Sidewalk,11434,159-03 137 AVENUE,137 AVENUE,159 STREET,160 STREET,159 STREET,160 STREET,ADDRESS,JAMAICA,137 AVENUE,,Closed,,The Department of Sanitation investigated this complaint and found no violation at the location.,02/12/2024 01:09:26 PM,12 QUEENS,4122980042,QUEENS,1046156,183739,PHONE,Unspecified,QUEENS,,,,,,,,40.6707814129178,-73.77683654636334,"(40.6707814129178, -73.77683654636334)"
60294313,02/11/2024 10:25:26 AM,02/12/2024 12:05:41 PM,DSNY,Department of Sanitation,Dirty Condition,Dog Waste,Sidewalk,10128,321 EAST   90 STREET,EAST   90 STREET,2 AVENUE,1 AVENUE,2 AVENUE,1 AVENUE,ADDRESS,NEW YORK,EAST   90 STREET,,Closed,,The Department of Sanitation investigated this complaint and found no condition at the location.,02/12/2024 12:05:44 PM,08 MANHATTAN,1015530013,MANHATTAN,998324,223511,ONLINE,Unspecified,MANHATTAN,,,,,,,,40.78015111115836,-73.94918169501969,"(40.78015111115836, -73.94918169501969)"
60287164,02/10/2024 08:09:24 PM,02/12/2024 01:37:59 PM,DSNY,Department of Sanitation,Dirty Condition,Dog Waste,Sidewalk,10458,2755 VALENTINE AVENUE,VALENTINE AVENUE,EAST  196 STREET,MIRIAM STREET,EAST  196 STREET,MIRIAM STREET,ADDRESS,BRONX,VALENTINE AVENUE,,Closed,,The Department of Sanitation investigated this complaint and issued a Notice of Violation.,02/12/2024 01:38:03 PM,07 BRONX,2033040080,BRONX,1014232,255414,PHONE,Unspecified,BRONX,,,,,,,,40.86767607347975,-73.89159868457222,"(40.86767607347975, -73.89159868457222)"
60287163,02/10/2024 06:26:23 PM,02/14/2024 01:21:25 PM,DSNY,Department of Sanitation,Dirty Condition,Dog Waste,Sidewalk,10069,100 RIVERSIDE BOULEVARD,RIVERSIDE BOULEVARD,WEST   64 STREET,WEST   65 STREET,WEST   64 STREET,WEST   65 STREET,ADDRESS,NEW YORK,RIVERSIDE BOULEVARD,,Closed,,The Department of Sanitation investigated this complaint and found no violation at the location.,02/14/2024 01:21:28 PM,07 MANHATTAN,1011717505,MANHATTAN,987097,221997,ONLINE,Unspecified,MANHATTAN,,,,,,,,40.7760063270789,-73.98972071186016,"(40.7760063270789, -73.98972071186016)"
60290294,02/10/2024 05:27:01 PM,02/12/2024 11:28:40 AM,DSNY,Department of Sanitation,Dirty Condition,Dog Waste,Sidewalk,11375,93-03 71 AVENUE,71 AVENUE,NANSEN STREET,MANSE STREET,NANSEN STREET,MANSE STREET,ADDRESS,FOREST HILLS,71 AVENUE,,Closed,,The Department of Sanitation investigated this complaint and found no violation at the location.,02/12/2024 11:28:43 AM,06 QUEENS,4032220041,QUEENS,1025758,198524,ONLINE,Unspecified,QUEENS,,,,,,,,40.711481904581476,-73.85027753092237,"(40.711481904581476, -73.85027753092237)"
60286135,02/10/2024 01:42:04 PM,02/12/2024 11:29:29 AM,DSNY,Department of Sanitation,Dirty Condition,Dog Waste,Street,11364,227-15 64 AVENUE,64 AVENUE,CLOVERDALE BOULEVARD,228 STREET,CLOVERDALE BOULEVARD,228 STREET,ADDRESS,OAKLAND GARDENS,64 AVENUE,,Closed,,The Department of Sanitation investigated this complaint and found no violation at the location.,02/12/2024 11:29:33 AM,11 QUEENS,4076500025,QUEENS,1053460,212210,ONLINE,Unspecified,QUEENS,,,,,,,,40.74887314530661,-73.75021400290872,"(40.74887314530661, -73.75021400290872)"
60288224,02/10/2024 01:40:44 PM,02/12/2024 01:38:54 PM,DSNY,Department of Sanitation,Dirty Condition,Dog Waste,Sidewalk,10471,211 LAKEVIEW PLACE,LAKEVIEW PLACE,BROADWAY,POST ROAD,BROADWAY,POST ROAD,ADDRESS,BRONX,LAKEVIEW PLACE,,Closed,,The Department of Sanitation investigated this complaint and found no violation at the location.,02/12/2024 01:38:58 PM,08 BRONX,2058353037,BRONX,1012552,266663,ONLINE,Unspecified,BRONX,,,,,,,,40.898556592101016,-73.89762526457667,"(40.898556592101016, -73.89762526457667)"
60290293,02/10/2024 12:46:16 PM,02/15/2024 11:57:14 PM,DSNY,Department of Sanitation,Dirty Condition,Dog Waste,Sidewalk,10301,16 FOX HUNT COURT,FOX HUNT COURT,CLOVE ROAD,BEND,CLOVE ROAD,BEND,ADDRESS,STATEN ISLAND,FOX HUNT COURT,,Closed,,The Department of Sanitation investigated this complaint and found no violation at the location.,02/15/2024 11:57:18 PM,01 STATEN ISLAND,5002450094,STATEN ISLAND,955194,164506,ONLINE,Unspecified,STATEN ISLAND,,,,,,,,40.618159771927914,-74.10466061550484,"(40.618159771927914, -74.10466061550484)"
60287165,02/10/2024 12:39:42 PM,02/15/2024 11:58:03 PM,DSNY,Department of Sanitation,Dirty Condition,Dog Waste,Sidewalk,10301,146 CHESHIRE PLACE,CHESHIRE PLACE,MELROSE AVENUE,CLOVE ROAD,MELROSE AVENUE,CLOVE ROAD,ADDRESS,STATEN ISLAND,CHESHIRE PLACE,,Closed,,The Department of Sanitation investigated this complaint and found no violation at the location.,02/15/2024 11:58:08 PM,01 STATEN ISLAND,5002450052,STATEN ISLAND,955116,164596,PHONE,Unspecified,STATEN ISLAND,,,,,,,,40.61840654691842,-74.10494196203439,"(40.61840654691842, -74.10494196203439)"
60285122,02/09/2024 08:54:43 PM,02/10/2024 01:19:33 PM,DSNY,Department of Sanitation,Dirty Condition,Dog Waste,Sidewalk,10467,685 BURKE AVENUE,BURKE AVENUE,OLINVILLE AVENUE,WHITE PLAINS ROAD,OLINVILLE AVENUE,WHITE PLAINS ROAD,ADDRESS,BRONX,BURKE AVENUE,,Closed,,The Department of Sanitation investigated this complaint and found no violation at the location.,02/10/2024 01:19:36 PM,12 BRONX,2045950001,BRONX,1020819,256802,PHONE,Unspecified,BRONX,,,,,,,,40.87146087453881,-73.86777553760106,"(40.87146087453881, -73.86777553760106)"
60280442,02/09/2024 04:55:32 PM,02/15/2024 11:44:50 PM,DSNY,Department of Sanitation,Dirty Condition,Dog Waste,Sidewalk,11239,200 BETHEL LOOP,BETHEL LOOP,BEND,VANDALIA AVENUE,BEND,VANDALIA AVENUE,ADDRESS,BROOKLYN,BETHEL LOOP,,Closed,,The Department of Sanitation investigated this complaint and found no violation at the location.,02/15/2024 11:44:56 PM,05 BROOKLYN,3044520085,BROOKLYN,1017098,176875,ONLINE,Unspecified,BROOKLYN,,,,,,,,40.65209676886975,-73.88162028823588,"(40.65209676886975, -73.88162028823588)"
60285121,02/09/2024 04:41:28 PM,02/10/2024 01:07:07 PM,DSNY,Department of Sanitation,Dirty Condition,Dog Waste,Sidewalk,11208,798 DREW STREET,DREW STREET,DUMONT AVENUE,LINDEN BOULEVARD,DUMONT AVENUE,LINDEN BOULEVARD,ADDRESS,BROOKLYN,DREW STREET,,Closed,,The Department of Sanitation investigated this complaint and issued a Notice of Violation.,02/10/2024 01:07:10 PM,05 BROOKLYN,3044690017,BROOKLYN,1022769,183550,ONLINE,Unspecified,BROOKLYN,,,,,,,,40.67039529656309,-73.86114467726689,"(40.67039529656309, -73.86114467726689)"
60283947,02/09/2024 04:36:27 PM,02/10/2024 01:07:06 PM,DSNY,Department of Sanitation,Dirty Condition,Dog Waste,Sidewalk,11208,798 DREW STREET,DREW STREET,DUMONT AVENUE,LINDEN BOULEVARD,DUMONT AVENUE,LINDEN BOULEVARD,ADDRESS,BROOKLYN,DREW STREET,,Closed,,The Department of Sanitation investigated this complaint and issued a Notice of Violation.,02/10/2024 01:07:08 PM,05 BROOKLYN,3044690017,BROOKLYN,1022769,183550,ONLINE,Unspecified,BROOKLYN,,,,,,,,40.67039529656309,-73.86114467726689,"(40.67039529656309, -73.86114467726689)"
60277006,02/09/2024 04:22:35 PM,02/10/2024 01:07:01 PM,DSNY,Department of Sanitation,Dirty Condition,Dog Waste,Sidewalk,11208,798 DREW STREET,DREW STREET,DUMONT AVENUE,LINDEN BOULEVARD,DUMONT AVENUE,LINDEN BOULEVARD,ADDRESS,BROOKLYN,DREW STREET,,Closed,,The Department of Sanitation investigated this complaint and issued a Notice of Violation.,02/10/2024 01:07:05 PM,05 BROOKLYN,3044690017,BROOKLYN,1022769,183550,ONLINE,Unspecified,BROOKLYN,,,,,,,,40.67039529656309,-73.86114467726689,"(40.67039529656309, -73.86114467726689)"
60280443,02/09/2024 03:55:02 PM,02/15/2024 11:33:00 PM,DSNY,Department of Sanitation,Dirty Condition,Dog Waste,Sidewalk,11221,150 WOODBINE STREET,WOODBINE STREET,EVERGREEN AVENUE,CENTRAL AVENUE,EVERGREEN AVENUE,CENTRAL AVENUE,ADDRESS,BROOKLYN,WOODBINE STREET,,Closed,,The Department of Sanitation investigated this complaint and found no violation at the location.,02/15/2024 11:33:05 PM,04 BROOKLYN,3033590029,BROOKLYN,1007363,191622,ONLINE,Unspecified,BROOKLYN,,,,,,,,40.69260471693026,-73.91665330751782,"(40.69260471693026, -73.91665330751782)"
60281586,02/09/2024 02:12:29 PM,02/15/2024 12:45:04 AM,DSNY,Department of Sanitation,Dirty Condition,Dog Waste,Street,11221,684 GREENE AVENUE,GREENE AVENUE,THROOP AVENUE,MARCUS GARVEY BOULEVARD,THROOP AVENUE,MARCUS GARVEY BOULEVARD,ADDRESS,BROOKLYN,GREENE AVENUE,,Closed,,The Department of Sanitation investigated this complaint and found no violation at the location.,02/15/2024 12:45:08 AM,03 BROOKLYN,3018010018,BROOKLYN,1000556,190499,PHONE,Unspecified,BROOKLYN,,,,,,,,40.689537500835506,-73.9412024164788,"(40.689537500835506, -73.9412024164788)"
60281587,02/09/2024 01:55:07 PM,02/15/2024 12:48:02 AM,DSNY,Department of Sanitation,Dirty Condition,Dog Waste,Sidewalk,11211,59 RICHARDSON STREET,RICHARDSON STREET,LORIMER STREET,LEONARD STREET,LORIMER STREET,LEONARD STREET,ADDRESS,BROOKLYN,RICHARDSON STREET,,Closed,,The Department of Sanitation investigated this complaint and found no violation at the location.,02/15/2024 12:48:06 AM,01 BROOKLYN,3027220036,BROOKLYN,998220,200996,ONLINE,Unspecified,BROOKLYN,,,,,,,,40.71835328873766,-73.94960398883498,"(40.71835328873766, -73.94960398883498)"
60278154,02/09/2024 01:35:07 PM,02/10/2024 01:20:50 PM,DSNY,Department of Sanitation,Dirty Condition,Dog Waste,Sidewalk,10467,3148 PERRY AVENUE,PERRY AVENUE,EAST  204 STREET,EAST  205 STREET,EAST  204 STREET,EAST  205 STREET,ADDRESS,BRONX,PERRY AVENUE,,Closed,,The Department of Sanitation investigated this complaint and found no violation at the location.,02/10/2024 01:20:53 PM,07 BRONX,2033450018,BRONX,1017981,257579,PHONE,Unspecified,BRONX,,,,,,,,40.87360480065074,-73.87803311834293,"(40.87360480065074, -73.87803311834293)"
60283948,02/09/2024 12:45:26 PM,02/10/2024 12:35:47 PM,DSNY,Department of Sanitation,Dirty Condition,Dog Waste,Sidewalk,11414,157-34 98 STREET,98 STREET,157 AVENUE,158 AVENUE,157 AVENUE,158 AVENUE,ADDRESS,HOWARD BEACH,98 STREET,,Closed,,The Department of Sanitation investigated this complaint and found no violation at the location.,02/10/2024 12:35:51 PM,10 QUEENS,4141580032,QUEENS,1029788,180671,PHONE,Unspecified,QUEENS,,,,,,,,40.662459774106175,-73.83586171734737,"(40.662459774106175, -73.83586171734737)"
60278153,02/09/2024 10:18:42 AM,02/10/2024 05:38:27 PM,DSNY,Department of Sanitation,Dirty Condition,Dog Waste,Sidewalk,10069,148 RIVERSIDE BOULEVARD,RIVERSIDE BOULEVARD,WEST   67 STREET,WEST   68 STREET,WEST   67 STREET,WEST   68 STREET,ADDRESS,NEW YORK,RIVERSIDE BOULEVARD,,Closed,,The Department of Sanitation investigated this complaint and found no violation at the location.,02/10/2024 05:38:30 PM,07 MANHATTAN,,MANHATTAN,987356,222575,ONLINE,Unspecified,MANHATTAN,,,,,,,,40.7775926977362,-73.98878530748517,"(40.7775926977362, -73.98878530748517)"
60279264,02/09/2024 09:29:53 AM,02/09/2024 11:39:10 AM,DSNY,Department of Sanitation,Dirty Condition,Dog Waste,Sidewalk,11369,100-02 32 AVENUE,32 AVENUE,100 STREET,101 STREET,100 STREET,101 STREET,ADDRESS,EAST ELMHURST,32 AVENUE,,Closed,,The Department of Sanitation investigated this complaint and found no violation at the location.,02/09/2024 11:39:15 AM,03 QUEENS,4016950101,QUEENS,1020639,215899,PHONE,Unspecified,QUEENS,,,,,,,,40.75919447362238,-73.86864814038915,"(40.75919447362238, -73.86864814038915)"
60281585,02/09/2024 09:14:59 AM,02/10/2024 08:42:53 PM,DSNY,Department of Sanitation,Dirty Condition,Dog Waste,Sidewalk,10009,269 EAST    4 STREET,EAST    4 STREET,AVENUE B,AVENUE C,AVENUE B,AVENUE C,ADDRESS,NEW YORK,EAST    4 STREET,,Closed,,The Department of Sanitation investigated this complaint and found no violation at the location.,02/10/2024 08:42:56 PM,03 MANHATTAN,1003870049,MANHATTAN,989362,202642,ONLINE,Unspecified,MANHATTAN,,,,,,,,40.72288071484615,-73.98155748760372,"(40.72288071484615, -73.98155748760372)"
60277007,02/09/2024 09:01:41 AM,02/10/2024 01:40:12 PM,DSNY,Department of Sanitation,Dirty Condition,Dog Waste,Sidewalk,10037,60 WEST  142 STREET,WEST  142 STREET,CHISUM PLACE,LENOX AVENUE,CHISUM PLACE,LENOX AVENUE,ADDRESS,NEW YORK,WEST  142 STREET,,Closed,,The Department of Sanitation investigated this complaint and found no violation at the location.,02/10/2024 01:40:15 PM,10 MANHATTAN,1017370059,MANHATTAN,1001843,237298,PHONE,Unspecified,MANHATTAN,,,,,,,,40.81798635263026,-73.93643919542686,"(40.81798635263026, -73.93643919542686)"
60283946,02/09/2024 08:00:46 AM,02/16/2024 12:03:18 AM,DSNY,Department of Sanitation,Dirty Condition,Dog Waste,Sidewalk,10312,100 MC ARTHUR AVENUE,MC ARTHUR AVENUE,VAN ALLEN AVENUE,LUDLOW STREET,VAN ALLEN AVENUE,LUDLOW STREET,ADDRESS,STATEN ISLAND,MC ARTHUR AVENUE,,Closed,,The Department of Sanitation investigated this complaint and found no violation at the location.,02/16/2024 12:03:21 AM,03 STATEN ISLAND,5056800214,STATEN ISLAND,934889,141524,ONLINE,Unspecified,STATEN ISLAND,,,,,,,,40.55498903365216,-74.17763183056954,"(40.55498903365216, -74.17763183056954)"
60269812,02/08/2024 10:48:40 PM,02/09/2024 12:45:41 PM,DSNY,Department of Sanitation,Dirty Condition,Dog Waste,Sidewalk,11208,798 DREW STREET,DREW STREET,DUMONT AVENUE,LINDEN BOULEVARD,DUMONT AVENUE,LINDEN BOULEVARD,ADDRESS,BROOKLYN,DREW STREET,,Closed,,The Department of Sanitation investigated this complaint and found no violation at the location.,02/09/2024 12:45:44 PM,05 BROOKLYN,3044690017,BROOKLYN,1022769,183550,ONLINE,Unspecified,BROOKLYN,,,,,,,,40.67039529656309,-73.86114467726689,"(40.67039529656309, -73.86114467726689)"
60275823,02/08/2024 05:38:41 PM,02/09/2024 12:43:21 PM,DSNY,Department of Sanitation,Dirty Condition,Dog Waste,Sidewalk,10458,DECATUR AVENUE,DECATUR AVENUE,DECATUR AVENUE,EAST  195 STREET,DECATUR AVENUE,EAST  195 STREET,INTERSECTION,,,,Closed,,The Department of Sanitation investigated this complaint and found no violation at the location.,02/09/2024 12:43:23 PM,07 BRONX,,BRONX,1014981,254350,PHONE,Unspecified,BRONX,,,,,,,,40.86475314319638,-73.88889552239509,"(40.86475314319638, -73.88889552239509)"
60273385,02/08/2024 02:25:29 PM,02/10/2024 05:37:02 PM,DSNY,Department of Sanitation,Dirty Condition,Dog Waste,Sidewalk,10022,1 AVENUE,1 AVENUE,1 AVENUE,EAST   57 STREET,1 AVENUE,EAST   57 STREET,INTERSECTION,,,,Closed,,The Department of Sanitation investigated this complaint and found no violation at the location.,02/10/2024 05:37:05 PM,06 MANHATTAN,,MANHATTAN,994521,215551,ONLINE,Unspecified,MANHATTAN,,,,,,,,40.75830822067179,-73.96292570462641,"(40.75830822067179, -73.96292570462641)"
60275822,02/08/2024 09:40:46 AM,02/16/2024 12:44:29 AM,DSNY,Department of Sanitation,Dirty Condition,Dog Waste,Sidewalk,11230,299 WEBSTER AVENUE,WEBSTER AVENUE,OCEAN PARKWAY,EAST    8 STREET,OCEAN PARKWAY,EAST    8 STREET,ADDRESS,BROOKLYN,WEBSTER AVENUE,,Closed,,The Department of Sanitation investigated this complaint and found no violation at the location.,02/16/2024 12:44:33 AM,14 BROOKLYN,3054170049,BROOKLYN,992512,169942,ONLINE,Unspecified,BROOKLYN,,,,,,,,40.633124242387474,-73.97023335232221,"(40.633124242387474, -73.97023335232221)"
60271015,02/08/2024 09:28:18 AM,02/08/2024 09:10:32 PM,DSNY,Department of Sanitation,Dirty Condition,Dog Waste,Sidewalk,11208,346 FOUNTAIN AVENUE,FOUNTAIN AVENUE,SUTTER AVENUE,BLAKE AVENUE,SUTTER AVENUE,BLAKE AVENUE,ADDRESS,BROOKLYN,FOUNTAIN AVENUE,,Closed,,The Department of Sanitation investigated this complaint and found no violation at the location.,02/08/2024 09:10:34 PM,05 BROOKLYN,3042630040,BROOKLYN,1019100,183895,PHONE,Unspecified,BROOKLYN,,,,,,,,40.671357446563235,-73.87436907922111,"(40.671357446563235, -73.87436907922111)"
60269796,02/08/2024 09:25:00 AM,02/08/2024 06:53:40 PM,DSNY,Department of Sanitation,Dirty Condition,Dog Waste,Street,10462,1340 ODELL STREET,ODELL STREET,UNIONPORT ROAD,STARLING AVENUE,UNIONPORT ROAD,STARLING AVENUE,ADDRESS,BRONX,ODELL STREET,,Closed,,The Department of Sanitation investigated this complaint and found no violation at the location.,02/08/2024 06:53:44 PM,09 BRONX,2039340029,BRONX,1024664,243488,ONLINE,Unspecified,BRONX,,,,,,,,40.83490118816718,-73.85395325452565,"(40.83490118816718, -73.85395325452565)"
60267349,02/08/2024 08:58:52 AM,02/09/2024 11:38:55 AM,DSNY,Department of Sanitation,Dirty Condition,Dog Waste,Sidewalk,11368,37-49 98 STREET,98 STREET,37 AVENUE,38 AVENUE,37 AVENUE,38 AVENUE,ADDRESS,CORONA,98 STREET,,Closed,,The Department of Sanitation investigated this complaint and found no violation at the location.,02/09/2024 11:38:58 AM,03 QUEENS,4017610047,QUEENS,1020677,212958,PHONE,Unspecified,QUEENS,,,,,,,,40.751122029323184,-73.86852690693357,"(40.751122029323184, -73.86852690693357)"
60275802,02/08/2024 08:56:42 AM,02/08/2024 09:09:26 PM,DSNY,Department of Sanitation,Dirty Condition,Dog Waste,Sidewalk,11208,2505 PITKIN AVENUE,PITKIN AVENUE,BERRIMAN STREET,ATKINS AVENUE,BERRIMAN STREET,ATKINS AVENUE,ADDRESS,BROOKLYN,PITKIN AVENUE,,Closed,,The Department of Sanitation investigated this complaint and found no violation at the location.,02/08/2024 09:09:31 PM,05 BROOKLYN,3040060037,BROOKLYN,1017607,184959,PHONE,Unspecified,BROOKLYN,,,,,,,,40.67428363637793,-73.87974592912212,"(40.67428363637793, -73.87974592912212)"
60268535,02/08/2024 08:50:48 AM,02/08/2024 09:15:51 PM,DSNY,Department of Sanitation,Dirty Condition,Dog Waste,Sidewalk,11205,146 SKILLMAN STREET,SKILLMAN STREET,MYRTLE AVENUE,WILLOUGHBY AVENUE,MYRTLE AVENUE,WILLOUGHBY AVENUE,ADDRESS,BROOKLYN,SKILLMAN STREET,,Closed,,The Department of Sanitation investigated this complaint and found no violation at the location.,02/08/2024 09:15:55 PM,03 BROOKLYN,3019130033,BROOKLYN,996180,192077,PHONE,Unspecified,BROOKLYN,,,,,,,,40.6938757265042,-73.95697897779752,"(40.6938757265042, -73.95697897779752)"
60262383,02/08/2024 01:32:03 AM,02/08/2024 09:11:46 PM,DSNY,Department of Sanitation,Dirty Condition,Dog Waste,Sidewalk,11208,798 DREW STREET,DREW STREET,DUMONT AVENUE,LINDEN BOULEVARD,DUMONT AVENUE,LINDEN BOULEVARD,ADDRESS,BROOKLYN,DREW STREET,,Closed,,The Department of Sanitation investigated this complaint and found no violation at the location.,02/08/2024 09:11:51 PM,05 BROOKLYN,3044690017,BROOKLYN,1022769,183550,ONLINE,Unspecified,BROOKLYN,,,,,,,,40.67039529656309,-73.86114467726689,"(40.67039529656309, -73.86114467726689)"
60263639,02/07/2024 08:50:39 PM,02/08/2024 08:28:46 PM,DSNY,Department of Sanitation,Dirty Condition,Dog Waste,Sidewalk,10128,EAST   92 STREET,EAST   92 STREET,EAST   92 STREET,YORK AVENUE,EAST   92 STREET,YORK AVENUE,INTERSECTION,,,,Closed,,The Department of Sanitation investigated this complaint and found no violation at the location.,02/08/2024 08:28:49 PM,08 MANHATTAN,,MANHATTAN,999660,223370,PHONE,Unspecified,MANHATTAN,,,,,,,,40.779761875219904,-73.94435799980057,"(40.779761875219904, -73.94435799980057)"
60258536,02/07/2024 03:37:40 PM,02/09/2024 06:18:56 AM,DSNY,Department of Sanitation,Dirty Condition,Dog Waste,Sidewalk,11428,211-35 JAMAICA AVENUE,JAMAICA AVENUE,HOLLIS COURT BOULEVARD,212 STREET,HOLLIS COURT BOULEVARD,212 STREET,ADDRESS,QUEENS VILLAGE,JAMAICA AVENUE,,Closed,,The Department of Sanitation investigated this complaint and found no violation at the location.,02/09/2024 06:19:01 AM,13 QUEENS,4105460084,QUEENS,1054065,200023,ONLINE,Unspecified,QUEENS,,,,,,,,40.71541820417849,-73.74815696230854,"(40.71541820417849, -73.74815696230854)"
60261113,02/07/2024 03:14:04 PM,02/08/2024 08:29:25 PM,DSNY,Department of Sanitation,Dirty Condition,Dog Waste,Sidewalk,10128,1070 5 AVENUE,5 AVENUE,EAST   88 STREET,EAST   89 STREET,EAST   88 STREET,EAST   89 STREET,ADDRESS,NEW YORK,5 AVENUE,,Closed,,The Department of Sanitation investigated this complaint and found no violation at the location.,02/08/2024 08:29:28 PM,08 MANHATTAN,1015000001,MANHATTAN,995496,224520,ONLINE,Unspecified,MANHATTAN,,,,,,,,40.782924598978354,-73.95939132786954,"(40.782924598978354, -73.95939132786954)"
60259801,02/07/2024 12:04:29 PM,02/08/2024 09:12:51 PM,DSNY,Department of Sanitation,Dirty Condition,Dog Waste,Sidewalk,11221,600 HART STREET,HART STREET,EVERGREEN AVENUE,MYRTLE AVENUE,EVERGREEN AVENUE,MYRTLE AVENUE,ADDRESS,BROOKLYN,HART STREET,,Closed,,The Department of Sanitation investigated this complaint and found no violation at the location.,02/08/2024 09:12:55 PM,04 BROOKLYN,3032270010,BROOKLYN,1004137,193410,PHONE,Unspecified,BROOKLYN,,,,,,,,40.697520197574676,-73.92828114852179,"(40.697520197574676, -73.92828114852179)"
60266118,02/07/2024 11:11:50 AM,02/08/2024 12:45:48 PM,DSNY,Department of Sanitation,Dirty Condition,Dog Waste,Sidewalk,10303,ARLINGTON AVENUE,ARLINGTON AVENUE,RICHMOND TERRACE,BENJAMIN PLACE,RICHMOND TERRACE,BENJAMIN PLACE,BLOCKFACE,,,,Closed,,The Department of Sanitation investigated this complaint and found no violation at the location.,02/08/2024 12:45:52 PM,Unspecified STATEN ISLAND,,STATEN ISLAND,,,PHONE,Unspecified,STATEN ISLAND,,,,,,,,,,
60262382,02/07/2024 10:53:59 AM,02/12/2024 01:53:55 PM,DSNY,Department of Sanitation,Dirty Condition,Dog Waste,Sidewalk,11213,650 CROWN STREET,CROWN STREET,TROY AVENUE,SCHENECTADY AVENUE,TROY AVENUE,SCHENECTADY AVENUE,ADDRESS,BROOKLYN,CROWN STREET,,Closed,,The Department of Sanitation investigated this complaint and found no violation at the location.,02/12/2024 01:53:58 PM,09 BROOKLYN,3014180007,BROOKLYN,1001910,181739,ONLINE,Unspecified,BROOKLYN,,,,,,,,40.665490688676655,-73.93634300266832,"(40.665490688676655, -73.93634300266832)"
60259802,02/07/2024 10:30:08 AM,02/08/2024 01:18:47 PM,DSNY,Department of Sanitation,Dirty Condition,Dog Waste,Sidewalk,10471,350 WEST  262 STREET,WEST  262 STREET,FIELDSTON ROAD,TYNDALL AVENUE,FIELDSTON ROAD,TYNDALL AVENUE,ADDRESS,BRONX,WEST  262 STREET,,Closed,,The Department of Sanitation investigated this complaint and found no violation at the location.,02/08/2024 01:18:51 PM,08 BRONX,2058841204,BRONX,1012063,271213,ONLINE,Unspecified,BRONX,,,,,,,,40.911046417902604,-73.89937518052537,"(40.911046417902604, -73.89937518052537)"
60261112,02/07/2024 09:20:55 AM,02/09/2024 01:31:01 PM,DSNY,Department of Sanitation,Dirty Condition,Dog Waste,Sidewalk,11432,90-51 179 PLACE,179 PLACE,90 AVENUE,JAMAICA AVENUE,90 AVENUE,JAMAICA AVENUE,ADDRESS,JAMAICA,179 PLACE,,Closed,,The Department of Sanitation investigated this complaint and found no violation at the location.,02/09/2024 01:31:05 PM,12 QUEENS,4098960022,QUEENS,1044677,197854,PHONE,Unspecified,QUEENS,,,,,,,,40.70953393590095,-73.78204152987803,"(40.70953393590095, -73.78204152987803)"
60262385,02/07/2024 09:00:08 AM,02/08/2024 06:10:57 PM,DSNY,Department of Sanitation,Dirty Condition,Dog Waste,Sidewalk,10017,866 UNITED NATIONS PLAZA,UNITED NATIONS PLAZA,EAST   48 STREET,EAST   49 STREET,EAST   48 STREET,EAST   49 STREET,ADDRESS,NEW YORK,UNITED NATIONS PLAZA,,Closed,,The Department of Sanitation investigated this complaint and found no violation at the location.,02/08/2024 06:10:59 PM,06 MANHATTAN,1013607501,MANHATTAN,993439,213589,ONLINE,Unspecified,MANHATTAN,,,,,,,,40.752924221203685,-73.96683398271284,"(40.752924221203685, -73.96683398271284)"
60266109,02/07/2024 08:47:53 AM,02/07/2024 02:19:47 PM,DSNY,Department of Sanitation,Dirty Condition,Dog Waste,Sidewalk,10002,CANAL STREET,CANAL STREET,CANAL STREET,FORSYTH STREET,CANAL STREET,FORSYTH STREET,INTERSECTION,,,,Closed,,The Department of Sanitation investigated this complaint and no DSNY related conditions/violations were observed. Location will be referred to the appropriate agency for further action.,02/07/2024 02:19:47 PM,03 MANHATTAN,,MANHATTAN,985838,199997,ONLINE,Unspecified,MANHATTAN,,,,,,,,40.71562216078298,-73.99427161187455,"(40.71562216078298, -73.99427161187455)"
60264883,02/07/2024 08:17:55 AM,02/09/2024 06:18:49 AM,DSNY,Department of Sanitation,Dirty Condition,Dog Waste,Sidewalk,11428,211-35 JAMAICA AVENUE,JAMAICA AVENUE,HOLLIS COURT BOULEVARD,212 STREET,HOLLIS COURT BOULEVARD,212 STREET,ADDRESS,QUEENS VILLAGE,JAMAICA AVENUE,,Closed,,The Department of Sanitation investigated this complaint and found no violation at the location.,02/09/2024 06:18:54 AM,13 QUEENS,4105460084,QUEENS,1054065,200023,ONLINE,Unspecified,QUEENS,,,,,,,,40.71541820417849,-73.74815696230854,"(40.71541820417849, -73.74815696230854)"
60262384,02/07/2024 08:15:25 AM,02/09/2024 06:19:15 AM,DSNY,Department of Sanitation,Dirty Condition,Dog Waste,Sidewalk,11429,211-34 99 AVENUE,99 AVENUE,211 PLACE,212 STREET,211 PLACE,212 STREET,ADDRESS,QUEENS VILLAGE,99 AVENUE,,Closed,,The Department of Sanitation investigated this complaint and found no violation at the location.,02/09/2024 06:19:19 AM,13 QUEENS,4108800142,QUEENS,1054235,199576,PHONE,Unspecified,QUEENS,,,,,,,,40.71418995795727,-73.74754837321824,"(40.71418995795727, -73.74754837321824)"
60254530,02/07/2024 12:49:21 AM,02/07/2024 03:10:04 PM,DSNY,Department of Sanitation,Dirty Condition,Dog Waste,Street,10455,628 TINTON AVENUE,TINTON AVENUE,EAST  151 STREET,EAST  152 STREET,EAST  151 STREET,EAST  152 STREET,ADDRESS,BRONX,TINTON AVENUE,,Closed,,The Department of Sanitation investigated this complaint and found no violation at the location.,02/07/2024 03:10:08 PM,01 BRONX,2026640029,BRONX,1010403,236187,PHONE,Unspecified,BRONX,,,,,,,,40.81491577557575,-73.90551758070946,"(40.81491577557575, -73.90551758070946)"
60250653,02/06/2024 07:24:32 PM,02/09/2024 06:36:27 AM,DSNY,Department of Sanitation,Dirty Condition,Dog Waste,Sidewalk,11105,33-07 DITMARS BOULEVARD,DITMARS BOULEVARD,33 STREET,35 STREET,33 STREET,35 STREET,ADDRESS,ASTORIA,DITMARS BOULEVARD,,Closed,,The Department of Sanitation investigated this complaint and found no violation at the location.,02/09/2024 06:36:31 AM,01 QUEENS,4008307501,QUEENS,1009315,221751,ONLINE,Unspecified,QUEENS,,,,,,,,40.77529604269211,-73.90950205328373,"(40.77529604269211, -73.90950205328373)"
60249307,02/06/2024 07:21:18 PM,02/07/2024 01:15:38 PM,DSNY,Department of Sanitation,Dirty Condition,Dog Waste,Sidewalk,11105,25-02 23 AVENUE,23 AVENUE,CRESCENT STREET,26 STREET,CRESCENT STREET,26 STREET,ADDRESS,ASTORIA,23 AVENUE,,Closed,,The Department of Sanitation investigated this complaint and found no violation at the location.,02/07/2024 01:15:41 PM,01 QUEENS,4008640034,QUEENS,1007376,222341,ONLINE,Unspecified,QUEENS,,,,,,,,40.776920722462975,-73.91650083692976,"(40.776920722462975, -73.91650083692976)"
60246770,02/06/2024 07:16:54 PM,02/07/2024 01:16:08 PM,DSNY,Department of Sanitation,Dirty Condition,Dog Waste,Sidewalk,11105,25-16 DITMARS BOULEVARD,DITMARS BOULEVARD,CRESCENT STREET,26 STREET,CRESCENT STREET,26 STREET,ADDRESS,ASTORIA,DITMARS BOULEVARD,,Closed,,The Department of Sanitation investigated this complaint and found no violation at the location.,02/07/2024 01:16:11 PM,01 QUEENS,4008660134,QUEENS,1008067,222900,ONLINE,Unspecified,QUEENS,,,,,,,,40.778453194509886,-73.91400391969391,"(40.778453194509886, -73.91400391969391)"
60246771,02/06/2024 07:13:23 PM,02/07/2024 01:15:16 PM,DSNY,Department of Sanitation,Dirty Condition,Dog Waste,Sidewalk,11105,23-04 CRESCENT STREET,CRESCENT STREET,23 AVENUE,24 AVENUE,23 AVENUE,24 AVENUE,ADDRESS,ASTORIA,CRESCENT STREET,,Closed,,The Department of Sanitation investigated this complaint and found no violation at the location.,02/07/2024 01:15:19 PM,01 QUEENS,4008650041,QUEENS,1007309,222335,ONLINE,Unspecified,QUEENS,,,,,,,,40.77690442908986,-73.91674276881268,"(40.77690442908986, -73.91674276881268)"
60254589,02/06/2024 03:50:10 PM,02/07/2024 02:38:06 PM,DSNY,Department of Sanitation,Dirty Condition,Dog Waste,Sidewalk,11208,2505 PITKIN AVENUE,PITKIN AVENUE,BERRIMAN STREET,ATKINS AVENUE,BERRIMAN STREET,ATKINS AVENUE,ADDRESS,BROOKLYN,PITKIN AVENUE,,Closed,,The Department of Sanitation investigated this complaint and found no violation at the location.,02/07/2024 02:38:11 PM,05 BROOKLYN,3040060037,BROOKLYN,1017607,184959,PHONE,Unspecified,BROOKLYN,,,,,,,,40.67428363637793,-73.87974592912212,"(40.67428363637793, -73.87974592912212)"
60248047,02/06/2024 02:36:35 PM,02/07/2024 02:37:11 PM,DSNY,Department of Sanitation,Dirty Condition,Dog Waste,Street,11249,KENT AVENUE,KENT AVENUE,KENT AVENUE,RODNEY STREET,KENT AVENUE,RODNEY STREET,INTERSECTION,,,,Closed,,The Department of Sanitation investigated this complaint and found no violation at the location.,02/07/2024 02:37:16 PM,01 BROOKLYN,,BROOKLYN,994088,195063,PHONE,Unspecified,BROOKLYN,,,,,,,,40.70207417300346,-73.96451862024068,"(40.70207417300346, -73.96451862024068)"
60253253,02/06/2024 12:19:13 PM,02/08/2024 12:48:35 PM,DSNY,Department of Sanitation,Dirty Condition,Dog Waste,Sidewalk,10312,HYLAN BOULEVARD,HYLAN BOULEVARD,OCEANIC AVENUE,RICHMOND AVENUE,OCEANIC AVENUE,RICHMOND AVENUE,BLOCKFACE,,,,Closed,,The Department of Sanitation investigated this complaint and found no violation at the location.,02/08/2024 12:48:38 PM,Unspecified STATEN ISLAND,,STATEN ISLAND,,,PHONE,Unspecified,STATEN ISLAND,,,,,,,,,,
60255931,02/06/2024 10:45:54 AM,02/07/2024 02:36:35 PM,DSNY,Department of Sanitation,Dirty Condition,Dog Waste,Sidewalk,11210,3501 AVENUE K,AVENUE K,EAST   35 STREET,EAST   36 STREET,EAST   35 STREET,EAST   36 STREET,ADDRESS,BROOKLYN,AVENUE K,,Closed,,The Department of Sanitation investigated this complaint and found no violation at the location.,02/07/2024 02:36:37 PM,18 BROOKLYN,3076170009,BROOKLYN,1000479,166961,PHONE,Unspecified,BROOKLYN,,,,,,,,40.62493101381178,-73.94153671631561,"(40.62493101381178, -73.94153671631561)"
60249308,02/06/2024 09:32:52 AM,02/07/2024 02:35:37 PM,DSNY,Department of Sanitation,Dirty Condition,Dog Waste,Sidewalk,11201,WATER STREET,WATER STREET,JAY STREET,BRIDGE STREET,JAY STREET,BRIDGE STREET,BLOCKFACE,,,,Closed,,The Department of Sanitation investigated this complaint and found no violation at the location.,02/07/2024 02:35:40 PM,Unspecified BROOKLYN,,BROOKLYN,,,PHONE,Unspecified,BROOKLYN,,,,,,,,,,
60238962,02/05/2024 09:06:07 PM,02/06/2024 12:49:50 PM,DSNY,Department of Sanitation,Dirty Condition,Dog Waste,Sidewalk,10468,2468 WEBB AVENUE,WEBB AVENUE,DEVOE TERRACE,WEST  190 STREET,DEVOE TERRACE,WEST  190 STREET,ADDRESS,BRONX,WEBB AVENUE,,Closed,,The Department of Sanitation investigated this complaint and found no violation at the location.,02/06/2024 12:49:53 PM,07 BRONX,2032190103,BRONX,1010349,254555,PHONE,Unspecified,BRONX,,,,,,,,40.86533071563448,-73.90564118548231,"(40.86533071563448, -73.90564118548231)"
60240196,02/05/2024 03:27:25 PM,02/06/2024 01:33:27 PM,DSNY,Department of Sanitation,Dirty Condition,Dog Waste,Sidewalk,10035,EAST  121 STREET,EAST  121 STREET,LEXINGTON AVENUE,3 AVENUE,LEXINGTON AVENUE,3 AVENUE,BLOCKFACE,,,,Closed,,The Department of Sanitation investigated this complaint and found no violation at the location.,02/06/2024 01:33:31 PM,Unspecified MANHATTAN,,MANHATTAN,,,PHONE,Unspecified,MANHATTAN,,,,,,,,,,
60242842,02/05/2024 01:45:54 PM,02/06/2024 01:06:35 PM,DSNY,Department of Sanitation,Dirty Condition,Dog Waste,Sidewalk,10304,8 HUDSON STREET,HUDSON STREET,CEDAR STREET,GRAY STREET,CEDAR STREET,GRAY STREET,ADDRESS,STATEN ISLAND,HUDSON STREET,,Closed,,The Department of Sanitation investigated this complaint and found no violation at the location.,02/06/2024 01:06:38 PM,01 STATEN ISLAND,5005410054,STATEN ISLAND,961772,166971,ONLINE,Unspecified,STATEN ISLAND,,,,,,,,40.624944810208916,-74.0809746781624,"(40.624944810208916, -74.0809746781624)"
60242826,02/05/2024 01:19:15 PM,02/05/2024 08:45:55 PM,DSNY,Department of Sanitation,Dirty Condition,Dog Waste,Sidewalk,10029,326 EAST  110 STREET,EAST  110 STREET,2 AVENUE,1 AVENUE,2 AVENUE,1 AVENUE,ADDRESS,NEW YORK,EAST  110 STREET,,Closed,,The Department of Sanitation investigated this complaint and found no violation at the location.,02/05/2024 08:45:57 PM,11 MANHATTAN,1016810037,MANHATTAN,1000927,228137,ONLINE,Unspecified,MANHATTAN,,,,,,,,40.79284371373984,-73.93977131803602,"(40.79284371373984, -73.93977131803602)"
60241491,02/05/2024 12:55:03 PM,02/05/2024 07:57:39 PM,DSNY,Department of Sanitation,Dirty Condition,Dog Waste,Sidewalk,10468,2468 WEBB AVENUE,WEBB AVENUE,DEVOE TERRACE,WEST  190 STREET,DEVOE TERRACE,WEST  190 STREET,ADDRESS,BRONX,WEBB AVENUE,,Closed,,The Department of Sanitation investigated this complaint and found no violation at the location.,02/05/2024 07:57:42 PM,07 BRONX,2032190103,BRONX,1010349,254555,PHONE,Unspecified,BRONX,,,,,,,,40.86533071563448,-73.90564118548231,"(40.86533071563448, -73.90564118548231)"
60241507,02/05/2024 09:26:34 AM,02/06/2024 06:00:36 AM,DSNY,Department of Sanitation,Dirty Condition,Dog Waste,Sidewalk,11102,30-64 12 STREET,12 STREET,30 ROAD,30 DRIVE,30 ROAD,30 DRIVE,ADDRESS,ASTORIA,12 STREET,,Closed,,The Department of Sanitation investigated this complaint and found no violation at the location.,02/06/2024 06:00:40 AM,01 QUEENS,4005050044,QUEENS,1002938,219800,PHONE,Unspecified,QUEENS,,,,,,,,40.769956841862914,-73.93253182101745,"(40.769956841862914, -73.93253182101745)"
60240195,02/05/2024 08:21:29 AM,02/06/2024 06:00:57 AM,DSNY,Department of Sanitation,Dirty Condition,Dog Waste,Sidewalk,11105,23-21 STEINWAY STREET,STEINWAY STREET,23 AVENUE,AMTRAK-CONNECTING RAIL LINE,23 AVENUE,AMTRAK-CONNECTING RAIL LINE,ADDRESS,ASTORIA,STEINWAY STREET,,Closed,,The Department of Sanitation investigated this complaint and found no violation at the location.,02/06/2024 06:00:59 AM,01 QUEENS,4007930067,QUEENS,1009545,220075,ONLINE,Unspecified,QUEENS,,,,,,,,40.77069520844308,-73.90867794042958,"(40.77069520844308, -73.90867794042958)"
60233241,02/04/2024 07:56:52 PM,02/05/2024 06:12:54 AM,DSNY,Department of Sanitation,Dirty Condition,Dog Waste,Sidewalk,11357,148-14 WILLETS POINT BOULEVARD,WILLETS POINT BOULEVARD,148 STREET,25 AVENUE,148 STREET,25 AVENUE,ADDRESS,WHITESTONE,WILLETS POINT BOULEVARD,,Closed,,The Department of Sanitation investigated this complaint and found no violation at the location.,02/05/2024 06:12:56 AM,07 QUEENS,4048010070,QUEENS,1034539,222225,ONLINE,Unspecified,QUEENS,,,,,,,,40.776489529787455,-73.81842668025702,"(40.776489529787455, -73.81842668025702)"
60228810,02/04/2024 07:00:55 PM,02/06/2024 01:30:01 PM,DSNY,Department of Sanitation,Dirty Condition,Dog Waste,Street,10032,521 WEST  158 STREET,WEST  158 STREET,AMSTERDAM AVENUE,BROADWAY,AMSTERDAM AVENUE,BROADWAY,ADDRESS,NEW YORK,WEST  158 STREET,,Closed,,The Department of Sanitation investigated this complaint and found no violation at the location.,02/06/2024 01:30:06 PM,12 MANHATTAN,1021170050,MANHATTAN,1000196,243070,ONLINE,Unspecified,MANHATTAN,,,,,,,,40.833831972916954,-73.94237583346664,"(40.833831972916954, -73.94237583346664)"
60233242,02/04/2024 05:52:42 PM,02/05/2024 12:34:11 PM,DSNY,Department of Sanitation,Dirty Condition,Dog Waste,Sidewalk,10458,2321 BELMONT AVENUE,BELMONT AVENUE,EAST  183 STREET,CRESCENT AVENUE,EAST  183 STREET,CRESCENT AVENUE,ADDRESS,BRONX,BELMONT AVENUE,,Closed,,The Department of Sanitation investigated this complaint and found no violation at the location.,02/05/2024 12:34:15 PM,06 BRONX,2030870022,BRONX,1015555,250174,PHONE,Unspecified,BRONX,,,,,,,,40.853289269574304,-73.88683979594244,"(40.853289269574304, -73.88683979594244)"
60233240,02/04/2024 10:57:04 AM,02/05/2024 01:29:47 PM,DSNY,Department of Sanitation,Dirty Condition,Dog Waste,Sidewalk,11230,303 WEBSTER AVENUE,WEBSTER AVENUE,OCEAN PARKWAY,EAST    8 STREET,OCEAN PARKWAY,EAST    8 STREET,ADDRESS,BROOKLYN,WEBSTER AVENUE,,Closed,,The Department of Sanitation investigated this complaint and found no violation at the location.,02/05/2024 01:29:51 PM,14 BROOKLYN,3054170045,BROOKLYN,992535,169956,ONLINE,Unspecified,BROOKLYN,,,,,,,,40.63316264793511,-73.9701504698665,"(40.63316264793511, -73.9701504698665)"
60232366,02/04/2024 10:54:18 AM,02/05/2024 01:30:14 PM,DSNY,Department of Sanitation,Dirty Condition,Dog Waste,Sidewalk,11230,645 OCEAN PARKWAY,OCEAN PARKWAY,18 AVENUE,WEBSTER AVENUE,18 AVENUE,WEBSTER AVENUE,ADDRESS,BROOKLYN,OCEAN PARKWAY,,Closed,,The Department of Sanitation investigated this complaint and found no violation at the location.,02/05/2024 01:30:18 PM,14 BROOKLYN,3054170001,BROOKLYN,992005,169760,ONLINE,Unspecified,BROOKLYN,,,,,,,,40.632625149357324,-73.97206020021348,"(40.632625149357324, -73.97206020021348)"
60230567,02/04/2024 09:25:52 AM,02/05/2024 12:33:12 PM,DSNY,Department of Sanitation,Dirty Condition,Dog Waste,Sidewalk,10455,681 TINTON AVENUE,TINTON AVENUE,EAST  152 STREET,EAST  156 STREET,EAST  152 STREET,EAST  156 STREET,ADDRESS,BRONX,TINTON AVENUE,,Closed,,The Department of Sanitation investigated this complaint and found no violation at the location.,02/05/2024 12:33:17 PM,01 BRONX,,BRONX,1010501,236648,PHONE,Unspecified,BRONX,,,,,,,,40.81618080011958,-73.90516173523321,"(40.81618080011958, -73.90516173523321)"
60234188,02/04/2024 08:52:43 AM,02/05/2024 08:43:58 PM,DSNY,Department of Sanitation,Dirty Condition,Dog Waste,Sidewalk,10128,1596 3 AVENUE,3 AVENUE,EAST   89 STREET,EAST   90 STREET,EAST   89 STREET,EAST   90 STREET,ADDRESS,NEW YORK,3 AVENUE,,Closed,,The Department of Sanitation investigated this complaint and found no violation at the location.,02/05/2024 08:44:02 PM,08 MANHATTAN,1015180037,MANHATTAN,997455,223867,ONLINE,Unspecified,MANHATTAN,,,,,,,,40.78112957775901,-73.95231877406555,"(40.78112957775901, -73.95231877406555)"
60231456,02/04/2024 07:44:24 AM,02/08/2024 12:47:42 PM,DSNY,Department of Sanitation,Dirty Condition,Dog Waste,Sidewalk,10314,33 FERNDALE AVENUE,FERNDALE AVENUE,SAXON AVENUE,TRAVIS AVENUE,SAXON AVENUE,TRAVIS AVENUE,ADDRESS,STATEN ISLAND,FERNDALE AVENUE,,Closed,,The Department of Sanitation investigated this complaint and found no violation at the location.,02/08/2024 12:47:46 PM,02 STATEN ISLAND,5023640001,STATEN ISLAND,940095,155364,ONLINE,Unspecified,STATEN ISLAND,,,,,,,,40.59300450740571,-74.1589878169274,"(40.59300450740571, -74.1589878169274)"
60224196,02/03/2024 09:42:01 PM,02/05/2024 01:26:03 PM,DSNY,Department of Sanitation,Dirty Condition,Dog Waste,Sidewalk,11213,389 HERKIMER STREET,HERKIMER STREET,KINGSTON AVENUE,ALBANY AVENUE,KINGSTON AVENUE,ALBANY AVENUE,ADDRESS,BROOKLYN,HERKIMER STREET,,Closed,,The Department of Sanitation investigated this complaint and found no violation at the location.,02/05/2024 01:26:07 PM,03 BROOKLYN,3018640062,BROOKLYN,1000811,186711,PHONE,Unspecified,BROOKLYN,,,,,,,,40.679139834433904,-73.94029222600498,"(40.679139834433904, -73.94029222600498)"
60225147,02/03/2024 07:40:03 PM,02/06/2024 09:14:57 PM,DSNY,Department of Sanitation,Dirty Condition,Dog Waste,Sidewalk,11201,90 SANDS STREET,SANDS STREET,PEARL STREET,JAY STREET,PEARL STREET,JAY STREET,ADDRESS,BROOKLYN,SANDS STREET,,Closed,,The Department of Sanitation investigated this complaint and found no violation at the location.,02/06/2024 09:15:01 PM,02 BROOKLYN,3000870009,BROOKLYN,987794,194331,PHONE,Unspecified,BROOKLYN,,,,,,,,40.70006976346633,-73.9872187206513,"(40.70006976346633, -73.9872187206513)"
60227042,02/03/2024 07:06:33 PM,02/05/2024 01:23:17 PM,DSNY,Department of Sanitation,Dirty Condition,Dog Waste,Sidewalk,10040,4 BOGARDUS PLACE,BOGARDUS PLACE,HILLSIDE AVENUE,ELLWOOD STREET,HILLSIDE AVENUE,ELLWOOD STREET,ADDRESS,NEW YORK,BOGARDUS PLACE,,Closed,,The Department of Sanitation investigated this complaint and found no violation at the location.,02/05/2024 01:23:21 PM,12 MANHATTAN,1021710120,MANHATTAN,1003686,252204,ONLINE,Unspecified,MANHATTAN,,,,,,,,40.858895116989814,-73.9297375264514,"(40.858895116989814, -73.9297375264514)"
60222243,02/03/2024 07:01:20 PM,02/05/2024 01:23:12 PM,DSNY,Department of Sanitation,Dirty Condition,Dog Waste,Sidewalk,10040,4 BOGARDUS PLACE,BOGARDUS PLACE,HILLSIDE AVENUE,ELLWOOD STREET,HILLSIDE AVENUE,ELLWOOD STREET,ADDRESS,NEW YORK,BOGARDUS PLACE,,Closed,,The Department of Sanitation investigated this complaint and found no violation at the location.,02/05/2024 01:23:16 PM,12 MANHATTAN,1021710120,MANHATTAN,1003686,252204,ONLINE,Unspecified,MANHATTAN,,,,,,,,40.858895116989814,-73.9297375264514,"(40.858895116989814, -73.9297375264514)"
60227976,02/03/2024 03:05:17 PM,02/05/2024 01:08:21 PM,DSNY,Department of Sanitation,Dirty Condition,Dog Waste,Sidewalk,11432,90-51 179 PLACE,179 PLACE,90 AVENUE,JAMAICA AVENUE,90 AVENUE,JAMAICA AVENUE,ADDRESS,JAMAICA,179 PLACE,,Closed,,The Department of Sanitation investigated this complaint and found no violation at the location.,02/05/2024 01:08:25 PM,12 QUEENS,4098960022,QUEENS,1044677,197854,PHONE,Unspecified,QUEENS,,,,,,,,40.70953393590095,-73.78204152987803,"(40.70953393590095, -73.78204152987803)"
60227041,02/03/2024 02:56:23 PM,02/05/2024 11:37:50 AM,DSNY,Department of Sanitation,Dirty Condition,Dog Waste,Sidewalk,11364,228-04 HORACE HARDING EXPRE,HORACE HARDING EXPRE,228 STREET,229 STREET,228 STREET,229 STREET,ADDRESS,OAKLAND GARDENS,HORACE HARDING EXPRESSWAY,,Closed,,The Department of Sanitation investigated this complaint and found no violation at the location.,02/05/2024 11:37:52 AM,11 QUEENS,4076510001,QUEENS,1053510,212800,PHONE,Unspecified,QUEENS,,,,,,,,40.75049214844068,-73.75002747227488,"(40.75049214844068, -73.75002747227488)"
60225148,02/03/2024 01:55:03 PM,02/05/2024 12:31:45 PM,DSNY,Department of Sanitation,Dirty Condition,Dog Waste,Sidewalk,10467,3322 DECATUR AVENUE,DECATUR AVENUE,EAST  209 STREET,EAST GUN HILL ROAD,EAST  209 STREET,EAST GUN HILL ROAD,ADDRESS,BRONX,DECATUR AVENUE,,Closed,,The Department of Sanitation investigated this complaint and issued a Notice of Violation.,02/05/2024 12:31:47 PM,07 BRONX,2033550090,BRONX,1019313,258813,PHONE,Unspecified,BRONX,,,,,,,,40.87698655588999,-73.87321032891688,"(40.87698655588999, -73.87321032891688)"
60221258,02/03/2024 01:21:44 PM,02/05/2024 01:07:40 PM,DSNY,Department of Sanitation,Dirty Condition,Dog Waste,Sidewalk,11433,92-29 168 STREET,168 STREET,JAMAICA AVENUE,93 AVENUE,JAMAICA AVENUE,93 AVENUE,ADDRESS,JAMAICA,168 STREET,,Closed,,The Department of Sanitation investigated this complaint and found no violation at the location.,02/05/2024 01:07:44 PM,12 QUEENS,4102097501,QUEENS,1041883,196450,PHONE,Unspecified,QUEENS,,,,,,,,40.705698939063794,-73.79213138696662,"(40.705698939063794, -73.79213138696662)"
60226121,02/03/2024 12:31:59 PM,02/05/2024 12:32:45 PM,DSNY,Department of Sanitation,Dirty Condition,Dog Waste,Sidewalk,10455,EAST  155 STREET,EAST  155 STREET,EAST  155 STREET,PROSPECT AVENUE,EAST  155 STREET,PROSPECT AVENUE,INTERSECTION,,,,Closed,,The Department of Sanitation investigated this complaint and found no violation at the location.,02/05/2024 12:32:47 PM,01 BRONX,,BRONX,1011097,236699,PHONE,Unspecified,BRONX,,,,,,,,40.816318989559434,-73.903008334769,"(40.816318989559434, -73.903008334769)"
60224195,02/03/2024 11:52:03 AM,02/05/2024 11:32:34 AM,DSNY,Department of Sanitation,Dirty Condition,Dog Waste,Sidewalk,11357,145-48 23 AVENUE,23 AVENUE,LEE STREET,146 STREET,LEE STREET,146 STREET,ADDRESS,WHITESTONE,23 AVENUE,,Closed,,The Department of Sanitation investigated this complaint and found no violation at the location.,02/05/2024 11:32:39 AM,07 QUEENS,4046400028,QUEENS,1033516,222897,PHONE,Unspecified,QUEENS,,,,,,,,40.77833974995769,-73.82211538372567,"(40.77833974995769, -73.82211538372567)"
60224183,02/03/2024 11:38:23 AM,02/03/2024 08:46:51 PM,DSNY,Department of Sanitation,Dirty Condition,Dog Waste,Sidewalk,11435,147-36 94 AVENUE,94 AVENUE,SUTPHIN BOULEVARD,148 STREET,SUTPHIN BOULEVARD,148 STREET,ADDRESS,JAMAICA,94 AVENUE,,Closed,,The Department of Sanitation investigated this complaint and found no violation at the location.,02/03/2024 08:46:54 PM,12 QUEENS,4099997501,QUEENS,1037968,194094,ONLINE,Unspecified,QUEENS,,,,,,,,40.699256921088654,-73.80627061223024,"(40.699256921088654, -73.80627061223024)"
60224197,02/03/2024 10:15:28 AM,02/05/2024 08:45:19 PM,DSNY,Department of Sanitation,Dirty Condition,Dog Waste,Sidewalk,10035,1681 PARK AVENUE,PARK AVENUE,EAST  118 STREET,EAST  119 STREET,EAST  118 STREET,EAST  119 STREET,ADDRESS,NEW YORK,PARK AVENUE,,Closed,,The Department of Sanitation investigated this complaint and found no violation at the location.,02/05/2024 08:45:22 PM,11 MANHATTAN,1017670001,MANHATTAN,1000266,231018,ONLINE,Unspecified,MANHATTAN,,,,,,,,40.80075249704788,-73.94215163564841,"(40.80075249704788, -73.94215163564841)"
60212175,02/02/2024 10:43:31 PM,02/05/2024 09:38:45 PM,DSNY,Department of Sanitation,Dirty Condition,Dog Waste,Sidewalk,11218,564 EAST    4 STREET,EAST    4 STREET,AVENUE C,CORTELYOU ROAD,AVENUE C,CORTELYOU ROAD,ADDRESS,BROOKLYN,EAST    4 STREET,,Closed,,The Department of Sanitation investigated this complaint and found no violation at the location.,02/05/2024 09:38:50 PM,12 BROOKLYN,3053720044,BROOKLYN,991027,171972,PHONE,Unspecified,BROOKLYN,,,,,,,,40.63869742075767,-73.97558152769358,"(40.63869742075767, -73.97558152769358)"
60215591,02/02/2024 08:52:56 PM,02/05/2024 01:28:42 PM,DSNY,Department of Sanitation,Dirty Condition,Dog Waste,Sidewalk,11218,305 CORTELYOU ROAD,CORTELYOU ROAD,EAST    3 STREET,EAST    4 STREET,EAST    3 STREET,EAST    4 STREET,ADDRESS,BROOKLYN,CORTELYOU ROAD,,Closed,,The Department of Sanitation investigated this complaint and found no violation at the location.,02/05/2024 01:28:44 PM,12 BROOKLYN,3053720049,BROOKLYN,990841,171789,ONLINE,Unspecified,BROOKLYN,,,,,,,,40.63819526522207,-73.97625189025533,"(40.63819526522207, -73.97625189025533)"
60219146,02/02/2024 06:18:51 PM,02/03/2024 05:58:39 PM,DSNY,Department of Sanitation,Dirty Condition,Dog Waste,Sidewalk,10038,15 CLIFF STREET,CLIFF STREET,JOHN STREET,FULTON STREET,JOHN STREET,FULTON STREET,ADDRESS,NEW YORK,CLIFF STREET,,Closed,,The Department of Sanitation investigated this complaint and found no violation at the location.,02/03/2024 05:58:43 PM,01 MANHATTAN,1000767501,MANHATTAN,982739,197272,ONLINE,Unspecified,MANHATTAN,,,,,,,,40.70814269760568,-74.00545001464998,"(40.70814269760568, -74.00545001464998)"
60212174,02/02/2024 05:40:23 PM,02/03/2024 01:13:28 PM,DSNY,Department of Sanitation,Dirty Condition,Dog Waste,Sidewalk,10456,1390 BOSTON ROAD,BOSTON ROAD,CROTONA AVENUE,EAST  170 STREET,CROTONA AVENUE,EAST  170 STREET,ADDRESS,BRONX,BOSTON ROAD,,Closed,,The Department of Sanitation investigated this complaint and found no violation at the location.,02/03/2024 01:13:32 PM,03 BRONX,2029620017,BRONX,1012529,242712,ONLINE,Unspecified,BRONX,,,,,,,,40.832818487522175,-73.89780952997631,"(40.832818487522175, -73.89780952997631)"
60215589,02/02/2024 05:33:21 PM,02/03/2024 01:13:23 PM,DSNY,Department of Sanitation,Dirty Condition,Dog Waste,Sidewalk,10456,1390 BOSTON ROAD,BOSTON ROAD,CROTONA AVENUE,EAST  170 STREET,CROTONA AVENUE,EAST  170 STREET,ADDRESS,BRONX,BOSTON ROAD,,Closed,,The Department of Sanitation investigated this complaint and found no violation at the location.,02/03/2024 01:13:27 PM,03 BRONX,2029620017,BRONX,1012529,242712,ONLINE,Unspecified,BRONX,,,,,,,,40.832818487522175,-73.89780952997631,"(40.832818487522175, -73.89780952997631)"
60214498,02/02/2024 03:52:27 PM,02/03/2024 05:47:02 AM,DSNY,Department of Sanitation,Dirty Condition,Dog Waste,Sidewalk,11432,90-51 179 PLACE,179 PLACE,90 AVENUE,JAMAICA AVENUE,90 AVENUE,JAMAICA AVENUE,ADDRESS,JAMAICA,179 PLACE,,Closed,,The Department of Sanitation investigated this complaint and found no violation at the location.,02/03/2024 05:47:06 AM,12 QUEENS,4098960022,QUEENS,1044677,197854,PHONE,Unspecified,QUEENS,,,,,,,,40.70953393590095,-73.78204152987803,"(40.70953393590095, -73.78204152987803)"
60213311,02/02/2024 02:37:10 PM,02/03/2024 08:56:57 PM,DSNY,Department of Sanitation,Dirty Condition,Dog Waste,Sidewalk,11212,1266 LINDEN BOULEVARD,LINDEN BOULEVARD,AVENUE A,ROCKAWAY PARKWAY,AVENUE A,ROCKAWAY PARKWAY,ADDRESS,BROOKLYN,LINDEN BOULEVARD,,Closed,,The Department of Sanitation investigated this complaint and found no violation at the location.,02/03/2024 08:57:01 PM,17 BROOKLYN,3047560048,BROOKLYN,1008481,177607,ONLINE,Unspecified,BROOKLYN,,,,,,,,40.65413371902786,-73.91267212678856,"(40.65413371902786, -73.91267212678856)"
60216796,02/02/2024 01:43:06 PM,02/03/2024 12:38:03 PM,DSNY,Department of Sanitation,Dirty Condition,Dog Waste,Sidewalk,10463,524 WEST  238 STREET,WEST  238 STREET,RIVERDALE AVENUE,JOHNSON AVENUE,RIVERDALE AVENUE,JOHNSON AVENUE,ADDRESS,BRONX,WEST  238 STREET,,Closed,,The Department of Sanitation investigated this complaint and found no violation at the location.,02/03/2024 12:38:07 PM,08 BRONX,,BRONX,1009458,262952,ONLINE,Unspecified,BRONX,,,,,,,,40.88838046269999,-73.90883092468275,"(40.88838046269999, -73.90883092468275)"
60212176,02/02/2024 01:15:25 PM,02/03/2024 12:51:52 PM,DSNY,Department of Sanitation,Dirty Condition,Dog Waste,Sidewalk,11385,COOPER AVENUE,COOPER AVENUE,COOPER AVENUE,MYRTLE AVENUE,COOPER AVENUE,MYRTLE AVENUE,INTERSECTION,,,,Closed,,The Department of Sanitation investigated this complaint and found no violation at the location.,02/03/2024 12:51:56 PM,05 QUEENS,,QUEENS,1017385,195045,PHONE,Unspecified,QUEENS,,,,,,,,40.701968198847794,-73.88049664749286,"(40.701968198847794, -73.88049664749286)"
60215590,02/02/2024 12:03:50 PM,02/03/2024 08:44:10 PM,DSNY,Department of Sanitation,Dirty Condition,Dog Waste,Sidewalk,10034,ISHAM STREET,ISHAM STREET,ISHAM STREET,VERMILYEA AVENUE,ISHAM STREET,VERMILYEA AVENUE,INTERSECTION,,,,Closed,,The Department of Sanitation investigated this complaint and found no violation at the location.,02/03/2024 08:44:13 PM,12 MANHATTAN,,MANHATTAN,1006594,255260,PHONE,Unspecified,MANHATTAN,,,,,,,,40.867276028886835,-73.9192147239671,"(40.867276028886835, -73.9192147239671)"
60214450,02/02/2024 10:22:20 AM,02/07/2024 05:24:55 AM,DSNY,Department of Sanitation,Dirty Condition,Dog Waste,Street,11207,HINSDALE STREET,HINSDALE STREET,HINSDALE STREET,LIVONIA AVENUE,HINSDALE STREET,LIVONIA AVENUE,INTERSECTION,,,,Closed,,The Department of Sanitation cleaned the location.,02/07/2024 05:24:58 AM,05 BROOKLYN,,BROOKLYN,1012359,181228,PHONE,Unspecified,BROOKLYN,,,,,,,,40.66406110019954,-73.89868083631158,"(40.66406110019954, -73.89868083631158)"
60212173,02/02/2024 09:31:34 AM,02/03/2024 08:52:52 PM,DSNY,Department of Sanitation,Dirty Condition,Dog Waste,Sidewalk,11226,240 EAST   18 STREET,EAST   18 STREET,ALBEMARLE ROAD,BEVERLEY ROAD,ALBEMARLE ROAD,BEVERLEY ROAD,ADDRESS,BROOKLYN,EAST   18 STREET,,Closed,,The Department of Sanitation investigated this complaint and found no violation at the location.,02/03/2024 08:52:55 PM,14 BROOKLYN,3051210026,BROOKLYN,994703,174442,ONLINE,Unspecified,BROOKLYN,,,,,,,,40.64547346443622,-73.96233256349558,"(40.64547346443622, -73.96233256349558)"
60219135,02/02/2024 08:35:03 AM,02/02/2024 12:24:54 PM,DSNY,Department of Sanitation,Dirty Condition,Dog Waste,Sidewalk,11361,43 AVENUE,43 AVENUE,43 AVENUE,219 STREET,43 AVENUE,219 STREET,INTERSECTION,,,,Closed,,The Department of Sanitation investigated this complaint and found no violation at the location.,02/02/2024 12:24:58 PM,11 QUEENS,,QUEENS,1049818,217184,PHONE,Unspecified,QUEENS,,,,,,,,40.76255321402922,-73.76330978333539,"(40.76255321402922, -73.76330978333539)"
60213299,02/02/2024 05:05:40 AM,02/02/2024 01:20:20 PM,DSNY,Department of Sanitation,Dirty Condition,Dog Waste,Sidewalk,11433,163-22 PHROANE AVENUE,PHROANE AVENUE,GUY R BREWER BOULEVARD,165 STREET,GUY R BREWER BOULEVARD,165 STREET,ADDRESS,JAMAICA,PHROANE AVENUE,,Closed,,The Department of Sanitation investigated this complaint and found no violation at the location.,02/02/2024 01:20:24 PM,12 QUEENS,4102030005,QUEENS,1043510,190857,ONLINE,Unspecified,QUEENS,,,,,,,,40.69033675604574,-73.78631241505562,"(40.69033675604574, -73.78631241505562)"
60207100,02/01/2024 09:59:25 PM,02/02/2024 12:50:31 PM,DSNY,Department of Sanitation,Dirty Condition,Dog Waste,Sidewalk,10472,1210 STRATFORD AVENUE,STRATFORD AVENUE,WESTCHESTER AVENUE,EAST  172 STREET,WESTCHESTER AVENUE,EAST  172 STREET,ADDRESS,BRONX,STRATFORD AVENUE,,Closed,,The Department of Sanitation investigated this complaint and found no violation at the location.,02/02/2024 12:50:35 PM,09 BRONX,2037770010,BRONX,1018671,241609,ONLINE,Unspecified,BRONX,,,,,,,,40.829769270049425,-73.87562016499348,"(40.829769270049425, -73.87562016499348)"
60209652,02/01/2024 08:55:31 PM,02/03/2024 08:52:24 PM,DSNY,Department of Sanitation,Dirty Condition,Dog Waste,Sidewalk,11224,2870 WEST   35 STREET,WEST   35 STREET,NEPTUNE AVENUE,MERMAID AVENUE,NEPTUNE AVENUE,MERMAID AVENUE,ADDRESS,BROOKLYN,WEST   35 STREET,,Closed,,The Department of Sanitation investigated this complaint and found no violation at the location.,02/03/2024 08:52:27 PM,13 BROOKLYN,3070050033,BROOKLYN,984017,149003,PHONE,Unspecified,BROOKLYN,,,,,,,,40.57565480739864,-74.00083873895726,"(40.57565480739864, -74.00083873895726)"
60210968,02/01/2024 07:59:08 PM,02/03/2024 08:54:34 PM,DSNY,Department of Sanitation,Dirty Condition,Dog Waste,Sidewalk,11230,299 WEBSTER AVENUE,WEBSTER AVENUE,OCEAN PARKWAY,EAST    8 STREET,OCEAN PARKWAY,EAST    8 STREET,ADDRESS,BROOKLYN,WEBSTER AVENUE,,Closed,,The Department of Sanitation investigated this complaint and issued a Notice of Violation.,02/03/2024 08:54:37 PM,14 BROOKLYN,3054170049,BROOKLYN,992512,169942,PHONE,Unspecified,BROOKLYN,,,,,,,,40.633124242387474,-73.97023335232221,"(40.633124242387474, -73.97023335232221)"
60207101,02/01/2024 04:17:18 PM,02/02/2024 05:45:34 AM,DSNY,Department of Sanitation,Dirty Condition,Dog Waste,Sidewalk,11355,42-69 PHLOX PLACE,PHLOX PLACE,BEECH AVENUE,CHERRY AVENUE,BEECH AVENUE,CHERRY AVENUE,ADDRESS,FLUSHING,PHLOX PLACE,,Closed,,The Department of Sanitation investigated this complaint and found no violation at the location.,02/02/2024 05:45:41 AM,07 QUEENS,4051910040,QUEENS,1034229,214955,PHONE,Unspecified,QUEENS,,,,,,,,40.75653706295246,-73.81960002006744,"(40.75653706295246, -73.81960002006744)"
60208375,02/01/2024 02:12:11 PM,02/02/2024 05:46:56 AM,DSNY,Department of Sanitation,Dirty Condition,Dog Waste,Street,11361,218-12 46 AVENUE,46 AVENUE,218 STREET,SPRINGFIELD BOULEVARD,218 STREET,SPRINGFIELD BOULEVARD,ADDRESS,BAYSIDE,46 AVENUE,,Closed,,The Department of Sanitation investigated this complaint and found no violation at the location.,02/02/2024 05:47:00 AM,11 QUEENS,,QUEENS,1049876,216012,PHONE,Unspecified,QUEENS,,,,,,,,40.75933595628279,-73.76311185453702,"(40.75933595628279, -73.76311185453702)"
60203039,02/01/2024 01:53:30 PM,02/02/2024 05:46:09 AM,DSNY,Department of Sanitation,Dirty Condition,Dog Waste,Sidewalk,11358,44-13 189 STREET,189 STREET,44 AVENUE,45 AVENUE,44 AVENUE,45 AVENUE,ADDRESS,FLUSHING,189 STREET,,Closed,,The Department of Sanitation investigated this complaint and found no violation at the location.,02/02/2024 05:46:15 AM,11 QUEENS,4055150001,QUEENS,1041939,214813,ONLINE,Unspecified,QUEENS,,,,,,,,40.75610036720574,-73.79177197104624,"(40.75610036720574, -73.79177197104624)"
60210947,02/01/2024 01:21:12 PM,02/01/2024 07:51:15 PM,DSNY,Department of Sanitation,Dirty Condition,Dog Waste,Sidewalk,10021,EAST   75 STREET,EAST   75 STREET,1 AVENUE,YORK AVENUE,1 AVENUE,YORK AVENUE,BLOCKFACE,,,,Closed,,The Department of Sanitation investigated this complaint and found no condition at the location.,02/01/2024 07:51:19 PM,Unspecified MANHATTAN,,MANHATTAN,,,PHONE,Unspecified,MANHATTAN,,,,,,,,,,
60205669,02/01/2024 12:19:02 PM,02/01/2024 01:03:16 PM,DSNY,Department of Sanitation,Dirty Condition,Dog Waste,Street,11361,43 AVENUE,43 AVENUE,43 AVENUE,219 STREET,43 AVENUE,219 STREET,INTERSECTION,,,,Closed,,The Department of Sanitation investigated this complaint and found no violation at the location.,02/01/2024 01:03:21 PM,11 QUEENS,,QUEENS,1049818,217184,PHONE,Unspecified,QUEENS,,,,,,,,40.76255321402922,-73.76330978333539,"(40.76255321402922, -73.76330978333539)"
60204391,02/01/2024 07:52:58 AM,02/02/2024 12:52:31 PM,DSNY,Department of Sanitation,Dirty Condition,Dog Waste,Sidewalk,10453,2087 CRESTON AVENUE,CRESTON AVENUE,EAST BURNSIDE AVENUE,EAST  180 STREET,EAST BURNSIDE AVENUE,EAST  180 STREET,ADDRESS,BRONX,CRESTON AVENUE,,Closed,,The Department of Sanitation investigated this complaint and found no violation at the location.,02/02/2024 12:52:33 PM,05 BRONX,2031690045,BRONX,1010828,250338,PHONE,Unspecified,BRONX,,,,,,,,40.85375489549983,-73.90392612283449,"(40.85375489549983, -73.90392612283449)"
60195118,01/31/2024 11:29:11 PM,02/02/2024 09:16:56 PM,DSNY,Department of Sanitation,Dirty Condition,Dog Waste,Sidewalk,11222,110 HURON STREET,HURON STREET,FRANKLIN STREET,MANHATTAN AVENUE,FRANKLIN STREET,MANHATTAN AVENUE,ADDRESS,BROOKLYN,HURON STREET,,Closed,,The Department of Sanitation investigated this complaint and found no violation at the location.,02/02/2024 09:16:59 PM,01 BROOKLYN,3025320015,BROOKLYN,996179,206263,ONLINE,Unspecified,BROOKLYN,,,,,,,,40.73281290983098,-73.95695744724176,"(40.73281290983098, -73.95695744724176)"
60195119,01/31/2024 11:25:46 PM,02/02/2024 09:17:58 PM,DSNY,Department of Sanitation,Dirty Condition,Dog Waste,Sidewalk,11222,98 HURON STREET,HURON STREET,FRANKLIN STREET,MANHATTAN AVENUE,FRANKLIN STREET,MANHATTAN AVENUE,ADDRESS,BROOKLYN,HURON STREET,,Closed,,The Department of Sanitation investigated this complaint and found no violation at the location.,02/02/2024 09:18:01 PM,01 BROOKLYN,3025320008,BROOKLYN,996079,206251,ONLINE,Unspecified,BROOKLYN,,,,,,,,40.732780107086285,-73.95731829108962,"(40.732780107086285, -73.95731829108962)"
60200339,01/31/2024 08:50:56 PM,02/02/2024 12:46:56 PM,DSNY,Department of Sanitation,Dirty Condition,Dog Waste,Sidewalk,11216,134 MADISON STREET,MADISON STREET,BEDFORD AVENUE,NOSTRAND AVENUE,BEDFORD AVENUE,NOSTRAND AVENUE,ADDRESS,BROOKLYN,MADISON STREET,,Closed,,The Department of Sanitation investigated this complaint and found no violation at the location.,02/02/2024 12:47:02 PM,03 BROOKLYN,3018220010,BROOKLYN,997182,188621,ONLINE,Unspecified,BROOKLYN,,,,,,,,40.684388394932796,-73.9533722792059,"(40.684388394932796, -73.9533722792059)"
60195121,01/31/2024 08:27:17 PM,02/03/2024 01:04:20 PM,DSNY,Department of Sanitation,Dirty Condition,Dog Waste,Sidewalk,10031,500 WEST  141 STREET,WEST  141 STREET,AMSTERDAM AVENUE,HAMILTON PLACE,AMSTERDAM AVENUE,HAMILTON PLACE,ADDRESS,NEW YORK,WEST  141 STREET,,Closed,,The Department of Sanitation investigated this complaint and found no violation at the location.,02/03/2024 01:04:25 PM,09 MANHATTAN,1020720036,MANHATTAN,998193,239030,ONLINE,Unspecified,MANHATTAN,,,,,,,,40.82274671842748,-73.94962248237043,"(40.82274671842748, -73.94962248237043)"
60197736,01/31/2024 05:00:55 PM,02/08/2024 12:49:59 PM,DSNY,Department of Sanitation,Dirty Condition,Dog Waste,Sidewalk,10309,BERKSHIRE LANE,BERKSHIRE LANE,BERKSHIRE LANE,WILTSHIRE LANE,BERKSHIRE LANE,WILTSHIRE LANE,INTERSECTION,,,,Closed,,The Department of Sanitation investigated this complaint and found no violation at the location.,02/08/2024 12:50:03 PM,03 STATEN ISLAND,,STATEN ISLAND,922686,137676,PHONE,Unspecified,STATEN ISLAND,,,,,,,,40.54435072161123,-74.22151069126127,"(40.54435072161123, -74.22151069126127)"
60198994,01/31/2024 03:24:43 PM,02/02/2024 09:09:43 PM,DSNY,Department of Sanitation,Dirty Condition,Dog Waste,Sidewalk,11226,221 LINDEN BOULEVARD,LINDEN BOULEVARD,ROGERS AVENUE,NOSTRAND AVENUE,ROGERS AVENUE,NOSTRAND AVENUE,ADDRESS,BROOKLYN,LINDEN BOULEVARD,,Closed,,The Department of Sanitation investigated this complaint and found no violation at the location.,02/02/2024 09:09:47 PM,17 BROOKLYN,3050850075,BROOKLYN,997893,177038,PHONE,Unspecified,BROOKLYN,,,,,,,,40.65259458089108,-73.95083213431944,"(40.65259458089108, -73.95083213431944)"
60191356,01/31/2024 02:13:33 PM,02/02/2024 09:19:58 PM,DSNY,Department of Sanitation,Dirty Condition,Dog Waste,Sidewalk,11211,61 RICHARDSON STREET,RICHARDSON STREET,LORIMER STREET,LEONARD STREET,LORIMER STREET,LEONARD STREET,ADDRESS,BROOKLYN,RICHARDSON STREET,,Closed,,The Department of Sanitation investigated this complaint and found no violation at the location.,02/02/2024 09:20:01 PM,01 BROOKLYN,3027220010,BROOKLYN,998240,200998,ONLINE,Unspecified,BROOKLYN,,,,,,,,40.718358746651575,-73.94953183578768,"(40.718358746651575, -73.94953183578768)"
60191358,01/31/2024 02:05:50 PM,02/01/2024 01:08:04 PM,DSNY,Department of Sanitation,Dirty Condition,Dog Waste,Sidewalk,11377,60-10 47 AVENUE,47 AVENUE,60 STREET,61 STREET,60 STREET,61 STREET,ADDRESS,WOODSIDE,47 AVENUE,,Closed,,The Department of Sanitation investigated this complaint and found no violation at the location.,02/01/2024 01:08:06 PM,02 QUEENS,4023220001,QUEENS,1010762,208861,ONLINE,Unspecified,QUEENS,,,,,,,,40.73991208408455,-73.9043284492515,"(40.73991208408455, -73.9043284492515)"
60197734,01/31/2024 02:04:12 PM,02/01/2024 12:06:49 PM,DSNY,Department of Sanitation,Dirty Condition,Dog Waste,Sidewalk,11369,105-07 32 AVENUE,32 AVENUE,105 STREET,106 STREET,105 STREET,106 STREET,ADDRESS,EAST ELMHURST,32 AVENUE,,Closed,,The Department of Sanitation investigated this complaint and found no violation at the location.,02/01/2024 12:06:52 PM,03 QUEENS,4016920028,QUEENS,1021955,216089,ONLINE,Unspecified,QUEENS,,,,,,,,40.759710460089416,-73.86389677183521,"(40.759710460089416, -73.86389677183521)"
60191357,01/31/2024 01:55:47 PM,02/02/2024 01:02:58 PM,DSNY,Department of Sanitation,Dirty Condition,Dog Waste,Sidewalk,10459,958 HOE AVENUE,HOE AVENUE,EAST  163 STREET,ALDUS STREET,EAST  163 STREET,ALDUS STREET,ADDRESS,BRONX,HOE AVENUE,,Closed,,The Department of Sanitation investigated this complaint and found no violation at the location.,02/02/2024 01:03:03 PM,02 BRONX,2027460027,BRONX,1014604,238850,ONLINE,Unspecified,BRONX,,,,,,,,40.82221152004024,-73.89032868201265,"(40.82221152004024, -73.89032868201265)"
60191306,01/31/2024 11:13:03 AM,02/01/2024 01:25:51 PM,DSNY,Department of Sanitation,Dirty Condition,Dog Waste,Street,10457,664 GROTE STREET,GROTE STREET,CAMBRELENG AVENUE,GARDEN STREET,CAMBRELENG AVENUE,GARDEN STREET,ADDRESS,BRONX,GROTE STREET,,Closed,,The Department of Sanitation investigated this complaint and found no violation at the location.,02/01/2024 01:25:56 PM,06 BRONX,2030840017,BRONX,1015634,249427,ONLINE,Unspecified,BRONX,,,,,,,,40.85123869765949,-73.88655772677608,"(40.85123869765949, -73.88655772677608)"
60196407,01/31/2024 11:02:24 AM,02/01/2024 01:37:21 PM,DSNY,Department of Sanitation,Dirty Condition,Dog Waste,Sidewalk,10026,117 WEST  114 STREET,WEST  114 STREET,LENOX AVENUE,ST NICHOLAS AVENUE,LENOX AVENUE,ST NICHOLAS AVENUE,ADDRESS,NEW YORK,WEST  114 STREET,,Closed,,The Department of Sanitation investigated this complaint and found no violation at the location.,02/01/2024 01:37:25 PM,10 MANHATTAN,1018240019,MANHATTAN,997614,231176,ONLINE,Unspecified,MANHATTAN,,,,,,,,40.801190572782005,-73.95173010665007,"(40.801190572782005, -73.95173010665007)"
60195120,01/31/2024 11:00:44 AM,02/02/2024 12:46:33 PM,DSNY,Department of Sanitation,Dirty Condition,Dog Waste,Sidewalk,11205,218 WAVERLY AVENUE,WAVERLY AVENUE,WILLOUGHBY AVENUE,DEKALB AVENUE,WILLOUGHBY AVENUE,DEKALB AVENUE,ADDRESS,BROOKLYN,WAVERLY AVENUE,,Closed,,The Department of Sanitation investigated this complaint and found no violation at the location.,02/02/2024 12:46:38 PM,02 BROOKLYN,3019160026,BROOKLYN,993282,191058,ONLINE,Unspecified,BROOKLYN,,,,,,,,40.69108223920959,-73.96743088126506,"(40.69108223920959, -73.96743088126506)"
60197735,01/31/2024 10:45:45 AM,02/01/2024 08:44:44 PM,DSNY,Department of Sanitation,Dirty Condition,Dog Waste,Sidewalk,10469,1906 ARNOW AVENUE,ARNOW AVENUE,ELY AVENUE,GRACE AVENUE,ELY AVENUE,GRACE AVENUE,ADDRESS,BRONX,ARNOW AVENUE,,Closed,,The Department of Sanitation investigated this complaint and found no violation at the location.,02/01/2024 08:44:47 PM,12 BRONX,2047990136,BRONX,1029734,256164,PHONE,Unspecified,BRONX,,,,,,,,40.8696683258141,-73.835545500997,"(40.8696683258141, -73.835545500997)"
60195099,01/31/2024 09:59:46 AM,01/31/2024 09:14:57 PM,DSNY,Department of Sanitation,Dirty Condition,Dog Waste,Sidewalk,11223,AVENUE S,AVENUE S,AVENUE S,EAST    7 STREET,AVENUE S,EAST    7 STREET,INTERSECTION,,,,Closed,,The Department of Sanitation investigated this complaint and found no violation at the location.,01/31/2024 09:15:02 PM,15 BROOKLYN,,BROOKLYN,993973,158833,PHONE,Unspecified,BROOKLYN,,,,,,,,40.6026308628207,-73.96498560487875,"(40.6026308628207, -73.96498560487875)"
60192620,01/31/2024 09:06:08 AM,01/31/2024 09:28:34 PM,DSNY,Department of Sanitation,Dirty Condition,Dog Waste,Sidewalk,11226,2010 NEWKIRK AVENUE,NEWKIRK AVENUE,OCEAN AVENUE,EAST   21 STREET,OCEAN AVENUE,EAST   21 STREET,ADDRESS,BROOKLYN,NEWKIRK AVENUE,,Closed,,The Department of Sanitation investigated this complaint and found no violation at the location.,01/31/2024 09:28:37 PM,14 BROOKLYN,3052200042,BROOKLYN,995781,171670,ONLINE,Unspecified,BROOKLYN,,,,,,,,40.63786358208107,-73.95845272352302,"(40.63786358208107, -73.95845272352302)"
60195100,01/31/2024 05:50:26 AM,01/31/2024 06:26:00 PM,DSNY,Department of Sanitation,Dirty Condition,Dog Waste,Sidewalk,10029,230 EAST  106 STREET,EAST  106 STREET,3 AVENUE,2 AVENUE,3 AVENUE,2 AVENUE,ADDRESS,NEW YORK,EAST  106 STREET,,Closed,,The Department of Sanitation investigated this complaint and found no violation at the location.,01/31/2024 06:26:02 PM,11 MANHATTAN,1016550035,MANHATTAN,999913,227479,PHONE,Unspecified,MANHATTAN,,,,,,,,40.791039536916465,-73.94343489403855,"(40.791039536916465, -73.94343489403855)"
60185921,01/30/2024 09:03:30 PM,02/03/2024 05:47:28 AM,DSNY,Department of Sanitation,Dirty Condition,Dog Waste,Sidewalk,11416,101-40 107 STREET,107 STREET,101 AVENUE,103 AVENUE,101 AVENUE,103 AVENUE,ADDRESS,OZONE PARK,107 STREET,,Closed,,The Department of Sanitation investigated this complaint and found no violation at the location.,02/03/2024 05:47:32 AM,09 QUEENS,4094240024,QUEENS,1029848,189259,ONLINE,Unspecified,QUEENS,,,,,,,,40.686031552384094,-73.83558735289695,"(40.686031552384094, -73.83558735289695)"
60180488,01/30/2024 07:40:19 PM,01/31/2024 09:06:31 PM,DSNY,Department of Sanitation,Dirty Condition,Dog Waste,Sidewalk,11234,3311 AVENUE N,AVENUE N,EAST   34 STREET,EAST   35 STREET,EAST   34 STREET,EAST   35 STREET,ADDRESS,BROOKLYN,AVENUE N,,Closed,,The Department of Sanitation investigated this complaint and found no violation at the location.,01/31/2024 09:06:34 PM,18 BROOKLYN,3076690006,BROOKLYN,1000343,164273,ONLINE,Unspecified,BROOKLYN,,,,,,,,40.61755326403584,-73.94203304984578,"(40.61755326403584, -73.94203304984578)"
60183154,01/30/2024 04:17:14 PM,02/01/2024 01:03:08 PM,DSNY,Department of Sanitation,Dirty Condition,Dog Waste,Sidewalk,11361,43 AVENUE,43 AVENUE,43 AVENUE,219 STREET,43 AVENUE,219 STREET,INTERSECTION,,,,Closed,,The Department of Sanitation investigated this complaint and found no violation at the location.,02/01/2024 01:03:15 PM,11 QUEENS,,QUEENS,1049818,217184,PHONE,Unspecified,QUEENS,,,,,,,,40.76255321402922,-73.76330978333539,"(40.76255321402922, -73.76330978333539)"
60181853,01/30/2024 03:51:37 PM,01/31/2024 06:24:13 PM,DSNY,Department of Sanitation,Dirty Condition,Dog Waste,Sidewalk,10037,121 EAST  131 STREET,EAST  131 STREET,PARK AVENUE,LEXINGTON AVENUE,PARK AVENUE,LEXINGTON AVENUE,ADDRESS,NEW YORK,EAST  131 STREET,,Closed,,The Department of Sanitation investigated this complaint and found no violation at the location.,01/31/2024 06:24:17 PM,11 MANHATTAN,1017807501,MANHATTAN,1002026,233902,PHONE,Unspecified,MANHATTAN,,,,,,,,40.80866491604452,-73.9357870387217,"(40.80866491604452, -73.9357870387217)"
60190052,01/30/2024 03:26:56 PM,01/31/2024 01:10:23 PM,DSNY,Department of Sanitation,Dirty Condition,Dog Waste,Sidewalk,10459,881 EAST  162 STREET,EAST  162 STREET,PROSPECT AVENUE,EAST  163 STREET,PROSPECT AVENUE,EAST  163 STREET,ADDRESS,BRONX,EAST  162 STREET,,Closed,,The Department of Sanitation investigated this complaint and found no condition at the location.,01/31/2024 01:10:27 PM,02 BRONX,2026900081,BRONX,1012005,238504,PHONE,Unspecified,BRONX,,,,,,,,40.82127039726054,-73.89972048984208,"(40.82127039726054, -73.89972048984208)"
60187295,01/30/2024 02:28:47 PM,02/01/2024 12:04:27 PM,DSNY,Department of Sanitation,Dirty Condition,Dog Waste,Sidewalk,11379,64-18 71 STREET,71 STREET,PENELOPE AVENUE,JUNIPER VALLEY ROAD,PENELOPE AVENUE,JUNIPER VALLEY ROAD,ADDRESS,MIDDLE VILLAGE,71 STREET,,Closed,,The Department of Sanitation investigated this complaint and found no violation at the location.,02/01/2024 12:04:30 PM,05 QUEENS,4030280055,QUEENS,1016370,199965,ONLINE,Unspecified,QUEENS,,,,,,,,40.71547616453631,-73.88413383055294,"(40.71547616453631, -73.88413383055294)"
60184554,01/30/2024 01:50:09 PM,02/02/2024 12:46:27 PM,DSNY,Department of Sanitation,Dirty Condition,Dog Waste,Sidewalk,11205,218 WAVERLY AVENUE,WAVERLY AVENUE,WILLOUGHBY AVENUE,DEKALB AVENUE,WILLOUGHBY AVENUE,DEKALB AVENUE,ADDRESS,BROOKLYN,WAVERLY AVENUE,,Closed,,The Department of Sanitation investigated this complaint and found no violation at the location.,02/02/2024 12:46:30 PM,02 BROOKLYN,3019160026,BROOKLYN,993282,191058,ONLINE,Unspecified,BROOKLYN,,,,,,,,40.69108223920959,-73.96743088126506,"(40.69108223920959, -73.96743088126506)"
60181852,01/30/2024 12:33:28 PM,01/31/2024 01:08:47 PM,DSNY,Department of Sanitation,Dirty Condition,Dog Waste,Sidewalk,10459,1019 LONGWOOD AVENUE,LONGWOOD AVENUE,FOX STREET,SOUTHERN BOULEVARD,FOX STREET,SOUTHERN BOULEVARD,ADDRESS,BRONX,LONGWOOD AVENUE,,Closed,,The Department of Sanitation investigated this complaint and found no violation at the location.,01/31/2024 01:08:50 PM,02 BRONX,2027210042,BRONX,1012865,236791,ONLINE,Unspecified,BRONX,,,,,,,,40.81656595358092,-73.89662059532968,"(40.81656595358092, -73.89662059532968)"
60188628,01/30/2024 11:38:38 AM,01/30/2024 09:21:02 PM,DSNY,Department of Sanitation,Dirty Condition,Dog Waste,Sidewalk,11211,544 UNION AVENUE,UNION AVENUE,UNION AVENUE,LORIMER STREET,UNION AVENUE,LORIMER STREET,ADDRESS,BROOKLYN,UNION AVENUE,,Closed,,The Department of Sanitation investigated this complaint and found no violation at the location.,01/30/2024 09:21:04 PM,01 BROOKLYN,3027360001,BROOKLYN,997647,200620,ONLINE,Unspecified,BROOKLYN,,,,,,,,40.71732214543583,-73.95167180291469,"(40.71732214543583, -73.95167180291469)"
60185922,01/30/2024 11:35:26 AM,01/31/2024 03:07:57 PM,DSNY,Department of Sanitation,Dirty Condition,Dog Waste,Sidewalk,11434,120-65 167 STREET,167 STREET,120 AVENUE,BAISLEY BOULEVARD,120 AVENUE,BAISLEY BOULEVARD,ADDRESS,JAMAICA,167 STREET,,Closed,,The Department of Sanitation investigated this complaint and found no violation at the location.,01/31/2024 03:08:03 PM,12 QUEENS,4123830027,QUEENS,1046141,187390,PHONE,Unspecified,QUEENS,,,,,,,,40.680802657368275,-73.77685709232782,"(40.680802657368275, -73.77685709232782)"
60184555,01/30/2024 09:59:31 AM,01/31/2024 12:16:52 PM,DSNY,Department of Sanitation,Dirty Condition,Dog Waste,Sidewalk,10031,380 CONVENT AVENUE,CONVENT AVENUE,WEST  146 STREET,WEST  147 STREET,WEST  146 STREET,WEST  147 STREET,ADDRESS,NEW YORK,CONVENT AVENUE,,Closed,,The Department of Sanitation investigated this complaint and found no violation at the location.,01/31/2024 12:16:56 PM,09 MANHATTAN,1020610014,MANHATTAN,999295,240021,ONLINE,Unspecified,MANHATTAN,,,,,,,,40.825464923416234,-73.94563862001878,"(40.825464923416234, -73.94563862001878)"
60180487,01/30/2024 09:57:44 AM,01/31/2024 03:08:54 PM,DSNY,Department of Sanitation,Dirty Condition,Dog Waste,Sidewalk,11368,101 STREET,101 STREET,101 STREET,LEWIS AVENUE,101 STREET,LEWIS AVENUE,INTERSECTION,,,,Closed,,The Department of Sanitation investigated this complaint and found no violation at the location.,01/31/2024 03:08:58 PM,04 QUEENS,,QUEENS,1023187,209040,PHONE,Unspecified,QUEENS,,,,,,,,40.740357418930216,-73.85949045989219,"(40.740357418930216, -73.85949045989219)"
60190051,01/30/2024 08:34:00 AM,01/31/2024 03:12:29 PM,DSNY,Department of Sanitation,Dirty Condition,Dog Waste,Sidewalk,11105,21-63 48 STREET,48 STREET,21 AVENUE,DITMARS BOULEVARD,21 AVENUE,DITMARS BOULEVARD,ADDRESS,ASTORIA,48 STREET,,Closed,,The Department of Sanitation investigated this complaint and found no violation at the location.,01/31/2024 03:12:33 PM,01 QUEENS,4007600008,QUEENS,1011913,219844,ONLINE,Unspecified,QUEENS,,,,,,,,40.77005408095326,-73.90012975277666,"(40.77005408095326, -73.90012975277666)"
60188644,01/30/2024 08:29:19 AM,01/31/2024 12:28:07 PM,DSNY,Department of Sanitation,Dirty Condition,Dog Waste,Sidewalk,10030,ADAM CLAYTON POWELL JR BOULEVARD,ADAM CLAYTON POWELL JR BOULEVARD,ADAM CLAYTON POWELL JR BOULEVARD,WEST  138 STREET,ADAM CLAYTON POWELL JR BOULEVARD,WEST  138 STREET,INTERSECTION,,,,Closed,,The Department of Sanitation investigated this complaint and found no violation at the location.,01/31/2024 12:28:10 PM,10 MANHATTAN,,MANHATTAN,1000221,237020,PHONE,Unspecified,MANHATTAN,,,,,,,,40.81722640229732,-73.94229989188614,"(40.81722640229732, -73.94229989188614)"
60183153,01/30/2024 08:23:37 AM,01/31/2024 09:18:31 PM,DSNY,Department of Sanitation,Dirty Condition,Dog Waste,Sidewalk,11226,249 EAST   17 STREET,EAST   17 STREET,ALBEMARLE ROAD,BEVERLEY ROAD,ALBEMARLE ROAD,BEVERLEY ROAD,ADDRESS,BROOKLYN,EAST   17 STREET,,Closed,,The Department of Sanitation investigated this complaint and found no violation at the location.,01/31/2024 09:18:34 PM,14 BROOKLYN,3051210032,BROOKLYN,994460,174275,PHONE,Unspecified,BROOKLYN,,,,,,,,40.64501536896206,-73.96320846783166,"(40.64501536896206, -73.96320846783166)"
60190050,01/30/2024 08:21:05 AM,01/31/2024 03:11:14 PM,DSNY,Department of Sanitation,Dirty Condition,Dog Waste,Sidewalk,11358,27 AVENUE,27 AVENUE,27 AVENUE,UTOPIA PARKWAY,27 AVENUE,UTOPIA PARKWAY,INTERSECTION,,,,Closed,,The Department of Sanitation investigated this complaint and found no violation at the location.,01/31/2024 03:11:18 PM,11 QUEENS,,QUEENS,1041708,220960,PHONE,Unspecified,QUEENS,,,,,,,,40.77297375225098,-73.79255321654014,"(40.77297375225098, -73.79255321654014)"
60184537,01/30/2024 08:07:45 AM,01/30/2024 09:27:27 PM,DSNY,Department of Sanitation,Dirty Condition,Dog Waste,Sidewalk,11234,EAST   46 STREET,EAST   46 STREET,AVENUE J,AVENUE K,AVENUE J,AVENUE K,BLOCKFACE,,,,Closed,,The Department of Sanitation investigated this complaint and found no violation at the location.,01/30/2024 09:27:29 PM,Unspecified BROOKLYN,,BROOKLYN,,,PHONE,Unspecified,BROOKLYN,,,,,,,,,,
60187294,01/30/2024 08:03:42 AM,01/31/2024 01:12:26 PM,DSNY,Department of Sanitation,Dirty Condition,Dog Waste,Sidewalk,10451,730 CON VILLAGE WEST,CON VILLAGE WEST,EAST  153 STREET,EAST  156 STREET,EAST  153 STREET,EAST  156 STREET,ADDRESS,BRONX,CONCOURSE VILLAGE WEST,,Closed,,The Department of Sanitation investigated this complaint and found no violation at the location.,01/31/2024 01:12:29 PM,04 BRONX,2024430078,BRONX,1005332,238876,PHONE,Unspecified,BRONX,,,,,,,,40.82230987837714,-73.9238290231722,"(40.82230987837714, -73.9238290231722)"
60175102,01/29/2024 08:58:08 PM,01/30/2024 12:13:59 PM,DSNY,Department of Sanitation,Dirty Condition,Dog Waste,Sidewalk,11102,25-22 27 STREET,27 STREET,HOYT AVENUE SOUTH,25 ROAD,HOYT AVENUE SOUTH,25 ROAD,ADDRESS,ASTORIA,27 STREET,,Closed,,The Department of Sanitation investigated this complaint and found no violation at the location.,01/30/2024 12:14:03 PM,01 QUEENS,4008610058,QUEENS,1006248,220426,ONLINE,Unspecified,QUEENS,,,,,,,,40.7716674308575,-73.9205798811775,"(40.7716674308575, -73.9205798811775)"
60179114,01/29/2024 08:00:40 PM,01/30/2024 12:56:14 PM,DSNY,Department of Sanitation,Dirty Condition,Dog Waste,Sidewalk,10037,121 EAST  131 STREET,EAST  131 STREET,PARK AVENUE,LEXINGTON AVENUE,PARK AVENUE,LEXINGTON AVENUE,ADDRESS,NEW YORK,EAST  131 STREET,,Closed,,The Department of Sanitation investigated this complaint and found no violation at the location.,01/30/2024 12:56:17 PM,11 MANHATTAN,1017807501,MANHATTAN,1002026,233902,ONLINE,Unspecified,MANHATTAN,,,,,,,,40.80866491604452,-73.9357870387217,"(40.80866491604452, -73.9357870387217)"
60171104,01/29/2024 04:10:38 PM,02/03/2024 05:59:04 PM,DSNY,Department of Sanitation,Dirty Condition,Dog Waste,Sidewalk,10038,80 MAIDEN LANE,MAIDEN LANE,GOLD STREET,PEARL STREET,GOLD STREET,PEARL STREET,ADDRESS,NEW YORK,MAIDEN LANE,,Closed,,The Department of Sanitation investigated this complaint and found no violation at the location.,02/03/2024 05:59:07 PM,01 MANHATTAN,1000420031,MANHATTAN,982218,196898,ONLINE,Unspecified,MANHATTAN,,,,,,,,40.70711605170612,-74.00732909279688,"(40.70711605170612, -74.00732909279688)"
60175099,01/29/2024 03:10:46 PM,01/30/2024 09:18:50 PM,DSNY,Department of Sanitation,Dirty Condition,Dog Waste,Sidewalk,11211,67 RICHARDSON STREET,RICHARDSON STREET,LORIMER STREET,LEONARD STREET,LORIMER STREET,LEONARD STREET,ADDRESS,BROOKLYN,RICHARDSON STREET,,Closed,,The Department of Sanitation investigated this complaint and found no violation at the location.,01/30/2024 09:18:54 PM,01 BROOKLYN,3027220032,BROOKLYN,998300,201006,ONLINE,Unspecified,BROOKLYN,,,,,,,,40.718380609640434,-73.9493153724003,"(40.718380609640434, -73.9493153724003)"
60171084,01/29/2024 02:14:12 PM,01/29/2024 06:46:53 PM,DSNY,Department of Sanitation,Dirty Condition,Dog Waste,Sidewalk,11385,1724 HARMAN STREET,HARMAN STREET,CYPRESS AVENUE,SENECA AVENUE,CYPRESS AVENUE,SENECA AVENUE,ADDRESS,RIDGEWOOD,HARMAN STREET,,Closed,,The Department of Sanitation investigated this complaint and found no violation at the location.,01/29/2024 06:46:58 PM,05 QUEENS,4034330012,QUEENS,1008191,196178,ONLINE,Unspecified,QUEENS,,,,,,,,40.70510766693509,-73.91365130290735,"(40.70510766693509, -73.91365130290735)"
60179115,01/29/2024 02:05:57 PM,01/30/2024 01:16:22 PM,DSNY,Department of Sanitation,Dirty Condition,Dog Waste,Street,10458,2772 VALENTINE AVENUE,VALENTINE AVENUE,EAST  196 STREET,MIRIAM STREET,EAST  196 STREET,MIRIAM STREET,ADDRESS,BRONX,VALENTINE AVENUE,,Closed,,The Department of Sanitation investigated this complaint and found no condition at the location.,01/30/2024 01:16:28 PM,07 BRONX,2033010010,BRONX,1014292,255491,ONLINE,Unspecified,BRONX,,,,,,,,40.867887210874244,-73.89138140679789,"(40.867887210874244, -73.89138140679789)"
60179098,01/29/2024 01:21:06 PM,01/29/2024 08:51:35 PM,DSNY,Department of Sanitation,Dirty Condition,Dog Waste,Sidewalk,11418,83-19 116 STREET,116 STREET,MAYFAIR ROAD,CURZON ROAD,MAYFAIR ROAD,CURZON ROAD,ADDRESS,RICHMOND HILL,116 STREET,,Closed,,The Department of Sanitation investigated this complaint and found no violation at the location.,01/29/2024 08:51:39 PM,09 QUEENS,4033210063,QUEENS,1029675,196513,ONLINE,Unspecified,QUEENS,,,,,,,,40.705942952169664,-73.83616221688831,"(40.705942952169664, -73.83616221688831)"
60175100,01/29/2024 12:46:12 PM,01/31/2024 01:25:36 PM,DSNY,Department of Sanitation,Dirty Condition,Dog Waste,Sidewalk,10069,RIVERSIDE BOULEVARD,RIVERSIDE BOULEVARD,RIVERSIDE BOULEVARD,WEST   66 STREET,RIVERSIDE BOULEVARD,WEST   66 STREET,INTERSECTION,,,,Closed,,The Department of Sanitation investigated this complaint and found no violation at the location.,01/31/2024 01:25:39 PM,07 MANHATTAN,,MANHATTAN,987260,222297,PHONE,Unspecified,MANHATTAN,,,,,,,,40.77682969416485,-73.98913205483632,"(40.77682969416485, -73.98913205483632)"
60179031,01/29/2024 11:58:52 AM,01/29/2024 06:47:43 PM,DSNY,Department of Sanitation,Dirty Condition,Dog Waste,Street,11360,18-55 CORPORAL KENNEDY STREET,CORPORAL KENNEDY STREET,18 AVENUE,23 AVENUE,18 AVENUE,23 AVENUE,ADDRESS,BAYSIDE,CORPORAL KENNEDY STREET,,Closed,,The Department of Sanitation investigated this complaint and found no violation at the location.,01/29/2024 06:47:48 PM,07 QUEENS,4058780050,QUEENS,1044115,223652,ONLINE,Unspecified,QUEENS,,,,,,,,40.78034658811791,-73.78383901693856,"(40.78034658811791, -73.78383901693856)"
60169759,01/29/2024 10:53:14 AM,01/31/2024 08:08:17 PM,DSNY,Department of Sanitation,Dirty Condition,Dog Waste,Sidewalk,10029,1274 5 AVENUE,5 AVENUE,EAST  108 STREET,EAST  109 STREET,EAST  108 STREET,EAST  109 STREET,ADDRESS,NEW YORK,5 AVENUE,,Closed,,The Department of Sanitation investigated this complaint and issued a Notice of Violation.,01/31/2024 08:08:21 PM,11 MANHATTAN,1016140069,MANHATTAN,998152,229307,ONLINE,Unspecified,MANHATTAN,,,,,,,,40.79605984776229,-73.94979075566805,"(40.79605984776229, -73.94979075566805)"
60176421,01/29/2024 09:51:41 AM,01/29/2024 11:53:19 AM,DSNY,Department of Sanitation,Dirty Condition,Dog Waste,Sidewalk,11357,16-02 150 PLACE,150 PLACE,16 ROAD,17 AVENUE,16 ROAD,17 AVENUE,ADDRESS,WHITESTONE,150 PLACE,,Closed,,The Department of Sanitation investigated this complaint and found no violation at the location.,01/29/2024 11:53:22 AM,07 QUEENS,4046830046,QUEENS,1036748,224991,ONLINE,Unspecified,QUEENS,,,,,,,,40.784068606271944,-73.81042928272447,"(40.784068606271944, -73.81042928272447)"
60171083,01/29/2024 09:39:19 AM,01/29/2024 11:38:50 AM,DSNY,Department of Sanitation,Dirty Condition,Dog Waste,Sidewalk,11102,24-54 28 STREET,28 STREET,24 AVENUE,HOYT AVENUE NORTH,24 AVENUE,HOYT AVENUE NORTH,ADDRESS,ASTORIA,28 STREET,,Closed,,The Department of Sanitation investigated this complaint and found no violation at the location.,01/29/2024 11:38:54 AM,01 QUEENS,4008510056,QUEENS,1006946,220796,PHONE,Unspecified,QUEENS,,,,,,,,40.77268121920343,-73.91805862018937,"(40.77268121920343, -73.91805862018937)"
60175101,01/29/2024 08:50:28 AM,01/30/2024 01:17:27 PM,DSNY,Department of Sanitation,Dirty Condition,Dog Waste,Sidewalk,10460,1560 BOONE AVENUE,BOONE AVENUE,EAST  172 STREET,EAST  173 STREET,EAST  172 STREET,EAST  173 STREET,ADDRESS,BRONX,BOONE AVENUE,,Closed,,The Department of Sanitation investigated this complaint and found no condition at the location.,01/30/2024 01:17:31 PM,03 BRONX,2030147502,BRONX,1016070,242838,PHONE,Unspecified,BRONX,,,,,,,,40.83315227292828,-73.88501300379647,"(40.83315227292828, -73.88501300379647)"
60163846,01/28/2024 11:12:52 PM,01/29/2024 12:57:32 PM,DSNY,Department of Sanitation,Dirty Condition,Dog Waste,Sidewalk,11414,155-41 78 STREET,78 STREET,155 AVENUE,156 AVENUE,155 AVENUE,156 AVENUE,ADDRESS,HOWARD BEACH,78 STREET,,Closed,,The Department of Sanitation investigated this complaint and found no violation at the location.,01/29/2024 12:57:34 PM,10 QUEENS,4114580059,QUEENS,1024351,180870,ONLINE,Unspecified,QUEENS,,,,,,,,40.66303227817684,-73.85545775177552,"(40.66303227817684, -73.85545775177552)"
60163825,01/28/2024 05:36:29 PM,01/30/2024 12:53:43 PM,DSNY,Department of Sanitation,Dirty Condition,Dog Waste,Street,10029,1695 MADISON AVENUE,MADISON AVENUE,EAST  112 STREET,EAST  115 STREET,EAST  112 STREET,EAST  115 STREET,ADDRESS,NEW YORK,MADISON AVENUE,,Closed,,The Department of Sanitation investigated this complaint and found no violation at the location.,01/30/2024 12:53:46 PM,11 MANHATTAN,1016200023,MANHATTAN,999020,229830,PHONE,Unspecified,MANHATTAN,,,,,,,,40.79749393222475,-73.94665468854132,"(40.79749393222475, -73.94665468854132)"
60162963,01/28/2024 12:55:16 PM,01/29/2024 01:22:47 PM,DSNY,Department of Sanitation,Dirty Condition,Dog Waste,Sidewalk,11232,463 40 STREET,40 STREET,4 AVENUE,5 AVENUE,4 AVENUE,5 AVENUE,ADDRESS,BROOKLYN,40 STREET,,Closed,,The Department of Sanitation investigated this complaint and found no violation at the location.,01/29/2024 01:22:50 PM,07 BROOKLYN,3007090048,BROOKLYN,982758,176545,ONLINE,Unspecified,BROOKLYN,,,,,,,,40.65125178695431,-74.00537689476815,"(40.65125178695431, -74.00537689476815)"
60164746,01/28/2024 12:51:21 PM,01/29/2024 01:21:19 PM,DSNY,Department of Sanitation,Dirty Condition,Dog Waste,Sidewalk,10032,812 RIVERSIDE DRIVE,RIVERSIDE DRIVE,EDWARD M MORGAN PLACE,WEST  160 STREET,EDWARD M MORGAN PLACE,WEST  160 STREET,ADDRESS,NEW YORK,RIVERSIDE DRIVE,,Closed,,The Department of Sanitation investigated this complaint and found no violation at the location.,01/29/2024 01:21:22 PM,12 MANHATTAN,1021367501,MANHATTAN,999308,243673,PHONE,Unspecified,MANHATTAN,,,,,,,,40.83548859223109,-73.94558345047454,"(40.83548859223109, -73.94558345047454)"
60162964,01/28/2024 12:07:28 PM,01/30/2024 08:55:12 PM,DSNY,Department of Sanitation,Dirty Condition,Dog Waste,Sidewalk,11203,398 EAST   35 STREET,EAST   35 STREET,BEVERLEY ROAD,CORTELYOU ROAD,BEVERLEY ROAD,CORTELYOU ROAD,ADDRESS,BROOKLYN,EAST   35 STREET,,Closed,,The Department of Sanitation investigated this complaint and found no violation at the location.,01/30/2024 08:55:17 PM,17 BROOKLYN,3049340005,BROOKLYN,999744,174383,PHONE,Unspecified,BROOKLYN,,,,,,,,40.645304137767845,-73.94416743502886,"(40.645304137767845, -73.94416743502886)"
60162961,01/28/2024 05:57:42 AM,01/31/2024 09:20:39 PM,DSNY,Department of Sanitation,Dirty Condition,Dog Waste,Sidewalk,11230,299 WEBSTER AVENUE,WEBSTER AVENUE,OCEAN PARKWAY,EAST    8 STREET,OCEAN PARKWAY,EAST    8 STREET,ADDRESS,BROOKLYN,WEBSTER AVENUE,,Closed,,The Department of Sanitation investigated this complaint and found no violation at the location.,01/31/2024 09:20:42 PM,14 BROOKLYN,3054170049,BROOKLYN,992512,169942,ONLINE,Unspecified,BROOKLYN,,,,,,,,40.633124242387474,-73.97023335232221,"(40.633124242387474, -73.97023335232221)"
60162962,01/28/2024 05:54:25 AM,01/31/2024 09:22:52 PM,DSNY,Department of Sanitation,Dirty Condition,Dog Waste,Sidewalk,11230,303 WEBSTER AVENUE,WEBSTER AVENUE,OCEAN PARKWAY,EAST    8 STREET,OCEAN PARKWAY,EAST    8 STREET,ADDRESS,BROOKLYN,WEBSTER AVENUE,,Closed,,The Department of Sanitation investigated this complaint and found no violation at the location.,01/31/2024 09:22:55 PM,14 BROOKLYN,3054170045,BROOKLYN,992535,169956,ONLINE,Unspecified,BROOKLYN,,,,,,,,40.63316264793511,-73.9701504698665,"(40.63316264793511, -73.9701504698665)"
60166637,01/28/2024 03:24:56 AM,01/29/2024 11:39:51 AM,DSNY,Department of Sanitation,Dirty Condition,Dog Waste,Sidewalk,11102,25-09 25 ROAD,25 ROAD,DEAD END,27 STREET,DEAD END,27 STREET,ADDRESS,ASTORIA,25 ROAD,,Closed,,The Department of Sanitation investigated this complaint and found no violation at the location.,01/29/2024 11:39:56 AM,01 QUEENS,,QUEENS,1006030,220514,ONLINE,Unspecified,QUEENS,,,,,,,,40.77190950759276,-73.92136664828236,"(40.77190950759276, -73.92136664828236)"
60162059,01/28/2024 02:41:25 AM,02/01/2024 01:05:18 PM,DSNY,Department of Sanitation,Dirty Condition,Dog Waste,Sidewalk,11218,564 EAST    4 STREET,EAST    4 STREET,AVENUE C,CORTELYOU ROAD,AVENUE C,CORTELYOU ROAD,ADDRESS,BROOKLYN,EAST    4 STREET,,Closed,,The Department of Sanitation investigated this complaint and found no violation at the location.,02/01/2024 01:05:21 PM,12 BROOKLYN,3053720044,BROOKLYN,991027,171972,ONLINE,Unspecified,BROOKLYN,,,,,,,,40.63869742075767,-73.97558152769358,"(40.63869742075767, -73.97558152769358)"
60157177,01/27/2024 06:42:05 PM,01/29/2024 01:24:27 PM,DSNY,Department of Sanitation,Dirty Condition,Dog Waste,Sidewalk,10308,107 WILSON AVENUE,WILSON AVENUE,NOTRE DAME AVENUE,FERN AVENUE,NOTRE DAME AVENUE,FERN AVENUE,ADDRESS,STATEN ISLAND,WILSON AVENUE,,Closed,,The Department of Sanitation investigated this complaint and found no violation at the location.,01/29/2024 01:24:30 PM,03 STATEN ISLAND,5054610054,STATEN ISLAND,940553,139274,PHONE,Unspecified,STATEN ISLAND,,,,,,,,40.54884293961912,-74.15723471976833,"(40.54884293961912, -74.15723471976833)"
60161179,01/27/2024 04:43:37 PM,01/31/2024 06:25:22 PM,DSNY,Department of Sanitation,Dirty Condition,Dog Waste,Sidewalk,10029,1661 MADISON AVENUE,MADISON AVENUE,EAST  110 STREET,EAST  111 STREET,EAST  110 STREET,EAST  111 STREET,ADDRESS,NEW YORK,MADISON AVENUE,,Closed,,The Department of Sanitation investigated this complaint and found no violation at the location.,01/31/2024 06:25:26 PM,11 MANHATTAN,1016160052,MANHATTAN,998823,229474,ONLINE,Unspecified,MANHATTAN,,,,,,,,40.79651713623406,-73.94736697253326,"(40.79651713623406, -73.94736697253326)"
60161178,01/27/2024 04:30:17 PM,01/29/2024 11:40:18 AM,DSNY,Department of Sanitation,Dirty Condition,Dog Waste,Sidewalk,11104,45-11 SKILLMAN AVENUE,SKILLMAN AVENUE,45 STREET,46 STREET,45 STREET,46 STREET,ADDRESS,SUNNYSIDE,SKILLMAN AVENUE,,Closed,,The Department of Sanitation investigated this complaint and found no violation at the location.,01/29/2024 11:40:21 AM,02 QUEENS,4001540004,QUEENS,1006767,211315,ONLINE,Unspecified,QUEENS,,,,,,,,40.746658772127034,-73.9187366343984,"(40.746658772127034, -73.9187366343984)"
60158141,01/27/2024 02:28:50 PM,01/29/2024 12:56:31 PM,DSNY,Department of Sanitation,Dirty Condition,Dog Waste,Sidewalk,11429,220-19 101 AVENUE,101 AVENUE,220 STREET,221 STREET,220 STREET,221 STREET,ADDRESS,QUEENS VILLAGE,101 AVENUE,,Closed,,The Department of Sanitation investigated this complaint and found no violation at the location.,01/29/2024 12:56:34 PM,13 QUEENS,4107780038,QUEENS,1058152,199594,PHONE,Unspecified,QUEENS,,,,,,,,40.714207511788274,-73.73341876105302,"(40.714207511788274, -73.73341876105302)"
60159197,01/27/2024 02:16:36 PM,01/29/2024 08:58:47 PM,DSNY,Department of Sanitation,Dirty Condition,Dog Waste,Sidewalk,11249,420 KENT AVENUE,KENT AVENUE,SOUTH    8 STREET,SOUTH    9 STREET,SOUTH    8 STREET,SOUTH    9 STREET,ADDRESS,BROOKLYN,KENT AVENUE,,Closed,,The Department of Sanitation investigated this complaint and found no violation at the location.,01/29/2024 08:58:50 PM,01 BROOKLYN,3021340056,BROOKLYN,992976,197919,ONLINE,Unspecified,BROOKLYN,,,,,,,,40.7099143854737,-73.96852541837481,"(40.7099143854737, -73.96852541837481)"
60161177,01/27/2024 12:37:54 PM,01/30/2024 08:59:12 PM,DSNY,Department of Sanitation,Dirty Condition,Dog Waste,Sidewalk,11212,624 POWELL STREET,POWELL STREET,LOTT AVENUE,NEW LOTS AVENUE,LOTT AVENUE,NEW LOTS AVENUE,ADDRESS,BROOKLYN,POWELL STREET,,Closed,,The Department of Sanitation investigated this complaint and found no violation at the location.,01/30/2024 08:59:17 PM,16 BROOKLYN,3038570114,BROOKLYN,1011676,179283,ONLINE,Unspecified,BROOKLYN,,,,,,,,40.65872464986394,-73.90115062565745,"(40.65872464986394, -73.90115062565745)"
60158140,01/27/2024 12:33:44 PM,01/30/2024 08:59:09 PM,DSNY,Department of Sanitation,Dirty Condition,Dog Waste,Street,11212,624 POWELL STREET,POWELL STREET,LOTT AVENUE,NEW LOTS AVENUE,LOTT AVENUE,NEW LOTS AVENUE,ADDRESS,BROOKLYN,POWELL STREET,,Closed,,The Department of Sanitation investigated this complaint and found no violation at the location.,01/30/2024 08:59:12 PM,16 BROOKLYN,3038570114,BROOKLYN,1011676,179283,ONLINE,Unspecified,BROOKLYN,,,,,,,,40.65872464986394,-73.90115062565745,"(40.65872464986394, -73.90115062565745)"
60157178,01/27/2024 12:24:34 PM,01/29/2024 12:48:42 PM,DSNY,Department of Sanitation,Dirty Condition,Dog Waste,Sidewalk,11368,98-17 HORACE HARDING EXPRESSWAY,HORACE HARDING EXPRESSWAY,JUNCTION BOULEVARD,LIE WESTBOUND ENTRANCE   99 ST,JUNCTION BOULEVARD,LIE WESTBOUND ENTRANCE   99 ST,ADDRESS,CORONA,HORACE HARDING EXPRESSWAY,,Closed,,The Department of Sanitation investigated this complaint and found no violation at the location.,01/29/2024 12:48:45 PM,04 QUEENS,4019180095,QUEENS,1022940,207277,PHONE,Unspecified,QUEENS,,,,,,,,40.735519510666805,-73.86039193145226,"(40.735519510666805, -73.86039193145226)"
60155063,01/27/2024 11:22:37 AM,01/29/2024 07:29:54 PM,DSNY,Department of Sanitation,Dirty Condition,Dog Waste,Sidewalk,10026,8 WEST  118 STREET,WEST  118 STREET,5 AVENUE,LENOX AVENUE,5 AVENUE,LENOX AVENUE,ADDRESS,NEW YORK,WEST  118 STREET,,Closed,,The Department of Sanitation investigated this complaint and found no condition at the location.,01/29/2024 07:29:58 PM,10 MANHATTAN,1016010027,MANHATTAN,999264,231498,PHONE,Unspecified,MANHATTAN,,,,,,,,40.802071724836175,-73.94576969605409,"(40.802071724836175, -73.94576969605409)"
60159196,01/27/2024 10:34:48 AM,01/29/2024 09:56:51 PM,DSNY,Department of Sanitation,Dirty Condition,Dog Waste,Sidewalk,10026,2 WEST  117 STREET,WEST  117 STREET,5 AVENUE,LENOX AVENUE,5 AVENUE,LENOX AVENUE,ADDRESS,NEW YORK,WEST  117 STREET,,Closed,,The Department of Sanitation investigated this complaint and found no condition at the location.,01/29/2024 09:56:54 PM,10 MANHATTAN,1016000021,MANHATTAN,999172,231249,ONLINE,Unspecified,MANHATTAN,,,,,,,,40.80138844399363,-73.94610255173104,"(40.80138844399363, -73.94610255173104)"
60160186,01/27/2024 10:24:44 AM,02/01/2024 01:06:17 PM,DSNY,Department of Sanitation,Dirty Condition,Dog Waste,Sidewalk,11218,395 EAST    9 STREET,EAST    9 STREET,AVENUE C,CORTELYOU ROAD,AVENUE C,CORTELYOU ROAD,ADDRESS,BROOKLYN,EAST    9 STREET,,Closed,,The Department of Sanitation investigated this complaint and found no violation at the location.,02/01/2024 01:06:20 PM,12 BROOKLYN,3053780050,BROOKLYN,992621,172110,PHONE,Unspecified,BROOKLYN,,,,,,,,40.63907483819049,-73.96983795349159,"(40.63907483819049, -73.96983795349159)"
60157141,01/27/2024 08:50:52 AM,01/29/2024 01:17:00 PM,DSNY,Department of Sanitation,Dirty Condition,Dog Waste,Street,10471,4660 MANHATTAN COLLEGE PARKWAY,MANHATTAN COLLEGE PARKWAY,WEST  242 STREET,POST ROAD,WEST  242 STREET,POST ROAD,ADDRESS,BRONX,MANHATTAN COLLEGE PARKWAY,,Closed,,The Department of Sanitation investigated this complaint and found no violation at the location.,01/29/2024 01:17:03 PM,08 BRONX,2058011060,BRONX,1012176,263593,ONLINE,Unspecified,BRONX,,,,,,,,40.89013162162973,-73.89899814461879,"(40.89013162162973, -73.89899814461879)"
60149112,01/26/2024 11:32:56 PM,01/29/2024 01:19:26 PM,DSNY,Department of Sanitation,Dirty Condition,Dog Waste,Sidewalk,11231,555 HICKS STREET,HICKS STREET,SACKETT STREET,UNION STREET,SACKETT STREET,UNION STREET,ADDRESS,BROOKLYN,HICKS STREET,,Closed,,The Department of Sanitation investigated this complaint and found no violation at the location.,01/29/2024 01:19:30 PM,06 BROOKLYN,,BROOKLYN,983926,188521,ONLINE,Unspecified,BROOKLYN,,,,,,,,40.68412335886607,-74.00116821224712,"(40.68412335886607, -74.00116821224712)"
60145281,01/26/2024 07:52:53 PM,01/27/2024 05:44:00 AM,DSNY,Department of Sanitation,Dirty Condition,Dog Waste,Sidewalk,11375,108-38 64 AVENUE,64 AVENUE,108 STREET,110 STREET,108 STREET,110 STREET,ADDRESS,FOREST HILLS,64 AVENUE,,Closed,,The Department of Sanitation investigated this complaint and found no violation at the location.,01/27/2024 05:44:03 AM,06 QUEENS,4021700022,QUEENS,1026283,206477,ONLINE,Unspecified,QUEENS,,,,,,,,40.73330845542207,-73.84833415156703,"(40.73330845542207, -73.84833415156703)"
60150452,01/26/2024 07:43:30 PM,01/27/2024 01:20:21 PM,DSNY,Department of Sanitation,Dirty Condition,Dog Waste,Sidewalk,10466,978 EAST  226 STREET,EAST  226 STREET,BRONXWOOD AVENUE,PAULDING AVENUE,BRONXWOOD AVENUE,PAULDING AVENUE,ADDRESS,BRONX,EAST  226 STREET,,Closed,,The Department of Sanitation investigated this complaint and found no violation at the location.,01/27/2024 01:20:23 PM,12 BRONX,2048610001,BRONX,1025082,262119,PHONE,Unspecified,BRONX,,,,,,,,40.88603567977499,-73.8523292020227,"(40.88603567977499, -73.8523292020227)"
60146602,01/26/2024 06:39:06 PM,01/27/2024 05:44:25 AM,DSNY,Department of Sanitation,Dirty Condition,Dog Waste,Sidewalk,11104,41-15 48 STREET,48 STREET,SKILLMAN AVENUE,43 AVENUE,SKILLMAN AVENUE,43 AVENUE,ADDRESS,SUNNYSIDE,48 STREET,,Closed,,The Department of Sanitation investigated this complaint and found no violation at the location.,01/27/2024 05:44:31 AM,02 QUEENS,4001350022,QUEENS,1007469,211108,ONLINE,Unspecified,QUEENS,,,,,,,,40.746088793966884,-73.91620384775744,"(40.746088793966884, -73.91620384775744)"
60151777,01/26/2024 06:29:17 PM,01/27/2024 12:58:17 PM,DSNY,Department of Sanitation,Dirty Condition,Dog Waste,Sidewalk,10026,WEST  117 STREET,WEST  117 STREET,5 AVENUE,LENOX AVENUE,5 AVENUE,LENOX AVENUE,BLOCKFACE,,,,Closed,,The Department of Sanitation investigated this complaint and found no violation at the location.,01/27/2024 12:58:21 PM,Unspecified MANHATTAN,,MANHATTAN,,,PHONE,Unspecified,MANHATTAN,,,,,,,,,,
60150455,01/26/2024 04:15:14 PM,02/03/2024 12:05:55 PM,DSNY,Department of Sanitation,Dirty Condition,Dog Waste,Sidewalk,11214,122 BAY   43 STREET,BAY   43 STREET,BENSON AVENUE,BATH AVENUE,BENSON AVENUE,BATH AVENUE,ADDRESS,BROOKLYN,BAY   43 STREET,,Closed,,The Department of Sanitation investigated this complaint and found no violation at the location.,02/03/2024 12:05:58 PM,13 BROOKLYN,3068820080,BROOKLYN,987739,155357,ONLINE,Unspecified,BROOKLYN,,,,,,,,40.59309459225019,-73.98743723385911,"(40.59309459225019, -73.98743723385911)"
60146601,01/26/2024 03:38:56 PM,01/27/2024 12:42:26 PM,DSNY,Department of Sanitation,Dirty Condition,Dog Waste,Sidewalk,10452,1399 OGDEN AVENUE,OGDEN AVENUE,WEST  170 STREET,WEST  171 STREET,WEST  170 STREET,WEST  171 STREET,ADDRESS,BRONX,OGDEN AVENUE,,Closed,,The Department of Sanitation investigated this complaint and found no violation at the location.,01/27/2024 12:42:31 PM,04 BRONX,2025350010,BRONX,1005209,246168,ONLINE,Unspecified,BRONX,,,,,,,,40.84232460657284,-73.92425064883196,"(40.84232460657284, -73.92425064883196)"
60149111,01/26/2024 03:01:04 PM,01/27/2024 05:43:38 AM,DSNY,Department of Sanitation,Dirty Condition,Dog Waste,Sidewalk,11373,79-09 45 AVENUE,45 AVENUE,79 STREET,80 STREET,79 STREET,80 STREET,ADDRESS,ELMHURST,45 AVENUE,,Closed,,The Department of Sanitation investigated this complaint and found no violation at the location.,01/27/2024 05:43:41 AM,04 QUEENS,4015250065,QUEENS,1016010,209386,ONLINE,Unspecified,QUEENS,,,,,,,,40.74133578803596,-73.8853879886956,"(40.74133578803596, -73.8853879886956)"
60150456,01/26/2024 02:40:57 PM,01/27/2024 05:45:17 AM,DSNY,Department of Sanitation,Dirty Condition,Dog Waste,Sidewalk,11419,95-53 111 STREET,111 STREET,95 AVENUE,101 AVENUE,95 AVENUE,101 AVENUE,ADDRESS,SOUTH RICHMOND HILL,111 STREET,,Closed,,The Department of Sanitation investigated this complaint and found no violation at the location.,01/27/2024 05:45:20 AM,09 QUEENS,4094130061,QUEENS,1030333,190764,ONLINE,Unspecified,QUEENS,,,,,,,,40.690159912632474,-73.83382829903606,"(40.690159912632474, -73.83382829903606)"
60143888,01/26/2024 02:23:52 PM,01/27/2024 12:51:11 PM,DSNY,Department of Sanitation,Dirty Condition,Dog Waste,Street,11213,170 BUFFALO AVENUE,BUFFALO AVENUE,ST MARKS AVENUE,PROSPECT PLACE,ST MARKS AVENUE,PROSPECT PLACE,ADDRESS,BROOKLYN,BUFFALO AVENUE,,Closed,,The Department of Sanitation investigated this complaint and found no violation at the location.,01/27/2024 12:51:14 PM,08 BROOKLYN,3013620001,BROOKLYN,1005016,184599,PHONE,Unspecified,BROOKLYN,,,,,,,,40.67333400705715,-73.92513835179409,"(40.67333400705715, -73.92513835179409)"
60153064,01/26/2024 02:20:17 PM,01/27/2024 12:40:36 PM,DSNY,Department of Sanitation,Dirty Condition,Dog Waste,Sidewalk,10452,TUDOR PLACE,TUDOR PLACE,TUDOR PLACE,WALTON AVENUE,TUDOR PLACE,WALTON AVENUE,INTERSECTION,,,,Closed,,The Department of Sanitation investigated this complaint and found no violation at the location.,01/27/2024 12:40:40 PM,04 BRONX,,BRONX,1006413,243254,PHONE,Unspecified,BRONX,,,,,,,,40.83432358628332,-73.9199088219283,"(40.83432358628332, -73.9199088219283)"
60153065,01/26/2024 02:04:42 PM,01/27/2024 01:19:23 PM,DSNY,Department of Sanitation,Dirty Condition,Dog Waste,Sidewalk,10469,3214 GRACE AVENUE,GRACE AVENUE,BURKE AVENUE,GIVAN AVENUE,BURKE AVENUE,GIVAN AVENUE,ADDRESS,BRONX,GRACE AVENUE,,Closed,,The Department of Sanitation investigated this complaint and found no violation at the location.,01/27/2024 01:19:26 PM,12 BRONX,,BRONX,1029131,258314,PHONE,Unspecified,BRONX,,,,,,,,40.875572492464435,-73.83771133456024,"(40.875572492464435, -73.83771133456024)"
60150453,01/26/2024 01:06:50 PM,01/27/2024 05:44:20 AM,DSNY,Department of Sanitation,Dirty Condition,Dog Waste,Sidewalk,11104,41-15 48 STREET,48 STREET,SKILLMAN AVENUE,43 AVENUE,SKILLMAN AVENUE,43 AVENUE,ADDRESS,SUNNYSIDE,48 STREET,,Closed,,The Department of Sanitation investigated this complaint and found no violation at the location.,01/27/2024 05:44:23 AM,02 QUEENS,4001350022,QUEENS,1007469,211108,ONLINE,Unspecified,QUEENS,,,,,,,,40.746088793966884,-73.91620384775744,"(40.746088793966884, -73.91620384775744)"
60146600,01/26/2024 12:57:25 PM,01/27/2024 01:00:33 PM,DSNY,Department of Sanitation,Dirty Condition,Dog Waste,Sidewalk,10031,2 ST NICHOLAS PLACE,ST NICHOLAS PLACE,ST NICHOLAS AVENUE,WEST  150 STREET,ST NICHOLAS AVENUE,WEST  150 STREET,ADDRESS,NEW YORK,ST NICHOLAS PLACE,,Closed,,The Department of Sanitation investigated this complaint and found no violation at the location.,01/27/2024 01:00:36 PM,09 MANHATTAN,1020530111,MANHATTAN,1000075,240461,ONLINE,Unspecified,MANHATTAN,,,,,,,,40.82667123486151,-73.94281924625871,"(40.82667123486151, -73.94281924625871)"
60145283,01/26/2024 12:16:10 PM,01/27/2024 12:06:17 PM,DSNY,Department of Sanitation,Dirty Condition,Dog Waste,Sidewalk,11414,149-30 81 STREET,81 STREET,149 AVENUE,151 AVENUE,149 AVENUE,151 AVENUE,ADDRESS,HOWARD BEACH,81 STREET,,Closed,,The Department of Sanitation investigated this complaint and found no violation at the location.,01/27/2024 12:06:20 PM,10 QUEENS,4114120022,QUEENS,1024774,182948,PHONE,Unspecified,QUEENS,,,,,,,,40.66873399271981,-73.85392057953747,"(40.66873399271981, -73.85392057953747)"
60150454,01/26/2024 10:45:12 AM,02/01/2024 01:05:48 PM,DSNY,Department of Sanitation,Dirty Condition,Dog Waste,Sidewalk,11218,410 EAST    8 STREET,EAST    8 STREET,AVENUE C,CORTELYOU ROAD,AVENUE C,CORTELYOU ROAD,ADDRESS,BROOKLYN,EAST    8 STREET,,Closed,,The Department of Sanitation investigated this complaint and found no violation at the location.,02/01/2024 01:05:51 PM,12 BROOKLYN,3053760029,BROOKLYN,992303,172454,PHONE,Unspecified,BROOKLYN,,,,,,,,40.64001933938879,-73.97098334748286,"(40.64001933938879, -73.97098334748286)"
60143940,01/26/2024 10:26:49 AM,01/30/2024 11:59:34 AM,DSNY,Department of Sanitation,Dirty Condition,Dog Waste,Sidewalk,10303,85 GRANDVIEW AVENUE,GRANDVIEW AVENUE,RICHMOND COURT,COWEN PLACE,RICHMOND COURT,COWEN PLACE,ADDRESS,STATEN ISLAND,GRANDVIEW AVENUE,,Closed,,The Department of Sanitation investigated this complaint and found no violation at the location.,01/30/2024 11:59:37 AM,01 STATEN ISLAND,5012530001,STATEN ISLAND,938448,171612,ONLINE,Unspecified,STATEN ISLAND,,,,,,,,40.63759346856546,-74.16502833307842,"(40.63759346856546, -74.16502833307842)"
60150438,01/26/2024 09:58:53 AM,01/26/2024 09:07:09 PM,DSNY,Department of Sanitation,Dirty Condition,Dog Waste,Sidewalk,11207,387 MILLER AVENUE,MILLER AVENUE,PITKIN AVENUE,BELMONT AVENUE,PITKIN AVENUE,BELMONT AVENUE,ADDRESS,BROOKLYN,MILLER AVENUE,,Closed,,The Department of Sanitation investigated this complaint and found no violation at the location.,01/26/2024 09:07:11 PM,05 BROOKLYN,3040090001,BROOKLYN,1014509,183944,ONLINE,Unspecified,BROOKLYN,,,,,,,,40.67150882266544,-73.89091895727336,"(40.67150882266544, -73.89091895727336)"
60146588,01/26/2024 09:48:08 AM,01/26/2024 06:17:38 PM,DSNY,Department of Sanitation,Dirty Condition,Dog Waste,Sidewalk,10026,WEST  117 STREET,WEST  117 STREET,5 AVENUE,LENOX AVENUE,5 AVENUE,LENOX AVENUE,BLOCKFACE,,,,Closed,,The Department of Sanitation investigated this complaint and found no violation at the location.,01/26/2024 06:17:41 PM,Unspecified MANHATTAN,,MANHATTAN,,,PHONE,Unspecified,MANHATTAN,,,,,,,,,,
60143941,01/26/2024 08:28:46 AM,01/29/2024 01:25:28 PM,DSNY,Department of Sanitation,Dirty Condition,Dog Waste,Sidewalk,11235,2784 EAST   12 STREET,EAST   12 STREET,LAWN COURT,GUIDER AVENUE,LAWN COURT,GUIDER AVENUE,ADDRESS,BROOKLYN,EAST   12 STREET,,Closed,,The Department of Sanitation investigated this complaint and found no violation at the location.,01/29/2024 01:25:31 PM,15 BROOKLYN,3088107505,BROOKLYN,996125,151751,PHONE,Unspecified,BROOKLYN,,,,,,,,40.58318957450248,-73.95724828665979,"(40.58318957450248, -73.95724828665979)"
60145282,01/26/2024 08:24:43 AM,01/30/2024 09:29:59 PM,DSNY,Department of Sanitation,Dirty Condition,Dog Waste,Sidewalk,11234,1980 BERGEN AVENUE,BERGEN AVENUE,COVE LANE,AVENUE T,COVE LANE,AVENUE T,ADDRESS,BROOKLYN,BERGEN AVENUE,,Closed,,The Department of Sanitation investigated this complaint and found no violation at the location.,01/30/2024 09:30:02 PM,18 BROOKLYN,3083747505,BROOKLYN,1010015,166901,PHONE,Unspecified,BROOKLYN,,,,,,,,40.62474372516588,-73.90718451861994,"(40.62474372516588, -73.90718451861994)"
60150451,01/26/2024 08:00:39 AM,01/27/2024 01:17:10 PM,DSNY,Department of Sanitation,Dirty Condition,Dog Waste,Sidewalk,10468,2420 DAVIDSON AVENUE,DAVIDSON AVENUE,WEST  184 STREET,WEST FORDHAM ROAD,WEST  184 STREET,WEST FORDHAM ROAD,ADDRESS,BRONX,DAVIDSON AVENUE,,Closed,,The Department of Sanitation investigated this complaint and found no violation at the location.,01/27/2024 01:17:13 PM,07 BRONX,2031990072,BRONX,1011127,253337,ONLINE,Unspecified,BRONX,,,,,,,,40.86198534161541,-73.90283327659593,"(40.86198534161541, -73.90283327659593)"
60141390,01/25/2024 11:09:46 PM,01/26/2024 08:57:36 PM,DSNY,Department of Sanitation,Dirty Condition,Dog Waste,Sidewalk,11232,634 4 AVENUE,4 AVENUE,18 STREET,19 STREET,18 STREET,19 STREET,ADDRESS,BROOKLYN,4 AVENUE,,Closed,,The Department of Sanitation investigated this complaint and found no violation at the location.,01/26/2024 08:57:41 PM,07 BROOKLYN,3006330032,BROOKLYN,985909,181307,ONLINE,Unspecified,BROOKLYN,,,,,,,,40.66432240168991,-73.9940200962798,"(40.66432240168991, -73.9940200962798)"
60141391,01/25/2024 10:44:39 PM,01/26/2024 12:55:36 PM,DSNY,Department of Sanitation,Dirty Condition,Dog Waste,Sidewalk,11354,33-38 UNION STREET,UNION STREET,33 AVENUE,34 AVENUE,33 AVENUE,34 AVENUE,ADDRESS,FLUSHING,UNION STREET,,Closed,,The Department of Sanitation investigated this complaint and found no violation at the location.,01/26/2024 12:55:41 PM,07 QUEENS,4049550035,QUEENS,1032098,218789,ONLINE,Unspecified,QUEENS,,,,,,,,40.76707217590777,-73.82726458817804,"(40.76707217590777, -73.82726458817804)"
60135056,01/25/2024 10:07:36 PM,01/29/2024 01:24:56 PM,DSNY,Department of Sanitation,Dirty Condition,Dog Waste,Sidewalk,11229,AVENUE X,AVENUE X,AVENUE X,SHEEPSHEAD BAY ROAD,AVENUE X,SHEEPSHEAD BAY ROAD,INTERSECTION,,,,Closed,,The Department of Sanitation investigated this complaint and found no violation at the location.,01/29/2024 01:24:58 PM,15 BROOKLYN,,BROOKLYN,996005,154935,PHONE,Unspecified,BROOKLYN,,,,,,,,40.59192917870221,-73.95767476528134,"(40.59192917870221, -73.95767476528134)"
60133742,01/25/2024 10:07:12 PM,01/29/2024 01:24:19 PM,DSNY,Department of Sanitation,Dirty Condition,Dog Waste,Sidewalk,11229,EAST   13 STREET,EAST   13 STREET,EAST   13 STREET,GRAVESEND NECK ROAD,EAST   13 STREET,GRAVESEND NECK ROAD,INTERSECTION,,,,Closed,,The Department of Sanitation investigated this complaint and found no violation at the location.,01/29/2024 01:24:23 PM,15 BROOKLYN,,BROOKLYN,996064,155849,PHONE,Unspecified,BROOKLYN,,,,,,,,40.594437846421,-73.95746073083413,"(40.594437846421, -73.95746073083413)"
60142669,01/25/2024 06:45:06 PM,01/29/2024 08:57:46 PM,DSNY,Department of Sanitation,Dirty Condition,Dog Waste,Sidewalk,11222,110 HURON STREET,HURON STREET,FRANKLIN STREET,MANHATTAN AVENUE,FRANKLIN STREET,MANHATTAN AVENUE,ADDRESS,BROOKLYN,HURON STREET,,Closed,,The Department of Sanitation investigated this complaint and found no violation at the location.,01/29/2024 08:57:50 PM,01 BROOKLYN,3025320015,BROOKLYN,996179,206263,ONLINE,Unspecified,BROOKLYN,,,,,,,,40.73281290983098,-73.95695744724176,"(40.73281290983098, -73.95695744724176)"
60133740,01/25/2024 06:42:43 PM,01/29/2024 08:58:18 PM,DSNY,Department of Sanitation,Dirty Condition,Dog Waste,Sidewalk,11222,98 HURON STREET,HURON STREET,FRANKLIN STREET,MANHATTAN AVENUE,FRANKLIN STREET,MANHATTAN AVENUE,ADDRESS,BROOKLYN,HURON STREET,,Closed,,The Department of Sanitation investigated this complaint and found no violation at the location.,01/29/2024 08:58:21 PM,01 BROOKLYN,3025320008,BROOKLYN,996079,206251,ONLINE,Unspecified,BROOKLYN,,,,,,,,40.732780107086285,-73.95731829108962,"(40.732780107086285, -73.95731829108962)"
60133743,01/25/2024 06:26:42 PM,01/26/2024 09:05:57 PM,DSNY,Department of Sanitation,Dirty Condition,Dog Waste,Sidewalk,11208,387 MONTAUK AVENUE,MONTAUK AVENUE,DUMONT AVENUE,HEGEMAN AVENUE,DUMONT AVENUE,HEGEMAN AVENUE,ADDRESS,BROOKLYN,MONTAUK AVENUE,,Closed,,The Department of Sanitation investigated this complaint and found no violation at the location.,01/26/2024 09:06:01 PM,05 BROOKLYN,3044560001,BROOKLYN,1018527,182858,ONLINE,Unspecified,BROOKLYN,,,,,,,,40.66851335321025,-73.8764399597453,"(40.66851335321025, -73.8764399597453)"
60137571,01/25/2024 05:34:25 PM,01/26/2024 12:59:25 PM,DSNY,Department of Sanitation,Dirty Condition,Dog Waste,Sidewalk,10459,1000 FOX STREET,FOX STREET,EAST  163 STREET,WESTCHESTER AVENUE,EAST  163 STREET,WESTCHESTER AVENUE,ADDRESS,BRONX,FOX STREET,,Closed,,The Department of Sanitation investigated this complaint and found no violation at the location.,01/26/2024 12:59:30 PM,02 BRONX,2027247502,BRONX,1013619,239118,PHONE,Unspecified,BRONX,,,,,,,,40.822950433535865,-73.89388638564246,"(40.822950433535865, -73.89388638564246)"
60136324,01/25/2024 04:47:30 PM,01/26/2024 01:03:11 PM,DSNY,Department of Sanitation,Dirty Condition,Dog Waste,Sidewalk,10458,EAST  183 STREET,EAST  183 STREET,EAST  183 STREET,PROSPECT AVENUE,EAST  183 STREET,PROSPECT AVENUE,INTERSECTION,,,,Closed,,The Department of Sanitation investigated this complaint and found no violation at the location.,01/26/2024 01:03:16 PM,06 BRONX,,BRONX,1016391,249523,PHONE,Unspecified,BRONX,,,,,,,,40.85149946574485,-73.88382097731233,"(40.85149946574485, -73.88382097731233)"
60136325,01/25/2024 04:39:56 PM,01/30/2024 09:15:16 PM,DSNY,Department of Sanitation,Dirty Condition,Dog Waste,Sidewalk,11249,BERRY STREET,BERRY STREET,BERRY STREET,SOUTH   11 STREET,BERRY STREET,SOUTH   11 STREET,INTERSECTION,,,,Closed,,The Department of Sanitation investigated this complaint and found no violation at the location.,01/30/2024 09:15:18 PM,01 BROOKLYN,,BROOKLYN,993660,197035,PHONE,Unspecified,BROOKLYN,,,,,,,,40.70748731394371,-73.96605947393086,"(40.70748731394371, -73.96605947393086)"
60142622,01/25/2024 03:47:30 PM,01/26/2024 01:36:35 PM,DSNY,Department of Sanitation,Dirty Condition,Dog Waste,Street,10128,1598 3 AVENUE,3 AVENUE,EAST   89 STREET,EAST   90 STREET,EAST   89 STREET,EAST   90 STREET,ADDRESS,NEW YORK,3 AVENUE,,Closed,,The Department of Sanitation investigated this complaint and found no violation at the location.,01/26/2024 01:36:39 PM,08 MANHATTAN,1015180038,MANHATTAN,997466,223888,ONLINE,Unspecified,MANHATTAN,,,,,,,,40.78118720074445,-73.95227901345437,"(40.78118720074445, -73.95227901345437)"
60138804,01/25/2024 03:24:27 PM,01/26/2024 07:03:44 AM,DSNY,Department of Sanitation,Dirty Condition,Dog Waste,Sidewalk,11367,70 ROAD,70 ROAD,RABBI FABIAN SCHONFELD WAY,KISSENA BOULEVARD,RABBI FABIAN SCHONFELD WAY,KISSENA BOULEVARD,BLOCKFACE,,,,Closed,,The Department of Sanitation investigated this complaint and found no violation at the location.,01/26/2024 07:03:53 AM,Unspecified QUEENS,,QUEENS,,,PHONE,Unspecified,QUEENS,,,,,,,,,,
60133741,01/25/2024 03:21:19 PM,01/26/2024 07:02:44 AM,DSNY,Department of Sanitation,Dirty Condition,Dog Waste,Sidewalk,11367,KISSENA BOULEVARD,KISSENA BOULEVARD,JEWEL AVENUE,71 AVENUE,JEWEL AVENUE,71 AVENUE,BLOCKFACE,,,,Closed,,The Department of Sanitation investigated this complaint and found no violation at the location.,01/26/2024 07:02:52 AM,Unspecified QUEENS,,QUEENS,,,PHONE,Unspecified,QUEENS,,,,,,,,,,
60142670,01/25/2024 01:33:58 PM,01/26/2024 01:35:56 PM,DSNY,Department of Sanitation,Dirty Condition,Dog Waste,Sidewalk,10128,EAST   91 STREET,EAST   91 STREET,2 AVENUE,1 AVENUE,2 AVENUE,1 AVENUE,BLOCKFACE,,,,Closed,,The Department of Sanitation investigated this complaint and found no violation at the location.,01/26/2024 01:35:59 PM,Unspecified MANHATTAN,,MANHATTAN,,,PHONE,Unspecified,MANHATTAN,,,,,,,,,,
60136323,01/25/2024 12:32:40 PM,01/26/2024 12:56:27 PM,DSNY,Department of Sanitation,Dirty Condition,Dog Waste,Sidewalk,11432,152-11 89 AVENUE,89 AVENUE,150 STREET,153 STREET,150 STREET,153 STREET,ADDRESS,JAMAICA,89 AVENUE,,Closed,,The Department of Sanitation investigated this complaint and found no violation at the location.,01/26/2024 12:56:31 PM,12 QUEENS,4096950014,QUEENS,1038607,196239,PHONE,Unspecified,QUEENS,,,,,,,,40.70514052646012,-73.80394880749206,"(40.70514052646012, -73.80394880749206)"
60138803,01/25/2024 12:18:24 PM,01/26/2024 12:56:23 PM,DSNY,Department of Sanitation,Dirty Condition,Dog Waste,Sidewalk,11432,152-11 89 AVENUE,89 AVENUE,150 STREET,153 STREET,150 STREET,153 STREET,ADDRESS,JAMAICA,89 AVENUE,,Closed,,The Department of Sanitation investigated this complaint and found no violation at the location.,01/26/2024 12:56:26 PM,12 QUEENS,4096950014,QUEENS,1038607,196239,ONLINE,Unspecified,QUEENS,,,,,,,,40.70514052646012,-73.80394880749206,"(40.70514052646012, -73.80394880749206)"
60137570,01/25/2024 10:09:15 AM,01/27/2024 12:52:30 PM,DSNY,Department of Sanitation,Dirty Condition,Dog Waste,Sidewalk,11226,330 EAST   32 STREET,EAST   32 STREET,CLARENDON ROAD,AVENUE D,CLARENDON ROAD,AVENUE D,ADDRESS,BROOKLYN,EAST   32 STREET,,Closed,,The Department of Sanitation investigated this complaint and found no violation at the location.,01/27/2024 12:52:33 PM,17 BROOKLYN,3049480018,BROOKLYN,999020,173370,ONLINE,Unspecified,BROOKLYN,,,,,,,,40.64252490833231,-73.94677858321539,"(40.64252490833231, -73.94677858321539)"
60128650,01/25/2024 12:07:35 AM,01/26/2024 12:54:03 PM,DSNY,Department of Sanitation,Dirty Condition,Dog Waste,Sidewalk,11355,143-05 ASH AVENUE,ASH AVENUE,BOWNE STREET,SYRINGA PLACE,BOWNE STREET,SYRINGA PLACE,ADDRESS,FLUSHING,ASH AVENUE,,Closed,,The Department of Sanitation investigated this complaint and found no violation at the location.,01/26/2024 12:54:06 PM,07 QUEENS,4051840062,QUEENS,1033768,214990,ONLINE,Unspecified,QUEENS,,,,,,,,40.7566357226579,-73.8212637443431,"(40.7566357226579, -73.8212637443431)"
60126134,01/24/2024 09:41:32 PM,01/25/2024 05:57:05 AM,DSNY,Department of Sanitation,Dirty Condition,Dog Waste,Sidewalk,11360,26-17 CORPORAL KENNEDY STREET,CORPORAL KENNEDY STREET,26 AVENUE,27 AVENUE,26 AVENUE,27 AVENUE,ADDRESS,BAYSIDE,CORPORAL KENNEDY STREET,,Closed,,The Department of Sanitation investigated this complaint and found no violation at the location.,01/25/2024 05:57:08 AM,11 QUEENS,4059920002,QUEENS,1044436,222246,ONLINE,Unspecified,QUEENS,,,,,,,,40.77648532097197,-73.78269254678646,"(40.77648532097197, -73.78269254678646)"
60123639,01/24/2024 09:01:47 PM,01/25/2024 12:34:31 PM,DSNY,Department of Sanitation,Dirty Condition,Dog Waste,Sidewalk,11373,41-40 DENMAN STREET,DENMAN STREET,WHITNEY AVENUE,LAMONT AVENUE,WHITNEY AVENUE,LAMONT AVENUE,ADDRESS,ELMHURST,DENMAN STREET,,Closed,,The Department of Sanitation investigated this complaint and found no violation at the location.,01/25/2024 12:34:35 PM,04 QUEENS,4015660021,QUEENS,1019241,211140,ONLINE,Unspecified,QUEENS,,,,,,,,40.74613788130884,-73.87371920014024,"(40.74613788130884, -73.87371920014024)"
60127431,01/24/2024 06:30:34 PM,01/25/2024 12:34:49 PM,DSNY,Department of Sanitation,Dirty Condition,Dog Waste,Sidewalk,11368,103-16 OTIS AVENUE,OTIS AVENUE,60 AVENUE,XENIA STREET,60 AVENUE,XENIA STREET,ADDRESS,CORONA,OTIS AVENUE,,Closed,,The Department of Sanitation investigated this complaint and found no violation at the location.,01/25/2024 12:34:54 PM,04 QUEENS,4019560131,QUEENS,1024202,207984,ONLINE,Unspecified,QUEENS,,,,,,,,40.73745443776895,-73.8558339704078,"(40.73745443776895, -73.8558339704078)"
60127432,01/24/2024 05:37:26 PM,01/25/2024 01:13:32 PM,DSNY,Department of Sanitation,Dirty Condition,Dog Waste,Sidewalk,10128,310 EAST   91 STREET,EAST   91 STREET,2 AVENUE,1 AVENUE,2 AVENUE,1 AVENUE,ADDRESS,NEW YORK,EAST   91 STREET,,Closed,,The Department of Sanitation investigated this complaint and found no violation at the location.,01/25/2024 01:13:39 PM,08 MANHATTAN,1015530045,MANHATTAN,998401,223759,ONLINE,Unspecified,MANHATTAN,,,,,,,,40.78083168244893,-73.94890314165228,"(40.78083168244893, -73.94890314165228)"
60131099,01/24/2024 04:40:56 PM,01/26/2024 06:04:21 AM,DSNY,Department of Sanitation,Dirty Condition,Dog Waste,Sidewalk,11422,254-23 147 DRIVE,147 DRIVE,253 STREET,WELLER LANE,253 STREET,WELLER LANE,ADDRESS,ROSEDALE,147 DRIVE,,Closed,,The Department of Sanitation investigated this complaint and found no violation at the location.,01/26/2024 06:04:25 AM,13 QUEENS,,QUEENS,1057859,178326,PHONE,Unspecified,QUEENS,,,,,,,,40.65583442437712,-73.73470801641841,"(40.65583442437712, -73.73470801641841)"
60132400,01/24/2024 01:01:36 PM,01/25/2024 08:41:44 PM,DSNY,Department of Sanitation,Dirty Condition,Dog Waste,Sidewalk,10462,GLOVER STREET,GLOVER STREET,GLOVER STREET,LYON AVENUE,GLOVER STREET,LYON AVENUE,INTERSECTION,,,,Closed,,The Department of Sanitation investigated this complaint and found no violation at the location.,01/25/2024 08:41:49 PM,10 BRONX,,BRONX,1025887,244124,PHONE,Unspecified,BRONX,,,,,,,,40.83664114039833,-73.8495296790809,"(40.83664114039833, -73.8495296790809)"
60129878,01/24/2024 12:59:15 PM,01/26/2024 06:05:13 AM,DSNY,Department of Sanitation,Dirty Condition,Dog Waste,Sidewalk,11422,135-08 234 STREET,234 STREET,135 AVENUE,137 AVENUE,135 AVENUE,137 AVENUE,ADDRESS,ROSEDALE,234 STREET,,Closed,,The Department of Sanitation investigated this complaint and found no violation at the location.,01/26/2024 06:05:17 AM,13 QUEENS,4131680038,QUEENS,1057111,184422,PHONE,Unspecified,QUEENS,,,,,,,,40.67257270452279,-73.73733796597502,"(40.67257270452279, -73.73733796597502)"
60124882,01/24/2024 12:51:30 PM,01/24/2024 08:44:28 PM,DSNY,Department of Sanitation,Dirty Condition,Dog Waste,Sidewalk,10030,7 AVENUE,7 AVENUE,7 AVENUE,WEST  135 STREET,7 AVENUE,WEST  135 STREET,INTERSECTION,,,,Closed,,The Department of Sanitation investigated this complaint and found no violation at the location.,01/24/2024 08:44:33 PM,10 MANHATTAN,,MANHATTAN,999834,236320,PHONE,Unspecified,MANHATTAN,,,,,,,,40.815305790064706,-73.94369967242862,"(40.815305790064706, -73.94369967242862)"
60127433,01/24/2024 12:34:34 PM,01/25/2024 01:03:20 PM,DSNY,Department of Sanitation,Dirty Condition,Dog Waste,Sidewalk,10468,138W EAST KINGSBRIDGE ROAD,EAST KINGSBRIDGE ROAD,CRESTON AVENUE,GRAND CONCOURSE,CRESTON AVENUE,GRAND CONCOURSE,ADDRESS,BRONX,EAST KINGSBRIDGE ROAD,,Closed,,The Department of Sanitation investigated this complaint and found no violation at the location.,01/25/2024 01:03:23 PM,07 BRONX,,BRONX,1013287,254940,PHONE,Unspecified,BRONX,,,,,,,,40.86637824772647,-73.89501742659635,"(40.86637824772647, -73.89501742659635)"
60126133,01/24/2024 11:46:06 AM,01/26/2024 06:03:54 AM,DSNY,Department of Sanitation,Dirty Condition,Dog Waste,Sidewalk,11429,215-31 112 AVENUE,112 AVENUE,DELEVAN STREET,SPRINGFIELD BOULEVARD,DELEVAN STREET,SPRINGFIELD BOULEVARD,ADDRESS,QUEENS VILLAGE,112 AVENUE,,Closed,,The Department of Sanitation investigated this complaint and found no violation at the location.,01/26/2024 06:03:58 AM,13 QUEENS,4111420009,QUEENS,1055925,196488,PHONE,Unspecified,QUEENS,,,,,,,,40.70570063761209,-73.74148507170004,"(40.70570063761209, -73.74148507170004)"
60124896,01/24/2024 11:28:30 AM,01/25/2024 09:01:14 PM,DSNY,Department of Sanitation,Dirty Condition,Dog Waste,Sidewalk,11236,1429 EAST   89 STREET,EAST   89 STREET,AVENUE N,SEAVIEW AVENUE,AVENUE N,SEAVIEW AVENUE,ADDRESS,BROOKLYN,EAST   89 STREET,,Closed,,The Department of Sanitation investigated this complaint and found no violation at the location.,01/25/2024 09:01:18 PM,18 BROOKLYN,3080860024,BROOKLYN,1012825,169202,PHONE,Unspecified,BROOKLYN,,,,,,,,40.6310508635945,-73.89705208047678,"(40.6310508635945, -73.89705208047678)"
60129877,01/24/2024 11:02:39 AM,01/25/2024 06:02:18 AM,DSNY,Department of Sanitation,Dirty Condition,Dog Waste,Street,11385,67-45 COOPER AVENUE,COOPER AVENUE,67 PLACE,68 STREET,67 PLACE,68 STREET,ADDRESS,RIDGEWOOD,COOPER AVENUE,,Closed,,The Department of Sanitation investigated this complaint and found no violation at the location.,01/25/2024 06:02:24 AM,05 QUEENS,4037020050,QUEENS,1016407,194436,ONLINE,Unspecified,QUEENS,,,,,,,,40.70030024594739,-73.88402676648906,"(40.70030024594739, -73.88402676648906)"
60128651,01/24/2024 10:32:28 AM,01/25/2024 08:39:19 PM,DSNY,Department of Sanitation,Dirty Condition,Dog Waste,Sidewalk,10461,2136 CONTINENTAL AVENUE,CONTINENTAL AVENUE,EAST  197 STREET,HUTCHINSON RIVER PARKWAY EAST,EAST  197 STREET,HUTCHINSON RIVER PARKWAY EAST,ADDRESS,BRONX,CONTINENTAL AVENUE,,Closed,,The Department of Sanitation investigated this complaint and found no violation at the location.,01/25/2024 08:39:24 PM,10 BRONX,2042500021,BRONX,1030927,250731,PHONE,Unspecified,BRONX,,,,,,,,40.85475018001091,-73.83126987191693,"(40.85475018001091, -73.83126987191693)"
60132399,01/24/2024 10:24:33 AM,01/26/2024 12:30:09 PM,DSNY,Department of Sanitation,Dirty Condition,Dog Waste,Sidewalk,10314,1290 RICHMOND AVENUE,RICHMOND AVENUE,DEPPE PLACE,WEST CASWELL AVENUE,DEPPE PLACE,WEST CASWELL AVENUE,ADDRESS,STATEN ISLAND,RICHMOND AVENUE,,Closed,,The Department of Sanitation investigated this complaint and found no violation at the location.,01/26/2024 12:30:12 PM,01 STATEN ISLAND,5016440074,STATEN ISLAND,940837,164103,PHONE,Unspecified,STATEN ISLAND,,,,,,,,40.61699490686891,-74.15637229291762,"(40.61699490686891, -74.15637229291762)"
60126121,01/24/2024 09:35:05 AM,01/24/2024 09:23:07 PM,DSNY,Department of Sanitation,Dirty Condition,Dog Waste,Sidewalk,11207,712 NEW LOTS AVENUE,NEW LOTS AVENUE,WARWICK STREET,WARWICK STREET,WARWICK STREET,WARWICK STREET,ADDRESS,BROOKLYN,NEW LOTS AVENUE,,Closed,,The Department of Sanitation investigated this complaint and found no violation at the location.,01/24/2024 09:23:11 PM,05 BROOKLYN,3043110104,BROOKLYN,1016423,181864,ONLINE,Unspecified,BROOKLYN,,,,,,,,40.66579294273858,-73.88402908982803,"(40.66579294273858, -73.88402908982803)"
60127419,01/24/2024 09:34:30 AM,01/24/2024 09:23:56 PM,DSNY,Department of Sanitation,Dirty Condition,Dog Waste,Sidewalk,11207,716 NEW LOTS AVENUE,NEW LOTS AVENUE,WARWICK STREET,WARWICK STREET,WARWICK STREET,WARWICK STREET,ADDRESS,BROOKLYN,NEW LOTS AVENUE,,Closed,,The Department of Sanitation investigated this complaint and found no violation at the location.,01/24/2024 09:23:59 PM,05 BROOKLYN,3043110105,BROOKLYN,1016440,181873,ONLINE,Unspecified,BROOKLYN,,,,,,,,40.66581758392623,-73.88396776866702,"(40.66581758392623, -73.88396776866702)"
60131026,01/24/2024 08:57:05 AM,01/24/2024 09:24:23 PM,DSNY,Department of Sanitation,Dirty Condition,Dog Waste,Street,11239,526 SCHROEDERS AVENUE,SCHROEDERS AVENUE,ELTON STREET,ESSEX STREET,ELTON STREET,ESSEX STREET,ADDRESS,BROOKLYN,SCHROEDERS AVENUE,,Closed,,The Department of Sanitation investigated this complaint and found no violation at the location.,01/24/2024 09:24:26 PM,05 BROOKLYN,3044527505,BROOKLYN,1019630,177965,ONLINE,Unspecified,BROOKLYN,,,,,,,,40.655078823851085,-73.87248959993701,"(40.655078823851085, -73.87248959993701)"
60127434,01/24/2024 08:49:06 AM,01/29/2024 01:28:17 PM,DSNY,Department of Sanitation,Dirty Condition,Dog Waste,Sidewalk,11206,755 PARK AVENUE,PARK AVENUE,TOMPKINS AVENUE,DELMONICO PLACE,TOMPKINS AVENUE,DELMONICO PLACE,ADDRESS,BROOKLYN,PARK AVENUE,,Closed,,The Department of Sanitation investigated this complaint and issued a Notice of Violation.,01/29/2024 01:28:20 PM,03 BROOKLYN,3017310030,BROOKLYN,999386,193606,PHONE,Unspecified,BROOKLYN,,,,,,,,40.69806757311442,-73.94541432103931,"(40.69806757311442, -73.94541432103931)"
60132398,01/24/2024 08:43:27 AM,01/25/2024 01:04:30 PM,DSNY,Department of Sanitation,Dirty Condition,Dog Waste,Sidewalk,10467,3260 PERRY AVENUE,PERRY AVENUE,EAST  207 STREET,HOLT PLACE,EAST  207 STREET,HOLT PLACE,ADDRESS,BRONX,PERRY AVENUE,,Closed,,The Department of Sanitation investigated this complaint and found no violation at the location.,01/25/2024 01:04:34 PM,07 BRONX,2033470010,BRONX,1018517,258459,PHONE,Unspecified,BRONX,,,,,,,,40.87601806256551,-73.8760905140511,"(40.87601806256551, -73.8760905140511)"
60129876,01/24/2024 08:16:23 AM,01/25/2024 06:01:58 AM,DSNY,Department of Sanitation,Dirty Condition,Dog Waste,Sidewalk,11385,1816 STOCKHOLM STREET,STOCKHOLM STREET,SENECA AVENUE,ONDERDONK AVENUE,SENECA AVENUE,ONDERDONK AVENUE,ADDRESS,RIDGEWOOD,STOCKHOLM STREET,,Closed,,The Department of Sanitation investigated this complaint and found no violation at the location.,01/25/2024 06:02:03 AM,05 QUEENS,4034260021,QUEENS,1007886,197059,ONLINE,Unspecified,QUEENS,,,,,,,,40.707526622915125,-73.91474826208298,"(40.707526622915125, -73.91474826208298)"
60128652,01/24/2024 07:23:59 AM,01/26/2024 09:03:28 PM,DSNY,Department of Sanitation,Dirty Condition,Dog Waste,Sidewalk,11231,29 TIFFANY PLACE,TIFFANY PLACE,KANE STREET,DEGRAW STREET,KANE STREET,DEGRAW STREET,ADDRESS,BROOKLYN,TIFFANY PLACE,,Closed,,The Department of Sanitation investigated this complaint and found no violation at the location.,01/26/2024 09:03:33 PM,06 BROOKLYN,3003207503,BROOKLYN,984035,189557,ONLINE,Unspecified,BROOKLYN,,,,,,,,40.68696694528379,-74.00077523562966,"(40.68696694528379, -74.00077523562966)"
60116061,01/24/2024 12:27:59 AM,01/24/2024 01:14:25 PM,DSNY,Department of Sanitation,Dirty Condition,Dog Waste,Sidewalk,10314,236 GOWER STREET,GOWER STREET,SOUTH GANNON AVENUE,WESTWOOD AVENUE,SOUTH GANNON AVENUE,WESTWOOD AVENUE,ADDRESS,STATEN ISLAND,GOWER STREET,,Closed,,The Department of Sanitation investigated this complaint and found no violation at the location.,01/24/2024 01:14:29 PM,02 STATEN ISLAND,5007520274,STATEN ISLAND,949838,160426,ONLINE,Unspecified,STATEN ISLAND,,,,,,,,40.6069418402101,-74.12393227806095,"(40.6069418402101, -74.12393227806095)"
60116060,01/23/2024 10:26:57 PM,01/24/2024 01:14:52 PM,DSNY,Department of Sanitation,Dirty Condition,Dog Waste,Sidewalk,10314,626 WESTWOOD AVENUE,WESTWOOD AVENUE,BRADLEY AVENUE,DEAD END,BRADLEY AVENUE,DEAD END,ADDRESS,STATEN ISLAND,WESTWOOD AVENUE,,Closed,,The Department of Sanitation investigated this complaint and found no violation at the location.,01/24/2024 01:14:56 PM,02 STATEN ISLAND,5007740086,STATEN ISLAND,947587,159931,ONLINE,Unspecified,STATEN ISLAND,,,,,,,,40.60557414062486,-74.13203638942025,"(40.60557414062486, -74.13203638942025)"
60117362,01/23/2024 08:08:08 PM,01/24/2024 09:24:54 PM,DSNY,Department of Sanitation,Dirty Condition,Dog Waste,Sidewalk,11208,387 MONTAUK AVENUE,MONTAUK AVENUE,DUMONT AVENUE,HEGEMAN AVENUE,DUMONT AVENUE,HEGEMAN AVENUE,ADDRESS,BROOKLYN,MONTAUK AVENUE,,Closed,,The Department of Sanitation investigated this complaint and found no violation at the location.,01/24/2024 09:24:57 PM,05 BROOKLYN,3044560001,BROOKLYN,1018527,182858,PHONE,Unspecified,BROOKLYN,,,,,,,,40.66851335321025,-73.8764399597453,"(40.66851335321025, -73.8764399597453)"
60119927,01/23/2024 07:26:03 PM,01/24/2024 12:24:06 PM,DSNY,Department of Sanitation,Dirty Condition,Dog Waste,Sidewalk,10467,EAST  208 STREET,EAST  208 STREET,EAST  208 STREET,KOSSUTH AVENUE,EAST  208 STREET,KOSSUTH AVENUE,INTERSECTION,,,,Closed,,The Department of Sanitation investigated this complaint and found no violation at the location.,01/24/2024 12:24:11 PM,07 BRONX,,BRONX,1016862,259609,PHONE,Unspecified,BRONX,,,,,,,,40.87918072424597,-73.88206938893245,"(40.87918072424597, -73.88206938893245)"
60118638,01/23/2024 03:24:24 PM,01/27/2024 01:23:21 PM,DSNY,Department of Sanitation,Dirty Condition,Dog Waste,Sidewalk,11211,341 SOUTH    4 STREET,SOUTH    4 STREET,KEAP STREET,HOOPER STREET,KEAP STREET,HOOPER STREET,ADDRESS,BROOKLYN,SOUTH    4 STREET,,Closed,,The Department of Sanitation investigated this complaint and found no violation at the location.,01/27/2024 01:23:25 PM,01 BROOKLYN,3024370036,BROOKLYN,996975,197472,ONLINE,Unspecified,BROOKLYN,,,,,,,,40.70868262895758,-73.95410191840527,"(40.70868262895758, -73.95410191840527)"
60121207,01/23/2024 02:58:54 PM,01/24/2024 01:17:32 PM,DSNY,Department of Sanitation,Dirty Condition,Dog Waste,Sidewalk,10458,2444 CAMBRELENG AVENUE,CAMBRELENG AVENUE,EAST  188 STREET,EAST  189 STREET,EAST  188 STREET,EAST  189 STREET,ADDRESS,BRONX,CAMBRELENG AVENUE,,Closed,,The Department of Sanitation investigated this complaint and found no violation at the location.,01/24/2024 01:17:36 PM,06 BRONX,2030900043,BRONX,1016239,251068,PHONE,Unspecified,BRONX,,,,,,,,40.85574057925594,-73.88436303380888,"(40.85574057925594, -73.88436303380888)"
60113347,01/23/2024 02:34:51 PM,01/26/2024 09:09:30 PM,DSNY,Department of Sanitation,Dirty Condition,Dog Waste,Sidewalk,11201,177 MYRTLE AVENUE,MYRTLE AVENUE,PRINCE STREET,FLEET PLACE,PRINCE STREET,FLEET PLACE,ADDRESS,BROOKLYN,MYRTLE AVENUE,,Closed,,The Department of Sanitation investigated this complaint and found no violation at the location.,01/26/2024 09:09:33 PM,02 BROOKLYN,3020500001,BROOKLYN,989157,191979,ONLINE,Unspecified,BROOKLYN,,,,,,,,40.69361341975755,-73.9823048350059,"(40.69361341975755, -73.9823048350059)"
60118639,01/23/2024 02:09:33 PM,01/25/2024 09:02:00 PM,DSNY,Department of Sanitation,Dirty Condition,Dog Waste,Sidewalk,11236,726 EAST   85 STREET,EAST   85 STREET,GLENWOOD ROAD,FLATLANDS AVENUE,GLENWOOD ROAD,FLATLANDS AVENUE,ADDRESS,BROOKLYN,EAST   85 STREET,,Closed,,The Department of Sanitation investigated this complaint and found no violation at the location.,01/25/2024 09:02:03 PM,18 BROOKLYN,3080050047,BROOKLYN,1008979,172094,PHONE,Unspecified,BROOKLYN,,,,,,,,40.63900035625941,-73.91089755949655,"(40.63900035625941, -73.91089755949655)"
60119928,01/23/2024 01:22:19 PM,01/24/2024 04:28:03 PM,DSNY,Department of Sanitation,Dirty Condition,Dog Waste,Sidewalk,10472,WATSON AVENUE,WATSON AVENUE,WATSON AVENUE,WHEELER AVENUE,WATSON AVENUE,WHEELER AVENUE,INTERSECTION,,,,Closed,,The Department of Sanitation investigated this complaint and found no violation at the location.,01/24/2024 04:28:06 PM,09 BRONX,,BRONX,1017599,240200,PHONE,Unspecified,BRONX,,,,,,,,40.82590608376135,-73.87950082181479,"(40.82590608376135, -73.87950082181479)"
60117361,01/23/2024 12:51:12 PM,01/24/2024 01:15:16 PM,DSNY,Department of Sanitation,Dirty Condition,Dog Waste,Sidewalk,10457,235 EAST  173 STREET,EAST  173 STREET,WEEKS AVENUE,MONROE AVENUE,WEEKS AVENUE,MONROE AVENUE,ADDRESS,BRONX,EAST  173 STREET,,Closed,,The Department of Sanitation investigated this complaint and found no violation at the location.,01/24/2024 01:15:19 PM,04 BRONX,2027920058,BRONX,1009837,246670,PHONE,Unspecified,BRONX,,,,,,,,40.8436902517543,-73.9075223743418,"(40.8436902517543, -73.9075223743418)"
60117363,01/23/2024 11:53:32 AM,01/26/2024 06:05:48 AM,DSNY,Department of Sanitation,Dirty Condition,Dog Waste,Sidewalk,11692,6006 BEACH FRONT ROAD,BEACH FRONT ROAD,BEACH   60 STREET,BEACH   61 STREET,BEACH   60 STREET,BEACH   61 STREET,ADDRESS,ARVERNE,BEACH FRONT ROAD,,Closed,,The Department of Sanitation investigated this complaint and found no violation at the location.,01/26/2024 06:05:52 AM,14 QUEENS,4159327501,QUEENS,1042717,153894,PHONE,Unspecified,QUEENS,,,,,,,,40.588886809183066,-73.78949221235573,"(40.588886809183066, -73.78949221235573)"
60114673,01/23/2024 10:05:34 AM,01/24/2024 12:23:29 PM,DSNY,Department of Sanitation,Dirty Condition,Dog Waste,Sidewalk,10474,1325 LAFAYETTE AVENUE,LAFAYETTE AVENUE,BRYANT AVENUE,LONGFELLOW AVENUE,BRYANT AVENUE,LONGFELLOW AVENUE,ADDRESS,BRONX,LAFAYETTE AVENUE,,Closed,,The Department of Sanitation investigated this complaint and found no violation at the location.,01/24/2024 12:23:33 PM,02 BRONX,2027620181,BRONX,1015853,236949,PHONE,Unspecified,BRONX,,,,,,,,40.81698943474975,-73.88582490713617,"(40.81698943474975, -73.88582490713617)"
60117364,01/23/2024 10:01:22 AM,01/24/2024 12:23:21 PM,DSNY,Department of Sanitation,Dirty Condition,Dog Waste,Sidewalk,10474,1325 LAFAYETTE AVENUE,LAFAYETTE AVENUE,BRYANT AVENUE,LONGFELLOW AVENUE,BRYANT AVENUE,LONGFELLOW AVENUE,ADDRESS,BRONX,LAFAYETTE AVENUE,,Closed,,The Department of Sanitation investigated this complaint and found no violation at the location.,01/24/2024 12:23:25 PM,02 BRONX,2027620181,BRONX,1015853,236949,PHONE,Unspecified,BRONX,,,,,,,,40.81698943474975,-73.88582490713617,"(40.81698943474975, -73.88582490713617)"
60122466,01/23/2024 09:15:06 AM,01/26/2024 06:38:39 AM,DSNY,Department of Sanitation,Dirty Condition,Dog Waste,Sidewalk,10468,2420 DAVIDSON AVENUE,DAVIDSON AVENUE,WEST  184 STREET,WEST FORDHAM ROAD,WEST  184 STREET,WEST FORDHAM ROAD,ADDRESS,BRONX,DAVIDSON AVENUE,,Closed,,The Department of Sanitation investigated this complaint and found no violation at the location.,01/26/2024 06:38:43 AM,07 BRONX,2031990072,BRONX,1011127,253337,PHONE,Unspecified,BRONX,,,,,,,,40.86198534161541,-73.90283327659593,"(40.86198534161541, -73.90283327659593)"
60106397,01/23/2024 12:45:52 AM,01/25/2024 01:04:01 PM,DSNY,Department of Sanitation,Dirty Condition,Dog Waste,Sidewalk,11413,123-15 197 STREET,197 STREET,NASHVILLE BOULEVARD,WILLIAMSON AVENUE,NASHVILLE BOULEVARD,WILLIAMSON AVENUE,ADDRESS,SPRINGFIELD GARDENS,197 STREET,,Closed,,The Department of Sanitation investigated this complaint and found no violation at the location.,01/25/2024 01:04:06 PM,12 QUEENS,4127330095,QUEENS,1053374,189339,ONLINE,Unspecified,QUEENS,,,,,,,,40.68609866850658,-73.75075924560142,"(40.68609866850658, -73.75075924560142)"
60111986,01/22/2024 08:22:52 PM,01/26/2024 06:04:49 AM,DSNY,Department of Sanitation,Dirty Condition,Dog Waste,Sidewalk,11428,94-55 224 STREET,224 STREET,JAMAICA AVENUE,95 AVENUE,JAMAICA AVENUE,95 AVENUE,ADDRESS,QUEENS VILLAGE,224 STREET,,Closed,,The Department of Sanitation investigated this complaint and found no violation at the location.,01/26/2024 06:04:53 AM,13 QUEENS,4108140042,QUEENS,1058888,202022,ONLINE,Unspecified,QUEENS,,,,,,,,40.720865579216984,-73.73073693713947,"(40.720865579216984, -73.73073693713947)"
60106400,01/22/2024 06:38:49 PM,01/25/2024 09:03:30 PM,DSNY,Department of Sanitation,Dirty Condition,Dog Waste,Sidewalk,11229,1702 EAST   26 STREET,EAST   26 STREET,QUENTIN ROAD,AVENUE R,QUENTIN ROAD,AVENUE R,ADDRESS,BROOKLYN,EAST   26 STREET,,Closed,,The Department of Sanitation investigated this complaint and found no violation at the location.,01/25/2024 09:03:33 PM,15 BROOKLYN,3068080009,BROOKLYN,998858,161167,ONLINE,Unspecified,BROOKLYN,,,,,,,,40.60903050909287,-73.9473887346282,"(40.60903050909287, -73.9473887346282)"
60102159,01/22/2024 04:54:14 PM,01/24/2024 07:58:03 AM,DSNY,Department of Sanitation,Dirty Condition,Dog Waste,Sidewalk,11212,214 ROCKAWAY PARKWAY,ROCKAWAY PARKWAY,WINTHROP STREET,CLARKSON AVENUE,WINTHROP STREET,CLARKSON AVENUE,ADDRESS,BROOKLYN,ROCKAWAY PARKWAY,,Closed,,The Department of Sanitation investigated this complaint and found no violation at the location.,01/24/2024 07:58:08 AM,17 BROOKLYN,3046320025,BROOKLYN,1006187,180410,ONLINE,Unspecified,BROOKLYN,,,,,,,,40.66183331534403,-73.9209305179595,"(40.66183331534403, -73.9209305179595)"
60103530,01/22/2024 03:38:01 PM,01/25/2024 06:37:32 AM,DSNY,Department of Sanitation,Dirty Condition,Dog Waste,Sidewalk,11435,147-36 94 AVENUE,94 AVENUE,SUTPHIN BOULEVARD,148 STREET,SUTPHIN BOULEVARD,148 STREET,ADDRESS,JAMAICA,94 AVENUE,,Closed,,The Department of Sanitation investigated this complaint and found no violation at the location.,01/25/2024 06:37:39 AM,12 QUEENS,4099997501,QUEENS,1037968,194094,PHONE,Unspecified,QUEENS,,,,,,,,40.699256921088654,-73.80627061223024,"(40.699256921088654, -73.80627061223024)"
60103531,01/22/2024 03:37:06 PM,01/25/2024 06:37:26 AM,DSNY,Department of Sanitation,Dirty Condition,Dog Waste,Sidewalk,11435,147-36 94 AVENUE,94 AVENUE,SUTPHIN BOULEVARD,148 STREET,SUTPHIN BOULEVARD,148 STREET,ADDRESS,JAMAICA,94 AVENUE,,Closed,,The Department of Sanitation investigated this complaint and found no violation at the location.,01/25/2024 06:37:28 AM,12 QUEENS,4099997501,QUEENS,1037968,194094,PHONE,Unspecified,QUEENS,,,,,,,,40.699256921088654,-73.80627061223024,"(40.699256921088654, -73.80627061223024)"
60107820,01/22/2024 03:08:47 PM,01/24/2024 12:21:41 PM,DSNY,Department of Sanitation,Dirty Condition,Dog Waste,Sidewalk,10029,1385 5 AVENUE,5 AVENUE,EAST  112 STREET,EAST  115 STREET,EAST  112 STREET,EAST  115 STREET,ADDRESS,NEW YORK,5 AVENUE,,Closed,,The Department of Sanitation investigated this complaint and found no violation at the location.,01/24/2024 12:21:45 PM,11 MANHATTAN,1016180001,MANHATTAN,998812,230508,PHONE,Unspecified,MANHATTAN,,,,,,,,40.79935520244596,-73.94740445874218,"(40.79935520244596, -73.94740445874218)"
60106399,01/22/2024 02:20:45 PM,01/23/2024 12:54:05 PM,DSNY,Department of Sanitation,Dirty Condition,Dog Waste,Street,10027,321 ST NICHOLAS AVENUE,ST NICHOLAS AVENUE,WEST  125 STREET,WEST  126 STREET,WEST  125 STREET,WEST  126 STREET,ADDRESS,NEW YORK,ST NICHOLAS AVENUE,,Closed,,The Department of Sanitation investigated this complaint and found no violation at the location.,01/23/2024 12:54:09 PM,09 MANHATTAN,1019520051,MANHATTAN,997478,234860,ONLINE,Unspecified,MANHATTAN,,,,,,,,40.81130233989879,-73.95221407077962,"(40.81130233989879, -73.95221407077962)"
60110604,01/22/2024 01:57:28 PM,01/23/2024 01:07:41 PM,DSNY,Department of Sanitation,Dirty Condition,Dog Waste,Sidewalk,10462,1265 OLMSTEAD AVENUE,OLMSTEAD AVENUE,NEWBOLD AVENUE,WESTCHESTER AVENUE,NEWBOLD AVENUE,WESTCHESTER AVENUE,ADDRESS,BRONX,OLMSTEAD AVENUE,,Closed,,The Department of Sanitation investigated this complaint and found no condition at the location.,01/23/2024 01:07:45 PM,09 BRONX,2038050043,BRONX,1024515,242854,ONLINE,Unspecified,BRONX,,,,,,,,40.83316172397391,-73.85449551039405,"(40.83316172397391, -73.85449551039405)"
60106401,01/22/2024 12:46:44 PM,01/23/2024 12:55:48 PM,DSNY,Department of Sanitation,Dirty Condition,Dog Waste,Sidewalk,10451,443 EAST  162 STREET,EAST  162 STREET,MELROSE AVENUE,ELTON AVENUE,MELROSE AVENUE,ELTON AVENUE,ADDRESS,BRONX,EAST  162 STREET,,Closed,,The Department of Sanitation investigated this complaint and found no condition at the location.,01/23/2024 12:55:52 PM,03 BRONX,2023847501,BRONX,1008461,239671,PHONE,Unspecified,BRONX,,,,,,,,40.82448390476625,-73.91252083075378,"(40.82448390476625, -73.91252083075378)"
60110605,01/22/2024 12:14:29 PM,01/23/2024 12:13:24 PM,DSNY,Department of Sanitation,Dirty Condition,Dog Waste,Sidewalk,10039,259 WEST  153 STREET,WEST  153 STREET,MACOMBS PLACE,FREDERICK DOUGLASS BOULEVARD,MACOMBS PLACE,FREDERICK DOUGLASS BOULEVARD,ADDRESS,NEW YORK,WEST  153 STREET,,Closed,,The Department of Sanitation investigated this complaint and found no violation at the location.,01/23/2024 12:13:29 PM,10 MANHATTAN,,MANHATTAN,1001641,240734,ONLINE,Unspecified,MANHATTAN,,,,,,,,40.827417597254666,-73.93716008483915,"(40.827417597254666, -73.93716008483915)"
60102160,01/22/2024 10:46:55 AM,01/24/2024 12:22:58 PM,DSNY,Department of Sanitation,Dirty Condition,Dog Waste,Sidewalk,10027,143 WEST  128 STREET,WEST  128 STREET,LENOX AVENUE,ADAM CLAYTON POWELL JR BOULEVARD,LENOX AVENUE,ADAM CLAYTON POWELL JR BOULEVARD,ADDRESS,NEW YORK,WEST  128 STREET,,Closed,,The Department of Sanitation investigated this complaint and found no violation at the location.,01/24/2024 12:23:03 PM,10 MANHATTAN,1019137501,MANHATTAN,999379,234473,PHONE,Unspecified,MANHATTAN,,,,,,,,40.81023708172366,-73.94534761391711,"(40.81023708172366, -73.94534761391711)"
60106398,01/22/2024 09:13:37 AM,01/23/2024 12:48:27 PM,DSNY,Department of Sanitation,Dirty Condition,Dog Waste,Sidewalk,10463,2600 NETHERLAND AVENUE,NETHERLAND AVENUE,BEND,WEST  227 STREET,BEND,WEST  227 STREET,ADDRESS,BRONX,NETHERLAND AVENUE,,Closed,,The Department of Sanitation investigated this complaint and found no violation at the location.,01/23/2024 12:48:30 PM,08 BRONX,2057220475,BRONX,1007568,259439,ONLINE,Unspecified,BRONX,,,,,,,,40.87874357609838,-73.91567866115459,"(40.87874357609838, -73.91567866115459)"
60100791,01/21/2024 06:25:01 PM,01/24/2024 01:15:49 PM,DSNY,Department of Sanitation,Dirty Condition,Dog Waste,Sidewalk,10310,346 OAKLAND AVENUE,OAKLAND AVENUE,CASTLETON AVENUE,CARY AVENUE,CASTLETON AVENUE,CARY AVENUE,ADDRESS,STATEN ISLAND,OAKLAND AVENUE,,Closed,,The Department of Sanitation investigated this complaint and found no violation at the location.,01/24/2024 01:15:52 PM,01 STATEN ISLAND,5001620046,STATEN ISLAND,953443,170198,ONLINE,Unspecified,STATEN ISLAND,,,,,,,,40.63377718931565,-74.11099374426452,"(40.63377718931565, -74.11099374426452)"
60097384,01/21/2024 06:01:26 PM,01/25/2024 09:42:32 PM,DSNY,Department of Sanitation,Dirty Condition,Dog Waste,Sidewalk,11201,220 WATER STREET,WATER STREET,JAY STREET,BRIDGE STREET,JAY STREET,BRIDGE STREET,ADDRESS,BROOKLYN,WATER STREET,,Closed,,The Department of Sanitation investigated this complaint and found no violation at the location.,01/25/2024 09:42:36 PM,02 BROOKLYN,3000410017,BROOKLYN,988358,195414,ONLINE,Unspecified,BROOKLYN,,,,,,,,40.70304210091456,-73.98518401900124,"(40.70304210091456, -73.98518401900124)"
60099652,01/21/2024 05:51:39 PM,01/26/2024 08:56:26 PM,DSNY,Department of Sanitation,Dirty Condition,Dog Waste,Sidewalk,11215,322 20 STREET,20 STREET,6 AVENUE,7 AVENUE,6 AVENUE,7 AVENUE,ADDRESS,BROOKLYN,20 STREET,,Closed,,The Department of Sanitation investigated this complaint and found no violation at the location.,01/26/2024 08:56:30 PM,07 BROOKLYN,3008920016,BROOKLYN,987052,179778,ONLINE,Unspecified,BROOKLYN,,,,,,,,40.660125346625215,-73.98990076188555,"(40.660125346625215, -73.98990076188555)"
60098533,01/21/2024 12:14:01 PM,01/25/2024 11:58:24 AM,DSNY,Department of Sanitation,Dirty Condition,Dog Waste,Sidewalk,11101,21-45 44 DRIVE,44 DRIVE,21 STREET,23 STREET,21 STREET,23 STREET,ADDRESS,LONG ISLAND CITY,44 DRIVE,,Closed,,The Department of Sanitation investigated this complaint and found no violation at the location.,01/25/2024 11:58:27 AM,02 QUEENS,4004387501,QUEENS,998951,211811,ONLINE,Unspecified,QUEENS,,,,,,,,40.7480366149013,-73.94694331626673,"(40.7480366149013, -73.94694331626673)"
60086688,01/20/2024 05:57:58 PM,01/24/2024 03:43:39 PM,DSNY,Department of Sanitation,Dirty Condition,Dog Waste,Sidewalk,11691,2 HURLEY COURT,HURLEY COURT,CAFFREY AVENUE,GATEWAY BOULEVARD,CAFFREY AVENUE,GATEWAY BOULEVARD,ADDRESS,FAR ROCKAWAY,HURLEY COURT,,Closed,,The Department of Sanitation investigated this complaint and found no violation at the location.,01/24/2024 03:43:44 PM,14 QUEENS,4155730136,QUEENS,1054573,158632,ONLINE,Unspecified,QUEENS,,,,,,,,40.601805478161005,-73.7467561212856,"(40.601805478161005, -73.7467561212856)"
60086689,01/20/2024 04:17:48 PM,01/25/2024 01:04:25 PM,DSNY,Department of Sanitation,Dirty Condition,Dog Waste,Sidewalk,11412,118-88 RIVERTON STREET,RIVERTON STREET,118 ROAD,119 ROAD,118 ROAD,119 ROAD,ADDRESS,SAINT ALBANS,RIVERTON STREET,,Closed,,The Department of Sanitation investigated this complaint and found no violation at the location.,01/25/2024 01:04:29 PM,12 QUEENS,4124510052,QUEENS,1050030,190004,ONLINE,Unspecified,QUEENS,,,,,,,,40.68794941835187,-73.76281017021799,"(40.68794941835187, -73.76281017021799)"
60079795,01/20/2024 12:21:50 AM,01/20/2024 01:19:08 PM,DSNY,Department of Sanitation,Dirty Condition,Dog Waste,Sidewalk,10462,1265 OLMSTEAD AVENUE,OLMSTEAD AVENUE,NEWBOLD AVENUE,WESTCHESTER AVENUE,NEWBOLD AVENUE,WESTCHESTER AVENUE,ADDRESS,BRONX,OLMSTEAD AVENUE,,Closed,,The Department of Sanitation investigated this complaint and found no violation at the location.,01/20/2024 01:19:14 PM,09 BRONX,2038050043,BRONX,1024515,242854,ONLINE,Unspecified,BRONX,,,,,,,,40.83316172397391,-73.85449551039405,"(40.83316172397391, -73.85449551039405)"
60076142,01/19/2024 08:53:38 PM,01/27/2024 12:52:29 PM,DSNY,Department of Sanitation,Dirty Condition,Dog Waste,Sidewalk,11226,330 EAST   32 STREET,EAST   32 STREET,CLARENDON ROAD,AVENUE D,CLARENDON ROAD,AVENUE D,ADDRESS,BROOKLYN,EAST   32 STREET,,Closed,,The Department of Sanitation investigated this complaint and found no violation at the location.,01/27/2024 12:52:33 PM,17 BROOKLYN,3049480018,BROOKLYN,999020,173370,ONLINE,Unspecified,BROOKLYN,,,,,,,,40.64252490833231,-73.94677858321539,"(40.64252490833231, -73.94677858321539)"
60074851,01/19/2024 08:08:38 PM,01/27/2024 12:52:23 PM,DSNY,Department of Sanitation,Dirty Condition,Dog Waste,Sidewalk,11226,330 EAST   32 STREET,EAST   32 STREET,CLARENDON ROAD,AVENUE D,CLARENDON ROAD,AVENUE D,ADDRESS,BROOKLYN,EAST   32 STREET,,Closed,,The Department of Sanitation investigated this complaint and found no violation at the location.,01/27/2024 12:52:28 PM,17 BROOKLYN,3049480018,BROOKLYN,999020,173370,ONLINE,Unspecified,BROOKLYN,,,,,,,,40.64252490833231,-73.94677858321539,"(40.64252490833231, -73.94677858321539)"
60074843,01/19/2024 03:28:18 PM,01/20/2024 12:03:43 AM,DSNY,Department of Sanitation,Dirty Condition,Dog Waste,Sidewalk,10453,2195 ANDREWS AVENUE,ANDREWS AVENUE,HALL OF FAME TERRACE,WEST  183 STREET,HALL OF FAME TERRACE,WEST  183 STREET,ADDRESS,BRONX,ANDREWS AVENUE,,Closed,,The Department of Sanitation investigated this complaint and found no condition at the location.,01/20/2024 12:03:46 AM,07 BRONX,2032240009,BRONX,1009216,252178,PHONE,Unspecified,BRONX,,,,,,,,40.858809848306564,-73.90974630644877,"(40.858809848306564, -73.90974630644877)"
60079784,01/19/2024 10:40:52 AM,01/20/2024 01:13:45 AM,DSNY,Department of Sanitation,Dirty Condition,Dog Waste,Sidewalk,10473,736 METCALF AVENUE,METCALF AVENUE,SEWARD AVENUE,LAFAYETTE AVENUE,SEWARD AVENUE,LAFAYETTE AVENUE,ADDRESS,BRONX,METCALF AVENUE,,Closed,,The Department of Sanitation investigated this complaint and found no violation at the location.,01/20/2024 01:13:47 AM,09 BRONX,2035910001,BRONX,1020178,237723,ONLINE,Unspecified,BRONX,,,,,,,,40.8190973134835,-73.87019545584643,"(40.8190973134835, -73.87019545584643)"
60074852,01/19/2024 09:34:28 AM,01/24/2024 04:14:52 PM,DSNY,Department of Sanitation,Dirty Condition,Dog Waste,Sidewalk,11378,53-20 68 STREET,68 STREET,53 AVENUE,53 ROAD,53 AVENUE,53 ROAD,ADDRESS,MASPETH,68 STREET,,Closed,,The Department of Sanitation investigated this complaint and found no violation at the location.,01/24/2024 04:14:55 PM,05 QUEENS,4024060034,QUEENS,1012755,205594,ONLINE,Unspecified,QUEENS,,,,,,,,40.730938782061145,-73.89715033179804,"(40.730938782061145, -73.89715033179804)"
60078579,01/19/2024 09:26:18 AM,01/20/2024 01:22:41 PM,DSNY,Department of Sanitation,Dirty Condition,Dog Waste,Sidewalk,11422,135-14 234 STREET,234 STREET,135 AVENUE,137 AVENUE,135 AVENUE,137 AVENUE,ADDRESS,ROSEDALE,234 STREET,,Closed,,The Department of Sanitation investigated this complaint and found no violation at the location.,01/20/2024 01:22:44 PM,13 QUEENS,4131680041,QUEENS,1057099,184397,PHONE,Unspecified,QUEENS,,,,,,,,40.672504184193954,-73.73738149560172,"(40.672504184193954, -73.73738149560172)"
60068340,01/18/2024 05:00:51 PM,01/25/2024 09:21:12 AM,DSNY,Department of Sanitation,Dirty Condition,Dog Waste,Sidewalk,11206,89 HART STREET,HART STREET,MARCY AVENUE,TOMPKINS AVENUE,MARCY AVENUE,TOMPKINS AVENUE,ADDRESS,BROOKLYN,HART STREET,,Closed,,The Department of Sanitation investigated this complaint and found no condition at the location.,01/25/2024 09:21:15 AM,03 BROOKLYN,3017670068,BROOKLYN,998692,191861,PHONE,Unspecified,BROOKLYN,,,,,,,,40.6932791138688,-73.94792086716608,"(40.6932791138688, -73.94792086716608)"
60073593,01/18/2024 04:32:27 PM,01/23/2024 03:59:47 PM,DSNY,Department of Sanitation,Dirty Condition,Dog Waste,Sidewalk,11435,147-25 94 AVENUE,94 AVENUE,SUTPHIN BOULEVARD,148 STREET,SUTPHIN BOULEVARD,148 STREET,ADDRESS,JAMAICA,94 AVENUE,,Closed,,The Department of Sanitation investigated this complaint and found no violation at the location.,01/23/2024 03:59:51 PM,12 QUEENS,4099987502,QUEENS,1037925,194081,PHONE,Unspecified,QUEENS,,,,,,,,40.69922150012847,-73.80642579116335,"(40.69922150012847, -73.80642579116335)"
60062947,01/18/2024 03:59:51 PM,01/19/2024 12:45:24 PM,DSNY,Department of Sanitation,Dirty Condition,Dog Waste,Sidewalk,10458,2414 VALENTINE AVENUE,VALENTINE AVENUE,EAST  184 STREET,EAST  187 STREET,EAST  184 STREET,EAST  187 STREET,ADDRESS,BRONX,VALENTINE AVENUE,,Closed,,The Department of Sanitation investigated this complaint and found no violation at the location.,01/19/2024 12:45:26 PM,05 BRONX,2031470016,BRONX,1012746,252484,ONLINE,Unspecified,BRONX,,,,,,,,40.8596390374896,-73.8969838398312,"(40.8596390374896, -73.8969838398312)"
60066540,01/18/2024 01:57:04 PM,01/20/2024 08:46:32 PM,DSNY,Department of Sanitation,Dirty Condition,Dog Waste,Sidewalk,11419,95-53 111 STREET,111 STREET,95 AVENUE,101 AVENUE,95 AVENUE,101 AVENUE,ADDRESS,SOUTH RICHMOND HILL,111 STREET,,Closed,,The Department of Sanitation investigated this complaint and found no violation at the location.,01/20/2024 08:46:35 PM,09 QUEENS,4094130061,QUEENS,1030333,190764,ONLINE,Unspecified,QUEENS,,,,,,,,40.690159912632474,-73.83382829903606,"(40.690159912632474, -73.83382829903606)"
60070108,01/18/2024 08:15:57 AM,01/22/2024 08:31:55 PM,DSNY,Department of Sanitation,Dirty Condition,Dog Waste,Sidewalk,10023,150 WEST   73 STREET,WEST   73 STREET,COLUMBUS AVENUE,AMSTERDAM AVENUE,COLUMBUS AVENUE,AMSTERDAM AVENUE,ADDRESS,NEW YORK,WEST   73 STREET,,Closed,,The Department of Sanitation investigated this complaint and found no violation at the location.,01/22/2024 08:31:57 PM,07 MANHATTAN,1011440053,MANHATTAN,989861,222977,ONLINE,Unspecified,MANHATTAN,,,,,,,,40.77869484647511,-73.97974028280248,"(40.77869484647511, -73.97974028280248)"
60051636,01/17/2024 04:21:42 PM,01/19/2024 03:09:13 PM,DSNY,Department of Sanitation,Dirty Condition,Dog Waste,Sidewalk,11417,107-19 90 STREET,90 STREET,107 AVENUE,SUTTER AVENUE,107 AVENUE,SUTTER AVENUE,ADDRESS,OZONE PARK,90 STREET,,Closed,,The Department of Sanitation investigated this complaint and found no violation at the location.,01/19/2024 03:09:18 PM,10 QUEENS,4091550064,QUEENS,1026504,186233,ONLINE,Unspecified,QUEENS,,,,,,,,40.67774247876281,-73.84766375843061,"(40.67774247876281, -73.84766375843061)"
60057824,01/17/2024 04:03:59 PM,01/20/2024 12:45:21 AM,DSNY,Department of Sanitation,Dirty Condition,Dog Waste,Sidewalk,10037,60 WEST  142 STREET,WEST  142 STREET,CHISUM PLACE,LENOX AVENUE,CHISUM PLACE,LENOX AVENUE,ADDRESS,NEW YORK,WEST  142 STREET,,Closed,,The Department of Sanitation investigated this complaint and found no violation at the location.,01/20/2024 12:45:27 AM,10 MANHATTAN,1017370059,MANHATTAN,1001843,237298,ONLINE,Unspecified,MANHATTAN,,,,,,,,40.81798635263026,-73.93643919542686,"(40.81798635263026, -73.93643919542686)"
60054714,01/17/2024 08:03:23 AM,01/17/2024 10:55:12 PM,DSNY,Department of Sanitation,Dirty Condition,Dog Waste,Sidewalk,11692,328 BEACH   66 STREET,BEACH   66 STREET,DEAD END,BEACH CHANNEL DRIVE,DEAD END,BEACH CHANNEL DRIVE,ADDRESS,ARVERNE,BEACH   66 STREET,,Closed,,The Department of Sanitation investigated this complaint and found no violation at the location.,01/17/2024 10:55:15 PM,14 QUEENS,4159100031,QUEENS,1041164,155123,PHONE,Unspecified,QUEENS,,,,,,,,40.59227026671078,-73.79507334608267,"(40.59227026671078, -73.79507334608267)"
60040032,01/16/2024 07:25:48 PM,01/17/2024 01:00:50 AM,DSNY,Department of Sanitation,Dirty Condition,Dog Waste,Sidewalk,11693,178 BEACH   92 STREET,BEACH   92 STREET,HOLLAND AVENUE,ROCKAWAY BEACH BOULEVARD,HOLLAND AVENUE,ROCKAWAY BEACH BOULEVARD,ADDRESS,FAR ROCKAWAY,BEACH   92 STREET,,Closed,,The Department of Sanitation investigated this complaint and found no violation at the location.,01/17/2024 01:00:56 AM,14 QUEENS,4161340010,QUEENS,1035637,152779,PHONE,Unspecified,QUEENS,,,,,,,,40.58587023615813,-73.8149918296829,"(40.58587023615813, -73.8149918296829)"
60037257,01/16/2024 06:19:00 PM,01/17/2024 10:44:32 PM,DSNY,Department of Sanitation,Dirty Condition,Dog Waste,Sidewalk,11420,126-15 115 AVENUE,115 AVENUE,126 STREET,127 STREET,126 STREET,127 STREET,ADDRESS,SOUTH OZONE PARK,115 AVENUE,,Closed,,The Department of Sanitation investigated this complaint and found no violation at the location.,01/17/2024 10:44:35 PM,10 QUEENS,4116530033,QUEENS,1036050,186647,PHONE,Unspecified,QUEENS,,,,,,,,40.678828099453575,-73.81324495265972,"(40.678828099453575, -73.81324495265972)"
60033619,01/15/2024 03:23:07 PM,01/16/2024 11:24:46 PM,DSNY,Department of Sanitation,Dirty Condition,Dog Waste,Sidewalk,11106,34-23 24 STREET,24 STREET,34 AVENUE,35 AVENUE,34 AVENUE,35 AVENUE,ADDRESS,ASTORIA,24 STREET,,Closed,,The Department of Sanitation investigated this complaint and found no violation at the location.,01/16/2024 11:24:49 PM,01 QUEENS,4005620056,QUEENS,1003132,216680,PHONE,Unspecified,QUEENS,,,,,,,,40.761392839032894,-73.93184019912435,"(40.761392839032894, -73.93184019912435)"
60034751,01/15/2024 12:30:51 PM,01/16/2024 11:23:43 PM,DSNY,Department of Sanitation,Dirty Condition,Dog Waste,Sidewalk,11354,33-38 UNION STREET,UNION STREET,33 AVENUE,34 AVENUE,33 AVENUE,34 AVENUE,ADDRESS,FLUSHING,UNION STREET,,Closed,,The Department of Sanitation investigated this complaint and found no violation at the location.,01/16/2024 11:23:47 PM,07 QUEENS,4049550035,QUEENS,1032098,218789,ONLINE,Unspecified,QUEENS,,,,,,,,40.76707217590777,-73.82726458817804,"(40.76707217590777, -73.82726458817804)"
60033620,01/15/2024 12:10:10 PM,01/20/2024 01:27:08 AM,DSNY,Department of Sanitation,Dirty Condition,Dog Waste,Sidewalk,11234,2043 EAST   55 STREET,EAST   55 STREET,AVENUE T,AVENUE U,AVENUE T,AVENUE U,ADDRESS,BROOKLYN,EAST   55 STREET,,Closed,,The Department of Sanitation investigated this complaint and found no violation at the location.,01/20/2024 01:27:11 AM,18 BROOKLYN,3085470027,BROOKLYN,1006295,162413,PHONE,Unspecified,BROOKLYN,,,,,,,,40.612435140559356,-73.92060004202239,"(40.612435140559356, -73.92060004202239)"
60028830,01/15/2024 11:52:34 AM,01/16/2024 05:31:34 PM,DSNY,Department of Sanitation,Dirty Condition,Dog Waste,Sidewalk,10458,2321 BELMONT AVENUE,BELMONT AVENUE,EAST  183 STREET,CRESCENT AVENUE,EAST  183 STREET,CRESCENT AVENUE,ADDRESS,BRONX,BELMONT AVENUE,,Closed,,The Department of Sanitation investigated this complaint and found no violation at the location.,01/16/2024 05:31:39 PM,06 BRONX,2030870022,BRONX,1015555,250174,PHONE,Unspecified,BRONX,,,,,,,,40.853289269574304,-73.88683979594244,"(40.853289269574304, -73.88683979594244)"
60032416,01/15/2024 11:29:04 AM,01/18/2024 01:02:34 PM,DSNY,Department of Sanitation,Dirty Condition,Dog Waste,Sidewalk,10016,EAST   28 STREET,EAST   28 STREET,LEXINGTON AVENUE,3 AVENUE,LEXINGTON AVENUE,3 AVENUE,BLOCKFACE,,,,Closed,,The Department of Sanitation investigated this complaint and found no violation at the location.,01/18/2024 01:02:37 PM,Unspecified MANHATTAN,,MANHATTAN,,,PHONE,Unspecified,MANHATTAN,,,,,,,,,,
60021479,01/14/2024 07:29:06 PM,01/16/2024 05:21:19 PM,DSNY,Department of Sanitation,Dirty Condition,Dog Waste,Sidewalk,10452,TUDOR PLACE,TUDOR PLACE,TUDOR PLACE,WALTON AVENUE,TUDOR PLACE,WALTON AVENUE,INTERSECTION,,,,Closed,,The Department of Sanitation investigated this complaint and found no violation at the location.,01/16/2024 05:21:22 PM,04 BRONX,,BRONX,1006413,243254,PHONE,Unspecified,BRONX,,,,,,,,40.83432358628332,-73.9199088219283,"(40.83432358628332, -73.9199088219283)"
60022463,01/14/2024 07:06:45 PM,01/19/2024 06:41:55 PM,DSNY,Department of Sanitation,Dirty Condition,Dog Waste,Sidewalk,11229,1675 EAST   18 STREET,EAST   18 STREET,KINGS HIGHWAY,QUENTIN ROAD,KINGS HIGHWAY,QUENTIN ROAD,ADDRESS,BROOKLYN,EAST   18 STREET,,Closed,,The Department of Sanitation investigated this complaint and found no violation at the location.,01/19/2024 06:41:59 PM,15 BROOKLYN,3067810050,BROOKLYN,996624,161210,ONLINE,Unspecified,BROOKLYN,,,,,,,,40.609151936478874,-73.95543448995276,"(40.609151936478874, -73.95543448995276)"
60026484,01/14/2024 06:32:40 PM,01/17/2024 01:21:24 PM,DSNY,Department of Sanitation,Dirty Condition,Dog Waste,Sidewalk,10040,32 ARDEN STREET,ARDEN STREET,NAGLE AVENUE,SHERMAN AVENUE,NAGLE AVENUE,SHERMAN AVENUE,ADDRESS,NEW YORK,ARDEN STREET,,Closed,,The Department of Sanitation investigated this complaint and found no violation at the location.,01/17/2024 01:21:27 PM,12 MANHATTAN,1021740175,MANHATTAN,1004410,253298,ONLINE,Unspecified,MANHATTAN,,,,,,,,40.86189619317926,-73.92711692740036,"(40.86189619317926, -73.92711692740036)"
60021478,01/14/2024 03:39:34 PM,01/19/2024 06:42:31 PM,DSNY,Department of Sanitation,Dirty Condition,Dog Waste,Sidewalk,11229,1688 EAST   18 STREET,EAST   18 STREET,KINGS HIGHWAY,QUENTIN ROAD,KINGS HIGHWAY,QUENTIN ROAD,ADDRESS,BROOKLYN,EAST   18 STREET,,Closed,,The Department of Sanitation investigated this complaint and found no violation at the location.,01/19/2024 06:42:35 PM,15 BROOKLYN,3067800037,BROOKLYN,996627,161151,ONLINE,Unspecified,BROOKLYN,,,,,,,,40.60898998941076,-73.95542379345332,"(40.60898998941076, -73.95542379345332)"
60022462,01/14/2024 02:25:55 PM,01/16/2024 11:25:16 PM,DSNY,Department of Sanitation,Dirty Condition,Dog Waste,Sidewalk,11101,29-28 41 AVENUE,41 AVENUE,29 STREET,QUEENS PLAZA NORTH,29 STREET,QUEENS PLAZA NORTH,ADDRESS,LONG ISLAND CITY,41 AVENUE,,Closed,,The Department of Sanitation investigated this complaint and found no violation at the location.,01/16/2024 11:25:19 PM,01 QUEENS,4004180014,QUEENS,1001800,212801,ONLINE,Unspecified,QUEENS,,,,,,,,40.750748719326985,-73.93665854481502,"(40.750748719326985, -73.93665854481502)"
60023452,01/14/2024 01:52:14 PM,01/16/2024 05:28:03 PM,DSNY,Department of Sanitation,Dirty Condition,Dog Waste,Sidewalk,10459,848 FREEMAN STREET,FREEMAN STREET,LYMAN PLACE,CHISHOLM STREET,LYMAN PLACE,CHISHOLM STREET,ADDRESS,BRONX,FREEMAN STREET,,Closed,,The Department of Sanitation investigated this complaint and issued a Notice of Violation.,01/16/2024 05:28:06 PM,03 BRONX,2029700066,BRONX,1013056,241863,ONLINE,Unspecified,BRONX,,,,,,,,40.83048652489012,-73.89590878272499,"(40.83048652489012, -73.89590878272499)"
60024473,01/14/2024 01:40:00 PM,01/16/2024 05:25:12 PM,DSNY,Department of Sanitation,Dirty Condition,Dog Waste,Sidewalk,10459,798 FREEMAN STREET,FREEMAN STREET,UNION AVENUE,PROSPECT AVENUE,UNION AVENUE,PROSPECT AVENUE,ADDRESS,BRONX,FREEMAN STREET,,Closed,,The Department of Sanitation investigated this complaint and found no violation at the location.,01/16/2024 05:25:15 PM,03 BRONX,2029680102,BRONX,1012424,241779,ONLINE,Unspecified,BRONX,,,,,,,,40.830258007797084,-73.89819288157433,"(40.830258007797084, -73.89819288157433)"
60022461,01/14/2024 01:27:53 PM,01/16/2024 05:29:19 PM,DSNY,Department of Sanitation,Dirty Condition,Dog Waste,Sidewalk,10459,870 FREEMAN STREET,FREEMAN STREET,BRISTOW STREET,INTERVALE AVENUE,BRISTOW STREET,INTERVALE AVENUE,ADDRESS,BRONX,FREEMAN STREET,,Closed,,The Department of Sanitation investigated this complaint and issued a Notice of Violation.,01/16/2024 05:29:22 PM,03 BRONX,2029730061,BRONX,1013447,241884,ONLINE,Unspecified,BRONX,,,,,,,,40.83054287991612,-73.89449580419185,"(40.83054287991612, -73.89449580419185)"
60026485,01/14/2024 10:28:34 AM,01/16/2024 10:34:13 PM,DSNY,Department of Sanitation,Dirty Condition,Dog Waste,Sidewalk,10002,ALLEN STREET,ALLEN STREET,ALLEN STREET,STANTON STREET,ALLEN STREET,STANTON STREET,INTERSECTION,,,,Closed,,The Department of Sanitation investigated this complaint and found no violation at the location.,01/16/2024 10:34:16 PM,03 MANHATTAN,,MANHATTAN,987263,202191,PHONE,Unspecified,MANHATTAN,,,,,,,,40.721643792807505,-73.98913023116697,"(40.721643792807505, -73.98913023116697)"
60016484,01/13/2024 03:28:52 PM,01/17/2024 01:26:00 PM,DSNY,Department of Sanitation,Dirty Condition,Dog Waste,Sidewalk,10031,2 ST NICHOLAS PLACE,ST NICHOLAS PLACE,ST NICHOLAS AVENUE,WEST  150 STREET,ST NICHOLAS AVENUE,WEST  150 STREET,ADDRESS,NEW YORK,ST NICHOLAS PLACE,,Closed,,The Department of Sanitation investigated this complaint and found no violation at the location.,01/17/2024 01:26:04 PM,09 MANHATTAN,1020530111,MANHATTAN,1000075,240461,ONLINE,Unspecified,MANHATTAN,,,,,,,,40.82667123486151,-73.94281924625871,"(40.82667123486151, -73.94281924625871)"
60011542,01/13/2024 03:26:32 PM,01/16/2024 11:26:37 PM,DSNY,Department of Sanitation,Dirty Condition,Dog Waste,Sidewalk,11104,41-19 48 STREET,48 STREET,SKILLMAN AVENUE,43 AVENUE,SKILLMAN AVENUE,43 AVENUE,ADDRESS,SUNNYSIDE,48 STREET,,Closed,,The Department of Sanitation investigated this complaint and found no violation at the location.,01/16/2024 11:26:39 PM,02 QUEENS,4001350019,QUEENS,1007469,211106,ONLINE,Unspecified,QUEENS,,,,,,,,40.74608330447097,-73.91620385466213,"(40.74608330447097, -73.91620385466213)"
60014472,01/13/2024 03:25:15 PM,01/20/2024 09:07:14 PM,DSNY,Department of Sanitation,Dirty Condition,Dog Waste,Sidewalk,11214,126 BAY   43 STREET,BAY   43 STREET,BENSON AVENUE,BATH AVENUE,BENSON AVENUE,BATH AVENUE,ADDRESS,BROOKLYN,BAY   43 STREET,,Closed,,The Department of Sanitation investigated this complaint and found no violation at the location.,01/20/2024 09:07:21 PM,13 BROOKLYN,3068827501,BROOKLYN,987723,155337,ONLINE,Unspecified,BROOKLYN,,,,,,,,40.593039702550236,-73.98749485498954,"(40.593039702550236, -73.98749485498954)"
60012427,01/13/2024 03:10:57 PM,01/16/2024 05:21:52 PM,DSNY,Department of Sanitation,Dirty Condition,Dog Waste,Street,10459,1019 LONGWOOD AVENUE,LONGWOOD AVENUE,FOX STREET,SOUTHERN BOULEVARD,FOX STREET,SOUTHERN BOULEVARD,ADDRESS,BRONX,LONGWOOD AVENUE,,Closed,,The Department of Sanitation investigated this complaint and found no violation at the location.,01/16/2024 05:21:57 PM,02 BRONX,2027210042,BRONX,1012865,236791,ONLINE,Unspecified,BRONX,,,,,,,,40.81656595358092,-73.89662059532968,"(40.81656595358092, -73.89662059532968)"
60014471,01/13/2024 02:24:39 PM,01/17/2024 01:01:37 AM,DSNY,Department of Sanitation,Dirty Condition,Dog Waste,Sidewalk,11692,328 BEACH   66 STREET,BEACH   66 STREET,DEAD END,BEACH CHANNEL DRIVE,DEAD END,BEACH CHANNEL DRIVE,ADDRESS,ARVERNE,BEACH   66 STREET,,Closed,,The Department of Sanitation investigated this complaint and found no violation at the location.,01/17/2024 01:01:40 AM,14 QUEENS,4159100031,QUEENS,1041164,155123,PHONE,Unspecified,QUEENS,,,,,,,,40.59227026671078,-73.79507334608267,"(40.59227026671078, -73.79507334608267)"
60014446,01/13/2024 02:22:19 PM,01/17/2024 01:01:15 AM,DSNY,Department of Sanitation,Dirty Condition,Dog Waste,Street,11692,BEACH   66 STREET,BEACH   66 STREET,BEACH   66 STREET,BEACH CHANNEL DRIVE,BEACH   66 STREET,BEACH CHANNEL DRIVE,INTERSECTION,,,,Closed,,The Department of Sanitation investigated this complaint and found no violation at the location.,01/17/2024 01:01:18 AM,14 QUEENS,,QUEENS,1041142,155355,PHONE,Unspecified,QUEENS,,,,,,,,40.5929071996575,-73.79515060631928,"(40.5929071996575, -73.79515060631928)"
60017466,01/13/2024 10:41:09 AM,01/16/2024 11:26:13 PM,DSNY,Department of Sanitation,Dirty Condition,Dog Waste,Sidewalk,11377,42-18 65 PLACE,65 PLACE,WOODSIDE AVENUE,LIRR MAIN LINE,WOODSIDE AVENUE,LIRR MAIN LINE,ADDRESS,WOODSIDE,65 PLACE,,Closed,,The Department of Sanitation investigated this complaint and found no violation at the location.,01/16/2024 11:26:17 PM,02 QUEENS,,QUEENS,1012188,210001,ONLINE,Unspecified,QUEENS,,,,,,,,40.74303670840542,-73.89917783648846,"(40.74303670840542, -73.89917783648846)"
60003403,01/12/2024 08:46:52 PM,01/13/2024 12:47:57 PM,DSNY,Department of Sanitation,Dirty Condition,Dog Waste,Sidewalk,10462,2187 MATTHEWS AVENUE,MATTHEWS AVENUE,LYDIG AVENUE,PELHAM PARKWAY SOUTH,LYDIG AVENUE,PELHAM PARKWAY SOUTH,ADDRESS,BRONX,MATTHEWS AVENUE,,Closed,,The Department of Sanitation investigated this complaint and found no violation at the location.,01/13/2024 12:48:00 PM,11 BRONX,2043220043,BRONX,1022179,251227,ONLINE,Unspecified,BRONX,,,,,,,,40.85615346575459,-73.86288967346701,"(40.85615346575459, -73.86288967346701)"
60003404,01/12/2024 01:49:32 PM,01/13/2024 12:47:26 PM,DSNY,Department of Sanitation,Dirty Condition,Dog Waste,Sidewalk,10465,253 HUNTINGTON AVENUE,HUNTINGTON AVENUE,HARDING AVENUE,LAWTON AVENUE,HARDING AVENUE,LAWTON AVENUE,ADDRESS,BRONX,HUNTINGTON AVENUE,,Closed,,The Department of Sanitation investigated this complaint and found no condition at the location.,01/13/2024 12:47:29 PM,10 BRONX,2055950065,BRONX,1033654,236507,PHONE,Unspecified,BRONX,,,,,,,,40.81569465290785,-73.82151698095795,"(40.81569465290785, -73.82151698095795)"
60003381,01/12/2024 11:38:45 AM,01/12/2024 08:09:40 PM,DSNY,Department of Sanitation,Dirty Condition,Dog Waste,Sidewalk,10016,320 EAST   40 STREET,EAST   40 STREET,QUEENS MIDTOWN TUNNEL APPROACH,1 AVENUE,QUEENS MIDTOWN TUNNEL APPROACH,1 AVENUE,ADDRESS,NEW YORK,EAST   40 STREET,,Closed,,The Department of Sanitation investigated this complaint and found no violation at the location.,01/12/2024 08:09:43 PM,06 MANHATTAN,1009450033,MANHATTAN,991974,211831,ONLINE,Unspecified,MANHATTAN,,,,,,,,40.748100356471085,-73.97212365151188,"(40.748100356471085, -73.97212365151188)"
60004604,01/12/2024 06:12:56 AM,01/13/2024 01:46:36 PM,DSNY,Department of Sanitation,Dirty Condition,Dog Waste,Sidewalk,10459,904 FREEMAN STREET,FREEMAN STREET,SIMPSON STREET,SOUTHERN BOULEVARD,SIMPSON STREET,SOUTHERN BOULEVARD,ADDRESS,BRONX,FREEMAN STREET,,Closed,,The Department of Sanitation investigated this complaint and found no violation at the location.,01/13/2024 01:46:39 PM,03 BRONX,2029750013,BRONX,1013935,241737,ONLINE,Unspecified,BRONX,,,,,,,,40.83013778064565,-73.89273305442744,"(40.83013778064565, -73.89273305442744)"
59997163,01/11/2024 11:57:54 PM,01/12/2024 10:04:11 PM,DSNY,Department of Sanitation,Dirty Condition,Dog Waste,Sidewalk,11238,35 CLAVER PLACE,CLAVER PLACE,JEFFERSON AVENUE,FULTON STREET,JEFFERSON AVENUE,FULTON STREET,ADDRESS,BROOKLYN,CLAVER PLACE,,Closed,,The Department of Sanitation investigated this complaint and issued a Notice of Violation.,01/12/2024 10:04:15 PM,03 BROOKLYN,3019970003,BROOKLYN,996058,187725,ONLINE,Unspecified,BROOKLYN,,,,,,,,40.68193065022011,-73.95742655189497,"(40.68193065022011, -73.95742655189497)"
59998410,01/11/2024 05:50:07 PM,01/12/2024 01:42:23 PM,DSNY,Department of Sanitation,Dirty Condition,Dog Waste,Sidewalk,10451,3206 3 AVENUE,3 AVENUE,EAST  161 STREET,,EAST  161 STREET,,ADDRESS,BRONX,3 AVENUE,,Closed,,The Department of Sanitation investigated this complaint and found no violation at the location.,01/12/2024 01:42:28 PM,03 BRONX,2026200008,BRONX,1009354,239098,ONLINE,Unspecified,BRONX,,,,,,,,40.8229086902486,-73.90929638978942,"(40.8229086902486, -73.90929638978942)"
59995844,01/11/2024 10:23:45 AM,01/12/2024 11:27:14 AM,DSNY,Department of Sanitation,Dirty Condition,Dog Waste,Sidewalk,10031,575 RIVERSIDE DRIVE,RIVERSIDE DRIVE,12 AVENUE,WEST  135 STREET,12 AVENUE,WEST  135 STREET,ADDRESS,NEW YORK,RIVERSIDE DRIVE,,Closed,,The Department of Sanitation investigated this complaint and found no violation at the location.,01/12/2024 11:27:18 AM,09 MANHATTAN,1020010060,MANHATTAN,995943,238407,ONLINE,Unspecified,MANHATTAN,,,,,,,,40.82104002485966,-73.95775305197864,"(40.82104002485966, -73.95775305197864)"
59994535,01/11/2024 08:02:57 AM,01/12/2024 01:43:00 PM,DSNY,Department of Sanitation,Dirty Condition,Dog Waste,Sidewalk,10314,635 TRAVIS AVENUE,TRAVIS AVENUE,FERNDALE AVENUE,GADSEN PLACE,FERNDALE AVENUE,GADSEN PLACE,ADDRESS,STATEN ISLAND,TRAVIS AVENUE,,Closed,,The Department of Sanitation investigated this complaint and found no violation at the location.,01/12/2024 01:43:06 PM,02 STATEN ISLAND,5023630081,STATEN ISLAND,939651,155025,ONLINE,Unspecified,STATEN ISLAND,,,,,,,,40.59207179895907,-74.16058427551826,"(40.59207179895907, -74.16058427551826)"
59990608,01/10/2024 10:45:09 PM,01/11/2024 11:39:11 AM,DSNY,Department of Sanitation,Dirty Condition,Dog Waste,Sidewalk,11373,40-74 GLEANE STREET,GLEANE STREET,BAXTER AVENUE,BRITTON AVENUE,BAXTER AVENUE,BRITTON AVENUE,ADDRESS,ELMHURST,GLEANE STREET,,Closed,,The Department of Sanitation investigated this complaint and found no violation at the location.,01/11/2024 11:39:14 AM,04 QUEENS,4015040045,QUEENS,1017305,211388,ONLINE,Unspecified,QUEENS,,,,,,,,40.74682602698312,-73.88070490124068,"(40.74682602698312, -73.88070490124068)"
59987579,01/10/2024 09:14:10 PM,01/12/2024 01:43:32 PM,DSNY,Department of Sanitation,Dirty Condition,Dog Waste,Sidewalk,10314,12 GADSEN PLACE,GADSEN PLACE,SAXON AVENUE,TRAVIS AVENUE,SAXON AVENUE,TRAVIS AVENUE,ADDRESS,STATEN ISLAND,GADSEN PLACE,,Closed,,The Department of Sanitation investigated this complaint and found no violation at the location.,01/12/2024 01:43:34 PM,02 STATEN ISLAND,5023620048,STATEN ISLAND,939806,155566,ONLINE,Unspecified,STATEN ISLAND,,,,,,,,40.59355751146795,-74.16002973853091,"(40.59355751146795, -74.16002973853091)"
59987580,01/10/2024 08:26:38 PM,01/11/2024 01:31:21 PM,DSNY,Department of Sanitation,Dirty Condition,Dog Waste,Sidewalk,10031,532 WEST  153 STREET,WEST  153 STREET,AMSTERDAM AVENUE,BROADWAY,AMSTERDAM AVENUE,BROADWAY,ADDRESS,NEW YORK,WEST  153 STREET,,Closed,,The Department of Sanitation investigated this complaint and found no violation at the location.,01/11/2024 01:31:25 PM,09 MANHATTAN,,MANHATTAN,999480,241929,ONLINE,Unspecified,MANHATTAN,,,,,,,,40.83070152037574,-73.94496583722567,"(40.83070152037574, -73.94496583722567)"
59984625,01/10/2024 05:55:01 PM,01/11/2024 05:43:36 AM,DSNY,Department of Sanitation,Dirty Condition,Dog Waste,Sidewalk,11101,21 STREET,21 STREET,21 STREET,40 AVENUE,21 STREET,40 AVENUE,INTERSECTION,,,,Closed,,The Department of Sanitation investigated this complaint and found no violation at the location.,01/11/2024 05:43:39 AM,01 QUEENS,,QUEENS,1000530,214434,PHONE,Unspecified,QUEENS,,,,,,,,40.755233318745795,-73.94123827336074,"(40.755233318745795, -73.94123827336074)"
59984624,01/10/2024 02:24:45 PM,01/11/2024 01:31:59 PM,DSNY,Department of Sanitation,Dirty Condition,Dog Waste,Sidewalk,10024,225 CENTRAL PARK WEST,CENTRAL PARK WEST,WEST   82 STREET,WEST   83 STREET,WEST   82 STREET,WEST   83 STREET,ADDRESS,NEW YORK,CENTRAL PARK WEST,,Closed,,The Department of Sanitation investigated this complaint and found no violation at the location.,01/11/2024 01:32:02 PM,07 MANHATTAN,1011960029,MANHATTAN,992296,224583,ONLINE,Unspecified,MANHATTAN,,,,,,,,40.783101009656214,-73.97094627103644,"(40.783101009656214, -73.97094627103644)"
59990607,01/10/2024 11:05:28 AM,01/17/2024 11:18:37 PM,DSNY,Department of Sanitation,Dirty Condition,Dog Waste,Sidewalk,11208,225 ETNA STREET,ETNA STREET,CHESTNUT STREET,EUCLID AVENUE,CHESTNUT STREET,EUCLID AVENUE,ADDRESS,BROOKLYN,ETNA STREET,,Closed,,The Department of Sanitation investigated this complaint and found no violation at the location.,01/17/2024 11:18:41 PM,05 BROOKLYN,3041040068,BROOKLYN,1018805,189376,PHONE,Unspecified,BROOKLYN,,,,,,,,40.68640269165387,-73.87540442076838,"(40.68640269165387, -73.87540442076838)"
59986070,01/10/2024 10:14:17 AM,01/12/2024 01:42:52 PM,DSNY,Department of Sanitation,Dirty Condition,Dog Waste,Street,10314,635 TRAVIS AVENUE,TRAVIS AVENUE,FERNDALE AVENUE,GADSEN PLACE,FERNDALE AVENUE,GADSEN PLACE,ADDRESS,STATEN ISLAND,TRAVIS AVENUE,,Closed,,The Department of Sanitation investigated this complaint and found no violation at the location.,01/12/2024 01:42:58 PM,02 STATEN ISLAND,5023630081,STATEN ISLAND,939651,155025,PHONE,Unspecified,STATEN ISLAND,,,,,,,,40.59207179895907,-74.16058427551826,"(40.59207179895907, -74.16058427551826)"
59989111,01/10/2024 06:32:09 AM,01/12/2024 01:44:03 PM,DSNY,Department of Sanitation,Dirty Condition,Dog Waste,Sidewalk,10460,1290 RODMAN PLACE,RODMAN PLACE,LONGFELLOW AVENUE,WEST FARMS ROAD,LONGFELLOW AVENUE,WEST FARMS ROAD,ADDRESS,BRONX,RODMAN PLACE,,Closed,,The Department of Sanitation investigated this complaint and found no violation at the location.,01/12/2024 01:44:08 PM,06 BRONX,2030167501,BRONX,1017097,244862,PHONE,Unspecified,BRONX,,,,,,,,40.83870380248861,-73.8812918569185,"(40.83870380248861, -73.8812918569185)"
59973498,01/09/2024 10:42:29 AM,01/11/2024 02:43:47 PM,DSNY,Department of Sanitation,Dirty Condition,Dog Waste,Sidewalk,11212,70 ROCKAWAY PARKWAY,ROCKAWAY PARKWAY,BUFFALO AVENUE,RUTLAND ROAD,BUFFALO AVENUE,RUTLAND ROAD,ADDRESS,BROOKLYN,ROCKAWAY PARKWAY,,Closed,,The Department of Sanitation investigated this complaint and found no violation at the location.,01/11/2024 02:43:50 PM,17 BROOKLYN,3045990038,BROOKLYN,1005287,181469,PHONE,Unspecified,BROOKLYN,,,,,,,,40.66474221896361,-73.92417116218715,"(40.66474221896361, -73.92417116218715)"
59964115,01/08/2024 10:39:44 PM,01/09/2024 12:51:42 PM,DSNY,Department of Sanitation,Dirty Condition,Dog Waste,Sidewalk,10314,635 TRAVIS AVENUE,TRAVIS AVENUE,FERNDALE AVENUE,GADSEN PLACE,FERNDALE AVENUE,GADSEN PLACE,ADDRESS,STATEN ISLAND,TRAVIS AVENUE,,Closed,,The Department of Sanitation investigated this complaint and found no violation at the location.,01/09/2024 12:51:47 PM,02 STATEN ISLAND,5023630081,STATEN ISLAND,939651,155025,ONLINE,Unspecified,STATEN ISLAND,,,,,,,,40.59207179895907,-74.16058427551826,"(40.59207179895907, -74.16058427551826)"
59958745,01/08/2024 06:39:31 PM,01/09/2024 12:58:20 PM,DSNY,Department of Sanitation,Dirty Condition,Dog Waste,Sidewalk,10469,GIVAN AVENUE,GIVAN AVENUE,GIVAN AVENUE,GRACE AVENUE,GIVAN AVENUE,GRACE AVENUE,INTERSECTION,,,,Closed,,The Department of Sanitation investigated this complaint and found no violation at the location.,01/09/2024 12:58:24 PM,12 BRONX,,BRONX,1028937,258786,PHONE,Unspecified,BRONX,,,,,,,,40.876868968922956,-73.83840968409466,"(40.876868968922956, -73.83840968409466)"
59968196,01/08/2024 05:17:15 PM,01/09/2024 12:29:16 PM,DSNY,Department of Sanitation,Dirty Condition,Dog Waste,Sidewalk,10031,583 RIVERSIDE DRIVE,RIVERSIDE DRIVE,WEST  135 STREET,WEST  136 STREET,WEST  135 STREET,WEST  136 STREET,ADDRESS,NEW YORK,RIVERSIDE DRIVE,,Closed,,The Department of Sanitation investigated this complaint and found no violation at the location.,01/09/2024 12:29:20 PM,09 MANHATTAN,1020020002,MANHATTAN,996098,238522,PHONE,Unspecified,MANHATTAN,,,,,,,,40.8213554607979,-73.9571928321789,"(40.8213554607979, -73.9571928321789)"
59966795,01/08/2024 04:13:38 PM,01/09/2024 01:08:56 PM,DSNY,Department of Sanitation,Dirty Condition,Dog Waste,Sidewalk,11435,147-25 94 AVENUE,94 AVENUE,SUTPHIN BOULEVARD,148 STREET,SUTPHIN BOULEVARD,148 STREET,ADDRESS,JAMAICA,94 AVENUE,,Closed,,The Department of Sanitation investigated this complaint and found no violation at the location.,01/09/2024 01:09:00 PM,12 QUEENS,4099987502,QUEENS,1037925,194081,PHONE,Unspecified,QUEENS,,,,,,,,40.69922150012847,-73.80642579116335,"(40.69922150012847, -73.80642579116335)"
59962788,01/08/2024 04:06:58 PM,01/09/2024 01:08:52 PM,DSNY,Department of Sanitation,Dirty Condition,Dog Waste,Sidewalk,11435,147-25 94 AVENUE,94 AVENUE,SUTPHIN BOULEVARD,148 STREET,SUTPHIN BOULEVARD,148 STREET,ADDRESS,JAMAICA,94 AVENUE,,Closed,,The Department of Sanitation investigated this complaint and found no violation at the location.,01/09/2024 01:08:55 PM,12 QUEENS,4099987502,QUEENS,1037925,194081,PHONE,Unspecified,QUEENS,,,,,,,,40.69922150012847,-73.80642579116335,"(40.69922150012847, -73.80642579116335)"
59961407,01/08/2024 03:02:20 PM,01/09/2024 12:52:12 PM,DSNY,Department of Sanitation,Dirty Condition,Dog Waste,Sidewalk,11234,5324 AVENUE L,AVENUE L,EAST   53 STREET,EAST   54 STREET,EAST   53 STREET,EAST   54 STREET,ADDRESS,BROOKLYN,AVENUE L,,Closed,,The Department of Sanitation investigated this complaint and found no violation at the location.,01/09/2024 12:52:16 PM,18 BROOKLYN,3078510052,BROOKLYN,1005304,166536,PHONE,Unspecified,BROOKLYN,,,,,,,,40.62375432539053,-73.92415648919149,"(40.62375432539053, -73.92415648919149)"
59958744,01/08/2024 02:55:17 PM,01/09/2024 12:52:07 PM,DSNY,Department of Sanitation,Dirty Condition,Dog Waste,Sidewalk,11234,5324 AVENUE L,AVENUE L,EAST   53 STREET,EAST   54 STREET,EAST   53 STREET,EAST   54 STREET,ADDRESS,BROOKLYN,AVENUE L,,Closed,,The Department of Sanitation investigated this complaint and found no violation at the location.,01/09/2024 12:52:11 PM,18 BROOKLYN,3078510052,BROOKLYN,1005304,166536,PHONE,Unspecified,BROOKLYN,,,,,,,,40.62375432539053,-73.92415648919149,"(40.62375432539053, -73.92415648919149)"
59964101,01/08/2024 10:08:20 AM,01/08/2024 08:07:54 PM,DSNY,Department of Sanitation,Dirty Condition,Dog Waste,Sidewalk,10039,210 WEST  146 STREET,WEST  146 STREET,ADAM CLAYTON POWELL JR BOULEVARD,FREDERICK DOUGLASS BOULEVARD,ADAM CLAYTON POWELL JR BOULEVARD,FREDERICK DOUGLASS BOULEVARD,ADDRESS,NEW YORK,WEST  146 STREET,,Closed,,The Department of Sanitation investigated this complaint and found no violation at the location.,01/08/2024 08:07:57 PM,10 MANHATTAN,1020310038,MANHATTAN,1001056,238976,PHONE,Unspecified,MANHATTAN,,,,,,,,40.82259352053323,-73.93927830213977,"(40.82259352053323, -73.93927830213977)"
59968195,01/08/2024 10:05:37 AM,01/09/2024 12:52:43 PM,DSNY,Department of Sanitation,Dirty Condition,Dog Waste,Street,10306,BLOCK STREET,BLOCK STREET,BLOCK STREET,SPRATT AVENUE,BLOCK STREET,SPRATT AVENUE,INTERSECTION,,,,Closed,,The Department of Sanitation investigated this complaint and found no violation at the location.,01/09/2024 12:52:47 PM,03 STATEN ISLAND,,STATEN ISLAND,948022,141650,PHONE,Unspecified,STATEN ISLAND,,,,,,,,40.55539825303734,-74.13037181860038,"(40.55539825303734, -74.13037181860038)"
59960033,01/08/2024 09:52:16 AM,01/09/2024 12:53:11 PM,DSNY,Department of Sanitation,Dirty Condition,Dog Waste,Street,10306,21 BLOCK STREET,BLOCK STREET,SPRATT AVENUE,HOPKINS AVENUE,SPRATT AVENUE,HOPKINS AVENUE,ADDRESS,STATEN ISLAND,BLOCK STREET,,Closed,,The Department of Sanitation investigated this complaint and found no violation at the location.,01/09/2024 12:53:16 PM,03 STATEN ISLAND,5049860025,STATEN ISLAND,948111,141758,PHONE,Unspecified,STATEN ISLAND,,,,,,,,40.55569505515853,-74.13005211642106,"(40.55569505515853, -74.13005211642106)"
59968197,01/08/2024 09:30:14 AM,01/10/2024 12:48:13 PM,DSNY,Department of Sanitation,Dirty Condition,Dog Waste,Sidewalk,10460,2153 MAPES AVENUE,MAPES AVENUE,EAST  181 STREET,EAST  182 STREET,EAST  181 STREET,EAST  182 STREET,ADDRESS,BRONX,MAPES AVENUE,,Closed,,The Department of Sanitation investigated this complaint and found no condition at the location.,01/10/2024 12:48:17 PM,06 BRONX,2031100074,BRONX,1016293,248330,PHONE,Unspecified,BRONX,,,,,,,,40.84822539270976,-73.88418091591737,"(40.84822539270976, -73.88418091591737)"
59964114,01/08/2024 08:18:28 AM,01/09/2024 01:08:30 PM,DSNY,Department of Sanitation,Dirty Condition,Dog Waste,Sidewalk,11421,80-74 JAMAICA AVENUE,JAMAICA AVENUE,FOREST PARKWAY,85 STREET,FOREST PARKWAY,85 STREET,ADDRESS,WOODHAVEN,JAMAICA AVENUE,,Closed,,The Department of Sanitation investigated this complaint and found no violation at the location.,01/09/2024 01:08:34 PM,09 QUEENS,,QUEENS,1022903,191546,ONLINE,Unspecified,QUEENS,,,,,,,,40.69234188748596,-73.8606157626191,"(40.69234188748596, -73.8606157626191)"
59955828,01/07/2024 09:57:53 PM,01/09/2024 12:50:23 PM,DSNY,Department of Sanitation,Dirty Condition,Dog Waste,Sidewalk,11234,1313 EAST   70 STREET,EAST   70 STREET,AVENUE M,AVENUE N,AVENUE M,AVENUE N,ADDRESS,BROOKLYN,EAST   70 STREET,,Closed,,The Department of Sanitation investigated this complaint and found no violation at the location.,01/09/2024 12:50:27 PM,18 BROOKLYN,,BROOKLYN,1008439,166569,ONLINE,Unspecified,BROOKLYN,,,,,,,,40.62383689843648,-73.91286306516845,"(40.62383689843648, -73.91286306516845)"
59954201,01/07/2024 05:16:31 PM,01/08/2024 09:36:50 PM,DSNY,Department of Sanitation,Dirty Condition,Dog Waste,Sidewalk,11221,977 PUTNAM AVENUE,PUTNAM AVENUE,RALPH AVENUE,HOWARD AVENUE,RALPH AVENUE,HOWARD AVENUE,ADDRESS,BROOKLYN,PUTNAM AVENUE,,Closed,,The Department of Sanitation investigated this complaint and found no violation at the location.,01/08/2024 09:36:56 PM,03 BROOKLYN,3014830053,BROOKLYN,1005877,189673,ONLINE,Unspecified,BROOKLYN,,,,,,,,40.68725891870898,-73.92201815539431,"(40.68725891870898, -73.92201815539431)"
59955827,01/07/2024 03:20:33 PM,01/08/2024 09:35:53 PM,DSNY,Department of Sanitation,Dirty Condition,Dog Waste,Sidewalk,11221,1396 BROADWAY,BROADWAY,MONROE STREET,WOODBINE STREET,MONROE STREET,WOODBINE STREET,ADDRESS,BROOKLYN,BROADWAY,,Closed,,The Department of Sanitation investigated this complaint and found no violation at the location.,01/08/2024 09:35:59 PM,03 BROOKLYN,3014820001,BROOKLYN,1006185,190246,ONLINE,Unspecified,BROOKLYN,,,,,,,,40.68883091360068,-73.92090571532471,"(40.68883091360068, -73.92090571532471)"
59953380,01/07/2024 02:16:35 PM,01/09/2024 12:51:42 PM,DSNY,Department of Sanitation,Dirty Condition,Dog Waste,Sidewalk,10314,635 TRAVIS AVENUE,TRAVIS AVENUE,FERNDALE AVENUE,GADSEN PLACE,FERNDALE AVENUE,GADSEN PLACE,ADDRESS,STATEN ISLAND,TRAVIS AVENUE,,Closed,,The Department of Sanitation investigated this complaint and found no violation at the location.,01/09/2024 12:51:44 PM,02 STATEN ISLAND,5023630081,STATEN ISLAND,939651,155025,ONLINE,Unspecified,STATEN ISLAND,,,,,,,,40.59207179895907,-74.16058427551826,"(40.59207179895907, -74.16058427551826)"
59955035,01/07/2024 01:56:56 PM,01/08/2024 08:08:53 PM,DSNY,Department of Sanitation,Dirty Condition,Dog Waste,Sidewalk,10039,250 WEST  146 STREET,WEST  146 STREET,ADAM CLAYTON POWELL JR BOULEVARD,FREDERICK DOUGLASS BOULEVARD,ADAM CLAYTON POWELL JR BOULEVARD,FREDERICK DOUGLASS BOULEVARD,ADDRESS,NEW YORK,WEST  146 STREET,,Closed,,The Department of Sanitation investigated this complaint and found no violation at the location.,01/08/2024 08:08:56 PM,10 MANHATTAN,1020310054,MANHATTAN,1000714,239165,PHONE,Unspecified,MANHATTAN,,,,,,,,40.82311291595771,-73.94051351698562,"(40.82311291595771, -73.94051351698562)"
59955037,01/07/2024 01:49:38 PM,01/09/2024 01:14:25 PM,DSNY,Department of Sanitation,Dirty Condition,Dog Waste,Sidewalk,10462,2252 NEWBOLD AVENUE,NEWBOLD AVENUE,CASTLE HILL AVENUE,HAVEMEYER AVENUE,CASTLE HILL AVENUE,HAVEMEYER AVENUE,ADDRESS,BRONX,NEWBOLD AVENUE,,Closed,,The Department of Sanitation investigated this complaint and found no violation at the location.,01/09/2024 01:14:30 PM,09 BRONX,2038220031,BRONX,1025820,243006,PHONE,Unspecified,BRONX,,,,,,,,40.83357287348849,-73.84977873601053,"(40.83357287348849, -73.84977873601053)"
59955036,01/07/2024 01:43:26 PM,01/09/2024 12:51:41 PM,DSNY,Department of Sanitation,Dirty Condition,Dog Waste,Sidewalk,10314,635 TRAVIS AVENUE,TRAVIS AVENUE,FERNDALE AVENUE,GADSEN PLACE,FERNDALE AVENUE,GADSEN PLACE,ADDRESS,STATEN ISLAND,TRAVIS AVENUE,,Closed,,The Department of Sanitation investigated this complaint and found no violation at the location.,01/09/2024 12:51:44 PM,02 STATEN ISLAND,5023630081,STATEN ISLAND,939651,155025,ONLINE,Unspecified,STATEN ISLAND,,,,,,,,40.59207179895907,-74.16058427551826,"(40.59207179895907, -74.16058427551826)"
59944950,01/06/2024 11:55:49 PM,01/09/2024 01:10:07 PM,DSNY,Department of Sanitation,Dirty Condition,Dog Waste,Sidewalk,11355,140-21 CHERRY AVENUE,CHERRY AVENUE,KISSENA BOULEVARD,UNION STREET,KISSENA BOULEVARD,UNION STREET,ADDRESS,FLUSHING,CHERRY AVENUE,,Closed,,The Department of Sanitation investigated this complaint and found no violation at the location.,01/09/2024 01:10:10 PM,07 QUEENS,4051860083,QUEENS,1033433,214067,ONLINE,Unspecified,QUEENS,,,,,,,,40.75410419752454,-73.82247968214641,"(40.75410419752454, -73.82247968214641)"
59950944,01/06/2024 10:24:53 PM,01/09/2024 12:51:36 PM,DSNY,Department of Sanitation,Dirty Condition,Dog Waste,Sidewalk,10314,635 TRAVIS AVENUE,TRAVIS AVENUE,FERNDALE AVENUE,GADSEN PLACE,FERNDALE AVENUE,GADSEN PLACE,ADDRESS,STATEN ISLAND,TRAVIS AVENUE,,Closed,,The Department of Sanitation investigated this complaint and found no violation at the location.,01/09/2024 12:51:39 PM,02 STATEN ISLAND,5023630081,STATEN ISLAND,939651,155025,ONLINE,Unspecified,STATEN ISLAND,,,,,,,,40.59207179895907,-74.16058427551826,"(40.59207179895907, -74.16058427551826)"
59949952,01/06/2024 04:11:31 PM,01/08/2024 01:36:12 PM,DSNY,Department of Sanitation,Dirty Condition,Dog Waste,Sidewalk,10466,3918 WILDER AVENUE,WILDER AVENUE,EAST  233 STREET,STRANG AVENUE,EAST  233 STREET,STRANG AVENUE,ADDRESS,BRONX,WILDER AVENUE,,Closed,,The Department of Sanitation investigated this complaint and found no violation at the location.,01/08/2024 01:36:16 PM,12 BRONX,2049570014,BRONX,1028390,263280,PHONE,Unspecified,BRONX,,,,,,,,40.88920632841791,-73.84035804189212,"(40.88920632841791, -73.84035804189212)"
59949951,01/06/2024 12:39:56 PM,01/08/2024 01:35:09 PM,DSNY,Department of Sanitation,Dirty Condition,Dog Waste,Sidewalk,10469,3218 GRACE AVENUE,GRACE AVENUE,BURKE AVENUE,GIVAN AVENUE,BURKE AVENUE,GIVAN AVENUE,ADDRESS,BRONX,GRACE AVENUE,,Closed,,The Department of Sanitation investigated this complaint and found no condition at the location.,01/08/2024 01:35:13 PM,12 BRONX,,BRONX,1029102,258386,ONLINE,Unspecified,BRONX,,,,,,,,40.875770257338154,-73.83781571562241,"(40.875770257338154, -73.83781571562241)"
59944930,01/06/2024 12:31:48 PM,01/09/2024 12:50:38 PM,DSNY,Department of Sanitation,Dirty Condition,Dog Waste,Street,10303,85 GRANDVIEW AVENUE,GRANDVIEW AVENUE,RICHMOND COURT,COWEN PLACE,RICHMOND COURT,COWEN PLACE,ADDRESS,STATEN ISLAND,GRANDVIEW AVENUE,,Closed,,The Department of Sanitation investigated this complaint and found no violation at the location.,01/09/2024 12:50:41 PM,01 STATEN ISLAND,5012530001,STATEN ISLAND,938448,171612,PHONE,Unspecified,STATEN ISLAND,,,,,,,,40.63759346856546,-74.16502833307842,"(40.63759346856546, -74.16502833307842)"
59944949,01/06/2024 12:28:12 PM,01/08/2024 01:34:03 PM,DSNY,Department of Sanitation,Dirty Condition,Dog Waste,Sidewalk,10469,3219 GRACE AVENUE,GRACE AVENUE,BURKE AVENUE,GIVAN AVENUE,BURKE AVENUE,GIVAN AVENUE,ADDRESS,BRONX,GRACE AVENUE,,Closed,,The Department of Sanitation investigated this complaint and found no violation at the location.,01/08/2024 01:34:07 PM,12 BRONX,2047570027,BRONX,1029096,258384,ONLINE,Unspecified,BRONX,,,,,,,,40.87576479845281,-73.83783742488761,"(40.87576479845281, -73.83783742488761)"
59948944,01/06/2024 12:25:42 PM,01/09/2024 12:50:32 PM,DSNY,Department of Sanitation,Dirty Condition,Dog Waste,Sidewalk,10303,85 GRANDVIEW AVENUE,GRANDVIEW AVENUE,RICHMOND COURT,COWEN PLACE,RICHMOND COURT,COWEN PLACE,ADDRESS,STATEN ISLAND,GRANDVIEW AVENUE,,Closed,,The Department of Sanitation investigated this complaint and found no violation at the location.,01/09/2024 12:50:36 PM,01 STATEN ISLAND,5012530001,STATEN ISLAND,938448,171612,PHONE,Unspecified,STATEN ISLAND,,,,,,,,40.63759346856546,-74.16502833307842,"(40.63759346856546, -74.16502833307842)"
59945990,01/06/2024 11:08:06 AM,01/06/2024 09:38:07 PM,DSNY,Department of Sanitation,Dirty Condition,Dog Waste,Sidewalk,10031,2 ST NICHOLAS PLACE,ST NICHOLAS PLACE,ST NICHOLAS AVENUE,WEST  150 STREET,ST NICHOLAS AVENUE,WEST  150 STREET,ADDRESS,NEW YORK,ST NICHOLAS PLACE,,Closed,,The Department of Sanitation investigated this complaint and found no condition at the location.,01/06/2024 09:38:12 PM,09 MANHATTAN,1020530111,MANHATTAN,1000075,240461,ONLINE,Unspecified,MANHATTAN,,,,,,,,40.82667123486151,-73.94281924625871,"(40.82667123486151, -73.94281924625871)"
59950936,01/06/2024 09:49:55 AM,01/06/2024 10:02:15 PM,DSNY,Department of Sanitation,Dirty Condition,Dog Waste,Sidewalk,10029,1955 1 AVENUE,1 AVENUE,EAST  100 STREET,EAST  101 STREET,EAST  100 STREET,EAST  101 STREET,ADDRESS,NEW YORK,1 AVENUE,,Closed,,The Department of Sanitation investigated this complaint and found no violation at the location.,01/06/2024 10:02:20 PM,11 MANHATTAN,1016720017,MANHATTAN,1000120,225653,ONLINE,Unspecified,MANHATTAN,,,,,,,,40.78602728826031,-73.94269165200002,"(40.78602728826031, -73.94269165200002)"
59946992,01/06/2024 08:39:05 AM,01/08/2024 01:39:36 PM,DSNY,Department of Sanitation,Dirty Condition,Dog Waste,Sidewalk,10466,3962 WHITE PLAINS ROAD,WHITE PLAINS ROAD,EAST  224 STREET,EAST  225 STREET,EAST  224 STREET,EAST  225 STREET,ADDRESS,BRONX,WHITE PLAINS ROAD,,Closed,,The Department of Sanitation investigated this complaint and found no violation at the location.,01/08/2024 01:39:41 PM,12 BRONX,2048380050,BRONX,1022785,262638,ONLINE,Unspecified,BRONX,,,,,,,,40.887470499224804,-73.86063340701078,"(40.887470499224804, -73.86063340701078)"
59933528,01/06/2024 12:08:35 AM,01/08/2024 01:32:46 PM,DSNY,Department of Sanitation,Dirty Condition,Dog Waste,Sidewalk,10467,700 EAST  214 STREET,EAST  214 STREET,WHITE PLAINS ROAD,HOLLAND AVENUE,WHITE PLAINS ROAD,HOLLAND AVENUE,ADDRESS,BRONX,EAST  214 STREET,,Closed,,The Department of Sanitation investigated this complaint and found no violation at the location.,01/08/2024 01:32:49 PM,12 BRONX,2046610007,BRONX,1021667,259812,ONLINE,Unspecified,BRONX,,,,,,,,40.87971883250947,-73.86469257298818,"(40.87971883250947, -73.86469257298818)"
59936166,01/05/2024 06:35:21 PM,01/06/2024 01:14:07 PM,DSNY,Department of Sanitation,Dirty Condition,Dog Waste,Sidewalk,10031,385 EDGECOMBE AVENUE,EDGECOMBE AVENUE,WEST  150 STREET,WEST  155 STREET,WEST  150 STREET,WEST  155 STREET,ADDRESS,NEW YORK,EDGECOMBE AVENUE,,Closed,,The Department of Sanitation investigated this complaint and found no violation at the location.,01/06/2024 01:14:14 PM,09 MANHATTAN,1020540049,MANHATTAN,1000698,241007,ONLINE,Unspecified,MANHATTAN,,,,,,,,40.82816871055862,-73.9405668114059,"(40.82816871055862, -73.9405668114059)"
59937534,01/05/2024 03:22:14 PM,01/06/2024 10:48:30 PM,DSNY,Department of Sanitation,Dirty Condition,Dog Waste,Sidewalk,11212,335 BLAKE AVENUE,BLAKE AVENUE,OSBORN STREET,MOTHER GASTON BOULEVARD,OSBORN STREET,MOTHER GASTON BOULEVARD,ADDRESS,BROOKLYN,BLAKE AVENUE,,Closed,,The Department of Sanitation investigated this complaint and found no violation at the location.,01/06/2024 10:48:36 PM,16 BROOKLYN,3035440001,BROOKLYN,1009933,181922,PHONE,Unspecified,BROOKLYN,,,,,,,,40.665973344721664,-73.90742272632613,"(40.665973344721664, -73.90742272632613)"
59928264,01/04/2024 04:10:56 PM,01/12/2024 06:09:19 AM,DSNY,Department of Sanitation,Dirty Condition,Dog Waste,Sidewalk,11220,231 68 STREET,68 STREET,MADELINE COURT,3 AVENUE,MADELINE COURT,3 AVENUE,ADDRESS,BROOKLYN,68 STREET,,Closed,,The Department of Sanitation investigated this complaint and found no violation at the location.,01/12/2024 06:09:22 AM,10 BROOKLYN,3058537501,BROOKLYN,976675,171416,ONLINE,Unspecified,BROOKLYN,,,,,,,,40.63717067297015,-74.0272931527768,"(40.63717067297015, -74.0272931527768)"
59932195,01/04/2024 02:30:10 PM,01/05/2024 01:23:01 PM,DSNY,Department of Sanitation,Dirty Condition,Dog Waste,Sidewalk,10031,2 ST NICHOLAS PLACE,ST NICHOLAS PLACE,ST NICHOLAS AVENUE,WEST  150 STREET,ST NICHOLAS AVENUE,WEST  150 STREET,ADDRESS,NEW YORK,ST NICHOLAS PLACE,,Closed,,The Department of Sanitation investigated this complaint and found no violation at the location.,01/05/2024 01:23:04 PM,09 MANHATTAN,1020530111,MANHATTAN,1000075,240461,ONLINE,Unspecified,MANHATTAN,,,,,,,,40.82667123486151,-73.94281924625871,"(40.82667123486151, -73.94281924625871)"
59930919,01/04/2024 02:03:31 PM,01/06/2024 09:32:20 PM,DSNY,Department of Sanitation,Dirty Condition,Dog Waste,Sidewalk,11365,166-03 69 AVENUE,69 AVENUE,166 STREET,167 STREET,166 STREET,167 STREET,ADDRESS,FRESH MEADOWS,69 AVENUE,,Closed,,The Department of Sanitation investigated this complaint and found no violation at the location.,01/06/2024 09:32:24 PM,08 QUEENS,4069200009,QUEENS,1038869,206400,PHONE,Unspecified,QUEENS,,,,,,,,40.73302834311368,-73.80292139504132,"(40.73302834311368, -73.80292139504132)"
59925497,01/04/2024 02:02:07 PM,01/05/2024 01:22:19 PM,DSNY,Department of Sanitation,Dirty Condition,Dog Waste,Sidewalk,10031,6 ST NICHOLAS PLACE,ST NICHOLAS PLACE,ST NICHOLAS AVENUE,WEST  150 STREET,ST NICHOLAS AVENUE,WEST  150 STREET,ADDRESS,NEW YORK,ST NICHOLAS PLACE,,Closed,,The Department of Sanitation investigated this complaint and found no violation at the location.,01/05/2024 01:22:21 PM,09 MANHATTAN,1020530106,MANHATTAN,1000134,240566,ONLINE,Unspecified,MANHATTAN,,,,,,,,40.8269593239659,-73.94260581198719,"(40.8269593239659, -73.94260581198719)"
59924172,01/04/2024 01:07:06 PM,01/05/2024 01:26:46 PM,DSNY,Department of Sanitation,Dirty Condition,Dog Waste,Sidewalk,10466,4170 CARPENTER AVENUE,CARPENTER AVENUE,EAST  231 STREET,EAST  232 STREET,EAST  231 STREET,EAST  232 STREET,ADDRESS,BRONX,CARPENTER AVENUE,,Closed,,The Department of Sanitation investigated this complaint and issued a Notice of Violation.,01/05/2024 01:26:51 PM,12 BRONX,2048340052,BRONX,1022766,264843,PHONE,Unspecified,BRONX,,,,,,,,40.8935226029834,-73.86068944023465,"(40.8935226029834, -73.86068944023465)"
59932174,01/04/2024 11:15:25 AM,01/04/2024 09:13:05 PM,DSNY,Department of Sanitation,Dirty Condition,Dog Waste,Sidewalk,11225,22 RUTLAND ROAD,RUTLAND ROAD,FLATBUSH AVENUE,BEDFORD AVENUE,FLATBUSH AVENUE,BEDFORD AVENUE,ADDRESS,BROOKLYN,RUTLAND ROAD,,Closed,,The Department of Sanitation investigated this complaint and found no violation at the location.,01/04/2024 09:13:07 PM,09 BROOKLYN,3050370014,BROOKLYN,995491,179311,ONLINE,Unspecified,BROOKLYN,,,,,,,,40.65883684250375,-73.95948488698497,"(40.65883684250375, -73.95948488698497)"
59925477,01/04/2024 08:02:23 AM,01/04/2024 11:16:44 AM,DSNY,Department of Sanitation,Dirty Condition,Dog Waste,Sidewalk,11385,GREENE AVENUE,GREENE AVENUE,GREENE AVENUE,RICARD STREET,GREENE AVENUE,RICARD STREET,INTERSECTION,,,,Closed,,The Department of Sanitation investigated this complaint and found no violation at the location.,01/04/2024 11:16:48 AM,05 QUEENS,,QUEENS,1009942,198019,PHONE,Unspecified,QUEENS,,,,,,,,40.7101558630972,-73.9073289005268,"(40.7101558630972, -73.9073289005268)"
59921540,01/03/2024 07:45:41 PM,01/04/2024 05:50:11 AM,DSNY,Department of Sanitation,Dirty Condition,Dog Waste,Sidewalk,11369,100-02 32 AVENUE,32 AVENUE,100 STREET,101 STREET,100 STREET,101 STREET,ADDRESS,EAST ELMHURST,32 AVENUE,,Closed,,The Department of Sanitation investigated this complaint and found no violation at the location.,01/04/2024 05:50:15 AM,03 QUEENS,4016950101,QUEENS,1020639,215899,PHONE,Unspecified,QUEENS,,,,,,,,40.75919447362238,-73.86864814038915,"(40.75919447362238, -73.86864814038915)"
59912458,01/03/2024 03:56:24 PM,01/04/2024 09:11:46 PM,DSNY,Department of Sanitation,Dirty Condition,Dog Waste,Sidewalk,11249,450 BERRY STREET,BERRY STREET,SOUTH   10 STREET,SOUTH   11 STREET,SOUTH   10 STREET,SOUTH   11 STREET,ADDRESS,BROOKLYN,BERRY STREET,,Closed,,The Department of Sanitation investigated this complaint and found no violation at the location.,01/04/2024 09:11:51 PM,01 BROOKLYN,3021560022,BROOKLYN,993680,197214,ONLINE,Unspecified,BROOKLYN,,,,,,,,40.7079786052952,-73.9659870861054,"(40.7079786052952, -73.9659870861054)"
59915012,01/03/2024 03:27:11 PM,01/04/2024 05:51:41 AM,DSNY,Department of Sanitation,Dirty Condition,Dog Waste,Sidewalk,11418,89-24 129 STREET,129 STREET,89 AVENUE,91 AVENUE,89 AVENUE,91 AVENUE,ADDRESS,RICHMOND HILL,129 STREET,,Closed,,The Department of Sanitation investigated this complaint and found no violation at the location.,01/04/2024 05:51:45 AM,09 QUEENS,4093540017,QUEENS,1033602,194066,ONLINE,Unspecified,QUEENS,,,,,,,,40.69920549368973,-73.82201637896883,"(40.69920549368973, -73.82201637896883)"
59915013,01/03/2024 12:51:32 PM,01/05/2024 12:54:27 PM,DSNY,Department of Sanitation,Dirty Condition,Dog Waste,Sidewalk,10453,1983 MORRIS AVENUE,MORRIS AVENUE,EAST TREMONT AVENUE,EAST  179 STREET,EAST TREMONT AVENUE,EAST  179 STREET,ADDRESS,BRONX,MORRIS AVENUE,,Closed,,The Department of Sanitation investigated this complaint and found no violation at the location.,01/05/2024 12:54:31 PM,05 BRONX,2028290020,BRONX,1009911,249456,PHONE,Unspecified,BRONX,,,,,,,,40.85133678171995,-73.90724425834273,"(40.85133678171995, -73.90724425834273)"
59916334,01/03/2024 12:01:43 PM,01/08/2024 12:25:02 PM,DSNY,Department of Sanitation,Dirty Condition,Dog Waste,Sidewalk,10309,857 RENSSELAER AVENUE,RENSSELAER AVENUE,VERNON AVENUE,FOSTER ROAD,VERNON AVENUE,FOSTER ROAD,ADDRESS,STATEN ISLAND,RENSSELAER AVENUE,,Closed,,The Department of Sanitation investigated this complaint and found no violation at the location.,01/08/2024 12:25:06 PM,03 STATEN ISLAND,5068870041,STATEN ISLAND,927666,135515,ONLINE,Unspecified,STATEN ISLAND,,,,,,,,40.538452367251885,-74.20357437218263,"(40.538452367251885, -74.20357437218263)"
59912456,01/03/2024 11:57:04 AM,01/08/2024 12:24:34 PM,DSNY,Department of Sanitation,Dirty Condition,Dog Waste,Sidewalk,10309,930 RATHBUN AVENUE,RATHBUN AVENUE,FOSTER ROAD,LENEVAR AVENUE,FOSTER ROAD,LENEVAR AVENUE,ADDRESS,STATEN ISLAND,RATHBUN AVENUE,,Closed,,The Department of Sanitation investigated this complaint and found no violation at the location.,01/08/2024 12:24:36 PM,03 STATEN ISLAND,5069240060,STATEN ISLAND,926801,134911,ONLINE,Unspecified,STATEN ISLAND,,,,,,,,40.5367889451871,-74.20668127640346,"(40.5367889451871, -74.20668127640346)"
59912457,01/03/2024 08:23:32 AM,01/05/2024 10:19:32 AM,DSNY,Department of Sanitation,Dirty Condition,Dog Waste,Street,11385,66 PLACE,66 PLACE,66 PLACE,CENTRAL AVENUE,66 PLACE,CENTRAL AVENUE,INTERSECTION,,,,Closed,,The Department of Sanitation investigated this complaint and found no condition at the location.,01/05/2024 10:19:37 AM,05 QUEENS,,QUEENS,1015292,195408,ONLINE,Unspecified,QUEENS,,,,,,,,40.70297213762786,-73.88804349500764,"(40.70297213762786, -73.88804349500764)"
59918898,01/03/2024 02:00:35 AM,01/03/2024 01:11:22 PM,DSNY,Department of Sanitation,Dirty Condition,Dog Waste,Sidewalk,10472,1484 WATSON AVENUE,WATSON AVENUE,EVERGREEN AVENUE,WHEELER AVENUE,EVERGREEN AVENUE,WHEELER AVENUE,ADDRESS,BRONX,WATSON AVENUE,,Closed,,The Department of Sanitation investigated this complaint and found no condition at the location.,01/03/2024 01:11:24 PM,09 BRONX,2037120037,BRONX,1017422,240165,PHONE,Unspecified,BRONX,,,,,,,,40.825810685327426,-73.88014054410381,"(40.825810685327426, -73.88014054410381)"
59921520,01/03/2024 01:49:14 AM,01/03/2024 01:11:16 PM,DSNY,Department of Sanitation,Dirty Condition,Dog Waste,Sidewalk,10472,1484 WATSON AVENUE,WATSON AVENUE,EVERGREEN AVENUE,WHEELER AVENUE,EVERGREEN AVENUE,WHEELER AVENUE,ADDRESS,BRONX,WATSON AVENUE,,Closed,,The Department of Sanitation investigated this complaint and found no condition at the location.,01/03/2024 01:11:19 PM,09 BRONX,2037120037,BRONX,1017422,240165,PHONE,Unspecified,BRONX,,,,,,,,40.825810685327426,-73.88014054410381,"(40.825810685327426, -73.88014054410381)"
59904696,01/02/2024 09:43:29 PM,01/03/2024 02:59:02 PM,DSNY,Department of Sanitation,Dirty Condition,Dog Waste,Sidewalk,11219,1157 43 STREET,43 STREET,FORT HAMILTON PARKWAY,12 AVENUE,FORT HAMILTON PARKWAY,12 AVENUE,ADDRESS,BROOKLYN,43 STREET,,Closed,,The Department of Sanitation investigated this complaint and found no violation at the location.,01/03/2024 02:59:05 PM,12 BROOKLYN,3055970061,BROOKLYN,986482,172596,PHONE,Unspecified,BROOKLYN,,,,,,,,40.64041247869503,-73.99195758737105,"(40.64041247869503, -73.99195758737105)"
59902081,01/02/2024 04:50:24 PM,01/03/2024 05:45:06 AM,DSNY,Department of Sanitation,Dirty Condition,Dog Waste,Sidewalk,11375,69-69 110 STREET,110 STREET,JEWEL AVENUE,70 AVENUE,JEWEL AVENUE,70 AVENUE,ADDRESS,FOREST HILLS,110 STREET,,Closed,,The Department of Sanitation investigated this complaint and found no violation at the location.,01/03/2024 05:45:11 AM,06 QUEENS,4022310001,QUEENS,1027929,203102,ONLINE,Unspecified,QUEENS,,,,,,,,40.724036943906405,-73.84241688118541,"(40.724036943906405, -73.84241688118541)"
59902082,01/02/2024 03:44:34 PM,01/03/2024 12:47:40 PM,DSNY,Department of Sanitation,Dirty Condition,Dog Waste,Street,10462,806 NEILL AVENUE,NEILL AVENUE,BRONXDALE AVENUE,MATTHEWS AVENUE,BRONXDALE AVENUE,MATTHEWS AVENUE,ADDRESS,BRONX,NEILL AVENUE,,Closed,,The Department of Sanitation investigated this complaint and found no condition at the location.,01/03/2024 12:47:46 PM,11 BRONX,2042620156,BRONX,1021833,249123,PHONE,Unspecified,BRONX,,,,,,,,40.850380098185,-73.86415222923496,"(40.850380098185, -73.86415222923496)"
59907200,01/02/2024 12:57:35 PM,01/03/2024 05:45:56 AM,DSNY,Department of Sanitation,Dirty Condition,Dog Waste,Sidewalk,11412,118-88 RIVERTON STREET,RIVERTON STREET,118 ROAD,119 ROAD,118 ROAD,119 ROAD,ADDRESS,SAINT ALBANS,RIVERTON STREET,,Closed,,The Department of Sanitation investigated this complaint and found no violation at the location.,01/03/2024 05:46:01 AM,12 QUEENS,4124510052,QUEENS,1050030,190004,ONLINE,Unspecified,QUEENS,,,,,,,,40.68794941835187,-73.76281017021799,"(40.68794941835187, -73.76281017021799)"
59911118,01/02/2024 12:12:45 PM,01/02/2024 09:32:44 PM,DSNY,Department of Sanitation,Dirty Condition,Dog Waste,Sidewalk,11230,299 WEBSTER AVENUE,WEBSTER AVENUE,OCEAN PARKWAY,EAST    8 STREET,OCEAN PARKWAY,EAST    8 STREET,ADDRESS,BROOKLYN,WEBSTER AVENUE,,Closed,,The Department of Sanitation investigated this complaint and found no violation at the location.,01/02/2024 09:32:48 PM,14 BROOKLYN,3054170049,BROOKLYN,992512,169942,ONLINE,Unspecified,BROOKLYN,,,,,,,,40.633124242387474,-73.97023335232221,"(40.633124242387474, -73.97023335232221)"
59908473,01/02/2024 09:17:00 AM,01/03/2024 08:55:03 PM,DSNY,Department of Sanitation,Dirty Condition,Dog Waste,Sidewalk,11224,3780 SURF AVENUE,SURF AVENUE,BEACH   38 STREET,MERMAID AVENUE,BEACH   38 STREET,MERMAID AVENUE,ADDRESS,BROOKLYN,SURF AVENUE,,Closed,,The Department of Sanitation investigated this complaint and found no violation at the location.,01/03/2024 08:55:06 PM,13 BROOKLYN,3070300026,BROOKLYN,982956,148520,ONLINE,Unspecified,BROOKLYN,,,,,,,,40.57432897577373,-74.00465796853217,"(40.57432897577373, -74.00465796853217)"
59903396,01/02/2024 07:12:03 AM,01/02/2024 09:38:10 PM,DSNY,Department of Sanitation,Dirty Condition,Dog Waste,Sidewalk,11221,1077 HANCOCK STREET,HANCOCK STREET,BUSHWICK AVENUE,EVERGREEN AVENUE,BUSHWICK AVENUE,EVERGREEN AVENUE,ADDRESS,BROOKLYN,HANCOCK STREET,,Closed,,The Department of Sanitation investigated this complaint and found no violation at the location.,01/02/2024 09:38:12 PM,04 BROOKLYN,3033880044,BROOKLYN,1007975,190275,ONLINE,Unspecified,BROOKLYN,,,,,,,,40.688905894663755,-73.91445114851193,"(40.688905894663755, -73.91445114851193)"
59895604,01/01/2024 10:30:15 PM,01/02/2024 09:30:25 PM,DSNY,Department of Sanitation,Dirty Condition,Dog Waste,Sidewalk,11219,1157 43 STREET,43 STREET,FORT HAMILTON PARKWAY,12 AVENUE,FORT HAMILTON PARKWAY,12 AVENUE,ADDRESS,BROOKLYN,43 STREET,,Closed,,The Department of Sanitation investigated this complaint and found no violation at the location.,01/02/2024 09:30:30 PM,12 BROOKLYN,3055970061,BROOKLYN,986482,172596,PHONE,Unspecified,BROOKLYN,,,,,,,,40.64041247869503,-73.99195758737105,"(40.64041247869503, -73.99195758737105)"
59899108,01/01/2024 10:17:30 AM,01/02/2024 01:06:52 PM,DSNY,Department of Sanitation,Dirty Condition,Dog Waste,Sidewalk,10002,ALLEN STREET,ALLEN STREET,ALLEN STREET,EAST HOUSTON STREET,ALLEN STREET,EAST HOUSTON STREET,INTERSECTION,,,,Closed,,The Department of Sanitation investigated this complaint and found no violation at the location.,01/02/2024 01:06:57 PM,03 MANHATTAN,,MANHATTAN,987399,202661,PHONE,Unspecified,MANHATTAN,,,,,,,,40.722933781818995,-73.98863937450832,"(40.722933781818995, -73.98863937450832)"
