Unique Key,Created Date,Closed Date,Agency,Agency Name,Complaint Type,Descriptor,Location Type,Incident Zip,Incident Address,Street Name,Cross Street 1,Cross Street 2,Intersection Street 1,Intersection Street 2,Address Type,City,Landmark,Facility Type,Status,Due Date,Resolution Description,Resolution Action Updated Date,Community Board,BBL,Borough,X Coordinate (State Plane),Y Coordinate (State Plane),Open Data Channel Type,Park Facility Name,Park Borough,Vehicle Type,Taxi Company Borough,Taxi Pick Up Location,Bridge Highway Name,Bridge Highway Direction,Road Ramp,Bridge Highway Segment,Latitude,Longitude,Location
42112677,03/31/2019 07:54:00 PM,04/01/2019 12:00:00 PM,DSNY,Department of Sanitation,Dirty Conditions,E8 Canine Violation,Sidewalk,11221,1061 GREENE AVENUE,GREENE AVENUE,BROADWAY,GOODWIN PLACE,,,ADDRESS,BROOKLYN,,N/A,Closed,,The Department of Sanitation investigated this complaint and found no violation at the location.,04/01/2019 12:00:00 PM,04 BROOKLYN,3032830050,BROOKLYN,1005040,191418,ONLINE,Unspecified,BROOKLYN,,,,,,,,40.69205054609351,-73.92503079284718,"(40.69205054609351, -73.92503079284718)"
42098632,03/31/2019 10:50:00 AM,04/03/2019 12:00:00 PM,DSNY,Department of Sanitation,Dirty Conditions,E8 Canine Violation,Sidewalk,10034,,,,,COOPER STREET,WEST 204 STREET,INTERSECTION,NEW YORK,,N/A,Closed,,The Department of Sanitation investigated this complaint and found no violation at the location.,04/03/2019 12:00:00 PM,12 MANHATTAN,,MANHATTAN,1005373,255455,ONLINE,Unspecified,MANHATTAN,,,,,,,,40.86781425054724,-73.92362866221902,"(40.86781425054724, -73.92362866221902)"
42098666,03/31/2019 09:13:00 AM,04/02/2019 12:00:00 PM,DSNY,Department of Sanitation,Dirty Conditions,E8 Canine Violation,Sidewalk,11373,,,,,FORLEY STREET,WHITNEY AVENUE,INTERSECTION,Elmhurst,,N/A,Closed,,The Department of Sanitation investigated this complaint and found no violation at the location.,04/02/2019 12:00:00 PM,04 QUEENS,,QUEENS,1018657,210893,PHONE,Unspecified,QUEENS,,,,,,,,40.74546222042261,-73.87582808820335,"(40.74546222042261, -73.87582808820335)"
42101522,03/31/2019 08:34:00 AM,04/01/2019 12:00:00 PM,DSNY,Department of Sanitation,Dirty Conditions,E8 Canine Violation,Sidewalk,10457,311 EAST  175 STREET,EAST  175 STREET,CLAY AVENUE,ANTHONY AVENUE,,,ADDRESS,BRONX,,N/A,Closed,,The Department of Sanitation investigated this complaint and found no violation at the location.,04/01/2019 12:00:00 PM,05 BRONX,2028910057,BRONX,1010752,247742,PHONE,Unspecified,BRONX,,,,,,,,40.84662987655038,-73.90421110815689,"(40.84662987655038, -73.90421110815689)"
42100866,03/31/2019 08:04:00 AM,04/01/2019 12:00:00 PM,DSNY,Department of Sanitation,Dirty Conditions,E8 Canine Violation,Sidewalk,11234,6280 AVENUE U,AVENUE U,MILL AVENUE,EAST 63 STREET,,,ADDRESS,BROOKLYN,,N/A,Closed,,The Department of Sanitation investigated this complaint and found no violation at the location.,04/01/2019 12:00:00 PM,18 BROOKLYN,,BROOKLYN,1008351,163665,ONLINE,Unspecified,BROOKLYN,,,,,,,,40.6158662665876,-73.91319043775282,"(40.6158662665876, -73.91319043775282)"
42100162,03/30/2019 09:23:00 PM,04/03/2019 12:00:00 PM,DSNY,Department of Sanitation,Dirty Conditions,E8 Canine Violation,Sidewalk,10038,,,,,WATER STREET,JOHN STREET,INTERSECTION,NEW YORK,,N/A,Closed,,The Department of Sanitation investigated this complaint and found no violation at the location.,04/03/2019 12:00:00 PM,01 MANHATTAN,,MANHATTAN,982863,196802,ONLINE,Unspecified,MANHATTAN,,,,,,,,40.706852678991964,-74.00500266315939,"(40.706852678991964, -74.00500266315939)"
42094471,03/30/2019 12:17:00 PM,04/03/2019 12:00:00 PM,DSNY,Department of Sanitation,Dirty Conditions,E8 Canine Violation,Sidewalk,10031,462 WEST  146 STREET,WEST  146 STREET,CONVENT AVENUE,AMSTERDAM AVENUE,,,ADDRESS,NEW YORK,,N/A,Closed,,The Department of Sanitation investigated this complaint and found no violation at the location.,04/03/2019 12:00:00 PM,09 MANHATTAN,1020600154,MANHATTAN,999109,240054,ONLINE,Unspecified,MANHATTAN,,,,,,,,40.82555581387279,-73.94631061168447,"(40.82555581387279, -73.94631061168447)"
42097212,03/30/2019 09:17:00 AM,04/03/2019 12:00:00 PM,DSNY,Department of Sanitation,Dirty Conditions,E8 Canine Violation,Sidewalk,11358,36-07 166 STREET,166 STREET,CROCHERON AVENUE,DEPOT ROAD,,,ADDRESS,Flushing,,N/A,Closed,,The Department of Sanitation investigated this complaint and found no violation at the location.,04/03/2019 12:00:00 PM,07 QUEENS,4052930015,QUEENS,1039687,217226,PHONE,Unspecified,QUEENS,,,,,,,,40.76273782351883,-73.79988062229387,"(40.76273782351883, -73.79988062229387)"
42095380,03/30/2019 08:56:00 AM,04/01/2019 12:00:00 PM,DSNY,Department of Sanitation,Dirty Conditions,E8 Canine Violation,Sidewalk,11223,1893 WEST    8 STREET,WEST    8 STREET,HIGHLAWN AVENUE,AVENUE S,,,ADDRESS,BROOKLYN,,N/A,Closed,,The Department of Sanitation investigated this complaint and found no violation at the location.,04/01/2019 12:00:00 PM,11 BROOKLYN,3066730050,BROOKLYN,989699,158367,ONLINE,Unspecified,BROOKLYN,,,,,,,,40.60135544611431,-73.9803774770231,"(40.60135544611431, -73.9803774770231)"
42094439,03/30/2019 08:20:00 AM,04/01/2019 12:00:00 PM,DSNY,Department of Sanitation,Dirty Conditions,E8 Canine Violation,Sidewalk,11234,6910 AVENUE U,AVENUE U,EAST 69 STREET,EAST 70 STREET,,,ADDRESS,BROOKLYN,,N/A,Closed,,The Department of Sanitation investigated this complaint and found no violation at the location.,04/01/2019 12:00:00 PM,18 BROOKLYN,3084290036,BROOKLYN,1009582,164801,ONLINE,Unspecified,BROOKLYN,,,,,,,,40.618980915279145,-73.90875223099572,"(40.618980915279145, -73.90875223099572)"
42097908,03/30/2019 03:12:00 AM,04/01/2019 12:00:00 PM,DSNY,Department of Sanitation,Dirty Conditions,E8 Canine Violation,Sidewalk,10458,2965 MARION AVENUE,MARION AVENUE,BEDFORD PARK BOULEVARD,EAST 201 STREET,,,ADDRESS,BRONX,,N/A,Closed,,The Department of Sanitation investigated this complaint and found no violation at the location.,04/01/2019 12:00:00 PM,07 BRONX,2032920001,BRONX,1016335,255957,ONLINE,Unspecified,BRONX,,,,,,,,40.86915904820484,-73.88399259888972,"(40.86915904820484, -73.88399259888972)"
42093387,03/29/2019 08:08:00 PM,04/03/2019 12:00:00 PM,DSNY,Department of Sanitation,Dirty Conditions,E8 Canine Violation,Sidewalk,10075,241 EAST   78 STREET,EAST   78 STREET,3 AVENUE,2 AVENUE,,,ADDRESS,NEW YORK,,N/A,Closed,,The Department of Sanitation investigated this complaint and found no violation at the location.,04/03/2019 12:00:00 PM,08 MANHATTAN,1014330015,MANHATTAN,996212,220976,ONLINE,Unspecified,MANHATTAN,,,,,,,,40.77319631467163,-73.95681220198927,"(40.77319631467163, -73.95681220198927)"
42091464,03/29/2019 06:53:00 PM,03/30/2019 12:00:00 PM,DSNY,Department of Sanitation,Dirty Conditions,E8 Canine Violation,Sidewalk,10455,391 EAST  152 STREET,EAST  152 STREET,COURTLANDT AVENUE,MELROSE AVENUE,,,ADDRESS,BRONX,,N/A,Closed,,The Department of Sanitation investigated this complaint and found no violation at the location.,03/30/2019 12:00:00 PM,01 BRONX,2023990029,BRONX,1007166,237433,PHONE,Unspecified,BRONX,,,,,,,,40.81834468459691,-73.91720756382902,"(40.81834468459691, -73.91720756382902)"
42093379,03/29/2019 05:16:00 PM,04/02/2019 12:00:00 PM,DSNY,Department of Sanitation,Dirty Conditions,E8 Canine Violation,Sidewalk,11375,110-31 73 ROAD,73 ROAD,AUSTIN STREET,QUEENS BOULEVARD,,,ADDRESS,Forest Hills,,N/A,Closed,,The Department of Sanitation investigated this complaint and found no violation at the location.,04/02/2019 12:00:00 PM,06 QUEENS,4032927501,QUEENS,1028795,200984,PHONE,Unspecified,QUEENS,,,,,,,,40.71821923633626,-73.83930659001892,"(40.71821923633626, -73.83930659001892)"
42097907,03/29/2019 04:06:00 PM,04/02/2019 12:00:00 PM,DSNY,Department of Sanitation,Dirty Conditions,E8 Canine Violation,Sidewalk,11370,76-20 25 AVENUE,25 AVENUE,76 STREET,77 STREET,,,ADDRESS,East Elmhurst,,N/A,Closed,,The Department of Sanitation investigated this complaint and found no violation at the location.,04/02/2019 12:00:00 PM,03 QUEENS,4010530011,QUEENS,1014160,217085,ONLINE,Unspecified,QUEENS,,,,,,,,40.762474028727645,-73.89202981420819,"(40.762474028727645, -73.89202981420819)"
42092657,03/29/2019 02:59:00 PM,04/03/2019 12:00:00 PM,DSNY,Department of Sanitation,Dirty Conditions,E8 Canine Violation,Sidewalk,10014,,,,,WAVERLY PLACE,CHARLES STREET,INTERSECTION,NEW YORK,,N/A,Closed,,The Department of Sanitation investigated this complaint and found no violation at the location.,04/03/2019 12:00:00 PM,02 MANHATTAN,,MANHATTAN,983814,207103,PHONE,Unspecified,MANHATTAN,,,,,,,,40.73512653658998,-74.00157324200406,"(40.73512653658998, -74.00157324200406)"
42093419,03/29/2019 02:26:00 PM,04/02/2019 12:00:00 PM,DSNY,Department of Sanitation,Dirty Conditions,E8 Canine Violation,Sidewalk,11378,64-69 59 AVENUE,59 AVENUE,BEND,66 STREET,,,ADDRESS,Maspeth,,N/A,Closed,,The Department of Sanitation investigated this complaint and found no violation at the location.,04/02/2019 12:00:00 PM,05 QUEENS,4027530287,QUEENS,1012292,201735,ONLINE,Unspecified,QUEENS,,,,,,,,40.720348251763056,-73.89883697329999,"(40.720348251763056, -73.89883697329999)"
42088893,03/29/2019 01:29:00 PM,03/30/2019 12:00:00 PM,DSNY,Department of Sanitation,Dirty Conditions,E8 Canine Violation,Sidewalk,10467,3273 PARKSIDE PLACE,PARKSIDE PLACE,EAST 207 STREET,EAST 209 STREET,,,ADDRESS,BRONX,,N/A,Closed,,The Department of Sanitation investigated this complaint and found no violation at the location.,03/30/2019 12:00:00 PM,07 BRONX,2033550043,BRONX,1019271,258250,PHONE,Unspecified,BRONX,,,,,,,,40.875441463041874,-73.87336514604198,"(40.875441463041874, -73.87336514604198)"
42090667,03/29/2019 12:34:00 PM,03/29/2019 12:34:00 PM,DSNY,Department of Sanitation,Dirty Conditions,E8 Canine Violation,Sidewalk,11354,,,,,32 AVENUE,LINDEN PLACE,INTERSECTION,Flushing,,N/A,Closed,,The Department of Sanitation investigated this complaint and found no violation at the location.,03/29/2019 12:34:00 PM,07 QUEENS,,QUEENS,1030807,219035,PHONE,Unspecified,QUEENS,,,,,,,,40.767754274054454,-73.83192349406553,"(40.767754274054454, -73.83192349406553)"
42087826,03/29/2019 10:42:00 AM,03/29/2019 12:00:00 PM,DSNY,Department of Sanitation,Dirty Conditions,E8 Canine Violation,Sidewalk,11206,132 VERNON AVENUE,VERNON AVENUE,MARCY AVENUE,TOMPKINS AVENUE,,,ADDRESS,BROOKLYN,,N/A,Closed,,The Department of Sanitation investigated this complaint and found no violation at the location.,03/29/2019 12:00:00 PM,03 BROOKLYN,3017590037,BROOKLYN,998951,192440,PHONE,Unspecified,BROOKLYN,,,,,,,,40.69486790804391,-73.946985626797,"(40.69486790804391, -73.946985626797)"
42082323,03/29/2019 10:00:00 AM,04/03/2019 12:00:00 PM,DSNY,Department of Sanitation,Dirty Conditions,E8 Canine Violation,Sidewalk,10003,326 EAST   19 STREET,EAST   19 STREET,2 AVENUE,1 AVENUE,,,ADDRESS,NEW YORK,,N/A,Closed,,The Department of Sanitation investigated this complaint and found no violation at the location.,04/03/2019 12:00:00 PM,06 MANHATTAN,1009240052,MANHATTAN,989342,207047,PHONE,Unspecified,MANHATTAN,,,,,,,,40.7349713753652,-73.98162630805375,"(40.7349713753652, -73.98162630805375)"
42087289,03/29/2019 08:28:00 AM,04/03/2019 12:00:00 PM,DSNY,Department of Sanitation,Dirty Conditions,E8 Canine Violation,Sidewalk,11427,89-10 FRANCIS LEWIS BOULEVARD,FRANCIS LEWIS BOULEVARD,89 AVENUE,90 AVENUE,,,ADDRESS,Queens Village,,N/A,Closed,,The Department of Sanitation investigated this complaint and found no violation at the location.,04/03/2019 12:00:00 PM,12 QUEENS,4104920085,QUEENS,1051305,201414,PHONE,Unspecified,QUEENS,,,,,,,,40.719257500138966,-73.7580991779457,"(40.719257500138966, -73.7580991779457)"
42088350,03/29/2019 08:01:00 AM,03/30/2019 12:00:00 PM,DSNY,Department of Sanitation,Dirty Conditions,E8 Canine Violation,Sidewalk,11234,,,,,EAST 53 STREET,AVENUE L,INTERSECTION,BROOKLYN,,N/A,Closed,,The Department of Sanitation investigated this complaint and found no violation at the location.,03/30/2019 12:00:00 PM,18 BROOKLYN,,BROOKLYN,1005217,166532,PHONE,Unspecified,BROOKLYN,,,,,,,,40.62374355255963,-73.9244699043974,"(40.62374355255963, -73.9244699043974)"
42088918,03/29/2019 07:35:00 AM,04/03/2019 12:00:00 PM,DSNY,Department of Sanitation,Dirty Conditions,E8 Canine Violation,Sidewalk,10069,80 RIVERSIDE BOULEVARD,RIVERSIDE BOULEVARD,WEST 63 STREET,WEST 64 STREET,,,ADDRESS,NEW YORK,,N/A,Closed,,The Department of Sanitation investigated this complaint and found no violation at the location.,04/03/2019 12:00:00 PM,07 MANHATTAN,1011717507,MANHATTAN,986956,221807,MOBILE,Unspecified,MANHATTAN,,,,,,,,40.77548487129163,-73.99022987850914,"(40.77548487129163, -73.99022987850914)"
42087258,03/29/2019 07:22:00 AM,04/03/2019 12:00:00 PM,DSNY,Department of Sanitation,Dirty Conditions,E8 Canine Violation,Sidewalk,10030,140 WEST  142 STREET,WEST  142 STREET,LENOX AVENUE,7 AVENUE,,,ADDRESS,NEW YORK,,N/A,Closed,,The Department of Sanitation investigated this complaint and found no violation at the location.,04/03/2019 12:00:00 PM,10 MANHATTAN,1020100050,MANHATTAN,1001086,237724,ONLINE,Unspecified,MANHATTAN,,,,,,,,40.81915707770761,-73.93917305043875,"(40.81915707770761, -73.93917305043875)"
42082672,03/28/2019 09:48:00 PM,03/29/2019 12:00:00 PM,DSNY,Department of Sanitation,Dirty Conditions,E8 Canine Violation,Sidewalk,10468,,,,,EAST 183 STREET,CRESTON AVENUE,INTERSECTION,BRONX,,N/A,Closed,,The Department of Sanitation investigated this complaint and found no violation at the location.,03/29/2019 12:00:00 PM,05 BRONX,,BRONX,1011653,251798,PHONE,Unspecified,BRONX,,,,,,,,40.85775963488418,-73.90093795561731,"(40.85775963488418, -73.90093795561731)"
42085540,03/28/2019 09:36:00 PM,03/29/2019 12:00:00 PM,DSNY,Department of Sanitation,Dirty Conditions,E8 Canine Violation,Sidewalk,11208,,,,,ELDERT LANE,JAMAICA AVENUE,INTERSECTION,BROOKLYN,,N/A,Closed,,The Department of Sanitation investigated this complaint and found no violation at the location.,03/29/2019 12:00:00 PM,05 BROOKLYN,,BROOKLYN,1020840,191121,ONLINE,Unspecified,BROOKLYN,,,,,,,,40.69118413152543,-73.86805731855816,"(40.69118413152543, -73.86805731855816)"
42083398,03/28/2019 08:26:00 PM,03/29/2019 12:00:00 PM,DSNY,Department of Sanitation,Dirty Conditions,E8 Canine Violation,Sidewalk,11375,,,,,69 AVENUE,108 STREET,INTERSECTION,Forest Hills,,N/A,Closed,,The Department of Sanitation investigated this complaint and found no violation at the location.,03/29/2019 12:00:00 PM,06 QUEENS,,QUEENS,1027073,203439,ONLINE,Unspecified,QUEENS,,,,,,,,40.72496611096793,-73.84550296841253,"(40.72496611096793, -73.84550296841253)"
42089324,03/28/2019 07:14:00 PM,04/03/2019 12:00:00 PM,DSNY,Department of Sanitation,Dirty Conditions,E8 Canine Violation,Sidewalk,10023,,,,,FREEDOM PLACE,WEST 70 STREET,INTERSECTION,NEW YORK,,N/A,Closed,,The Department of Sanitation investigated this complaint and found no violation at the location.,04/03/2019 12:00:00 PM,07 MANHATTAN,,MANHATTAN,987824,223148,ONLINE,Unspecified,MANHATTAN,,,,,,,,40.7791652546999,-73.98709521646646,"(40.7791652546999, -73.98709521646646)"
42089979,03/28/2019 06:59:00 PM,03/29/2019 12:00:00 PM,DSNY,Department of Sanitation,Dirty Conditions,E8 Canine Violation,Sidewalk,11206,180 SCHOLES STREET,SCHOLES STREET,GRAHAM AVENUE,HUMBOLDT STREET,,,ADDRESS,BROOKLYN,,N/A,Closed,,The Department of Sanitation investigated this complaint and found no violation at the location.,03/29/2019 12:00:00 PM,01 BROOKLYN,3030440016,BROOKLYN,1000300,197554,PHONE,Unspecified,BROOKLYN,,,,,,,,40.708902292841536,-73.94210871064207,"(40.708902292841536, -73.94210871064207)"
42086669,03/28/2019 06:54:00 PM,03/29/2019 12:00:00 PM,DSNY,Department of Sanitation,Dirty Conditions,E8 Canine Violation,Sidewalk,11414,,,,,164 AVENUE,96 STREET,INTERSECTION,Howard Beach,,N/A,Closed,,The Department of Sanitation investigated this complaint and found no condition at the location.,03/29/2019 12:00:00 PM,10 QUEENS,,QUEENS,1030042,176576,ONLINE,Unspecified,QUEENS,,,,,,,,40.65121860690353,-73.83497400250566,"(40.65121860690353, -73.83497400250566)"
42084345,03/28/2019 05:04:00 PM,03/29/2019 12:00:00 PM,DSNY,Department of Sanitation,Dirty Conditions,E8 Canine Violation,Sidewalk,11235,185 MACKENZIE STREET,MACKENZIE STREET,SHORE BOULEVARD,JUGHANDLE,,,ADDRESS,BROOKLYN,,N/A,Closed,,The Department of Sanitation investigated this complaint and found no violation at the location.,03/29/2019 12:00:00 PM,15 BROOKLYN,3087560050,BROOKLYN,1000940,150223,ONLINE,Unspecified,BROOKLYN,,,,,,,,40.57898775971379,-73.93991736972812,"(40.57898775971379, -73.93991736972812)"
42082249,03/28/2019 01:45:00 PM,03/29/2019 12:00:00 PM,DSNY,Department of Sanitation,Dirty Conditions,E8 Canine Violation,Sidewalk,11207,,,,,RIVERDALE AVENUE,PENNSYLVANIA AVENUE,INTERSECTION,BROOKLYN,,N/A,Closed,,The Department of Sanitation investigated this complaint and found no violation at the location.,03/29/2019 12:00:00 PM,05 BROOKLYN,,BROOKLYN,1013755,180924,ONLINE,Unspecified,BROOKLYN,,,,,,,,40.6632221461328,-73.89365027592062,"(40.6632221461328, -73.89365027592062)"
42073091,03/28/2019 01:36:00 PM,03/29/2019 12:00:00 PM,DSNY,Department of Sanitation,Dirty Conditions,E8 Canine Violation,Sidewalk,10466,703 EAST  237 STREET,EAST  237 STREET,WHITE PLAINS ROAD,FURMAN AVENUE,,,ADDRESS,BRONX,,N/A,Closed,,The Department of Sanitation investigated this complaint and found no violation at the location.,03/29/2019 12:00:00 PM,12 BRONX,2050460007,BRONX,1024326,266183,PHONE,Unspecified,BRONX,,,,,,,,40.89719352399532,-73.85503898311214,"(40.89719352399532, -73.85503898311214)"
42073128,03/28/2019 01:33:00 PM,03/29/2019 12:00:00 PM,DSNY,Department of Sanitation,Dirty Conditions,E8 Canine Violation,Sidewalk,10466,4330 BYRON AVENUE,BYRON AVENUE,EAST 236 STREET,WHITEHALL PLACE,,,ADDRESS,BRONX,,N/A,Closed,,The Department of Sanitation investigated this complaint and found no violation at the location.,03/29/2019 12:00:00 PM,12 BRONX,2050450008,BRONX,1024608,265676,PHONE,Unspecified,BRONX,,,,,,,,40.8958006872793,-73.8540220040228,"(40.8958006872793, -73.8540220040228)"
42075373,03/28/2019 11:46:00 AM,03/29/2019 12:00:00 PM,DSNY,Department of Sanitation,Dirty Conditions,E8 Canine Violation,Sidewalk,10459,832 FREEMAN STREET,FREEMAN STREET,LYMAN PLACE,CHISHOLM STREET,,,ADDRESS,BRONX,,N/A,Closed,,The Department of Sanitation investigated this complaint and found no violation at the location.,03/29/2019 12:00:00 PM,03 BRONX,2029700157,BRONX,1012903,241843,PHONE,Unspecified,BRONX,,,,,,,,40.83043212835059,-73.89646173704165,"(40.83043212835059, -73.89646173704165)"
42080769,03/28/2019 11:04:00 AM,04/03/2019 12:00:00 PM,DSNY,Department of Sanitation,Dirty Conditions,E8 Canine Violation,Sidewalk,11423,100-31 194 STREET,194 STREET,100 AVENUE,104 AVENUE,,,ADDRESS,Hollis,,N/A,Closed,,The Department of Sanitation investigated this complaint and found no violation at the location.,04/03/2019 12:00:00 PM,12 QUEENS,4108610010,QUEENS,1049488,197669,PHONE,Unspecified,QUEENS,,,,,,,,40.70899199197266,-73.76469026264802,"(40.70899199197266, -73.76469026264802)"
42073789,03/28/2019 10:55:00 AM,03/29/2019 12:00:00 PM,DSNY,Department of Sanitation,Dirty Conditions,E8 Canine Violation,Sidewalk,10473,412 TORRY AVENUE,TORRY AVENUE,NORTON AVENUE,LACOMBE AVENUE,,,ADDRESS,BRONX,,N/A,Closed,,The Department of Sanitation investigated this complaint and found no violation at the location.,03/29/2019 12:00:00 PM,09 BRONX,2035090011,BRONX,1025992,236255,PHONE,Unspecified,BRONX,,,,,,,,40.81504251129281,-73.84919918021622,"(40.81504251129281, -73.84919918021622)"
42081358,03/28/2019 10:36:00 AM,03/29/2019 12:00:00 PM,DSNY,Department of Sanitation,Dirty Conditions,E8 Canine Violation,Sidewalk,11226,189 EAST   18 STREET,EAST   18 STREET,ALBEMARLE ROAD,BEVERLEY ROAD,,,ADDRESS,BROOKLYN,,N/A,Closed,,The Department of Sanitation investigated this complaint and found no violation at the location.,03/29/2019 12:00:00 PM,14 BROOKLYN,3051220066,BROOKLYN,994660,174778,PHONE,Unspecified,BROOKLYN,,,,,,,,40.64639576247312,-73.96248699567796,"(40.64639576247312, -73.96248699567796)"
42073077,03/28/2019 09:12:00 AM,03/30/2019 12:00:00 PM,DSNY,Department of Sanitation,Dirty Conditions,E8 Canine Violation,Sidewalk,11215,336 19 STREET,19 STREET,6 AVENUE,7 AVENUE,,,ADDRESS,BROOKLYN,,N/A,Closed,,The Department of Sanitation investigated this complaint and found no violation at the location.,03/30/2019 12:00:00 PM,07 BROOKLYN,3008860030,BROOKLYN,987367,179863,PHONE,Unspecified,BROOKLYN,,,,,,,,40.660358547610244,-73.9887653692838,"(40.660358547610244, -73.9887653692838)"
42074557,03/28/2019 08:01:00 AM,03/29/2019 12:00:00 PM,DSNY,Department of Sanitation,Dirty Conditions,E8 Canine Violation,Sidewalk,10459,866 EAST  165 STREET,EAST  165 STREET,REV JAMES A POLITE AVENUE,,,,ADDRESS,BRONX,,N/A,Closed,,The Department of Sanitation investigated this complaint and found no violation at the location.,03/29/2019 12:00:00 PM,02 BRONX,2026900134,BRONX,1012198,239390,PHONE,Unspecified,BRONX,,,,,,,,40.8237016063218,-73.8990194864085,"(40.8237016063218, -73.8990194864085)"
42076197,03/28/2019 05:23:00 AM,03/28/2019 12:00:00 PM,DSNY,Department of Sanitation,Dirty Conditions,E8 Canine Violation,Sidewalk,10470,,,,,KEPLER AVENUE,EAST 236 STREET,INTERSECTION,BRONX,,N/A,Closed,,The Department of Sanitation investigated this complaint and found no violation at the location.,03/28/2019 12:00:00 PM,12 BRONX,,BRONX,1019990,266437,PHONE,Unspecified,BRONX,,,,,,,,40.897909301025386,-73.87072157771004,"(40.897909301025386, -73.87072157771004)"
42073756,03/27/2019 09:41:00 PM,03/29/2019 12:00:00 PM,DSNY,Department of Sanitation,Dirty Conditions,E8 Canine Violation,Sidewalk,11221,20 MENAHAN STREET,MENAHAN STREET,BUSHWICK AVENUE,EVERGREEN AVENUE,,,ADDRESS,BROOKLYN,,N/A,Closed,,The Department of Sanitation investigated this complaint and found no violation at the location.,03/29/2019 12:00:00 PM,04 BROOKLYN,3033130006,BROOKLYN,1005791,191691,ONLINE,Unspecified,BROOKLYN,,,,,,,,40.69279807170382,-73.92232179839621,"(40.69279807170382, -73.92232179839621)"
42080469,03/27/2019 09:15:00 PM,03/29/2019 12:00:00 PM,DSNY,Department of Sanitation,Dirty Conditions,E8 Canine Violation,Sidewalk,11355,45-10 KISSENA BOULEVARD,KISSENA BOULEVARD,45 AVENUE,GERANIUM AVENUE,,,ADDRESS,Flushing,,N/A,Closed,,The Department of Sanitation investigated this complaint and found no violation at the location.,03/29/2019 12:00:00 PM,07 QUEENS,4051460036,QUEENS,1033964,213288,ONLINE,Unspecified,QUEENS,,,,,,,,40.75196307494059,-73.82056886414269,"(40.75196307494059, -73.82056886414269)"
42079841,03/27/2019 08:52:00 PM,03/28/2019 12:00:00 PM,DSNY,Department of Sanitation,Dirty Conditions,E8 Canine Violation,Sidewalk,11235,185 MACKENZIE STREET,MACKENZIE STREET,SHORE BOULEVARD,JUGHANDLE,,,ADDRESS,BROOKLYN,,N/A,Closed,,The Department of Sanitation investigated this complaint and found no violation at the location.,03/28/2019 12:00:00 PM,15 BROOKLYN,3087560050,BROOKLYN,1000940,150223,ONLINE,Unspecified,BROOKLYN,,,,,,,,40.57898775971379,-73.93991736972812,"(40.57898775971379, -73.93991736972812)"
42076929,03/27/2019 07:23:00 PM,03/28/2019 12:00:00 PM,DSNY,Department of Sanitation,Dirty Conditions,E8 Canine Violation,Sidewalk,11220,625 61 STREET,61 STREET,6 AVENUE,7 AVENUE,,,ADDRESS,BROOKLYN,,N/A,Closed,,The Department of Sanitation investigated this complaint and found no violation at the location.,03/28/2019 12:00:00 PM,07 BROOKLYN,3057840068,BROOKLYN,980406,171408,PHONE,Unspecified,BROOKLYN,,,,,,,,40.637151119662384,-74.01385014485437,"(40.637151119662384, -74.01385014485437)"
42075396,03/27/2019 07:02:00 PM,03/28/2019 12:00:00 PM,DSNY,Department of Sanitation,Dirty Conditions,E8 Canine Violation,Sidewalk,11369,23-54 101 STREET,101 STREET,BEND,24 AVENUE,,,ADDRESS,East Elmhurst,,N/A,Closed,,The Department of Sanitation investigated this complaint and found no violation at the location.,03/28/2019 12:00:00 PM,03 QUEENS,4016370030,QUEENS,1020424,218994,PHONE,Unspecified,QUEENS,,,,,,,,40.7676903238952,-73.8694075604297,"(40.7676903238952, -73.8694075604297)"
42075183,03/27/2019 03:51:00 PM,03/28/2019 12:00:00 PM,DSNY,Department of Sanitation,Dirty Conditions,E8 Canine Violation,Sidewalk,11211,,,,,SOUTH 2 STREET,HOOPER STREET,INTERSECTION,BROOKLYN,,N/A,Closed,,The Department of Sanitation investigated this complaint and found no violation at the location.,03/28/2019 12:00:00 PM,01 BROOKLYN,,BROOKLYN,997458,197849,ONLINE,Unspecified,BROOKLYN,,,,,,,,40.70971669665864,-73.95235903589781,"(40.70971669665864, -73.95235903589781)"
42075355,03/27/2019 02:14:00 PM,03/28/2019 12:00:00 PM,DSNY,Department of Sanitation,Dirty Conditions,E8 Canine Violation,Sidewalk,11378,64-69 59 AVENUE,59 AVENUE,BEND,66 STREET,,,ADDRESS,Maspeth,,N/A,Closed,,The Department of Sanitation investigated this complaint and found no violation at the location.,03/28/2019 12:00:00 PM,05 QUEENS,4027530287,QUEENS,1012292,201735,ONLINE,Unspecified,QUEENS,,,,,,,,40.720348251763056,-73.89883697329999,"(40.720348251763056, -73.89883697329999)"
42071799,03/27/2019 01:24:00 PM,03/28/2019 12:00:00 PM,DSNY,Department of Sanitation,Dirty Conditions,E8 Canine Violation,Sidewalk,11207,,,,,SHEFFIELD AVENUE,RIVERDALE AVENUE,INTERSECTION,BROOKLYN,,N/A,Closed,,The Department of Sanitation investigated this complaint and found no violation at the location.,03/28/2019 12:00:00 PM,05 BROOKLYN,,BROOKLYN,1013484,180872,ONLINE,Unspecified,BROOKLYN,,,,,,,,40.66308031666666,-73.89462731031057,"(40.66308031666666, -73.89462731031057)"
42071743,03/27/2019 12:35:00 PM,03/28/2019 12:00:00 PM,DSNY,Department of Sanitation,Dirty Conditions,E8 Canine Violation,Sidewalk,10024,,,,,AMSTERDAM AVENUE,WEST 88 STREET,INTERSECTION,NEW YORK,,N/A,Closed,,The Department of Sanitation investigated this complaint and found no violation at the location.,03/28/2019 12:00:00 PM,07 MANHATTAN,,MANHATTAN,991432,226728,PHONE,Unspecified,MANHATTAN,,,,,,,,40.7889892058747,-73.97406384103728,"(40.7889892058747, -73.97406384103728)"
42071798,03/27/2019 11:01:00 AM,03/28/2019 12:00:00 PM,DSNY,Department of Sanitation,Dirty Conditions,E8 Canine Violation,Sidewalk,11222,193 JAVA STREET,JAVA STREET,MANHATTAN AVENUE,MCGUINNESS BOULEVARD,,,ADDRESS,BROOKLYN,,N/A,Closed,,The Department of Sanitation investigated this complaint and found no violation at the location.,03/28/2019 12:00:00 PM,01 BROOKLYN,3025410044,BROOKLYN,997290,205883,PHONE,Unspecified,BROOKLYN,,,,,,,,40.73176833509559,-73.95294944304852,"(40.73176833509559, -73.95294944304852)"
42069293,03/27/2019 09:51:00 AM,03/28/2019 12:00:00 PM,DSNY,Department of Sanitation,Dirty Conditions,E8 Canine Violation,Sidewalk,10026,,,,,WEST 118 STREET,LENOX AVENUE,INTERSECTION,NEW YORK,,N/A,Closed,,The Department of Sanitation investigated this complaint and found no violation at the location.,03/28/2019 12:00:00 PM,10 MANHATTAN,,MANHATTAN,998445,231956,ONLINE,Unspecified,MANHATTAN,,,,,,,,40.80333016272919,-73.94872694065506,"(40.80333016272919, -73.94872694065506)"
42065018,03/27/2019 07:20:00 AM,03/29/2019 12:00:00 PM,DSNY,Department of Sanitation,Dirty Conditions,E8 Canine Violation,Sidewalk,11221,779 PUTNAM AVENUE,PUTNAM AVENUE,STUYVESANT AVENUE,MALCOLM X BOULEVARD,,,ADDRESS,BROOKLYN,,N/A,Closed,,The Department of Sanitation investigated this complaint and found no violation at the location.,03/29/2019 12:00:00 PM,03 BROOKLYN,3016460048,BROOKLYN,1003525,189318,ONLINE,Unspecified,BROOKLYN,,,,,,,,40.686289959906524,-73.930499922681,"(40.686289959906524, -73.930499922681)"
42068307,03/26/2019 02:54:00 PM,03/28/2019 12:00:00 PM,DSNY,Department of Sanitation,Dirty Conditions,E8 Canine Violation,Sidewalk,10036,510 WEST   45 STREET,WEST   45 STREET,AMTRAK RAILROAD,11 AVENUE,,,ADDRESS,NEW YORK,,N/A,Closed,,The Department of Sanitation investigated this complaint and found no violation at the location.,03/28/2019 12:00:00 PM,04 MANHATTAN,1010737503,MANHATTAN,985596,216891,ONLINE,Unspecified,MANHATTAN,,,,,,,,40.76199204046537,-73.99514119753637,"(40.76199204046537, -73.99514119753637)"
42069402,03/26/2019 02:52:00 PM,04/03/2019 12:00:00 PM,DSNY,Department of Sanitation,Dirty Conditions,E8 Canine Violation,Sidewalk,10036,520 WEST   45 STREET,WEST   45 STREET,AMTRAK RAILROAD,11 AVENUE,,,ADDRESS,NEW YORK,,N/A,Closed,,The Department of Sanitation investigated this complaint and found no violation at the location.,04/03/2019 12:00:00 PM,04 MANHATTAN,1010737504,MANHATTAN,985550,216916,ONLINE,Unspecified,MANHATTAN,,,,,,,,40.762060665920885,-73.99530724390004,"(40.762060665920885, -73.99530724390004)"
42071800,03/26/2019 02:50:00 PM,04/03/2019 12:00:00 PM,DSNY,Department of Sanitation,Dirty Conditions,E8 Canine Violation,Sidewalk,10036,530 WEST   45 STREET,WEST   45 STREET,AMTRAK RAILROAD,11 AVENUE,,,ADDRESS,NEW YORK,,N/A,Closed,,The Department of Sanitation investigated this complaint and found no violation at the location.,04/03/2019 12:00:00 PM,04 MANHATTAN,1010737502,MANHATTAN,985504,216942,ONLINE,Unspecified,MANHATTAN,,,,,,,,40.762132035879276,-73.99547329041934,"(40.762132035879276, -73.99547329041934)"
42065897,03/26/2019 02:45:00 PM,04/02/2019 12:00:00 PM,DSNY,Department of Sanitation,Dirty Conditions,E8 Canine Violation,Sidewalk,10308,1 NELSON AVENUE,NELSON AVENUE,GIFFORDS GLEN,AMBOY ROAD,,,ADDRESS,STATEN ISLAND,,N/A,Closed,,The Department of Sanitation investigated this complaint and found no violation at the location.,04/02/2019 12:00:00 PM,03 STATEN ISLAND,5054280020,STATEN ISLAND,942276,139818,ONLINE,Unspecified,STATEN ISLAND,,,,,,,,40.55034443558404,-74.15103824425084,"(40.55034443558404, -74.15103824425084)"
42065626,03/26/2019 02:19:00 PM,03/27/2019 12:00:00 PM,DSNY,Department of Sanitation,Dirty Conditions,E8 Canine Violation,Sidewalk,11214,,,,,BAY 50 STREET,WEST 17 STREET,INTERSECTION,BROOKLYN,,N/A,Closed,,The Department of Sanitation investigated this complaint and found no violation at the location.,03/27/2019 12:00:00 PM,13 BROOKLYN,,BROOKLYN,988086,152873,PHONE,Unspecified,BROOKLYN,,,,,,,,40.58627636549146,-73.98618920869933,"(40.58627636549146, -73.98618920869933)"
42057972,03/26/2019 09:49:00 AM,03/26/2019 12:00:00 PM,DSNY,Department of Sanitation,Dirty Conditions,E8 Canine Violation,Sidewalk,11378,64-69 59 AVENUE,59 AVENUE,BEND,66 STREET,,,ADDRESS,Maspeth,,N/A,Closed,,The Department of Sanitation investigated this complaint and found no violation at the location.,03/26/2019 12:00:00 PM,05 QUEENS,4027530287,QUEENS,1012292,201735,ONLINE,Unspecified,QUEENS,,,,,,,,40.720348251763056,-73.89883697329999,"(40.720348251763056, -73.89883697329999)"
42059030,03/26/2019 08:58:00 AM,03/26/2019 12:00:00 PM,DSNY,Department of Sanitation,Dirty Conditions,E8 Canine Violation,Sidewalk,11691,520 BEACH   32 STREET,BEACH   32 STREET,ROCKAWAY FREEWAY,FAR ROCKAWAY BOULEVARD,,,ADDRESS,Far Rockaway,,N/A,Closed,,"The Department of Sanitation has investigated the complaint and addressed the issue. If the problem persists, call 311 to enter a new complaint. If you are outside of New York City, please call (212) NEW-YORK (212-639-9675).",03/26/2019 12:00:00 PM,14 QUEENS,4157880010,QUEENS,1049441,157145,ONLINE,Unspecified,QUEENS,,,,,,,,40.59776321657996,-73.76525149663782,"(40.59776321657996, -73.76525149663782)"
42061371,03/26/2019 01:42:00 AM,04/02/2019 12:00:00 PM,DSNY,Department of Sanitation,Dirty Conditions,E8 Canine Violation,Sidewalk,10312,35 OCEAN VIEW AVENUE,OCEAN VIEW AVENUE,3 COURT,4 COURT,,,ADDRESS,STATEN ISLAND,,N/A,Closed,,The Department of Sanitation investigated this complaint and found no violation at the location.,04/02/2019 12:00:00 PM,03 STATEN ISLAND,5063990020,STATEN ISLAND,937521,130846,PHONE,Unspecified,STATEN ISLAND,,,,,,,,40.52569424525041,-74.16808653388252,"(40.52569424525041, -74.16808653388252)"
42060834,03/25/2019 08:57:00 PM,03/26/2019 12:00:00 PM,DSNY,Department of Sanitation,Dirty Conditions,E8 Canine Violation,Sidewalk,11235,185 MACKENZIE STREET,MACKENZIE STREET,SHORE BOULEVARD,JUGHANDLE,,,ADDRESS,BROOKLYN,,N/A,Closed,,The Department of Sanitation investigated this complaint and found no violation at the location.,03/26/2019 12:00:00 PM,15 BROOKLYN,3087560050,BROOKLYN,1000940,150223,ONLINE,Unspecified,BROOKLYN,,,,,,,,40.57898775971379,-73.93991736972812,"(40.57898775971379, -73.93991736972812)"
42057994,03/25/2019 06:10:00 PM,03/26/2019 12:00:00 PM,DSNY,Department of Sanitation,Dirty Conditions,E8 Canine Violation,Sidewalk,11221,1061 GREENE AVENUE,GREENE AVENUE,BROADWAY,GOODWIN PLACE,,,ADDRESS,BROOKLYN,,N/A,Closed,,The Department of Sanitation investigated this complaint and found no violation at the location.,03/26/2019 12:00:00 PM,04 BROOKLYN,3032830050,BROOKLYN,1005040,191418,ONLINE,Unspecified,BROOKLYN,,,,,,,,40.69205054609351,-73.92503079284718,"(40.69205054609351, -73.92503079284718)"
42062525,03/25/2019 05:36:00 PM,03/26/2019 12:00:00 PM,DSNY,Department of Sanitation,Dirty Conditions,E8 Canine Violation,Sidewalk,11221,102 GROVE STREET,GROVE STREET,EVERGREEN AVENUE,CENTRAL AVENUE,,,ADDRESS,BROOKLYN,,N/A,Closed,,The Department of Sanitation investigated this complaint and found no violation at the location.,03/26/2019 12:00:00 PM,04 BROOKLYN,,BROOKLYN,1006249,191868,ONLINE,Unspecified,BROOKLYN,,,,,,,,40.693282768967684,-73.92066964443052,"(40.693282768967684, -73.92066964443052)"
42057808,03/25/2019 04:23:00 PM,03/26/2019 12:00:00 PM,DSNY,Department of Sanitation,Dirty Conditions,E8 Canine Violation,Sidewalk,11377,52-30 39 DRIVE,39 DRIVE,52 STREET,54 STREET,,,ADDRESS,Woodside,,N/A,Closed,,The Department of Sanitation investigated this complaint and found no violation at the location.,03/26/2019 12:00:00 PM,02 QUEENS,4012380025,QUEENS,1008891,211504,ONLINE,Unspecified,QUEENS,,,,,,,,40.747171866011776,-73.9110704769431,"(40.747171866011776, -73.9110704769431)"
42053674,03/25/2019 01:43:00 PM,03/26/2019 12:00:00 PM,DSNY,Department of Sanitation,Dirty Conditions,E8 Canine Violation,Sidewalk,11429,211-22 99 AVENUE,99 AVENUE,211 STREET,211 PLACE,,,ADDRESS,Queens Village,,N/A,Closed,,The Department of Sanitation investigated this complaint and found no violation at the location.,03/26/2019 12:00:00 PM,13 QUEENS,4108790008,QUEENS,1054096,199533,PHONE,Unspecified,QUEENS,,,,,,,,40.71407303214769,-73.7480502208284,"(40.71407303214769, -73.7480502208284)"
42047382,03/25/2019 10:50:00 AM,03/25/2019 12:00:00 PM,DSNY,Department of Sanitation,Dirty Conditions,E8 Canine Violation,Sidewalk,10453,106 EAST  182 STREET,EAST  182 STREET,MORRIS AVENUE,CRESTON AVENUE,,,ADDRESS,BRONX,,N/A,Closed,,The Department of Sanitation investigated this complaint and found no violation at the location.,03/25/2019 12:00:00 PM,05 BRONX,2031700081,BRONX,1011210,251391,PHONE,Unspecified,BRONX,,,,,,,,40.85664390633058,-73.90254103945584,"(40.85664390633058, -73.90254103945584)"
42051113,03/25/2019 10:23:00 AM,03/25/2019 12:00:00 PM,DSNY,Department of Sanitation,Dirty Conditions,E8 Canine Violation,Sidewalk,10468,,,,,SEDGWICK AVENUE,WEST 195 STREET,INTERSECTION,BRONX,,N/A,Closed,,The Department of Sanitation investigated this complaint and found no violation at the location.,03/25/2019 12:00:00 PM,08 BRONX,,BRONX,1011174,256470,PHONE,Unspecified,BRONX,,,,,,,,40.870584326405165,-73.90265077310988,"(40.870584326405165, -73.90265077310988)"
42048585,03/25/2019 08:08:00 AM,03/25/2019 12:00:00 PM,DSNY,Department of Sanitation,Dirty Conditions,E8 Canine Violation,Sidewalk,11355,142-30 BARCLAY AVENUE,BARCLAY AVENUE,UNION STREET,BOWNE STREET,,,ADDRESS,Flushing,,N/A,Closed,,The Department of Sanitation investigated this complaint and found no violation at the location.,03/25/2019 12:00:00 PM,07 QUEENS,4050470001,QUEENS,1032778,215736,PHONE,Unspecified,QUEENS,,,,,,,,40.7586887870978,-73.82483177581406,"(40.7586887870978, -73.82483177581406)"
42046170,03/24/2019 08:22:00 PM,03/28/2019 12:00:00 PM,DSNY,Department of Sanitation,Dirty Conditions,E8 Canine Violation,Sidewalk,10466,1789 EDENWALD AVENUE,EDENWALD AVENUE,GUNTHER AVENUE,WICKHAM AVENUE,,,ADDRESS,BRONX,,N/A,Closed,,The Department of Sanitation investigated this complaint and found no violation at the location.,03/28/2019 12:00:00 PM,12 BRONX,2050080036,BRONX,1026158,264243,PHONE,Unspecified,BRONX,,,,,,,,40.891860337561816,-73.84842451452556,"(40.891860337561816, -73.84842451452556)"
42052823,03/24/2019 06:14:00 PM,03/25/2019 12:00:00 PM,DSNY,Department of Sanitation,Dirty Conditions,E8 Canine Violation,Sidewalk,10024,64 WEST   91 STREET,WEST   91 STREET,CENTRAL PARK WEST,COLUMBUS AVENUE,,,ADDRESS,NEW YORK,,N/A,Closed,,The Department of Sanitation investigated this complaint and issued a Notice of Violation.,03/25/2019 12:00:00 PM,07 MANHATTAN,1012040056,MANHATTAN,992785,226871,ONLINE,Unspecified,MANHATTAN,,,,,,,,40.789380499355104,-73.96917760803379,"(40.789380499355104, -73.96917760803379)"
42051036,03/24/2019 04:46:00 PM,03/27/2019 12:00:00 PM,DSNY,Department of Sanitation,Dirty Conditions,E8 Canine Violation,Sidewalk,10470,839 PENFIELD STREET,PENFIELD STREET,BARNES AVENUE,WILDER AVENUE,,,ADDRESS,BRONX,,N/A,Closed,,The Department of Sanitation investigated this complaint and found no violation at the location.,03/27/2019 12:00:00 PM,12 BRONX,2051180133,BRONX,1026734,268733,PHONE,Unspecified,BRONX,,,,,,,,40.90418117846166,-73.84631271364049,"(40.90418117846166, -73.84631271364049)"
42052398,03/24/2019 03:14:00 PM,03/28/2019 12:00:00 PM,DSNY,Department of Sanitation,Dirty Conditions,E8 Canine Violation,Sidewalk,10039,,,,,ADAM CLAYTON POWELL BOULEVARD,WEST 152 STREET,INTERSECTION,NEW YORK,,N/A,Closed,,The Department of Sanitation investigated this complaint and found no violation at the location.,03/28/2019 12:00:00 PM,10 MANHATTAN,,MANHATTAN,1001989,240211,PHONE,Unspecified,MANHATTAN,,,,,,,,40.8259814196213,-73.93590401935579,"(40.8259814196213, -73.93590401935579)"
42051131,03/24/2019 03:11:00 PM,03/25/2019 12:00:00 PM,DSNY,Department of Sanitation,Dirty Conditions,E8 Canine Violation,Sidewalk,11229,,,,,EAST 21 STREET,AVENUE V,INTERSECTION,BROOKLYN,,N/A,Closed,,The Department of Sanitation investigated this complaint and found no violation at the location.,03/25/2019 12:00:00 PM,15 BROOKLYN,,BROOKLYN,998143,156921,PHONE,Unspecified,BROOKLYN,,,,,,,,40.59737725488803,-73.94997256708768,"(40.59737725488803, -73.94997256708768)"
42053675,03/24/2019 02:49:00 PM,03/26/2019 12:00:00 PM,DSNY,Department of Sanitation,Dirty Conditions,E8 Canine Violation,Sidewalk,11229,,,,,EAST 21 STREET,AVENUE V,INTERSECTION,BROOKLYN,,N/A,Closed,,The Department of Sanitation investigated this complaint and found no violation at the location.,03/26/2019 12:00:00 PM,15 BROOKLYN,,BROOKLYN,998143,156921,ONLINE,Unspecified,BROOKLYN,,,,,,,,40.59737725488803,-73.94997256708768,"(40.59737725488803, -73.94997256708768)"
42040470,03/24/2019 01:39:00 PM,03/25/2019 12:00:00 PM,DSNY,Department of Sanitation,Dirty Conditions,E8 Canine Violation,Sidewalk,11367,153-04 78 ROAD,78 ROAD,153 STREET,PARSONS BOULEVARD,,,ADDRESS,Flushing,,N/A,Closed,,The Department of Sanitation investigated this complaint and found no violation at the location.,03/25/2019 12:00:00 PM,08 QUEENS,4068150002,QUEENS,1036566,202141,PHONE,Unspecified,QUEENS,,,,,,,,40.72135237428254,-73.81126426211779,"(40.72135237428254, -73.81126426211779)"
42043554,03/24/2019 01:21:00 PM,03/25/2019 12:00:00 PM,DSNY,Department of Sanitation,Dirty Conditions,E8 Canine Violation,Sidewalk,11365,183-04 HORACE HARDING EXPRESSWAY,HORACE HARDING EXPRESSWAY,183 STREET,184 STREET,,,ADDRESS,Fresh Meadows,,N/A,Closed,,The Department of Sanitation investigated this complaint and found no violation at the location.,03/25/2019 12:00:00 PM,08 QUEENS,4070720001,QUEENS,1042208,208739,PHONE,Unspecified,QUEENS,,,,,,,,40.73942705285407,-73.7908533668265,"(40.73942705285407, -73.7908533668265)"
42042071,03/24/2019 01:11:00 PM,03/25/2019 12:00:00 PM,DSNY,Department of Sanitation,Dirty Conditions,E8 Canine Violation,Sidewalk,11365,,,,,185 STREET,56 AVENUE,INTERSECTION,Fresh Meadows,,N/A,Closed,,The Department of Sanitation investigated this complaint and found no violation at the location.,03/25/2019 12:00:00 PM,11 QUEENS,,QUEENS,1042178,210205,ONLINE,Unspecified,QUEENS,,,,,,,,40.74345104294124,-73.79094899906923,"(40.74345104294124, -73.79094899906923)"
42042042,03/24/2019 12:59:00 PM,04/02/2019 12:00:00 PM,DSNY,Department of Sanitation,Dirty Conditions,E8 Canine Violation,Sidewalk,10307,,,,,SPRAGUE AVENUE,SUNSET LANE,INTERSECTION,STATEN ISLAND,,N/A,Closed,,The Department of Sanitation investigated this complaint and found no violation at the location.,04/02/2019 12:00:00 PM,03 STATEN ISLAND,,STATEN ISLAND,918059,123357,ONLINE,Unspecified,STATEN ISLAND,,,,,,,,40.50501453529818,-74.23801882402218,"(40.50501453529818, -74.23801882402218)"
42040442,03/24/2019 08:37:00 AM,03/28/2019 12:00:00 PM,DSNY,Department of Sanitation,Dirty Conditions,E8 Canine Violation,Sidewalk,10470,,,,,EAST 236 STREET,KEPLER AVENUE,INTERSECTION,BRONX,,N/A,Closed,,The Department of Sanitation investigated this complaint and found no violation at the location.,03/28/2019 12:00:00 PM,12 BRONX,,BRONX,1019990,266437,PHONE,Unspecified,BRONX,,,,,,,,40.897909301025386,-73.87072157771004,"(40.897909301025386, -73.87072157771004)"
42042813,03/23/2019 11:11:00 PM,03/25/2019 12:00:00 PM,DSNY,Department of Sanitation,Dirty Conditions,E8 Canine Violation,Sidewalk,11435,108-16 PINEGROVE STREET,PINEGROVE STREET,LAKEWOOD AVENUE,109 AVENUE,,,ADDRESS,Jamaica,,N/A,Closed,,The Department of Sanitation investigated this complaint and found no violation at the location.,03/25/2019 12:00:00 PM,12 QUEENS,4119310017,QUEENS,1038741,190446,ONLINE,Unspecified,QUEENS,,,,,,,,40.68923930528342,-73.80351237327778,"(40.68923930528342, -73.80351237327778)"
42039672,03/23/2019 06:30:00 PM,03/25/2019 12:00:00 PM,DSNY,Department of Sanitation,Dirty Conditions,E8 Canine Violation,Sidewalk,11209,166 79 STREET,79 STREET,COLONIAL ROAD,RIDGE BOULEVARD,,,ADDRESS,BROOKLYN,,N/A,Closed,,The Department of Sanitation investigated this complaint and found no violation at the location.,03/25/2019 12:00:00 PM,10 BROOKLYN,,BROOKLYN,975142,168611,ONLINE,Unspecified,BROOKLYN,,,,,,,,40.62947009960331,-74.03281285207669,"(40.62947009960331, -74.03281285207669)"
42037266,03/23/2019 10:14:00 AM,03/23/2019 12:00:00 PM,DSNY,Department of Sanitation,Dirty Conditions,E8 Canine Violation,Sidewalk,11378,64-69 59 AVENUE,59 AVENUE,BEND,66 STREET,,,ADDRESS,Maspeth,,N/A,Closed,,The Department of Sanitation investigated this complaint and found no violation at the location.,03/23/2019 12:00:00 PM,05 QUEENS,4027530287,QUEENS,1012292,201735,ONLINE,Unspecified,QUEENS,,,,,,,,40.720348251763056,-73.89883697329999,"(40.720348251763056, -73.89883697329999)"
42032412,03/23/2019 09:17:00 AM,03/27/2019 12:00:00 PM,DSNY,Department of Sanitation,Dirty Conditions,E8 Canine Violation,Sidewalk,10013,88 LEONARD STREET,LEONARD STREET,CHURCH STREET,BROADWAY,,,ADDRESS,NEW YORK,,N/A,Closed,,The Department of Sanitation investigated this complaint and found no violation at the location.,03/27/2019 12:00:00 PM,01 MANHATTAN,1001730027,MANHATTAN,982953,200558,ONLINE,Unspecified,MANHATTAN,,,,,,,,40.71716201883659,-74.00467877270118,"(40.71716201883659, -74.00467877270118)"
42035913,03/22/2019 10:56:00 PM,03/27/2019 12:00:00 PM,DSNY,Department of Sanitation,Dirty Conditions,E8 Canine Violation,Sidewalk,11214,204 BAY   46 STREET,BAY   46 STREET,HARWAY AVENUE,CROPSEY AVENUE,,,ADDRESS,BROOKLYN,,N/A,Closed,,The Department of Sanitation investigated this complaint and found no violation at the location.,03/27/2019 12:00:00 PM,13 BROOKLYN,3069130073,BROOKLYN,987422,153702,PHONE,Unspecified,BROOKLYN,,,,,,,,40.58855206772473,-73.98857942575233,"(40.58855206772473, -73.98857942575233)"
42031284,03/22/2019 07:36:00 PM,03/25/2019 12:00:00 PM,DSNY,Department of Sanitation,Dirty Conditions,E8 Canine Violation,Sidewalk,10470,4288 KEPLER AVENUE,KEPLER AVENUE,EAST 236 STREET,EAST 237 STREET,,,ADDRESS,BRONX,,N/A,Closed,,The Department of Sanitation investigated this complaint and found no violation at the location.,03/25/2019 12:00:00 PM,12 BRONX,,BRONX,1019988,266475,PHONE,Unspecified,BRONX,,,,,,,,40.898013606863294,-73.87072860923624,"(40.898013606863294, -73.87072860923624)"
42036884,03/22/2019 06:31:00 PM,03/25/2019 12:00:00 PM,DSNY,Department of Sanitation,Dirty Conditions,E8 Canine Violation,Sidewalk,11233,,,,,THOMAS S BOYLAND STREET,MARION STREET,INTERSECTION,BROOKLYN,,N/A,Closed,,The Department of Sanitation investigated this complaint and found no violation at the location.,03/25/2019 12:00:00 PM,16 BROOKLYN,,BROOKLYN,1008054,187544,ONLINE,Unspecified,BROOKLYN,,,,,,,,40.681409715282655,-73.91417593458634,"(40.681409715282655, -73.91417593458634)"
42036465,03/22/2019 06:25:00 PM,03/23/2019 12:00:00 PM,DSNY,Department of Sanitation,Dirty Conditions,E8 Canine Violation,Sidewalk,11369,23-22 99 STREET,99 STREET,23 AVENUE,24 AVENUE,,,ADDRESS,East Elmhurst,,N/A,Closed,,The Department of Sanitation investigated this complaint and found no violation at the location.,03/23/2019 12:00:00 PM,03 QUEENS,4010920016,QUEENS,1019856,219089,ONLINE,Unspecified,QUEENS,,,,,,,,40.76795337993686,-73.87145760170417,"(40.76795337993686, -73.87145760170417)"
42036464,03/22/2019 04:17:00 PM,03/23/2019 12:00:00 PM,DSNY,Department of Sanitation,Dirty Conditions,E8 Canine Violation,Sidewalk,11379,,,,,64 STREET,62 AVENUE,INTERSECTION,Middle Village,,N/A,Closed,,The Department of Sanitation investigated this complaint and found no violation at the location.,03/23/2019 12:00:00 PM,05 QUEENS,,QUEENS,1012533,199568,ONLINE,Unspecified,QUEENS,,,,,,,,40.7143995934852,-73.89797665860704,"(40.7143995934852, -73.89797665860704)"
42027698,03/22/2019 11:03:00 AM,03/25/2019 12:00:00 PM,DSNY,Department of Sanitation,Dirty Conditions,E8 Canine Violation,Sidewalk,11225,964 NOSTRAND AVENUE,NOSTRAND AVENUE,MONTGOMERY STREET,SULLIVAN PLACE,,,ADDRESS,BROOKLYN,,N/A,Closed,,The Department of Sanitation investigated this complaint and found no violation at the location.,03/25/2019 12:00:00 PM,09 BROOKLYN,3013057501,BROOKLYN,997856,181622,PHONE,Unspecified,BROOKLYN,,,,,,,,40.66517670780685,-73.95095622889238,"(40.66517670780685, -73.95095622889238)"
42022251,03/22/2019 08:51:00 AM,03/23/2019 12:00:00 PM,DSNY,Department of Sanitation,Dirty Conditions,E8 Canine Violation,Sidewalk,10453,1664 MACOMBS ROAD,MACOMBS ROAD,WEST 174 STREET,WEST 175 STREET,,,ADDRESS,BRONX,,N/A,Closed,,The Department of Sanitation investigated this complaint and found no violation at the location.,03/23/2019 12:00:00 PM,05 BRONX,2028660030,BRONX,1007434,248132,PHONE,Unspecified,BRONX,,,,,,,,40.8477096463651,-73.91620233893607,"(40.8477096463651, -73.91620233893607)"
42024480,03/22/2019 07:58:00 AM,03/25/2019 12:00:00 PM,DSNY,Department of Sanitation,Dirty Conditions,E8 Canine Violation,Sidewalk,11219,1025 45 STREET,45 STREET,10 AVENUE,FT HAMILTON PARKWAY,,,ADDRESS,BROOKLYN,,N/A,Closed,,The Department of Sanitation investigated this complaint and found no violation at the location.,03/25/2019 12:00:00 PM,12 BROOKLYN,3056087501,BROOKLYN,985429,172765,PHONE,Unspecified,BROOKLYN,,,,,,,,40.64087655025197,-73.99575176056234,"(40.64087655025197, -73.99575176056234)"
42029361,03/21/2019 08:33:00 PM,03/22/2019 12:00:00 PM,DSNY,Department of Sanitation,Dirty Conditions,E8 Canine Violation,Sidewalk,11378,69-95 QUEENS MIDTOWN EXPRESSWAY,QUEENS MIDTOWN EXPRESSWAY,69 LANE,LONG ISLAND EXPWY ET 19 WB,,,ADDRESS,Maspeth,,N/A,Closed,,The Department of Sanitation investigated this complaint and found no violation at the location.,03/22/2019 12:00:00 PM,05 QUEENS,4027990152,QUEENS,1014348,203791,ONLINE,Unspecified,QUEENS,,,,,,,,40.72598471368842,-73.89141065520883,"(40.72598471368842, -73.89141065520883)"
42025851,03/21/2019 05:52:00 PM,03/22/2019 12:00:00 PM,DSNY,Department of Sanitation,Dirty Conditions,E8 Canine Violation,Sidewalk,11236,1336 EAST   92 STREET,EAST   92 STREET,AVENUE K,AVENUE L,,,ADDRESS,BROOKLYN,,N/A,Closed,,The Department of Sanitation investigated this complaint and found no violation at the location.,03/22/2019 12:00:00 PM,18 BROOKLYN,3082370042,BROOKLYN,1011806,171653,ONLINE,Unspecified,BROOKLYN,,,,,,,,40.6377815622209,-73.9007132472797,"(40.6377815622209, -73.9007132472797)"
42027801,03/21/2019 03:25:00 PM,04/02/2019 12:00:00 PM,DSNY,Department of Sanitation,Dirty Conditions,E8 Canine Violation,Sidewalk,10314,,,,,GADSEN PLACE,TRAVIS AVENUE,INTERSECTION,STATEN ISLAND,,N/A,Closed,,The Department of Sanitation investigated this complaint and found no violation at the location.,04/02/2019 12:00:00 PM,02 STATEN ISLAND,,STATEN ISLAND,939565,155086,PHONE,Unspecified,STATEN ISLAND,,,,,,,,40.592238798291994,-74.16089433199487,"(40.592238798291994, -74.16089433199487)"
42013479,03/21/2019 08:38:00 AM,03/21/2019 12:00:00 PM,DSNY,Department of Sanitation,Dirty Conditions,E8 Canine Violation,Sidewalk,10468,2925 GRAND CONCOURSE,GRAND CONCOURSE,EAST 199 STREET,BEDFORD PARK BOULEVARD,,,ADDRESS,BRONX,,N/A,Closed,,The Department of Sanitation investigated this complaint and found no violation at the location.,03/21/2019 12:00:00 PM,07 BRONX,2033200028,BRONX,1015065,256834,ONLINE,Unspecified,BRONX,,,,,,,,40.87157066802531,-73.88858040723284,"(40.87157066802531, -73.88858040723284)"
42021241,03/21/2019 08:13:00 AM,03/21/2019 12:00:00 PM,DSNY,Department of Sanitation,Dirty Conditions,E8 Canine Violation,Sidewalk,10463,,,,,SEDGEWICK AVENUE,PEROT STREET,INTERSECTION,BRONX,,N/A,Closed,,The Department of Sanitation investigated this complaint and found no violation at the location.,03/21/2019 12:00:00 PM,08 BRONX,,BRONX,1012021,258666,PHONE,Unspecified,BRONX,,,,,,,,40.87660904325628,-73.89957917161995,"(40.87660904325628, -73.89957917161995)"
42020007,03/21/2019 01:09:00 AM,03/26/2019 12:00:00 PM,DSNY,Department of Sanitation,Dirty Conditions,E8 Canine Violation,Sidewalk,11229,2021 COYLE STREET,COYLE STREET,AVENUE T,AVENUE U,,,ADDRESS,BROOKLYN,,N/A,Closed,,The Department of Sanitation investigated this complaint and found no violation at the location.,03/26/2019 12:00:00 PM,15 BROOKLYN,3073400073,BROOKLYN,1001626,158772,ONLINE,Unspecified,BROOKLYN,,,,,,,,40.602451729316414,-73.93742584255874,"(40.602451729316414, -73.93742584255874)"
42020006,03/20/2019 09:21:00 PM,03/23/2019 12:00:00 PM,DSNY,Department of Sanitation,Dirty Conditions,E8 Canine Violation,Sidewalk,11354,,,,,124 STREET,25 ROAD,INTERSECTION,Flushing,,N/A,Closed,,The Department of Sanitation investigated this complaint and found no violation at the location.,03/23/2019 12:00:00 PM,07 QUEENS,,QUEENS,1027331,221904,PHONE,Unspecified,QUEENS,,,,,,,,40.77564654042578,-73.8444538632161,"(40.77564654042578, -73.8444538632161)"
42016819,03/20/2019 05:46:00 PM,03/27/2019 12:00:00 PM,DSNY,Department of Sanitation,Dirty Conditions,E8 Canine Violation,Sidewalk,10039,,,,,MACOMBS PLACE,8 AVENUE,INTERSECTION,NEW YORK,,N/A,Closed,,The Department of Sanitation investigated this complaint and found no violation at the location.,03/27/2019 12:00:00 PM,10 MANHATTAN,,MANHATTAN,1001035,240180,PHONE,Unspecified,MANHATTAN,,,,,,,,40.8258981979038,-73.93935116525694,"(40.8258981979038, -73.93935116525694)"
42015699,03/20/2019 03:56:00 PM,03/21/2019 12:00:00 PM,DSNY,Department of Sanitation,Dirty Conditions,E8 Canine Violation,Sidewalk,10453,1640 MACOMBS ROAD,MACOMBS ROAD,FEATHERBED LANE,WEST 174 STREET,,,ADDRESS,BRONX,,N/A,Closed,,The Department of Sanitation investigated this complaint and found no violation at the location.,03/21/2019 12:00:00 PM,05 BRONX,2028660007,BRONX,1007380,247922,PHONE,Unspecified,BRONX,,,,,,,,40.847133400123546,-73.91639824412046,"(40.847133400123546, -73.91639824412046)"
42017929,03/20/2019 03:06:00 PM,03/21/2019 12:00:00 PM,DSNY,Department of Sanitation,Dirty Conditions,E8 Canine Violation,Sidewalk,11436,114-28 148 STREET,148 STREET,LINDEN BOULEVARD,115 AVENUE,,,ADDRESS,Jamaica,,N/A,Closed,,The Department of Sanitation investigated this complaint and found no violation at the location.,03/21/2019 12:00:00 PM,12 QUEENS,4119780019,QUEENS,1041055,188995,PHONE,Unspecified,QUEENS,,,,,,,,40.68524210462434,-73.7951806465997,"(40.68524210462434, -73.7951806465997)"
42008948,03/20/2019 11:22:00 AM,03/21/2019 12:00:00 PM,DSNY,Department of Sanitation,Dirty Conditions,E8 Canine Violation,Sidewalk,11233,2346 PACIFIC STREET,PACIFIC STREET,EASTERN PARKWAY,SACKMAN STREET,,,ADDRESS,BROOKLYN,,N/A,Closed,,The Department of Sanitation investigated this complaint and found no violation at the location.,03/21/2019 12:00:00 PM,16 BROOKLYN,3014430014,BROOKLYN,1010011,185327,PHONE,Unspecified,BROOKLYN,,,,,,,,40.675319076173146,-73.90712855402843,"(40.675319076173146, -73.90712855402843)"
42004068,03/20/2019 11:15:00 AM,03/23/2019 12:00:00 PM,DSNY,Department of Sanitation,Dirty Conditions,E8 Canine Violation,Sidewalk,11415,125-01 QUEENS BOULEVARD,QUEENS BOULEVARD,82 ROAD,83 AVENUE,,,ADDRESS,Kew Gardens,,N/A,Closed,,The Department of Sanitation investigated this complaint and found no violation at the location.,03/23/2019 12:00:00 PM,09 QUEENS,4096530001,QUEENS,1032407,198855,ONLINE,Unspecified,QUEENS,,,,,,,,40.712356727686554,-73.82629178016164,"(40.712356727686554, -73.82629178016164)"
42011336,03/20/2019 09:04:00 AM,03/21/2019 12:00:00 PM,DSNY,Department of Sanitation,Dirty Conditions,E8 Canine Violation,Sidewalk,11355,,,,,BARCLAY AVENUE,BOWNE STREET,INTERSECTION,Flushing,,N/A,Closed,,The Department of Sanitation investigated this complaint and found no violation at the location.,03/21/2019 12:00:00 PM,07 QUEENS,,QUEENS,1033131,215865,PHONE,Unspecified,QUEENS,,,,,,,,40.75904091383096,-73.82355664121137,"(40.75904091383096, -73.82355664121137)"
42005350,03/20/2019 08:04:00 AM,03/21/2019 12:00:00 PM,DSNY,Department of Sanitation,Dirty Conditions,E8 Canine Violation,Sidewalk,11209,8902 RIDGE BOULEVARD,RIDGE BOULEVARD,90 STREET,91 STREET,,,ADDRESS,BROOKLYN,,N/A,Closed,,The Department of Sanitation investigated this complaint and found no violation at the location.,03/21/2019 12:00:00 PM,10 BROOKLYN,3060790001,BROOKLYN,974525,165518,ONLINE,Unspecified,BROOKLYN,,,,,,,,40.62097980793537,-74.03503122498682,"(40.62097980793537, -74.03503122498682)"
42008923,03/20/2019 07:22:00 AM,03/23/2019 12:00:00 PM,DSNY,Department of Sanitation,Dirty Conditions,E8 Canine Violation,Sidewalk,11420,124-08 133 AVENUE,133 AVENUE,124 STREET,125 STREET,,,ADDRESS,South Ozone Park,,N/A,Closed,,The Department of Sanitation investigated this complaint and found no violation at the location.,03/23/2019 12:00:00 PM,10 QUEENS,4117830035,QUEENS,1035675,183912,ONLINE,Unspecified,QUEENS,,,,,,,,40.67132334354354,-73.81461780759231,"(40.67132334354354, -73.81461780759231)"
42006558,03/20/2019 07:01:00 AM,03/21/2019 12:00:00 PM,DSNY,Department of Sanitation,Dirty Conditions,E8 Canine Violation,Sidewalk,11230,1360 OCEAN AVENUE,OCEAN AVENUE,LONG ISLAND RAILROAD,AVENUE I,,,ADDRESS,BROOKLYN,,N/A,Closed,,The Department of Sanitation investigated this complaint and found no violation at the location.,03/21/2019 12:00:00 PM,14 BROOKLYN,3067030067,BROOKLYN,996179,168440,PHONE,Unspecified,BROOKLYN,,,,,,,,40.62899739108625,-73.9570244020043,"(40.62899739108625, -73.9570244020043)"
42010139,03/19/2019 07:30:00 PM,03/20/2019 12:00:00 PM,DSNY,Department of Sanitation,Dirty Conditions,E8 Canine Violation,Sidewalk,10304,264 MOSEL AVENUE,MOSEL AVENUE,LEEWOOD LOOP,MANTON PLACE,,,ADDRESS,STATEN ISLAND,,N/A,Closed,,The Department of Sanitation investigated this complaint and found no violation at the location.,03/20/2019 12:00:00 PM,01 STATEN ISLAND,5029300001,STATEN ISLAND,962042,161341,PHONE,Unspecified,STATEN ISLAND,,,,,,,,40.609492315179374,-74.07998351285949,"(40.609492315179374, -74.07998351285949)"
42007750,03/19/2019 04:11:00 PM,03/21/2019 12:00:00 PM,DSNY,Department of Sanitation,Dirty Conditions,E8 Canine Violation,Sidewalk,11236,,,,,AVENUE J,EAST 95 STREET,INTERSECTION,BROOKLYN,,N/A,Closed,,The Department of Sanitation investigated this complaint and found no violation at the location.,03/21/2019 12:00:00 PM,18 BROOKLYN,,BROOKLYN,1011863,172798,ONLINE,Unspecified,BROOKLYN,,,,,,,,40.64092416282286,-73.90050318534938,"(40.64092416282286, -73.90050318534938)"
42011098,03/19/2019 03:49:00 PM,03/20/2019 12:00:00 PM,DSNY,Department of Sanitation,Dirty Conditions,E8 Canine Violation,Sidewalk,11226,575 OCEAN AVENUE,OCEAN AVENUE,CHURCH AVENUE,TENNIS COURT,,,ADDRESS,BROOKLYN,,N/A,Closed,,The Department of Sanitation investigated this complaint and found no violation at the location.,03/20/2019 12:00:00 PM,14 BROOKLYN,3051010029,BROOKLYN,995135,175689,ONLINE,Unspecified,BROOKLYN,,,,,,,,40.64889568903089,-73.96077383736456,"(40.64889568903089, -73.96077383736456)"
42010130,03/19/2019 02:00:00 PM,03/21/2019 12:00:00 PM,DSNY,Department of Sanitation,Dirty Conditions,E8 Canine Violation,Sidewalk,11226,92 LOTT STREET,LOTT STREET,ALBEMARLE ROAD,TILDEN AVENUE,,,ADDRESS,BROOKLYN,,N/A,Closed,,The Department of Sanitation investigated this complaint and found no violation at the location.,03/21/2019 12:00:00 PM,17 BROOKLYN,3051270025,BROOKLYN,996964,175127,PHONE,Unspecified,BROOKLYN,,,,,,,,40.64735068400288,-73.95418374926177,"(40.64735068400288, -73.95418374926177)"
42001825,03/19/2019 11:40:00 AM,03/20/2019 12:00:00 PM,DSNY,Department of Sanitation,Dirty Conditions,E8 Canine Violation,Sidewalk,11221,1061 GREENE AVENUE,GREENE AVENUE,BROADWAY,GOODWIN PLACE,,,ADDRESS,BROOKLYN,,N/A,Closed,,The Department of Sanitation investigated this complaint and found no violation at the location.,03/20/2019 12:00:00 PM,04 BROOKLYN,3032830050,BROOKLYN,1005040,191418,ONLINE,Unspecified,BROOKLYN,,,,,,,,40.69205054609351,-73.92503079284718,"(40.69205054609351, -73.92503079284718)"
41994639,03/18/2019 09:38:00 PM,03/22/2019 12:00:00 PM,DSNY,Department of Sanitation,Dirty Conditions,E8 Canine Violation,Sidewalk,10456,1439 PROSPECT AVENUE,PROSPECT AVENUE,BOSTON ROAD,CROTONA AVENUE,,,ADDRESS,BRONX,,N/A,Closed,,The Department of Sanitation investigated this complaint and found no violation at the location.,03/22/2019 12:00:00 PM,03 BRONX,2029370058,BRONX,1012829,243155,ONLINE,Unspecified,BRONX,,,,,,,,40.83403342837318,-73.89672354793501,"(40.83403342837318, -73.89672354793501)"
41995797,03/18/2019 09:09:00 PM,03/21/2019 12:00:00 PM,DSNY,Department of Sanitation,Dirty Conditions,E8 Canine Violation,Sidewalk,10456,540 EAST  169 STREET,EAST  169 STREET,3 AVENUE,FULTON AVENUE,,,ADDRESS,BRONX,,N/A,Closed,,The Department of Sanitation investigated this complaint and found no violation at the location.,03/21/2019 12:00:00 PM,03 BRONX,2026100012,BRONX,1010710,242600,ONLINE,Unspecified,BRONX,,,,,,,,40.83251671698595,-73.90438319967464,"(40.83251671698595, -73.90438319967464)"
42000222,03/18/2019 08:11:00 PM,03/19/2019 12:00:00 PM,DSNY,Department of Sanitation,Dirty Conditions,E8 Canine Violation,Sidewalk,11208,218 LINCOLN AVENUE,LINCOLN AVENUE,RIDGEWOOD AVENUE,FULTON STREET,,,ADDRESS,BROOKLYN,,N/A,Closed,,The Department of Sanitation investigated this complaint and found no violation at the location.,03/19/2019 12:00:00 PM,05 BROOKLYN,3041330050,BROOKLYN,1020409,188817,ONLINE,Unspecified,BROOKLYN,,,,,,,,40.68486195871755,-73.86962385766786,"(40.68486195871755, -73.86962385766786)"
41994048,03/18/2019 05:23:00 PM,03/19/2019 12:00:00 PM,DSNY,Department of Sanitation,Dirty Conditions,E8 Canine Violation,Sidewalk,11223,187 AVENUE W,AVENUE W,WEST 6 STREET,VAN SICKLEN STREET,,,ADDRESS,BROOKLYN,,N/A,Closed,,The Department of Sanitation investigated this complaint and found no violation at the location.,03/19/2019 12:00:00 PM,15 BROOKLYN,3071450064,BROOKLYN,990828,154972,ONLINE,Unspecified,BROOKLYN,,,,,,,,40.59203609028431,-73.97631511422445,"(40.59203609028431, -73.97631511422445)"
42002993,03/18/2019 03:56:00 PM,03/20/2019 12:00:00 PM,DSNY,Department of Sanitation,Dirty Conditions,E8 Canine Violation,Sidewalk,11209,653 74 STREET,74 STREET,STEWART AVENUE,7 AVENUE,,,ADDRESS,BROOKLYN,,N/A,Closed,,The Department of Sanitation investigated this complaint and found no violation at the location.,03/20/2019 12:00:00 PM,10 BROOKLYN,3059210062,BROOKLYN,979096,168082,PHONE,Unspecified,BROOKLYN,,,,,,,,40.62802128902126,-74.01856760712342,"(40.62802128902126, -74.01856760712342)"
42001795,03/18/2019 03:09:00 PM,03/20/2019 12:00:00 PM,DSNY,Department of Sanitation,Dirty Conditions,E8 Canine Violation,Sidewalk,11215,437 THIRD STREET,THIRD STREET,6 AVENUE,7 AVENUE,,,ADDRESS,BROOKLYN,,N/A,Closed,,The Department of Sanitation investigated this complaint and found no violation at the location.,03/20/2019 12:00:00 PM,06 BROOKLYN,3009760068,BROOKLYN,989670,183901,ONLINE,Unspecified,BROOKLYN,,,,,,,,40.67144085006515,-73.98046139987598,"(40.67144085006515, -73.98046139987598)"
42002994,03/18/2019 02:42:00 PM,03/19/2019 12:00:00 PM,DSNY,Department of Sanitation,Dirty Conditions,E8 Canine Violation,Sidewalk,11373,54-48 82 STREET,82 STREET,54 AVENUE,DEAD END,,,ADDRESS,Elmhurst,,N/A,Closed,,The Department of Sanitation investigated this complaint and found no violation at the location.,03/19/2019 12:00:00 PM,04 QUEENS,4029070025,QUEENS,1016749,205584,PHONE,Unspecified,QUEENS,,,,,,,,40.730897561448025,-73.88273953588696,"(40.730897561448025, -73.88273953588696)"
41989491,03/18/2019 01:06:00 PM,03/21/2019 12:00:00 PM,DSNY,Department of Sanitation,Dirty Conditions,E8 Canine Violation,Sidewalk,10470,4766 MATILDA AVENUE,MATILDA AVENUE,EAST 241 STREET,EAST 242 STREET,,,ADDRESS,BRONX,,N/A,Closed,,The Department of Sanitation investigated this complaint and found no violation at the location.,03/21/2019 12:00:00 PM,12 BRONX,2051060047,BRONX,1025370,269166,PHONE,Unspecified,BRONX,,,,,,,,40.905376084628344,-73.85124435946194,"(40.905376084628344, -73.85124435946194)"
41992501,03/18/2019 12:12:00 PM,03/21/2019 12:00:00 PM,DSNY,Department of Sanitation,Dirty Conditions,E8 Canine Violation,Sidewalk,10461,1723 SEDDON STREET,SEDDON STREET,BUCK STREET,FULLER STREET,,,ADDRESS,BRONX,,N/A,Closed,,The Department of Sanitation investigated this complaint and found no violation at the location.,03/21/2019 12:00:00 PM,10 BRONX,2039960045,BRONX,1025641,245961,PHONE,Unspecified,BRONX,,,,,,,,40.841684320331694,-73.85040735004789,"(40.841684320331694, -73.85040735004789)"
41990393,03/18/2019 09:09:00 AM,03/19/2019 12:00:00 PM,DSNY,Department of Sanitation,Dirty Conditions,E8 Canine Violation,Sidewalk,11235,185 MACKENZIE STREET,MACKENZIE STREET,SHORE BOULEVARD,JUGHANDLE,,,ADDRESS,BROOKLYN,,N/A,Closed,,The Department of Sanitation investigated this complaint and found no violation at the location.,03/19/2019 12:00:00 PM,15 BROOKLYN,3087560050,BROOKLYN,1000940,150223,ONLINE,Unspecified,BROOKLYN,,,,,,,,40.57898775971379,-73.93991736972812,"(40.57898775971379, -73.93991736972812)"
41991861,03/18/2019 07:51:00 AM,03/19/2019 12:00:00 PM,DSNY,Department of Sanitation,Dirty Conditions,E8 Canine Violation,Sidewalk,11229,,,,,MADOC AVENUE,CYRUS AVENUE,INTERSECTION,BROOKLYN,,N/A,Closed,,The Department of Sanitation investigated this complaint and found no violation at the location.,03/19/2019 12:00:00 PM,15 BROOKLYN,,BROOKLYN,1004741,153423,ONLINE,Unspecified,BROOKLYN,,,,,,,,40.587763151324125,-73.92622438545935,"(40.587763151324125, -73.92622438545935)"
41985995,03/17/2019 05:09:00 PM,03/20/2019 12:00:00 PM,DSNY,Department of Sanitation,Dirty Conditions,E8 Canine Violation,Sidewalk,10461,2860 BUHRE AVENUE,BUHRE AVENUE,MAYFLOWER AVENUE,PILGRIM AVENUE,,,ADDRESS,BRONX,,N/A,Closed,,The Department of Sanitation investigated this complaint and found no violation at the location.,03/20/2019 12:00:00 PM,10 BRONX,2041620032,BRONX,1030233,248017,ONLINE,Unspecified,BRONX,,,,,,,,40.847304709563886,-73.83379718271301,"(40.847304709563886, -73.83379718271301)"
41988446,03/17/2019 02:37:00 PM,03/18/2019 12:00:00 PM,DSNY,Department of Sanitation,Dirty Conditions,E8 Canine Violation,Sidewalk,11221,90 STOCKHOLM STREET,STOCKHOLM STREET,EVERGREEN AVENUE,CENTRAL AVENUE,,,ADDRESS,BROOKLYN,,N/A,Closed,,The Department of Sanitation investigated this complaint and found no violation at the location.,03/18/2019 12:00:00 PM,04 BROOKLYN,3032540034,BROOKLYN,1005002,193245,PHONE,Unspecified,BROOKLYN,,,,,,,,40.6970653250062,-73.9251621930711,"(40.6970653250062, -73.9251621930711)"
41990281,03/17/2019 02:35:00 PM,03/18/2019 12:00:00 PM,DSNY,Department of Sanitation,Dirty Conditions,E8 Canine Violation,Sidewalk,11221,1061 GREENE AVENUE,GREENE AVENUE,BROADWAY,GOODWIN PLACE,,,ADDRESS,BROOKLYN,,N/A,Closed,,The Department of Sanitation investigated this complaint and found no violation at the location.,03/18/2019 12:00:00 PM,04 BROOKLYN,3032830050,BROOKLYN,1005040,191418,ONLINE,Unspecified,BROOKLYN,,,,,,,,40.69205054609351,-73.92503079284718,"(40.69205054609351, -73.92503079284718)"
41980379,03/16/2019 11:14:00 PM,03/19/2019 12:00:00 PM,DSNY,Department of Sanitation,Dirty Conditions,E8 Canine Violation,Sidewalk,11372,,,,,34 AVENUE,90 STREET,INTERSECTION,Jackson Heights,,N/A,Closed,,The Department of Sanitation investigated this complaint and found no violation at the location.,03/19/2019 12:00:00 PM,03 QUEENS,,QUEENS,1018162,214190,ONLINE,Unspecified,QUEENS,,,,,,,,40.75451355677196,-73.87759787217223,"(40.75451355677196, -73.87759787217223)"
41983402,03/16/2019 03:44:00 PM,03/20/2019 12:00:00 PM,DSNY,Department of Sanitation,Dirty Conditions,E8 Canine Violation,Sidewalk,10310,1316 CASTLETON AVENUE,CASTLETON AVENUE,CLOVE ROAD,RECTOR STREET,,,ADDRESS,STATEN ISLAND,,N/A,Closed,,The Department of Sanitation investigated this complaint and found no violation at the location.,03/20/2019 12:00:00 PM,01 STATEN ISLAND,5002150029,STATEN ISLAND,949088,170211,PHONE,Unspecified,STATEN ISLAND,,,,,,,,40.6337966547113,-74.12668430844728,"(40.6337966547113, -74.12668430844728)"
41978072,03/16/2019 09:45:00 AM,03/20/2019 12:00:00 PM,DSNY,Department of Sanitation,Dirty Conditions,E8 Canine Violation,Sidewalk,10468,2377 CRESTON AVENUE,CRESTON AVENUE,EAST 184 STREET,EAST 188 STREET,,,ADDRESS,BRONX,,N/A,Closed,,The Department of Sanitation investigated this complaint and found no violation at the location.,03/20/2019 12:00:00 PM,05 BRONX,2031730064,BRONX,1012000,252588,PHONE,Unspecified,BRONX,,,,,,,,40.85992686247838,-73.89968027854793,"(40.85992686247838, -73.89968027854793)"
41973823,03/16/2019 08:18:00 AM,03/20/2019 12:00:00 PM,DSNY,Department of Sanitation,Dirty Conditions,E8 Canine Violation,Sidewalk,10306,578 TYSENS LANE,TYSENS LANE,HYLAN BOULEVARD,PRIMROSE PLACE,,,ADDRESS,STATEN ISLAND,,N/A,Closed,,The Department of Sanitation investigated this complaint and found no violation at the location.,03/20/2019 12:00:00 PM,03 STATEN ISLAND,5040010001,STATEN ISLAND,952168,144549,ONLINE,Unspecified,STATEN ISLAND,,,,,,,,40.56337141114987,-74.11546559400347,"(40.56337141114987, -74.11546559400347)"
41974657,03/16/2019 08:02:00 AM,03/18/2019 12:00:00 PM,DSNY,Department of Sanitation,Dirty Conditions,E8 Canine Violation,Sidewalk,11233,2342 PACIFIC STREET,PACIFIC STREET,EASTERN PARKWAY,SACKMAN STREET,,,ADDRESS,BROOKLYN,,N/A,Closed,,The Department of Sanitation investigated this complaint and found no violation at the location.,03/18/2019 12:00:00 PM,16 BROOKLYN,3014430012,BROOKLYN,1009994,185329,ONLINE,Unspecified,BROOKLYN,,,,,,,,40.67532461517388,-73.90718983335002,"(40.67532461517388, -73.90718983335002)"
41977863,03/15/2019 09:32:00 PM,03/16/2019 12:00:00 PM,DSNY,Department of Sanitation,Dirty Conditions,E8 Canine Violation,Sidewalk,11233,588 DECATUR STREET,DECATUR STREET,HOWARD AVENUE,SARATOGA AVENUE,,,ADDRESS,BROOKLYN,,N/A,Closed,,The Department of Sanitation investigated this complaint and found no violation at the location.,03/16/2019 12:00:00 PM,03 BROOKLYN,3015050012,BROOKLYN,1006687,188152,ONLINE,Unspecified,BROOKLYN,,,,,,,,40.68308210681652,-73.91910255358638,"(40.68308210681652, -73.91910255358638)"
41977141,03/15/2019 09:12:00 PM,03/19/2019 12:00:00 PM,DSNY,Department of Sanitation,Dirty Conditions,E8 Canine Violation,Sidewalk,11365,196-18 48 AVENUE,48 AVENUE,196 STREET,196 PLACE,,,ADDRESS,Fresh Meadows,,N/A,Closed,,The Department of Sanitation investigated this complaint and found no violation at the location.,03/19/2019 12:00:00 PM,11 QUEENS,4056320031,QUEENS,1044174,212892,PHONE,Unspecified,QUEENS,,,,,,,,40.750812860765585,-73.7837219065079,"(40.750812860765585, -73.7837219065079)"
41973780,03/15/2019 07:02:00 PM,03/19/2019 12:00:00 PM,DSNY,Department of Sanitation,Dirty Conditions,E8 Canine Violation,Sidewalk,10031,323 EDGECOMB AVENUE,EDGECOMB AVENUE,WEST 145 STREET,WEST 150 STREET,,,ADDRESS,NEW YORK,,N/A,Closed,,The Department of Sanitation investigated this complaint and issued a Notice of Violation.,03/19/2019 12:00:00 PM,09 MANHATTAN,1020530085,MANHATTAN,1000214,240131,PHONE,Unspecified,MANHATTAN,,,,,,,,40.82576522889363,-73.94231778041728,"(40.82576522889363, -73.94231778041728)"
41977983,03/15/2019 05:25:00 PM,03/19/2019 12:00:00 PM,DSNY,Department of Sanitation,Dirty Conditions,E8 Canine Violation,Sidewalk,11210,1964 NOSTRAND AVENUE,NOSTRAND AVENUE,FOSTER AVENUE,FARRAGUT ROAD,,,ADDRESS,BROOKLYN,,N/A,Closed,,The Department of Sanitation investigated this complaint and found no violation at the location.,03/19/2019 12:00:00 PM,14 BROOKLYN,3052310042,BROOKLYN,998635,171575,PHONE,Unspecified,BROOKLYN,,,,,,,,40.637598652114825,-73.94816969804866,"(40.637598652114825, -73.94816969804866)"
41978073,03/15/2019 02:25:00 PM,03/19/2019 12:00:00 PM,DSNY,Department of Sanitation,Dirty Conditions,E8 Canine Violation,Sidewalk,11378,64-69 59 AVENUE,59 AVENUE,BEND,66 STREET,,,ADDRESS,Maspeth,,N/A,Closed,,The Department of Sanitation investigated this complaint and found no violation at the location.,03/19/2019 12:00:00 PM,05 QUEENS,4027530287,QUEENS,1012292,201735,ONLINE,Unspecified,QUEENS,,,,,,,,40.720348251763056,-73.89883697329999,"(40.720348251763056, -73.89883697329999)"
41973590,03/15/2019 01:52:00 PM,03/16/2019 12:00:00 PM,DSNY,Department of Sanitation,Dirty Conditions,E8 Canine Violation,Sidewalk,11237,,,,,HIMROD STREET,KNICKERBOCKER AVENUE,INTERSECTION,BROOKLYN,,N/A,Closed,,The Department of Sanitation investigated this complaint and found no violation at the location.,03/16/2019 12:00:00 PM,04 BROOKLYN,,BROOKLYN,1006397,194250,ONLINE,Unspecified,BROOKLYN,,,,,,,,40.69982043339563,-73.92012811136641,"(40.69982043339563, -73.92012811136641)"
41971962,03/15/2019 01:47:00 PM,03/18/2019 12:00:00 PM,DSNY,Department of Sanitation,Dirty Conditions,E8 Canine Violation,Sidewalk,11102,25-19 14 PLACE,14 PLACE,HOYT AVENUE,26 AVENUE,,,ADDRESS,Astoria,,N/A,Closed,,The Department of Sanitation investigated this complaint and found no violation at the location.,03/18/2019 12:00:00 PM,01 QUEENS,4008990159,QUEENS,1004469,221808,PHONE,Unspecified,QUEENS,,,,,,,,40.77546490575192,-73.92699850345423,"(40.77546490575192, -73.92699850345423)"
41967707,03/15/2019 01:19:00 PM,03/19/2019 12:00:00 PM,DSNY,Department of Sanitation,Dirty Conditions,E8 Canine Violation,Sidewalk,11415,81-44 LEFFERTS BOULEVARD,LEFFERTS BOULEVARD,GRENFELL STREET,CUTHBERT ROAD,,,ADDRESS,Kew Gardens,,N/A,Closed,,The Department of Sanitation investigated this complaint and found no violation at the location.,03/19/2019 12:00:00 PM,09 QUEENS,4033320013,QUEENS,1031176,197409,PHONE,Unspecified,QUEENS,,,,,,,,40.70839442297096,-73.83074221560662,"(40.70839442297096, -73.83074221560662)"
41966624,03/15/2019 12:31:00 PM,03/16/2019 12:00:00 PM,DSNY,Department of Sanitation,Dirty Conditions,E8 Canine Violation,Sidewalk,11208,,,,,BLAKE AVENUE,ELTON STREET,INTERSECTION,BROOKLYN,,N/A,Closed,,The Department of Sanitation investigated this complaint and found no violation at the location.,03/16/2019 12:00:00 PM,05 BROOKLYN,,BROOKLYN,1016884,183282,PHONE,Unspecified,BROOKLYN,,,,,,,,40.66968334617458,-73.88236050527304,"(40.66968334617458, -73.88236050527304)"
41968815,03/15/2019 11:52:00 AM,03/20/2019 12:00:00 PM,DSNY,Department of Sanitation,Dirty Conditions,E8 Canine Violation,Sidewalk,10310,37 BLAINE COURT,BLAINE COURT,BEMENT AVENUE,NORTH BURGHER AVENUE,,,ADDRESS,STATEN ISLAND,,N/A,Closed,,The Department of Sanitation investigated this complaint and found no violation at the location.,03/20/2019 12:00:00 PM,01 STATEN ISLAND,5003010020,STATEN ISLAND,953167,167319,PHONE,Unspecified,STATEN ISLAND,,,,,,,,40.62587398408407,-74.11197487714982,"(40.62587398408407, -74.11197487714982)"
41971186,03/15/2019 11:00:00 AM,03/20/2019 12:00:00 PM,DSNY,Department of Sanitation,Dirty Conditions,E8 Canine Violation,Sidewalk,10452,1125 UNIVERSITY AVENUE,UNIVERSITY AVENUE,WEST 166 STREET,UNNAMED STREET,,,ADDRESS,BRONX,,N/A,Closed,,"The Department of Sanitation has investigated the complaint and addressed the issue. If the problem persists, call 311 to enter a new complaint. If you are outside of New York City, please call (212) NEW-YORK (212-639-9675).",03/20/2019 12:00:00 PM,04 BRONX,2025270032,BRONX,1004060,244210,PHONE,Unspecified,BRONX,,,,,,,,40.83695312046897,-73.92840910965141,"(40.83695312046897, -73.92840910965141)"
41966626,03/15/2019 10:42:00 AM,03/16/2019 12:00:00 PM,DSNY,Department of Sanitation,Dirty Conditions,E8 Canine Violation,Sidewalk,11207,380 MILLER AVENUE,MILLER AVENUE,PITKIN AVENUE,BELMONT AVENUE,,,ADDRESS,BROOKLYN,,N/A,Closed,,The Department of Sanitation investigated this complaint and found no violation at the location.,03/16/2019 12:00:00 PM,05 BROOKLYN,3037420038,BROOKLYN,1014492,183999,PHONE,Unspecified,BROOKLYN,,,,,,,,40.67165984331722,-73.89097999396097,"(40.67165984331722, -73.89097999396097)"
41968870,03/15/2019 10:20:00 AM,03/19/2019 12:00:00 PM,DSNY,Department of Sanitation,Dirty Conditions,E8 Canine Violation,Sidewalk,11210,1541 EAST   21 STREET,EAST   21 STREET,BAY AVENUE,AVENUE O,,,ADDRESS,BROOKLYN,,N/A,Closed,,The Department of Sanitation investigated this complaint and found no violation at the location.,03/19/2019 12:00:00 PM,14 BROOKLYN,3076750046,BROOKLYN,997194,163482,ONLINE,Unspecified,BROOKLYN,,,,,,,,40.61538729329793,-73.95337725487629,"(40.61538729329793, -73.95337725487629)"
41965483,03/15/2019 09:11:00 AM,03/27/2019 12:00:00 PM,DSNY,Department of Sanitation,Dirty Conditions,E8 Canine Violation,Sidewalk,10065,,,,,EAST 67 STREET,2 AVENUE,INTERSECTION,NEW YORK,,N/A,Closed,,The Department of Sanitation investigated this complaint and found no violation at the location.,03/27/2019 12:00:00 PM,08 MANHATTAN,,MANHATTAN,995139,218213,ONLINE,Unspecified,MANHATTAN,,,,,,,,40.76561398604396,-73.96069065452585,"(40.76561398604396, -73.96069065452585)"
41966561,03/15/2019 08:46:00 AM,03/21/2019 12:00:00 PM,DSNY,Department of Sanitation,Dirty Conditions,E8 Canine Violation,Sidewalk,10467,2765 CRUGER AVENUE,CRUGER AVENUE,ALLERTON AVENUE,ARNOW AVENUE,,,ADDRESS,BRONX,,N/A,Closed,,The Department of Sanitation investigated this complaint and found no violation at the location.,03/21/2019 12:00:00 PM,11 BRONX,2045090036,BRONX,1021224,254945,PHONE,Unspecified,BRONX,,,,,,,,40.866362294746644,-73.86632140664489,"(40.866362294746644, -73.86632140664489)"
41967677,03/15/2019 07:24:00 AM,03/16/2019 12:00:00 PM,DSNY,Department of Sanitation,Dirty Conditions,E8 Canine Violation,Sidewalk,11233,2344 PACIFIC STREET,PACIFIC STREET,EASTERN PARKWAY,SACKMAN STREET,,,ADDRESS,BROOKLYN,,N/A,Closed,,The Department of Sanitation investigated this complaint and found no violation at the location.,03/16/2019 12:00:00 PM,16 BROOKLYN,3014430013,BROOKLYN,1010002,185328,ONLINE,Unspecified,BROOKLYN,,,,,,,,40.6753218471321,-73.90716099624572,"(40.6753218471321, -73.90716099624572)"
41967708,03/15/2019 05:52:00 AM,03/15/2019 12:00:00 PM,DSNY,Department of Sanitation,Dirty Conditions,E8 Canine Violation,Sidewalk,11369,,,,,104 STREET,32 AVENUE,INTERSECTION,East Elmhurst,,N/A,Closed,,The Department of Sanitation investigated this complaint and found no violation at the location.,03/15/2019 12:00:00 PM,03 QUEENS,,QUEENS,1021660,216044,PHONE,Unspecified,QUEENS,,,,,,,,40.759588199902915,-73.86496187805638,"(40.759588199902915, -73.86496187805638)"
41969959,03/14/2019 07:49:00 PM,03/20/2019 12:00:00 PM,DSNY,Department of Sanitation,Dirty Conditions,E8 Canine Violation,Sidewalk,10465,213 THROGS NECK BOULEVARD,THROGS NECK BOULEVARD,MILTON PLACE,LAWTON AVENUE,,,ADDRESS,BRONX,,N/A,Closed,,The Department of Sanitation investigated this complaint and found no violation at the location.,03/20/2019 12:00:00 PM,10 BRONX,2054510016,BRONX,1036060,237204,ONLINE,Unspecified,BRONX,,,,,,,,40.817593934945066,-73.81281941205206,"(40.817593934945066, -73.81281941205206)"
41970389,03/14/2019 07:33:00 PM,03/15/2019 12:00:00 PM,DSNY,Department of Sanitation,Dirty Conditions,E8 Canine Violation,Sidewalk,11235,185 MACKENZIE STREET,MACKENZIE STREET,SHORE BOULEVARD,JUGHANDLE,,,ADDRESS,BROOKLYN,,N/A,Closed,,The Department of Sanitation investigated this complaint and found no violation at the location.,03/15/2019 12:00:00 PM,15 BROOKLYN,3087560050,BROOKLYN,1000940,150223,ONLINE,Unspecified,BROOKLYN,,,,,,,,40.57898775971379,-73.93991736972812,"(40.57898775971379, -73.93991736972812)"
41969978,03/14/2019 06:10:00 PM,03/15/2019 12:00:00 PM,DSNY,Department of Sanitation,Dirty Conditions,E8 Canine Violation,Sidewalk,11385,88-40 RUTLEDGE AVENUE,RUTLEDGE AVENUE,88 STREET,89 STREET,,,ADDRESS,Ridgewood,,N/A,Closed,,The Department of Sanitation investigated this complaint and found no violation at the location.,03/15/2019 12:00:00 PM,05 QUEENS,4038540079,QUEENS,1022342,197748,ONLINE,Unspecified,QUEENS,,,,,,,,40.70936733775176,-73.86260366837621,"(40.70936733775176, -73.86260366837621)"
41963178,03/14/2019 05:41:00 PM,03/16/2019 12:00:00 PM,DSNY,Department of Sanitation,Dirty Conditions,E8 Canine Violation,Sidewalk,10032,56A AUDUBON AVENUE,AUDUBON AVENUE,WEST 167 STREET,WEST 168 STREET,,,ADDRESS,NEW YORK,,N/A,Closed,,The Department of Sanitation investigated this complaint and issued a Notice of Violation.,03/16/2019 12:00:00 PM,12 MANHATTAN,1021240025,MANHATTAN,1001263,245426,PHONE,Unspecified,MANHATTAN,,,,,,,,40.84029651763875,-73.9385140336348,"(40.84029651763875, -73.9385140336348)"
41963179,03/14/2019 04:57:00 PM,03/19/2019 12:00:00 PM,DSNY,Department of Sanitation,Dirty Conditions,E8 Canine Violation,Sidewalk,11232,,,,,37 STREET,9 AVENUE,INTERSECTION,BROOKLYN,,N/A,Closed,,The Department of Sanitation investigated this complaint and found no violation at the location.,03/19/2019 12:00:00 PM,12 BROOKLYN,,BROOKLYN,985935,175021,ONLINE,Unspecified,BROOKLYN,,,,,,,,40.647068702819055,-73.9939279492869,"(40.647068702819055, -73.9939279492869)"
41966966,03/14/2019 04:12:00 PM,03/15/2019 12:00:00 PM,DSNY,Department of Sanitation,Dirty Conditions,E8 Canine Violation,Sidewalk,11216,715 ST MARKS AVENUE,ST MARKS AVENUE,NOSTRAND AVENUE,NEW YORK AVENUE,,,ADDRESS,BROOKLYN,,N/A,Closed,,The Department of Sanitation investigated this complaint and found no violation at the location.,03/15/2019 12:00:00 PM,08 BROOKLYN,3012200019,BROOKLYN,998425,185257,ONLINE,Unspecified,BROOKLYN,,,,,,,,40.675153075852464,-73.94889758557497,"(40.675153075852464, -73.94889758557497)"
41968064,03/14/2019 02:50:00 PM,03/15/2019 12:00:00 PM,DSNY,Department of Sanitation,Dirty Conditions,E8 Canine Violation,Sidewalk,10457,2280 BATHGATE AVENUE,BATHGATE AVENUE,EAST 182 STREET,EAST 183 STREET,,,ADDRESS,BRONX,,N/A,Closed,,The Department of Sanitation investigated this complaint and found no violation at the location.,03/15/2019 12:00:00 PM,06 BRONX,2030510024,BRONX,1014098,250530,PHONE,Unspecified,BRONX,,,,,,,,40.854271428681315,-73.89210491738353,"(40.854271428681315, -73.89210491738353)"
41964391,03/14/2019 01:47:00 PM,03/15/2019 12:00:00 PM,DSNY,Department of Sanitation,Dirty Conditions,E8 Canine Violation,Sidewalk,11385,436 STOCKHOLM STREET,STOCKHOLM STREET,CYPRESS AVENUE,SENECA AVENUE,,,ADDRESS,Ridgewood,,N/A,Closed,,The Department of Sanitation investigated this complaint and found no violation at the location.,03/15/2019 12:00:00 PM,05 QUEENS,4034280003,QUEENS,1007595,196684,ONLINE,Unspecified,QUEENS,,,,,,,,40.706498109505524,-73.91579915775937,"(40.706498109505524, -73.91579915775937)"
41958561,03/14/2019 01:34:00 PM,03/18/2019 12:00:00 PM,DSNY,Department of Sanitation,Dirty Conditions,E8 Canine Violation,Sidewalk,11226,377 PARKSIDE AVENUE,PARKSIDE AVENUE,FLATBUSH AVENUE,BEDFORD AVENUE,,,ADDRESS,BROOKLYN,,N/A,Closed,,The Department of Sanitation investigated this complaint and found no violation at the location.,03/18/2019 12:00:00 PM,09 BROOKLYN,3050480065,BROOKLYN,995876,178192,ONLINE,Unspecified,BROOKLYN,,,,,,,,40.65576493622991,-73.95809918907683,"(40.65576493622991, -73.95809918907683)"
41953947,03/14/2019 10:10:00 AM,03/14/2019 12:00:00 PM,DSNY,Department of Sanitation,Dirty Conditions,E8 Canine Violation,Sidewalk,11378,64-69 59 AVENUE,59 AVENUE,BEND,66 STREET,,,ADDRESS,Maspeth,,N/A,Closed,,The Department of Sanitation investigated this complaint and found no violation at the location.,03/14/2019 12:00:00 PM,05 QUEENS,4027530287,QUEENS,1012292,201735,ONLINE,Unspecified,QUEENS,,,,,,,,40.720348251763056,-73.89883697329999,"(40.720348251763056, -73.89883697329999)"
41956159,03/14/2019 09:47:00 AM,03/14/2019 12:00:00 PM,DSNY,Department of Sanitation,Dirty Conditions,E8 Canine Violation,Sidewalk,11375,,,,,112 STREET,70 ROAD,INTERSECTION,Forest Hills,,N/A,Closed,,The Department of Sanitation investigated this complaint and found no violation at the location.,03/14/2019 12:00:00 PM,06 QUEENS,,QUEENS,1028692,202958,ONLINE,Unspecified,QUEENS,,,,,,,,40.72363789910337,-73.83966512132642,"(40.72363789910337, -73.83966512132642)"
41956208,03/14/2019 08:51:00 AM,03/15/2019 12:00:00 PM,DSNY,Department of Sanitation,Dirty Conditions,E8 Canine Violation,Sidewalk,11210,3501 AVENUE K,AVENUE K,EAST 35 STREET,EAST 36 STREET,,,ADDRESS,BROOKLYN,,N/A,Closed,,The Department of Sanitation investigated this complaint and found no violation at the location.,03/15/2019 12:00:00 PM,18 BROOKLYN,3076170009,BROOKLYN,1000479,166961,ONLINE,Unspecified,BROOKLYN,,,,,,,,40.62493101381178,-73.94153671631561,"(40.62493101381178, -73.94153671631561)"
41958472,03/14/2019 07:59:00 AM,03/15/2019 12:00:00 PM,DSNY,Department of Sanitation,Dirty Conditions,E8 Canine Violation,Sidewalk,11233,2338 PACIFIC STREET,PACIFIC STREET,EASTERN PARKWAY,SACKMAN STREET,,,ADDRESS,BROOKLYN,,N/A,Closed,,The Department of Sanitation investigated this complaint and found no violation at the location.,03/15/2019 12:00:00 PM,16 BROOKLYN,3014430008,BROOKLYN,1009977,185330,ONLINE,Unspecified,BROOKLYN,,,,,,,,40.675327409368755,-73.9072511164989,"(40.675327409368755, -73.9072511164989)"
41959672,03/13/2019 11:39:00 PM,03/14/2019 12:00:00 PM,DSNY,Department of Sanitation,Dirty Conditions,E8 Canine Violation,Sidewalk,11377,,,,,58 STREET,39 AVENUE,INTERSECTION,Woodside,,N/A,Closed,,The Department of Sanitation investigated this complaint and found no violation at the location.,03/14/2019 12:00:00 PM,02 QUEENS,,QUEENS,1010476,211768,ONLINE,Unspecified,QUEENS,,,,,,,,40.747891920593744,-73.90534917685362,"(40.747891920593744, -73.90534917685362)"
41960610,03/13/2019 04:28:00 PM,03/15/2019 12:00:00 PM,DSNY,Department of Sanitation,Dirty Conditions,E8 Canine Violation,Sidewalk,11362,69-21 DOUGLASTON PARKWAY,DOUGLASTON PARKWAY,69 AVENUE,70 AVENUE,,,ADDRESS,Little Neck,,N/A,Closed,,The Department of Sanitation investigated this complaint and found no violation at the location.,03/15/2019 12:00:00 PM,11 QUEENS,4082927501,QUEENS,1056663,212529,PHONE,Unspecified,QUEENS,,,,,,,,40.74972306695104,-73.738650679135,"(40.74972306695104, -73.738650679135)"
41954476,03/13/2019 01:50:00 PM,03/14/2019 12:00:00 PM,DSNY,Department of Sanitation,Dirty Conditions,E8 Canine Violation,Sidewalk,11233,,,,,PACIFIC STREET,EASTERN PARKWAY,INTERSECTION,BROOKLYN,,N/A,Closed,,The Department of Sanitation investigated this complaint and found no violation at the location.,03/14/2019 12:00:00 PM,16 BROOKLYN,,BROOKLYN,1009715,185349,PHONE,Unspecified,BROOKLYN,,,,,,,,40.67538031760677,-73.90819558506215,"(40.67538031760677, -73.90819558506215)"
41946019,03/13/2019 12:19:00 PM,03/18/2019 12:00:00 PM,DSNY,Department of Sanitation,Dirty Conditions,E8 Canine Violation,Sidewalk,11231,171 DIKEMAN STREET,DIKEMAN STREET,CONOVER STREET,FERRIS STREET,,,ADDRESS,BROOKLYN,,N/A,Closed,,The Department of Sanitation investigated this complaint and found no violation at the location.,03/18/2019 12:00:00 PM,06 BROOKLYN,3005850018,BROOKLYN,979920,186358,ONLINE,Unspecified,BROOKLYN,,,,,,,,40.678185362186746,-74.01561082921107,"(40.678185362186746, -74.01561082921107)"
41949876,03/13/2019 11:29:00 AM,03/13/2019 12:00:00 PM,DSNY,Department of Sanitation,Dirty Conditions,E8 Canine Violation,Sidewalk,10460,1406 THIERIOT AVENUE,THIERIOT AVENUE,WOOD AVENUE,ARCHER STREET,,,ADDRESS,BRONX,,N/A,Closed,,The Department of Sanitation investigated this complaint and found no violation at the location.,03/13/2019 12:00:00 PM,09 BRONX,2039010004,BRONX,1021568,243808,PHONE,Unspecified,BRONX,,,,,,,,40.835793119669155,-73.86513967579376,"(40.835793119669155, -73.86513967579376)"
41943623,03/13/2019 11:06:00 AM,03/14/2019 12:00:00 PM,DSNY,Department of Sanitation,Dirty Conditions,E8 Canine Violation,Sidewalk,11226,130 CLARKSON AVENUE,CLARKSON AVENUE,BEDFORD AVENUE,ROGERS AVENUE,,,ADDRESS,BROOKLYN,,N/A,Closed,,The Department of Sanitation investigated this complaint and found no violation at the location.,03/14/2019 12:00:00 PM,17 BROOKLYN,3050650021,BROOKLYN,996670,177952,ONLINE,Unspecified,BROOKLYN,,,,,,,,40.65510511076976,-73.95523800727969,"(40.65510511076976, -73.95523800727969)"
41944938,03/13/2019 10:40:00 AM,03/14/2019 12:00:00 PM,DSNY,Department of Sanitation,Dirty Conditions,E8 Canine Violation,Sidewalk,11385,,,,,ONDERDONK AVENUE,STOCKHOLM STREET,INTERSECTION,Ridgewood,,N/A,Closed,,The Department of Sanitation investigated this complaint and found no violation at the location.,03/14/2019 12:00:00 PM,05 QUEENS,,QUEENS,1008044,197268,ONLINE,Unspecified,QUEENS,,,,,,,,40.70809985475085,-73.91417764004068,"(40.70809985475085, -73.91417764004068)"
41947345,03/13/2019 10:28:00 AM,03/14/2019 12:00:00 PM,DSNY,Department of Sanitation,Dirty Conditions,E8 Canine Violation,Sidewalk,11236,1185 REMSEN AVENUE,REMSEN AVENUE,CONKLIN AVENUE,FLATLANDS AVENUE,,,ADDRESS,BROOKLYN,,N/A,Closed,,The Department of Sanitation investigated this complaint and found no violation at the location.,03/14/2019 12:00:00 PM,18 BROOKLYN,3081790025,BROOKLYN,1010222,172695,ONLINE,Unspecified,BROOKLYN,,,,,,,,40.640646414096594,-73.90641652664483,"(40.640646414096594, -73.90641652664483)"
41951131,03/13/2019 10:21:00 AM,03/13/2019 12:00:00 PM,DSNY,Department of Sanitation,Dirty Conditions,E8 Canine Violation,Sidewalk,10471,,,,,WEST 261 STREET,HUXLEY AVENUE,INTERSECTION,BRONX,,N/A,Closed,,The Department of Sanitation investigated this complaint and found no violation at the location.,03/13/2019 12:00:00 PM,08 BRONX,,BRONX,1012531,270693,PHONE,Unspecified,BRONX,,,,,,,,40.90961770054067,-73.89768419946479,"(40.90961770054067, -73.89768419946479)"
41946049,03/13/2019 09:54:00 AM,03/15/2019 12:00:00 PM,DSNY,Department of Sanitation,Dirty Conditions,E8 Canine Violation,Sidewalk,11385,452 STOCKHOLM STREET,STOCKHOLM STREET,CYPRESS AVENUE,SENECA AVENUE,,,ADDRESS,Ridgewood,,N/A,Closed,,The Department of Sanitation investigated this complaint and found no violation at the location.,03/15/2019 12:00:00 PM,05 QUEENS,4034280009,QUEENS,1007633,196733,PHONE,Unspecified,QUEENS,,,,,,,,40.706632502540565,-73.91566192912958,"(40.706632502540565, -73.91566192912958)"
41943540,03/13/2019 09:32:00 AM,03/14/2019 12:00:00 PM,DSNY,Department of Sanitation,Dirty Conditions,E8 Canine Violation,Sidewalk,11377,37-15 55 STREET,55 STREET,37 AVENUE,38 AVENUE,,,ADDRESS,Woodside,,N/A,Closed,,The Department of Sanitation investigated this complaint and found no violation at the location.,03/14/2019 12:00:00 PM,02 QUEENS,4012100050,QUEENS,1009985,212746,ONLINE,Unspecified,QUEENS,,,,,,,,40.750577725168085,-73.90711747416498,"(40.750577725168085, -73.90711747416498)"
41952247,03/12/2019 07:40:00 PM,03/14/2019 12:00:00 PM,DSNY,Department of Sanitation,Dirty Conditions,E8 Canine Violation,Sidewalk,11378,60-25 60 DRIVE,60 DRIVE,60 STREET,60 PLACE,,,ADDRESS,Maspeth,,N/A,Closed,,The Department of Sanitation investigated this complaint and found no violation at the location.,03/14/2019 12:00:00 PM,05 QUEENS,4027330068,QUEENS,1010579,199853,PHONE,Unspecified,QUEENS,,,,,,,,40.71518788066108,-73.90502406946008,"(40.71518788066108, -73.90502406946008)"
41947437,03/12/2019 04:14:00 PM,03/20/2019 12:00:00 PM,DSNY,Department of Sanitation,Dirty Conditions,E8 Canine Violation,Sidewalk,10303,,,,,BRABANT STREET,LOCKMAN AVENUE,INTERSECTION,STATEN ISLAND,,N/A,Closed,,The Department of Sanitation investigated this complaint and found no violation at the location.,03/20/2019 12:00:00 PM,01 STATEN ISLAND,,STATEN ISLAND,939363,169442,PHONE,Unspecified,STATEN ISLAND,,,,,,,,40.63164197391767,-74.16171708678576,"(40.63164197391767, -74.16171708678576)"
41943568,03/12/2019 04:10:00 PM,03/13/2019 12:00:00 PM,DSNY,Department of Sanitation,Dirty Conditions,E8 Canine Violation,Sidewalk,11691,1230 BEACH   12 STREET,BEACH   12 STREET,CHANNING ROAD,CENTRAL AVENUE,,,ADDRESS,Far Rockaway,,N/A,Closed,,The Department of Sanitation investigated this complaint and found no violation at the location.,03/13/2019 12:00:00 PM,14 QUEENS,4155150015,QUEENS,1054360,160739,ONLINE,Unspecified,QUEENS,,,,,,,,40.607590427163935,-73.74750129135435,"(40.607590427163935, -73.74750129135435)"
41952242,03/12/2019 02:15:00 PM,03/15/2019 12:00:00 PM,DSNY,Department of Sanitation,Dirty Conditions,E8 Canine Violation,Sidewalk,11361,,,,,215 PLACE,38 AVENUE,INTERSECTION,Bayside,,N/A,Closed,,The Department of Sanitation investigated this complaint and found no violation at the location.,03/15/2019 12:00:00 PM,11 QUEENS,,QUEENS,1048377,218882,PHONE,Unspecified,QUEENS,,,,,,,,40.767224338743034,-73.76849534405326,"(40.767224338743034, -73.76849534405326)"
41926012,03/12/2019 10:37:00 AM,03/12/2019 12:00:00 PM,DSNY,Department of Sanitation,Dirty Conditions,E8 Canine Violation,Sidewalk,10025,37 WEST   95 STREET,WEST   95 STREET,CENTRAL PARK WEST,COLUMBUS AVENUE,,,ADDRESS,NEW YORK,,N/A,Closed,,The Department of Sanitation investigated this complaint and found no violation at the location.,03/12/2019 12:00:00 PM,07 MANHATTAN,1012090017,MANHATTAN,993565,227643,ONLINE,Unspecified,MANHATTAN,,,,,,,,40.7914986438603,-73.96635972853733,"(40.7914986438603, -73.96635972853733)"
41926011,03/12/2019 10:08:00 AM,03/14/2019 12:00:00 PM,DSNY,Department of Sanitation,Dirty Conditions,E8 Canine Violation,Sidewalk,10024,324 WEST   83 STREET,WEST   83 STREET,WEST END AVENUE,RIVERSIDE DRIVE,,,ADDRESS,NEW YORK,,N/A,Closed,,The Department of Sanitation investigated this complaint and found no violation at the location.,03/14/2019 12:00:00 PM,07 MANHATTAN,1012450037,MANHATTAN,989700,226130,ONLINE,Unspecified,MANHATTAN,,,,,,,,40.787349093982805,-73.98031904992733,"(40.787349093982805, -73.98031904992733)"
41930575,03/12/2019 09:51:00 AM,03/13/2019 12:00:00 PM,DSNY,Department of Sanitation,Dirty Conditions,E8 Canine Violation,Sidewalk,11233,,,,,HALSEY STREET,MALCOM X BOULEVARD,INTERSECTION,BROOKLYN,,N/A,Closed,,The Department of Sanitation investigated this complaint and found no violation at the location.,03/13/2019 12:00:00 PM,03 BROOKLYN,,BROOKLYN,1003856,188545,PHONE,Unspecified,BROOKLYN,,,,,,,,40.68416752526239,-73.92930868218455,"(40.68416752526239, -73.92930868218455)"
41936521,03/12/2019 09:29:00 AM,03/13/2019 12:00:00 PM,DSNY,Department of Sanitation,Dirty Conditions,E8 Canine Violation,Sidewalk,11355,144-70 41 AVENUE,41 AVENUE,PARSONS BOULEVARD,147 STREET,,,ADDRESS,Flushing,,N/A,Closed,,The Department of Sanitation investigated this complaint and found no violation at the location.,03/13/2019 12:00:00 PM,07 QUEENS,4050500031,QUEENS,1033852,216467,ONLINE,Unspecified,QUEENS,,,,,,,,40.760689230589044,-73.82094964824843,"(40.760689230589044, -73.82094964824843)"
41936470,03/12/2019 08:07:00 AM,03/12/2019 12:00:00 PM,DSNY,Department of Sanitation,Dirty Conditions,E8 Canine Violation,Sidewalk,11358,43-72 169 STREET,169 STREET,43 AVENUE,45 AVENUE,,,ADDRESS,Flushing,,N/A,Closed,,The Department of Sanitation investigated this complaint and found no violation at the location.,03/12/2019 12:00:00 PM,07 QUEENS,4054260076,QUEENS,1040282,215418,PHONE,Unspecified,QUEENS,,,,,,,,40.7577715893726,-73.79774783700339,"(40.7577715893726, -73.79774783700339)"
41927501,03/11/2019 09:18:00 PM,03/13/2019 12:00:00 PM,DSNY,Department of Sanitation,Dirty Conditions,E8 Canine Violation,Sidewalk,10461,2617 HALPERIN AVENUE,HALPERIN AVENUE,WILLIAMSBRIDGE ROAD,BLONDELL AVENUE,,,ADDRESS,BRONX,,N/A,Closed,,The Department of Sanitation investigated this complaint and found no violation at the location.,03/13/2019 12:00:00 PM,10 BRONX,2040750031,BRONX,1027395,246496,ONLINE,Unspecified,BRONX,,,,,,,,40.84314434104825,-73.8440647288728,"(40.84314434104825, -73.8440647288728)"
41933531,03/11/2019 07:29:00 PM,03/20/2019 12:00:00 PM,DSNY,Department of Sanitation,Dirty Conditions,E8 Canine Violation,Sidewalk,10309,,,,,MAGUIRE AVENUE,SHELDON AVENUE,INTERSECTION,STATEN ISLAND,,N/A,Closed,,The Department of Sanitation investigated this complaint and found no violation at the location.,03/20/2019 12:00:00 PM,03 STATEN ISLAND,,STATEN ISLAND,925345,135124,ONLINE,Unspecified,STATEN ISLAND,,,,,,,,40.53736403967149,-74.21192128549545,"(40.53736403967149, -74.21192128549545)"
41935005,03/11/2019 05:59:00 PM,03/12/2019 12:00:00 PM,DSNY,Department of Sanitation,Dirty Conditions,E8 Canine Violation,Sidewalk,11357,,,,,150 STREET,19 AVENUE,INTERSECTION,Whitestone,,N/A,Closed,,The Department of Sanitation investigated this complaint and found no violation at the location.,03/12/2019 12:00:00 PM,07 QUEENS,,QUEENS,1035732,224235,ONLINE,Unspecified,QUEENS,,,,,,,,40.781999568442785,-73.81410384945022,"(40.781999568442785, -73.81410384945022)"
41925909,03/11/2019 05:21:00 PM,03/12/2019 12:00:00 PM,DSNY,Department of Sanitation,Dirty Conditions,E8 Canine Violation,Sidewalk,10458,116 EAST MOSHOLU PARKWAY SOUTH,EAST MOSHOLU PARKWAY SOUTH,VAN CORTLANDT AVENUE EAST,EAST 206 STREET,,,ADDRESS,BRONX,,N/A,Closed,,The Department of Sanitation investigated this complaint and found no violation at the location.,03/12/2019 12:00:00 PM,07 BRONX,2033130040,BRONX,1016462,258514,PHONE,Unspecified,BRONX,,,,,,,,40.876176759689116,-73.88352112139656,"(40.876176759689116, -73.88352112139656)"
41926001,03/11/2019 04:23:00 PM,03/13/2019 12:00:00 PM,DSNY,Department of Sanitation,Dirty Conditions,E8 Canine Violation,Sidewalk,10469,2913 COLDEN AVENUE,COLDEN AVENUE,ARNOW AVENUE,ADEE AVENUE,,,ADDRESS,BRONX,,N/A,Closed,,The Department of Sanitation investigated this complaint and found no violation at the location.,03/13/2019 12:00:00 PM,11 BRONX,2045530048,BRONX,1023098,255608,PHONE,Unspecified,BRONX,,,,,,,,40.86817397740014,-73.85954217321397,"(40.86817397740014, -73.85954217321397)"
41926074,03/11/2019 04:20:00 PM,03/12/2019 12:00:00 PM,DSNY,Department of Sanitation,Dirty Conditions,E8 Canine Violation,Sidewalk,10456,540 EAST  169 STREET,EAST  169 STREET,3 AVENUE,FULTON AVENUE,,,ADDRESS,BRONX,,N/A,Closed,,The Department of Sanitation investigated this complaint and found no violation at the location.,03/12/2019 12:00:00 PM,03 BRONX,2026100012,BRONX,1010710,242600,ONLINE,Unspecified,BRONX,,,,,,,,40.83251671698595,-73.90438319967464,"(40.83251671698595, -73.90438319967464)"
41929072,03/11/2019 03:52:00 PM,03/12/2019 12:00:00 PM,DSNY,Department of Sanitation,Dirty Conditions,E8 Canine Violation,Sidewalk,10019,330 WEST   55 STREET,WEST   55 STREET,8 AVENUE,9 AVENUE,,,ADDRESS,NEW YORK,,N/A,Closed,,The Department of Sanitation investigated this complaint and found no violation at the location.,03/12/2019 12:00:00 PM,04 MANHATTAN,1010450050,MANHATTAN,988443,218296,ONLINE,Unspecified,MANHATTAN,,,,,,,,40.76584751124721,-73.98486319599715,"(40.76584751124721, -73.98486319599715)"
41932102,03/11/2019 03:39:00 PM,03/12/2019 12:00:00 PM,DSNY,Department of Sanitation,Dirty Conditions,E8 Canine Violation,Sidewalk,11103,31-38 47 STREET,47 STREET,31 AVENUE,NEWTOWN ROAD,,,ADDRESS,Astoria,,N/A,Closed,,The Department of Sanitation investigated this complaint and found no violation at the location.,03/12/2019 12:00:00 PM,01 QUEENS,4007250043,QUEENS,1008581,215400,ONLINE,Unspecified,QUEENS,,,,,,,,40.757866252086515,-73.91217517091012,"(40.757866252086515, -73.91217517091012)"
41934992,03/11/2019 03:24:00 PM,03/12/2019 12:00:00 PM,DSNY,Department of Sanitation,Dirty Conditions,E8 Canine Violation,Sidewalk,10026,,,,,WEST 117 STREET,LENOX AVENUE,INTERSECTION,NEW YORK,,N/A,Closed,,The Department of Sanitation investigated this complaint and found no violation at the location.,03/12/2019 12:00:00 PM,10 MANHATTAN,,MANHATTAN,998318,231726,PHONE,Unspecified,MANHATTAN,,,,,,,,40.8026990790615,-73.94918615290574,"(40.8026990790615, -73.94918615290574)"
41925992,03/11/2019 02:38:00 PM,03/12/2019 12:00:00 PM,DSNY,Department of Sanitation,Dirty Conditions,E8 Canine Violation,Sidewalk,11356,,,,,23 AVENUE,127 STREET,INTERSECTION,College Point,,N/A,Closed,,The Department of Sanitation investigated this complaint and found no violation at the location.,03/12/2019 12:00:00 PM,07 QUEENS,,QUEENS,1028125,222986,PHONE,Unspecified,QUEENS,,,,,,,,40.7786124351936,-73.84158002699186,"(40.7786124351936, -73.84158002699186)"
41933582,03/11/2019 01:20:00 PM,03/12/2019 12:00:00 PM,DSNY,Department of Sanitation,Dirty Conditions,E8 Canine Violation,Sidewalk,10452,1012 SUMMIT AVENUE,SUMMIT AVENUE,WEST 164 STREET,WEST 165 STREET,,,ADDRESS,BRONX,,N/A,Closed,,The Department of Sanitation investigated this complaint and found no violation at the location.,03/12/2019 12:00:00 PM,04 BRONX,2025250003,BRONX,1003634,242998,ONLINE,Unspecified,BRONX,,,,,,,,40.83362747705329,-73.92995212282821,"(40.83362747705329, -73.92995212282821)"
41929077,03/11/2019 12:43:00 PM,03/12/2019 12:00:00 PM,DSNY,Department of Sanitation,Dirty Conditions,E8 Canine Violation,Sidewalk,10459,885 JENNINGS STREET,JENNINGS STREET,INTERVALE AVENUE,CHARLOTTE STREET,,,ADDRESS,BRONX,,N/A,Closed,,The Department of Sanitation investigated this complaint and found no violation at the location.,03/12/2019 12:00:00 PM,03 BRONX,2029770329,BRONX,1014060,242603,ONLINE,Unspecified,BRONX,,,,,,,,40.83251427919986,-73.89227751830461,"(40.83251427919986, -73.89227751830461)"
41932098,03/11/2019 11:04:00 AM,03/12/2019 12:00:00 PM,DSNY,Department of Sanitation,Dirty Conditions,E8 Canine Violation,Sidewalk,10031,,,,,RIVERSIDE DRIVE,WEST 141 STREET,INTERSECTION,NEW YORK,,N/A,Closed,,The Department of Sanitation investigated this complaint and found no violation at the location.,03/12/2019 12:00:00 PM,09 MANHATTAN,,MANHATTAN,996885,239755,ONLINE,Unspecified,MANHATTAN,,,,,,,,40.82473860535553,-73.95434705710322,"(40.82473860535553, -73.95434705710322)"
41934972,03/11/2019 09:29:00 AM,03/12/2019 12:00:00 PM,DSNY,Department of Sanitation,Dirty Conditions,E8 Canine Violation,Sidewalk,11218,,,,,14 AVENUE,40 STREET,INTERSECTION,BROOKLYN,,N/A,Closed,,The Department of Sanitation investigated this complaint and found no violation at the location.,03/12/2019 12:00:00 PM,12 BROOKLYN,,BROOKLYN,988504,171985,PHONE,Unspecified,BROOKLYN,,,,,,,,40.638734674070484,-73.98467223869446,"(40.638734674070484, -73.98467223869446)"
41926053,03/11/2019 08:59:00 AM,03/12/2019 12:00:00 PM,DSNY,Department of Sanitation,Dirty Conditions,E8 Canine Violation,Sidewalk,11231,171 DIKEMAN STREET,DIKEMAN STREET,CONOVER STREET,FERRIS STREET,,,ADDRESS,BROOKLYN,,N/A,Closed,,The Department of Sanitation investigated this complaint and found no violation at the location.,03/12/2019 12:00:00 PM,06 BROOKLYN,3005850018,BROOKLYN,979920,186358,ONLINE,Unspecified,BROOKLYN,,,,,,,,40.678185362186746,-74.01561082921107,"(40.678185362186746, -74.01561082921107)"
41927442,03/11/2019 08:27:00 AM,03/11/2019 12:00:00 PM,DSNY,Department of Sanitation,Dirty Conditions,E8 Canine Violation,Sidewalk,11219,,,,,45 STREET,10 AVENUE,INTERSECTION,BROOKLYN,,N/A,Closed,,The Department of Sanitation investigated this complaint and found no violation at the location.,03/11/2019 12:00:00 PM,12 BROOKLYN,,BROOKLYN,985251,172903,PHONE,Unspecified,BROOKLYN,,,,,,,,40.64125535257492,-73.99639311974758,"(40.64125535257492, -73.99639311974758)"
41930524,03/11/2019 08:15:00 AM,03/11/2019 12:00:00 PM,DSNY,Department of Sanitation,Dirty Conditions,E8 Canine Violation,Sidewalk,11419,132-07 95 AVENUE,95 AVENUE,132 STREET,133 STREET,,,ADDRESS,South Richmond Hill,,N/A,Closed,,The Department of Sanitation investigated this complaint and found no violation at the location.,03/11/2019 12:00:00 PM,09 QUEENS,4094480042,QUEENS,1035164,192702,PHONE,Unspecified,QUEENS,,,,,,,,40.695452790351155,-73.816393491097,"(40.695452790351155, -73.816393491097)"
41936552,03/11/2019 07:59:00 AM,03/12/2019 12:00:00 PM,DSNY,Department of Sanitation,Dirty Conditions,E8 Canine Violation,Sidewalk,11221,1061 GREENE AVENUE,GREENE AVENUE,BROADWAY,GOODWIN PLACE,,,ADDRESS,BROOKLYN,,N/A,Closed,,The Department of Sanitation investigated this complaint and found no violation at the location.,03/12/2019 12:00:00 PM,04 BROOKLYN,3032830050,BROOKLYN,1005040,191418,ONLINE,Unspecified,BROOKLYN,,,,,,,,40.69205054609351,-73.92503079284718,"(40.69205054609351, -73.92503079284718)"
41934920,03/11/2019 07:42:00 AM,03/11/2019 12:00:00 PM,DSNY,Department of Sanitation,Dirty Conditions,E8 Canine Violation,Sidewalk,11385,78-03 64 PLACE,64 PLACE,78 AVENUE,80 AVENUE,,,ADDRESS,Ridgewood,,N/A,Closed,,The Department of Sanitation investigated this complaint and found no violation at the location.,03/11/2019 12:00:00 PM,05 QUEENS,4037200062,QUEENS,1014558,193278,PHONE,Unspecified,QUEENS,,,,,,,,40.69712833439711,-73.89070033208095,"(40.69712833439711, -73.89070033208095)"
41933611,03/10/2019 11:53:00 PM,03/11/2019 12:00:00 PM,DSNY,Department of Sanitation,Dirty Conditions,E8 Canine Violation,Sidewalk,11377,39-07 58 STREET,58 STREET,39 AVENUE,WOODSIDE AVENUE,,,ADDRESS,Woodside,,N/A,Closed,,The Department of Sanitation investigated this complaint and found no violation at the location.,03/11/2019 12:00:00 PM,02 QUEENS,,QUEENS,1010422,211608,ONLINE,Unspecified,QUEENS,,,,,,,,40.747452921060344,-73.90554468780687,"(40.747452921060344, -73.90554468780687)"
41931981,03/10/2019 10:37:00 PM,03/11/2019 12:00:00 PM,DSNY,Department of Sanitation,Dirty Conditions,E8 Canine Violation,Sidewalk,10458,2760 GRAND CONCOURSE,GRAND CONCOURSE,EAST 196 STREET,MIRIAM STREET,,,ADDRESS,BRONX,,N/A,Closed,,The Department of Sanitation investigated this complaint and found no violation at the location.,03/11/2019 12:00:00 PM,07 BRONX,2033040092,BRONX,1013951,255666,PHONE,Unspecified,BRONX,,,,,,,,40.86836868615612,-73.89261353516922,"(40.86836868615612, -73.89261353516922)"
41929066,03/10/2019 10:05:00 PM,03/11/2019 12:00:00 PM,DSNY,Department of Sanitation,Dirty Conditions,E8 Canine Violation,Sidewalk,11357,145-43 19 AVENUE,19 AVENUE,PARSONS BOULEVARD,147 STREET,,,ADDRESS,Whitestone,,N/A,Closed,,The Department of Sanitation investigated this complaint and found no violation at the location.,03/11/2019 12:00:00 PM,07 QUEENS,4046290042,QUEENS,1033774,224437,ONLINE,Unspecified,QUEENS,,,,,,,,40.782565191716316,-73.82117247483659,"(40.782565191716316, -73.82117247483659)"
41925970,03/10/2019 07:26:00 PM,03/11/2019 12:00:00 PM,DSNY,Department of Sanitation,Dirty Conditions,E8 Canine Violation,Sidewalk,11229,,,,,EAST 13 STREET,AVENUE R,INTERSECTION,BROOKLYN,,N/A,Closed,,The Department of Sanitation investigated this complaint and found no violation at the location.,03/11/2019 12:00:00 PM,15 BROOKLYN,,BROOKLYN,995475,159915,PHONE,Unspecified,BROOKLYN,,,,,,,,40.60559895685511,-73.95957481620331,"(40.60559895685511, -73.95957481620331)"
41929023,03/10/2019 04:24:00 PM,03/11/2019 12:00:00 PM,DSNY,Department of Sanitation,Dirty Conditions,E8 Canine Violation,Sidewalk,11229,,,,,STUART STREET,AVENUE U,INTERSECTION,BROOKLYN,,N/A,Closed,,The Department of Sanitation investigated this complaint and found no violation at the location.,03/11/2019 12:00:00 PM,15 BROOKLYN,,BROOKLYN,1002504,158692,PHONE,Unspecified,BROOKLYN,,,,,,,,40.60223038063626,-73.93426422115618,"(40.60223038063626, -73.93426422115618)"
41936577,03/10/2019 04:22:00 PM,03/11/2019 12:00:00 PM,DSNY,Department of Sanitation,Dirty Conditions,E8 Canine Violation,Sidewalk,11214,86 BAY   31 STREET,BAY   31 STREET,BENSON AVENUE,BATH AVENUE,,,ADDRESS,BROOKLYN,,N/A,Closed,,The Department of Sanitation investigated this complaint and found no violation at the location.,03/11/2019 12:00:00 PM,11 BROOKLYN,3064150044,BROOKLYN,985611,157695,ONLINE,Unspecified,BROOKLYN,,,,,,,,40.59951251303267,-73.99509900597805,"(40.59951251303267, -73.99509900597805)"
41933563,03/10/2019 04:13:00 PM,03/11/2019 12:00:00 PM,DSNY,Department of Sanitation,Dirty Conditions,E8 Canine Violation,Sidewalk,10469,2503 LODOVICK AVENUE,LODOVICK AVENUE,MACE AVENUE,ALLERTON AVENUE,,,ADDRESS,BRONX,,N/A,Closed,,The Department of Sanitation investigated this complaint and found no violation at the location.,03/11/2019 12:00:00 PM,11 BRONX,2044920068,BRONX,1029317,253747,PHONE,Unspecified,BRONX,,,,,,,,40.86303654545598,-73.83706948063293,"(40.86303654545598, -73.83706948063293)"
41919082,03/09/2019 04:38:00 PM,03/11/2019 12:00:00 PM,DSNY,Department of Sanitation,Dirty Conditions,E8 Canine Violation,Sidewalk,10473,101 SURF DRIVE,SURF DRIVE,HERON LANE,NEPTUNE LANE,,,ADDRESS,BRONX,,N/A,Closed,,The Department of Sanitation investigated this complaint and found no violation at the location.,03/11/2019 12:00:00 PM,09 BRONX,2034327502,BRONX,1025350,233177,PHONE,Unspecified,BRONX,,,,,,,,40.806597278741485,-73.85153736766472,"(40.806597278741485, -73.85153736766472)"
41916843,03/09/2019 11:27:00 AM,03/11/2019 12:00:00 PM,DSNY,Department of Sanitation,Dirty Conditions,E8 Canine Violation,Sidewalk,11374,,,,,64 AVENUE,99 STREET,INTERSECTION,Rego Park,,N/A,Closed,,The Department of Sanitation investigated this complaint and found no violation at the location.,03/11/2019 12:00:00 PM,06 QUEENS,,QUEENS,1024089,205617,ONLINE,Unspecified,QUEENS,,,,,,,,40.73095812401543,-73.856255743964,"(40.73095812401543, -73.856255743964)"
41918027,03/09/2019 11:25:00 AM,03/11/2019 12:00:00 PM,DSNY,Department of Sanitation,Dirty Conditions,E8 Canine Violation,Sidewalk,11374,,,,,64 ROAD,99 STREET,INTERSECTION,Rego Park,,N/A,Closed,,The Department of Sanitation investigated this complaint and found no violation at the location.,03/11/2019 12:00:00 PM,06 QUEENS,,QUEENS,1024184,205375,ONLINE,Unspecified,QUEENS,,,,,,,,40.73029346577167,-73.85591440855576,"(40.73029346577167, -73.85591440855576)"
41918277,03/09/2019 10:57:00 AM,03/11/2019 12:00:00 PM,DSNY,Department of Sanitation,Dirty Conditions,E8 Canine Violation,Sidewalk,11225,,,,,CROWN STREET,FRANKLIN AVENUE,INTERSECTION,BROOKLYN,,N/A,Closed,,The Department of Sanitation investigated this complaint and found no violation at the location.,03/11/2019 12:00:00 PM,09 BROOKLYN,,BROOKLYN,995556,182337,ONLINE,Unspecified,BROOKLYN,,,,,,,,40.66714245946057,-73.95924553810019,"(40.66714245946057, -73.95924553810019)"
41918357,03/09/2019 10:54:00 AM,03/11/2019 12:00:00 PM,DSNY,Department of Sanitation,Dirty Conditions,E8 Canine Violation,Sidewalk,10305,198 FINGERBOARD ROAD,FINGERBOARD ROAD,TOMPKINS AVENUE,BEND,,,ADDRESS,STATEN ISLAND,,N/A,Closed,,"The Department of Sanitation has investigated the complaint and addressed the issue. If the problem persists, call 311 to enter a new complaint. If you are outside of New York City, please call (212) NEW-YORK (212-639-9675).",03/11/2019 12:00:00 PM,01 STATEN ISLAND,5030750024,STATEN ISLAND,965391,160282,ONLINE,Unspecified,STATEN ISLAND,,,,,,,,40.60659333843252,-74.06791892612611,"(40.60659333843252, -74.06791892612611)"
41913051,03/09/2019 10:18:00 AM,03/11/2019 12:00:00 PM,DSNY,Department of Sanitation,Dirty Conditions,E8 Canine Violation,Sidewalk,11378,64-69 59 AVENUE,59 AVENUE,BEND,66 STREET,,,ADDRESS,Maspeth,,N/A,Closed,,The Department of Sanitation investigated this complaint and found no violation at the location.,03/11/2019 12:00:00 PM,05 QUEENS,4027530287,QUEENS,1012292,201735,ONLINE,Unspecified,QUEENS,,,,,,,,40.720348251763056,-73.89883697329999,"(40.720348251763056, -73.89883697329999)"
41915689,03/08/2019 06:44:00 PM,03/09/2019 12:00:00 PM,DSNY,Department of Sanitation,Dirty Conditions,E8 Canine Violation,Sidewalk,11232,214 32 STREET,32 STREET,4 AVENUE,5 AVENUE,,,ADDRESS,BROOKLYN,,N/A,Closed,,The Department of Sanitation investigated this complaint and found no violation at the location.,03/09/2019 12:00:00 PM,07 BROOKLYN,3006810036,BROOKLYN,984114,178118,ONLINE,Unspecified,BROOKLYN,,,,,,,,40.65556945341321,-74.00049015081458,"(40.65556945341321, -74.00049015081458)"
41919080,03/08/2019 05:44:00 PM,03/11/2019 12:00:00 PM,DSNY,Department of Sanitation,Dirty Conditions,E8 Canine Violation,Sidewalk,11236,326 EAST   89 STREET,EAST   89 STREET,DITMAS AVENUE,DEAD END,,,ADDRESS,BROOKLYN,,N/A,Closed,,The Department of Sanitation investigated this complaint and found no violation at the location.,03/11/2019 12:00:00 PM,17 BROOKLYN,,BROOKLYN,1007845,175053,PHONE,Unspecified,BROOKLYN,,,,,,,,40.64712526479916,-73.91497318669796,"(40.64712526479916, -73.91497318669796)"
41910364,03/08/2019 11:02:00 AM,03/08/2019 12:00:00 PM,DSNY,Department of Sanitation,Dirty Conditions,E8 Canine Violation,Sidewalk,11231,171 DIKEMAN STREET,DIKEMAN STREET,CONOVER STREET,FERRIS STREET,,,ADDRESS,BROOKLYN,,N/A,Closed,,The Department of Sanitation investigated this complaint and found no violation at the location.,03/08/2019 12:00:00 PM,06 BROOKLYN,3005850018,BROOKLYN,979920,186358,ONLINE,Unspecified,BROOKLYN,,,,,,,,40.678185362186746,-74.01561082921107,"(40.678185362186746, -74.01561082921107)"
41911412,03/08/2019 09:49:00 AM,03/09/2019 12:00:00 PM,DSNY,Department of Sanitation,Dirty Conditions,E8 Canine Violation,Sidewalk,11224,3025 WEST   32 STREET,WEST   32 STREET,SEA PLACE,BOARDWALK,,,ADDRESS,BROOKLYN,,N/A,Closed,,The Department of Sanitation investigated this complaint and found no violation at the location.,03/09/2019 12:00:00 PM,13 BROOKLYN,3070670001,BROOKLYN,984828,147695,PHONE,Unspecified,BROOKLYN,,,,,,,,40.57206458783264,-73.9979194632596,"(40.57206458783264, -73.9979194632596)"
41905723,03/08/2019 09:20:00 AM,03/08/2019 12:00:00 PM,DSNY,Department of Sanitation,Dirty Conditions,E8 Canine Violation,Sidewalk,11211,142 SOUTH    3 STREET,SOUTH    3 STREET,BEDFORD AVENUE,DRIGGS AVENUE,,,ADDRESS,BROOKLYN,,N/A,Closed,,The Department of Sanitation investigated this complaint and found no violation at the location.,03/08/2019 12:00:00 PM,01 BROOKLYN,3024310008,BROOKLYN,994772,198801,ONLINE,Unspecified,BROOKLYN,,,,,,,,40.712333312113316,-73.96204588935504,"(40.712333312113316, -73.96204588935504)"
41908973,03/08/2019 07:59:00 AM,03/09/2019 12:00:00 PM,DSNY,Department of Sanitation,Dirty Conditions,E8 Canine Violation,Sidewalk,10016,295 5 AVENUE,5 AVENUE,EAST 30 STREET,EAST 31 STREET,,,ADDRESS,NEW YORK,,N/A,Closed,,The Department of Sanitation investigated this complaint and found no violation at the location.,03/09/2019 12:00:00 PM,05 MANHATTAN,1008600001,MANHATTAN,988106,211186,ONLINE,Unspecified,MANHATTAN,,,,,,,,40.74633252615998,-73.98608384955212,"(40.74633252615998, -73.98608384955212)"
41908055,03/07/2019 10:43:00 PM,03/08/2019 12:00:00 PM,DSNY,Department of Sanitation,Dirty Conditions,E8 Canine Violation,Sidewalk,11221,20 MENAHAN STREET,MENAHAN STREET,BUSHWICK AVENUE,EVERGREEN AVENUE,,,ADDRESS,BROOKLYN,,N/A,Closed,,The Department of Sanitation investigated this complaint and found no violation at the location.,03/08/2019 12:00:00 PM,04 BROOKLYN,3033130006,BROOKLYN,1005791,191691,ONLINE,Unspecified,BROOKLYN,,,,,,,,40.69279807170382,-73.92232179839621,"(40.69279807170382, -73.92232179839621)"
41910363,03/07/2019 04:45:00 PM,03/14/2019 12:00:00 PM,DSNY,Department of Sanitation,Dirty Conditions,E8 Canine Violation,Sidewalk,11362,,,,,240 STREET,65 AVENUE,INTERSECTION,Little Neck,,N/A,Closed,,The Department of Sanitation investigated this complaint and found no violation at the location.,03/14/2019 12:00:00 PM,11 QUEENS,,QUEENS,1056434,213736,PHONE,Unspecified,QUEENS,,,,,,,,40.75303783441417,-73.73946421291552,"(40.75303783441417, -73.73946421291552)"
41907362,03/07/2019 02:59:00 PM,03/11/2019 12:00:00 PM,DSNY,Department of Sanitation,Dirty Conditions,E8 Canine Violation,Sidewalk,11416,95-02 77 STREET,77 STREET,95 AVENUE,97 AVENUE,,,ADDRESS,Ozone Park,,N/A,Closed,,The Department of Sanitation investigated this complaint and found no violation at the location.,03/11/2019 12:00:00 PM,09 QUEENS,4090030006,QUEENS,1022561,188072,PHONE,Unspecified,QUEENS,,,,,,,,40.682808053216725,-73.86186878029677,"(40.682808053216725, -73.86186878029677)"
41909005,03/07/2019 02:13:00 PM,03/08/2019 12:00:00 PM,DSNY,Department of Sanitation,Dirty Conditions,E8 Canine Violation,Sidewalk,10024,54 WEST   88 STREET,WEST   88 STREET,CENTRAL PARK WEST,COLUMBUS AVENUE,,,ADDRESS,NEW YORK,,N/A,Closed,,The Department of Sanitation investigated this complaint and found no violation at the location.,03/08/2019 12:00:00 PM,07 MANHATTAN,1012010056,MANHATTAN,992588,226084,ONLINE,Unspecified,MANHATTAN,,,,,,,,40.7872205834731,-73.96989000975867,"(40.7872205834731, -73.96989000975867)"
41902215,03/07/2019 07:46:00 AM,03/09/2019 12:00:00 PM,DSNY,Department of Sanitation,Dirty Conditions,E8 Canine Violation,Sidewalk,11218,1353 40 STREET,40 STREET,13 AVENUE,14 AVENUE,,,ADDRESS,BROOKLYN,,N/A,Closed,,"The Department of Sanitation has investigated the complaint and addressed the issue. If the problem persists, call 311 to enter a new complaint. If you are outside of New York City, please call (212) NEW-YORK (212-639-9675).",03/09/2019 12:00:00 PM,12 BROOKLYN,3052980056,BROOKLYN,988213,172220,ONLINE,Unspecified,BROOKLYN,,,,,,,,40.63937983381047,-73.98572061464309,"(40.63937983381047, -73.98572061464309)"
41899349,03/07/2019 07:25:00 AM,03/07/2019 12:00:00 PM,DSNY,Department of Sanitation,Dirty Conditions,E8 Canine Violation,Sidewalk,10459,1312 PROSPECT AVENUE,PROSPECT AVENUE,EAST 168 STREET,EAST 169 STREET,,,ADDRESS,BRONX,,N/A,Closed,,The Department of Sanitation investigated this complaint and found no violation at the location.,03/07/2019 12:00:00 PM,02 BRONX,2026940075,BRONX,1012518,241214,PHONE,Unspecified,BRONX,,,,,,,,40.82870694523099,-73.8978555923351,"(40.82870694523099, -73.8978555923351)"
41898549,03/06/2019 11:55:00 PM,03/07/2019 12:00:00 PM,DSNY,Department of Sanitation,Dirty Conditions,E8 Canine Violation,Sidewalk,11433,106-05 177 STREET,177 STREET,106 AVENUE,106 ROAD,,,ADDRESS,Jamaica,,N/A,Closed,,The Department of Sanitation investigated this complaint and found no violation at the location.,03/07/2019 12:00:00 PM,12 QUEENS,4103340007,QUEENS,1045039,195385,ONLINE,Unspecified,QUEENS,,,,,,,,40.70275465476961,-73.78075810089464,"(40.70275465476961, -73.78075810089464)"
41894731,03/06/2019 04:00:00 PM,03/07/2019 12:00:00 PM,DSNY,Department of Sanitation,Dirty Conditions,E8 Canine Violation,Sidewalk,11372,33-23 88 STREET,88 STREET,NORTHERN BOULEVARD,34 AVENUE,,,ADDRESS,Jackson Heights,,N/A,Closed,,The Department of Sanitation investigated this complaint and found no violation at the location.,03/07/2019 12:00:00 PM,03 QUEENS,,QUEENS,1017596,214503,ONLINE,Unspecified,QUEENS,,,,,,,,40.75537481404262,-73.87963924027193,"(40.75537481404262, -73.87963924027193)"
41887403,03/06/2019 01:24:00 PM,03/08/2019 12:00:00 PM,DSNY,Department of Sanitation,Dirty Conditions,E8 Canine Violation,Sidewalk,11207,35 COVERT STREET,COVERT STREET,BROADWAY,BUSHWICK AVENUE,,,ADDRESS,BROOKLYN,,N/A,Closed,,The Department of Sanitation investigated this complaint and found no violation at the location.,03/08/2019 12:00:00 PM,04 BROOKLYN,3034140053,BROOKLYN,1008416,189128,PHONE,Unspecified,BROOKLYN,,,,,,,,40.68575645107749,-73.912865082665,"(40.68575645107749, -73.912865082665)"
41884941,03/06/2019 12:04:00 PM,03/07/2019 12:00:00 PM,DSNY,Department of Sanitation,Dirty Conditions,E8 Canine Violation,Sidewalk,11367,144-46 69 AVENUE,69 AVENUE,MAIN STREET,147 STREET,,,ADDRESS,Flushing,,N/A,Closed,,The Department of Sanitation investigated this complaint and found no violation at the location.,03/07/2019 12:00:00 PM,08 QUEENS,4066400024,QUEENS,1033261,205872,ONLINE,Unspecified,QUEENS,,,,,,,,40.731611968463845,-73.82316020774581,"(40.731611968463845, -73.82316020774581)"
41884936,03/06/2019 11:10:00 AM,03/09/2019 12:00:00 PM,DSNY,Department of Sanitation,Dirty Conditions,E8 Canine Violation,Sidewalk,11219,,,,,45 STREET,FORT HAMILTON PARKWAY,INTERSECTION,BROOKLYN,,N/A,Closed,,The Department of Sanitation investigated this complaint and found no violation at the location.,03/09/2019 12:00:00 PM,12 BROOKLYN,,BROOKLYN,985694,172551,PHONE,Unspecified,BROOKLYN,,,,,,,,40.64028912685618,-73.99479694338767,"(40.64028912685618, -73.99479694338767)"
41884989,03/06/2019 07:56:00 AM,03/11/2019 12:00:00 PM,DSNY,Department of Sanitation,Dirty Conditions,E8 Canine Violation,Sidewalk,10037,,,,,MADISON AVENUE,EAST 132 STREET,INTERSECTION,NEW YORK,,N/A,Closed,,The Department of Sanitation investigated this complaint and issued a Notice of Violation.,03/11/2019 12:00:00 PM,11 MANHATTAN,,MANHATTAN,1001577,234452,PHONE,Unspecified,MANHATTAN,,,,,,,,40.810175405186904,-73.93740755930494,"(40.810175405186904, -73.93740755930494)"
41891141,03/06/2019 12:23:00 AM,03/07/2019 12:00:00 PM,DSNY,Department of Sanitation,Dirty Conditions,E8 Canine Violation,Sidewalk,11385,81-03 MARGARET PLACE,MARGARET PLACE,81 ROAD,TROTTING COURSE LANE,,,ADDRESS,Ridgewood,,N/A,Closed,,The Department of Sanitation investigated this complaint and found no violation at the location.,03/07/2019 12:00:00 PM,06 QUEENS,4038800045,QUEENS,1024228,196184,ONLINE,Unspecified,QUEENS,,,,,,,,40.70506621249733,-73.85581023910761,"(40.70506621249733, -73.85581023910761)"
41891131,03/05/2019 10:12:00 PM,03/09/2019 12:00:00 PM,DSNY,Department of Sanitation,Dirty Conditions,E8 Canine Violation,Sidewalk,11226,,,,,CROOKE AVENUE,OCEAN AVENUE,INTERSECTION,BROOKLYN,,N/A,Closed,,The Department of Sanitation investigated this complaint and found no violation at the location.,03/09/2019 12:00:00 PM,14 BROOKLYN,,BROOKLYN,994906,177247,PHONE,Unspecified,BROOKLYN,,,,,,,,40.65317233837311,-73.96159662073802,"(40.65317233837311, -73.96159662073802)"
41888618,03/05/2019 02:05:00 PM,03/07/2019 12:00:00 PM,DSNY,Department of Sanitation,Dirty Conditions,E8 Canine Violation,Sidewalk,11378,64-69 59 AVENUE,59 AVENUE,BEND,66 STREET,,,ADDRESS,Maspeth,,N/A,Closed,,The Department of Sanitation investigated this complaint and found no violation at the location.,03/07/2019 12:00:00 PM,05 QUEENS,4027530287,QUEENS,1012292,201735,ONLINE,Unspecified,QUEENS,,,,,,,,40.720348251763056,-73.89883697329999,"(40.720348251763056, -73.89883697329999)"
41889899,03/05/2019 02:00:00 PM,03/06/2019 12:00:00 PM,DSNY,Department of Sanitation,Dirty Conditions,E8 Canine Violation,Sidewalk,11214,,,,,84 STREET,21 AVENUE,INTERSECTION,BROOKLYN,,N/A,Closed,,The Department of Sanitation investigated this complaint and found no violation at the location.,03/06/2019 12:00:00 PM,11 BROOKLYN,,BROOKLYN,985681,159489,ONLINE,Unspecified,BROOKLYN,,,,,,,,40.604436667533555,-73.99484655421699,"(40.604436667533555, -73.99484655421699)"
41880869,03/05/2019 08:35:00 AM,03/05/2019 12:00:00 PM,DSNY,Department of Sanitation,Dirty Conditions,E8 Canine Violation,Sidewalk,11433,106-43 156 STREET,156 STREET,TUSKEGEE AIRMEN WAY,107 AVENUE,,,ADDRESS,Jamaica,,N/A,Closed,,The Department of Sanitation investigated this complaint and found no violation at the location.,03/05/2019 12:00:00 PM,12 QUEENS,4101240039,QUEENS,1040247,193209,ONLINE,Unspecified,QUEENS,,,,,,,,40.69681368105658,-73.79805897940805,"(40.69681368105658, -73.79805897940805)"
41883392,03/04/2019 04:29:00 PM,03/07/2019 12:00:00 PM,DSNY,Department of Sanitation,Dirty Conditions,E8 Canine Violation,Sidewalk,10466,1825 NEREID AVENUE,NEREID AVENUE,BRUNER AVENUE,ELY AVENUE,,,ADDRESS,BRONX,,N/A,Closed,,The Department of Sanitation investigated this complaint and found no violation at the location.,03/07/2019 12:00:00 PM,12 BRONX,2050910009,BRONX,1025867,266666,PHONE,Unspecified,BRONX,,,,,,,,40.89851206876121,-73.84946195896332,"(40.89851206876121, -73.84946195896332)"
41866484,03/04/2019 01:56:00 PM,03/05/2019 12:00:00 PM,DSNY,Department of Sanitation,Dirty Conditions,E8 Canine Violation,Sidewalk,10463,38 MARBLE HILL AVENUE,MARBLE HILL AVENUE,,,,,ADDRESS,BRONX,,N/A,Closed,,The Department of Sanitation investigated this complaint and found no violation at the location.,03/05/2019 12:00:00 PM,08 BRONX,1022150547,BRONX,1009111,258226,PHONE,Unspecified,BRONX,,,,,,,,40.875410056236866,-73.91010345012452,"(40.875410056236866, -73.91010345012452)"
41867602,03/04/2019 12:20:00 PM,03/05/2019 12:00:00 PM,DSNY,Department of Sanitation,Dirty Conditions,E8 Canine Violation,Sidewalk,11372,37-15 92 STREET,92 STREET,37 AVENUE,ELMHURST AVENUE,,,ADDRESS,Jackson Heights,,N/A,Closed,,The Department of Sanitation investigated this complaint and found no violation at the location.,03/05/2019 12:00:00 PM,03 QUEENS,4014800072,QUEENS,1018904,212653,PHONE,Unspecified,QUEENS,,,,,,,,40.75029200841271,-73.87492761858444,"(40.75029200841271, -73.87492761858444)"
41869969,03/04/2019 09:02:00 AM,03/05/2019 12:00:00 PM,DSNY,Department of Sanitation,Dirty Conditions,E8 Canine Violation,Sidewalk,11415,83-09 BREVOORT STREET,BREVOORT STREET,METROPOLITAN AVENUE,84 AVENUE,,,ADDRESS,Kew Gardens,,N/A,Closed,,The Department of Sanitation investigated this complaint and found no violation at the location.,03/05/2019 12:00:00 PM,09 QUEENS,4092380001,QUEENS,1031445,196264,PHONE,Unspecified,QUEENS,,,,,,,,40.70525024350011,-73.82977998496008,"(40.70525024350011, -73.82977998496008)"
41871177,03/04/2019 12:29:00 AM,03/05/2019 12:00:00 PM,DSNY,Department of Sanitation,Dirty Conditions,E8 Canine Violation,Sidewalk,11436,,,,,LINDEN BOULEVARD,145 STREET,INTERSECTION,Jamaica,,N/A,Closed,,The Department of Sanitation investigated this complaint and found no violation at the location.,03/05/2019 12:00:00 PM,12 QUEENS,,QUEENS,1040001,188853,PHONE,Unspecified,QUEENS,,,,,,,,40.684859049707526,-73.79898217069032,"(40.684859049707526, -73.79898217069032)"
41871133,03/03/2019 06:54:00 PM,03/05/2019 12:00:00 PM,DSNY,Department of Sanitation,Dirty Conditions,E8 Canine Violation,Sidewalk,10028,534 EAST   83 STREET,EAST   83 STREET,YORK AVENUE,EAST END AVENUE,,,ADDRESS,NEW YORK,,N/A,Closed,,The Department of Sanitation investigated this complaint and found no violation at the location.,03/05/2019 12:00:00 PM,08 MANHATTAN,1015790033,MANHATTAN,998755,221118,ONLINE,Unspecified,MANHATTAN,,,,,,,,40.77358226037955,-73.94763060920896,"(40.77358226037955, -73.94763060920896)"
41872253,03/03/2019 04:33:00 PM,03/05/2019 12:00:00 PM,DSNY,Department of Sanitation,Dirty Conditions,E8 Canine Violation,Sidewalk,11428,94-37 212 STREET,212 STREET,94 ROAD,JAMAICA AVENUE,,,ADDRESS,Queens Village,,N/A,Closed,,The Department of Sanitation investigated this complaint and found no violation at the location.,03/05/2019 12:00:00 PM,13 QUEENS,4106010044,QUEENS,1054416,200399,PHONE,Unspecified,QUEENS,,,,,,,,40.716447453084,-73.74688689096239,"(40.716447453084, -73.74688689096239)"
41861725,03/03/2019 01:22:00 PM,03/04/2019 12:00:00 PM,DSNY,Department of Sanitation,Dirty Conditions,E8 Canine Violation,Sidewalk,11233,498 CHAUNCEY STREET,CHAUNCEY STREET,THOMAS S BOYLAND STREET,ROCKAWAY AVENUE,,,ADDRESS,BROOKLYN,,N/A,Closed,,The Department of Sanitation investigated this complaint and found no violation at the location.,03/04/2019 12:00:00 PM,16 BROOKLYN,3015160034,BROOKLYN,1008583,187894,PHONE,Unspecified,BROOKLYN,,,,,,,,40.68236894679976,-73.9122673904169,"(40.68236894679976, -73.9122673904169)"
41863783,03/03/2019 12:23:00 PM,03/05/2019 12:00:00 PM,DSNY,Department of Sanitation,Dirty Conditions,E8 Canine Violation,Sidewalk,11422,149-56 254 STREET,254 STREET,149 DRIVE,CRAFT AVENUE,,,ADDRESS,Rosedale,,N/A,Closed,,The Department of Sanitation investigated this complaint and found no violation at the location.,03/05/2019 12:00:00 PM,13 QUEENS,4136570012,QUEENS,1057539,176612,PHONE,Unspecified,QUEENS,,,,,,,,40.651132544022865,-73.73587993753898,"(40.651132544022865, -73.73587993753898)"
41863810,03/03/2019 11:34:00 AM,03/05/2019 12:00:00 PM,DSNY,Department of Sanitation,Dirty Conditions,E8 Canine Violation,Sidewalk,11691,28-22 MOTT AVENUE,MOTT AVENUE,BAY 28 STREET,GRANADA PLACE,,,ADDRESS,Far Rockaway,,N/A,Closed,,The Department of Sanitation investigated this complaint and found no violation at the location.,03/05/2019 12:00:00 PM,14 QUEENS,4156820010,QUEENS,1049314,161297,ONLINE,Unspecified,QUEENS,,,,,,,,40.609160503870946,-73.76566881759432,"(40.609160503870946, -73.76566881759432)"
41863279,03/03/2019 10:05:00 AM,03/05/2019 12:00:00 PM,DSNY,Department of Sanitation,Dirty Conditions,E8 Canine Violation,Sidewalk,11231,128 COFFEY STREET,COFFEY STREET,VAN BRUNT STREET,CONOVER STREET,,,ADDRESS,BROOKLYN,,N/A,Closed,,The Department of Sanitation investigated this complaint and found no violation at the location.,03/05/2019 12:00:00 PM,06 BROOKLYN,3005860030,BROOKLYN,980206,185762,ONLINE,Unspecified,BROOKLYN,,,,,,,,40.6765496121318,-74.01457936371412,"(40.6765496121318, -74.01457936371412)"
41862209,03/03/2019 10:01:00 AM,03/05/2019 12:00:00 PM,DSNY,Department of Sanitation,Dirty Conditions,E8 Canine Violation,Sidewalk,10040,501 WEST  188 STREET,WEST  188 STREET,AMSTERDAM AVENUE,AUDUBON AVENUE,,,ADDRESS,NEW YORK,,N/A,Closed,,The Department of Sanitation investigated this complaint and found no violation at the location.,03/05/2019 12:00:00 PM,12 MANHATTAN,1021590051,MANHATTAN,1004194,249906,ONLINE,Unspecified,MANHATTAN,,,,,,,,40.852586662375906,-73.92790790938578,"(40.852586662375906, -73.92790790938578)"
41864509,03/03/2019 07:26:00 AM,03/05/2019 12:00:00 PM,DSNY,Department of Sanitation,Dirty Conditions,E8 Canine Violation,Sidewalk,10455,753 FOX STREET,FOX STREET,EAST 156 STREET,LONGWOOD AVENUE,,,ADDRESS,BRONX,,N/A,Closed,,The Department of Sanitation investigated this complaint and found no violation at the location.,03/05/2019 12:00:00 PM,02 BRONX,2027070085,BRONX,1012422,236467,ONLINE,Unspecified,BRONX,,,,,,,,40.8156780888314,-73.89822241087543,"(40.8156780888314, -73.89822241087543)"
41862732,03/03/2019 07:19:00 AM,03/05/2019 12:00:00 PM,DSNY,Department of Sanitation,Dirty Conditions,E8 Canine Violation,Sidewalk,10455,1014 EAST  156 STREET,EAST  156 STREET,FOX STREET,SOUTHERN BOULEVARD,,,ADDRESS,BRONX,,N/A,Closed,,The Department of Sanitation investigated this complaint and found no violation at the location.,03/05/2019 12:00:00 PM,02 BRONX,2027200019,BRONX,1012432,236310,ONLINE,Unspecified,BRONX,,,,,,,,40.81524713616892,-73.89818694293862,"(40.81524713616892, -73.89818694293862)"
41854418,03/01/2019 07:46:00 PM,03/03/2019 12:00:00 PM,DSNY,Department of Sanitation,Dirty Conditions,E8 Canine Violation,Sidewalk,11207,,,,,NEW JERSEY AVENUE,HEGEMAN AVENUE,INTERSECTION,BROOKLYN,,N/A,Closed,,The Department of Sanitation investigated this complaint and found no violation at the location.,03/03/2019 12:00:00 PM,05 BROOKLYN,,BROOKLYN,1014538,179855,PHONE,Unspecified,BROOKLYN,,,,,,,,40.66028533559314,-73.89083278510519,"(40.66028533559314, -73.89083278510519)"
41858344,03/01/2019 06:52:00 PM,03/06/2019 12:00:00 PM,DSNY,Department of Sanitation,Dirty Conditions,E8 Canine Violation,Sidewalk,11238,,,,,PARK PLACE,FRANKLIN AVENUE,INTERSECTION,BROOKLYN,,N/A,Closed,,The Department of Sanitation investigated this complaint and found no violation at the location.,03/06/2019 12:00:00 PM,08 BROOKLYN,,BROOKLYN,996260,184898,PHONE,Unspecified,BROOKLYN,,,,,,,,40.67417090370863,-73.9567032840127,"(40.67417090370863, -73.9567032840127)"
41850869,03/01/2019 11:55:00 AM,03/05/2019 12:00:00 PM,DSNY,Department of Sanitation,Dirty Conditions,E8 Canine Violation,Sidewalk,10460,,,,,EAST 182 STREET,MAPES AVENUE,INTERSECTION,BRONX,,N/A,Closed,,The Department of Sanitation investigated this complaint and found no violation at the location.,03/05/2019 12:00:00 PM,06 BRONX,,BRONX,1016404,248497,PHONE,Unspecified,BRONX,,,,,,,,40.848683354503116,-73.88377890720103,"(40.848683354503116, -73.88377890720103)"
41848939,03/01/2019 09:56:00 AM,03/03/2019 12:00:00 PM,DSNY,Department of Sanitation,Dirty Conditions,E8 Canine Violation,Sidewalk,11217,,,,,STATE STREET,3 AVENUE,INTERSECTION,BROOKLYN,,N/A,Closed,,The Department of Sanitation investigated this complaint and found no violation at the location.,03/03/2019 12:00:00 PM,02 BROOKLYN,,BROOKLYN,989721,189190,ONLINE,Unspecified,BROOKLYN,,,,,,,,40.685957926070195,-73.98027325587533,"(40.685957926070195, -73.98027325587533)"
41846975,03/01/2019 04:10:00 AM,03/05/2019 12:00:00 PM,DSNY,Department of Sanitation,Dirty Conditions,E8 Canine Violation,Sidewalk,11421,,,,,88 AVENUE,77 STREET,INTERSECTION,Woodhaven,,N/A,Closed,,The Department of Sanitation investigated this complaint and found no violation at the location.,03/05/2019 12:00:00 PM,09 QUEENS,,QUEENS,1021896,190541,ONLINE,Unspecified,QUEENS,,,,,,,,40.68958773821854,-73.86425265444069,"(40.68958773821854, -73.86425265444069)"
41846960,03/01/2019 02:13:00 AM,03/01/2019 12:00:00 PM,DSNY,Department of Sanitation,Dirty Conditions,E8 Canine Violation,Sidewalk,11375,110-31 73 ROAD,73 ROAD,AUSTIN STREET,QUEENS BOULEVARD,,,ADDRESS,Forest Hills,,N/A,Closed,,The Department of Sanitation investigated this complaint and found no violation at the location.,03/01/2019 12:00:00 PM,06 QUEENS,4032927501,QUEENS,1028795,200984,ONLINE,Unspecified,QUEENS,,,,,,,,40.71821923633626,-73.83930659001892,"(40.71821923633626, -73.83930659001892)"
41848037,02/28/2019 03:32:00 PM,03/07/2019 12:00:00 PM,DSNY,Department of Sanitation,Dirty Conditions,E8 Canine Violation,Sidewalk,11413,232-18 MENTONE AVENUE,MENTONE AVENUE,141 AVENUE,233 STREET,,,ADDRESS,Springfield Gardens,,N/A,Closed,,The Department of Sanitation investigated this complaint and found no violation at the location.,03/07/2019 12:00:00 PM,13 QUEENS,4131960119,QUEENS,1055797,182328,PHONE,Unspecified,QUEENS,,,,,,,,40.66683588424713,-73.74209709969152,"(40.66683588424713, -73.74209709969152)"
41851986,02/28/2019 02:44:00 PM,03/01/2019 12:00:00 PM,DSNY,Department of Sanitation,Dirty Conditions,E8 Canine Violation,Sidewalk,11374,,,,,SAUNDERS STREET,62 AVENUE,INTERSECTION,Rego Park,,N/A,Closed,,The Department of Sanitation investigated this complaint and found no violation at the location.,03/01/2019 12:00:00 PM,06 QUEENS,,QUEENS,1021052,205622,ONLINE,Unspecified,QUEENS,,,,,,,,40.730985005205525,-73.86721358727677,"(40.730985005205525, -73.86721358727677)"
41842677,02/28/2019 12:18:00 PM,03/05/2019 12:00:00 PM,DSNY,Department of Sanitation,Dirty Conditions,E8 Canine Violation,Sidewalk,11435,139-60 85 DRIVE,85 DRIVE,139 STREET,143 STREET,,,ADDRESS,Jamaica,,N/A,Closed,,The Department of Sanitation investigated this complaint and found no violation at the location.,03/05/2019 12:00:00 PM,08 QUEENS,4097100037,QUEENS,1035611,197607,PHONE,Unspecified,QUEENS,,,,,,,,40.70891325235092,-73.81474411205105,"(40.70891325235092, -73.81474411205105)"
41841498,02/28/2019 06:09:00 AM,03/05/2019 12:00:00 PM,DSNY,Department of Sanitation,Dirty Conditions,E8 Canine Violation,Sidewalk,10031,380 CONVENT AVENUE,CONVENT AVENUE,WEST 146 STREET,WEST 147 STREET,,,ADDRESS,NEW YORK,,N/A,Closed,,The Department of Sanitation investigated this complaint and found no violation at the location.,03/05/2019 12:00:00 PM,09 MANHATTAN,1020610014,MANHATTAN,999295,240021,ONLINE,Unspecified,MANHATTAN,,,,,,,,40.825464923416234,-73.94563862001878,"(40.825464923416234, -73.94563862001878)"
41841490,02/27/2019 06:39:00 PM,02/28/2019 12:00:00 PM,DSNY,Department of Sanitation,Dirty Conditions,E8 Canine Violation,Sidewalk,11372,37-28 86 STREET,86 STREET,37 AVENUE,ROOSEVELT AVENUE,,,ADDRESS,Jackson Heights,,N/A,Closed,,The Department of Sanitation investigated this complaint and found no violation at the location.,02/28/2019 12:00:00 PM,03 QUEENS,4014730022,QUEENS,1017369,212325,PHONE,Unspecified,QUEENS,,,,,,,,40.74939761439896,-73.88046931190952,"(40.74939761439896, -73.88046931190952)"
41841491,02/27/2019 04:56:00 PM,02/28/2019 12:00:00 PM,DSNY,Department of Sanitation,Dirty Conditions,E8 Canine Violation,Sidewalk,11372,,,,,92 STREET,ELMHURST AVENUE,INTERSECTION,Jackson Heights,,N/A,Closed,,"The Department of Sanitation has investigated the complaint and addressed the issue. If the problem persists, call 311 to enter a new complaint. If you are outside of New York City, please call (212) NEW-YORK (212-639-9675).",02/28/2019 12:00:00 PM,03 QUEENS,,QUEENS,1018911,212582,ONLINE,Unspecified,QUEENS,,,,,,,,40.75009710409597,-73.87490272033908,"(40.75009710409597, -73.87490272033908)"
41836752,02/27/2019 04:44:00 PM,02/28/2019 12:00:00 PM,DSNY,Department of Sanitation,Dirty Conditions,E8 Canine Violation,Sidewalk,10301,147 SCRIBNER AVENUE,SCRIBNER AVENUE,BISMARK AVENUE,BRIGHTON AVENUE,,,ADDRESS,STATEN ISLAND,,N/A,Closed,,The Department of Sanitation investigated this complaint and found no violation at the location.,02/28/2019 12:00:00 PM,01 STATEN ISLAND,5000420087,STATEN ISLAND,960157,171685,ONLINE,Unspecified,STATEN ISLAND,,,,,,,,40.63787949200848,-74.08680937448044,"(40.63787949200848, -74.08680937448044)"
41839211,02/27/2019 04:19:00 PM,02/28/2019 12:00:00 PM,DSNY,Department of Sanitation,Dirty Conditions,E8 Canine Violation,Sidewalk,11231,171 DIKEMAN STREET,DIKEMAN STREET,CONOVER STREET,FERRIS STREET,,,ADDRESS,BROOKLYN,,N/A,Closed,,The Department of Sanitation investigated this complaint and found no violation at the location.,02/28/2019 12:00:00 PM,06 BROOKLYN,3005850018,BROOKLYN,979920,186358,ONLINE,Unspecified,BROOKLYN,,,,,,,,40.678185362186746,-74.01561082921107,"(40.678185362186746, -74.01561082921107)"
41845074,02/27/2019 03:22:00 PM,02/28/2019 12:00:00 PM,DSNY,Department of Sanitation,Dirty Conditions,E8 Canine Violation,Sidewalk,11375,,,,,70 ROAD,112 STREET,INTERSECTION,Forest Hills,,N/A,Closed,,The Department of Sanitation investigated this complaint and found no violation at the location.,02/28/2019 12:00:00 PM,06 QUEENS,,QUEENS,1028692,202958,PHONE,Unspecified,QUEENS,,,,,,,,40.72363789910337,-73.83966512132642,"(40.72363789910337, -73.83966512132642)"
41840359,02/27/2019 02:12:00 PM,02/28/2019 12:00:00 PM,DSNY,Department of Sanitation,Dirty Conditions,E8 Canine Violation,Sidewalk,11378,64-69 59 AVENUE,59 AVENUE,BEND,66 STREET,,,ADDRESS,Maspeth,,N/A,Closed,,The Department of Sanitation investigated this complaint and found no violation at the location.,02/28/2019 12:00:00 PM,05 QUEENS,4027530287,QUEENS,1012292,201735,ONLINE,Unspecified,QUEENS,,,,,,,,40.720348251763056,-73.89883697329999,"(40.720348251763056, -73.89883697329999)"
41828113,02/27/2019 11:34:00 AM,03/05/2019 12:00:00 PM,DSNY,Department of Sanitation,Dirty Conditions,E8 Canine Violation,Sidewalk,10019,57 WEST   58 STREET,WEST   58 STREET,GRAND ARMY PLAZA,AVENUE OF THE AMERICAS,,,ADDRESS,NEW YORK,,N/A,Closed,,The Department of Sanitation investigated this complaint and found no violation at the location.,03/05/2019 12:00:00 PM,05 MANHATTAN,1012747502,MANHATTAN,991029,217813,ONLINE,Unspecified,MANHATTAN,,,,,,,,40.764520196364096,-73.97552817786556,"(40.764520196364096, -73.97552817786556)"
41833908,02/27/2019 11:22:00 AM,02/28/2019 12:00:00 PM,DSNY,Department of Sanitation,Dirty Conditions,E8 Canine Violation,Sidewalk,11235,2697 EAST   21 STREET,EAST   21 STREET,JEROME AVENUE,VOORHIES AVENUE,,,ADDRESS,BROOKLYN,,N/A,Closed,,The Department of Sanitation investigated this complaint and found no violation at the location.,02/28/2019 12:00:00 PM,15 BROOKLYN,3074660046,BROOKLYN,998710,153030,ONLINE,Unspecified,BROOKLYN,,,,,,,,40.58669633502053,-73.94793917908991,"(40.58669633502053, -73.94793917908991)"
41828090,02/27/2019 10:26:00 AM,02/28/2019 12:00:00 PM,DSNY,Department of Sanitation,Dirty Conditions,E8 Canine Violation,Sidewalk,11203,807 LENOX ROAD,LENOX ROAD,EAST 51 STREET,EAST 52 STREET,,,ADDRESS,BROOKLYN,,N/A,Closed,,The Department of Sanitation investigated this complaint and found no violation at the location.,02/28/2019 12:00:00 PM,17 BROOKLYN,3046380032,BROOKLYN,1003778,178069,PHONE,Unspecified,BROOKLYN,,,,,,,,40.65541342776383,-73.92962026653684,"(40.65541342776383, -73.92962026653684)"
41829365,02/27/2019 10:01:00 AM,02/28/2019 12:00:00 PM,DSNY,Department of Sanitation,Dirty Conditions,E8 Canine Violation,Sidewalk,11233,2338 PACIFIC STREET,PACIFIC STREET,EASTERN PARKWAY,SACKMAN STREET,,,ADDRESS,BROOKLYN,,N/A,Closed,,The Department of Sanitation investigated this complaint and found no violation at the location.,02/28/2019 12:00:00 PM,16 BROOKLYN,3014430008,BROOKLYN,1009977,185330,ONLINE,Unspecified,BROOKLYN,,,,,,,,40.675327409368755,-73.9072511164989,"(40.675327409368755, -73.9072511164989)"
41831731,02/26/2019 04:24:00 PM,02/27/2019 12:00:00 PM,DSNY,Department of Sanitation,Dirty Conditions,E8 Canine Violation,Sidewalk,11426,89-10 241 STREET,241 STREET,89 AVENUE,BRADDOCK AVENUE,,,ADDRESS,Bellerose,,N/A,Closed,,The Department of Sanitation investigated this complaint and found no violation at the location.,02/27/2019 12:00:00 PM,13 QUEENS,4079880032,QUEENS,1059965,204494,PHONE,Unspecified,QUEENS,,,,,,,,40.7276414346271,-73.72682378019095,"(40.7276414346271, -73.72682378019095)"
41828198,02/26/2019 01:55:00 PM,02/27/2019 12:00:00 PM,DSNY,Department of Sanitation,Dirty Conditions,E8 Canine Violation,Sidewalk,11418,,,,,CURZON ROAD,116 STREET,INTERSECTION,Richmond Hill,,N/A,Closed,,The Department of Sanitation investigated this complaint and found no violation at the location.,02/27/2019 12:00:00 PM,09 QUEENS,,QUEENS,1029719,196180,ONLINE,Unspecified,QUEENS,,,,,,,,40.705028721240325,-73.83600576767337,"(40.705028721240325, -73.83600576767337)"
41823842,02/26/2019 09:34:00 AM,02/27/2019 12:00:00 PM,DSNY,Department of Sanitation,Dirty Conditions,E8 Canine Violation,Sidewalk,11237,217 TROUTMAN STREET,TROUTMAN STREET,WILSON AVENUE,KNICKERBOCKER AVENUE,,,ADDRESS,BROOKLYN,,N/A,Closed,,The Department of Sanitation investigated this complaint and found no violation at the location.,02/27/2019 12:00:00 PM,04 BROOKLYN,3031740052,BROOKLYN,1004434,195103,MOBILE,Unspecified,BROOKLYN,,,,,,,,40.7021664130442,-73.927204998699,"(40.7021664130442, -73.927204998699)"
41825039,02/26/2019 09:29:00 AM,02/27/2019 12:00:00 PM,DSNY,Department of Sanitation,Dirty Conditions,E8 Canine Violation,Sidewalk,11370,21-03 73 STREET,73 STREET,21 AVENUE,DITMARS BOULEVARD,,,ADDRESS,East Elmhurst,,N/A,Closed,,The Department of Sanitation investigated this complaint and found no violation at the location.,02/27/2019 12:00:00 PM,01 QUEENS,4009690064,QUEENS,1012925,219759,ONLINE,Unspecified,QUEENS,,,,,,,,40.76981755346946,-73.89647654938652,"(40.76981755346946, -73.89647654938652)"
41823882,02/26/2019 09:22:00 AM,02/27/2019 12:00:00 PM,DSNY,Department of Sanitation,Dirty Conditions,E8 Canine Violation,Sidewalk,11370,,,,,21 AVENUE,73 STREET,INTERSECTION,East Elmhurst,,N/A,Closed,,The Department of Sanitation investigated this complaint and found no violation at the location.,02/27/2019 12:00:00 PM,01 QUEENS,,QUEENS,1012906,219871,ONLINE,Unspecified,QUEENS,,,,,,,,40.77012502570681,-73.89654466621606,"(40.77012502570681, -73.89654466621606)"
41825491,02/26/2019 09:09:00 AM,02/27/2019 12:00:00 PM,DSNY,Department of Sanitation,Dirty Conditions,E8 Canine Violation,Sidewalk,11213,1155 ST JOHNS PLACE,ST JOHNS PLACE,HAMPTON PLACE,ALBANY AVENUE,,,ADDRESS,BROOKLYN,,N/A,Closed,,The Department of Sanitation investigated this complaint and found no violation at the location.,02/27/2019 12:00:00 PM,08 BROOKLYN,3012510045,BROOKLYN,1000893,183776,PHONE,Unspecified,BROOKLYN,,,,,,,,40.67108376839928,-73.94000383696714,"(40.67108376839928, -73.94000383696714)"
41817894,02/26/2019 08:59:00 AM,02/27/2019 12:00:00 PM,DSNY,Department of Sanitation,Dirty Conditions,E8 Canine Violation,Sidewalk,11233,1566 EASTERN PARKWAY,EASTERN PARKWAY,STERLING PLACE,PARK PLACE,,,ADDRESS,BROOKLYN,,N/A,Closed,,The Department of Sanitation investigated this complaint and found no violation at the location.,02/27/2019 12:00:00 PM,16 BROOKLYN,3014680035,BROOKLYN,1007468,183741,PHONE,Unspecified,BROOKLYN,,,,,,,,40.6709728992122,-73.9163018265456,"(40.6709728992122, -73.9163018265456)"
41825486,02/26/2019 07:41:00 AM,02/27/2019 12:00:00 PM,DSNY,Department of Sanitation,Dirty Conditions,E8 Canine Violation,Sidewalk,11385,436 STOCKHOLM STREET,STOCKHOLM STREET,CYPRESS AVENUE,SENECA AVENUE,,,ADDRESS,Ridgewood,,N/A,Closed,,The Department of Sanitation investigated this complaint and found no violation at the location.,02/27/2019 12:00:00 PM,05 QUEENS,4034280003,QUEENS,1007595,196684,PHONE,Unspecified,QUEENS,,,,,,,,40.706498109505524,-73.91579915775937,"(40.706498109505524, -73.91579915775937)"
41820464,02/25/2019 02:22:00 PM,02/27/2019 12:00:00 PM,DSNY,Department of Sanitation,Dirty Conditions,E8 Canine Violation,Sidewalk,10462,2100 EAST TREMONT AVENUE,EAST TREMONT AVENUE,DOGWOOD DRIVE,ELM DRIVE,,,ADDRESS,BRONX,,N/A,Closed,,The Department of Sanitation investigated this complaint and found no violation at the location.,02/27/2019 12:00:00 PM,09 BRONX,2039447501,BRONX,1023642,246062,PHONE,Unspecified,BRONX,,,,,,,,40.841970678978335,-73.85763139903052,"(40.841970678978335, -73.85763139903052)"
41809206,02/25/2019 01:28:00 PM,02/27/2019 12:00:00 PM,DSNY,Department of Sanitation,Dirty Conditions,E8 Canine Violation,Sidewalk,10024,60 WEST   85 STREET,WEST   85 STREET,CENTRAL PARK WEST,COLUMBUS AVENUE,,,ADDRESS,NEW YORK,,N/A,Closed,,The Department of Sanitation investigated this complaint and found no violation at the location.,02/27/2019 12:00:00 PM,07 MANHATTAN,1011980056,MANHATTAN,992152,225380,ONLINE,Unspecified,MANHATTAN,,,,,,,,40.7852886922375,-73.97146531076949,"(40.7852886922375, -73.97146531076949)"
41795485,02/25/2019 12:18:00 PM,02/27/2019 12:00:00 PM,DSNY,Department of Sanitation,Dirty Conditions,E8 Canine Violation,Sidewalk,10461,2515 EAST TREMONT AVENUE,EAST TREMONT AVENUE,ST PETERS AVENUE,LURTING AVENUE,,,ADDRESS,BRONX,,N/A,Closed,,The Department of Sanitation investigated this complaint and found no violation at the location.,02/27/2019 12:00:00 PM,11 BRONX,2040680030,BRONX,1025691,246380,PHONE,Unspecified,BRONX,,,,,,,,40.84283411671386,-73.8502240544401,"(40.84283411671386, -73.8502240544401)"
41804347,02/25/2019 11:47:00 AM,02/27/2019 12:00:00 PM,DSNY,Department of Sanitation,Dirty Conditions,E8 Canine Violation,Sidewalk,10462,2214 LYON AVENUE,LYON AVENUE,CASTLE HILL AVENUE,GLEBE AVENUE,,,ADDRESS,BRONX,,N/A,Closed,,The Department of Sanitation investigated this complaint and found no violation at the location.,02/27/2019 12:00:00 PM,10 BRONX,2039630030,BRONX,1025336,243772,PHONE,Unspecified,BRONX,,,,,,,,40.8356775842643,-73.85152306869257,"(40.8356775842643, -73.85152306869257)"
41804548,02/25/2019 11:31:00 AM,02/27/2019 12:00:00 PM,DSNY,Department of Sanitation,Dirty Conditions,E8 Canine Violation,Sidewalk,10471,6240 RIVERDALE AVENUE,RIVERDALE AVENUE,WEST 261 STREET,WEST 263 STREET,,,ADDRESS,BRONX,,N/A,Closed,,The Department of Sanitation investigated this complaint and found no violation at the location.,02/27/2019 12:00:00 PM,08 BRONX,2058871358,BRONX,1011145,271570,PHONE,Unspecified,BRONX,,,,,,,,40.9120291121846,-73.90269498072124,"(40.9120291121846, -73.90269498072124)"
41795513,02/25/2019 10:28:00 AM,02/26/2019 12:00:00 PM,DSNY,Department of Sanitation,Dirty Conditions,E8 Canine Violation,Sidewalk,11203,807 LENOX ROAD,LENOX ROAD,EAST 51 STREET,EAST 52 STREET,,,ADDRESS,BROOKLYN,,N/A,Closed,,The Department of Sanitation investigated this complaint and found no violation at the location.,02/26/2019 12:00:00 PM,17 BROOKLYN,3046380032,BROOKLYN,1003778,178069,PHONE,Unspecified,BROOKLYN,,,,,,,,40.65541342776383,-73.92962026653684,"(40.65541342776383, -73.92962026653684)"
41786715,02/25/2019 08:44:00 AM,02/26/2019 12:00:00 PM,DSNY,Department of Sanitation,Dirty Conditions,E8 Canine Violation,Sidewalk,11210,850 EAST   31 STREET,EAST   31 STREET,DEAD END,AURELIA COURT,,,ADDRESS,BROOKLYN,,N/A,Closed,,The Department of Sanitation investigated this complaint and found no violation at the location.,02/26/2019 12:00:00 PM,14 BROOKLYN,3075760069,BROOKLYN,999097,168881,ONLINE,Unspecified,BROOKLYN,,,,,,,,40.63020343284473,-73.94651100276384,"(40.63020343284473, -73.94651100276384)"
41813617,02/24/2019 07:32:00 PM,02/26/2019 12:00:00 PM,DSNY,Department of Sanitation,Dirty Conditions,E8 Canine Violation,Sidewalk,11355,144-70 41 AVENUE,41 AVENUE,PARSONS BOULEVARD,147 STREET,,,ADDRESS,Flushing,,N/A,Closed,,The Department of Sanitation investigated this complaint and found no violation at the location.,02/26/2019 12:00:00 PM,07 QUEENS,4050500031,QUEENS,1033852,216467,ONLINE,Unspecified,QUEENS,,,,,,,,40.760689230589044,-73.82094964824843,"(40.760689230589044, -73.82094964824843)"
41782401,02/24/2019 07:18:00 PM,02/25/2019 12:00:00 PM,DSNY,Department of Sanitation,Dirty Conditions,E8 Canine Violation,Sidewalk,11215,245 23 STREET,23 STREET,5 AVENUE,6 AVENUE,,,ADDRESS,BROOKLYN,,N/A,Closed,,The Department of Sanitation investigated this complaint and found no violation at the location.,02/25/2019 12:00:00 PM,07 BROOKLYN,3008990001,BROOKLYN,985888,179711,ONLINE,Unspecified,BROOKLYN,,,,,,,,40.659941738222464,-73.9940961789881,"(40.659941738222464, -73.9940961789881)"
41786681,02/24/2019 06:13:00 PM,02/27/2019 12:00:00 PM,DSNY,Department of Sanitation,Dirty Conditions,E8 Canine Violation,Sidewalk,10456,1077 BOSTON ROAD,BOSTON ROAD,EAST 165 STREET,CAULDWELL AVENUE,,,ADDRESS,BRONX,,N/A,Closed,,The Department of Sanitation investigated this complaint and found no violation at the location.,02/27/2019 12:00:00 PM,03 BRONX,2026070068,BRONX,1010356,240480,PHONE,Unspecified,BRONX,,,,,,,,40.826698980838245,-73.90567067537958,"(40.826698980838245, -73.90567067537958)"
41814353,02/24/2019 05:22:00 PM,02/26/2019 12:00:00 PM,DSNY,Department of Sanitation,Dirty Conditions,E8 Canine Violation,Sidewalk,11385,1865 STARR STREET,STARR STREET,ONDERDONK AVENUE,WOODWARD AVENUE,,,ADDRESS,Ridgewood,,N/A,Closed,,The Department of Sanitation investigated this complaint and found no violation at the location.,02/26/2019 12:00:00 PM,05 QUEENS,4033950042,QUEENS,1007125,198211,PHONE,Unspecified,QUEENS,,,,,,,,40.7106905886984,-73.9174891668979,"(40.7106905886984, -73.9174891668979)"
41814204,02/24/2019 04:56:00 PM,02/26/2019 12:00:00 PM,DSNY,Department of Sanitation,Dirty Conditions,E8 Canine Violation,Sidewalk,10305,20 CLIFTON AVENUE,CLIFTON AVENUE,EDGEWATER STREET,WIMAN PLACE,,,ADDRESS,STATEN ISLAND,,N/A,Closed,,The Department of Sanitation investigated this complaint and found no violation at the location.,02/26/2019 12:00:00 PM,01 STATEN ISLAND,5028290031,STATEN ISLAND,966279,163685,ONLINE,Unspecified,STATEN ISLAND,,,,,,,,40.615935716196894,-74.06472993456109,"(40.615935716196894, -74.06472993456109)"
41791077,02/24/2019 02:58:00 PM,02/25/2019 12:00:00 PM,DSNY,Department of Sanitation,Dirty Conditions,E8 Canine Violation,Sidewalk,11217,497 DEAN STREET,DEAN STREET,6 AVENUE,CARLTON AVENUE,,,ADDRESS,BROOKLYN,,N/A,Closed,,The Department of Sanitation investigated this complaint and found no violation at the location.,02/25/2019 12:00:00 PM,08 BROOKLYN,3011280084,BROOKLYN,991600,187515,ONLINE,Unspecified,BROOKLYN,,,,,,,,40.68135907233873,-73.97349998695829,"(40.68135907233873, -73.97349998695829)"
41804177,02/24/2019 01:54:00 PM,02/27/2019 12:00:00 PM,DSNY,Department of Sanitation,Dirty Conditions,E8 Canine Violation,Sidewalk,10128,120 EAST   90 STREET,EAST   90 STREET,PARK AVENUE,LEXINGTON AVENUE,,,ADDRESS,NEW YORK,,N/A,Closed,,The Department of Sanitation investigated this complaint and found no violation at the location.,02/27/2019 12:00:00 PM,08 MANHATTAN,1015187501,MANHATTAN,996873,224309,ONLINE,Unspecified,MANHATTAN,,,,,,,,40.782343600719045,-73.95441945578483,"(40.782343600719045, -73.95441945578483)"
41779917,02/24/2019 11:30:00 AM,02/26/2019 12:00:00 PM,DSNY,Department of Sanitation,Dirty Conditions,E8 Canine Violation,Sidewalk,,,,,,34 AVENUE,UNION STREET,INTERSECTION,,,N/A,Closed,,The Department of Sanitation investigated this complaint and found no violation at the location.,02/26/2019 12:00:00 PM,07 QUEENS,,QUEENS,,,PHONE,Unspecified,QUEENS,,,,,,,,,,
41776764,02/24/2019 02:39:00 AM,02/25/2019 12:00:00 PM,DSNY,Department of Sanitation,Dirty Conditions,E8 Canine Violation,Sidewalk,11217,60 PROSPECT PLACE,PROSPECT PLACE,5 AVENUE,6 AVENUE,,,ADDRESS,BROOKLYN,,N/A,Closed,,The Department of Sanitation investigated this complaint and found no violation at the location.,02/25/2019 12:00:00 PM,06 BROOKLYN,3009380036,BROOKLYN,990918,186864,ONLINE,Unspecified,BROOKLYN,,,,,,,,40.67957276517854,-73.97595954376075,"(40.67957276517854, -73.97595954376075)"
41776765,02/23/2019 06:56:00 PM,02/25/2019 12:00:00 PM,DSNY,Department of Sanitation,Dirty Conditions,E8 Canine Violation,Sidewalk,11217,571 WARREN STREET,WARREN STREET,3 AVENUE,4 AVENUE,,,ADDRESS,BROOKLYN,,N/A,Closed,,The Department of Sanitation investigated this complaint and found no violation at the location.,02/25/2019 12:00:00 PM,02 BROOKLYN,3003950052,BROOKLYN,989332,187640,ONLINE,Unspecified,BROOKLYN,,,,,,,,40.68170376159849,-73.98167703927788,"(40.68170376159849, -73.98167703927788)"
41778267,02/23/2019 03:49:00 PM,02/26/2019 12:00:00 PM,DSNY,Department of Sanitation,Dirty Conditions,E8 Canine Violation,Sidewalk,10456,3269 PARK AVENUE,PARK AVENUE,EAST 163 STREET,CLAY AVENUE,,,ADDRESS,BRONX,,N/A,Closed,,The Department of Sanitation investigated this complaint and found no violation at the location.,02/26/2019 12:00:00 PM,04 BRONX,2024240110,BRONX,1007961,240401,PHONE,Unspecified,BRONX,,,,,,,,40.826488902533356,-73.91432484950101,"(40.826488902533356, -73.91432484950101)"
41775341,02/23/2019 03:41:00 PM,02/27/2019 12:00:00 PM,DSNY,Department of Sanitation,Dirty Conditions,E8 Canine Violation,Sidewalk,10460,2139 DALY AVENUE,DALY AVENUE,EAST 181 STREET,BRONX PARK SOUTH,,,ADDRESS,BRONX,,N/A,Closed,,The Department of Sanitation investigated this complaint and found no violation at the location.,02/27/2019 12:00:00 PM,06 BRONX,2031250035,BRONX,1017190,247368,PHONE,Unspecified,BRONX,,,,,,,,40.845581687598894,-73.88094344875915,"(40.845581687598894, -73.88094344875915)"
41779728,02/23/2019 02:02:00 PM,02/25/2019 12:00:00 PM,DSNY,Department of Sanitation,Dirty Conditions,E8 Canine Violation,Sidewalk,11226,,,,,EAST 18 STREET,CHURCH AVENUE,INTERSECTION,BROOKLYN,,N/A,Closed,,The Department of Sanitation investigated this complaint and found no violation at the location.,02/25/2019 12:00:00 PM,14 BROOKLYN,,BROOKLYN,994496,175887,PHONE,Unspecified,BROOKLYN,,,,,,,,40.64943991839931,-73.9630762940512,"(40.64943991839931, -73.9630762940512)"
41772295,02/23/2019 11:59:00 AM,02/25/2019 12:00:00 PM,DSNY,Department of Sanitation,Dirty Conditions,E8 Canine Violation,Sidewalk,11379,66-07 74 STREET,74 STREET,JUNIPER VALLEY ROAD,66 DRIVE,,,ADDRESS,Middle Village,,N/A,Closed,,The Department of Sanitation investigated this complaint and found no violation at the location.,02/25/2019 12:00:00 PM,05 QUEENS,4030590036,QUEENS,1017553,199734,PHONE,Unspecified,QUEENS,,,,,,,,40.71483775135019,-73.8798675539796,"(40.71483775135019, -73.8798675539796)"
41772281,02/23/2019 10:14:00 AM,02/26/2019 12:00:00 PM,DSNY,Department of Sanitation,Dirty Conditions,E8 Canine Violation,Sidewalk,11378,64-69 59 AVENUE,59 AVENUE,BEND,66 STREET,,,ADDRESS,Maspeth,,N/A,Closed,,The Department of Sanitation investigated this complaint and found no violation at the location.,02/26/2019 12:00:00 PM,05 QUEENS,4027530287,QUEENS,1012292,201735,ONLINE,Unspecified,QUEENS,,,,,,,,40.720348251763056,-73.89883697329999,"(40.720348251763056, -73.89883697329999)"
41770145,02/23/2019 07:13:00 AM,02/25/2019 12:00:00 PM,DSNY,Department of Sanitation,Dirty Conditions,E8 Canine Violation,Sidewalk,11377,28-03 56 PLACE,56 PLACE,28 AVENUE,30 AVENUE,,,ADDRESS,Woodside,,N/A,Closed,,The Department of Sanitation investigated this complaint and found no violation at the location.,02/25/2019 12:00:00 PM,01 QUEENS,4010240061,QUEENS,1010616,216552,ONLINE,Unspecified,QUEENS,,,,,,,,40.761022360964574,-73.90482515166575,"(40.761022360964574, -73.90482515166575)"
41773299,02/22/2019 04:16:00 PM,02/25/2019 12:00:00 PM,DSNY,Department of Sanitation,Dirty Conditions,E8 Canine Violation,Sidewalk,11206,65 SCHOLES STREET,SCHOLES STREET,LORIMER STREET,LEONARD STREET,,,ADDRESS,BROOKLYN,,N/A,Closed,,The Department of Sanitation investigated this complaint and found no violation at the location.,02/25/2019 12:00:00 PM,01 BROOKLYN,3030320031,BROOKLYN,998790,197369,ONLINE,Unspecified,BROOKLYN,,,,,,,,40.70839712196301,-73.94755557898857,"(40.70839712196301, -73.94755557898857)"
41767491,02/22/2019 01:09:00 PM,02/27/2019 12:00:00 PM,DSNY,Department of Sanitation,Dirty Conditions,E8 Canine Violation,Sidewalk,10026,200 WEST  111 STREET,WEST  111 STREET,7 AVENUE,8 AVENUE,,,ADDRESS,NEW YORK,,N/A,Closed,,The Department of Sanitation investigated this complaint and found no violation at the location.,02/27/2019 12:00:00 PM,10 MANHATTAN,1018260036,MANHATTAN,996612,230826,PHONE,Unspecified,MANHATTAN,,,,,,,,40.80023137725932,-73.95534990879541,"(40.80023137725932, -73.95534990879541)"
41764863,02/22/2019 12:04:00 PM,02/23/2019 12:00:00 PM,DSNY,Department of Sanitation,Dirty Conditions,E8 Canine Violation,Sidewalk,10460,846 EAST  175 STREET,EAST  175 STREET,MARMION AVENUE,MOHEGAN AVENUE,,,ADDRESS,BRONX,,N/A,Closed,,The Department of Sanitation investigated this complaint and found no violation at the location.,02/23/2019 12:00:00 PM,06 BRONX,2029570023,BRONX,1014888,245469,PHONE,Unspecified,BRONX,,,,,,,,40.84037777969161,-73.88927233964819,"(40.84037777969161, -73.88927233964819)"
41765911,02/22/2019 08:35:00 AM,02/26/2019 12:00:00 PM,DSNY,Department of Sanitation,Dirty Conditions,E8 Canine Violation,Sidewalk,11230,,,,,18 AVENUE,CONEY ISLAND AVENUE,INTERSECTION,BROOKLYN,,N/A,Closed,,The Department of Sanitation investigated this complaint and found no violation at the location.,02/26/2019 12:00:00 PM,14 BROOKLYN,,BROOKLYN,993235,170713,PHONE,Unspecified,BROOKLYN,,,,,,,,40.63523976970185,-73.9676274741029,"(40.63523976970185, -73.9676274741029)"
41763479,02/22/2019 08:34:00 AM,02/26/2019 12:00:00 PM,DSNY,Department of Sanitation,Dirty Conditions,E8 Canine Violation,Sidewalk,11230,,,,,WEBSTER AVENUE,OCEAN PARKWAY,INTERSECTION,BROOKLYN,,N/A,Closed,,The Department of Sanitation investigated this complaint and found no violation at the location.,02/26/2019 12:00:00 PM,14 BROOKLYN,,BROOKLYN,992020,169632,PHONE,Unspecified,BROOKLYN,,,,,,,,40.632273803339125,-73.97200630542537,"(40.632273803339125, -73.97200630542537)"
41765920,02/22/2019 08:31:00 AM,02/26/2019 12:00:00 PM,DSNY,Department of Sanitation,Dirty Conditions,E8 Canine Violation,Sidewalk,,,,,,PARKVILLE AVENUE,EAST 8 STREET,INTERSECTION,,,N/A,Closed,,The Department of Sanitation investigated this complaint and found no violation at the location.,02/26/2019 12:00:00 PM,14 BROOKLYN,,BROOKLYN,,,PHONE,Unspecified,BROOKLYN,,,,,,,,,,
41761524,02/22/2019 06:15:00 AM,02/22/2019 12:00:00 PM,DSNY,Department of Sanitation,Dirty Conditions,E8 Canine Violation,Sidewalk,10030,137 WEST  141 STREET,WEST  141 STREET,LENOX AVENUE,7 AVENUE,,,ADDRESS,NEW YORK,,N/A,Closed,,The Department of Sanitation investigated this complaint and found no violation at the location.,02/22/2019 12:00:00 PM,10 MANHATTAN,1020100006,MANHATTAN,1001151,237400,ONLINE,Unspecified,MANHATTAN,,,,,,,,40.81826766495756,-73.9389390273493,"(40.81826766495756, -73.9389390273493)"
41762660,02/21/2019 04:16:00 PM,02/22/2019 12:00:00 PM,DSNY,Department of Sanitation,Dirty Conditions,E8 Canine Violation,Sidewalk,10035,2314 1 AVENUE,1 AVENUE,EAST 118 STREET,EAST 119 STREET,,,ADDRESS,NEW YORK,,N/A,Closed,,The Department of Sanitation investigated this complaint and found no violation at the location.,02/22/2019 12:00:00 PM,11 MANHATTAN,1018060047,MANHATTAN,1002493,229928,PHONE,Unspecified,MANHATTAN,,,,,,,,40.79775642788508,-73.93411087433968,"(40.79775642788508, -73.93411087433968)"
41765909,02/21/2019 02:47:00 PM,02/22/2019 12:00:00 PM,DSNY,Department of Sanitation,Dirty Conditions,E8 Canine Violation,Sidewalk,11369,30-61 87 STREET,87 STREET,30 AVENUE,31 AVENUE,,,ADDRESS,East Elmhurst,,N/A,Closed,,The Department of Sanitation investigated this complaint and found no violation at the location.,02/22/2019 12:00:00 PM,03 QUEENS,4013850040,QUEENS,1017070,216390,PHONE,Unspecified,QUEENS,,,,,,,,40.76055611028894,-73.88152859765083,"(40.76055611028894, -73.88152859765083)"
41768078,02/21/2019 02:22:00 PM,02/22/2019 12:00:00 PM,DSNY,Department of Sanitation,Dirty Conditions,E8 Canine Violation,Sidewalk,11229,1723 EAST   16 STREET,EAST   16 STREET,QUENTIN ROAD,AVENUE R,,,ADDRESS,BROOKLYN,,N/A,Closed,,The Department of Sanitation investigated this complaint and found no violation at the location.,02/22/2019 12:00:00 PM,15 BROOKLYN,3067990082,BROOKLYN,996160,160648,PHONE,Unspecified,BROOKLYN,,,,,,,,40.60760999761536,-73.95710659738616,"(40.60760999761536, -73.95710659738616)"
41767490,02/21/2019 01:56:00 PM,02/22/2019 12:00:00 PM,DSNY,Department of Sanitation,Dirty Conditions,E8 Canine Violation,Sidewalk,11358,,,,,166 STREET,DEPOT ROAD,INTERSECTION,Flushing,,N/A,Closed,,The Department of Sanitation investigated this complaint and found no violation at the location.,02/22/2019 12:00:00 PM,07 QUEENS,,QUEENS,1039646,216842,PHONE,Unspecified,QUEENS,,,,,,,,40.761684102020816,-73.80003179011409,"(40.761684102020816, -73.80003179011409)"
41766958,02/21/2019 01:53:00 PM,02/22/2019 12:00:00 PM,DSNY,Department of Sanitation,Dirty Conditions,E8 Canine Violation,Sidewalk,11358,,,,,CROCHERON AVENUE,166 STREET,INTERSECTION,Flushing,,N/A,Closed,,The Department of Sanitation investigated this complaint and found no violation at the location.,02/22/2019 12:00:00 PM,07 QUEENS,,QUEENS,1039691,217295,PHONE,Unspecified,QUEENS,,,,,,,,40.762927185178235,-73.79986561386075,"(40.762927185178235, -73.79986561386075)"
41769128,02/21/2019 01:51:00 PM,02/22/2019 12:00:00 PM,DSNY,Department of Sanitation,Dirty Conditions,E8 Canine Violation,Sidewalk,,,,,,VERNON AVENUE,RENSSELAER AVENUE,INTERSECTION,,,N/A,Closed,,The Department of Sanitation investigated this complaint and found no violation at the location.,02/22/2019 12:00:00 PM,03 STATEN ISLAND,,STATEN ISLAND,,,PHONE,Unspecified,STATEN ISLAND,,,,,,,,,,
41753040,02/21/2019 12:09:00 PM,02/23/2019 12:00:00 PM,DSNY,Department of Sanitation,Dirty Conditions,E8 Canine Violation,Sidewalk,10455,637E BROOK AVENUE,BROOK AVENUE,EAST 152 STREET,EAST 153 STREET,,,ADDRESS,BRONX,,N/A,Closed,,The Department of Sanitation investigated this complaint and found no violation at the location.,02/23/2019 12:00:00 PM,01 BRONX,2023610026,BRONX,1008167,237066,ONLINE,Unspecified,BRONX,,,,,,,,40.817334719721,-73.91359239522184,"(40.817334719721, -73.91359239522184)"
41760226,02/21/2019 09:19:00 AM,02/21/2019 12:00:00 PM,DSNY,Department of Sanitation,Dirty Conditions,E8 Canine Violation,Sidewalk,11369,31-01 90 STREET,90 STREET,31 AVENUE,32 AVENUE,,,ADDRESS,East Elmhurst,,N/A,Closed,,The Department of Sanitation investigated this complaint and found no violation at the location.,02/21/2019 12:00:00 PM,03 QUEENS,4014020001,QUEENS,1017889,216175,ONLINE,Unspecified,QUEENS,,,,,,,,40.75996291280347,-73.87857330674447,"(40.75996291280347, -73.87857330674447)"
41752241,02/21/2019 08:30:00 AM,02/23/2019 12:00:00 PM,DSNY,Department of Sanitation,Dirty Conditions,E8 Canine Violation,Sidewalk,10472,,,,,STRATFORD AVENUE,WESTCHESTER AVENUE,INTERSECTION,BRONX,,N/A,Closed,,The Department of Sanitation investigated this complaint and found no violation at the location.,02/23/2019 12:00:00 PM,09 BRONX,,BRONX,1018703,241414,ONLINE,Unspecified,BRONX,,,,,,,,40.82923392664246,-73.8755055349958,"(40.82923392664246, -73.8755055349958)"
41750647,02/20/2019 12:04:00 PM,02/21/2019 12:00:00 PM,DSNY,Department of Sanitation,Dirty Conditions,E8 Canine Violation,Sidewalk,11106,35-30 30 STREET,30 STREET,35 AVENUE,36 AVENUE,,,ADDRESS,Astoria,,N/A,Closed,,The Department of Sanitation investigated this complaint and found no violation at the location.,02/21/2019 12:00:00 PM,01 QUEENS,,QUEENS,1003707,215424,PHONE,Unspecified,QUEENS,,,,,,,,40.75794419516299,-73.9297682135563,"(40.75794419516299, -73.9297682135563)"
41749540,02/20/2019 11:05:00 AM,02/22/2019 12:00:00 PM,DSNY,Department of Sanitation,Dirty Conditions,E8 Canine Violation,Sidewalk,10306,,,,,ROBERTS DRIVE,MILL ROAD,INTERSECTION,STATEN ISLAND,,N/A,Closed,,The Department of Sanitation investigated this complaint and found no violation at the location.,02/22/2019 12:00:00 PM,03 STATEN ISLAND,,STATEN ISLAND,952824,143392,PHONE,Unspecified,STATEN ISLAND,,,,,,,,40.56019802122156,-74.11309922560221,"(40.56019802122156, -74.11309922560221)"
41746341,02/20/2019 10:57:00 AM,02/22/2019 12:00:00 PM,DSNY,Department of Sanitation,Dirty Conditions,E8 Canine Violation,Sidewalk,10309,212 MCBAINE AVENUE,MCBAINE AVENUE,MAGUIRE AVENUE,WINANT AVENUE,,,ADDRESS,STATEN ISLAND,,N/A,Closed,,The Department of Sanitation investigated this complaint and found no violation at the location.,02/22/2019 12:00:00 PM,03 STATEN ISLAND,5070440166,STATEN ISLAND,924886,137207,PHONE,Unspecified,STATEN ISLAND,,,,,,,,40.54307840615307,-74.21359088638708,"(40.54307840615307, -74.21359088638708)"
41751617,02/20/2019 09:03:00 AM,02/21/2019 12:00:00 PM,DSNY,Department of Sanitation,Dirty Conditions,E8 Canine Violation,Sidewalk,,,,,,SEDGWICK AVENUE,WEST FORDHAM ROAD,INTERSECTION,,,N/A,Closed,,The Department of Sanitation investigated this complaint and found no violation at the location.,02/21/2019 12:00:00 PM,07 BRONX,,BRONX,,,PHONE,Unspecified,BRONX,,,,,,,,,,
41747462,02/19/2019 09:43:00 PM,02/21/2019 12:00:00 PM,DSNY,Department of Sanitation,Dirty Conditions,E8 Canine Violation,Sidewalk,11372,90-11 35 AVENUE,35 AVENUE,90 STREET,91 STREET,,,ADDRESS,Jackson Heights,,N/A,Closed,,The Department of Sanitation investigated this complaint and found no violation at the location.,02/21/2019 12:00:00 PM,03 QUEENS,4014510032,QUEENS,1018317,213492,ONLINE,Unspecified,QUEENS,,,,,,,,40.75259712992811,-73.87704195156354,"(40.75259712992811, -73.87704195156354)"
41751616,02/19/2019 03:27:00 PM,02/21/2019 12:00:00 PM,DSNY,Department of Sanitation,Dirty Conditions,E8 Canine Violation,Sidewalk,10462,2214 LYON AVENUE,LYON AVENUE,CASTLE HILL AVENUE,GLEBE AVENUE,,,ADDRESS,BRONX,,N/A,Closed,,The Department of Sanitation investigated this complaint and found no violation at the location.,02/21/2019 12:00:00 PM,10 BRONX,2039630030,BRONX,1025336,243772,PHONE,Unspecified,BRONX,,,,,,,,40.8356775842643,-73.85152306869257,"(40.8356775842643, -73.85152306869257)"
41749577,02/19/2019 03:17:00 PM,02/21/2019 12:00:00 PM,DSNY,Department of Sanitation,Dirty Conditions,E8 Canine Violation,Sidewalk,11204,1558 WEST   10 STREET,WEST   10 STREET,AVENUE O,AVENUE P,,,ADDRESS,BROOKLYN,,N/A,Closed,,The Department of Sanitation investigated this complaint and found no violation at the location.,02/21/2019 12:00:00 PM,11 BROOKLYN,3065960030,BROOKLYN,988776,161070,PHONE,Unspecified,BROOKLYN,,,,,,,,40.608775149026535,-73.98369950278534,"(40.608775149026535, -73.98369950278534)"
41739110,02/19/2019 01:29:00 PM,02/22/2019 12:00:00 PM,DSNY,Department of Sanitation,Dirty Conditions,E8 Canine Violation,Sidewalk,11691,40 BEACH   28 STREET,BEACH   28 STREET,DEAD END,SEAGIRT AVENUE,,,ADDRESS,Far Rockaway,,N/A,Closed,,The Department of Sanitation investigated this complaint and found no violation at the location.,02/22/2019 12:00:00 PM,14 QUEENS,4158190131,QUEENS,1050802,155458,PHONE,Unspecified,QUEENS,,,,,,,,40.59312264311192,-73.760367267591,"(40.59312264311192, -73.760367267591)"
41738246,02/19/2019 12:53:00 PM,02/19/2019 12:53:00 PM,DSNY,Department of Sanitation,Dirty Conditions,E8 Canine Violation,Sidewalk,11355,144-70 41 AVENUE,41 AVENUE,PARSONS BOULEVARD,147 STREET,,,ADDRESS,Flushing,,N/A,Closed,,"The Department of Sanitation has investigated the complaint and addressed the issue. If the problem persists, call 311 to enter a new complaint. If you are outside of New York City, please call (212) NEW-YORK (212-639-9675).",02/19/2019 12:53:00 PM,07 QUEENS,4050500031,QUEENS,1033852,216467,ONLINE,Unspecified,QUEENS,,,,,,,,40.760689230589044,-73.82094964824843,"(40.760689230589044, -73.82094964824843)"
41741746,02/19/2019 12:03:00 PM,02/21/2019 12:00:00 PM,DSNY,Department of Sanitation,Dirty Conditions,E8 Canine Violation,Sidewalk,10460,2153 MAPES AVENUE,MAPES AVENUE,EAST 181 STREET,EAST 182 STREET,,,ADDRESS,BRONX,,N/A,Closed,,The Department of Sanitation investigated this complaint and found no violation at the location.,02/21/2019 12:00:00 PM,06 BRONX,2031100074,BRONX,1016293,248330,PHONE,Unspecified,BRONX,,,,,,,,40.84822539270976,-73.88418091591737,"(40.84822539270976, -73.88418091591737)"
41739999,02/19/2019 11:17:00 AM,02/19/2019 12:00:00 PM,DSNY,Department of Sanitation,Dirty Conditions,E8 Canine Violation,Sidewalk,11211,,,,,NORTH 9 STREET,BEDFORD AVENUE,INTERSECTION,BROOKLYN,,N/A,Closed,,The Department of Sanitation investigated this complaint and found no violation at the location.,02/19/2019 12:00:00 PM,01 BROOKLYN,,BROOKLYN,996298,201209,PHONE,Unspecified,BROOKLYN,,,,,,,,40.718940748716854,-73.95653711626953,"(40.718940748716854, -73.95653711626953)"
41738238,02/19/2019 11:09:00 AM,02/21/2019 12:00:00 PM,DSNY,Department of Sanitation,Dirty Conditions,E8 Canine Violation,Sidewalk,10040,610 WEST  196 STREET,WEST  196 STREET,ELLWOOD STREET,BEND,,,ADDRESS,NEW YORK,,N/A,Closed,,The Department of Sanitation investigated this complaint and found no violation at the location.,02/21/2019 12:00:00 PM,12 MANHATTAN,1021720120,MANHATTAN,1003851,252874,ONLINE,Unspecified,MANHATTAN,,,,,,,,40.86073370018946,-73.92913908105919,"(40.86073370018946, -73.92913908105919)"
41737376,02/19/2019 10:35:00 AM,02/21/2019 12:00:00 PM,DSNY,Department of Sanitation,Dirty Conditions,E8 Canine Violation,Sidewalk,11418,102-13 87 AVENUE,87 AVENUE,102 STREET,104 STREET,,,ADDRESS,Richmond Hill,,N/A,Closed,,The Department of Sanitation investigated this complaint and found no violation at the location.,02/21/2019 12:00:00 PM,09 QUEENS,4092880037,QUEENS,1027340,192337,PHONE,Unspecified,QUEENS,,,,,,,,40.69449250541245,-73.84461073820074,"(40.69449250541245, -73.84461073820074)"
41739079,02/19/2019 09:46:00 AM,02/19/2019 12:00:00 PM,DSNY,Department of Sanitation,Dirty Conditions,E8 Canine Violation,Sidewalk,11214,,,,,WEST 17 STREET,BAY 50 STREET,INTERSECTION,BROOKLYN,,N/A,Closed,,The Department of Sanitation investigated this complaint and found no violation at the location.,02/19/2019 12:00:00 PM,13 BROOKLYN,,BROOKLYN,988086,152873,PHONE,Unspecified,BROOKLYN,,,,,,,,40.58627636549146,-73.98618920869933,"(40.58627636549146, -73.98618920869933)"
41743245,02/19/2019 09:31:00 AM,02/21/2019 12:00:00 PM,DSNY,Department of Sanitation,Dirty Conditions,E8 Canine Violation,Sidewalk,11374,,,,,64 AVENUE,99 STREET,INTERSECTION,Rego Park,,N/A,Closed,,The Department of Sanitation investigated this complaint and found no violation at the location.,02/21/2019 12:00:00 PM,06 QUEENS,,QUEENS,1024089,205617,PHONE,Unspecified,QUEENS,,,,,,,,40.73095812401543,-73.856255743964,"(40.73095812401543, -73.856255743964)"
41740875,02/19/2019 06:47:00 AM,02/21/2019 12:00:00 PM,DSNY,Department of Sanitation,Dirty Conditions,E8 Canine Violation,Sidewalk,10471,3901 FIELDSTON ROAD,FIELDSTON ROAD,MANHATTAN COLLEGE PARKWAY,,,,ADDRESS,BRONX,,N/A,Closed,,The Department of Sanitation investigated this complaint and found no violation at the location.,02/21/2019 12:00:00 PM,08 BRONX,2057810992,BRONX,1010307,263700,PHONE,Unspecified,BRONX,,,,,,,,40.890431019548814,-73.90575746173425,"(40.890431019548814, -73.90575746173425)"
41736409,02/18/2019 09:39:00 PM,02/19/2019 12:00:00 PM,DSNY,Department of Sanitation,Dirty Conditions,E8 Canine Violation,Sidewalk,10310,60 ELM STREET,ELM STREET,RICHMOND TERRACE,HENDERSON AVENUE,,,ADDRESS,STATEN ISLAND,,N/A,Closed,,The Department of Sanitation investigated this complaint and found no violation at the location.,02/19/2019 12:00:00 PM,01 STATEN ISLAND,5001580033,STATEN ISLAND,952496,172490,ONLINE,Unspecified,STATEN ISLAND,,,,,,,,40.640064891292255,-74.11441644830025,"(40.640064891292255, -74.11441644830025)"
41738294,02/18/2019 09:35:00 PM,02/22/2019 12:00:00 PM,DSNY,Department of Sanitation,Dirty Conditions,E8 Canine Violation,Sidewalk,10314,188 WILD AVENUE,WILD AVENUE,MELVIN AVENUE,ROSWELL AVENUE,,,ADDRESS,STATEN ISLAND,,N/A,Closed,,The Department of Sanitation investigated this complaint and found no violation at the location.,02/22/2019 12:00:00 PM,02 STATEN ISLAND,5026410001,STATEN ISLAND,931757,154186,ONLINE,Unspecified,STATEN ISLAND,,,,,,,,40.589725681011195,-74.18900100990929,"(40.589725681011195, -74.18900100990929)"
41735551,02/18/2019 08:44:00 PM,02/19/2019 12:00:00 PM,DSNY,Department of Sanitation,Dirty Conditions,E8 Canine Violation,Sidewalk,10030,137 WEST  141 STREET,WEST  141 STREET,LENOX AVENUE,7 AVENUE,,,ADDRESS,NEW YORK,,N/A,Closed,,The Department of Sanitation investigated this complaint and found no violation at the location.,02/19/2019 12:00:00 PM,10 MANHATTAN,1020100006,MANHATTAN,1001151,237400,ONLINE,Unspecified,MANHATTAN,,,,,,,,40.81826766495756,-73.9389390273493,"(40.81826766495756, -73.9389390273493)"
41735559,02/18/2019 06:59:00 PM,02/21/2019 12:00:00 PM,DSNY,Department of Sanitation,Dirty Conditions,E8 Canine Violation,Sidewalk,10458,662 EAST  188 STREET,EAST  188 STREET,BELMONT AVENUE,CAMBRELENG AVENUE,,,ADDRESS,BRONX,,N/A,Closed,,The Department of Sanitation investigated this complaint and found no violation at the location.,02/21/2019 12:00:00 PM,06 BRONX,2030750015,BRONX,1016036,251011,ONLINE,Unspecified,BRONX,,,,,,,,40.85558486460124,-73.88509712749907,"(40.85558486460124, -73.88509712749907)"
41734654,02/18/2019 06:42:00 PM,02/19/2019 12:00:00 PM,DSNY,Department of Sanitation,Dirty Conditions,E8 Canine Violation,Sidewalk,10039,200 BRADHURST AVENUE,BRADHURST AVENUE,WEST 151 STREET,WEST 152 STREET,,,ADDRESS,NEW YORK,,N/A,Closed,,The Department of Sanitation investigated this complaint and found no violation at the location.,02/19/2019 12:00:00 PM,10 MANHATTAN,1020460043,MANHATTAN,1000881,240706,ONLINE,Unspecified,MANHATTAN,,,,,,,,40.82734220899194,-73.93990630571572,"(40.82734220899194, -73.93990630571572)"
41742612,02/18/2019 05:13:00 PM,02/19/2019 12:00:00 PM,DSNY,Department of Sanitation,Dirty Conditions,E8 Canine Violation,Sidewalk,10461,2105 BURR AVENUE,BURR AVENUE,EAST 196 STREET,PELHAM PARKWAY,,,ADDRESS,BRONX,,N/A,Closed,,The Department of Sanitation investigated this complaint and found no violation at the location.,02/19/2019 12:00:00 PM,10 BRONX,2042520025,BRONX,1031796,250786,ONLINE,Unspecified,BRONX,,,,,,,,40.8548965012792,-73.82812818935987,"(40.8548965012792, -73.82812818935987)"
41741747,02/18/2019 03:22:00 PM,02/19/2019 12:00:00 PM,DSNY,Department of Sanitation,Dirty Conditions,E8 Canine Violation,Sidewalk,11373,54-75 82 STREET,82 STREET,54 AVENUE,DEAD END,,,ADDRESS,Elmhurst,,N/A,Closed,,The Department of Sanitation investigated this complaint and found no violation at the location.,02/19/2019 12:00:00 PM,04 QUEENS,4029060067,QUEENS,1016758,205582,PHONE,Unspecified,QUEENS,,,,,,,,40.7308920388703,-73.88270707246065,"(40.7308920388703, -73.88270707246065)"
41736532,02/18/2019 02:14:00 PM,02/19/2019 12:00:00 PM,DSNY,Department of Sanitation,Dirty Conditions,E8 Canine Violation,Sidewalk,10473,412 TORRY AVENUE,TORRY AVENUE,NORTON AVENUE,LACOMBE AVENUE,,,ADDRESS,BRONX,,N/A,Closed,,The Department of Sanitation investigated this complaint and found no violation at the location.,02/19/2019 12:00:00 PM,09 BRONX,2035090011,BRONX,1025992,236255,PHONE,Unspecified,BRONX,,,,,,,,40.81504251129281,-73.84919918021622,"(40.81504251129281, -73.84919918021622)"
41733868,02/18/2019 12:36:00 PM,02/19/2019 12:00:00 PM,DSNY,Department of Sanitation,Dirty Conditions,E8 Canine Violation,Sidewalk,11433,107-35 WATSON PLACE,WATSON PLACE,POLHEMUS AVENUE,DEAD END,,,ADDRESS,Jamaica,,N/A,Closed,,The Department of Sanitation investigated this complaint and found no violation at the location.,02/19/2019 12:00:00 PM,12 QUEENS,4102520018,QUEENS,1045021,194978,PHONE,Unspecified,QUEENS,,,,,,,,40.70163766232266,-73.78082669224295,"(40.70163766232266, -73.78082669224295)"
41730841,02/18/2019 08:22:00 AM,02/19/2019 12:00:00 PM,DSNY,Department of Sanitation,Dirty Conditions,E8 Canine Violation,Sidewalk,10455,520 CONCORD AVENUE,CONCORD AVENUE,EAST 147 STREET,EAST 149 STREET,,,ADDRESS,BRONX,,N/A,Closed,,The Department of Sanitation investigated this complaint and found no violation at the location.,02/19/2019 12:00:00 PM,01 BRONX,2025800011,BRONX,1009612,235269,ONLINE,Unspecified,BRONX,,,,,,,,40.81239842945851,-73.90837867724157,"(40.81239842945851, -73.90837867724157)"
41731163,02/17/2019 10:50:00 PM,02/19/2019 12:00:00 PM,DSNY,Department of Sanitation,Dirty Conditions,E8 Canine Violation,Sidewalk,11369,26-25 92 STREET,92 STREET,ASTORIA BOULEVARD,30 AVENUE,,,ADDRESS,East Elmhurst,,N/A,Closed,,The Department of Sanitation investigated this complaint and found no violation at the location.,02/19/2019 12:00:00 PM,03 QUEENS,4013660078,QUEENS,1018272,217191,ONLINE,Unspecified,QUEENS,,,,,,,,40.762750103594186,-73.87718565160783,"(40.762750103594186, -73.87718565160783)"
41733574,02/17/2019 04:16:00 PM,02/19/2019 12:00:00 PM,DSNY,Department of Sanitation,Dirty Conditions,E8 Canine Violation,Sidewalk,11217,,,,,LINCOLN PLACE,7 AVENUE,INTERSECTION,BROOKLYN,,N/A,Closed,,The Department of Sanitation investigated this complaint and found no violation at the location.,02/19/2019 12:00:00 PM,06 BROOKLYN,,BROOKLYN,991297,185465,PHONE,Unspecified,BROOKLYN,,,,,,,,40.67573253292103,-73.9745945800369,"(40.67573253292103, -73.9745945800369)"
41731678,02/17/2019 03:54:00 PM,02/21/2019 12:00:00 PM,DSNY,Department of Sanitation,Dirty Conditions,E8 Canine Violation,Sidewalk,10466,4330 RICHARDSON AVENUE,RICHARDSON AVENUE,EAST 236 STREET,EAST 237 STREET,,,ADDRESS,BRONX,,N/A,Closed,,The Department of Sanitation investigated this complaint and found no violation at the location.,02/21/2019 12:00:00 PM,12 BRONX,2050390055,BRONX,1023849,266051,ONLINE,Unspecified,BRONX,,,,,,,,40.896833380286125,-73.85676514264509,"(40.896833380286125, -73.85676514264509)"
41732000,02/17/2019 03:30:00 PM,02/19/2019 12:00:00 PM,DSNY,Department of Sanitation,Dirty Conditions,E8 Canine Violation,Sidewalk,10023,206 WEST   64 STREET,WEST   64 STREET,AMSTERDAM AVENUE,WEST END AVENUE,,,ADDRESS,NEW YORK,,N/A,Closed,,The Department of Sanitation investigated this complaint and found no violation at the location.,02/19/2019 12:00:00 PM,07 MANHATTAN,1011540101,MANHATTAN,988243,221129,ONLINE,Unspecified,MANHATTAN,,,,,,,,40.773623451429756,-73.98558351635569,"(40.773623451429756, -73.98558351635569)"
41732101,02/17/2019 02:27:00 PM,02/18/2019 12:00:00 PM,DSNY,Department of Sanitation,Dirty Conditions,E8 Canine Violation,Sidewalk,11204,1514 WEST    8 STREET,WEST    8 STREET,AVENUE O,AVENUE P,,,ADDRESS,BROOKLYN,,N/A,Closed,,The Department of Sanitation investigated this complaint and found no violation at the location.,02/18/2019 12:00:00 PM,11 BROOKLYN,3065980012,BROOKLYN,989241,161486,PHONE,Unspecified,BROOKLYN,,,,,,,,40.609916733944615,-73.98202448676501,"(40.609916733944615, -73.98202448676501)"
41729896,02/17/2019 01:53:00 PM,02/19/2019 12:00:00 PM,DSNY,Department of Sanitation,Dirty Conditions,E8 Canine Violation,Sidewalk,10462,1320 ODELL STREET,ODELL STREET,UNIONPORT ROAD,STARLING AVENUE,,,ADDRESS,BRONX,,N/A,Closed,,The Department of Sanitation investigated this complaint and found no violation at the location.,02/19/2019 12:00:00 PM,09 BRONX,2039340018,BRONX,1024670,243442,PHONE,Unspecified,BRONX,,,,,,,,40.83477490416569,-73.85393184916214,"(40.83477490416569, -73.85393184916214)"
41727802,02/17/2019 01:09:00 PM,02/19/2019 12:00:00 PM,DSNY,Department of Sanitation,Dirty Conditions,E8 Canine Violation,Sidewalk,10314,181 WILD AVENUE,WILD AVENUE,MELVIN AVENUE,ROSWELL AVENUE,,,ADDRESS,STATEN ISLAND,,N/A,Closed,,The Department of Sanitation investigated this complaint and found no violation at the location.,02/19/2019 12:00:00 PM,02 STATEN ISLAND,,STATEN ISLAND,931766,154218,ONLINE,Unspecified,STATEN ISLAND,,,,,,,,40.58981356770484,-74.18896885406501,"(40.58981356770484, -74.18896885406501)"
41726520,02/17/2019 12:54:00 PM,02/19/2019 12:00:00 PM,DSNY,Department of Sanitation,Dirty Conditions,E8 Canine Violation,Sidewalk,11417,107-27 90 STREET,90 STREET,107 AVENUE,SUTTER AVENUE,,,ADDRESS,Ozone Park,,N/A,Closed,,The Department of Sanitation investigated this complaint and found no violation at the location.,02/19/2019 12:00:00 PM,10 QUEENS,4091550061,QUEENS,1026519,186194,ONLINE,Unspecified,QUEENS,,,,,,,,40.677635361127415,-73.84760992439215,"(40.677635361127415, -73.84760992439215)"
41728656,02/17/2019 08:48:00 AM,02/19/2019 12:00:00 PM,DSNY,Department of Sanitation,Dirty Conditions,E8 Canine Violation,Sidewalk,11385,1707 NORMAN STREET,NORMAN STREET,CYPRESS AVENUE,SENECA AVENUE,,,ADDRESS,Ridgewood,,N/A,Closed,,The Department of Sanitation investigated this complaint and found no violation at the location.,02/19/2019 12:00:00 PM,05 QUEENS,4035650002,QUEENS,1011698,193373,ONLINE,Unspecified,QUEENS,,,,,,,,40.69739841987629,-73.90101394686323,"(40.69739841987629, -73.90101394686323)"
41726521,02/16/2019 04:29:00 PM,02/18/2019 12:00:00 PM,DSNY,Department of Sanitation,Dirty Conditions,E8 Canine Violation,Sidewalk,10461,1912 HUTCHINSON RIVER PARKWAY,HUTCHINSON RIVER PARKWAY,ST THERESA AVENUE,WILKINSON AVENUE,,,ADDRESS,BRONX,,N/A,Closed,,The Department of Sanitation investigated this complaint and found no violation at the location.,02/18/2019 12:00:00 PM,10 BRONX,2042300005,BRONX,1029699,249121,PHONE,Unspecified,BRONX,,,,,,,,40.85033762295783,-73.8357198058903,"(40.85033762295783, -73.8357198058903)"
41728798,02/16/2019 02:10:00 PM,02/19/2019 12:00:00 PM,DSNY,Department of Sanitation,Dirty Conditions,E8 Canine Violation,Sidewalk,11378,64-69 59 AVENUE,59 AVENUE,BEND,66 STREET,,,ADDRESS,Maspeth,,N/A,Closed,,The Department of Sanitation investigated this complaint and found no violation at the location.,02/19/2019 12:00:00 PM,05 QUEENS,4027530287,QUEENS,1012292,201735,ONLINE,Unspecified,QUEENS,,,,,,,,40.720348251763056,-73.89883697329999,"(40.720348251763056, -73.89883697329999)"
41719558,02/16/2019 12:14:00 PM,02/19/2019 12:00:00 PM,DSNY,Department of Sanitation,Dirty Conditions,E8 Canine Violation,Sidewalk,11233,,,,,PACIFIC STREET,SACKMAN STREET,INTERSECTION,BROOKLYN,,N/A,Closed,,The Department of Sanitation investigated this complaint and found no violation at the location.,02/19/2019 12:00:00 PM,16 BROOKLYN,,BROOKLYN,1010268,185314,ONLINE,Unspecified,BROOKLYN,,,,,,,,40.67528264251158,-73.90620208957948,"(40.67528264251158, -73.90620208957948)"
41721169,02/16/2019 11:25:00 AM,02/18/2019 12:00:00 PM,DSNY,Department of Sanitation,Dirty Conditions,E8 Canine Violation,Sidewalk,10473,945 UNDERHILL AVENUE,UNDERHILL AVENUE,STORY AVENUE,BRUCKNER EXPRESSWAY EXIT 53 EB,,,ADDRESS,BRONX,,N/A,Closed,,The Department of Sanitation investigated this complaint and found no violation at the location.,02/18/2019 12:00:00 PM,09 BRONX,2036680001,BRONX,1022757,239742,ONLINE,Unspecified,BRONX,,,,,,,,40.82462802474943,-73.86086619625645,"(40.82462802474943, -73.86086619625645)"
41724063,02/16/2019 09:54:00 AM,02/19/2019 12:00:00 PM,DSNY,Department of Sanitation,Dirty Conditions,E8 Canine Violation,Sidewalk,10128,1675 YORK AVENUE,YORK AVENUE,EAST 88 STREET,EAST 89 STREET,,,ADDRESS,NEW YORK,,N/A,Closed,,The Department of Sanitation investigated this complaint and found no violation at the location.,02/19/2019 12:00:00 PM,08 MANHATTAN,1015680021,MANHATTAN,999186,222504,ONLINE,Unspecified,MANHATTAN,,,,,,,,40.7773857479119,-73.9460714304721,"(40.7773857479119, -73.9460714304721)"
41724056,02/15/2019 04:09:00 PM,02/19/2019 12:00:00 PM,DSNY,Department of Sanitation,Dirty Conditions,E8 Canine Violation,Sidewalk,11105,21-63 29 STREET,29 STREET,21 AVENUE,DITMARS BOULEVARD,,,ADDRESS,Astoria,,N/A,Closed,,The Department of Sanitation investigated this complaint and found no violation at the location.,02/19/2019 12:00:00 PM,01 QUEENS,4008460001,QUEENS,1008938,222555,ONLINE,Unspecified,QUEENS,,,,,,,,40.77750387108274,-73.91086026834927,"(40.77750387108274, -73.91086026834927)"
41721163,02/15/2019 02:32:00 PM,02/16/2019 12:00:00 PM,DSNY,Department of Sanitation,Dirty Conditions,E8 Canine Violation,Sidewalk,11231,171 DIKEMAN STREET,DIKEMAN STREET,CONOVER STREET,FERRIS STREET,,,ADDRESS,BROOKLYN,,N/A,Closed,,The Department of Sanitation investigated this complaint and found no violation at the location.,02/16/2019 12:00:00 PM,06 BROOKLYN,3005850018,BROOKLYN,979920,186358,PHONE,Unspecified,BROOKLYN,,,,,,,,40.678185362186746,-74.01561082921107,"(40.678185362186746, -74.01561082921107)"
41722046,02/15/2019 02:24:00 PM,02/18/2019 12:00:00 PM,DSNY,Department of Sanitation,Dirty Conditions,E8 Canine Violation,Sidewalk,11234,6910 AVENUE U,AVENUE U,EAST 69 STREET,EAST 70 STREET,,,ADDRESS,BROOKLYN,,N/A,Closed,,The Department of Sanitation investigated this complaint and found no violation at the location.,02/18/2019 12:00:00 PM,18 BROOKLYN,3084290036,BROOKLYN,1009582,164801,ONLINE,Unspecified,BROOKLYN,,,,,,,,40.618980915279145,-73.90875223099572,"(40.618980915279145, -73.90875223099572)"
41714006,02/15/2019 01:41:00 PM,02/18/2019 12:00:00 PM,DSNY,Department of Sanitation,Dirty Conditions,E8 Canine Violation,Sidewalk,11213,1004 MONTGOMERY STREET,MONTGOMERY STREET,UTICA AVENUE,EAST NEW YORK AVENUE,,,ADDRESS,BROOKLYN,,N/A,Closed,,The Department of Sanitation investigated this complaint and found no violation at the location.,02/18/2019 12:00:00 PM,09 BROOKLYN,3014250006,BROOKLYN,1003332,181311,PHONE,Unspecified,BROOKLYN,,,,,,,,40.6643129734187,-73.93121849409458,"(40.6643129734187, -73.93121849409458)"
41716248,02/15/2019 01:18:00 PM,02/19/2019 12:00:00 PM,DSNY,Department of Sanitation,Dirty Conditions,E8 Canine Violation,Sidewalk,10031,367 EDGECOMB AVENUE,EDGECOMB AVENUE,WEST 150 STREET,BEND,,,ADDRESS,NEW YORK,,N/A,Closed,,The Department of Sanitation investigated this complaint and found no violation at the location.,02/19/2019 12:00:00 PM,09 MANHATTAN,1020540015,MANHATTAN,1000601,240832,ONLINE,Unspecified,MANHATTAN,,,,,,,,40.827688565742726,-73.94091773751477,"(40.827688565742726, -73.94091773751477)"
41712235,02/15/2019 12:29:00 PM,02/16/2019 12:00:00 PM,DSNY,Department of Sanitation,Dirty Conditions,E8 Canine Violation,Sidewalk,10453,98 EAST BURNSIDE AVENUE,EAST BURNSIDE AVENUE,WALTON AVENUE,MORRIS AVENUE,,,ADDRESS,BRONX,,N/A,Closed,,The Department of Sanitation investigated this complaint and found no violation at the location.,02/16/2019 12:00:00 PM,05 BRONX,2028290045,BRONX,1010328,250132,PHONE,Unspecified,BRONX,,,,,,,,40.8531909781133,-73.90573431754376,"(40.8531909781133, -73.90573431754376)"
41719019,02/14/2019 07:10:00 PM,02/16/2019 12:00:00 PM,DSNY,Department of Sanitation,Dirty Conditions,E8 Canine Violation,Sidewalk,11215,275 19 STREET,19 STREET,5 AVENUE,6 AVENUE,,,ADDRESS,BROOKLYN,,N/A,Closed,,The Department of Sanitation investigated this complaint and found no violation at the location.,02/16/2019 12:00:00 PM,07 BROOKLYN,3008790066,BROOKLYN,986743,180363,ONLINE,Unspecified,BROOKLYN,,,,,,,,40.661731134986894,-73.99101427312954,"(40.661731134986894, -73.99101427312954)"
41701913,02/14/2019 09:20:00 AM,02/16/2019 12:00:00 PM,DSNY,Department of Sanitation,Dirty Conditions,E8 Canine Violation,Sidewalk,10453,104 EAST  182 STREET,EAST  182 STREET,MORRIS AVENUE,CRESTON AVENUE,,,ADDRESS,BRONX,,N/A,Closed,,The Department of Sanitation investigated this complaint and found no violation at the location.,02/16/2019 12:00:00 PM,05 BRONX,2031700028,BRONX,1011201,251395,PHONE,Unspecified,BRONX,,,,,,,,40.856654912606224,-73.90257355786616,"(40.856654912606224, -73.90257355786616)"
41707969,02/14/2019 12:18:00 AM,02/14/2019 12:00:00 PM,DSNY,Department of Sanitation,Dirty Conditions,E8 Canine Violation,Sidewalk,11209,181 73 STREET,73 STREET,COLONIAL ROAD,RIDGE BOULEVARD,,,ADDRESS,BROOKLYN,,N/A,Closed,,The Department of Sanitation investigated this complaint and found no violation at the location.,02/14/2019 12:00:00 PM,10 BROOKLYN,3059060018,BROOKLYN,975688,170153,ONLINE,Unspecified,BROOKLYN,,,,,,,,40.63370310771024,-74.03084776670191,"(40.63370310771024, -74.03084776670191)"
41696771,02/13/2019 11:47:00 PM,02/19/2019 12:00:00 PM,DSNY,Department of Sanitation,Dirty Conditions,E8 Canine Violation,Sidewalk,11415,120-36 QUEENS BOULEVARD,QUEENS BOULEVARD,80 ROAD,82 AVENUE,,,ADDRESS,Kew Gardens,,N/A,Closed,,The Department of Sanitation investigated this complaint and found no violation at the location.,02/19/2019 12:00:00 PM,09 QUEENS,4033580013,QUEENS,1031674,199249,ONLINE,Unspecified,QUEENS,,,,,,,,40.713442121059856,-73.82893301906502,"(40.713442121059856, -73.82893301906502)"
41708132,02/13/2019 11:42:00 PM,02/16/2019 12:00:00 PM,DSNY,Department of Sanitation,Dirty Conditions,E8 Canine Violation,Sidewalk,11219,1363 64 STREET,64 STREET,13 AVENUE,14 AVENUE,,,ADDRESS,BROOKLYN,,N/A,Closed,,The Department of Sanitation investigated this complaint and found no violation at the location.,02/16/2019 12:00:00 PM,10 BROOKLYN,3057400054,BROOKLYN,984366,167273,PHONE,Unspecified,BROOKLYN,,,,,,,,40.62580225258356,-73.9995821166473,"(40.62580225258356, -73.9995821166473)"
41701976,02/13/2019 02:56:00 PM,02/19/2019 12:00:00 PM,DSNY,Department of Sanitation,Dirty Conditions,E8 Canine Violation,Sidewalk,10128,,,,,EAST 88 STREET,YORK AVENUE,INTERSECTION,NEW YORK,,N/A,Closed,,The Department of Sanitation investigated this complaint and found no violation at the location.,02/19/2019 12:00:00 PM,08 MANHATTAN,,MANHATTAN,999159,222448,ONLINE,Unspecified,MANHATTAN,,,,,,,,40.777232088273266,-73.94616904207393,"(40.777232088273266, -73.94616904207393)"
41687727,02/13/2019 12:40:00 PM,02/15/2019 12:00:00 PM,DSNY,Department of Sanitation,Dirty Conditions,E8 Canine Violation,Sidewalk,10303,,,,,WALLOON STREET,UNION AVENUE,INTERSECTION,STATEN ISLAND,,N/A,Closed,,The Department of Sanitation investigated this complaint and found no violation at the location.,02/15/2019 12:00:00 PM,01 STATEN ISLAND,,STATEN ISLAND,940359,169771,PHONE,Unspecified,STATEN ISLAND,,,,,,,,40.63254999881126,-74.1581308854601,"(40.63254999881126, -74.1581308854601)"
41693762,02/13/2019 12:13:00 PM,02/13/2019 12:13:00 PM,DSNY,Department of Sanitation,Dirty Conditions,E8 Canine Violation,Sidewalk,11219,,,,,45 STREET,FT HAMILTON PARKWAY,INTERSECTION,BROOKLYN,,N/A,Closed,,The Department of Sanitation investigated this complaint and found no violation at the location.,02/13/2019 12:13:00 PM,12 BROOKLYN,,BROOKLYN,985694,172551,PHONE,Unspecified,BROOKLYN,,,,,,,,40.64028912685618,-73.99479694338767,"(40.64028912685618, -73.99479694338767)"
41691765,02/13/2019 10:20:00 AM,02/13/2019 12:00:00 PM,DSNY,Department of Sanitation,Dirty Conditions,E8 Canine Violation,Sidewalk,11375,,,,,70 ROAD,112 STREET,INTERSECTION,Forest Hills,,N/A,Closed,,The Department of Sanitation investigated this complaint and found no violation at the location.,02/13/2019 12:00:00 PM,06 QUEENS,,QUEENS,1028692,202958,PHONE,Unspecified,QUEENS,,,,,,,,40.72363789910337,-73.83966512132642,"(40.72363789910337, -73.83966512132642)"
41689613,02/12/2019 07:03:00 PM,02/13/2019 12:00:00 PM,DSNY,Department of Sanitation,Dirty Conditions,E8 Canine Violation,Sidewalk,10033,575 WEST  177 STREET,WEST  177 STREET,AUDUBON AVENUE,ST NICHOLAS AVENUE,,,ADDRESS,NEW YORK,,N/A,Closed,,The Department of Sanitation investigated this complaint and found no violation at the location.,02/13/2019 12:00:00 PM,12 MANHATTAN,1021330084,MANHATTAN,1002240,247674,ONLINE,Unspecified,MANHATTAN,,,,,,,,40.84646468157999,-73.93497706967092,"(40.84646468157999, -73.93497706967092)"
41690788,02/12/2019 04:18:00 PM,02/19/2019 12:00:00 PM,DSNY,Department of Sanitation,Dirty Conditions,E8 Canine Violation,Sidewalk,10019,535 WEST   51 STREET,WEST   51 STREET,10 AVENUE,11 AVENUE,,,ADDRESS,NEW YORK,,N/A,Closed,,The Department of Sanitation investigated this complaint and found no violation at the location.,02/19/2019 12:00:00 PM,04 MANHATTAN,1010800010,MANHATTAN,986261,218318,ONLINE,Unspecified,MANHATTAN,,,,,,,,40.76590866118251,-73.99274024786986,"(40.76590866118251, -73.99274024786986)"
41690787,02/12/2019 04:17:00 PM,02/19/2019 12:00:00 PM,DSNY,Department of Sanitation,Dirty Conditions,E8 Canine Violation,Sidewalk,11355,134-23 57 ROAD,57 ROAD,134 STREET,136 STREET,,,ADDRESS,Flushing,,N/A,Closed,,The Department of Sanitation investigated this complaint and found no violation at the location.,02/19/2019 12:00:00 PM,07 QUEENS,4063610039,QUEENS,1031119,211297,PHONE,Unspecified,QUEENS,,,,,,,,40.746513829503684,-73.83085108066844,"(40.746513829503684, -73.83085108066844)"
41694783,02/12/2019 03:37:00 PM,02/13/2019 12:00:00 PM,DSNY,Department of Sanitation,Dirty Conditions,E8 Canine Violation,Sidewalk,11378,,,,,57 DRIVE,MAZEAU STREET,INTERSECTION,Maspeth,,N/A,Closed,,The Department of Sanitation investigated this complaint and found no violation at the location.,02/13/2019 12:00:00 PM,05 QUEENS,,QUEENS,1014620,204102,PHONE,Unspecified,QUEENS,,,,,,,,40.72683740269892,-73.890427915016,"(40.72683740269892, -73.890427915016)"
41688694,02/12/2019 02:19:00 PM,02/13/2019 12:00:00 PM,DSNY,Department of Sanitation,Dirty Conditions,E8 Canine Violation,Sidewalk,11372,,,,,35 AVENUE,88 STREET,INTERSECTION,Jackson Heights,,N/A,Closed,,The Department of Sanitation investigated this complaint and found no violation at the location.,02/13/2019 12:00:00 PM,03 QUEENS,,QUEENS,1017746,213410,ONLINE,Unspecified,QUEENS,,,,,,,,40.752374242386345,-73.87910326811945,"(40.752374242386345, -73.87910326811945)"
41684641,02/12/2019 12:28:00 PM,02/15/2019 12:00:00 PM,DSNY,Department of Sanitation,Dirty Conditions,E8 Canine Violation,Sidewalk,10469,2832 TIEMANN AVENUE,TIEMANN AVENUE,BARTOW AVENUE,ARNOW AVENUE,,,ADDRESS,BRONX,,N/A,Closed,,The Department of Sanitation investigated this complaint and found no violation at the location.,02/15/2019 12:00:00 PM,12 BRONX,2047920045,BRONX,1028924,255338,ONLINE,Unspecified,BRONX,,,,,,,,40.867405348148246,-73.8384796825376,"(40.867405348148246, -73.8384796825376)"
41684963,02/12/2019 11:35:00 AM,02/13/2019 12:00:00 PM,DSNY,Department of Sanitation,Dirty Conditions,E8 Canine Violation,Sidewalk,11238,,,,,STERLING PLACE,VANDERBILT AVENUE,INTERSECTION,BROOKLYN,,N/A,Closed,,The Department of Sanitation investigated this complaint and found no violation at the location.,02/13/2019 12:00:00 PM,08 BROOKLYN,,BROOKLYN,992711,185529,ONLINE,Unspecified,BROOKLYN,,,,,,,,40.675906959934544,-73.96949683243439,"(40.675906959934544, -73.96949683243439)"
41683852,02/11/2019 11:15:00 PM,02/13/2019 12:00:00 PM,DSNY,Department of Sanitation,Dirty Conditions,E8 Canine Violation,Sidewalk,11225,1650 BEDFORD AVENUE,BEDFORD AVENUE,CROWN STREET,MONTGOMERY STREET,,,ADDRESS,BROOKLYN,,N/A,Closed,,The Department of Sanitation investigated this complaint and found no violation at the location.,02/13/2019 12:00:00 PM,09 BROOKLYN,3012940001,BROOKLYN,996269,182019,ONLINE,Unspecified,BROOKLYN,,,,,,,,40.66626868108043,-73.95667597176441,"(40.66626868108043, -73.95667597176441)"
41685536,02/11/2019 07:05:00 PM,02/13/2019 12:00:00 PM,DSNY,Department of Sanitation,Dirty Conditions,E8 Canine Violation,Sidewalk,11215,1902 8 AVENUE,8 AVENUE,19 STREET,20 STREET,,,ADDRESS,BROOKLYN,,N/A,Closed,,The Department of Sanitation investigated this complaint and found no violation at the location.,02/13/2019 12:00:00 PM,07 BROOKLYN,3008870042,BROOKLYN,988208,179151,ONLINE,Unspecified,BROOKLYN,,,,,,,,40.65840392832195,-73.98573456350397,"(40.65840392832195, -73.98573456350397)"
41683880,02/11/2019 05:52:00 PM,02/15/2019 12:00:00 PM,DSNY,Department of Sanitation,Dirty Conditions,E8 Canine Violation,Sidewalk,10303,123 MAPLE PARKWAY,MAPLE PARKWAY,DE RUYTER PLACE,CONTINENTAL PLACE,,,ADDRESS,STATEN ISLAND,,N/A,Closed,,The Department of Sanitation investigated this complaint and found no violation at the location.,02/15/2019 12:00:00 PM,01 STATEN ISLAND,5012160016,STATEN ISLAND,940814,169007,PHONE,Unspecified,STATEN ISLAND,,,,,,,,40.630455226542715,-74.15648669367907,"(40.630455226542715, -74.15648669367907)"
41681577,02/11/2019 05:50:00 PM,02/15/2019 12:00:00 PM,DSNY,Department of Sanitation,Dirty Conditions,E8 Canine Violation,Sidewalk,,,,,,NEW DORP LANE,CLAWSON STREET,INTERSECTION,,,N/A,Closed,,The Department of Sanitation investigated this complaint and found no violation at the location.,02/15/2019 12:00:00 PM,02 STATEN ISLAND,,STATEN ISLAND,,,ONLINE,Unspecified,STATEN ISLAND,,,,,,,,,,
41682295,02/11/2019 03:05:00 PM,02/13/2019 12:00:00 PM,DSNY,Department of Sanitation,Dirty Conditions,E8 Canine Violation,Sidewalk,11204,1734 64 STREET,64 STREET,17 AVENUE,18 AVENUE,,,ADDRESS,BROOKLYN,,N/A,Closed,,The Department of Sanitation investigated this complaint and found no violation at the location.,02/13/2019 12:00:00 PM,11 BROOKLYN,3055460024,BROOKLYN,986761,165365,PHONE,Unspecified,BROOKLYN,,,,,,,,40.620564836437936,-73.99095497615586,"(40.620564836437936, -73.99095497615586)"
41686589,02/11/2019 03:02:00 PM,02/13/2019 12:00:00 PM,DSNY,Department of Sanitation,Dirty Conditions,E8 Canine Violation,Sidewalk,11368,,,,,52 AVENUE,108 STREET,INTERSECTION,Corona,,N/A,Closed,,The Department of Sanitation investigated this complaint and found no violation at the location.,02/13/2019 12:00:00 PM,04 QUEENS,,QUEENS,1024443,210126,PHONE,Unspecified,QUEENS,,,,,,,,40.7433325953145,-73.85495152937966,"(40.7433325953145, -73.85495152937966)"
41677699,02/11/2019 11:09:00 AM,02/13/2019 12:00:00 PM,DSNY,Department of Sanitation,Dirty Conditions,E8 Canine Violation,Sidewalk,10040,,,,,THAYER STREET,SHERMAN AVENUE,INTERSECTION,NEW YORK,,N/A,Closed,,The Department of Sanitation investigated this complaint and found no violation at the location.,02/13/2019 12:00:00 PM,12 MANHATTAN,,MANHATTAN,1004463,253787,ONLINE,Unspecified,MANHATTAN,,,,,,,,40.86323822887115,-73.92692384541492,"(40.86323822887115, -73.92692384541492)"
41673124,02/11/2019 09:58:00 AM,02/13/2019 12:00:00 PM,DSNY,Department of Sanitation,Dirty Conditions,E8 Canine Violation,Sidewalk,11201,,,,,WATER STREET,WASHINGTON STREET,INTERSECTION,BROOKLYN,,N/A,Closed,,The Department of Sanitation investigated this complaint and found no violation at the location.,02/13/2019 12:00:00 PM,02 BROOKLYN,,BROOKLYN,987138,195471,ONLINE,Unspecified,BROOKLYN,,,,,,,,40.70319903480597,-73.98958406676019,"(40.70319903480597, -73.98958406676019)"
41670797,02/10/2019 08:24:00 PM,02/13/2019 12:00:00 PM,DSNY,Department of Sanitation,Dirty Conditions,E8 Canine Violation,Sidewalk,11435,89-20 150 STREET,150 STREET,89 AVENUE,90 AVENUE,,,ADDRESS,Jamaica,,N/A,Closed,,The Department of Sanitation investigated this complaint and found no violation at the location.,02/13/2019 12:00:00 PM,12 QUEENS,4096810075,QUEENS,1038169,195970,ONLINE,Unspecified,QUEENS,,,,,,,,40.70440486640628,-73.80553070529282,"(40.70440486640628, -73.80553070529282)"
41676514,02/10/2019 04:05:00 PM,02/13/2019 12:00:00 PM,DSNY,Department of Sanitation,Dirty Conditions,E8 Canine Violation,Sidewalk,11203,831 LINDEN BOULEVARD,LINDEN BOULEVARD,EAST 53 STREET,EAST 54 STREET,,,ADDRESS,BROOKLYN,,N/A,Closed,,The Department of Sanitation investigated this complaint and found no violation at the location.,02/13/2019 12:00:00 PM,17 BROOKLYN,3046590030,BROOKLYN,1004456,177564,PHONE,Unspecified,BROOKLYN,,,,,,,,40.65402579248637,-73.9271782401684,"(40.65402579248637, -73.9271782401684)"
41666691,02/10/2019 08:27:00 AM,02/13/2019 12:00:00 PM,DSNY,Department of Sanitation,Dirty Conditions,E8 Canine Violation,Sidewalk,11416,97-32 88 STREET,88 STREET,97 AVENUE,101 AVENUE,,,ADDRESS,Ozone Park,,N/A,Closed,,The Department of Sanitation investigated this complaint and found no violation at the location.,02/13/2019 12:00:00 PM,09 QUEENS,4090600019,QUEENS,1025108,188505,ONLINE,Unspecified,QUEENS,,,,,,,,40.683985147459474,-73.8526829025864,"(40.683985147459474, -73.8526829025864)"
41664779,02/09/2019 07:27:00 PM,02/19/2019 12:00:00 PM,DSNY,Department of Sanitation,Dirty Conditions,E8 Canine Violation,Sidewalk,10282,2 RIVER TERRACE,RIVER TERRACE,BEND,MURRAY STREET,,,ADDRESS,NEW YORK,,N/A,Closed,,The Department of Sanitation investigated this complaint and found no violation at the location.,02/19/2019 12:00:00 PM,01 MANHATTAN,1000167516,MANHATTAN,979631,199958,ONLINE,Unspecified,MANHATTAN,,,,,,,,40.71551405186988,-74.01666207932949,"(40.71551405186988, -74.01666207932949)"
41662739,02/09/2019 12:55:00 PM,02/19/2019 12:00:00 PM,DSNY,Department of Sanitation,Dirty Conditions,E8 Canine Violation,Sidewalk,11691,22-51 NEW HAVEN AVENUE,NEW HAVEN AVENUE,BEACH 22 STREET,GRASSMERE TERRACE,,,ADDRESS,Far Rockaway,,N/A,Closed,,The Department of Sanitation investigated this complaint and found no violation at the location.,02/19/2019 12:00:00 PM,14 QUEENS,4157620050,QUEENS,1051805,158384,ONLINE,Unspecified,QUEENS,,,,,,,,40.60114630351127,-73.75672654059552,"(40.60114630351127, -73.75672654059552)"
41661752,02/09/2019 10:15:00 AM,02/13/2019 12:00:00 PM,DSNY,Department of Sanitation,Dirty Conditions,E8 Canine Violation,Sidewalk,11378,64-69 59 AVENUE,59 AVENUE,BEND,66 STREET,,,ADDRESS,Maspeth,,N/A,Closed,,The Department of Sanitation investigated this complaint and found no violation at the location.,02/13/2019 12:00:00 PM,05 QUEENS,4027530287,QUEENS,1012292,201735,ONLINE,Unspecified,QUEENS,,,,,,,,40.720348251763056,-73.89883697329999,"(40.720348251763056, -73.89883697329999)"
41663399,02/09/2019 07:11:00 AM,02/09/2019 12:00:00 PM,DSNY,Department of Sanitation,Dirty Conditions,E8 Canine Violation,Sidewalk,10467,3280 ROCHAMBEAU AVENUE,ROCHAMBEAU AVENUE,VAN CORTLANDT AVENUE EAST,EAST 208 STREET,,,ADDRESS,BRONX,,N/A,Closed,,The Department of Sanitation investigated this complaint and found no violation at the location.,02/09/2019 12:00:00 PM,07 BRONX,2033360011,BRONX,1017238,258962,PHONE,Unspecified,BRONX,,,,,,,,40.877403513899566,-73.8807128958957,"(40.877403513899566, -73.8807128958957)"
41659717,02/08/2019 07:13:00 PM,02/13/2019 12:00:00 PM,DSNY,Department of Sanitation,Dirty Conditions,E8 Canine Violation,Sidewalk,11423,90-19 197 STREET,197 STREET,90 AVENUE,91 AVENUE,,,ADDRESS,Hollis,,N/A,Closed,,The Department of Sanitation investigated this complaint and found no violation at the location.,02/13/2019 12:00:00 PM,12 QUEENS,,QUEENS,1049955,199882,ONLINE,Unspecified,QUEENS,,,,,,,,40.71506267252615,-73.76298423088132,"(40.71506267252615, -73.76298423088132)"
41663090,02/08/2019 07:03:00 PM,02/09/2019 12:00:00 PM,DSNY,Department of Sanitation,Dirty Conditions,E8 Canine Violation,Sidewalk,10456,761 JACKSON AVENUE,JACKSON AVENUE,EAST 156 STREET,EAST 158 STREET,,,ADDRESS,BRONX,,N/A,Closed,,"The Department of Sanitation has investigated the complaint and addressed the issue. If the problem persists, call 311 to enter a new complaint. If you are outside of New York City, please call (212) NEW-YORK (212-639-9675).",02/09/2019 12:00:00 PM,01 BRONX,2026360033,BRONX,1010047,237620,PHONE,Unspecified,BRONX,,,,,,,,40.81885000310363,-73.9067981856044,"(40.81885000310363, -73.9067981856044)"
41659709,02/08/2019 06:09:00 PM,02/09/2019 12:00:00 PM,DSNY,Department of Sanitation,Dirty Conditions,E8 Canine Violation,Sidewalk,10458,,,,,SOUTHERN BOULEVARD,EAST FORDHAM ROAD,INTERSECTION,BRONX,,N/A,Closed,,The Department of Sanitation investigated this complaint and found no violation at the location.,02/09/2019 12:00:00 PM,06 BRONX,,BRONX,1017226,251575,PHONE,Unspecified,BRONX,,,,,,,,40.85712851005098,-73.88079263989022,"(40.85712851005098, -73.88079263989022)"
41661695,02/08/2019 03:32:00 PM,02/09/2019 12:00:00 PM,DSNY,Department of Sanitation,Dirty Conditions,E8 Canine Violation,Sidewalk,11219,1363 64 STREET,64 STREET,13 AVENUE,14 AVENUE,,,ADDRESS,BROOKLYN,,N/A,Closed,,The Department of Sanitation investigated this complaint and found no violation at the location.,02/09/2019 12:00:00 PM,10 BROOKLYN,3057400054,BROOKLYN,984366,167273,PHONE,Unspecified,BROOKLYN,,,,,,,,40.62580225258356,-73.9995821166473,"(40.62580225258356, -73.9995821166473)"
41657141,02/08/2019 10:46:00 AM,02/08/2019 12:00:00 PM,DSNY,Department of Sanitation,Dirty Conditions,E8 Canine Violation,Sidewalk,11234,1207 EAST   56 STREET,EAST   56 STREET,AVENUE J,AVENUE K,,,ADDRESS,BROOKLYN,,N/A,Closed,,The Department of Sanitation investigated this complaint and found no violation at the location.,02/08/2019 12:00:00 PM,18 BROOKLYN,,BROOKLYN,1005944,167500,PHONE,Unspecified,BROOKLYN,,,,,,,,40.62639875818173,-73.92184789931413,"(40.62639875818173, -73.92184789931413)"
41653003,02/08/2019 10:46:00 AM,02/13/2019 12:00:00 PM,DSNY,Department of Sanitation,Dirty Conditions,E8 Canine Violation,Sidewalk,10033,200 HAVEN AVENUE,HAVEN AVENUE,WEST 173 STREET,PEDESTRIAN OVERPASS,,,ADDRESS,NEW YORK,,N/A,Closed,,The Department of Sanitation investigated this complaint and found no violation at the location.,02/13/2019 12:00:00 PM,12 MANHATTAN,1021390277,MANHATTAN,1000199,247874,ONLINE,Unspecified,MANHATTAN,,,,,,,,40.847017545004704,-73.94235356783163,"(40.847017545004704, -73.94235356783163)"
41655131,02/08/2019 10:45:00 AM,02/09/2019 12:00:00 PM,DSNY,Department of Sanitation,Dirty Conditions,E8 Canine Violation,Sidewalk,10460,1500 LONGFELLOW AVENUE,LONGFELLOW AVENUE,JENNINGS STREET,EAST 172 STREET,,,ADDRESS,BRONX,,N/A,Closed,,The Department of Sanitation investigated this complaint and found no violation at the location.,02/09/2019 12:00:00 PM,03 BRONX,2030080017,BRONX,1015645,242532,PHONE,Unspecified,BRONX,,,,,,,,40.83231391270322,-73.88655024417346,"(40.83231391270322, -73.88655024417346)"
41653531,02/07/2019 11:23:00 PM,02/08/2019 12:00:00 PM,DSNY,Department of Sanitation,Dirty Conditions,E8 Canine Violation,Sidewalk,10474,838 MANIDA STREET,MANIDA STREET,LAFAYETTE AVENUE,GARRISON AVENUE,,,ADDRESS,BRONX,,N/A,Closed,,The Department of Sanitation investigated this complaint and found no violation at the location.,02/08/2019 12:00:00 PM,02 BRONX,2027400057,BRONX,1014805,237132,ONLINE,Unspecified,BRONX,,,,,,,,40.81749540503336,-73.88961027681253,"(40.81749540503336, -73.88961027681253)"
41652997,02/07/2019 05:03:00 PM,02/07/2019 05:03:00 PM,DSNY,Department of Sanitation,Dirty Conditions,E8 Canine Violation,Sidewalk,11369,31-01 90 STREET,90 STREET,31 AVENUE,32 AVENUE,,,ADDRESS,East Elmhurst,,N/A,Closed,,The Department of Sanitation investigated this complaint and found no violation at the location.,02/07/2019 05:03:00 PM,03 QUEENS,4014020001,QUEENS,1017889,216175,PHONE,Unspecified,QUEENS,,,,,,,,40.75996291280347,-73.87857330674447,"(40.75996291280347, -73.87857330674447)"
41658038,02/07/2019 04:29:00 PM,02/08/2019 12:00:00 PM,DSNY,Department of Sanitation,Dirty Conditions,E8 Canine Violation,Sidewalk,10458,,,,,EAST 196 STREET,BAINBRIDGE AVENUE,INTERSECTION,BRONX,,N/A,Closed,,The Department of Sanitation investigated this complaint and found no violation at the location.,02/08/2019 12:00:00 PM,07 BRONX,,BRONX,1014575,255027,PHONE,Unspecified,BRONX,,,,,,,,40.866612705348224,-73.89036030471397,"(40.866612705348224, -73.89036030471397)"
41655132,02/07/2019 04:24:00 PM,02/09/2019 12:00:00 PM,DSNY,Department of Sanitation,Dirty Conditions,E8 Canine Violation,Sidewalk,10075,501 EAST   79 STREET,EAST   79 STREET,YORK AVENUE,EAST END AVENUE,,,ADDRESS,NEW YORK,,N/A,Closed,,The Department of Sanitation investigated this complaint and found no violation at the location.,02/09/2019 12:00:00 PM,08 MANHATTAN,1015760001,MANHATTAN,998079,220267,PHONE,Unspecified,MANHATTAN,,,,,,,,40.771247571589456,-73.95007301537161,"(40.771247571589456, -73.95007301537161)"
41652998,02/07/2019 04:21:00 PM,02/09/2019 12:00:00 PM,DSNY,Department of Sanitation,Dirty Conditions,E8 Canine Violation,Sidewalk,10075,,,,,FDR DRIVE,EAST 79 STREET,INTERSECTION,NEW YORK,,N/A,Closed,,The Department of Sanitation investigated this complaint and found no violation at the location.,02/09/2019 12:00:00 PM,08 MANHATTAN,,MANHATTAN,998711,219904,PHONE,Unspecified,MANHATTAN,,,,,,,,40.77025022010101,-73.947792080714,"(40.77025022010101, -73.947792080714)"
41654493,02/07/2019 03:27:00 PM,02/11/2019 12:00:00 PM,DSNY,Department of Sanitation,Dirty Conditions,E8 Canine Violation,Sidewalk,10304,35 GORDON STREET,GORDON STREET,GROVE STREET,FREAN STREET,,,ADDRESS,STATEN ISLAND,,N/A,Closed,,The Department of Sanitation investigated this complaint and found no violation at the location.,02/11/2019 12:00:00 PM,01 STATEN ISLAND,5005380012,STATEN ISLAND,961416,167485,PHONE,Unspecified,STATEN ISLAND,,,,,,,,40.62635472132938,-74.0822588695101,"(40.62635472132938, -74.0822588695101)"
41654237,02/07/2019 02:15:00 PM,02/08/2019 12:00:00 PM,DSNY,Department of Sanitation,Dirty Conditions,E8 Canine Violation,Sidewalk,10454,721 EAST  133 STREET,EAST  133 STREET,CYPRESS AVENUE,WILLOW AVENUE,,,ADDRESS,BRONX,,N/A,Closed,,The Department of Sanitation investigated this complaint and found no violation at the location.,02/08/2019 12:00:00 PM,01 BRONX,2025620075,BRONX,1007769,231325,PHONE,Unspecified,BRONX,,,,,,,,40.80157834224376,-73.91505040739726,"(40.80157834224376, -73.91505040739726)"
41632954,02/07/2019 01:32:00 PM,02/07/2019 01:32:00 PM,DSNY,Department of Sanitation,Dirty Conditions,E8 Canine Violation,Sidewalk,11420,,,,,SUTTER AVENUE,120 STREET,INTERSECTION,South Ozone Park,,N/A,Closed,,The Department of Sanitation investigated this complaint and found no violation at the location.,02/07/2019 01:32:00 PM,10 QUEENS,,QUEENS,1034513,184886,PHONE,Unspecified,QUEENS,,,,,,,,40.67400342283191,-73.81879943096156,"(40.67400342283191, -73.81879943096156)"
41639981,02/07/2019 01:08:00 PM,02/08/2019 12:00:00 PM,DSNY,Department of Sanitation,Dirty Conditions,E8 Canine Violation,Sidewalk,10467,,,,,EAST 207 STREET,PERRY AVENUE,INTERSECTION,BRONX,,N/A,Closed,,The Department of Sanitation investigated this complaint and found no violation at the location.,02/08/2019 12:00:00 PM,07 BRONX,,BRONX,1018407,258270,PHONE,Unspecified,BRONX,,,,,,,,40.875499742763246,-73.87648923718476,"(40.875499742763246, -73.87648923718476)"
41641642,02/07/2019 01:03:00 PM,02/08/2019 12:00:00 PM,DSNY,Department of Sanitation,Dirty Conditions,E8 Canine Violation,Sidewalk,10467,,,,,EAST 206 STREET,BAINBRIDGE AVENUE,INTERSECTION,BRONX,,N/A,Closed,,The Department of Sanitation investigated this complaint and found no violation at the location.,02/08/2019 12:00:00 PM,07 BRONX,,BRONX,1017587,258078,PHONE,Unspecified,BRONX,,,,,,,,40.874975897720226,-73.87945528600535,"(40.874975897720226, -73.87945528600535)"
41632748,02/07/2019 12:54:00 PM,02/07/2019 12:54:00 PM,DSNY,Department of Sanitation,Dirty Conditions,E8 Canine Violation,Sidewalk,11222,300 ECKFORD STREET,ECKFORD STREET,CALYER STREET,GREENPOINT AVENUE,,,ADDRESS,BROOKLYN,,N/A,Closed,,The Department of Sanitation investigated this complaint and found no violation at the location.,02/07/2019 12:54:00 PM,01 BROOKLYN,3025760038,BROOKLYN,997564,205026,ONLINE,Unspecified,BROOKLYN,,,,,,,,40.729415672077366,-73.95196249997623,"(40.729415672077366, -73.95196249997623)"
41635561,02/07/2019 11:22:00 AM,02/07/2019 12:00:00 PM,DSNY,Department of Sanitation,Dirty Conditions,E8 Canine Violation,Sidewalk,11435,135-42 COOLIDGE AVENUE,COOLIDGE AVENUE,135 STREET,138 STREET,,,ADDRESS,Jamaica,,N/A,Closed,,The Department of Sanitation investigated this complaint and found no violation at the location.,02/07/2019 12:00:00 PM,08 QUEENS,4096690016,QUEENS,1033340,199899,ONLINE,Unspecified,QUEENS,,,,,,,,40.71521712526188,-73.82291873075496,"(40.71521712526188, -73.82291873075496)"
41637622,02/07/2019 10:44:00 AM,02/07/2019 12:00:00 PM,DSNY,Department of Sanitation,Dirty Conditions,E8 Canine Violation,Sidewalk,10029,,,,,2 AVENUE,EAST 101 STREET,INTERSECTION,NEW YORK,,N/A,Closed,,The Department of Sanitation investigated this complaint and found no violation at the location.,02/07/2019 12:00:00 PM,11 MANHATTAN,,MANHATTAN,999544,226168,PHONE,Unspecified,MANHATTAN,,,,,,,,40.78744184083239,-73.94477047942706,"(40.78744184083239, -73.94477047942706)"
41636647,02/07/2019 10:33:00 AM,02/08/2019 12:00:00 PM,DSNY,Department of Sanitation,Dirty Conditions,E8 Canine Violation,Sidewalk,11224,,,,,WEST 28 STREET,MERMAID AVENUE,INTERSECTION,BROOKLYN,,N/A,Closed,,The Department of Sanitation investigated this complaint and found no violation at the location.,02/08/2019 12:00:00 PM,13 BROOKLYN,,BROOKLYN,985829,148974,PHONE,Unspecified,BROOKLYN,,,,,,,,40.57557507054055,-73.99431602045749,"(40.57557507054055, -73.99431602045749)"
41632742,02/07/2019 09:46:00 AM,02/07/2019 12:00:00 PM,DSNY,Department of Sanitation,Dirty Conditions,E8 Canine Violation,Sidewalk,10002,645 WATER STREET,WATER STREET,GOUVERNEUR SLIP EAST,JACKSON STREET,,,ADDRESS,NEW YORK,,N/A,Closed,,The Department of Sanitation investigated this complaint and found no violation at the location.,02/07/2019 12:00:00 PM,03 MANHATTAN,1002430056,MANHATTAN,989060,198453,ONLINE,Unspecified,MANHATTAN,,,,,,,,40.711383084087565,-73.98265000330903,"(40.711383084087565, -73.98265000330903)"
41639972,02/07/2019 09:37:00 AM,02/07/2019 12:00:00 PM,DSNY,Department of Sanitation,Dirty Conditions,E8 Canine Violation,Sidewalk,11209,653 74 STREET,74 STREET,STEWART AVENUE,7 AVENUE,,,ADDRESS,BROOKLYN,,N/A,Closed,,The Department of Sanitation investigated this complaint and found no violation at the location.,02/07/2019 12:00:00 PM,10 BROOKLYN,3059210062,BROOKLYN,979096,168082,PHONE,Unspecified,BROOKLYN,,,,,,,,40.62802128902126,-74.01856760712342,"(40.62802128902126, -74.01856760712342)"
41641870,02/07/2019 09:37:00 AM,02/07/2019 12:00:00 PM,DSNY,Department of Sanitation,Dirty Conditions,E8 Canine Violation,Sidewalk,10002,35 MONTGOMERY STREET,MONTGOMERY STREET,MADISON STREET,MONROE STREET,,,ADDRESS,NEW YORK,,N/A,Closed,,The Department of Sanitation investigated this complaint and found no condition at the location.,02/07/2019 12:00:00 PM,03 MANHATTAN,1002590071,MANHATTAN,988396,199061,ONLINE,Unspecified,MANHATTAN,,,,,,,,40.7130522354004,-73.98504472193449,"(40.7130522354004, -73.98504472193449)"
41641205,02/07/2019 09:06:00 AM,02/07/2019 12:00:00 PM,DSNY,Department of Sanitation,Dirty Conditions,E8 Canine Violation,Sidewalk,10002,75 MONTGOMERY STREET,MONTGOMERY STREET,CHERRY STREET,WATER STREET,,,ADDRESS,NEW YORK,,N/A,Closed,,The Department of Sanitation investigated this complaint and found no violation at the location.,02/07/2019 12:00:00 PM,03 MANHATTAN,1002590001,MANHATTAN,988459,198508,ONLINE,Unspecified,MANHATTAN,,,,,,,,40.71153435232572,-73.98481781669754,"(40.71153435232572, -73.98481781669754)"
41637599,02/07/2019 08:30:00 AM,02/08/2019 12:00:00 PM,DSNY,Department of Sanitation,Dirty Conditions,E8 Canine Violation,Sidewalk,10461,,,,,HARRINGTON AVENUE,GILLESPIE AVENUE,INTERSECTION,BRONX,,N/A,Closed,,The Department of Sanitation investigated this complaint and found no violation at the location.,02/08/2019 12:00:00 PM,10 BRONX,,BRONX,1031081,245712,PHONE,Unspecified,BRONX,,,,,,,,40.84097371512743,-73.8307482420793,"(40.84097371512743, -73.8307482420793)"
41634623,02/07/2019 07:52:00 AM,02/09/2019 12:00:00 PM,DSNY,Department of Sanitation,Dirty Conditions,E8 Canine Violation,Sidewalk,10461,,,,,EAST 196 STREET,BURR AVENUE,INTERSECTION,BRONX,,N/A,Closed,,The Department of Sanitation investigated this complaint and found no violation at the location.,02/09/2019 12:00:00 PM,10 BRONX,,BRONX,1031828,250723,PHONE,Unspecified,BRONX,,,,,,,,40.85472341301056,-73.82801296148664,"(40.85472341301056, -73.82801296148664)"
41641874,02/07/2019 07:35:00 AM,02/07/2019 12:00:00 PM,DSNY,Department of Sanitation,Dirty Conditions,E8 Canine Violation,Sidewalk,11207,165 JEROME STREET,JEROME STREET,FULTON STREET,ATLANTIC AVENUE,,,ADDRESS,BROOKLYN,,N/A,Closed,,The Department of Sanitation investigated this complaint and found no violation at the location.,02/07/2019 12:00:00 PM,05 BROOKLYN,3039510008,BROOKLYN,1015329,186337,PHONE,Unspecified,BROOKLYN,,,,,,,,40.678074223027515,-73.88795189786431,"(40.678074223027515, -73.88795189786431)"
41636407,02/07/2019 07:12:00 AM,02/07/2019 12:00:00 PM,DSNY,Department of Sanitation,Dirty Conditions,E8 Canine Violation,Sidewalk,10019,322 WEST   57 STREET,WEST   57 STREET,8 AVENUE,9 AVENUE,,,ADDRESS,NEW YORK,,N/A,Closed,,The Department of Sanitation investigated this complaint and found no violation at the location.,02/07/2019 12:00:00 PM,04 MANHATTAN,1010477503,MANHATTAN,988750,218744,ONLINE,Unspecified,MANHATTAN,,,,,,,,40.76707700429356,-73.98375462066865,"(40.76707700429356, -73.98375462066865)"
41641564,02/07/2019 01:42:00 AM,02/07/2019 12:00:00 PM,DSNY,Department of Sanitation,Dirty Conditions,E8 Canine Violation,Sidewalk,11238,126 CLIFTON PLACE,CLIFTON PLACE,CLASSON AVENUE,FRANKLIN AVENUE,,,ADDRESS,BROOKLYN,,N/A,Closed,,The Department of Sanitation investigated this complaint and found no violation at the location.,02/07/2019 12:00:00 PM,03 BROOKLYN,3019530079,BROOKLYN,995560,190014,PHONE,Unspecified,BROOKLYN,,,,,,,,40.688214081802755,-73.95921823591593,"(40.688214081802755, -73.95921823591593)"
41639360,02/06/2019 05:13:00 PM,02/07/2019 12:00:00 PM,DSNY,Department of Sanitation,Dirty Conditions,E8 Canine Violation,Sidewalk,11208,407 PINE STREET,PINE STREET,GLENMORE AVENUE,PITKIN AVENUE,,,ADDRESS,BROOKLYN,,N/A,Closed,,The Department of Sanitation investigated this complaint and found no violation at the location.,02/07/2019 12:00:00 PM,05 BROOKLYN,3042150001,BROOKLYN,1020018,185518,PHONE,Unspecified,BROOKLYN,,,,,,,,40.675808550788766,-73.8710511689431,"(40.675808550788766, -73.8710511689431)"
41639227,02/06/2019 03:58:00 PM,02/07/2019 12:00:00 PM,DSNY,Department of Sanitation,Dirty Conditions,E8 Canine Violation,Sidewalk,11231,171 DIKEMAN STREET,DIKEMAN STREET,CONOVER STREET,FERRIS STREET,,,ADDRESS,BROOKLYN,,N/A,Closed,,The Department of Sanitation investigated this complaint and found no violation at the location.,02/07/2019 12:00:00 PM,06 BROOKLYN,3005850018,BROOKLYN,979920,186358,MOBILE,Unspecified,BROOKLYN,,,,,,,,40.678185362186746,-74.01561082921107,"(40.678185362186746, -74.01561082921107)"
41635414,02/06/2019 02:05:00 PM,02/07/2019 12:00:00 PM,DSNY,Department of Sanitation,Dirty Conditions,E8 Canine Violation,Sidewalk,11378,64-69 59 AVENUE,59 AVENUE,BEND,66 STREET,,,ADDRESS,Maspeth,,N/A,Closed,,The Department of Sanitation investigated this complaint and found no violation at the location.,02/07/2019 12:00:00 PM,05 QUEENS,4027530287,QUEENS,1012292,201735,ONLINE,Unspecified,QUEENS,,,,,,,,40.720348251763056,-73.89883697329999,"(40.720348251763056, -73.89883697329999)"
41641620,02/06/2019 01:51:00 PM,02/07/2019 12:00:00 PM,DSNY,Department of Sanitation,Dirty Conditions,E8 Canine Violation,Sidewalk,11231,161 DIKEMAN STREET,DIKEMAN STREET,CONOVER STREET,FERRIS STREET,,,ADDRESS,BROOKLYN,,N/A,Closed,,The Department of Sanitation investigated this complaint and found no violation at the location.,02/07/2019 12:00:00 PM,06 BROOKLYN,3005850022,BROOKLYN,979989,186296,PHONE,Unspecified,BROOKLYN,,,,,,,,40.67801521969369,-74.01536202622493,"(40.67801521969369, -74.01536202622493)"
41627756,02/06/2019 01:34:00 PM,02/07/2019 12:00:00 PM,DSNY,Department of Sanitation,Dirty Conditions,E8 Canine Violation,Sidewalk,11249,,,,,KENT AVENUE,SOUTH 9 STREET,INTERSECTION,BROOKLYN,,N/A,Closed,,The Department of Sanitation investigated this complaint and found no violation at the location.,02/07/2019 12:00:00 PM,01 BROOKLYN,,BROOKLYN,992989,197656,PHONE,Unspecified,BROOKLYN,,,,,,,,40.70919250004041,-73.96847886888783,"(40.70919250004041, -73.96847886888783)"
41628764,02/06/2019 01:12:00 PM,02/08/2019 12:00:00 PM,DSNY,Department of Sanitation,Dirty Conditions,E8 Canine Violation,Sidewalk,10466,,,,,EAST 227 STREET,CARPENTER AVENUE,INTERSECTION,BRONX,,N/A,Closed,,The Department of Sanitation investigated this complaint and found no violation at the location.,02/08/2019 12:00:00 PM,12 BRONX,,BRONX,1022252,263608,PHONE,Unspecified,BRONX,,,,,,,,40.890135151767964,-73.86255555981998,"(40.890135151767964, -73.86255555981998)"
41631856,02/06/2019 01:11:00 PM,02/13/2019 12:00:00 PM,DSNY,Department of Sanitation,Dirty Conditions,E8 Canine Violation,Sidewalk,11358,,,,,196 STREET,NORTHERN BOULEVARD,INTERSECTION,Flushing,,N/A,Closed,,The Department of Sanitation investigated this complaint and found no violation at the location.,02/13/2019 12:00:00 PM,11 QUEENS,,QUEENS,1043630,215495,PHONE,Unspecified,QUEENS,,,,,,,,40.75796108290694,-73.78566231942435,"(40.75796108290694, -73.78566231942435)"
41624064,02/06/2019 12:47:00 PM,02/08/2019 12:00:00 PM,DSNY,Department of Sanitation,Dirty Conditions,E8 Canine Violation,Sidewalk,11235,,,,,CORBIN PLACE,BRIGHTON 13 STREET,INTERSECTION,BROOKLYN,,N/A,Closed,,The Department of Sanitation investigated this complaint and found no violation at the location.,02/08/2019 12:00:00 PM,13 BROOKLYN,,BROOKLYN,996830,150816,PHONE,Unspecified,BROOKLYN,,,,,,,,40.58062221242827,-73.95471192568446,"(40.58062221242827, -73.95471192568446)"
41630357,02/06/2019 09:22:00 AM,02/09/2019 12:00:00 PM,DSNY,Department of Sanitation,Dirty Conditions,E8 Canine Violation,Sidewalk,10468,2704 UNIVERSITY AVENUE,UNIVERSITY AVENUE,WEST KINGSBRIDGE ROAD,EAMES PLACE,,,ADDRESS,BRONX,,N/A,Closed,,The Department of Sanitation investigated this complaint and found no violation at the location.,02/09/2019 12:00:00 PM,08 BRONX,2032480014,BRONX,1011770,255889,PHONE,Unspecified,BRONX,,,,,,,,40.868987821846034,-73.90049820129936,"(40.868987821846034, -73.90049820129936)"
41630355,02/06/2019 07:15:00 AM,02/08/2019 12:00:00 PM,DSNY,Department of Sanitation,Dirty Conditions,E8 Canine Violation,Sidewalk,10462,,,,,BENEDICT AVENUE,OLMSTEAD AVENUE,INTERSECTION,BRONX,,N/A,Closed,,The Department of Sanitation investigated this complaint and found no violation at the location.,02/08/2019 12:00:00 PM,09 BRONX,,BRONX,1024422,243394,PHONE,Unspecified,BRONX,,,,,,,,40.83464428976651,-73.8548283472914,"(40.83464428976651, -73.8548283472914)"
41627746,02/05/2019 05:37:00 PM,02/09/2019 12:00:00 PM,DSNY,Department of Sanitation,Dirty Conditions,E8 Canine Violation,Sidewalk,10037,,,,,WEST 135 STREET,LENOX AVENUE,INTERSECTION,NEW YORK,,N/A,Closed,,The Department of Sanitation investigated this complaint and found no violation at the location.,02/09/2019 12:00:00 PM,10 MANHATTAN,,MANHATTAN,1000622,235883,PHONE,Unspecified,MANHATTAN,,,,,,,,40.81410492226009,-73.94085393110794,"(40.81410492226009, -73.94085393110794)"
41629818,02/05/2019 04:39:00 PM,02/07/2019 12:00:00 PM,DSNY,Department of Sanitation,Dirty Conditions,E8 Canine Violation,Sidewalk,11428,220-02 DAVENPORT AVENUE,DAVENPORT AVENUE,220 STREET,221 STREET,,,ADDRESS,Queens Village,,N/A,Closed,,The Department of Sanitation investigated this complaint and found no violation at the location.,02/07/2019 12:00:00 PM,13 QUEENS,4107060001,QUEENS,1057083,203220,ONLINE,Unspecified,QUEENS,,,,,,,,40.72416882943874,-73.7372356274718,"(40.72416882943874, -73.7372356274718)"
41628731,02/05/2019 02:59:00 PM,02/07/2019 12:00:00 PM,DSNY,Department of Sanitation,Dirty Conditions,E8 Canine Violation,Sidewalk,10023,75 WEST END AVENUE,WEST END AVENUE,WEST 63 STREET,,,,ADDRESS,NEW YORK,,N/A,Closed,,The Department of Sanitation investigated this complaint and found no violation at the location.,02/07/2019 12:00:00 PM,07 MANHATTAN,1011710063,MANHATTAN,987231,221346,PHONE,Unspecified,MANHATTAN,,,,,,,,40.77421945878715,-73.9892371845004,"(40.77421945878715, -73.9892371845004)"
41625970,02/05/2019 01:55:00 PM,02/06/2019 12:00:00 PM,DSNY,Department of Sanitation,Dirty Conditions,E8 Canine Violation,Sidewalk,10011,,,,,WEST 24 STREET,8 AVENUE,INTERSECTION,NEW YORK,,N/A,Closed,,The Department of Sanitation investigated this complaint and found no violation at the location.,02/06/2019 12:00:00 PM,04 MANHATTAN,,MANHATTAN,984802,211047,PHONE,Unspecified,MANHATTAN,,,,,,,,40.74595182948891,-73.99800786537352,"(40.74595182948891, -73.99800786537352)"
41624729,02/05/2019 01:07:00 PM,02/09/2019 12:00:00 PM,DSNY,Department of Sanitation,Dirty Conditions,E8 Canine Violation,Sidewalk,10454,429 EAST  139 STREET,EAST  139 STREET,WILLIS AVENUE,BROOK AVENUE,,,ADDRESS,BRONX,,N/A,Closed,,The Department of Sanitation investigated this complaint and found no violation at the location.,02/09/2019 12:00:00 PM,01 BRONX,2022840107,BRONX,1006064,234130,ONLINE,Unspecified,BRONX,,,,,,,,40.80928166534527,-73.92119967480483,"(40.80928166534527, -73.92119967480483)"
41622833,02/05/2019 12:26:00 PM,02/06/2019 12:00:00 PM,DSNY,Department of Sanitation,Dirty Conditions,E8 Canine Violation,Sidewalk,11237,245 TROUTMAN STREET,TROUTMAN STREET,WILSON AVENUE,KNICKERBOCKER AVENUE,,,ADDRESS,BROOKLYN,,N/A,Closed,,The Department of Sanitation investigated this complaint and found no violation at the location.,02/06/2019 12:00:00 PM,04 BROOKLYN,3031740038,BROOKLYN,1004570,195285,ONLINE,Unspecified,BROOKLYN,,,,,,,,40.70266564893113,-73.9267139563012,"(40.70266564893113, -73.9267139563012)"
41653683,02/05/2019 11:05:00 AM,02/08/2019 12:00:00 PM,DSNY,Department of Sanitation,Dirty Conditions,E8 Canine Violation,Sidewalk,11435,146-01 TUSKEGEE AIRMAN WAY,TUSKEGEE AIRMAN WAY,,,,,ADDRESS,Jamaica,,N/A,Closed,,The Department of Sanitation investigated this complaint and found no violation at the location.,02/08/2019 12:00:00 PM,12 QUEENS,4100540028,QUEENS,1038619,191934,ONLINE,Unspecified,QUEENS,,,,,,,,40.69332426215157,-73.8039402792105,"(40.69332426215157, -73.8039402792105)"
41631860,02/05/2019 10:05:00 AM,02/07/2019 12:00:00 PM,DSNY,Department of Sanitation,Dirty Conditions,E8 Canine Violation,Sidewalk,10037,,,,,WEST 143 STREET,LENOX AVENUE,INTERSECTION,NEW YORK,,N/A,Closed,,The Department of Sanitation investigated this complaint and found no violation at the location.,02/07/2019 12:00:00 PM,10 MANHATTAN,,MANHATTAN,1001638,237719,PHONE,Unspecified,MANHATTAN,,,,,,,,40.81914228480707,-73.93717873785177,"(40.81914228480707, -73.93717873785177)"
41631490,02/05/2019 09:17:00 AM,02/06/2019 12:00:00 PM,DSNY,Department of Sanitation,Dirty Conditions,E8 Canine Violation,Sidewalk,11207,998 BARBEY STREET,BARBEY STREET,WORTMAN AVENUE,COZINE AVENUE,,,ADDRESS,BROOKLYN,,N/A,Closed,,The Department of Sanitation investigated this complaint and found no violation at the location.,02/06/2019 12:00:00 PM,05 BROOKLYN,3043990012,BROOKLYN,1017369,179080,ONLINE,Unspecified,BROOKLYN,,,,,,,,40.658147996624514,-73.88063281382873,"(40.658147996624514, -73.88063281382873)"
41621015,02/05/2019 08:19:00 AM,02/06/2019 12:00:00 PM,DSNY,Department of Sanitation,Dirty Conditions,E8 Canine Violation,Sidewalk,11226,330 EAST   32 STREET,EAST   32 STREET,CLARENDON ROAD,AVENUE D,,,ADDRESS,BROOKLYN,,N/A,Closed,,The Department of Sanitation investigated this complaint and found no violation at the location.,02/06/2019 12:00:00 PM,17 BROOKLYN,3049480018,BROOKLYN,999020,173370,ONLINE,Unspecified,BROOKLYN,,,,,,,,40.64252490833231,-73.94677858321539,"(40.64252490833231, -73.94677858321539)"
41613601,02/05/2019 07:46:00 AM,02/07/2019 12:00:00 PM,DSNY,Department of Sanitation,Dirty Conditions,E8 Canine Violation,Sidewalk,11413,,,,,SPRINGFIELD BOULEVARD,LUCAS STREET,INTERSECTION,Springfield Gardens,,N/A,Closed,,The Department of Sanitation investigated this complaint and found no violation at the location.,02/07/2019 12:00:00 PM,12 QUEENS,,QUEENS,1053088,187992,PHONE,Unspecified,QUEENS,,,,,,,,40.68240370472689,-73.75180423304553,"(40.68240370472689, -73.75180423304553)"
41622223,02/04/2019 07:11:00 PM,02/06/2019 12:00:00 PM,DSNY,Department of Sanitation,Dirty Conditions,E8 Canine Violation,Sidewalk,11219,1363 64 STREET,64 STREET,13 AVENUE,14 AVENUE,,,ADDRESS,BROOKLYN,,N/A,Closed,,The Department of Sanitation investigated this complaint and found no violation at the location.,02/06/2019 12:00:00 PM,10 BROOKLYN,3057400054,BROOKLYN,984366,167273,ONLINE,Unspecified,BROOKLYN,,,,,,,,40.62580225258356,-73.9995821166473,"(40.62580225258356, -73.9995821166473)"
41620793,02/04/2019 06:51:00 PM,02/06/2019 12:00:00 PM,DSNY,Department of Sanitation,Dirty Conditions,E8 Canine Violation,Sidewalk,,,,,,LINCOLN AVENUE,LIBERTY AVENUE,INTERSECTION,,,N/A,Closed,,The Department of Sanitation investigated this complaint and found no violation at the location.,02/06/2019 12:00:00 PM,05 BROOKLYN,,BROOKLYN,,,PHONE,Unspecified,BROOKLYN,,,,,,,,,,
41616151,02/04/2019 04:49:00 PM,02/05/2019 12:00:00 PM,DSNY,Department of Sanitation,Dirty Conditions,E8 Canine Violation,Sidewalk,10030,137 WEST  141 STREET,WEST  141 STREET,LENOX AVENUE,7 AVENUE,,,ADDRESS,NEW YORK,,N/A,Closed,,The Department of Sanitation investigated this complaint and found no violation at the location.,02/05/2019 12:00:00 PM,10 MANHATTAN,1020100006,MANHATTAN,1001151,237400,ONLINE,Unspecified,MANHATTAN,,,,,,,,40.81826766495756,-73.9389390273493,"(40.81826766495756, -73.9389390273493)"
41619847,02/04/2019 04:48:00 PM,02/05/2019 12:00:00 PM,DSNY,Department of Sanitation,Dirty Conditions,E8 Canine Violation,Sidewalk,11417,133-12 86 STREET,86 STREET,133 AVENUE,135 AVENUE,,,ADDRESS,Ozone Park,,N/A,Closed,,The Department of Sanitation investigated this complaint and found no violation at the location.,02/05/2019 12:00:00 PM,10 QUEENS,4113650010,QUEENS,1025774,184851,ONLINE,Unspecified,QUEENS,,,,,,,,40.67395266023287,-73.85030410046755,"(40.67395266023287, -73.85030410046755)"
41613571,02/04/2019 02:32:00 PM,02/06/2019 12:00:00 PM,DSNY,Department of Sanitation,Dirty Conditions,E8 Canine Violation,Sidewalk,11226,1800 ALBEMARLE ROAD,ALBEMARLE ROAD,EAST 18 STREET,EAST 19 STREET,,,ADDRESS,BROOKLYN,,N/A,Closed,,The Department of Sanitation investigated this complaint and found no violation at the location.,02/06/2019 12:00:00 PM,14 BROOKLYN,3051220001,BROOKLYN,994665,175004,ONLINE,Unspecified,BROOKLYN,,,,,,,,40.647016077701586,-73.96246862897249,"(40.647016077701586, -73.96246862897249)"
41619734,02/04/2019 02:30:00 PM,02/06/2019 12:00:00 PM,DSNY,Department of Sanitation,Dirty Conditions,E8 Canine Violation,Sidewalk,11226,1900 ALBEMARLE ROAD,ALBEMARLE ROAD,EAST 19 STREET,OCEAN AVENUE,,,ADDRESS,BROOKLYN,,N/A,Closed,,The Department of Sanitation investigated this complaint and found no violation at the location.,02/06/2019 12:00:00 PM,14 BROOKLYN,3051230001,BROOKLYN,994936,175044,ONLINE,Unspecified,BROOKLYN,,,,,,,,40.64712554619708,-73.96149199333054,"(40.64712554619708, -73.96149199333054)"
41618524,02/04/2019 02:27:00 PM,02/06/2019 12:00:00 PM,DSNY,Department of Sanitation,Dirty Conditions,E8 Canine Violation,Sidewalk,11226,145 EAST   18 STREET,EAST   18 STREET,TENNIS COURT,ALBEMARLE ROAD,,,ADDRESS,BROOKLYN,,N/A,Closed,,The Department of Sanitation investigated this complaint and found no violation at the location.,02/06/2019 12:00:00 PM,14 BROOKLYN,3050990068,BROOKLYN,994589,175269,ONLINE,Unspecified,BROOKLYN,,,,,,,,40.64774353436826,-73.96274209547084,"(40.64774353436826, -73.96274209547084)"
41616162,02/04/2019 02:24:00 PM,02/06/2019 12:00:00 PM,DSNY,Department of Sanitation,Dirty Conditions,E8 Canine Violation,Sidewalk,11226,1809 ALBEMARLE ROAD,ALBEMARLE ROAD,EAST 18 STREET,EAST 19 STREET,,,ADDRESS,BROOKLYN,,N/A,Closed,,The Department of Sanitation investigated this complaint and found no violation at the location.,02/06/2019 12:00:00 PM,14 BROOKLYN,3050990052,BROOKLYN,994679,175012,ONLINE,Unspecified,BROOKLYN,,,,,,,,40.64703801949483,-73.96241816637558,"(40.64703801949483, -73.96241816637558)"
41613517,02/04/2019 02:21:00 PM,02/06/2019 12:00:00 PM,DSNY,Department of Sanitation,Dirty Conditions,E8 Canine Violation,Sidewalk,11222,,,,,DRIGGS AVENUE,KINGSLAND AVENUE,INTERSECTION,BROOKLYN,,N/A,Closed,,The Department of Sanitation investigated this complaint and found no violation at the location.,02/06/2019 12:00:00 PM,01 BROOKLYN,,BROOKLYN,1000528,202823,PHONE,Unspecified,BROOKLYN,,,,,,,,40.723364016313994,-73.94127358878097,"(40.723364016313994, -73.94127358878097)"
41606924,02/04/2019 12:54:00 PM,02/07/2019 12:00:00 PM,DSNY,Department of Sanitation,Dirty Conditions,E8 Canine Violation,Sidewalk,11230,1573 EAST    9 STREET,EAST    9 STREET,AVENUE O,AVENUE P,,,ADDRESS,BROOKLYN,,N/A,Closed,,The Department of Sanitation investigated this complaint and found no violation at the location.,02/07/2019 12:00:00 PM,12 BROOKLYN,3066160062,BROOKLYN,994121,161749,PHONE,Unspecified,BROOKLYN,,,,,,,,40.61063452243628,-73.96444836654236,"(40.61063452243628, -73.96444836654236)"
41604253,02/04/2019 12:36:00 PM,02/05/2019 12:00:00 PM,DSNY,Department of Sanitation,Dirty Conditions,E8 Canine Violation,Sidewalk,11691,14-37 EGGERT PLACE,EGGERT PLACE,ENRIGHT ROAD,DEAD END,,,ADDRESS,Far Rockaway,,N/A,Closed,,"The Department of Sanitation has investigated the complaint and addressed the issue. If the problem persists, call 311 to enter a new complaint. If you are outside of New York City, please call (212) NEW-YORK (212-639-9675).",02/05/2019 12:00:00 PM,14 QUEENS,4156570030,QUEENS,1051291,161463,PHONE,Unspecified,QUEENS,,,,,,,,40.6096014012455,-73.75854694287754,"(40.6096014012455, -73.75854694287754)"
41605332,02/04/2019 12:17:00 PM,02/05/2019 12:00:00 PM,DSNY,Department of Sanitation,Dirty Conditions,E8 Canine Violation,Sidewalk,11423,90-12 189 STREET,189 STREET,90 AVENUE,91 AVENUE,,,ADDRESS,Hollis,,N/A,Closed,,The Department of Sanitation investigated this complaint and found no violation at the location.,02/05/2019 12:00:00 PM,12 QUEENS,4104440020,QUEENS,1047721,199071,ONLINE,Unspecified,QUEENS,,,,,,,,40.71285298769785,-73.77105048414421,"(40.71285298769785, -73.77105048414421)"
41610724,02/04/2019 11:45:00 AM,02/05/2019 12:00:00 PM,DSNY,Department of Sanitation,Dirty Conditions,E8 Canine Violation,Sidewalk,10029,155 EAST  109 STREET,EAST  109 STREET,LEXINGTON AVENUE,3 AVENUE,,,ADDRESS,NEW YORK,,N/A,Closed,,The Department of Sanitation investigated this complaint and found no violation at the location.,02/05/2019 12:00:00 PM,11 MANHATTAN,1016370023,MANHATTAN,999640,228555,ONLINE,Unspecified,MANHATTAN,,,,,,,,40.793993345641496,-73.94441833595006,"(40.793993345641496, -73.94441833595006)"
41606611,02/04/2019 11:17:00 AM,02/06/2019 12:00:00 PM,DSNY,Department of Sanitation,Dirty Conditions,E8 Canine Violation,Sidewalk,11215,169 13 STREET,13 STREET,3 AVENUE,4 AVENUE,,,ADDRESS,BROOKLYN,,N/A,Closed,,The Department of Sanitation investigated this complaint and found no violation at the location.,02/06/2019 12:00:00 PM,06 BROOKLYN,3010270063,BROOKLYN,986439,182874,ONLINE,Unspecified,BROOKLYN,,,,,,,,40.66862335310251,-73.99210919027763,"(40.66862335310251, -73.99210919027763)"
41608282,02/04/2019 08:30:00 AM,02/07/2019 12:00:00 PM,DSNY,Department of Sanitation,Dirty Conditions,E8 Canine Violation,Sidewalk,10467,761 EAST  211 STREET,EAST  211 STREET,CARLISLE PLACE,BARNES AVENUE,,,ADDRESS,BRONX,,N/A,Closed,,The Department of Sanitation investigated this complaint and found no violation at the location.,02/07/2019 12:00:00 PM,12 BRONX,2046600076,BRONX,1022154,259010,PHONE,Unspecified,BRONX,,,,,,,,40.877515515605225,-73.86293602346149,"(40.877515515605225, -73.86293602346149)"
41602895,02/04/2019 06:50:00 AM,02/06/2019 12:00:00 PM,DSNY,Department of Sanitation,Dirty Conditions,E8 Canine Violation,Sidewalk,11207,,,,,WILLIAMS AVENUE,RIVERDALE AVENUE,INTERSECTION,BROOKLYN,,N/A,Closed,,The Department of Sanitation investigated this complaint and found no violation at the location.,02/06/2019 12:00:00 PM,05 BROOKLYN,,BROOKLYN,1012724,180723,PHONE,Unspecified,BROOKLYN,,,,,,,,40.66267382161891,-73.89736732417471,"(40.66267382161891, -73.89736732417471)"
41610857,02/03/2019 01:47:00 PM,02/06/2019 12:00:00 PM,DSNY,Department of Sanitation,Dirty Conditions,E8 Canine Violation,Sidewalk,11223,1781 OCEAN PARKWAY,OCEAN PARKWAY,KINGS HIGHWAY,AVENUE R,,,ADDRESS,BROOKLYN,,N/A,Closed,,The Department of Sanitation investigated this complaint and found no violation at the location.,02/06/2019 12:00:00 PM,15 BROOKLYN,3066630060,BROOKLYN,993452,159768,PHONE,Unspecified,BROOKLYN,,,,,,,,40.60519780349428,-73.96686055217697,"(40.60519780349428, -73.96686055217697)"
41606894,02/03/2019 12:52:00 PM,02/05/2019 12:00:00 PM,DSNY,Department of Sanitation,Dirty Conditions,E8 Canine Violation,Sidewalk,10032,421 WEST  162 STREET,WEST  162 STREET,EDGECOMBE AVENUE,JUMEL TERRACE,,,ADDRESS,NEW YORK,,N/A,Closed,,The Department of Sanitation investigated this complaint and found no violation at the location.,02/05/2019 12:00:00 PM,12 MANHATTAN,1021100037,MANHATTAN,1001344,243532,PHONE,Unspecified,MANHATTAN,,,,,,,,40.83509788189561,-73.93822612218057,"(40.83509788189561, -73.93822612218057)"
41598463,02/02/2019 05:00:00 PM,02/06/2019 12:00:00 PM,DSNY,Department of Sanitation,Dirty Conditions,E8 Canine Violation,Sidewalk,11206,,,,,MONTROSE AVENUE,MANHATTAN AVENUE,INTERSECTION,BROOKLYN,,N/A,Closed,,The Department of Sanitation investigated this complaint and found no violation at the location.,02/06/2019 12:00:00 PM,01 BROOKLYN,,BROOKLYN,999526,196922,ONLINE,Unspecified,BROOKLYN,,,,,,,,40.70716897282209,-73.9449019105806,"(40.70716897282209, -73.9449019105806)"
41599317,02/02/2019 04:27:00 PM,02/04/2019 12:00:00 PM,DSNY,Department of Sanitation,Dirty Conditions,E8 Canine Violation,Sidewalk,11214,2222 85 STREET,85 STREET,BAY PARKWAY,23 AVENUE,,,ADDRESS,BROOKLYN,,N/A,Closed,,The Department of Sanitation investigated this complaint and found no violation at the location.,02/04/2019 12:00:00 PM,11 BROOKLYN,3063480015,BROOKLYN,986326,158643,ONLINE,Unspecified,BROOKLYN,,,,,,,,40.60211444208364,-73.9925239822908,"(40.60211444208364, -73.9925239822908)"
41589637,02/02/2019 12:00:00 PM,02/11/2019 12:00:00 PM,DSNY,Department of Sanitation,Dirty Conditions,E8 Canine Violation,Sidewalk,10312,633 ILYSSA WAY,ILYSSA WAY,EMILY LANE,ARTHUR KILL ROAD,,,ADDRESS,STATEN ISLAND,,N/A,Closed,,The Department of Sanitation investigated this complaint and found no violation at the location.,02/11/2019 12:00:00 PM,03 STATEN ISLAND,5057430049,STATEN ISLAND,932304,144201,PHONE,Unspecified,STATEN ISLAND,,,,,,,,40.562322102523346,-74.18695481435611,"(40.562322102523346, -74.18695481435611)"
41594013,02/02/2019 11:53:00 AM,02/07/2019 12:00:00 PM,DSNY,Department of Sanitation,Dirty Conditions,E8 Canine Violation,Sidewalk,11434,,,,,176 STREET,127 AVENUE,INTERSECTION,Jamaica,,N/A,Closed,,The Department of Sanitation investigated this complaint and found no violation at the location.,02/07/2019 12:00:00 PM,12 QUEENS,,QUEENS,1048902,187545,PHONE,Unspecified,QUEENS,,,,,,,,40.68120836027013,-73.76690109292517,"(40.68120836027013, -73.76690109292517)"
41589541,02/02/2019 10:24:00 AM,02/05/2019 12:00:00 PM,DSNY,Department of Sanitation,Dirty Conditions,E8 Canine Violation,Sidewalk,11226,1911 ALBERMARLE ROAD,ALBERMARLE ROAD,EAST 19 STREET,OCEAN AVENUE,,,ADDRESS,BROOKLYN,,N/A,Closed,,The Department of Sanitation investigated this complaint and found no violation at the location.,02/05/2019 12:00:00 PM,14 BROOKLYN,3051000080,BROOKLYN,995019,175062,PHONE,Unspecified,BROOKLYN,,,,,,,,40.64717485176219,-73.9611928663221,"(40.64717485176219, -73.9611928663221)"
41588371,02/02/2019 10:12:00 AM,02/04/2019 12:00:00 PM,DSNY,Department of Sanitation,Dirty Conditions,E8 Canine Violation,Sidewalk,11216,846 PROSPECT PLACE,PROSPECT PLACE,NOSTRAND AVENUE,NEW YORK AVENUE,,,ADDRESS,BROOKLYN,,N/A,Closed,,The Department of Sanitation investigated this complaint and found no violation at the location.,02/04/2019 12:00:00 PM,08 BROOKLYN,3012340023,BROOKLYN,998500,184919,ONLINE,Unspecified,BROOKLYN,,,,,,,,40.67422522165962,-73.94862791710617,"(40.67422522165962, -73.94862791710617)"
41590821,02/02/2019 08:33:00 AM,02/04/2019 12:00:00 PM,DSNY,Department of Sanitation,Dirty Conditions,E8 Canine Violation,Sidewalk,11216,846 PROSPECT PLACE,PROSPECT PLACE,NOSTRAND AVENUE,NEW YORK AVENUE,,,ADDRESS,BROOKLYN,,N/A,Closed,,The Department of Sanitation investigated this complaint and found no violation at the location.,02/04/2019 12:00:00 PM,08 BROOKLYN,3012340023,BROOKLYN,998500,184919,MOBILE,Unspecified,BROOKLYN,,,,,,,,40.67422522165962,-73.94862791710617,"(40.67422522165962, -73.94862791710617)"
41594467,02/01/2019 07:49:00 PM,02/05/2019 12:00:00 PM,DSNY,Department of Sanitation,Dirty Conditions,E8 Canine Violation,Sidewalk,10472,2131 CHATTERTON AVENUE,CHATTERTON AVENUE,OLMSTEAD AVENUE,CASTLE HILL AVENUE,,,ADDRESS,BRONX,,N/A,Closed,,The Department of Sanitation investigated this complaint and found no violation at the location.,02/05/2019 12:00:00 PM,09 BRONX,2038070073,BRONX,1025168,241002,PHONE,Unspecified,BRONX,,,,,,,,40.828075521077366,-73.85214708334954,"(40.828075521077366, -73.85214708334954)"
41588373,02/01/2019 02:09:00 PM,02/05/2019 12:00:00 PM,DSNY,Department of Sanitation,Dirty Conditions,E8 Canine Violation,Sidewalk,11423,90-16 189 STREET,189 STREET,90 AVENUE,91 AVENUE,,,ADDRESS,Hollis,,N/A,Closed,,The Department of Sanitation investigated this complaint and found no violation at the location.,02/05/2019 12:00:00 PM,12 QUEENS,4104440022,QUEENS,1047726,199061,ONLINE,Unspecified,QUEENS,,,,,,,,40.71282550430347,-73.77103254275453,"(40.71282550430347, -73.77103254275453)"
41594974,02/01/2019 01:48:00 PM,02/05/2019 12:00:00 PM,DSNY,Department of Sanitation,Dirty Conditions,E8 Canine Violation,Sidewalk,11373,,,,,HAMPTON STREET,BRITTON AVENUE,INTERSECTION,Elmhurst,,N/A,Closed,,The Department of Sanitation investigated this complaint and found no violation at the location.,02/05/2019 12:00:00 PM,04 QUEENS,,QUEENS,1017422,211027,ONLINE,Unspecified,QUEENS,,,,,,,,40.74583473536099,-73.88028443071175,"(40.74583473536099, -73.88028443071175)"
41586471,02/01/2019 12:24:00 PM,02/04/2019 12:00:00 PM,DSNY,Department of Sanitation,Dirty Conditions,E8 Canine Violation,Sidewalk,11435,87-81 146 STREET,146 STREET,HILLSIDE AVENUE,88 AVENUE,,,ADDRESS,Jamaica,,N/A,Closed,,"The Department of Sanitation has investigated the complaint and addressed the issue. If the problem persists, call 311 to enter a new complaint. If you are outside of New York City, please call (212) NEW-YORK (212-639-9675).",02/04/2019 12:00:00 PM,12 QUEENS,4096900022,QUEENS,1036852,196131,PHONE,Unspecified,QUEENS,,,,,,,,40.70485469959028,-73.81027944765019,"(40.70485469959028, -73.81027944765019)"
41586225,02/01/2019 12:23:00 PM,02/02/2019 12:00:00 PM,DSNY,Department of Sanitation,Dirty Conditions,E8 Canine Violation,Sidewalk,10036,530 WEST   45 STREET,WEST   45 STREET,AMTRAK RAILROAD,11 AVENUE,,,ADDRESS,NEW YORK,,N/A,Closed,,The Department of Sanitation investigated this complaint and found no violation at the location.,02/02/2019 12:00:00 PM,04 MANHATTAN,1010737502,MANHATTAN,985504,216942,ONLINE,Unspecified,MANHATTAN,,,,,,,,40.762132035879276,-73.99547329041934,"(40.762132035879276, -73.99547329041934)"
41586611,02/01/2019 11:59:00 AM,02/02/2019 12:00:00 PM,DSNY,Department of Sanitation,Dirty Conditions,E8 Canine Violation,Sidewalk,11203,80 EAST   52 STREET,EAST   52 STREET,RUTLAND ROAD,WINTHROP STREET,,,ADDRESS,BROOKLYN,,N/A,Closed,,The Department of Sanitation investigated this complaint and found no violation at the location.,02/02/2019 12:00:00 PM,17 BROOKLYN,3046050030,BROOKLYN,1003881,179482,PHONE,Unspecified,BROOKLYN,,,,,,,,40.65929157372555,-73.92924493698287,"(40.65929157372555, -73.92924493698287)"
41584902,02/01/2019 08:45:00 AM,02/07/2019 12:00:00 PM,DSNY,Department of Sanitation,Dirty Conditions,E8 Canine Violation,Sidewalk,10305,211 FATHER CAPODANNO BOULEVARD,FATHER CAPODANNO BOULEVARD,ALEX CIRCLE,SAND COURT,,,ADDRESS,STATEN ISLAND,,N/A,Closed,,The Department of Sanitation investigated this complaint and found no violation at the location.,02/07/2019 12:00:00 PM,02 STATEN ISLAND,5031220130,STATEN ISLAND,966184,154847,ONLINE,Unspecified,STATEN ISLAND,,,,,,,,40.59167701976223,-74.0650484766934,"(40.59167701976223, -74.0650484766934)"
41578728,02/01/2019 12:21:00 AM,02/02/2019 12:00:00 PM,DSNY,Department of Sanitation,Dirty Conditions,E8 Canine Violation,Sidewalk,10034,,,,,COOPER STREET,WEST 204 STREET,INTERSECTION,NEW YORK,,N/A,Closed,,The Department of Sanitation investigated this complaint and found no violation at the location.,02/02/2019 12:00:00 PM,12 MANHATTAN,,MANHATTAN,1005373,255455,ONLINE,Unspecified,MANHATTAN,,,,,,,,40.86781425054724,-73.92362866221902,"(40.86781425054724, -73.92362866221902)"
41585335,01/31/2019 08:45:00 PM,02/01/2019 12:00:00 PM,DSNY,Department of Sanitation,Dirty Conditions,E8 Canine Violation,Sidewalk,11214,204 BAY   46 STREET,BAY   46 STREET,HARWAY AVENUE,CROPSEY AVENUE,,,ADDRESS,BROOKLYN,,N/A,Closed,,The Department of Sanitation investigated this complaint and found no violation at the location.,02/01/2019 12:00:00 PM,13 BROOKLYN,3069130073,BROOKLYN,987422,153702,PHONE,Unspecified,BROOKLYN,,,,,,,,40.58855206772473,-73.98857942575233,"(40.58855206772473, -73.98857942575233)"
41577812,01/31/2019 08:10:00 PM,02/05/2019 12:00:00 PM,DSNY,Department of Sanitation,Dirty Conditions,E8 Canine Violation,Sidewalk,,,,,,137 AVENUE,BELKNAP STREET,INTERSECTION,,,N/A,Closed,,The Department of Sanitation investigated this complaint and found no violation at the location.,02/05/2019 12:00:00 PM,12 QUEENS,,QUEENS,,,PHONE,Unspecified,QUEENS,,,,,,,,,,
41585184,01/31/2019 05:15:00 PM,02/01/2019 12:00:00 PM,DSNY,Department of Sanitation,Dirty Conditions,E8 Canine Violation,Sidewalk,11212,357 REMSEN AVENUE,REMSEN AVENUE,CLARKSON AVENUE,EAST 57 STREET,,,ADDRESS,BROOKLYN,,N/A,Closed,,The Department of Sanitation investigated this complaint and found no violation at the location.,02/01/2019 12:00:00 PM,17 BROOKLYN,3046450059,BROOKLYN,1005259,178532,PHONE,Unspecified,BROOKLYN,,,,,,,,40.65668087101656,-73.92428124040843,"(40.65668087101656, -73.92428124040843)"
41571738,01/31/2019 11:14:00 AM,02/02/2019 12:00:00 PM,DSNY,Department of Sanitation,Dirty Conditions,E8 Canine Violation,Sidewalk,10031,516 WEST  140 STREET,WEST  140 STREET,AMSTERDAM AVENUE,HAMILTON PLACE,,,ADDRESS,NEW YORK,,N/A,Closed,,The Department of Sanitation investigated this complaint and found no violation at the location.,02/02/2019 12:00:00 PM,09 MANHATTAN,1020710141,MANHATTAN,997909,238892,ONLINE,Unspecified,MANHATTAN,,,,,,,,40.822368391281955,-73.95064888477069,"(40.822368391281955, -73.95064888477069)"
41576498,01/31/2019 11:00:00 AM,02/05/2019 12:00:00 PM,DSNY,Department of Sanitation,Dirty Conditions,E8 Canine Violation,Sidewalk,11377,50-46 65 STREET,65 STREET,50 AVENUE,51 AVENUE,,,ADDRESS,Woodside,,N/A,Closed,,The Department of Sanitation investigated this complaint and found no violation at the location.,02/05/2019 12:00:00 PM,02 QUEENS,4023400048,QUEENS,1011703,207571,ONLINE,Unspecified,QUEENS,,,,,,,,40.73636848494834,-73.90093801153286,"(40.73636848494834, -73.90093801153286)"
41574820,01/31/2019 10:19:00 AM,02/01/2019 12:00:00 PM,DSNY,Department of Sanitation,Dirty Conditions,E8 Canine Violation,Sidewalk,11221,30 STUYVESANT AVENUE,STUYVESANT AVENUE,WILLOUGHBY AVENUE,HART STREET,,,ADDRESS,BROOKLYN,,N/A,Closed,,The Department of Sanitation investigated this complaint and found no violation at the location.,02/01/2019 12:00:00 PM,03 BROOKLYN,3015920045,BROOKLYN,1002399,192653,PHONE,Unspecified,BROOKLYN,,,,,,,,40.69544614413827,-73.9345509669645,"(40.69544614413827, -73.9345509669645)"
41570876,01/30/2019 04:53:00 PM,02/05/2019 12:00:00 PM,DSNY,Department of Sanitation,Dirty Conditions,E8 Canine Violation,Sidewalk,10452,,,,,WEST 170 STREET,NELSON AVENUE,INTERSECTION,BRONX,,N/A,Closed,,The Department of Sanitation investigated this complaint and found no violation at the location.,02/05/2019 12:00:00 PM,04 BRONX,,BRONX,1005501,245608,ONLINE,Unspecified,BRONX,,,,,,,,40.84078687273071,-73.9231970867876,"(40.84078687273071, -73.9231970867876)"
41570113,01/30/2019 03:07:00 PM,01/31/2019 12:00:00 PM,DSNY,Department of Sanitation,Dirty Conditions,E8 Canine Violation,Sidewalk,11225,1033 PRESIDENT STREET,PRESIDENT STREET,FRANKLIN AVENUE,BEDFORD AVENUE,,,ADDRESS,BROOKLYN,,N/A,Closed,,The Department of Sanitation investigated this complaint and found no violation at the location.,01/31/2019 12:00:00 PM,09 BROOKLYN,3012730062,BROOKLYN,996156,182869,PHONE,Unspecified,BROOKLYN,,,,,,,,40.66860189422926,-73.95708179353096,"(40.66860189422926, -73.95708179353096)"
41564114,01/30/2019 01:13:00 PM,02/05/2019 12:00:00 PM,DSNY,Department of Sanitation,Dirty Conditions,E8 Canine Violation,Sidewalk,10302,,,,,NICHOLAS AVENUE,SLAIGHT STREET,INTERSECTION,STATEN ISLAND,,N/A,Closed,,The Department of Sanitation investigated this complaint and found no violation at the location.,02/05/2019 12:00:00 PM,01 STATEN ISLAND,,STATEN ISLAND,945458,171637,ONLINE,Unspecified,STATEN ISLAND,,,,,,,,40.63769556307858,-74.13977092311976,"(40.63769556307858, -74.13977092311976)"
41559875,01/30/2019 11:37:00 AM,02/07/2019 12:00:00 PM,DSNY,Department of Sanitation,Dirty Conditions,E8 Canine Violation,Sidewalk,11373,94-12 46 AVENUE,46 AVENUE,94 STREET,JUNCTION BOULEVARD,,,ADDRESS,Elmhurst,,N/A,Closed,,The Department of Sanitation investigated this complaint and found no violation at the location.,02/07/2019 12:00:00 PM,04 QUEENS,4016030006,QUEENS,1020253,210128,PHONE,Unspecified,QUEENS,,,,,,,,40.74335613539298,-73.87007236431057,"(40.74335613539298, -73.87007236431057)"
41566902,01/30/2019 09:01:00 AM,02/02/2019 12:00:00 PM,DSNY,Department of Sanitation,Dirty Conditions,E8 Canine Violation,Sidewalk,10028,444 EAST   82 STREET,EAST   82 STREET,1 AVENUE,YORK AVENUE,,,ADDRESS,NEW YORK,,N/A,Closed,,The Department of Sanitation investigated this complaint and found no violation at the location.,02/02/2019 12:00:00 PM,08 MANHATTAN,1015610021,MANHATTAN,998037,221213,ONLINE,Unspecified,MANHATTAN,,,,,,,,40.77384415947971,-73.95022270760106,"(40.77384415947971, -73.95022270760106)"
41563194,01/29/2019 10:57:00 PM,01/30/2019 12:00:00 PM,DSNY,Department of Sanitation,Dirty Conditions,E8 Canine Violation,Sidewalk,,,,,,WILLOUGHBY AVENUE,CENTRAL AVENUE,INTERSECTION,,,N/A,Closed,,The Department of Sanitation investigated this complaint and found no violation at the location.,01/30/2019 12:00:00 PM,04 BROOKLYN,,BROOKLYN,,,ONLINE,Unspecified,BROOKLYN,,,,,,,,,,
41566085,01/29/2019 05:23:00 PM,01/30/2019 12:00:00 PM,DSNY,Department of Sanitation,Dirty Conditions,E8 Canine Violation,Sidewalk,11225,276 STERLING STREET,STERLING STREET,ROGERS AVENUE,NOSTRAND AVENUE,,,ADDRESS,BROOKLYN,,N/A,Closed,,The Department of Sanitation investigated this complaint and found no violation at the location.,01/30/2019 12:00:00 PM,09 BROOKLYN,3013200027,BROOKLYN,997554,180846,PHONE,Unspecified,BROOKLYN,,,,,,,,40.663047219010416,-73.95204633987916,"(40.663047219010416, -73.95204633987916)"
41560681,01/29/2019 05:20:00 PM,02/01/2019 12:00:00 PM,DSNY,Department of Sanitation,Dirty Conditions,E8 Canine Violation,Sidewalk,11104,,,,,45 STREET,SKILLMAN AVENUE,INTERSECTION,Sunnyside,,N/A,Closed,,The Department of Sanitation investigated this complaint and found no violation at the location.,02/01/2019 12:00:00 PM,02 QUEENS,,QUEENS,1006710,211321,PHONE,Unspecified,QUEENS,,,,,,,,40.74667538556845,-73.91894232600973,"(40.74667538556845, -73.91894232600973)"
41564757,01/29/2019 03:31:00 PM,01/30/2019 12:00:00 PM,DSNY,Department of Sanitation,Dirty Conditions,E8 Canine Violation,Sidewalk,11220,166 68 STREET,68 STREET,BAY CLIFF TERRACE,RIDGE BOULEVARD,,,ADDRESS,BROOKLYN,,N/A,Closed,,The Department of Sanitation investigated this complaint and found no violation at the location.,01/30/2019 12:00:00 PM,10 BROOKLYN,3058610033,BROOKLYN,976064,171658,PHONE,Unspecified,BROOKLYN,,,,,,,,40.63783436770988,-74.02949491371241,"(40.63783436770988, -74.02949491371241)"
41559528,01/29/2019 03:18:00 PM,01/31/2019 12:00:00 PM,DSNY,Department of Sanitation,Dirty Conditions,E8 Canine Violation,Sidewalk,11415,82-37 KEW GARDENS ROAD,KEW GARDENS ROAD,82 ROAD,82 DRIVE,,,ADDRESS,Kew Gardens,,N/A,Closed,,The Department of Sanitation investigated this complaint and found no violation at the location.,01/31/2019 12:00:00 PM,09 QUEENS,4033600001,QUEENS,1031760,198512,PHONE,Unspecified,QUEENS,,,,,,,,40.71141877402622,-73.82862800320783,"(40.71141877402622, -73.82862800320783)"
41550543,01/29/2019 11:52:00 AM,01/31/2019 12:00:00 PM,DSNY,Department of Sanitation,Dirty Conditions,E8 Canine Violation,Sidewalk,10030,194 EDGECOMBE AVENUE,EDGECOMBE AVENUE,WEST 142 STREET,WEST 145 STREET,,,ADDRESS,NEW YORK,,N/A,Closed,,The Department of Sanitation investigated this complaint and found no violation at the location.,01/31/2019 12:00:00 PM,09 MANHATTAN,1020510106,MANHATTAN,999616,238863,ONLINE,Unspecified,MANHATTAN,,,,,,,,40.82228598996876,-73.944481418242,"(40.82228598996876, -73.944481418242)"
41558047,01/29/2019 11:23:00 AM,01/31/2019 12:00:00 PM,DSNY,Department of Sanitation,Dirty Conditions,E8 Canine Violation,Sidewalk,11423,,,,,91 AVENUE,189 STREET,INTERSECTION,Hollis,,N/A,Closed,,The Department of Sanitation investigated this complaint and found no violation at the location.,01/31/2019 12:00:00 PM,12 QUEENS,,QUEENS,1047864,198801,ONLINE,Unspecified,QUEENS,,,,,,,,40.71211087751695,-73.77053721505666,"(40.71211087751695, -73.77053721505666)"
41553005,01/29/2019 09:48:00 AM,01/31/2019 12:00:00 PM,DSNY,Department of Sanitation,Dirty Conditions,E8 Canine Violation,Sidewalk,10039,,,,,WEST 147 STREET,LENOX AVENUE,INTERSECTION,NEW YORK,,N/A,Closed,,"The Department of Sanitation has investigated the complaint and addressed the issue. If the problem persists, call 311 to enter a new complaint. If you are outside of New York City, please call (212) NEW-YORK (212-639-9675).",01/31/2019 12:00:00 PM,10 MANHATTAN,,MANHATTAN,1002161,238662,PHONE,Unspecified,MANHATTAN,,,,,,,,40.821729508095835,-73.93528667017341,"(40.821729508095835, -73.93528667017341)"
41549285,01/28/2019 09:56:00 PM,01/29/2019 12:00:00 PM,DSNY,Department of Sanitation,Dirty Conditions,E8 Canine Violation,Sidewalk,11221,,,,,TROUTMAN STREET,CENTRAL AVENUE,INTERSECTION,BROOKLYN,,N/A,Closed,,The Department of Sanitation investigated this complaint and found no violation at the location.,01/29/2019 12:00:00 PM,04 BROOKLYN,,BROOKLYN,1003927,194419,ONLINE,Unspecified,BROOKLYN,,,,,,,,40.70029013570712,-73.92903552717344,"(40.70029013570712, -73.92903552717344)"
41554881,01/28/2019 09:05:00 PM,01/29/2019 12:00:00 PM,DSNY,Department of Sanitation,Dirty Conditions,E8 Canine Violation,Sidewalk,11213,,,,,CARROLL STREET,ALBANY AVENUE,INTERSECTION,BROOKLYN,,N/A,Closed,,The Department of Sanitation investigated this complaint and found no violation at the location.,01/29/2019 12:00:00 PM,09 BROOKLYN,,BROOKLYN,1000985,182135,PHONE,Unspecified,BROOKLYN,,,,,,,,40.66657941714623,-73.9396762610955,"(40.66657941714623, -73.9396762610955)"
41556055,01/28/2019 08:58:00 PM,01/29/2019 12:00:00 PM,DSNY,Department of Sanitation,Dirty Conditions,E8 Canine Violation,Sidewalk,11213,,,,,TROY AVENUE,CROWN STREET,INTERSECTION,BROOKLYN,,N/A,Closed,,The Department of Sanitation investigated this complaint and found no violation at the location.,01/29/2019 12:00:00 PM,09 BROOKLYN,,BROOKLYN,1001732,181755,PHONE,Unspecified,BROOKLYN,,,,,,,,40.665534958368255,-73.93698457735134,"(40.665534958368255, -73.93698457735134)"
41551687,01/28/2019 04:58:00 PM,01/29/2019 12:00:00 PM,DSNY,Department of Sanitation,Dirty Conditions,E8 Canine Violation,Sidewalk,11385,62-17 68 AVENUE,68 AVENUE,62 STREET,64 STREET,,,ADDRESS,Ridgewood,,N/A,Closed,,The Department of Sanitation investigated this complaint and found no violation at the location.,01/29/2019 12:00:00 PM,05 QUEENS,4036210002,QUEENS,1013296,196347,ONLINE,Unspecified,QUEENS,,,,,,,,40.705556246873634,-73.8952382388058,"(40.705556246873634, -73.8952382388058)"
41549847,01/28/2019 03:47:00 PM,01/31/2019 12:00:00 PM,DSNY,Department of Sanitation,Dirty Conditions,E8 Canine Violation,Sidewalk,11413,135-59 232 STREET,232 STREET,135 AVENUE,137 AVENUE,,,ADDRESS,Springfield Gardens,,N/A,Closed,,The Department of Sanitation investigated this complaint and found no violation at the location.,01/31/2019 12:00:00 PM,13 QUEENS,4131670006,QUEENS,1056547,184430,PHONE,Unspecified,QUEENS,,,,,,,,40.672599286527465,-73.73937107363912,"(40.672599286527465, -73.73937107363912)"
41558548,01/28/2019 02:11:00 PM,01/29/2019 12:00:00 PM,DSNY,Department of Sanitation,Dirty Conditions,E8 Canine Violation,Sidewalk,11369,31-01 90 STREET,90 STREET,31 AVENUE,32 AVENUE,,,ADDRESS,East Elmhurst,,N/A,Closed,,The Department of Sanitation investigated this complaint and found no violation at the location.,01/29/2019 12:00:00 PM,03 QUEENS,4014020001,QUEENS,1017889,216175,PHONE,Unspecified,QUEENS,,,,,,,,40.75996291280347,-73.87857330674447,"(40.75996291280347, -73.87857330674447)"
41542113,01/28/2019 09:02:00 AM,01/29/2019 12:00:00 PM,DSNY,Department of Sanitation,Dirty Conditions,E8 Canine Violation,Sidewalk,11233,662 MACDONOUGH STREET,MACDONOUGH STREET,HOWARD AVENUE,SARATOGA AVENUE,,,ADDRESS,BROOKLYN,,N/A,Closed,,The Department of Sanitation investigated this complaint and found no violation at the location.,01/29/2019 12:00:00 PM,03 BROOKLYN,3015010004,BROOKLYN,1006558,188406,ONLINE,Unspecified,BROOKLYN,,,,,,,,40.6837796046774,-73.91956682676255,"(40.6837796046774, -73.91956682676255)"
41541024,01/28/2019 08:00:00 AM,01/29/2019 12:00:00 PM,DSNY,Department of Sanitation,Dirty Conditions,E8 Canine Violation,Sidewalk,10025,,,,,WEST END AVENUE,WEST 99 STREET,INTERSECTION,NEW YORK,,N/A,Closed,,The Department of Sanitation investigated this complaint and found no violation at the location.,01/29/2019 12:00:00 PM,07 MANHATTAN,,MANHATTAN,992058,229716,PHONE,Unspecified,MANHATTAN,,,,,,,,40.79718992758733,-73.97179971082002,"(40.79718992758733, -73.97179971082002)"
41539525,01/28/2019 07:28:00 AM,02/07/2019 12:00:00 PM,DSNY,Department of Sanitation,Dirty Conditions,E8 Canine Violation,Sidewalk,10306,,,,,CLOISTER PLACE,RICHMOND ROAD,INTERSECTION,STATEN ISLAND,,N/A,Closed,,The Department of Sanitation investigated this complaint and found no violation at the location.,02/07/2019 12:00:00 PM,02 STATEN ISLAND,,STATEN ISLAND,951162,149209,ONLINE,Unspecified,STATEN ISLAND,,,,,,,,40.576158494362346,-74.11910906631162,"(40.576158494362346, -74.11910906631162)"
41543637,01/28/2019 06:48:00 AM,01/29/2019 12:00:00 PM,DSNY,Department of Sanitation,Dirty Conditions,E8 Canine Violation,Sidewalk,11216,273 HANCOCK STREET,HANCOCK STREET,MARCY AVENUE,TOMPKINS AVENUE,,,ADDRESS,BROOKLYN,,N/A,Closed,,The Department of Sanitation investigated this complaint and found no violation at the location.,01/29/2019 12:00:00 PM,03 BROOKLYN,3018340058,BROOKLYN,999441,188151,PHONE,Unspecified,BROOKLYN,,,,,,,,40.683094763629654,-73.94522827262524,"(40.683094763629654, -73.94522827262524)"
41546117,01/27/2019 05:18:00 PM,01/28/2019 12:00:00 PM,DSNY,Department of Sanitation,Dirty Conditions,E8 Canine Violation,Sidewalk,10460,1608 TAYLOR AVENUE,TAYLOR AVENUE,DEAD END,VAN NEST AVENUE,,,ADDRESS,BRONX,,N/A,Closed,,The Department of Sanitation investigated this complaint and found no violation at the location.,01/28/2019 12:00:00 PM,11 BRONX,2040240045,BRONX,1020871,245737,ONLINE,Unspecified,BRONX,,,,,,,,40.84109057616565,-73.86764796787375,"(40.84109057616565, -73.86764796787375)"
41537656,01/27/2019 10:36:00 AM,01/28/2019 12:00:00 PM,DSNY,Department of Sanitation,Dirty Conditions,E8 Canine Violation,Sidewalk,11215,,,,,2 STREET,6 AVENUE,INTERSECTION,BROOKLYN,,N/A,Closed,,The Department of Sanitation investigated this complaint and found no violation at the location.,01/28/2019 12:00:00 PM,06 BROOKLYN,,BROOKLYN,989682,184198,PHONE,Unspecified,BROOKLYN,,,,,,,,40.672256041135604,-73.98041790164186,"(40.672256041135604, -73.98041790164186)"
41534973,01/27/2019 09:49:00 AM,01/29/2019 12:00:00 PM,DSNY,Department of Sanitation,Dirty Conditions,E8 Canine Violation,Sidewalk,11354,122-24 26 AVENUE,26 AVENUE,COLLEGE POINT BOULEVARD,123 STREET,,,ADDRESS,Flushing,,N/A,Closed,,The Department of Sanitation investigated this complaint and found no violation at the location.,01/29/2019 12:00:00 PM,07 QUEENS,4042930034,QUEENS,1026840,221462,PHONE,Unspecified,QUEENS,,,,,,,,40.7744357477036,-73.84622944138967,"(40.7744357477036, -73.84622944138967)"
41533137,01/27/2019 09:23:00 AM,01/28/2019 12:00:00 PM,DSNY,Department of Sanitation,Dirty Conditions,E8 Canine Violation,Sidewalk,11234,1321 EAST   58 STREET,EAST   58 STREET,AVENUE L,AVENUE M,,,ADDRESS,BROOKLYN,,N/A,Closed,,The Department of Sanitation investigated this complaint and found no violation at the location.,01/28/2019 12:00:00 PM,18 BROOKLYN,3078560013,BROOKLYN,1006594,166065,PHONE,Unspecified,BROOKLYN,,,,,,,,40.62245836980292,-73.91951104167829,"(40.62245836980292, -73.91951104167829)"
41532342,01/27/2019 09:05:00 AM,01/28/2019 12:00:00 PM,DSNY,Department of Sanitation,Dirty Conditions,E8 Canine Violation,Sidewalk,10469,963 EAST  221 STREET,EAST  221 STREET,BRONXWOOD AVENUE,PAULDING AVENUE,,,ADDRESS,BRONX,,N/A,Closed,,"The Department of Sanitation has investigated the complaint and addressed the issue. If the problem persists, call 311 to enter a new complaint. If you are outside of New York City, please call (212) NEW-YORK (212-639-9675).",01/28/2019 12:00:00 PM,12 BRONX,2046920006,BRONX,1024419,260892,ONLINE,Unspecified,BRONX,,,,,,,,40.88267099594557,-73.85473432631724,"(40.88267099594557, -73.85473432631724)"
41536812,01/27/2019 08:56:00 AM,01/28/2019 12:00:00 PM,DSNY,Department of Sanitation,Dirty Conditions,E8 Canine Violation,Sidewalk,11367,153-20 77 ROAD,77 ROAD,153 STREET,PARSONS BOULEVARD,,,ADDRESS,Flushing,,N/A,Closed,,The Department of Sanitation investigated this complaint and issued a Notice of Violation.,01/28/2019 12:00:00 PM,08 QUEENS,4068130015,QUEENS,1036497,202673,PHONE,Unspecified,QUEENS,,,,,,,,40.7228129901278,-73.81150905664036,"(40.7228129901278, -73.81150905664036)"
41534127,01/26/2019 03:04:00 PM,01/28/2019 12:00:00 PM,DSNY,Department of Sanitation,Dirty Conditions,E8 Canine Violation,Sidewalk,11385,,,,,MADISON STREET,FRESH POND ROAD,INTERSECTION,Ridgewood,,N/A,Closed,,The Department of Sanitation investigated this complaint and found no violation at the location.,01/28/2019 12:00:00 PM,05 QUEENS,,QUEENS,1012743,196906,PHONE,Unspecified,QUEENS,,,,,,,,40.70709236693599,-73.89723040623728,"(40.70709236693599, -73.89723040623728)"
41526481,01/26/2019 12:47:00 PM,01/30/2019 12:00:00 PM,DSNY,Department of Sanitation,Dirty Conditions,E8 Canine Violation,Sidewalk,10312,225 DOWNES AVENUE,DOWNES AVENUE,ARCHWOOD AVENUE,LEXA PLACE,,,ADDRESS,STATEN ISLAND,,N/A,Closed,,The Department of Sanitation investigated this complaint and found no violation at the location.,01/30/2019 12:00:00 PM,03 STATEN ISLAND,5063240176,STATEN ISLAND,932399,134789,PHONE,Unspecified,STATEN ISLAND,,,,,,,,40.53648856645608,-74.18654077274333,"(40.53648856645608, -74.18654077274333)"
41530051,01/26/2019 07:54:00 AM,01/30/2019 12:00:00 PM,DSNY,Department of Sanitation,Dirty Conditions,E8 Canine Violation,Sidewalk,10312,114 MCARTHUR AVENUE,MCARTHUR AVENUE,VAN ALLEN AVENUE,BEND,,,ADDRESS,STATEN ISLAND,,N/A,Closed,,The Department of Sanitation investigated this complaint and found no violation at the location.,01/30/2019 12:00:00 PM,03 STATEN ISLAND,5056800220,STATEN ISLAND,934852,141437,ONLINE,Unspecified,STATEN ISLAND,,,,,,,,40.55475002977166,-74.1777643440603,"(40.55475002977166, -74.1777643440603)"
41530450,01/25/2019 08:41:00 PM,01/28/2019 12:00:00 PM,DSNY,Department of Sanitation,Dirty Conditions,E8 Canine Violation,Sidewalk,11230,,,,,EAST 19 STREET,AVENUE H,INTERSECTION,BROOKLYN,,N/A,Closed,,The Department of Sanitation investigated this complaint and found no violation at the location.,01/28/2019 12:00:00 PM,14 BROOKLYN,,BROOKLYN,995769,168944,PHONE,Unspecified,BROOKLYN,,,,,,,,40.63038130722119,-73.95850061385468,"(40.63038130722119, -73.95850061385468)"
41528327,01/25/2019 08:23:00 PM,01/28/2019 12:00:00 PM,DSNY,Department of Sanitation,Dirty Conditions,E8 Canine Violation,Sidewalk,11236,1845 ROCKAWAY PARKWAY,ROCKAWAY PARKWAY,AVENUE L,AVENUE M,,,ADDRESS,BROOKLYN,,N/A,Closed,,The Department of Sanitation investigated this complaint and found no violation at the location.,01/28/2019 12:00:00 PM,18 BROOKLYN,3082620006,BROOKLYN,1013770,171501,PHONE,Unspecified,BROOKLYN,,,,,,,,40.63735802707153,-73.89363744990287,"(40.63735802707153, -73.89363744990287)"
41528770,01/25/2019 05:04:00 PM,01/26/2019 12:00:00 PM,DSNY,Department of Sanitation,Dirty Conditions,E8 Canine Violation,Sidewalk,10469,1033 EAST  217 STREET,EAST  217 STREET,PAULDING AVENUE,LACONIA AVENUE,,,ADDRESS,BRONX,,N/A,Closed,,The Department of Sanitation investigated this complaint and found no violation at the location.,01/26/2019 12:00:00 PM,12 BRONX,2047000014,BRONX,1024507,259649,PHONE,Unspecified,BRONX,,,,,,,,40.8792589513175,-73.85442355737696,"(40.8792589513175, -73.85442355737696)"
41525654,01/25/2019 03:36:00 PM,01/28/2019 12:00:00 PM,DSNY,Department of Sanitation,Dirty Conditions,E8 Canine Violation,Sidewalk,10302,56 JOHN STREET,JOHN STREET,RICHMOND TERRACE,BEND,,,ADDRESS,STATEN ISLAND,,N/A,Closed,,The Department of Sanitation investigated this complaint and found no violation at the location.,01/28/2019 12:00:00 PM,01 STATEN ISLAND,5011230085,STATEN ISLAND,944637,171644,PHONE,Unspecified,STATEN ISLAND,,,,,,,,40.63771114285511,-74.14272909287286,"(40.63771114285511, -74.14272909287286)"
41519313,01/25/2019 11:24:00 AM,01/25/2019 12:00:00 PM,DSNY,Department of Sanitation,Dirty Conditions,E8 Canine Violation,Sidewalk,11361,,,,,41 AVENUE,BELL BOULEVARD,INTERSECTION,Bayside,,N/A,Closed,,The Department of Sanitation investigated this complaint and found no violation at the location.,01/25/2019 12:00:00 PM,11 QUEENS,,QUEENS,1047695,217560,PHONE,Unspecified,QUEENS,,,,,,,,40.763600723708066,-73.77096989674654,"(40.763600723708066, -73.77096989674654)"
41523183,01/25/2019 09:09:00 AM,01/26/2019 12:00:00 PM,DSNY,Department of Sanitation,Dirty Conditions,E8 Canine Violation,Sidewalk,10454,383 EAST  144 STREET,EAST  144 STREET,3 AVENUE,WILLIS AVENUE,,,ADDRESS,BRONX,,N/A,Closed,,The Department of Sanitation investigated this complaint and found no violation at the location.,01/26/2019 12:00:00 PM,01 BRONX,2023060054,BRONX,1006270,235501,ONLINE,Unspecified,BRONX,,,,,,,,40.813044166665804,-73.92045102864806,"(40.813044166665804, -73.92045102864806)"
41523205,01/25/2019 07:30:00 AM,01/26/2019 12:00:00 PM,DSNY,Department of Sanitation,Dirty Conditions,E8 Canine Violation,Sidewalk,10457,240 EAST  172 STREET,EAST  172 STREET,SHERIDAN AVENUE,MORRIS AVENUE,,,ADDRESS,BRONX,,N/A,Closed,,The Department of Sanitation investigated this complaint and found no violation at the location.,01/26/2019 12:00:00 PM,04 BRONX,2028170002,BRONX,1008901,245478,PHONE,Unspecified,BRONX,,,,,,,,40.84042122421226,-73.91090968465546,"(40.84042122421226, -73.91090968465546)"
41523104,01/24/2019 07:29:00 PM,01/28/2019 12:00:00 PM,DSNY,Department of Sanitation,Dirty Conditions,E8 Canine Violation,Sidewalk,11106,35-34 11 STREET,11 STREET,35 AVENUE,36 AVENUE,,,ADDRESS,Astoria,,N/A,Closed,,The Department of Sanitation investigated this complaint and found no violation at the location.,01/28/2019 12:00:00 PM,01 QUEENS,4003300039,QUEENS,1001056,216957,PHONE,Unspecified,QUEENS,,,,,,,,40.76215732262973,-73.93933340020511,"(40.76215732262973, -73.93933340020511)"
41516750,01/24/2019 05:55:00 PM,02/07/2019 12:00:00 PM,DSNY,Department of Sanitation,Dirty Conditions,E8 Canine Violation,Sidewalk,11106,35-26 11 STREET,11 STREET,35 AVENUE,36 AVENUE,,,ADDRESS,Astoria,,N/A,Closed,,The Department of Sanitation investigated this complaint and found no violation at the location.,02/07/2019 12:00:00 PM,01 QUEENS,4003300036,QUEENS,1001073,216993,PHONE,Unspecified,QUEENS,,,,,,,,40.76225610101539,-73.93927194322819,"(40.76225610101539, -73.93927194322819)"
41520494,01/24/2019 04:27:00 PM,01/25/2019 12:00:00 PM,DSNY,Department of Sanitation,Dirty Conditions,E8 Canine Violation,Sidewalk,11375,,,,,68 AVENUE,BURNS STREET,INTERSECTION,Forest Hills,,N/A,Closed,,The Department of Sanitation investigated this complaint and found no violation at the location.,01/25/2019 12:00:00 PM,06 QUEENS,,QUEENS,1025292,202155,PHONE,Unspecified,QUEENS,,,,,,,,40.721450289321545,-73.8519362866076,"(40.721450289321545, -73.8519362866076)"
41523094,01/24/2019 03:28:00 PM,01/25/2019 12:00:00 PM,DSNY,Department of Sanitation,Dirty Conditions,E8 Canine Violation,Sidewalk,11357,,,,,143 STREET,15 AVENUE,INTERSECTION,Whitestone,,N/A,Closed,,"The Department of Sanitation has investigated the complaint and addressed the issue. If the problem persists, call 311 to enter a new complaint. If you are outside of New York City, please call (212) NEW-YORK (212-639-9675).",01/25/2019 12:00:00 PM,07 QUEENS,,QUEENS,1032438,225272,PHONE,Unspecified,QUEENS,,,,,,,,40.78486442506033,-73.82599067035895,"(40.78486442506033, -73.82599067035895)"
41516798,01/24/2019 02:32:00 PM,01/29/2019 12:00:00 PM,DSNY,Department of Sanitation,Dirty Conditions,E8 Canine Violation,Sidewalk,10033,353 FORT WASHINGTON AVENUE,FORT WASHINGTON AVENUE,WEST 175 STREET,WEST 176 STREET,,,ADDRESS,NEW YORK,,N/A,Closed,,The Department of Sanitation investigated this complaint and found no violation at the location.,01/29/2019 12:00:00 PM,12 MANHATTAN,1021390584,MANHATTAN,1000869,247820,ONLINE,Unspecified,MANHATTAN,,,,,,,,40.84686809533158,-73.9399320390161,"(40.84686809533158, -73.9399320390161)"
41510350,01/24/2019 01:42:00 PM,01/25/2019 12:00:00 PM,DSNY,Department of Sanitation,Dirty Conditions,E8 Canine Violation,Sidewalk,11208,,,,,SHEPHARD AVENUE,SUTTER AVENUE,INTERSECTION,BROOKLYN,,N/A,Closed,,The Department of Sanitation investigated this complaint and found no violation at the location.,01/25/2019 12:00:00 PM,05 BROOKLYN,,BROOKLYN,1017489,183980,PHONE,Unspecified,BROOKLYN,,,,,,,,40.67159694746986,-73.88017615375632,"(40.67159694746986, -73.88017615375632)"
41510417,01/24/2019 09:54:00 AM,01/26/2019 12:00:00 PM,DSNY,Department of Sanitation,Dirty Conditions,E8 Canine Violation,Sidewalk,10467,171 EAST MOSHOLU PARKWAY NORTH,EAST MOSHOLU PARKWAY NORTH,VAN CORTLANDT AVENUE EAST,EAST 206 STREET,,,ADDRESS,BRONX,,N/A,Closed,,The Department of Sanitation investigated this complaint and found no violation at the location.,01/26/2019 12:00:00 PM,07 BRONX,2033350142,BRONX,1017028,258292,PHONE,Unspecified,BRONX,,,,,,,,40.875565354889034,-73.881475549012,"(40.875565354889034, -73.881475549012)"
41510349,01/24/2019 09:49:00 AM,01/26/2019 12:00:00 PM,DSNY,Department of Sanitation,Dirty Conditions,E8 Canine Violation,Sidewalk,10467,155 EAST MOSHOLU PARKWAY NORTH,EAST MOSHOLU PARKWAY NORTH,VAN CORTLANDT AVENUE EAST,EAST 206 STREET,,,ADDRESS,BRONX,,N/A,Closed,,The Department of Sanitation investigated this complaint and found no violation at the location.,01/26/2019 12:00:00 PM,07 BRONX,2033350110,BRONX,1017026,258472,PHONE,Unspecified,BRONX,,,,,,,,40.876059406338946,-73.88148190032744,"(40.876059406338946, -73.88148190032744)"
41506313,01/24/2019 09:37:00 AM,01/28/2019 12:00:00 PM,DSNY,Department of Sanitation,Dirty Conditions,E8 Canine Violation,Sidewalk,10016,295 5 AVENUE,5 AVENUE,EAST 30 STREET,EAST 31 STREET,,,ADDRESS,NEW YORK,,N/A,Closed,,The Department of Sanitation investigated this complaint and found no violation at the location.,01/28/2019 12:00:00 PM,05 MANHATTAN,1008600001,MANHATTAN,988106,211186,MOBILE,Unspecified,MANHATTAN,,,,,,,,40.74633252615998,-73.98608384955212,"(40.74633252615998, -73.98608384955212)"
41514263,01/23/2019 10:02:00 PM,01/25/2019 12:00:00 PM,DSNY,Department of Sanitation,Dirty Conditions,E8 Canine Violation,Sidewalk,11432,,,,,89 AVENUE,153 STREET,INTERSECTION,Jamaica,,N/A,Closed,,The Department of Sanitation investigated this complaint and found no violation at the location.,01/25/2019 12:00:00 PM,12 QUEENS,,QUEENS,1038711,196273,ONLINE,Unspecified,QUEENS,,,,,,,,40.70523320873011,-73.80357343352262,"(40.70523320873011, -73.80357343352262)"
41505258,01/23/2019 09:16:00 PM,01/30/2019 12:00:00 PM,DSNY,Department of Sanitation,Dirty Conditions,E8 Canine Violation,Sidewalk,10312,42 ERIKA LOOP,ERIKA LOOP,BEND,BEND,,,ADDRESS,STATEN ISLAND,,N/A,Closed,,The Department of Sanitation investigated this complaint and found no violation at the location.,01/30/2019 12:00:00 PM,03 STATEN ISLAND,5057330088,STATEN ISLAND,933720,142308,PHONE,Unspecified,STATEN ISLAND,,,,,,,,40.55713437510398,-74.18184447048486,"(40.55713437510398, -74.18184447048486)"
41510378,01/23/2019 07:19:00 PM,01/26/2019 12:00:00 PM,DSNY,Department of Sanitation,Dirty Conditions,E8 Canine Violation,Sidewalk,10467,3593 BAINBRIDGE AVENUE,BAINBRIDGE AVENUE,EAST 212 STREET,EAST 213 STREET,,,ADDRESS,BRONX,,N/A,Closed,,The Department of Sanitation investigated this complaint and found no violation at the location.,01/26/2019 12:00:00 PM,07 BRONX,2033290001,BRONX,1018075,261383,PHONE,Unspecified,BRONX,,,,,,,,40.8840452315641,-73.87767401912494,"(40.8840452315641, -73.87767401912494)"
41504683,01/23/2019 05:17:00 PM,01/24/2019 12:00:00 PM,DSNY,Department of Sanitation,Dirty Conditions,E8 Canine Violation,Sidewalk,11206,,,,,SCHOLES STREET,UNION AVENUE,INTERSECTION,BROOKLYN,,N/A,Closed,,The Department of Sanitation investigated this complaint and found no violation at the location.,01/24/2019 12:00:00 PM,01 BROOKLYN,,BROOKLYN,997930,197286,PHONE,Unspecified,BROOKLYN,,,,,,,,40.70817067807224,-73.95065768656428,"(40.70817067807224, -73.95065768656428)"
41512778,01/23/2019 04:54:00 PM,01/24/2019 12:00:00 PM,DSNY,Department of Sanitation,Dirty Conditions,E8 Canine Violation,Sidewalk,11207,667 VAN SICLEN AVENUE,VAN SICLEN AVENUE,BEND,HEGEMAN AVENUE,,,ADDRESS,BROOKLYN,,N/A,Closed,,The Department of Sanitation investigated this complaint and found no violation at the location.,01/24/2019 12:00:00 PM,05 BROOKLYN,3043050069,BROOKLYN,1015435,180875,PHONE,Unspecified,BROOKLYN,,,,,,,,40.66308189431933,-73.88759500872303,"(40.66308189431933, -73.88759500872303)"
41504141,01/23/2019 01:58:00 PM,01/26/2019 12:00:00 PM,DSNY,Department of Sanitation,Dirty Conditions,E8 Canine Violation,Sidewalk,11235,2990 BRIGHTON   12 STREET,BRIGHTON   12 STREET,BEND,OCEAN VIEW AVENUE,,,ADDRESS,BROOKLYN,,N/A,Closed,,The Department of Sanitation investigated this complaint and found no violation at the location.,01/26/2019 12:00:00 PM,13 BROOKLYN,3087110051,BROOKLYN,996347,150661,PHONE,Unspecified,BROOKLYN,,,,,,,,40.580197440350034,-73.95645100565585,"(40.580197440350034, -73.95645100565585)"
41498444,01/23/2019 01:40:00 PM,01/25/2019 12:00:00 PM,DSNY,Department of Sanitation,Dirty Conditions,E8 Canine Violation,Sidewalk,11226,1800 ALBERMARLE ROAD,ALBERMARLE ROAD,EAST 18 STREET,EAST 19 STREET,,,ADDRESS,BROOKLYN,,N/A,Closed,,The Department of Sanitation investigated this complaint and found no violation at the location.,01/25/2019 12:00:00 PM,14 BROOKLYN,3051220001,BROOKLYN,994665,175004,PHONE,Unspecified,BROOKLYN,,,,,,,,40.647016077701586,-73.96246862897249,"(40.647016077701586, -73.96246862897249)"
41499558,01/23/2019 08:47:00 AM,01/25/2019 12:00:00 PM,DSNY,Department of Sanitation,Dirty Conditions,E8 Canine Violation,Sidewalk,11238,563 CARLTON AVENUE,CARLTON AVENUE,DEAN STREET,BERGEN STREET,,,ADDRESS,BROOKLYN,,N/A,Closed,,The Department of Sanitation investigated this complaint and found no violation at the location.,01/25/2019 12:00:00 PM,08 BROOKLYN,3011370008,BROOKLYN,992231,187209,PHONE,Unspecified,BROOKLYN,,,,,,,,40.6805186254373,-73.97122531439241,"(40.6805186254373, -73.97122531439241)"
41498478,01/23/2019 07:59:00 AM,01/25/2019 12:00:00 PM,DSNY,Department of Sanitation,Dirty Conditions,E8 Canine Violation,Sidewalk,11362,57-26 HEWLETT STREET,HEWLETT STREET,57 AVENUE,60 AVENUE,,,ADDRESS,Little Neck,,N/A,Closed,,The Department of Sanitation investigated this complaint and found no violation at the location.,01/25/2019 12:00:00 PM,11 QUEENS,4083990177,QUEENS,1061835,217492,ONLINE,Unspecified,QUEENS,,,,,,,,40.76330130105904,-73.71992701226057,"(40.76330130105904, -73.71992701226057)"
41499539,01/23/2019 07:06:00 AM,01/23/2019 12:00:00 PM,DSNY,Department of Sanitation,Dirty Conditions,E8 Canine Violation,Sidewalk,11358,47-64 197 STREET,197 STREET,BEND,48 AVENUE,,,ADDRESS,Flushing,,N/A,Closed,,The Department of Sanitation investigated this complaint and found no violation at the location.,01/23/2019 12:00:00 PM,11 QUEENS,4056160063,QUEENS,1044417,213252,PHONE,Unspecified,QUEENS,,,,,,,,40.75179931660958,-73.7828416518364,"(40.75179931660958, -73.7828416518364)"
41493684,01/23/2019 06:13:00 AM,01/23/2019 12:00:00 PM,DSNY,Department of Sanitation,Dirty Conditions,E8 Canine Violation,Sidewalk,11216,273 HANCOCK STREET,HANCOCK STREET,MARCY AVENUE,TOMPKINS AVENUE,,,ADDRESS,BROOKLYN,,N/A,Closed,,The Department of Sanitation investigated this complaint and found no violation at the location.,01/23/2019 12:00:00 PM,03 BROOKLYN,3018340058,BROOKLYN,999441,188151,PHONE,Unspecified,BROOKLYN,,,,,,,,40.683094763629654,-73.94522827262524,"(40.683094763629654, -73.94522827262524)"
41494327,01/22/2019 10:23:00 PM,01/24/2019 12:00:00 PM,DSNY,Department of Sanitation,Dirty Conditions,E8 Canine Violation,Sidewalk,11373,40-40 78 STREET,78 STREET,ROOSEVELT AVENUE,41 AVENUE,,,ADDRESS,Elmhurst,,N/A,Closed,,The Department of Sanitation investigated this complaint and found no violation at the location.,01/24/2019 12:00:00 PM,04 QUEENS,4014880026,QUEENS,1015378,211275,ONLINE,Unspecified,QUEENS,,,,,,,,40.74652286369613,-73.88765993628716,"(40.74652286369613, -73.88765993628716)"
41492665,01/22/2019 03:13:00 PM,01/23/2019 12:00:00 PM,DSNY,Department of Sanitation,Dirty Conditions,E8 Canine Violation,Sidewalk,10467,774 WARING AVENUE,WARING AVENUE,WALLACE AVENUE,BARNES AVENUE,,,ADDRESS,BRONX,,N/A,Closed,,The Department of Sanitation investigated this complaint and found no violation at the location.,01/23/2019 12:00:00 PM,11 BRONX,2043520024,BRONX,1021744,253095,PHONE,Unspecified,BRONX,,,,,,,,40.8612824171764,-73.8644517123372,"(40.8612824171764, -73.8644517123372)"
41498459,01/22/2019 01:49:00 PM,01/23/2019 12:00:00 PM,DSNY,Department of Sanitation,Dirty Conditions,E8 Canine Violation,Sidewalk,11214,8018 21 AVENUE,21 AVENUE,80 STREET,81 STREET,,,ADDRESS,BROOKLYN,,N/A,Closed,,The Department of Sanitation investigated this complaint and found no violation at the location.,01/23/2019 12:00:00 PM,11 BROOKLYN,3062870045,BROOKLYN,986279,160250,PHONE,Unspecified,BROOKLYN,,,,,,,,40.60652534045699,-73.99269275427632,"(40.60652534045699, -73.99269275427632)"
41484703,01/21/2019 02:30:00 PM,01/23/2019 12:00:00 PM,DSNY,Department of Sanitation,Dirty Conditions,E8 Canine Violation,Sidewalk,11433,,,,,MERRICK BOULEVARD,110 AVENUE,INTERSECTION,Jamaica,,N/A,Closed,,The Department of Sanitation investigated this complaint and found no violation at the location.,01/23/2019 12:00:00 PM,12 QUEENS,,QUEENS,1044487,192921,ONLINE,Unspecified,QUEENS,,,,,,,,40.695995345656485,-73.78277097622183,"(40.695995345656485, -73.78277097622183)"
41491460,01/21/2019 02:08:00 PM,02/07/2019 12:00:00 PM,DSNY,Department of Sanitation,Dirty Conditions,E8 Canine Violation,Sidewalk,11432,150-19 84 ROAD,84 ROAD,150 STREET,151 STREET,,,ADDRESS,Jamaica,,N/A,Closed,,The Department of Sanitation investigated this complaint and found no violation at the location.,02/07/2019 12:00:00 PM,08 QUEENS,4097500022,QUEENS,1037173,199109,ONLINE,Unspecified,QUEENS,,,,,,,,40.713026670761614,-73.80909828746704,"(40.713026670761614, -73.80909828746704)"
41480685,01/21/2019 12:36:00 PM,01/22/2019 12:00:00 PM,DSNY,Department of Sanitation,Dirty Conditions,E8 Canine Violation,Sidewalk,11207,,,,,HEGEMAN AVENUE,NEW JERSEY AVENUE,INTERSECTION,BROOKLYN,,N/A,Closed,,The Department of Sanitation investigated this complaint and found no violation at the location.,01/22/2019 12:00:00 PM,05 BROOKLYN,,BROOKLYN,1014538,179855,PHONE,Unspecified,BROOKLYN,,,,,,,,40.66028533559314,-73.89083278510519,"(40.66028533559314, -73.89083278510519)"
41479252,01/21/2019 12:11:00 PM,01/23/2019 12:00:00 PM,DSNY,Department of Sanitation,Dirty Conditions,E8 Canine Violation,Sidewalk,11226,415 EAST   17 STREET,EAST   17 STREET,CORTELYOU ROAD,DORCHESTER ROAD,,,ADDRESS,BROOKLYN,,N/A,Closed,,The Department of Sanitation investigated this complaint and found no violation at the location.,01/23/2019 12:00:00 PM,14 BROOKLYN,3051600048,BROOKLYN,994684,172736,ONLINE,Unspecified,BROOKLYN,,,,,,,,40.640790884053516,-73.9624036685927,"(40.640790884053516, -73.9624036685927)"
41479952,01/20/2019 11:37:00 PM,01/23/2019 12:00:00 PM,DSNY,Department of Sanitation,Dirty Conditions,E8 Canine Violation,Sidewalk,10030,137 EDGECOMBE AVENUE,EDGECOMBE AVENUE,WEST 141 STREET,WEST 142 STREET,,,ADDRESS,NEW YORK,,N/A,Closed,,The Department of Sanitation investigated this complaint and found no violation at the location.,01/23/2019 12:00:00 PM,09 MANHATTAN,1020510013,MANHATTAN,999465,238461,ONLINE,Unspecified,MANHATTAN,,,,,,,,40.82118287522514,-73.94502790462121,"(40.82118287522514, -73.94502790462121)"
41479873,01/20/2019 02:42:00 PM,01/20/2019 02:42:00 PM,DSNY,Department of Sanitation,Dirty Conditions,E8 Canine Violation,Sidewalk,11216,94 DECATUR STREET,DECATUR STREET,THROOP AVENUE,ALBANY AVENUE,,,ADDRESS,BROOKLYN,,N/A,Closed,,The Department of Sanitation investigated this complaint and found no violation at the location.,01/20/2019 02:42:00 PM,03 BROOKLYN,3018580011,BROOKLYN,1000987,187287,ONLINE,Unspecified,BROOKLYN,,,,,,,,40.68072049241266,-73.93965625857804,"(40.68072049241266, -73.93965625857804)"
41472750,01/19/2019 02:14:00 PM,01/23/2019 12:00:00 PM,DSNY,Department of Sanitation,Dirty Conditions,E8 Canine Violation,Sidewalk,11361,42-38 204 STREET,204 STREET,42 AVENUE,43 AVENUE,,,ADDRESS,Bayside,,N/A,Closed,,The Department of Sanitation investigated this complaint and found no violation at the location.,01/23/2019 12:00:00 PM,11 QUEENS,4062640024,QUEENS,1045182,216118,ONLINE,Unspecified,QUEENS,,,,,,,,40.75966049372018,-73.78005460669443,"(40.75966049372018, -73.78005460669443)"
41465730,01/19/2019 01:27:00 PM,01/20/2019 12:00:00 PM,DSNY,Department of Sanitation,Dirty Conditions,E8 Canine Violation,Sidewalk,11210,1968 NOSTRAND AVENUE,NOSTRAND AVENUE,FOSTER AVENUE,FARRAGUT ROAD,,,ADDRESS,BROOKLYN,,N/A,Closed,,The Department of Sanitation investigated this complaint and found no violation at the location.,01/20/2019 12:00:00 PM,14 BROOKLYN,,BROOKLYN,998637,171549,PHONE,Unspecified,BROOKLYN,,,,,,,,40.63752728442504,-73.94816254732797,"(40.63752728442504, -73.94816254732797)"
42774383,01/19/2019 12:02:00 PM,05/24/2019 12:00:00 PM,DSNY,Department of Sanitation,Dirty Conditions,E8 Canine Violation,Sidewalk,11370,80-02 GRAND CENTRAL PARKWAY,GRAND CENTRAL PARKWAY,,,,,ADDRESS,East Elmhurst,,N/A,Closed,,The Department of Sanitation investigated this complaint and found no violation at the location.,05/24/2019 12:00:00 PM,03 QUEENS,4010330001,QUEENS,1014994,218410,ONLINE,Unspecified,QUEENS,,,,,,,,40.76610794807113,-73.8890131542506,"(40.76610794807113, -73.8890131542506)"
43736061,01/19/2019 08:45:00 AM,09/05/2019 12:00:00 PM,DSNY,Department of Sanitation,Dirty Conditions,E8 Canine Violation,Sidewalk,10040,,,,,BROADWAY TERRACE,FAIRVIEW AVENUE,INTERSECTION,NEW YORK,,N/A,Closed,,The Department of Sanitation investigated this complaint and found no violation at the location.,09/05/2019 12:00:00 PM,12 MANHATTAN,,MANHATTAN,1003206,251459,ONLINE,Unspecified,MANHATTAN,,,,,,,,40.85685135955484,-73.93147486551177,"(40.85685135955484, -73.93147486551177)"
41467330,01/19/2019 03:40:00 AM,01/22/2019 12:00:00 PM,DSNY,Department of Sanitation,Dirty Conditions,E8 Canine Violation,Sidewalk,10467,,,,,OLINVILLE AVENUE,WARING AVENUE,INTERSECTION,BRONX,,N/A,Closed,,The Department of Sanitation investigated this complaint and found no violation at the location.,01/22/2019 12:00:00 PM,11 BRONX,,BRONX,1020625,253123,PHONE,Unspecified,BRONX,,,,,,,,40.86136395029996,-73.86849696237273,"(40.86136395029996, -73.86849696237273)"
41465380,01/18/2019 02:13:00 PM,01/19/2019 12:00:00 PM,DSNY,Department of Sanitation,Dirty Conditions,E8 Canine Violation,Sidewalk,11215,150 PROSPECT PARK WEST,PROSPECT PARK WEST,9 STREET,10 STREET,,,ADDRESS,BROOKLYN,,N/A,Closed,,The Department of Sanitation investigated this complaint and found no violation at the location.,01/19/2019 12:00:00 PM,06 BROOKLYN,3010930038,BROOKLYN,990546,181216,PHONE,Unspecified,BROOKLYN,,,,,,,,40.664070543754725,-73.97730600840323,"(40.664070543754725, -73.97730600840323)"
41458053,01/18/2019 01:22:00 PM,01/23/2019 12:00:00 PM,DSNY,Department of Sanitation,Dirty Conditions,E8 Canine Violation,Sidewalk,10472,1040 WARD AVENUE,WARD AVENUE,BRUCKNER BOULEVARD,WATSON AVENUE,,,ADDRESS,BRONX,,N/A,Closed,,The Department of Sanitation investigated this complaint and found no violation at the location.,01/23/2019 12:00:00 PM,09 BRONX,2037160021,BRONX,1018451,239887,MOBILE,Unspecified,BRONX,,,,,,,,40.8250437307001,-73.8764239092275,"(40.8250437307001, -73.8764239092275)"
41462332,01/18/2019 01:12:00 PM,01/23/2019 12:00:00 PM,DSNY,Department of Sanitation,Dirty Conditions,E8 Canine Violation,Sidewalk,10455,605 BROOK AVENUE,BROOK AVENUE,WESTCHESTER AVENUE,EAST 152 STREET,,,ADDRESS,BRONX,,N/A,Closed,,The Department of Sanitation investigated this complaint and found no violation at the location.,01/23/2019 12:00:00 PM,01 BRONX,2023610001,BRONX,1008039,236777,ONLINE,Unspecified,BRONX,,,,,,,,40.81654184180758,-73.9140558591525,"(40.81654184180758, -73.9140558591525)"
41456140,01/18/2019 01:01:00 PM,01/22/2019 12:00:00 PM,DSNY,Department of Sanitation,Dirty Conditions,E8 Canine Violation,Sidewalk,10040,610 WEST  196 STREET,WEST  196 STREET,ELLWOOD STREET,BEND,,,ADDRESS,NEW YORK,,N/A,Closed,,The Department of Sanitation investigated this complaint and found no violation at the location.,01/22/2019 12:00:00 PM,12 MANHATTAN,1021720120,MANHATTAN,1003851,252874,PHONE,Unspecified,MANHATTAN,,,,,,,,40.86073370018946,-73.92913908105919,"(40.86073370018946, -73.92913908105919)"
41459822,01/18/2019 12:20:00 PM,01/23/2019 12:00:00 PM,DSNY,Department of Sanitation,Dirty Conditions,E8 Canine Violation,Sidewalk,11419,127-08 101 AVENUE,101 AVENUE,127 STREET,129 STREET,,,ADDRESS,South Richmond Hill,,N/A,Closed,,The Department of Sanitation investigated this complaint and found no violation at the location.,01/23/2019 12:00:00 PM,09 QUEENS,4094940003,QUEENS,1034498,191438,PHONE,Unspecified,QUEENS,,,,,,,,40.69198721687566,-73.81880464793058,"(40.69198721687566, -73.81880464793058)"
41461802,01/18/2019 11:58:00 AM,01/22/2019 12:00:00 PM,DSNY,Department of Sanitation,Dirty Conditions,E8 Canine Violation,Sidewalk,10467,,,,,WARING AVENUE,WALLACE AVENUE,INTERSECTION,BRONX,,N/A,Closed,,The Department of Sanitation investigated this complaint and found no violation at the location.,01/22/2019 12:00:00 PM,11 BRONX,,BRONX,1021705,253099,PHONE,Unspecified,BRONX,,,,,,,,40.86129356151094,-73.86459268253708,"(40.86129356151094, -73.86459268253708)"
41462777,01/18/2019 10:31:00 AM,01/22/2019 12:00:00 PM,DSNY,Department of Sanitation,Dirty Conditions,E8 Canine Violation,Sidewalk,11436,126-29 145 STREET,145 STREET,BEND,SUTTER AVENUE,,,ADDRESS,Jamaica,,N/A,Closed,,The Department of Sanitation investigated this complaint and found no violation at the location.,01/22/2019 12:00:00 PM,12 QUEENS,4120630120,QUEENS,1041436,184665,PHONE,Unspecified,QUEENS,,,,,,,,40.673354815186975,-73.79384363956575,"(40.673354815186975, -73.79384363956575)"
41457127,01/18/2019 10:16:00 AM,01/22/2019 12:00:00 PM,DSNY,Department of Sanitation,Dirty Conditions,E8 Canine Violation,Sidewalk,11378,64-69 59 AVENUE,59 AVENUE,BEND,66 STREET,,,ADDRESS,Maspeth,,N/A,Closed,,The Department of Sanitation investigated this complaint and found no violation at the location.,01/22/2019 12:00:00 PM,05 QUEENS,4027530287,QUEENS,1012292,201735,ONLINE,Unspecified,QUEENS,,,,,,,,40.720348251763056,-73.89883697329999,"(40.720348251763056, -73.89883697329999)"
41457136,01/18/2019 09:18:00 AM,01/19/2019 12:00:00 PM,DSNY,Department of Sanitation,Dirty Conditions,E8 Canine Violation,Sidewalk,11238,203 UNDERHILL AVENUE,UNDERHILL AVENUE,STERLING PLACE,ST JOHNS PLACE,,,ADDRESS,BROOKLYN,,N/A,Closed,,The Department of Sanitation investigated this complaint and found no violation at the location.,01/19/2019 12:00:00 PM,08 BROOKLYN,3011730001,BROOKLYN,993463,185128,ONLINE,Unspecified,BROOKLYN,,,,,,,,40.674805554644806,-73.96678630861247,"(40.674805554644806, -73.96678630861247)"
41459070,01/17/2019 08:52:00 PM,01/22/2019 12:00:00 PM,DSNY,Department of Sanitation,Dirty Conditions,E8 Canine Violation,Sidewalk,11377,,,,,51 STREET,31 AVENUE,INTERSECTION,Woodside,,N/A,Closed,,The Department of Sanitation investigated this complaint and found no violation at the location.,01/22/2019 12:00:00 PM,01 QUEENS,,QUEENS,1009786,215085,ONLINE,Unspecified,QUEENS,,,,,,,,40.75699825985189,-73.90782681972031,"(40.75699825985189, -73.90782681972031)"
41460718,01/17/2019 06:50:00 PM,01/22/2019 12:00:00 PM,DSNY,Department of Sanitation,Dirty Conditions,E8 Canine Violation,Sidewalk,10031,415 CONVENT AVENUE,CONVENT AVENUE,WEST 147 STREET,WEST 148 STREET,,,ADDRESS,NEW YORK,,N/A,Closed,,The Department of Sanitation investigated this complaint and found no violation at the location.,01/22/2019 12:00:00 PM,09 MANHATTAN,1020620046,MANHATTAN,999486,240353,PHONE,Unspecified,MANHATTAN,,,,,,,,40.826375841341026,-73.94494773510833,"(40.826375841341026, -73.94494773510833)"
41458909,01/17/2019 03:10:00 PM,01/23/2019 12:00:00 PM,DSNY,Department of Sanitation,Dirty Conditions,E8 Canine Violation,Sidewalk,11692,343 BEACH   54 STREET,BEACH   54 STREET,ARVERNE BOULEVARD,BEACH CHANNEL DRIVE,,,ADDRESS,Arverne,,N/A,Closed,,The Department of Sanitation investigated this complaint and found no violation at the location.,01/23/2019 12:00:00 PM,14 QUEENS,4158920001,QUEENS,1044123,155625,PHONE,Unspecified,QUEENS,,,,,,,,40.59362865742051,-73.78441465469948,"(40.59362865742051, -73.78441465469948)"
41456132,01/17/2019 02:55:00 PM,01/23/2019 12:00:00 PM,DSNY,Department of Sanitation,Dirty Conditions,E8 Canine Violation,Sidewalk,10471,6141 BROADWAY,BROADWAY,MANHATTAN COLLEGE PARKWAY,WEST 251 STREET,,,ADDRESS,BRONX,,N/A,Closed,,The Department of Sanitation investigated this complaint and found no violation at the location.,01/23/2019 12:00:00 PM,08 BRONX,2058141195,BRONX,1012843,265269,PHONE,Unspecified,BRONX,,,,,,,,40.89472957127807,-73.89657860603738,"(40.89472957127807, -73.89657860603738)"
41453237,01/17/2019 12:58:00 PM,01/22/2019 12:00:00 PM,DSNY,Department of Sanitation,Dirty Conditions,E8 Canine Violation,Sidewalk,11379,63-31 71 STREET,71 STREET,BEND,PENELOPE AVENUE,,,ADDRESS,Middle Village,,N/A,Closed,,The Department of Sanitation investigated this complaint and found no violation at the location.,01/22/2019 12:00:00 PM,05 QUEENS,4029800170,QUEENS,1016380,200425,ONLINE,Unspecified,QUEENS,,,,,,,,40.71673871697236,-73.88409556211495,"(40.71673871697236, -73.88409556211495)"
41454790,01/17/2019 12:37:00 PM,01/18/2019 12:00:00 PM,DSNY,Department of Sanitation,Dirty Conditions,E8 Canine Violation,Sidewalk,11222,177 KINGSLAND AVENUE,KINGSLAND AVENUE,MEEKER AVENUE,DRIGGS AVENUE,,,ADDRESS,BROOKLYN,,N/A,Closed,,The Department of Sanitation investigated this complaint and found no violation at the location.,01/18/2019 12:00:00 PM,01 BROOKLYN,3027050032,BROOKLYN,1000556,202586,PHONE,Unspecified,BROOKLYN,,,,,,,,40.72271345724817,-73.94117314694945,"(40.72271345724817, -73.94117314694945)"
41449845,01/17/2019 11:43:00 AM,01/22/2019 12:00:00 PM,DSNY,Department of Sanitation,Dirty Conditions,E8 Canine Violation,Sidewalk,10460,,,,,FAIRMOUNT PLACE,MARMION AVENUE,INTERSECTION,BRONX,,N/A,Closed,,The Department of Sanitation investigated this complaint and found no violation at the location.,01/22/2019 12:00:00 PM,06 BRONX,,BRONX,1015279,246104,PHONE,Unspecified,BRONX,,,,,,,,40.84211930280009,-73.8878563045601,"(40.84211930280009, -73.8878563045601)"
41448034,01/17/2019 10:47:00 AM,01/22/2019 12:00:00 PM,DSNY,Department of Sanitation,Dirty Conditions,E8 Canine Violation,Sidewalk,10460,1500 LONGFELLOW AVENUE,LONGFELLOW AVENUE,JENNINGS STREET,EAST 172 STREET,,,ADDRESS,BRONX,,N/A,Closed,,The Department of Sanitation investigated this complaint and found no violation at the location.,01/22/2019 12:00:00 PM,03 BRONX,2030080017,BRONX,1015645,242532,PHONE,Unspecified,BRONX,,,,,,,,40.83231391270322,-73.88655024417346,"(40.83231391270322, -73.88655024417346)"
41454791,01/17/2019 10:14:00 AM,01/19/2019 12:00:00 PM,DSNY,Department of Sanitation,Dirty Conditions,E8 Canine Violation,Sidewalk,11235,,,,,SEA COAST TERRACE,BRIGHTON BEACH AVENUE,INTERSECTION,BROOKLYN,,N/A,Closed,,The Department of Sanitation investigated this complaint and found no violation at the location.,01/19/2019 12:00:00 PM,13 BROOKLYN,,BROOKLYN,996262,149844,PHONE,Unspecified,BROOKLYN,,,,,,,,40.57795505230218,-73.95675845604949,"(40.57795505230218, -73.95675845604949)"
41447130,01/17/2019 08:45:00 AM,01/22/2019 12:00:00 PM,DSNY,Department of Sanitation,Dirty Conditions,E8 Canine Violation,Sidewalk,10457,,,,,BROOK AVENUE,CLAREMONT PARKWAY,INTERSECTION,BRONX,,N/A,Closed,,The Department of Sanitation investigated this complaint and found no violation at the location.,01/22/2019 12:00:00 PM,03 BRONX,,BRONX,1010662,245143,ONLINE,Unspecified,BRONX,,,,,,,,40.839496655882,-73.90454664042353,"(40.839496655882, -73.90454664042353)"
41454154,01/17/2019 07:44:00 AM,01/21/2019 12:00:00 PM,DSNY,Department of Sanitation,Dirty Conditions,E8 Canine Violation,Sidewalk,10312,119 MCARTHUR AVENUE,MCARTHUR AVENUE,VAN ALLEN AVENUE,BEND,,,ADDRESS,STATEN ISLAND,,N/A,Closed,,The Department of Sanitation investigated this complaint and found no violation at the location.,01/21/2019 12:00:00 PM,03 STATEN ISLAND,5056720018,STATEN ISLAND,934832,141376,ONLINE,Unspecified,STATEN ISLAND,,,,,,,,40.55458248536015,-74.1778358704969,"(40.55458248536015, -74.1778358704969)"
41451730,01/16/2019 07:00:00 PM,01/22/2019 12:00:00 PM,DSNY,Department of Sanitation,Dirty Conditions,E8 Canine Violation,Sidewalk,11106,32-59 34 STREET,34 STREET,BROADWAY,34 AVENUE,,,ADDRESS,Astoria,,N/A,Closed,,The Department of Sanitation investigated this complaint and found no violation at the location.,01/22/2019 12:00:00 PM,01 QUEENS,4006220015,QUEENS,1005488,216326,PHONE,Unspecified,QUEENS,,,,,,,,40.76041585464715,-73.92333668802466,"(40.76041585464715, -73.92333668802466)"
41454153,01/16/2019 05:18:00 PM,01/22/2019 12:00:00 PM,DSNY,Department of Sanitation,Dirty Conditions,E8 Canine Violation,Sidewalk,10460,2075 HONEYWELL AVENUE,HONEYWELL AVENUE,EAST 179 STREET,EAST 180 STREET,,,ADDRESS,BRONX,,N/A,Closed,,The Department of Sanitation investigated this complaint and found no violation at the location.,01/22/2019 12:00:00 PM,06 BRONX,2031230067,BRONX,1016668,246983,PHONE,Unspecified,BRONX,,,,,,,,40.844526908405456,-73.88283199627526,"(40.844526908405456, -73.88283199627526)"
41447105,01/16/2019 04:42:00 PM,01/22/2019 12:00:00 PM,DSNY,Department of Sanitation,Dirty Conditions,E8 Canine Violation,Sidewalk,11435,108-16 PINEGROVE STREET,PINEGROVE STREET,LAKEWOOD AVENUE,109 AVENUE,,,ADDRESS,Jamaica,,N/A,Closed,,The Department of Sanitation investigated this complaint and found no violation at the location.,01/22/2019 12:00:00 PM,12 QUEENS,4119310017,QUEENS,1038741,190446,ONLINE,Unspecified,QUEENS,,,,,,,,40.68923930528342,-73.80351237327778,"(40.68923930528342, -73.80351237327778)"
41446093,01/16/2019 03:33:00 PM,01/17/2019 12:00:00 PM,DSNY,Department of Sanitation,Dirty Conditions,E8 Canine Violation,Sidewalk,11214,8674 24 AVENUE,24 AVENUE,86 STREET,BENSON AVENUE,,,ADDRESS,BROOKLYN,,N/A,Closed,,The Department of Sanitation investigated this complaint and found no violation at the location.,01/17/2019 12:00:00 PM,11 BROOKLYN,3068630074,BROOKLYN,986816,157127,PHONE,Unspecified,BROOKLYN,,,,,,,,40.59795320096782,-73.99075998751863,"(40.59795320096782, -73.99075998751863)"
41451731,01/16/2019 03:29:00 PM,01/22/2019 12:00:00 PM,DSNY,Department of Sanitation,Dirty Conditions,E8 Canine Violation,Sidewalk,11373,40-29 78 STREET,78 STREET,ROOSEVELT AVENUE,41 AVENUE,,,ADDRESS,Elmhurst,,N/A,Closed,,The Department of Sanitation investigated this complaint and found no violation at the location.,01/22/2019 12:00:00 PM,04 QUEENS,4014890049,QUEENS,1015377,211326,PHONE,Unspecified,QUEENS,,,,,,,,40.746662849300854,-73.8876633092152,"(40.746662849300854, -73.8876633092152)"
41452622,01/16/2019 01:22:00 PM,01/17/2019 12:00:00 PM,DSNY,Department of Sanitation,Dirty Conditions,E8 Canine Violation,Sidewalk,11230,1620 EAST    2 STREET,EAST    2 STREET,AVENUE O,AVENUE P,,,ADDRESS,BROOKLYN,,N/A,Closed,,The Department of Sanitation investigated this complaint and found no violation at the location.,01/17/2019 12:00:00 PM,12 BROOKLYN,3066087501,BROOKLYN,991980,161581,PHONE,Unspecified,BROOKLYN,,,,,,,,40.61017552336286,-73.97215963588152,"(40.61017552336286, -73.97215963588152)"
41436760,01/16/2019 12:38:00 PM,01/22/2019 12:00:00 PM,DSNY,Department of Sanitation,Dirty Conditions,E8 Canine Violation,Sidewalk,11367,147-04 72 DRIVE,72 DRIVE,147 STREET,150 STREET,,,ADDRESS,Flushing,,N/A,Closed,,The Department of Sanitation investigated this complaint and found no violation at the location.,01/22/2019 12:00:00 PM,08 QUEENS,4066810038,QUEENS,1034476,203831,PHONE,Unspecified,QUEENS,,,,,,,,40.72600311794741,-73.81879153329955,"(40.72600311794741, -73.81879153329955)"
41438994,01/16/2019 09:31:00 AM,01/20/2019 12:00:00 PM,DSNY,Department of Sanitation,Dirty Conditions,E8 Canine Violation,Sidewalk,10304,,,,,GORDON STREET,FREAN STREET,INTERSECTION,STATEN ISLAND,,N/A,Closed,,The Department of Sanitation investigated this complaint and found no violation at the location.,01/20/2019 12:00:00 PM,01 STATEN ISLAND,,STATEN ISLAND,961401,167400,PHONE,Unspecified,STATEN ISLAND,,,,,,,,40.626121375603915,-74.08231261883707,"(40.626121375603915, -74.08231261883707)"
41440097,01/16/2019 08:56:00 AM,01/22/2019 12:00:00 PM,DSNY,Department of Sanitation,Dirty Conditions,E8 Canine Violation,Sidewalk,11358,47-17 190 STREET,190 STREET,47 AVENUE,48 AVENUE,,,ADDRESS,Flushing,,N/A,Closed,,The Department of Sanitation investigated this complaint and found no violation at the location.,01/22/2019 12:00:00 PM,11 QUEENS,4056080065,QUEENS,1042630,212831,ONLINE,Unspecified,QUEENS,,,,,,,,40.75065576022598,-73.78929502921892,"(40.75065576022598, -73.78929502921892)"
41440098,01/16/2019 08:56:00 AM,01/17/2019 12:00:00 PM,DSNY,Department of Sanitation,Dirty Conditions,E8 Canine Violation,Sidewalk,11229,,,,,STUART STREET,AVENUE U,INTERSECTION,BROOKLYN,,N/A,Closed,,The Department of Sanitation investigated this complaint and found no violation at the location.,01/17/2019 12:00:00 PM,15 BROOKLYN,,BROOKLYN,1002504,158692,PHONE,Unspecified,BROOKLYN,,,,,,,,40.60223038063626,-73.93426422115618,"(40.60223038063626, -73.93426422115618)"
41441058,01/16/2019 01:04:00 AM,01/17/2019 12:00:00 PM,DSNY,Department of Sanitation,Dirty Conditions,E8 Canine Violation,Sidewalk,11203,,,,,LINDEN BOULEVARD,BROOKLYN AVENUE,INTERSECTION,BROOKLYN,,N/A,Closed,,The Department of Sanitation investigated this complaint and found no violation at the location.,01/17/2019 12:00:00 PM,17 BROOKLYN,,BROOKLYN,999788,177177,ONLINE,Unspecified,BROOKLYN,,,,,,,,40.652972983260085,-73.94400244506079,"(40.652972983260085, -73.94400244506079)"
41441100,01/15/2019 05:51:00 PM,01/22/2019 12:00:00 PM,DSNY,Department of Sanitation,Dirty Conditions,E8 Canine Violation,Sidewalk,10032,82 ST NICHOLAS PLACE,ST NICHOLAS PLACE,WEST 153 STREET,EDGECOMBE AVENUE,,,ADDRESS,NEW YORK,,N/A,Closed,,The Department of Sanitation investigated this complaint and found no violation at the location.,01/22/2019 12:00:00 PM,09 MANHATTAN,1020540075,MANHATTAN,1000689,241581,ONLINE,Unspecified,MANHATTAN,,,,,,,,40.82974419277881,-73.94059792549034,"(40.82974419277881, -73.94059792549034)"
41439018,01/15/2019 05:49:00 PM,01/22/2019 12:00:00 PM,DSNY,Department of Sanitation,Dirty Conditions,E8 Canine Violation,Sidewalk,10032,74 ST NICHOLAS PLACE,ST NICHOLAS PLACE,WEST 153 STREET,EDGECOMBE AVENUE,,,ADDRESS,NEW YORK,,N/A,Closed,,The Department of Sanitation investigated this complaint and found no violation at the location.,01/22/2019 12:00:00 PM,09 MANHATTAN,1020540082,MANHATTAN,1000625,241461,ONLINE,Unspecified,MANHATTAN,,,,,,,,40.82941494609932,-73.94082948134083,"(40.82941494609932, -73.94082948134083)"
41444653,01/15/2019 05:20:00 PM,01/22/2019 12:00:00 PM,DSNY,Department of Sanitation,Dirty Conditions,E8 Canine Violation,Sidewalk,11361,200-12 39 AVENUE,39 AVENUE,FRANCIS LEWIS BOULEVARD,203 STREET,,,ADDRESS,Bayside,,N/A,Closed,,The Department of Sanitation investigated this complaint and found no violation at the location.,01/22/2019 12:00:00 PM,11 QUEENS,4062020067,QUEENS,1043887,217078,PHONE,Unspecified,QUEENS,,,,,,,,40.762304269235486,-73.78472061484717,"(40.762304269235486, -73.78472061484717)"
41438001,01/15/2019 04:27:00 PM,01/22/2019 12:00:00 PM,DSNY,Department of Sanitation,Dirty Conditions,E8 Canine Violation,Sidewalk,11367,153-22 78 AVENUE,78 AVENUE,153 STREET,PARSONS BOULEVARD,,,ADDRESS,Flushing,,N/A,Closed,,The Department of Sanitation investigated this complaint and found no violation at the location.,01/22/2019 12:00:00 PM,08 QUEENS,4068140011,QUEENS,1036602,202435,PHONE,Unspecified,QUEENS,,,,,,,,40.72215911842665,-73.81113210172025,"(40.72215911842665, -73.81113210172025)"
41442650,01/15/2019 04:02:00 PM,01/16/2019 12:00:00 PM,DSNY,Department of Sanitation,Dirty Conditions,E8 Canine Violation,Sidewalk,11220,538 56 STREET,56 STREET,5 AVENUE,6 AVENUE,,,ADDRESS,BROOKLYN,,N/A,Closed,,The Department of Sanitation investigated this complaint and found no violation at the location.,01/16/2019 12:00:00 PM,07 BROOKLYN,3008400022,BROOKLYN,980672,172875,PHONE,Unspecified,BROOKLYN,,,,,,,,40.64117783243125,-74.01289251008315,"(40.64117783243125, -74.01289251008315)"
41444652,01/15/2019 03:32:00 PM,01/16/2019 12:00:00 PM,DSNY,Department of Sanitation,Dirty Conditions,E8 Canine Violation,Sidewalk,11204,1715 73 STREET,73 STREET,17 AVENUE,18 AVENUE,,,ADDRESS,BROOKLYN,,N/A,Closed,,The Department of Sanitation investigated this complaint and found no violation at the location.,01/16/2019 12:00:00 PM,11 BROOKLYN,3061930078,BROOKLYN,985203,163572,ONLINE,Unspecified,BROOKLYN,,,,,,,,40.61564372829673,-73.99656739456869,"(40.61564372829673, -73.99656739456869)"
41442442,01/15/2019 03:11:00 PM,01/22/2019 12:00:00 PM,DSNY,Department of Sanitation,Dirty Conditions,E8 Canine Violation,Sidewalk,10462,,,,,BARNES AVENUE,LYDIG AVENUE,INTERSECTION,BRONX,,N/A,Closed,,The Department of Sanitation investigated this complaint and found no violation at the location.,01/22/2019 12:00:00 PM,11 BRONX,,BRONX,1021908,250597,PHONE,Unspecified,BRONX,,,,,,,,40.854425465926475,-73.8638728544929,"(40.854425465926475, -73.8638728544929)"
41428075,01/15/2019 01:03:00 PM,01/16/2019 12:00:00 PM,DSNY,Department of Sanitation,Dirty Conditions,E8 Canine Violation,Sidewalk,11228,1422 76 STREET,76 STREET,14 AVENUE,15 AVENUE,,,ADDRESS,BROOKLYN,,N/A,Closed,,The Department of Sanitation investigated this complaint and found no violation at the location.,01/16/2019 12:00:00 PM,11 BROOKLYN,3062340017,BROOKLYN,982811,164414,PHONE,Unspecified,BROOKLYN,,,,,,,,40.6179547781794,-74.0051833055977,"(40.6179547781794, -74.0051833055977)"
41430553,01/15/2019 12:00:00 PM,01/22/2019 12:00:00 PM,DSNY,Department of Sanitation,Dirty Conditions,E8 Canine Violation,Sidewalk,10017,,,,,EAST 45 STREET,VANDERBILT AVENUE,INTERSECTION,NEW YORK,,N/A,Closed,,The Department of Sanitation investigated this complaint and found no violation at the location.,01/22/2019 12:00:00 PM,05 MANHATTAN,,MANHATTAN,990630,214107,ONLINE,Unspecified,MANHATTAN,,,,,,,,40.754348472680924,-73.97697206313195,"(40.754348472680924, -73.97697206313195)"
41430546,01/15/2019 11:29:00 AM,01/22/2019 12:00:00 PM,DSNY,Department of Sanitation,Dirty Conditions,E8 Canine Violation,Sidewalk,10030,139 EDGECOMBE AVENUE,EDGECOMBE AVENUE,WEST 141 STREET,WEST 142 STREET,,,ADDRESS,NEW YORK,,N/A,Closed,,The Department of Sanitation investigated this complaint and found no violation at the location.,01/22/2019 12:00:00 PM,09 MANHATTAN,1020510014,MANHATTAN,999473,238485,ONLINE,Unspecified,MANHATTAN,,,,,,,,40.82124873464926,-73.94499894602534,"(40.82124873464926, -73.94499894602534)"
41429340,01/15/2019 11:27:00 AM,01/23/2019 12:00:00 PM,DSNY,Department of Sanitation,Dirty Conditions,E8 Canine Violation,Sidewalk,10017,,,,,EAST 47 STREET,MADISON AVENUE,INTERSECTION,NEW YORK,,N/A,Closed,,The Department of Sanitation investigated this complaint and found no violation at the location.,01/23/2019 12:00:00 PM,05 MANHATTAN,,MANHATTAN,990633,214701,ONLINE,Unspecified,MANHATTAN,,,,,,,,40.75597884936657,-73.97696067105139,"(40.75597884936657, -73.97696067105139)"
41428038,01/15/2019 10:33:00 AM,01/16/2019 12:00:00 PM,DSNY,Department of Sanitation,Dirty Conditions,E8 Canine Violation,Sidewalk,11211,160 AINSLIE STREET,AINSLIE STREET,LORIMER STREET,LEONARD STREET,,,ADDRESS,BROOKLYN,,N/A,Closed,,The Department of Sanitation investigated this complaint and found no violation at the location.,01/16/2019 12:00:00 PM,01 BROOKLYN,3027740015,BROOKLYN,998581,198930,ONLINE,Unspecified,BROOKLYN,,,,,,,,40.71268203656798,-73.94830609961215,"(40.71268203656798, -73.94830609961215)"
41434226,01/15/2019 10:18:00 AM,01/20/2019 12:00:00 PM,DSNY,Department of Sanitation,Dirty Conditions,E8 Canine Violation,Sidewalk,10303,41 GIORDAN COURT,GIORDAN COURT,BEND,DEAD END,,,ADDRESS,STATEN ISLAND,,N/A,Closed,,The Department of Sanitation investigated this complaint and found no violation at the location.,01/20/2019 12:00:00 PM,01 STATEN ISLAND,5011880175,STATEN ISLAND,941542,171143,ONLINE,Unspecified,STATEN ISLAND,,,,,,,,40.63632162427303,-74.15387745461373,"(40.63632162427303, -74.15387745461373)"
41428069,01/15/2019 08:41:00 AM,01/16/2019 12:00:00 PM,DSNY,Department of Sanitation,Dirty Conditions,E8 Canine Violation,Sidewalk,11235,,,,,OCEANVIEW AVENUE,BRIGHTON 12 STREET,INTERSECTION,BROOKLYN,,N/A,Closed,,The Department of Sanitation investigated this complaint and found no violation at the location.,01/16/2019 12:00:00 PM,13 BROOKLYN,,BROOKLYN,996287,150541,ONLINE,Unspecified,BROOKLYN,,,,,,,,40.579868145752705,-73.95666721830213,"(40.579868145752705, -73.95666721830213)"
41435525,01/15/2019 08:01:00 AM,01/16/2019 12:00:00 PM,DSNY,Department of Sanitation,Dirty Conditions,E8 Canine Violation,Sidewalk,10451,924 TELLER AVENUE,TELLER AVENUE,EAST 162 STREET,EAST 163 STREET,,,ADDRESS,BRONX,,N/A,Closed,,The Department of Sanitation investigated this complaint and found no violation at the location.,01/16/2019 12:00:00 PM,04 BRONX,2024220064,BRONX,1007662,240353,PHONE,Unspecified,BRONX,,,,,,,,40.826357953869305,-73.91540539546756,"(40.826357953869305, -73.91540539546756)"
41434232,01/14/2019 06:13:00 PM,01/16/2019 12:00:00 PM,DSNY,Department of Sanitation,Dirty Conditions,E8 Canine Violation,Sidewalk,11369,25-15 94 STREET,94 STREET,25 AVENUE,ASTORIA BOULEVARD,,,ADDRESS,East Elmhurst,,N/A,Closed,,The Department of Sanitation investigated this complaint and found no violation at the location.,01/16/2019 12:00:00 PM,03 QUEENS,4013680045,QUEENS,1018746,217624,ONLINE,Unspecified,QUEENS,,,,,,,,40.76393673906714,-73.87547236251379,"(40.76393673906714, -73.87547236251379)"
41428037,01/14/2019 04:09:00 PM,01/16/2019 12:00:00 PM,DSNY,Department of Sanitation,Dirty Conditions,E8 Canine Violation,Sidewalk,10466,730 EAST  236 STREET,EAST  236 STREET,FURMAN AVENUE,BYRON AVENUE,,,ADDRESS,BRONX,,N/A,Closed,,The Department of Sanitation investigated this complaint and found no violation at the location.,01/16/2019 12:00:00 PM,12 BRONX,2049990068,BRONX,1024355,265466,PHONE,Unspecified,BRONX,,,,,,,,40.89522545852203,-73.85493838071939,"(40.89522545852203, -73.85493838071939)"
41430534,01/14/2019 04:06:00 PM,01/16/2019 12:00:00 PM,DSNY,Department of Sanitation,Dirty Conditions,E8 Canine Violation,Sidewalk,10466,777 WHITE HALL PLACE,WHITE HALL PLACE,BYRON AVENUE,BARNES AVENUE,,,ADDRESS,BRONX,,N/A,Closed,,The Department of Sanitation investigated this complaint and found no violation at the location.,01/16/2019 12:00:00 PM,12 BRONX,2050450064,BRONX,1024802,265655,PHONE,Unspecified,BRONX,,,,,,,,40.89574215957704,-73.85332041957261,"(40.89574215957704, -73.85332041957261)"
41435526,01/14/2019 04:03:00 PM,01/16/2019 12:00:00 PM,DSNY,Department of Sanitation,Dirty Conditions,E8 Canine Violation,Sidewalk,10468,2763 MORRIS AVENUE,MORRIS AVENUE,EAST 196 STREET,BEND,,,ADDRESS,BRONX,,N/A,Closed,,The Department of Sanitation investigated this complaint and found no violation at the location.,01/16/2019 12:00:00 PM,07 BRONX,2033187502,BRONX,1013414,255970,ONLINE,Unspecified,BRONX,,,,,,,,40.869204863372865,-73.89455377886533,"(40.869204863372865, -73.89455377886533)"
41419051,01/14/2019 01:23:00 PM,01/16/2019 12:00:00 PM,DSNY,Department of Sanitation,Dirty Conditions,E8 Canine Violation,Sidewalk,10472,1158 MANOR AVENUE,MANOR AVENUE,WATSON AVENUE,WESTCHESTER AVENUE,,,ADDRESS,BRONX,,N/A,Closed,,The Department of Sanitation investigated this complaint and found no violation at the location.,01/16/2019 12:00:00 PM,09 BRONX,2037430031,BRONX,1018527,240932,PHONE,Unspecified,BRONX,,,,,,,,40.82791166053152,-73.8761439653514,"(40.82791166053152, -73.8761439653514)"
41417517,01/14/2019 10:12:00 AM,01/16/2019 12:00:00 PM,DSNY,Department of Sanitation,Dirty Conditions,E8 Canine Violation,Sidewalk,10451,161 EAST  163 STREET,EAST  163 STREET,GRAND CONCOURSE,SHERIDAN AVENUE,,,ADDRESS,BRONX,,N/A,Closed,,The Department of Sanitation investigated this complaint and found no violation at the location.,01/16/2019 12:00:00 PM,04 BRONX,2024610045,BRONX,1005991,241137,PHONE,Unspecified,BRONX,,,,,,,,40.82851408045648,-73.92144067763705,"(40.82851408045648, -73.92144067763705)"
41419517,01/14/2019 09:45:00 AM,01/15/2019 12:00:00 PM,DSNY,Department of Sanitation,Dirty Conditions,E8 Canine Violation,Sidewalk,11209,,,,,BAY RIDGE PARKWAY,RIDGE BOULEVARD,INTERSECTION,BROOKLYN,,N/A,Closed,,The Department of Sanitation investigated this complaint and found no violation at the location.,01/15/2019 12:00:00 PM,10 BROOKLYN,,BROOKLYN,975792,169569,PHONE,Unspecified,BROOKLYN,,,,,,,,40.63210025148325,-74.03047233638604,"(40.63210025148325, -74.03047233638604)"
41420802,01/14/2019 09:26:00 AM,01/15/2019 12:00:00 PM,DSNY,Department of Sanitation,Dirty Conditions,E8 Canine Violation,Sidewalk,11213,723 MONTGOMERY STREET,MONTGOMERY STREET,KINGSTON AVENUE,ALBANY AVENUE,,,ADDRESS,BROOKLYN,,N/A,Closed,,The Department of Sanitation investigated this complaint and found no violation at the location.,01/15/2019 12:00:00 PM,09 BROOKLYN,3013000062,BROOKLYN,1000640,181509,PHONE,Unspecified,BROOKLYN,,,,,,,,40.66486183195875,-73.9409213852061,"(40.66486183195875, -73.9409213852061)"
41423287,01/13/2019 04:52:00 PM,01/15/2019 12:00:00 PM,DSNY,Department of Sanitation,Dirty Conditions,E8 Canine Violation,Sidewalk,11379,76-04 69 ROAD,69 ROAD,76 STREET,78 STREET,,,ADDRESS,Middle Village,,N/A,Closed,,The Department of Sanitation investigated this complaint and found no violation at the location.,01/15/2019 12:00:00 PM,05 QUEENS,4037950018,QUEENS,1018840,197508,PHONE,Unspecified,QUEENS,,,,,,,,40.70872297891153,-73.87523645834946,"(40.70872297891153, -73.87523645834946)"
41422125,01/13/2019 02:20:00 PM,01/14/2019 12:00:00 PM,DSNY,Department of Sanitation,Dirty Conditions,E8 Canine Violation,Sidewalk,11378,64-67 59 AVENUE,59 AVENUE,BEND,66 STREET,,,ADDRESS,Maspeth,,N/A,Closed,,The Department of Sanitation investigated this complaint and found no violation at the location.,01/14/2019 12:00:00 PM,05 QUEENS,4027530288,QUEENS,1012280,201733,ONLINE,Unspecified,QUEENS,,,,,,,,40.7203428002785,-73.89888027223735,"(40.7203428002785, -73.89888027223735)"
41414388,01/13/2019 10:43:00 AM,01/14/2019 12:00:00 PM,DSNY,Department of Sanitation,Dirty Conditions,E8 Canine Violation,Sidewalk,11378,64-69 59 AVENUE,59 AVENUE,BEND,66 STREET,,,ADDRESS,Maspeth,,N/A,Closed,,The Department of Sanitation investigated this complaint and found no violation at the location.,01/14/2019 12:00:00 PM,05 QUEENS,4027530287,QUEENS,1012292,201735,ONLINE,Unspecified,QUEENS,,,,,,,,40.720348251763056,-73.89883697329999,"(40.720348251763056, -73.89883697329999)"
41412226,01/13/2019 10:19:00 AM,01/14/2019 12:00:00 PM,DSNY,Department of Sanitation,Dirty Conditions,E8 Canine Violation,Sidewalk,11236,934 EAST  101 STREET,EAST  101 STREET,FLATLANDS AVENUE,AVENUE J,,,ADDRESS,BROOKLYN,,N/A,Closed,,The Department of Sanitation investigated this complaint and found no violation at the location.,01/14/2019 12:00:00 PM,18 BROOKLYN,3082080053,BROOKLYN,1012829,174312,PHONE,Unspecified,BROOKLYN,,,,,,,,40.645076700183424,-73.89701602589253,"(40.645076700183424, -73.89701602589253)"
41405524,01/11/2019 06:47:00 PM,01/16/2019 12:00:00 PM,DSNY,Department of Sanitation,Dirty Conditions,E8 Canine Violation,Sidewalk,10472,1113 WARD AVENUE,WARD AVENUE,WATSON AVENUE,WESTCHESTER AVENUE,,,ADDRESS,BRONX,,N/A,Closed,,The Department of Sanitation investigated this complaint and found no violation at the location.,01/16/2019 12:00:00 PM,09 BRONX,2037410001,BRONX,1018346,240435,PHONE,Unspecified,BRONX,,,,,,,,40.826548239211164,-73.87680051310907,"(40.826548239211164, -73.87680051310907)"
41404817,01/11/2019 04:41:00 PM,01/14/2019 12:00:00 PM,DSNY,Department of Sanitation,Dirty Conditions,E8 Canine Violation,Sidewalk,11106,32-01 32 STREET,32 STREET,BROADWAY,34 AVENUE,,,ADDRESS,Astoria,,N/A,Closed,,The Department of Sanitation investigated this complaint and found no violation at the location.,01/14/2019 12:00:00 PM,01 QUEENS,4006120033,QUEENS,1005066,216629,ONLINE,Unspecified,QUEENS,,,,,,,,40.761248515214,-73.92485905245607,"(40.761248515214, -73.92485905245607)"
41405582,01/11/2019 04:26:00 PM,01/16/2019 12:00:00 PM,DSNY,Department of Sanitation,Dirty Conditions,E8 Canine Violation,Sidewalk,10467,3638 OLINVILLE AVENUE,OLINVILLE AVENUE,EAST 213 STREET,EAST 216 STREET,,,ADDRESS,BRONX,,N/A,Closed,,The Department of Sanitation investigated this complaint and found no violation at the location.,01/16/2019 12:00:00 PM,12 BRONX,2046460023,BRONX,1021082,260185,PHONE,Unspecified,BRONX,,,,,,,,40.88074506121455,-73.86680599686943,"(40.88074506121455, -73.86680599686943)"
41402666,01/11/2019 08:29:00 AM,01/12/2019 12:00:00 PM,DSNY,Department of Sanitation,Dirty Conditions,E8 Canine Violation,Sidewalk,11204,6322 23 AVENUE,23 AVENUE,63 STREET,64 STREET,,,ADDRESS,BROOKLYN,,N/A,Closed,,The Department of Sanitation investigated this complaint and found no violation at the location.,01/12/2019 12:00:00 PM,11 BROOKLYN,3065520046,BROOKLYN,990308,162788,PHONE,Unspecified,BROOKLYN,,,,,,,,40.61348979061797,-73.97818042713281,"(40.61348979061797, -73.97818042713281)"
41399136,01/11/2019 08:25:00 AM,01/12/2019 12:00:00 PM,DSNY,Department of Sanitation,Dirty Conditions,E8 Canine Violation,Sidewalk,11219,1025 45 STREET,45 STREET,10 AVENUE,FT HAMILTON PARKWAY,,,ADDRESS,BROOKLYN,,N/A,Closed,,The Department of Sanitation investigated this complaint and found no violation at the location.,01/12/2019 12:00:00 PM,12 BROOKLYN,3056087501,BROOKLYN,985429,172765,PHONE,Unspecified,BROOKLYN,,,,,,,,40.64087655025197,-73.99575176056234,"(40.64087655025197, -73.99575176056234)"
41394981,01/11/2019 07:52:00 AM,01/12/2019 12:00:00 PM,DSNY,Department of Sanitation,Dirty Conditions,E8 Canine Violation,Sidewalk,10456,540 EAST  169 STREET,EAST  169 STREET,3 AVENUE,FULTON AVENUE,,,ADDRESS,BRONX,,N/A,Closed,,The Department of Sanitation investigated this complaint and found no violation at the location.,01/12/2019 12:00:00 PM,03 BRONX,2026100012,BRONX,1010710,242600,ONLINE,Unspecified,BRONX,,,,,,,,40.83251671698595,-73.90438319967464,"(40.83251671698595, -73.90438319967464)"
41397574,01/10/2019 06:23:00 PM,01/11/2019 12:00:00 PM,DSNY,Department of Sanitation,Dirty Conditions,E8 Canine Violation,Sidewalk,11213,1746 PRESIDENT STREET,PRESIDENT STREET,UTICA AVENUE,ROCHESTER AVENUE,,,ADDRESS,BROOKLYN,,N/A,Closed,,The Department of Sanitation investigated this complaint and found no violation at the location.,01/11/2019 12:00:00 PM,09 BROOKLYN,3014090037,BROOKLYN,1003896,182252,ONLINE,Unspecified,BROOKLYN,,,,,,,,40.666894575124154,-73.92918280193905,"(40.666894575124154, -73.92918280193905)"
41387803,01/10/2019 11:40:00 AM,01/11/2019 12:00:00 PM,DSNY,Department of Sanitation,Dirty Conditions,E8 Canine Violation,Sidewalk,11223,2385 EAST    4 STREET,EAST    4 STREET,AVENUE W,ANGELA DRIVE,,,ADDRESS,BROOKLYN,,N/A,Closed,,The Department of Sanitation investigated this complaint and found no violation at the location.,01/11/2019 12:00:00 PM,15 BROOKLYN,,BROOKLYN,993492,154992,PHONE,Unspecified,BROOKLYN,,,,,,,,40.592088608836576,-73.96672303297457,"(40.592088608836576, -73.96672303297457)"
41390896,01/10/2019 11:34:00 AM,01/16/2019 12:00:00 PM,DSNY,Department of Sanitation,Dirty Conditions,E8 Canine Violation,Sidewalk,10462,,,,,NEWBOLD AVENUE,HAVEMEYER AVENUE,INTERSECTION,BRONX,,N/A,Closed,,The Department of Sanitation investigated this complaint and found no violation at the location.,01/16/2019 12:00:00 PM,09 BRONX,,BRONX,1026225,243082,PHONE,Unspecified,BRONX,,,,,,,,40.833779555680835,-73.84831471723562,"(40.833779555680835, -73.84831471723562)"
41394184,01/10/2019 10:42:00 AM,01/12/2019 12:00:00 PM,DSNY,Department of Sanitation,Dirty Conditions,E8 Canine Violation,Sidewalk,11204,,,,,62 STREET,19 AVENUE,INTERSECTION,BROOKLYN,,N/A,Closed,,The Department of Sanitation investigated this complaint and found no violation at the location.,01/12/2019 12:00:00 PM,11 BROOKLYN,,BROOKLYN,988060,165002,ONLINE,Unspecified,BROOKLYN,,,,,,,,40.619568013631444,-73.98627597519754,"(40.619568013631444, -73.98627597519754)"
41394082,01/10/2019 07:47:00 AM,01/11/2019 12:00:00 PM,DSNY,Department of Sanitation,Dirty Conditions,E8 Canine Violation,Sidewalk,11358,,,,,DEPOT ROAD,166 STREET,INTERSECTION,Flushing,,N/A,Closed,,The Department of Sanitation investigated this complaint and found no violation at the location.,01/11/2019 12:00:00 PM,07 QUEENS,,QUEENS,1039646,216842,PHONE,Unspecified,QUEENS,,,,,,,,40.761684102020816,-73.80003179011409,"(40.761684102020816, -73.80003179011409)"
41388903,01/09/2019 05:11:00 PM,01/10/2019 12:00:00 PM,DSNY,Department of Sanitation,Dirty Conditions,E8 Canine Violation,Sidewalk,10469,2409 WESTERVELT AVENUE,WESTERVELT AVENUE,WARING AVENUE,MACE AVENUE,,,ADDRESS,BRONX,,N/A,Closed,,The Department of Sanitation investigated this complaint and found no violation at the location.,01/10/2019 12:00:00 PM,11 BRONX,2044830001,BRONX,1028524,253086,PHONE,Unspecified,BRONX,,,,,,,,40.861226315673086,-73.8399407699909,"(40.861226315673086, -73.8399407699909)"
41380637,01/09/2019 01:10:00 PM,01/10/2019 12:00:00 PM,DSNY,Department of Sanitation,Dirty Conditions,E8 Canine Violation,Sidewalk,10029,2072 THIRD AVENUE,THIRD AVENUE,EAST 112 STREET,EAST 115 STREET,,,ADDRESS,NEW YORK,,N/A,Closed,,The Department of Sanitation investigated this complaint and found no violation at the location.,01/10/2019 12:00:00 PM,11 MANHATTAN,,MANHATTAN,1000559,229464,ONLINE,Unspecified,MANHATTAN,,,,,,,,40.79648665545909,-73.94109712036239,"(40.79648665545909, -73.94109712036239)"
41382879,01/09/2019 01:07:00 PM,01/10/2019 12:00:00 PM,DSNY,Department of Sanitation,Dirty Conditions,E8 Canine Violation,Sidewalk,10029,2072 THIRD AVENUE,THIRD AVENUE,EAST 112 STREET,EAST 115 STREET,,,ADDRESS,NEW YORK,,N/A,Closed,,The Department of Sanitation investigated this complaint and found no violation at the location.,01/10/2019 12:00:00 PM,11 MANHATTAN,,MANHATTAN,1000559,229464,MOBILE,Unspecified,MANHATTAN,,,,,,,,40.79648665545909,-73.94109712036239,"(40.79648665545909, -73.94109712036239)"
41378500,01/09/2019 11:32:00 AM,01/10/2019 12:00:00 PM,DSNY,Department of Sanitation,Dirty Conditions,E8 Canine Violation,Sidewalk,11232,281 24 STREET,24 STREET,4 AVENUE,5 AVENUE,,,ADDRESS,BROOKLYN,,N/A,Closed,,The Department of Sanitation investigated this complaint and found no violation at the location.,01/10/2019 12:00:00 PM,07 BROOKLYN,3006490057,BROOKLYN,985252,179884,ONLINE,Unspecified,BROOKLYN,,,,,,,,40.66041667992131,-73.99638847938405,"(40.66041667992131, -73.99638847938405)"
41382854,01/09/2019 08:57:00 AM,01/22/2019 12:00:00 PM,DSNY,Department of Sanitation,Dirty Conditions,E8 Canine Violation,Sidewalk,11105,23-05 35 STREET,35 STREET,23 AVENUE,24 AVENUE,,,ADDRESS,Astoria,,N/A,Closed,,The Department of Sanitation investigated this complaint and found no violation at the location.,01/22/2019 12:00:00 PM,01 QUEENS,4008200038,QUEENS,1008830,220888,PHONE,Unspecified,QUEENS,,,,,,,,40.77292869703817,-73.91125631602786,"(40.77292869703817, -73.91125631602786)"
41379531,01/09/2019 08:32:00 AM,01/11/2019 12:00:00 PM,DSNY,Department of Sanitation,Dirty Conditions,E8 Canine Violation,Sidewalk,11417,106-06 86 STREET,86 STREET,106 AVENUE,107 AVENUE,,,ADDRESS,Ozone Park,,N/A,Closed,,The Department of Sanitation investigated this complaint and found no violation at the location.,01/11/2019 12:00:00 PM,10 QUEENS,4091450013,QUEENS,1025352,186431,ONLINE,Unspecified,QUEENS,,,,,,,,40.678291367099604,-73.8518157910477,"(40.678291367099604, -73.8518157910477)"
41377520,01/09/2019 07:48:00 AM,01/11/2019 12:00:00 PM,DSNY,Department of Sanitation,Dirty Conditions,E8 Canine Violation,Sidewalk,11233,1743 STERLING PLACE,STERLING PLACE,RALPH AVENUE,HOWARD AVENUE,,,ADDRESS,BROOKLYN,,N/A,Closed,,The Department of Sanitation investigated this complaint and found no violation at the location.,01/11/2019 12:00:00 PM,16 BROOKLYN,3014660158,BROOKLYN,1006195,183726,PHONE,Unspecified,BROOKLYN,,,,,,,,40.67093497463517,-73.92089088886847,"(40.67093497463517, -73.92089088886847)"
41384880,01/08/2019 05:52:00 PM,01/09/2019 12:00:00 PM,DSNY,Department of Sanitation,Dirty Conditions,E8 Canine Violation,Sidewalk,11213,1750 UNION STREET,UNION STREET,UTICA AVENUE,ROCHESTER AVENUE,,,ADDRESS,BROOKLYN,,N/A,Closed,,The Department of Sanitation investigated this complaint and found no violation at the location.,01/09/2019 12:00:00 PM,09 BROOKLYN,3014030024,BROOKLYN,1003692,182561,PHONE,Unspecified,BROOKLYN,,,,,,,,40.66774316139052,-73.92991726162357,"(40.66774316139052, -73.92991726162357)"
41381795,01/08/2019 05:28:00 PM,01/10/2019 12:00:00 PM,DSNY,Department of Sanitation,Dirty Conditions,E8 Canine Violation,Sidewalk,10033,,,,,WADSWORTH AVENUE,WEST 185 STREET,INTERSECTION,NEW YORK,,N/A,Closed,,The Department of Sanitation investigated this complaint and found no violation at the location.,01/10/2019 12:00:00 PM,12 MANHATTAN,,MANHATTAN,1002723,249769,PHONE,Unspecified,MANHATTAN,,,,,,,,40.85221383844583,-73.93322554634005,"(40.85221383844583, -73.93322554634005)"
41380631,01/08/2019 04:15:00 PM,01/12/2019 12:00:00 PM,DSNY,Department of Sanitation,Dirty Conditions,E8 Canine Violation,Sidewalk,10314,1768 FOREST HILL ROAD,FOREST HILL ROAD,PIERPONT PLACE,STONE LANE,,,ADDRESS,STATEN ISLAND,,N/A,Closed,,The Department of Sanitation investigated this complaint and found no violation at the location.,01/12/2019 12:00:00 PM,02 STATEN ISLAND,5024507511,STATEN ISLAND,940644,149914,PHONE,Unspecified,STATEN ISLAND,,,,,,,,40.57804808303451,-74.1569758844925,"(40.57804808303451, -74.1569758844925)"
41379532,01/08/2019 04:05:00 PM,01/11/2019 12:00:00 PM,DSNY,Department of Sanitation,Dirty Conditions,E8 Canine Violation,Sidewalk,10038,100 MAIDEN LANE,MAIDEN LANE,GOLD STREET,PEARL STREET,,,ADDRESS,NEW YORK,,N/A,Closed,,The Department of Sanitation investigated this complaint and found no violation at the location.,01/11/2019 12:00:00 PM,01 MANHATTAN,1000420001,MANHATTAN,982312,196807,ONLINE,Unspecified,MANHATTAN,,,,,,,,40.706866299284606,-74.00699002392852,"(40.706866299284606, -74.00699002392852)"
41384724,01/08/2019 02:29:00 PM,01/09/2019 12:00:00 PM,DSNY,Department of Sanitation,Dirty Conditions,E8 Canine Violation,Sidewalk,11214,2121 SHORE PARKWAY,SHORE PARKWAY,CROPSEY AVENUE,,,,ADDRESS,BROOKLYN,,N/A,Closed,,The Department of Sanitation investigated this complaint and found no violation at the location.,01/09/2019 12:00:00 PM,13 BROOKLYN,3069407501,BROOKLYN,987642,152498,PHONE,Unspecified,BROOKLYN,,,,,,,,40.58524724610381,-73.98778793478685,"(40.58524724610381, -73.98778793478685)"
41379566,01/08/2019 02:09:00 PM,01/09/2019 12:00:00 PM,DSNY,Department of Sanitation,Dirty Conditions,E8 Canine Violation,Sidewalk,11365,48-12 196 PLACE,196 PLACE,48 AVENUE,49 AVENUE,,,ADDRESS,Fresh Meadows,,N/A,Closed,,The Department of Sanitation investigated this complaint and found no violation at the location.,01/09/2019 12:00:00 PM,11 QUEENS,4056320033,QUEENS,1044283,212860,PHONE,Unspecified,QUEENS,,,,,,,,40.75072428977617,-73.78332879027138,"(40.75072428977617, -73.78332879027138)"
41376586,01/08/2019 01:12:00 PM,01/10/2019 12:00:00 PM,DSNY,Department of Sanitation,Dirty Conditions,E8 Canine Violation,Sidewalk,10468,2290 UNIVERSITY AVENUE,UNIVERSITY AVENUE,WEST 183 STREET,WEST FORDHAM ROAD,,,ADDRESS,BRONX,,N/A,Closed,,The Department of Sanitation investigated this complaint and found no violation at the location.,01/10/2019 12:00:00 PM,07 BRONX,2032120021,BRONX,1010030,252857,ONLINE,Unspecified,BRONX,,,,,,,,40.86067115870396,-73.90680103475351,"(40.86067115870396, -73.90680103475351)"
41376561,01/08/2019 11:49:00 AM,01/10/2019 12:00:00 PM,DSNY,Department of Sanitation,Dirty Conditions,E8 Canine Violation,Sidewalk,10021,,,,,EAST 72 STREET,1 AVENUE,INTERSECTION,NEW YORK,,N/A,Closed,,The Department of Sanitation investigated this complaint and found no violation at the location.,01/10/2019 12:00:00 PM,08 MANHATTAN,,MANHATTAN,996438,219011,PHONE,Unspecified,MANHATTAN,,,,,,,,40.767802593652206,-73.9559998116338,"(40.767802593652206, -73.9559998116338)"
41375341,01/08/2019 11:16:00 AM,01/09/2019 12:00:00 PM,DSNY,Department of Sanitation,Dirty Conditions,E8 Canine Violation,Sidewalk,11374,,,,,99 STREET,65 ROAD,INTERSECTION,Rego Park,,N/A,Closed,,The Department of Sanitation investigated this complaint and found no violation at the location.,01/09/2019 12:00:00 PM,06 QUEENS,,QUEENS,1024375,204891,PHONE,Unspecified,QUEENS,,,,,,,,40.7289641415305,-73.85522815015176,"(40.7289641415305, -73.85522815015176)"
41373059,01/08/2019 08:50:00 AM,01/09/2019 12:00:00 PM,DSNY,Department of Sanitation,Dirty Conditions,E8 Canine Violation,Sidewalk,11413,228-11 144 AVENUE,144 AVENUE,228 STREET,229 STREET,,,ADDRESS,Springfield Gardens,,N/A,Closed,,The Department of Sanitation investigated this complaint and found no violation at the location.,01/09/2019 12:00:00 PM,13 QUEENS,4135060165,QUEENS,1053544,181150,ONLINE,Unspecified,QUEENS,,,,,,,,40.663620468966286,-73.75023047070619,"(40.663620468966286, -73.75023047070619)"
41370739,01/08/2019 08:02:00 AM,01/09/2019 12:00:00 PM,DSNY,Department of Sanitation,Dirty Conditions,E8 Canine Violation,Sidewalk,11379,85-09 60 AVENUE,60 AVENUE,85 STREET,86 STREET,,,ADDRESS,Middle Village,,N/A,Closed,,The Department of Sanitation investigated this complaint and found no violation at the location.,01/09/2019 12:00:00 PM,05 QUEENS,4028840129,QUEENS,1018920,205133,PHONE,Unspecified,QUEENS,,,,,,,,40.729651434922204,-73.87490862995664,"(40.729651434922204, -73.87490862995664)"
41376503,01/08/2019 12:02:00 AM,01/10/2019 12:00:00 PM,DSNY,Department of Sanitation,Dirty Conditions,E8 Canine Violation,Sidewalk,10467,,,,,MACE AVENUE,OLINVILLE AVENUE,INTERSECTION,BRONX,,N/A,Closed,,The Department of Sanitation investigated this complaint and found no violation at the location.,01/10/2019 12:00:00 PM,11 BRONX,,BRONX,1020641,253803,ONLINE,Unspecified,BRONX,,,,,,,,40.863230277024954,-73.86843542695887,"(40.863230277024954, -73.86843542695887)"
41365846,01/07/2019 12:34:00 PM,01/12/2019 12:00:00 PM,DSNY,Department of Sanitation,Dirty Conditions,E8 Canine Violation,Sidewalk,10314,,,,,FOREST HILL ROAD,STONE LANE,INTERSECTION,STATEN ISLAND,,N/A,Closed,,The Department of Sanitation investigated this complaint and found no violation at the location.,01/12/2019 12:00:00 PM,02 STATEN ISLAND,,STATEN ISLAND,940542,149836,ONLINE,Unspecified,STATEN ISLAND,,,,,,,,40.577833486439935,-74.15734256597894,"(40.577833486439935, -74.15734256597894)"
41361047,01/07/2019 10:43:00 AM,01/12/2019 12:00:00 PM,DSNY,Department of Sanitation,Dirty Conditions,E8 Canine Violation,Sidewalk,,,,,,FOREST HILL ROAD,RUMSON ROAD,INTERSECTION,,,N/A,Closed,,The Department of Sanitation investigated this complaint and found no violation at the location.,01/12/2019 12:00:00 PM,02 STATEN ISLAND,,STATEN ISLAND,,,PHONE,Unspecified,STATEN ISLAND,,,,,,,,,,
41363571,01/07/2019 10:28:00 AM,01/09/2019 12:00:00 PM,DSNY,Department of Sanitation,Dirty Conditions,E8 Canine Violation,Sidewalk,11209,,,,,70 STREET,NARROWS AVENUE,INTERSECTION,BROOKLYN,,N/A,Closed,,The Department of Sanitation investigated this complaint and found no violation at the location.,01/09/2019 12:00:00 PM,10 BROOKLYN,,BROOKLYN,974770,171531,PHONE,Unspecified,BROOKLYN,,,,,,,,40.637484489395476,-74.0341571363002,"(40.637484489395476, -74.0341571363002)"
41362317,01/07/2019 09:35:00 AM,01/09/2019 12:00:00 PM,DSNY,Department of Sanitation,Dirty Conditions,E8 Canine Violation,Sidewalk,11102,25-63 22 STREET,22 STREET,25 ROAD,ASTORIA BOULEVARD,,,ADDRESS,Astoria,,N/A,Closed,,The Department of Sanitation investigated this complaint and found no violation at the location.,01/09/2019 12:00:00 PM,01 QUEENS,4008840012,QUEENS,1005140,220797,PHONE,Unspecified,QUEENS,,,,,,,,40.772688416393216,-73.92457897554225,"(40.772688416393216, -73.92457897554225)"
41353388,01/06/2019 01:36:00 PM,01/08/2019 12:00:00 PM,DSNY,Department of Sanitation,Dirty Conditions,E8 Canine Violation,Sidewalk,11218,,,,,EAST 3 STREET,FORT HAMILTON PARKWAY,INTERSECTION,BROOKLYN,,N/A,Closed,,The Department of Sanitation investigated this complaint and found no violation at the location.,01/08/2019 12:00:00 PM,07 BROOKLYN,,BROOKLYN,990253,175532,PHONE,Unspecified,BROOKLYN,,,,,,,,40.64846941297343,-73.97836718930986,"(40.64846941297343, -73.97836718930986)"
41354553,01/06/2019 12:51:00 PM,01/09/2019 12:00:00 PM,DSNY,Department of Sanitation,Dirty Conditions,E8 Canine Violation,Sidewalk,11694,,,,,SHORE FRONT PARKWAY,BEACH 105 STREET,INTERSECTION,Rockaway Park,,N/A,Closed,,The Department of Sanitation investigated this complaint and found no violation at the location.,01/09/2019 12:00:00 PM,14 QUEENS,,QUEENS,1032836,151066,PHONE,Unspecified,QUEENS,,,,,,,,40.58118419538779,-73.82508853276217,"(40.58118419538779, -73.82508853276217)"
41352798,01/06/2019 12:50:00 PM,01/08/2019 12:00:00 PM,DSNY,Department of Sanitation,Dirty Conditions,E8 Canine Violation,Sidewalk,11221,309 VAN BUREN STREET,VAN BUREN STREET,LEWIS AVENUE,STUYVESANT AVENUE,,,ADDRESS,BROOKLYN,,N/A,Closed,,The Department of Sanitation investigated this complaint and found no violation at the location.,01/08/2019 12:00:00 PM,03 BROOKLYN,3016100061,BROOKLYN,1002328,191047,PHONE,Unspecified,BROOKLYN,,,,,,,,40.69103819216578,-73.93481131750261,"(40.69103819216578, -73.93481131750261)"
41355957,01/06/2019 10:54:00 AM,01/08/2019 12:00:00 PM,DSNY,Department of Sanitation,Dirty Conditions,E8 Canine Violation,Sidewalk,10465,264 HOSMER AVENUE,HOSMER AVENUE,HARDING AVENUE,MILES AVENUE,,,ADDRESS,BRONX,,N/A,Closed,,The Department of Sanitation investigated this complaint and found no violation at the location.,01/08/2019 12:00:00 PM,10 BRONX,2056000029,BRONX,1032099,236079,PHONE,Unspecified,BRONX,,,,,,,,40.81452847436581,-73.82713780335554,"(40.81452847436581, -73.82713780335554)"
41354602,01/06/2019 10:26:00 AM,01/08/2019 12:00:00 PM,DSNY,Department of Sanitation,Dirty Conditions,E8 Canine Violation,Sidewalk,11378,64-67 59 AVENUE,59 AVENUE,BEND,66 STREET,,,ADDRESS,Maspeth,,N/A,Closed,,The Department of Sanitation investigated this complaint and found no violation at the location.,01/08/2019 12:00:00 PM,05 QUEENS,4027530288,QUEENS,1012280,201733,ONLINE,Unspecified,QUEENS,,,,,,,,40.7203428002785,-73.89888027223735,"(40.7203428002785, -73.89888027223735)"
41352010,01/04/2019 05:55:00 PM,01/08/2019 12:00:00 PM,DSNY,Department of Sanitation,Dirty Conditions,E8 Canine Violation,Sidewalk,11420,118-57 128 STREET,128 STREET,CEDRIC ROAD,SUTTER AVENUE,,,ADDRESS,South Ozone Park,,N/A,Closed,,The Department of Sanitation investigated this complaint and found no violation at the location.,01/08/2019 12:00:00 PM,10 QUEENS,4117520069,QUEENS,1036876,184699,PHONE,Unspecified,QUEENS,,,,,,,,40.673476419180325,-73.81028218668874,"(40.673476419180325, -73.81028218668874)"
41350636,01/04/2019 03:21:00 PM,01/08/2019 12:00:00 PM,DSNY,Department of Sanitation,Dirty Conditions,E8 Canine Violation,Sidewalk,11417,106-10 SUTTER AVENUE,SUTTER AVENUE,106 STREET,107 STREET,,,ADDRESS,Ozone Park,,N/A,Closed,,The Department of Sanitation investigated this complaint and found no violation at the location.,01/08/2019 12:00:00 PM,10 QUEENS,4115060046,QUEENS,1030459,185836,PHONE,Unspecified,QUEENS,,,,,,,,40.67663304346061,-73.83340774884618,"(40.67663304346061, -73.83340774884618)"
41349952,01/04/2019 02:12:00 PM,01/08/2019 12:00:00 PM,DSNY,Department of Sanitation,Dirty Conditions,E8 Canine Violation,Sidewalk,11378,64-69 59 AVENUE,59 AVENUE,BEND,66 STREET,,,ADDRESS,Maspeth,,N/A,Closed,,The Department of Sanitation investigated this complaint and found no violation at the location.,01/08/2019 12:00:00 PM,05 QUEENS,4027530287,QUEENS,1012292,201735,ONLINE,Unspecified,QUEENS,,,,,,,,40.720348251763056,-73.89883697329999,"(40.720348251763056, -73.89883697329999)"
41341224,01/04/2019 11:44:00 AM,01/08/2019 12:00:00 PM,DSNY,Department of Sanitation,Dirty Conditions,E8 Canine Violation,Sidewalk,10462,725 BRADY AVENUE,BRADY AVENUE,CRUGER AVENUE,HOLLAND AVENUE,,,ADDRESS,BRONX,,N/A,Closed,,The Department of Sanitation investigated this complaint and found no violation at the location.,01/08/2019 12:00:00 PM,11 BRONX,2042880001,BRONX,1021150,249857,ONLINE,Unspecified,BRONX,,,,,,,,40.85239758899501,-73.86661696202331,"(40.85239758899501, -73.86661696202331)"
41341267,01/03/2019 11:25:00 PM,01/09/2019 12:00:00 PM,DSNY,Department of Sanitation,Dirty Conditions,E8 Canine Violation,Sidewalk,11219,1400 66 STREET,66 STREET,14 AVENUE,NEW UTRECHT AVENUE,,,ADDRESS,BROOKLYN,,N/A,Closed,,The Department of Sanitation investigated this complaint and found no violation at the location.,01/09/2019 12:00:00 PM,11 BROOKLYN,,BROOKLYN,984347,166566,ONLINE,Unspecified,BROOKLYN,,,,,,,,40.623861685968535,-73.99965057321826,"(40.623861685968535, -73.99965057321826)"
41343249,01/03/2019 11:13:00 PM,01/08/2019 12:00:00 PM,DSNY,Department of Sanitation,Dirty Conditions,E8 Canine Violation,Sidewalk,,,,,,BRUCKNER BOULEVARD,WHEELER AVENUE,INTERSECTION,,,N/A,Closed,,The Department of Sanitation investigated this complaint and found no violation at the location.,01/08/2019 12:00:00 PM,09 BRONX,,BRONX,,,PHONE,Unspecified,BRONX,,,,,,,,,,
41339693,01/03/2019 04:18:00 PM,01/08/2019 12:00:00 PM,DSNY,Department of Sanitation,Dirty Conditions,E8 Canine Violation,Sidewalk,11365,69-06 198 STREET,198 STREET,69 AVENUE,73 AVENUE,,,ADDRESS,Fresh Meadows,,N/A,Closed,,The Department of Sanitation investigated this complaint and found no violation at the location.,01/08/2019 12:00:00 PM,08 QUEENS,4071500006,QUEENS,1046583,207972,ONLINE,Unspecified,QUEENS,,,,,,,,40.73729208183897,-73.77507296145296,"(40.73729208183897, -73.77507296145296)"
41340446,01/03/2019 03:53:00 PM,01/08/2019 12:00:00 PM,DSNY,Department of Sanitation,Dirty Conditions,E8 Canine Violation,Sidewalk,11365,69-04 198 STREET,198 STREET,69 AVENUE,73 AVENUE,,,ADDRESS,Fresh Meadows,,N/A,Closed,,The Department of Sanitation investigated this complaint and found no violation at the location.,01/08/2019 12:00:00 PM,08 QUEENS,4071500005,QUEENS,1046579,207981,ONLINE,Unspecified,QUEENS,,,,,,,,40.737316812721396,-73.7750873119022,"(40.737316812721396, -73.7750873119022)"
41341325,01/03/2019 03:41:00 PM,01/08/2019 12:00:00 PM,DSNY,Department of Sanitation,Dirty Conditions,E8 Canine Violation,Sidewalk,11365,69-01 198 STREET,198 STREET,69 AVENUE,73 AVENUE,,,ADDRESS,Fresh Meadows,,N/A,Closed,,The Department of Sanitation investigated this complaint and found no violation at the location.,01/08/2019 12:00:00 PM,08 QUEENS,4071510001,QUEENS,1046578,208002,ONLINE,Unspecified,QUEENS,,,,,,,,40.73737445938324,-73.77509072579966,"(40.73737445938324, -73.77509072579966)"
41339639,01/03/2019 03:19:00 PM,01/08/2019 12:00:00 PM,DSNY,Department of Sanitation,Dirty Conditions,E8 Canine Violation,Sidewalk,11373,43-11 ITHACA STREET,ITHACA STREET,WHITNEY AVENUE,43 AVENUE,,,ADDRESS,Elmhurst,,N/A,Closed,,The Department of Sanitation investigated this complaint and found no violation at the location.,01/08/2019 12:00:00 PM,04 QUEENS,4015700056,QUEENS,1018371,210183,PHONE,Unspecified,QUEENS,,,,,,,,40.743514558099,-73.87686383819188,"(40.743514558099, -73.87686383819188)"
41342017,01/03/2019 02:48:00 PM,01/08/2019 12:00:00 PM,DSNY,Department of Sanitation,Dirty Conditions,E8 Canine Violation,Sidewalk,10036,510 WEST   45 STREET,WEST   45 STREET,AMTRAK RAILROAD,11 AVENUE,,,ADDRESS,NEW YORK,,N/A,Closed,,The Department of Sanitation investigated this complaint and found no violation at the location.,01/08/2019 12:00:00 PM,04 MANHATTAN,1010737503,MANHATTAN,985596,216891,ONLINE,Unspecified,MANHATTAN,,,,,,,,40.76199204046537,-73.99514119753637,"(40.76199204046537, -73.99514119753637)"
41343657,01/03/2019 02:45:00 PM,01/08/2019 12:00:00 PM,DSNY,Department of Sanitation,Dirty Conditions,E8 Canine Violation,Sidewalk,10036,426 WEST   44 STREET,WEST   44 STREET,9 AVENUE,10 AVENUE,,,ADDRESS,NEW YORK,,N/A,Closed,,The Department of Sanitation investigated this complaint and found no violation at the location.,01/08/2019 12:00:00 PM,04 MANHATTAN,1010537502,MANHATTAN,986288,216211,ONLINE,Unspecified,MANHATTAN,,,,,,,,40.7601254826112,-73.99264341609756,"(40.7601254826112, -73.99264341609756)"
41341235,01/03/2019 02:42:00 PM,01/08/2019 12:00:00 PM,DSNY,Department of Sanitation,Dirty Conditions,E8 Canine Violation,Sidewalk,10036,446 WEST   45 STREET,WEST   45 STREET,9 AVENUE,10 AVENUE,,,ADDRESS,NEW YORK,,N/A,Closed,,The Department of Sanitation investigated this complaint and found no violation at the location.,01/08/2019 12:00:00 PM,04 MANHATTAN,1010540056,MANHATTAN,986122,216601,ONLINE,Unspecified,MANHATTAN,,,,,,,,40.76119596925335,-73.99324251894119,"(40.76119596925335, -73.99324251894119)"
41345022,01/03/2019 02:39:00 PM,01/08/2019 12:00:00 PM,DSNY,Department of Sanitation,Dirty Conditions,E8 Canine Violation,Sidewalk,10036,503 WEST   45 STREET,WEST   45 STREET,10 AVENUE,AMTRAK RAILROAD,,,ADDRESS,NEW YORK,,N/A,Closed,,The Department of Sanitation investigated this complaint and found no violation at the location.,01/08/2019 12:00:00 PM,04 MANHATTAN,1010740029,MANHATTAN,985795,216788,ONLINE,Unspecified,MANHATTAN,,,,,,,,40.76170929940547,-73.99442286928614,"(40.76170929940547, -73.99442286928614)"
41339692,01/03/2019 02:34:00 PM,01/08/2019 12:00:00 PM,DSNY,Department of Sanitation,Dirty Conditions,E8 Canine Violation,Sidewalk,10036,530 WEST   45 STREET,WEST   45 STREET,AMTRAK RAILROAD,11 AVENUE,,,ADDRESS,NEW YORK,,N/A,Closed,,The Department of Sanitation investigated this complaint and found no violation at the location.,01/08/2019 12:00:00 PM,04 MANHATTAN,1010737502,MANHATTAN,985504,216942,ONLINE,Unspecified,MANHATTAN,,,,,,,,40.762132035879276,-73.99547329041934,"(40.762132035879276, -73.99547329041934)"
41345859,01/03/2019 02:22:00 PM,01/08/2019 12:00:00 PM,DSNY,Department of Sanitation,Dirty Conditions,E8 Canine Violation,Sidewalk,10031,575 RIVERSIDE DRIVE,RIVERSIDE DRIVE,WEST 134 STREET,WEST 135 STREET,,,ADDRESS,NEW YORK,,N/A,Closed,,The Department of Sanitation investigated this complaint and found no violation at the location.,01/08/2019 12:00:00 PM,09 MANHATTAN,1020010060,MANHATTAN,995963,238427,ONLINE,Unspecified,MANHATTAN,,,,,,,,40.82109489270751,-73.95768075684232,"(40.82109489270751, -73.95768075684232)"
41331155,01/03/2019 10:25:00 AM,01/04/2019 12:00:00 PM,DSNY,Department of Sanitation,Dirty Conditions,E8 Canine Violation,Sidewalk,11206,85 TOMPKINS AVENUE,TOMPKINS AVENUE,MARTIN LUTHER KING JR PLACE,STOCKTON STREET,,,ADDRESS,BROOKLYN,,N/A,Closed,,The Department of Sanitation investigated this complaint and found no violation at the location.,01/04/2019 12:00:00 PM,03 BROOKLYN,3017400001,BROOKLYN,999077,193110,PHONE,Unspecified,BROOKLYN,,,,,,,,40.696706691928384,-73.94652977407227,"(40.696706691928384, -73.94652977407227)"
41336496,01/03/2019 08:11:00 AM,01/09/2019 12:00:00 PM,DSNY,Department of Sanitation,Dirty Conditions,E8 Canine Violation,Sidewalk,11361,34-24 203 STREET,203 STREET,34 AVENUE,35 AVENUE,,,ADDRESS,Bayside,,N/A,Closed,,The Department of Sanitation investigated this complaint and found no violation at the location.,01/09/2019 12:00:00 PM,11 QUEENS,4060840016,QUEENS,1043827,218798,ONLINE,Unspecified,QUEENS,,,,,,,,40.76702561545179,-73.78492195899277,"(40.76702561545179, -73.78492195899277)"
41334582,01/02/2019 11:15:00 PM,01/03/2019 12:00:00 PM,DSNY,Department of Sanitation,Dirty Conditions,E8 Canine Violation,Sidewalk,10303,,,,,POST LANE,COWEN PLACE,INTERSECTION,STATEN ISLAND,,N/A,Closed,,The Department of Sanitation investigated this complaint and found no violation at the location.,01/03/2019 12:00:00 PM,01 STATEN ISLAND,,STATEN ISLAND,938583,171465,PHONE,Unspecified,STATEN ISLAND,,,,,,,,40.63719068268561,-74.16454092335023,"(40.63719068268561, -74.16454092335023)"
41332907,01/02/2019 07:23:00 PM,01/04/2019 12:00:00 PM,DSNY,Department of Sanitation,Dirty Conditions,E8 Canine Violation,Sidewalk,10467,710 EAST  220 STREET,EAST  220 STREET,WHITE PLAINS ROAD,BARNES AVENUE,,,ADDRESS,BRONX,,N/A,Closed,,The Department of Sanitation investigated this complaint and found no violation at the location.,01/04/2019 12:00:00 PM,12 BRONX,2046670059,BRONX,1022468,261399,PHONE,Unspecified,BRONX,,,,,,,,40.884071215437395,-73.86178694502279,"(40.884071215437395, -73.86178694502279)"
41332066,01/02/2019 03:13:00 PM,01/08/2019 12:00:00 PM,DSNY,Department of Sanitation,Dirty Conditions,E8 Canine Violation,Sidewalk,10456,540 EAST  169 STREET,EAST  169 STREET,3 AVENUE,FULTON AVENUE,,,ADDRESS,BRONX,,N/A,Closed,,The Department of Sanitation investigated this complaint and found no violation at the location.,01/08/2019 12:00:00 PM,03 BRONX,2026100012,BRONX,1010710,242600,ONLINE,Unspecified,BRONX,,,,,,,,40.83251671698595,-73.90438319967464,"(40.83251671698595, -73.90438319967464)"
41328586,01/02/2019 02:12:00 PM,01/03/2019 12:00:00 PM,DSNY,Department of Sanitation,Dirty Conditions,E8 Canine Violation,Sidewalk,11229,,,,,STUART STREET,AVENUE U,INTERSECTION,BROOKLYN,,N/A,Closed,,The Department of Sanitation investigated this complaint and found no violation at the location.,01/03/2019 12:00:00 PM,15 BROOKLYN,,BROOKLYN,1002504,158692,PHONE,Unspecified,BROOKLYN,,,,,,,,40.60223038063626,-73.93426422115618,"(40.60223038063626, -73.93426422115618)"
41320180,01/02/2019 12:39:00 PM,01/03/2019 12:00:00 PM,DSNY,Department of Sanitation,Dirty Conditions,E8 Canine Violation,Sidewalk,11208,126 CHESTNUT STREET,CHESTNUT STREET,ETNA STREET,RIDGEWOOD AVENUE,,,ADDRESS,BROOKLYN,,N/A,Closed,,The Department of Sanitation investigated this complaint and found no violation at the location.,01/03/2019 12:00:00 PM,05 BROOKLYN,3041150049,BROOKLYN,1018656,188884,ONLINE,Unspecified,BROOKLYN,,,,,,,,40.68505284599684,-73.87594418437178,"(40.68505284599684, -73.87594418437178)"
41321300,01/02/2019 12:39:00 PM,01/03/2019 12:00:00 PM,DSNY,Department of Sanitation,Dirty Conditions,E8 Canine Violation,Sidewalk,11222,177 KINGSLAND AVENUE,KINGSLAND AVENUE,MEEKER AVENUE,DRIGGS AVENUE,,,ADDRESS,BROOKLYN,,N/A,Closed,,The Department of Sanitation investigated this complaint and found no violation at the location.,01/03/2019 12:00:00 PM,01 BROOKLYN,3027050032,BROOKLYN,1000556,202586,PHONE,Unspecified,BROOKLYN,,,,,,,,40.72271345724817,-73.94117314694945,"(40.72271345724817, -73.94117314694945)"
41320177,01/02/2019 09:13:00 AM,01/02/2019 12:00:00 PM,DSNY,Department of Sanitation,Dirty Conditions,E8 Canine Violation,Sidewalk,11355,144-70 41 AVENUE,41 AVENUE,PARSONS BOULEVARD,147 STREET,,,ADDRESS,Flushing,,N/A,Closed,,The Department of Sanitation investigated this complaint and found no violation at the location.,01/02/2019 12:00:00 PM,07 QUEENS,4050500031,QUEENS,1033852,216467,ONLINE,Unspecified,QUEENS,,,,,,,,40.760689230589044,-73.82094964824843,"(40.760689230589044, -73.82094964824843)"
41316036,01/01/2019 01:16:00 PM,01/02/2019 12:00:00 PM,DSNY,Department of Sanitation,Dirty Conditions,E8 Canine Violation,Sidewalk,10029,335 EAST  111 STREET,EAST  111 STREET,2 AVENUE,1 AVENUE,,,ADDRESS,NEW YORK,,N/A,Closed,,The Department of Sanitation investigated this complaint and found no violation at the location.,01/02/2019 12:00:00 PM,11 MANHATTAN,1016830018,MANHATTAN,1001263,228257,PHONE,Unspecified,MANHATTAN,,,,,,,,40.79317244077621,-73.93855755656581,"(40.79317244077621, -73.93855755656581)"
41316574,01/01/2019 12:28:00 PM,01/03/2019 12:00:00 PM,DSNY,Department of Sanitation,Dirty Conditions,E8 Canine Violation,Sidewalk,11212,1356 EAST NEW YORK AVENUE,EAST NEW YORK AVENUE,SARATOGA AVENUE,,,,ADDRESS,BROOKLYN,,N/A,Closed,,The Department of Sanitation investigated this complaint and found no violation at the location.,01/03/2019 12:00:00 PM,16 BROOKLYN,3034930006,BROOKLYN,1007224,183209,PHONE,Unspecified,BROOKLYN,,,,,,,,40.66951331535257,-73.91718323060712,"(40.66951331535257, -73.91718323060712)"
41315014,01/01/2019 10:46:00 AM,01/03/2019 12:00:00 PM,DSNY,Department of Sanitation,Dirty Conditions,E8 Canine Violation,Sidewalk,11210,,,,,NOSTRAND AVENUE,FARRAGUT ROAD,INTERSECTION,BROOKLYN,,N/A,Closed,,The Department of Sanitation investigated this complaint and found no violation at the location.,01/03/2019 12:00:00 PM,14 BROOKLYN,,BROOKLYN,998678,171090,PHONE,Unspecified,BROOKLYN,,,,,,,,40.636267360773935,-73.94801580269892,"(40.636267360773935, -73.94801580269892)"
41316064,01/01/2019 10:13:00 AM,01/02/2019 12:00:00 PM,DSNY,Department of Sanitation,Dirty Conditions,E8 Canine Violation,Sidewalk,11378,64-69 59 AVENUE,59 AVENUE,BEND,66 STREET,,,ADDRESS,Maspeth,,N/A,Closed,,The Department of Sanitation investigated this complaint and found no violation at the location.,01/02/2019 12:00:00 PM,05 QUEENS,4027530287,QUEENS,1012292,201735,ONLINE,Unspecified,QUEENS,,,,,,,,40.720348251763056,-73.89883697329999,"(40.720348251763056, -73.89883697329999)"
