Unique Key,Created Date,Closed Date,Agency,Agency Name,Complaint Type,Descriptor,Location Type,Incident Zip,Incident Address,Street Name,Cross Street 1,Cross Street 2,Intersection Street 1,Intersection Street 2,Address Type,City,Landmark,Facility Type,Status,Due Date,Resolution Description,Resolution Action Updated Date,Community Board,BBL,Borough,X Coordinate (State Plane),Y Coordinate (State Plane),Open Data Channel Type,Park Facility Name,Park Borough,Vehicle Type,Taxi Company Borough,Taxi Pick Up Location,Bridge Highway Name,Bridge Highway Direction,Road Ramp,Bridge Highway Segment,Latitude,Longitude,Location
38836603,03/31/2018 09:29:00 PM,04/09/2018 12:00:00 PM,DSNY,Department of Sanitation,Dirty Conditions,E8 Canine Violation,Sidewalk,10025,244 WEST  109 STREET,WEST  109 STREET,AMSTERDAM AVENUE,BROADWAY,,,ADDRESS,NEW YORK,,N/A,Closed,,The Department of Sanitation investigated this complaint and found no violation at the location.,04/09/2018 12:00:00 PM,07 MANHATTAN,1018800055,MANHATTAN,993722,231830,PHONE,Unspecified,MANHATTAN,,,,,,,,40.80299065281518,-73.96578683158725,"(40.80299065281518, -73.96578683158725)"
38834099,03/31/2018 02:25:00 PM,04/02/2018 12:00:00 PM,DSNY,Department of Sanitation,Dirty Conditions,E8 Canine Violation,Sidewalk,10305,737 LIBERTY AVENUE,LIBERTY AVENUE,QUINCY AVENUE,OCEANSIDE AVENUE,,,ADDRESS,STATEN ISLAND,,N/A,Closed,,"The Department of Sanitation has investigated the complaint and addressed the issue. If the problem persists, call 311 to enter a new complaint. If you are outside of New York City, please call (212) NEW-YORK (212-639-9675).",04/02/2018 12:00:00 PM,02 STATEN ISLAND,5034810039,STATEN ISLAND,962198,150279,ONLINE,Unspecified,STATEN ISLAND,,,,,,,,40.57912975226362,-74.07938556363217,"(40.57912975226362, -74.07938556363217)"
38827274,03/31/2018 01:05:00 PM,04/03/2018 12:00:00 PM,DSNY,Department of Sanitation,Dirty Conditions,E8 Canine Violation,Sidewalk,11102,,,,,23 STREET,25 ROAD,INTERSECTION,Astoria,,N/A,Closed,,The Department of Sanitation investigated this complaint and found no violation at the location.,04/03/2018 12:00:00 PM,Unspecified QUEENS,,QUEENS,1005536,221080,PHONE,Unspecified,QUEENS,,,,,,,,40.77346423235036,-73.92314836585581,"(40.77346423235036, -73.92314836585581)"
38831311,03/31/2018 01:02:00 PM,04/03/2018 12:00:00 PM,DSNY,Department of Sanitation,Dirty Conditions,E8 Canine Violation,Sidewalk,11102,,,,,22 STREET,25 ROAD,INTERSECTION,Astoria,,N/A,Closed,,The Department of Sanitation investigated this complaint and found no violation at the location.,04/03/2018 12:00:00 PM,Unspecified QUEENS,,QUEENS,1005354,221187,PHONE,Unspecified,QUEENS,,,,,,,,40.77375835561072,-73.92380512793387,"(40.77375835561072, -73.92380512793387)"
38826237,03/30/2018 07:00:00 PM,03/31/2018 12:00:00 PM,DSNY,Department of Sanitation,Dirty Conditions,E8 Canine Violation,Sidewalk,10458,2820 DECATUR AVENUE,DECATUR AVENUE,EAST 198 STREET,OLIVER PLACE,,,ADDRESS,BRONX,,N/A,Closed,,The Department of Sanitation investigated this complaint and found no violation at the location.,03/31/2018 12:00:00 PM,07 BRONX,2032790006,BRONX,1015802,255155,PHONE,Unspecified,BRONX,,,,,,,,40.8669597256811,-73.88592350230455,"(40.8669597256811, -73.88592350230455)"
38829691,03/30/2018 05:00:00 PM,04/05/2018 12:00:00 PM,DSNY,Department of Sanitation,Dirty Conditions,E8 Canine Violation,Sidewalk,10033,,,,,WEST 176 STREET,AUDUBON AVENUE,INTERSECTION,NEW YORK,,N/A,Closed,,The Department of Sanitation investigated this complaint and found no violation at the location.,04/05/2018 12:00:00 PM,Unspecified MANHATTAN,,MANHATTAN,1002321,247330,ONLINE,Unspecified,MANHATTAN,,,,,,,,40.84552033756847,-73.93468523101977,"(40.84552033756847, -73.93468523101977)"
38826249,03/30/2018 04:28:00 PM,03/31/2018 12:00:00 PM,DSNY,Department of Sanitation,Dirty Conditions,E8 Canine Violation,Sidewalk,11419,101-68 130 STREET,130 STREET,101 AVENUE,103 AVENUE,,,ADDRESS,South Richmond Hill,,N/A,Closed,,The Department of Sanitation investigated this complaint and found no violation at the location.,03/31/2018 12:00:00 PM,09 QUEENS,4094970036,QUEENS,1035164,191133,PHONE,Unspecified,QUEENS,,,,,,,,40.691146257769624,-73.8164053499534,"(40.691146257769624, -73.8164053499534)"
38828861,03/30/2018 04:20:00 PM,04/03/2018 12:00:00 PM,DSNY,Department of Sanitation,Dirty Conditions,E8 Canine Violation,Sidewalk,11418,123-02 HILLSIDE AVENUE,HILLSIDE AVENUE,123 STREET,124 STREET,,,ADDRESS,Richmond Hill,,N/A,Closed,,The Department of Sanitation investigated this complaint and found no violation at the location.,04/03/2018 12:00:00 PM,09 QUEENS,4092770050,QUEENS,1031995,195197,PHONE,Unspecified,QUEENS,,,,,,,,40.70231863431009,-73.82780384901068,"(40.70231863431009, -73.82780384901068)"
38849794,03/30/2018 04:00:00 PM,04/07/2018 12:00:00 PM,DSNY,Department of Sanitation,Dirty Conditions,E8 Canine Violation,Sidewalk,10310,450 NORTH BURGHER AVENUE,NORTH BURGHER AVENUE,,,,,ADDRESS,STATEN ISLAND,,N/A,Closed,,The Department of Sanitation investigated this complaint and found no violation at the location.,04/07/2018 12:00:00 PM,01 STATEN ISLAND,5001830042,STATEN ISLAND,952736,168835,ONLINE,Unspecified,STATEN ISLAND,,,,,,,,40.63003355881506,-74.11353460870689,"(40.63003355881506, -74.11353460870689)"
38819180,03/30/2018 12:09:00 PM,04/02/2018 12:00:00 PM,DSNY,Department of Sanitation,Dirty Conditions,E8 Canine Violation,Sidewalk,11249,295 KENT AVENUE,KENT AVENUE,SOUTH 2 STREET,SOUTH 3 STREET,,,ADDRESS,BROOKLYN,,N/A,Closed,,The Department of Sanitation investigated this complaint and found no violation at the location.,04/02/2018 12:00:00 PM,01 BROOKLYN,3024150006,BROOKLYN,993437,199596,PHONE,Unspecified,BROOKLYN,,,,,,,,40.71451688430049,-73.96686030841154,"(40.71451688430049, -73.96686030841154)"
38822031,03/30/2018 11:54:00 AM,04/02/2018 12:00:00 PM,DSNY,Department of Sanitation,Dirty Conditions,E8 Canine Violation,Sidewalk,10461,MACLAY AVENUE,MACLAY AVENUE,SEDDON STREET,,MACLAY AVENUE,SEDDON STREET,INTERSECTION,BRONX,,N/A,Closed,,The Department of Sanitation investigated this complaint and found no violation at the location.,04/02/2018 12:00:00 PM,Unspecified BRONX,,BRONX,1025861,245751,PHONE,Unspecified,BRONX,,,,,,,,40.8411068985288,-73.8496135449604,"(40.8411068985288, -73.8496135449604)"
38821142,03/30/2018 10:39:00 AM,04/02/2018 12:00:00 PM,DSNY,Department of Sanitation,Dirty Conditions,E8 Canine Violation,Sidewalk,10467,ARNOW AVENUE,ARNOW AVENUE,WALLACE AVENUE,,ARNOW AVENUE,WALLACE AVENUE,INTERSECTION,BRONX,,N/A,Closed,,The Department of Sanitation investigated this complaint and found no violation at the location.,04/02/2018 12:00:00 PM,Unspecified BRONX,,BRONX,1021759,255484,PHONE,Unspecified,BRONX,,,,,,,,40.867839426935895,-73.86438411329779,"(40.867839426935895, -73.86438411329779)"
38819181,03/29/2018 10:12:00 PM,04/03/2018 12:00:00 PM,DSNY,Department of Sanitation,Dirty Conditions,E8 Canine Violation,Sidewalk,11109,,,,,CENTER BOULEVARD,48 AVENUE,INTERSECTION,Long Island City,,N/A,Closed,,The Department of Sanitation investigated this complaint and found no violation at the location.,04/03/2018 12:00:00 PM,Unspecified QUEENS,,QUEENS,995928,210657,ONLINE,Unspecified,QUEENS,,,,,,,,40.74487368375495,-73.95785548445366,"(40.74487368375495, -73.95785548445366)"
38811928,03/29/2018 12:20:00 PM,03/31/2018 12:00:00 PM,DSNY,Department of Sanitation,Dirty Conditions,E8 Canine Violation,Sidewalk,11233,,,,,CHAUNCEY STREET,ROCKAWAY AVENUE,INTERSECTION,BROOKLYN,,N/A,Closed,,The Department of Sanitation investigated this complaint and found no violation at the location.,03/31/2018 12:00:00 PM,Unspecified BROOKLYN,,BROOKLYN,1008750,187922,PHONE,Unspecified,BROOKLYN,,,,,,,,40.68244533972703,-73.91166517067009,"(40.68244533972703, -73.91166517067009)"
38815104,03/29/2018 11:34:00 AM,03/30/2018 12:00:00 PM,DSNY,Department of Sanitation,Dirty Conditions,E8 Canine Violation,Sidewalk,10452,1074 SUMMIT AVENUE,SUMMIT AVENUE,WEST 165 STREET,WEST 166 STREET,,,ADDRESS,BRONX,,N/A,Closed,,The Department of Sanitation investigated this complaint and found no violation at the location.,03/30/2018 12:00:00 PM,04 BRONX,2025260006,BRONX,1003875,243563,ONLINE,Unspecified,BRONX,,,,,,,,40.83517770628178,-73.92907956951548,"(40.83517770628178, -73.92907956951548)"
38816047,03/29/2018 08:46:00 AM,04/02/2018 12:00:00 PM,DSNY,Department of Sanitation,Dirty Conditions,E8 Canine Violation,Sidewalk,11366,75-02 196 STREET,196 STREET,75 AVENUE,UNION TURNPIKE,,,ADDRESS,Fresh Meadows,,N/A,Closed,,The Department of Sanitation investigated this complaint and found no violation at the location.,04/02/2018 12:00:00 PM,08 QUEENS,4072110006,QUEENS,1046403,206273,ONLINE,Unspecified,QUEENS,,,,,,,,40.73263002768763,-73.77573817972589,"(40.73263002768763, -73.77573817972589)"
38816048,03/28/2018 02:09:00 PM,03/31/2018 12:00:00 PM,DSNY,Department of Sanitation,Dirty Conditions,E8 Canine Violation,Sidewalk,11208,1122 LIBERTY AVENUE,LIBERTY AVENUE,,,,,ADDRESS,BROOKLYN,,N/A,Closed,,The Department of Sanitation investigated this complaint and found no violation at the location.,03/31/2018 12:00:00 PM,05 BROOKLYN,3042020012,BROOKLYN,1020916,186531,PHONE,Unspecified,BROOKLYN,,,,,,,,40.67858532992535,-73.86780824227372,"(40.67858532992535, -73.86780824227372)"
38806779,03/28/2018 11:52:00 AM,03/30/2018 12:00:00 PM,DSNY,Department of Sanitation,Dirty Conditions,E8 Canine Violation,Sidewalk,10453,153 MORTON PLACE,MORTON PLACE,,,,,ADDRESS,BRONX,,N/A,Closed,,The Department of Sanitation investigated this complaint and found no violation at the location.,03/30/2018 12:00:00 PM,05 BRONX,2028680277,BRONX,1007901,249297,PHONE,Unspecified,BRONX,,,,,,,,40.85090598700377,-73.91451027722927,"(40.85090598700377, -73.91451027722927)"
38807843,03/28/2018 10:56:00 AM,03/31/2018 12:00:00 PM,DSNY,Department of Sanitation,Dirty Conditions,E8 Canine Violation,Sidewalk,11416,89-12 97 AVENUE,97 AVENUE,89 STREET,90 STREET,,,ADDRESS,Ozone Park,,N/A,Closed,,The Department of Sanitation investigated this complaint and found no violation at the location.,03/31/2018 12:00:00 PM,09 QUEENS,4090630005,QUEENS,1025366,188708,ONLINE,Unspecified,QUEENS,,,,,,,,40.68454114063382,-73.85175142404474,"(40.68454114063382, -73.85175142404474)"
38802288,03/28/2018 09:44:00 AM,04/03/2018 12:00:00 PM,DSNY,Department of Sanitation,Dirty Conditions,E8 Canine Violation,Sidewalk,11214,1864 86 STREET,86 STREET,BAY 20 STREET,19 AVENUE,,,ADDRESS,BROOKLYN,,N/A,Closed,,The Department of Sanitation investigated this complaint and found no violation at the location.,04/03/2018 12:00:00 PM,11 BROOKLYN,3063710047,BROOKLYN,983944,160172,ONLINE,Unspecified,BROOKLYN,,,,,,,,40.60631147340157,-74.00110202564122,"(40.60631147340157, -74.00110202564122)"
38809075,03/27/2018 07:01:00 PM,03/28/2018 12:00:00 PM,DSNY,Department of Sanitation,Dirty Conditions,E8 Canine Violation,Sidewalk,11105,,,,,28 STREET,DITMARS BOULEVARD,INTERSECTION,Astoria,,N/A,Closed,,The Department of Sanitation investigated this complaint and found no violation at the location.,03/28/2018 12:00:00 PM,Unspecified QUEENS,,QUEENS,1008516,222484,PHONE,Unspecified,QUEENS,,,,,,,,40.777310163484614,-73.91238421811065,"(40.777310163484614, -73.91238421811065)"
38808983,03/27/2018 06:42:00 PM,03/28/2018 12:00:00 PM,DSNY,Department of Sanitation,Dirty Conditions,E8 Canine Violation,Sidewalk,11360,15-31 208 STREET,208 STREET,15 ROAD,15 DRIVE,,,ADDRESS,Bayside,,N/A,Closed,,The Department of Sanitation investigated this complaint and found no violation at the location.,03/28/2018 12:00:00 PM,07 QUEENS,,QUEENS,1043727,225069,ONLINE,Unspecified,QUEENS,,,,,,,,40.78423848469573,-73.78522745982414,"(40.78423848469573, -73.78522745982414)"
38804613,03/27/2018 06:05:00 PM,03/28/2018 12:00:00 PM,DSNY,Department of Sanitation,Dirty Conditions,E8 Canine Violation,Sidewalk,11358,29-05 JORDAN STREET,JORDAN STREET,29 AVENUE,30 AVENUE,,,ADDRESS,Flushing,,N/A,Closed,,The Department of Sanitation investigated this complaint and found no violation at the location.,03/28/2018 12:00:00 PM,11 QUEENS,4060220002,QUEENS,1042211,220084,ONLINE,Unspecified,QUEENS,,,,,,,,40.7705660839896,-73.79074474373179,"(40.7705660839896, -73.79074474373179)"
38801534,03/27/2018 04:02:00 PM,03/28/2018 12:00:00 PM,DSNY,Department of Sanitation,Dirty Conditions,E8 Canine Violation,Sidewalk,11419,101-68 130 STREET,130 STREET,101 AVENUE,103 AVENUE,,,ADDRESS,South Richmond Hill,,N/A,Closed,,The Department of Sanitation investigated this complaint and found no violation at the location.,03/28/2018 12:00:00 PM,09 QUEENS,4094970036,QUEENS,1035164,191133,PHONE,Unspecified,QUEENS,,,,,,,,40.691146257769624,-73.8164053499534,"(40.691146257769624, -73.8164053499534)"
38804687,03/27/2018 03:26:00 PM,03/28/2018 12:00:00 PM,DSNY,Department of Sanitation,Dirty Conditions,E8 Canine Violation,Sidewalk,11416,97-31 91 STREET,91 STREET,97 AVENUE,101 AVENUE,,,ADDRESS,Ozone Park,,N/A,Closed,,The Department of Sanitation investigated this complaint and found no violation at the location.,03/28/2018 12:00:00 PM,09 QUEENS,4090650044,QUEENS,1025822,188773,ONLINE,Unspecified,QUEENS,,,,,,,,40.684717420563544,-73.85010686454434,"(40.684717420563544, -73.85010686454434)"
38804757,03/27/2018 02:51:00 PM,03/28/2018 12:00:00 PM,DSNY,Department of Sanitation,Dirty Conditions,E8 Canine Violation,Sidewalk,11691,22-30 NEW HAVEN AVENUE,NEW HAVEN AVENUE,BEACH 22 STREET,GRASSMERE TERRACE,,,ADDRESS,Far Rockaway,,N/A,Closed,,The Department of Sanitation investigated this complaint and found no violation at the location.,03/28/2018 12:00:00 PM,14 QUEENS,4157520016,QUEENS,1051898,158372,PHONE,Unspecified,QUEENS,,,,,,,,40.60111265666622,-73.75639175861576,"(40.60111265666622, -73.75639175861576)"
38797707,03/27/2018 12:58:00 PM,03/29/2018 12:00:00 PM,DSNY,Department of Sanitation,Dirty Conditions,E8 Canine Violation,Sidewalk,11358,194-01 37 AVENUE,37 AVENUE,194 STREET,195 STREET,,,ADDRESS,Flushing,,N/A,Closed,,The Department of Sanitation investigated this complaint and found no violation at the location.,03/29/2018 12:00:00 PM,11 QUEENS,4053180002,QUEENS,1042939,217228,ONLINE,Unspecified,QUEENS,,,,,,,,40.76272232332994,-73.7881414099123,"(40.76272232332994, -73.7881414099123)"
38798340,03/27/2018 11:59:00 AM,03/28/2018 12:00:00 PM,DSNY,Department of Sanitation,Dirty Conditions,E8 Canine Violation,Sidewalk,11379,,,,,69 ROAD,79 STREET,INTERSECTION,Middle Village,,N/A,Closed,,The Department of Sanitation investigated this complaint and found no violation at the location.,03/28/2018 12:00:00 PM,Unspecified QUEENS,,QUEENS,1019382,197640,PHONE,Unspecified,QUEENS,,,,,,,,40.70908315181371,-73.87328081886155,"(40.70908315181371, -73.87328081886155)"
38799574,03/27/2018 08:04:00 AM,03/27/2018 12:00:00 PM,DSNY,Department of Sanitation,Dirty Conditions,E8 Canine Violation,Sidewalk,10031,520 WEST  140 STREET,WEST  140 STREET,AMSTERDAM AVENUE,HAMILTON PLACE,,,ADDRESS,NEW YORK,,N/A,Closed,,The Department of Sanitation investigated this complaint and found no violation at the location.,03/27/2018 12:00:00 PM,09 MANHATTAN,1020710043,MANHATTAN,997873,238912,ONLINE,Unspecified,MANHATTAN,,,,,,,,40.822423341207696,-73.95077891516559,"(40.822423341207696, -73.95077891516559)"
38798346,03/26/2018 10:38:00 PM,03/27/2018 12:00:00 PM,DSNY,Department of Sanitation,Dirty Conditions,E8 Canine Violation,Sidewalk,11420,130-19 116 AVENUE,116 AVENUE,130 STREET,131 STREET,,,ADDRESS,South Ozone Park,,N/A,Closed,,The Department of Sanitation investigated this complaint and found no violation at the location.,03/27/2018 12:00:00 PM,10 QUEENS,4116730033,QUEENS,1037051,186295,ONLINE,Unspecified,QUEENS,,,,,,,,40.67785602713992,-73.80963880667285,"(40.67785602713992, -73.80963880667285)"
38798957,03/26/2018 09:25:00 PM,03/27/2018 12:00:00 PM,DSNY,Department of Sanitation,Dirty Conditions,E8 Canine Violation,Sidewalk,10301,,,,,GRANT STREET,BAY STREET,INTERSECTION,STATEN ISLAND,,N/A,Closed,,The Department of Sanitation investigated this complaint and found no violation at the location.,03/27/2018 12:00:00 PM,Unspecified STATEN ISLAND,,STATEN ISLAND,963336,169952,ONLINE,Unspecified,STATEN ISLAND,,,,,,,,40.633130854080726,-74.07534976954743,"(40.633130854080726, -74.07534976954743)"
38800666,03/26/2018 03:51:00 PM,03/27/2018 12:00:00 PM,DSNY,Department of Sanitation,Dirty Conditions,E8 Canine Violation,Sidewalk,11377,,,,,45 STREET,47 AVENUE,INTERSECTION,Woodside,,N/A,Closed,,The Department of Sanitation investigated this complaint and found no violation at the location.,03/27/2018 12:00:00 PM,Unspecified QUEENS,,QUEENS,1006411,209348,PHONE,Unspecified,QUEENS,,,,,,,,40.74126075035584,-73.92002791089166,"(40.74126075035584, -73.92002791089166)"
38798956,03/26/2018 03:24:00 PM,03/27/2018 12:00:00 PM,DSNY,Department of Sanitation,Dirty Conditions,E8 Canine Violation,Sidewalk,10469,2717 YATES AVENUE,YATES AVENUE,ALLERTON AVENUE,ARNOW AVENUE,,,ADDRESS,BRONX,,N/A,Closed,,The Department of Sanitation investigated this complaint and found no violation at the location.,03/27/2018 12:00:00 PM,11 BRONX,2045210057,BRONX,1024421,254776,PHONE,Unspecified,BRONX,,,,,,,,40.86588447192598,-73.8547637646825,"(40.86588447192598, -73.8547637646825)"
38795806,03/26/2018 03:13:00 PM,03/27/2018 12:00:00 PM,DSNY,Department of Sanitation,Dirty Conditions,E8 Canine Violation,Sidewalk,11102,25-63 22 STREET,22 STREET,25 ROAD,ASTORIA BOULEVARD,,,ADDRESS,Astoria,,N/A,Closed,,The Department of Sanitation investigated this complaint and found no violation at the location.,03/27/2018 12:00:00 PM,01 QUEENS,4008840012,QUEENS,1005140,220797,PHONE,Unspecified,QUEENS,,,,,,,,40.772688416393216,-73.92457897554225,"(40.772688416393216, -73.92457897554225)"
38786593,03/26/2018 12:44:00 PM,03/27/2018 12:00:00 PM,DSNY,Department of Sanitation,Dirty Conditions,E8 Canine Violation,Sidewalk,11207,,,,,BARBEY STREET,FLATLANDS AVENUE,INTERSECTION,BROOKLYN,,N/A,Closed,,The Department of Sanitation investigated this complaint and found no violation at the location.,03/27/2018 12:00:00 PM,Unspecified BROOKLYN,,BROOKLYN,1017835,178261,PHONE,Unspecified,BROOKLYN,,,,,,,,40.655898268159305,-73.87895734203089,"(40.655898268159305, -73.87895734203089)"
38784725,03/26/2018 10:22:00 AM,03/27/2018 12:00:00 PM,DSNY,Department of Sanitation,Dirty Conditions,E8 Canine Violation,Sidewalk,10312,,,,,CODY PLACE,ARTHUR KILL ROAD,INTERSECTION,STATEN ISLAND,,N/A,Closed,,The Department of Sanitation investigated this complaint and found no violation at the location.,03/27/2018 12:00:00 PM,Unspecified STATEN ISLAND,,STATEN ISLAND,928024,141875,ONLINE,Unspecified,STATEN ISLAND,,,,,,,,40.55591159127919,-74.20233924051176,"(40.55591159127919, -74.20233924051176)"
38786503,03/26/2018 06:47:00 AM,04/04/2018 12:00:00 PM,DSNY,Department of Sanitation,Dirty Conditions,E8 Canine Violation,Sidewalk,,,,,,CATON AVENUE,BEDFORD AVENUE,INTERSECTION,,,N/A,Closed,,The Department of Sanitation investigated this complaint and found no violation at the location.,04/04/2018 12:00:00 PM,Unspecified BROOKLYN,,BROOKLYN,,,ONLINE,Unspecified,BROOKLYN,,,,,,,,,,
38783469,03/25/2018 06:34:00 PM,03/26/2018 12:00:00 PM,DSNY,Department of Sanitation,Dirty Conditions,E8 Canine Violation,Sidewalk,11218,,,,,EAST 2 STREET,ALBERMARLE ROAD,INTERSECTION,BROOKLYN,,N/A,Closed,,The Department of Sanitation investigated this complaint and found no violation at the location.,03/26/2018 12:00:00 PM,Unspecified BROOKLYN,,BROOKLYN,990160,174355,PHONE,Unspecified,BROOKLYN,,,,,,,,40.64523886501043,-73.978703361489,"(40.64523886501043, -73.978703361489)"
38781852,03/25/2018 10:42:00 AM,03/26/2018 12:00:00 PM,DSNY,Department of Sanitation,Dirty Conditions,E8 Canine Violation,Sidewalk,10312,86 BRANDIS AVENUE,BRANDIS AVENUE,BRANDIS LANE,DRUMGOOLE ROAD EAST,,,ADDRESS,STATEN ISLAND,,N/A,Closed,,The Department of Sanitation investigated this complaint and found no violation at the location.,03/26/2018 12:00:00 PM,03 STATEN ISLAND,5056120246,STATEN ISLAND,936322,142608,ONLINE,Unspecified,STATEN ISLAND,,,,,,,,40.55797226035018,-74.17248269256488,"(40.55797226035018, -74.17248269256488)"
38776694,03/24/2018 05:44:00 PM,03/26/2018 12:00:00 PM,DSNY,Department of Sanitation,Dirty Conditions,E8 Canine Violation,Sidewalk,11356,20-11 126 STREET,126 STREET,20 AVENUE,22 AVENUE,,,ADDRESS,College Point,,N/A,Closed,,The Department of Sanitation investigated this complaint and found no violation at the location.,03/26/2018 12:00:00 PM,07 QUEENS,4041710016,QUEENS,1027920,224019,PHONE,Unspecified,QUEENS,,,,,,,,40.78144875756202,-73.84231350703567,"(40.78144875756202, -73.84231350703567)"
38781310,03/24/2018 05:33:00 PM,03/26/2018 12:00:00 PM,DSNY,Department of Sanitation,Dirty Conditions,E8 Canine Violation,Sidewalk,11368,58-01 VAN CLEEF STREET,VAN CLEEF STREET,SAULTELL AVENUE,LONG ISLAND EXPRESSWAY,,,ADDRESS,Corona,,N/A,Closed,,The Department of Sanitation investigated this complaint and found no violation at the location.,03/26/2018 12:00:00 PM,04 QUEENS,4019720024,QUEENS,1025847,208853,ONLINE,Unspecified,QUEENS,,,,,,,,40.73983203995988,-73.84989265721356,"(40.73983203995988, -73.84989265721356)"
38781508,03/24/2018 04:04:00 PM,03/27/2018 12:00:00 PM,DSNY,Department of Sanitation,Dirty Conditions,E8 Canine Violation,Sidewalk,10467,3130 ROCHAMBEAU AVENUE,ROCHAMBEAU AVENUE,BEND,EAST 206 STREET,,,ADDRESS,BRONX,,N/A,Closed,,The Department of Sanitation investigated this complaint and found no violation at the location.,03/27/2018 12:00:00 PM,07 BRONX,2033350060,BRONX,1017351,257771,PHONE,Unspecified,BRONX,,,,,,,,40.87413416624143,-73.8803101644388,"(40.87413416624143, -73.8803101644388)"
38780362,03/24/2018 04:01:00 PM,03/29/2018 12:00:00 PM,DSNY,Department of Sanitation,Dirty Conditions,E8 Canine Violation,Sidewalk,10467,3150 ROCHAMBEAU AVENUE,ROCHAMBEAU AVENUE,BEND,EAST 206 STREET,,,ADDRESS,BRONX,,N/A,Closed,,The Department of Sanitation investigated this complaint and found no violation at the location.,03/29/2018 12:00:00 PM,07 BRONX,2033350060,BRONX,1017336,257918,PHONE,Unspecified,BRONX,,,,,,,,40.87453769186875,-73.88036367689082,"(40.87453769186875, -73.88036367689082)"
38780361,03/24/2018 01:59:00 PM,03/26/2018 12:00:00 PM,DSNY,Department of Sanitation,Dirty Conditions,E8 Canine Violation,Sidewalk,10031,516 WEST  140 STREET,WEST  140 STREET,AMSTERDAM AVENUE,HAMILTON PLACE,,,ADDRESS,NEW YORK,,N/A,Closed,,The Department of Sanitation investigated this complaint and found no violation at the location.,03/26/2018 12:00:00 PM,09 MANHATTAN,1020710141,MANHATTAN,997909,238892,ONLINE,Unspecified,MANHATTAN,,,,,,,,40.822368391281955,-73.95064888477069,"(40.822368391281955, -73.95064888477069)"
38774698,03/24/2018 01:42:00 PM,03/29/2018 12:00:00 PM,DSNY,Department of Sanitation,Dirty Conditions,E8 Canine Violation,Sidewalk,10457,,,,,EAST 180 STREET,RYER AVENUE,INTERSECTION,BRONX,,N/A,Closed,,The Department of Sanitation investigated this complaint and found no violation at the location.,03/29/2018 12:00:00 PM,Unspecified BRONX,,BRONX,1011659,250014,PHONE,Unspecified,BRONX,,,,,,,,40.85286307177645,-73.90092355989616,"(40.85286307177645, -73.90092355989616)"
38771387,03/24/2018 10:46:00 AM,03/30/2018 12:00:00 PM,DSNY,Department of Sanitation,Dirty Conditions,E8 Canine Violation,Sidewalk,10456,752 JACKSON AVENUE,JACKSON AVENUE,EAST 156 STREET,EAST 158 STREET,,,ADDRESS,BRONX,,N/A,Closed,,The Department of Sanitation investigated this complaint and found no violation at the location.,03/30/2018 12:00:00 PM,01 BRONX,2026460001,BRONX,1010053,237619,PHONE,Unspecified,BRONX,,,,,,,,40.81884724086259,-73.90677651210451,"(40.81884724086259, -73.90677651210451)"
38774702,03/23/2018 06:11:00 PM,03/26/2018 12:00:00 PM,DSNY,Department of Sanitation,Dirty Conditions,E8 Canine Violation,Sidewalk,11221,1285 DEKALB AVENUE,DEKALB AVENUE,EVERGREEN AVENUE,MYRTLE AVENUE,,,ADDRESS,BROOKLYN,,N/A,Closed,,The Department of Sanitation investigated this complaint and found no violation at the location.,03/26/2018 12:00:00 PM,04 BROOKLYN,3032320059,BROOKLYN,1004704,193291,PHONE,Unspecified,BROOKLYN,,,,,,,,40.69719227804076,-73.92623672839187,"(40.69719227804076, -73.92623672839187)"
38772268,03/23/2018 02:22:00 PM,03/26/2018 12:00:00 PM,DSNY,Department of Sanitation,Dirty Conditions,E8 Canine Violation,Sidewalk,10032,,,,,WEST 163 STREET,RIVERSIDE DRIVE,INTERSECTION,NEW YORK,,N/A,Closed,,The Department of Sanitation investigated this complaint and found no violation at the location.,03/26/2018 12:00:00 PM,Unspecified MANHATTAN,,MANHATTAN,999318,245037,ONLINE,Unspecified,MANHATTAN,,,,,,,,40.839232359015284,-73.94554424821676,"(40.839232359015284, -73.94554424821676)"
38776273,03/23/2018 01:59:00 PM,03/27/2018 12:00:00 PM,DSNY,Department of Sanitation,Dirty Conditions,E8 Canine Violation,Sidewalk,10472,1353 HARROD AVENUE,HARROD AVENUE,EAST 172 STREET,EAST 174 STREET,,,ADDRESS,BRONX,,N/A,Closed,,The Department of Sanitation investigated this complaint and found no violation at the location.,03/27/2018 12:00:00 PM,09 BRONX,2038680044,BRONX,1018979,242807,PHONE,Unspecified,BRONX,,,,,,,,40.83305622695362,-73.87450101050692,"(40.83305622695362, -73.87450101050692)"
38764688,03/23/2018 01:08:00 PM,03/24/2018 12:00:00 PM,DSNY,Department of Sanitation,Dirty Conditions,E8 Canine Violation,Sidewalk,11230,800 AVENUE H,AVENUE H,EAST 8 STREET,EAST 9 STREET,,,ADDRESS,BROOKLYN,,N/A,Closed,,The Department of Sanitation investigated this complaint and found no violation at the location.,03/24/2018 12:00:00 PM,14 BROOKLYN,3065110001,BROOKLYN,992913,168527,ONLINE,Unspecified,BROOKLYN,,,,,,,,40.62923998368745,-73.96879043074365,"(40.62923998368745, -73.96879043074365)"
38762274,03/23/2018 12:51:00 PM,03/24/2018 12:00:00 PM,DSNY,Department of Sanitation,Dirty Conditions,E8 Canine Violation,Sidewalk,11214,22 28 AVENUE,28 AVENUE,BATH AVENUE,HARWAY AVENUE,,,ADDRESS,BROOKLYN,,N/A,Closed,,The Department of Sanitation investigated this complaint and found no violation at the location.,03/24/2018 12:00:00 PM,13 BROOKLYN,3069020047,BROOKLYN,988466,154186,ONLINE,Unspecified,BROOKLYN,,,,,,,,40.589880115931074,-73.98482027153536,"(40.589880115931074, -73.98482027153536)"
38766285,03/23/2018 11:27:00 AM,03/27/2018 12:00:00 PM,DSNY,Department of Sanitation,Dirty Conditions,E8 Canine Violation,Sidewalk,10461,1630 SEDDON STREET,SEDDON STREET,DORSEY STREET,MACLAY AVENUE,,,ADDRESS,BRONX,,N/A,Closed,,The Department of Sanitation investigated this complaint and found no violation at the location.,03/27/2018 12:00:00 PM,10 BRONX,2039940017,BRONX,1025953,245665,ONLINE,Unspecified,BRONX,,,,,,,,40.8408704199642,-73.84928158288577,"(40.8408704199642, -73.84928158288577)"
38763057,03/23/2018 09:40:00 AM,03/30/2018 12:00:00 PM,DSNY,Department of Sanitation,Dirty Conditions,E8 Canine Violation,Sidewalk,10463,3507 FORT INDEPENDENCE STREET,FORT INDEPENDENCE STREET,,,,,ADDRESS,BRONX,,N/A,Closed,,The Department of Sanitation investigated this complaint and found no violation at the location.,03/30/2018 12:00:00 PM,08 BRONX,2032620088,BRONX,1012435,260786,ONLINE,Unspecified,BRONX,,,,,,,,40.88242646906402,-73.8980732156365,"(40.88242646906402, -73.8980732156365)"
38763080,03/22/2018 11:00:00 PM,03/26/2018 12:00:00 PM,DSNY,Department of Sanitation,Dirty Conditions,E8 Canine Violation,Sidewalk,10029,1345 5 AVENUE,5 AVENUE,EAST 112 STREET,EAST 115 STREET,,,ADDRESS,NEW YORK,,N/A,Closed,,The Department of Sanitation investigated this complaint and found no violation at the location.,03/26/2018 12:00:00 PM,11 MANHATTAN,1016180001,MANHATTAN,998600,230125,ONLINE,Unspecified,MANHATTAN,,,,,,,,40.798304318848,-73.94817098606411,"(40.798304318848, -73.94817098606411)"
38768097,03/22/2018 10:13:00 PM,03/24/2018 12:00:00 PM,DSNY,Department of Sanitation,Dirty Conditions,E8 Canine Violation,Sidewalk,10458,227 EAST  203 STREET,EAST  203 STREET,GRAND CONCOURSE,VALENTINE AVENUE,,,ADDRESS,BRONX,,N/A,Closed,,The Department of Sanitation investigated this complaint and found no violation at the location.,03/24/2018 12:00:00 PM,07 BRONX,2033090031,BRONX,1015881,257625,ONLINE,Unspecified,BRONX,,,,,,,,40.87373883194234,-73.88562621742821,"(40.87373883194234, -73.88562621742821)"
38766286,03/22/2018 07:45:00 PM,03/26/2018 12:00:00 PM,DSNY,Department of Sanitation,Dirty Conditions,E8 Canine Violation,Sidewalk,11234,6910 AVENUE U,AVENUE U,EAST 69 STREET,EAST 70 STREET,,,ADDRESS,BROOKLYN,,N/A,Closed,,The Department of Sanitation investigated this complaint and found no violation at the location.,03/26/2018 12:00:00 PM,18 BROOKLYN,3084290036,BROOKLYN,1009582,164801,ONLINE,Unspecified,BROOKLYN,,,,,,,,40.618980915279145,-73.90875223099572,"(40.618980915279145, -73.90875223099572)"
38766245,03/22/2018 07:37:00 PM,03/24/2018 12:00:00 PM,DSNY,Department of Sanitation,Dirty Conditions,E8 Canine Violation,Sidewalk,11221,1289 DEKALB AVENUE,DEKALB AVENUE,EVERGREEN AVENUE,MYRTLE AVENUE,,,ADDRESS,BROOKLYN,,N/A,Closed,,The Department of Sanitation investigated this complaint and found no violation at the location.,03/24/2018 12:00:00 PM,04 BROOKLYN,3032320058,BROOKLYN,1004720,193313,PHONE,Unspecified,BROOKLYN,,,,,,,,40.69725262590482,-73.92617896074903,"(40.69725262590482, -73.92617896074903)"
38765465,03/22/2018 05:25:00 PM,03/24/2018 12:00:00 PM,DSNY,Department of Sanitation,Dirty Conditions,E8 Canine Violation,Sidewalk,11224,3845 NEPTUNE AVENUE,NEPTUNE AVENUE,SEA GATE AVENUE,HIGHLAND AVENUE,,,ADDRESS,BROOKLYN,,N/A,Closed,,The Department of Sanitation investigated this complaint and found no violation at the location.,03/24/2018 12:00:00 PM,13 BROOKLYN,3069990060,BROOKLYN,982407,149319,ONLINE,Unspecified,BROOKLYN,,,,,,,,40.576521976821525,-74.00663440330013,"(40.576521976821525, -74.00663440330013)"
38766971,03/22/2018 04:48:00 PM,03/23/2018 12:00:00 PM,DSNY,Department of Sanitation,Dirty Conditions,E8 Canine Violation,Sidewalk,10466,1712 PITMAN AVENUE,PITMAN AVENUE,BARNES AVENUE,DIGNEY AVENUE,,,ADDRESS,BRONX,,N/A,Closed,,The Department of Sanitation investigated this complaint and found no violation at the location.,03/23/2018 12:00:00 PM,12 BRONX,2050050008,BRONX,1025009,265398,PHONE,Unspecified,BRONX,,,,,,,,40.89503582362416,-73.85257325118906,"(40.89503582362416, -73.85257325118906)"
38769909,03/22/2018 04:41:00 PM,03/23/2018 12:00:00 PM,DSNY,Department of Sanitation,Dirty Conditions,E8 Canine Violation,Sidewalk,10466,4340 BYRON AVENUE,BYRON AVENUE,WHITEHALL PLACE,EAST 237 STREET,,,ADDRESS,BRONX,,N/A,Closed,,The Department of Sanitation investigated this complaint and found no violation at the location.,03/23/2018 12:00:00 PM,12 BRONX,2050450035,BRONX,1024681,265843,PHONE,Unspecified,BRONX,,,,,,,,40.89625871421444,-73.85375694942759,"(40.89625871421444, -73.85375694942759)"
38766999,03/22/2018 03:46:00 PM,03/23/2018 12:00:00 PM,DSNY,Department of Sanitation,Dirty Conditions,E8 Canine Violation,Sidewalk,10472,2122 CHATTERTON AVENUE,CHATTERTON AVENUE,OLMSTEAD AVENUE,CASTLE HILL AVENUE,,,ADDRESS,BRONX,,N/A,Closed,,The Department of Sanitation investigated this complaint and found no violation at the location.,03/23/2018 12:00:00 PM,09 BRONX,2038060019,BRONX,1025121,240988,PHONE,Unspecified,BRONX,,,,,,,,40.82803731274341,-73.85231699790263,"(40.82803731274341, -73.85231699790263)"
38761563,03/22/2018 10:35:00 AM,03/23/2018 12:00:00 PM,DSNY,Department of Sanitation,Dirty Conditions,E8 Canine Violation,Sidewalk,11435,139-63 PERSHING CRESCENT,PERSHING CRESCENT,BEND,LANDER STREET,,,ADDRESS,Jamaica,,N/A,Closed,,The Department of Sanitation investigated this complaint and found no violation at the location.,03/23/2018 12:00:00 PM,08 QUEENS,4097140040,QUEENS,1034688,198256,PHONE,Unspecified,QUEENS,,,,,,,,40.71069990926367,-73.8180684433457,"(40.71069990926367, -73.8180684433457)"
38758697,03/22/2018 10:32:00 AM,03/24/2018 12:00:00 PM,DSNY,Department of Sanitation,Dirty Conditions,E8 Canine Violation,Sidewalk,11230,1610 AVENUE N,AVENUE N,EAST 16 STREET,EAST 17 STREET,,,ADDRESS,BROOKLYN,,N/A,Closed,,The Department of Sanitation investigated this complaint and found no violation at the location.,03/24/2018 12:00:00 PM,14 BROOKLYN,3067540003,BROOKLYN,995789,163609,PHONE,Unspecified,BROOKLYN,,,,,,,,40.6157378231332,-73.9584376795585,"(40.6157378231332, -73.9584376795585)"
38756434,03/22/2018 10:28:00 AM,03/24/2018 12:00:00 PM,DSNY,Department of Sanitation,Dirty Conditions,E8 Canine Violation,Sidewalk,11207,587 CENTRAL AVENUE,CENTRAL AVENUE,COVERT STREET,SCHAEFER STREET,,,ADDRESS,BROOKLYN,,N/A,Closed,,The Department of Sanitation investigated this complaint and found no violation at the location.,03/24/2018 12:00:00 PM,04 BROOKLYN,3034230012,BROOKLYN,1009383,190352,MOBILE,Unspecified,BROOKLYN,,,,,,,,40.68911335559225,-73.90937382440715,"(40.68911335559225, -73.90937382440715)"
38759648,03/22/2018 06:09:00 AM,03/23/2018 12:00:00 PM,DSNY,Department of Sanitation,Dirty Conditions,E8 Canine Violation,Sidewalk,10460,1385 LELAND AVENUE,LELAND AVENUE,CROSS BRONX EXPRESSWAY,WOOD AVENUE,,,ADDRESS,BRONX,,N/A,Closed,,The Department of Sanitation investigated this complaint and found no violation at the location.,03/23/2018 12:00:00 PM,09 BRONX,2038830021,BRONX,1021865,243555,ONLINE,Unspecified,BRONX,,,,,,,,40.83509744862367,-73.86406779343537,"(40.83509744862367, -73.86406779343537)"
38754203,03/22/2018 06:05:00 AM,03/24/2018 12:00:00 PM,DSNY,Department of Sanitation,Dirty Conditions,E8 Canine Violation,Sidewalk,10460,1841 CROSS BRONX EXPRESSWAY,CROSS BRONX EXPRESSWAY,THIERIOT AVENUE,LELAND AVENUE,,,ADDRESS,BRONX,,N/A,Closed,,The Department of Sanitation investigated this complaint and found no violation at the location.,03/24/2018 12:00:00 PM,09 BRONX,2038830012,BRONX,1021652,243473,ONLINE,Unspecified,BRONX,,,,,,,,40.83487328721534,-73.86483798385916,"(40.83487328721534, -73.86483798385916)"
38760653,03/21/2018 08:15:00 PM,03/23/2018 12:00:00 PM,DSNY,Department of Sanitation,Dirty Conditions,E8 Canine Violation,Sidewalk,10453,40 WEST TREMONT AVENUE,WEST TREMONT AVENUE,GRAND AVENUE,KINGSLAND PLACE,,,ADDRESS,BRONX,,N/A,Closed,,The Department of Sanitation investigated this complaint and found no violation at the location.,03/23/2018 12:00:00 PM,05 BRONX,2028620014,BRONX,1008822,249632,PHONE,Unspecified,BRONX,,,,,,,,40.8518229471063,-73.91117997320211,"(40.8518229471063, -73.91117997320211)"
38758696,03/21/2018 06:01:00 PM,03/23/2018 12:00:00 PM,DSNY,Department of Sanitation,Dirty Conditions,E8 Canine Violation,Sidewalk,10470,4274 KEPLER AVENUE,KEPLER AVENUE,EAST 235 STREET,EAST 236 STREET,,,ADDRESS,BRONX,,N/A,Closed,,The Department of Sanitation investigated this complaint and found no violation at the location.,03/23/2018 12:00:00 PM,12 BRONX,2033760002,BRONX,1020005,266355,ONLINE,Unspecified,BRONX,,,,,,,,40.89768417670848,-73.8706677578439,"(40.89768417670848, -73.8706677578439)"
38757532,03/21/2018 04:06:00 PM,03/23/2018 12:00:00 PM,DSNY,Department of Sanitation,Dirty Conditions,E8 Canine Violation,Sidewalk,11217,,,,,ST MARKS PLACE,5 AVENUE,INTERSECTION,BROOKLYN,,N/A,Closed,,The Department of Sanitation investigated this complaint and found no violation at the location.,03/23/2018 12:00:00 PM,Unspecified BROOKLYN,,BROOKLYN,990503,187330,PHONE,Unspecified,BROOKLYN,,,,,,,,40.68085213230095,-73.9774553304487,"(40.68085213230095, -73.9774553304487)"
38748600,03/21/2018 11:53:00 AM,03/23/2018 12:00:00 PM,DSNY,Department of Sanitation,Dirty Conditions,E8 Canine Violation,Sidewalk,11230,1854 OCEAN AVENUE,OCEAN AVENUE,BAY AVENUE,AVENUE N,,,ADDRESS,BROOKLYN,,N/A,Closed,,The Department of Sanitation investigated this complaint and found no violation at the location.,03/23/2018 12:00:00 PM,14 BROOKLYN,3067480040,BROOKLYN,996828,163941,PHONE,Unspecified,BROOKLYN,,,,,,,,40.61664768022531,-73.9546946879438,"(40.61664768022531, -73.9546946879438)"
38746693,03/21/2018 09:59:00 AM,03/24/2018 12:00:00 PM,DSNY,Department of Sanitation,Dirty Conditions,E8 Canine Violation,Sidewalk,10467,3511 HULL AVENUE,HULL AVENUE,EAST GUN HILL ROAD,EAST 211 STREET,,,ADDRESS,BRONX,,N/A,Closed,,The Department of Sanitation investigated this complaint and found no violation at the location.,03/24/2018 12:00:00 PM,07 BRONX,2033560104,BRONX,1019259,259598,ONLINE,Unspecified,BRONX,,,,,,,,40.87914134996611,-73.87340149307286,"(40.87914134996611, -73.87340149307286)"
38747884,03/20/2018 10:10:00 PM,03/23/2018 12:00:00 PM,DSNY,Department of Sanitation,Dirty Conditions,E8 Canine Violation,Sidewalk,11226,1701 ALBEMARLE ROAD,ALBEMARLE ROAD,EAST 17 STREET,EAST 18 STREET,,,ADDRESS,BROOKLYN,,N/A,Closed,,The Department of Sanitation investigated this complaint and found no violation at the location.,03/23/2018 12:00:00 PM,14 BROOKLYN,3050970120,BROOKLYN,994399,174972,ONLINE,Unspecified,BROOKLYN,,,,,,,,40.646928553451495,-73.96342723146404,"(40.646928553451495, -73.96342723146404)"
38751857,03/20/2018 04:31:00 PM,03/23/2018 12:00:00 PM,DSNY,Department of Sanitation,Dirty Conditions,E8 Canine Violation,Sidewalk,11102,,,,,31 AVENUE,CRESCENT STREET,INTERSECTION,Astoria,,N/A,Closed,,The Department of Sanitation investigated this complaint and issued a Notice of Violation.,03/23/2018 12:00:00 PM,Unspecified QUEENS,,QUEENS,1004627,218262,PHONE,Unspecified,QUEENS,,,,,,,,40.76573170049462,-73.92643878999671,"(40.76573170049462, -73.92643878999671)"
38862055,03/20/2018 12:30:00 PM,04/03/2018 12:00:00 PM,DSNY,Department of Sanitation,Dirty Conditions,E8 Canine Violation,Sidewalk,11365,,,,,68 AVENUE,174 STREET,INTERSECTION,Fresh Meadows,,N/A,Closed,,The Department of Sanitation investigated this complaint and found no violation at the location.,04/03/2018 12:00:00 PM,Unspecified QUEENS,,QUEENS,1040847,206621,ONLINE,Unspecified,QUEENS,,,,,,,,40.73362249637869,-73.79578245745533,"(40.73362249637869, -73.79578245745533)"
38744623,03/20/2018 11:44:00 AM,03/26/2018 12:00:00 PM,DSNY,Department of Sanitation,Dirty Conditions,E8 Canine Violation,Sidewalk,10301,23 VAN BUREN STREET,VAN BUREN STREET,YORK AVENUE,MINERVA PLACE,,,ADDRESS,STATEN ISLAND,,N/A,Closed,,The Department of Sanitation investigated this complaint and found no violation at the location.,03/26/2018 12:00:00 PM,01 STATEN ISLAND,5000620014,STATEN ISLAND,959281,174440,PHONE,Unspecified,STATEN ISLAND,,,,,,,,40.64543894581574,-74.08997587983396,"(40.64543894581574, -74.08997587983396)"
38742900,03/20/2018 11:33:00 AM,03/20/2018 12:00:00 PM,DSNY,Department of Sanitation,Dirty Conditions,E8 Canine Violation,Sidewalk,11364,224-15 77 AVENUE,77 AVENUE,SPRINGFIELD BOULEVARD,226 STREET,,,ADDRESS,Oakland Gardens,,N/A,Closed,,The Department of Sanitation investigated this complaint and found no violation at the location.,03/20/2018 12:00:00 PM,11 QUEENS,4078330074,QUEENS,1053968,208454,PHONE,Unspecified,QUEENS,,,,,,,,40.738559915760206,-73.74841952110145,"(40.738559915760206, -73.74841952110145)"
38737569,03/20/2018 10:56:00 AM,03/26/2018 12:00:00 PM,DSNY,Department of Sanitation,Dirty Conditions,E8 Canine Violation,Sidewalk,10301,,,,,BRIGHTON AVENUE,TRUMBULL PLACE,INTERSECTION,STATEN ISLAND,,N/A,Closed,,The Department of Sanitation investigated this complaint and found no violation at the location.,03/26/2018 12:00:00 PM,Unspecified STATEN ISLAND,,STATEN ISLAND,959194,170819,ONLINE,Unspecified,STATEN ISLAND,,,,,,,,40.63549983596456,-74.0902759371244,"(40.63549983596456, -74.0902759371244)"
38739447,03/19/2018 05:06:00 PM,03/23/2018 12:00:00 PM,DSNY,Department of Sanitation,Dirty Conditions,E8 Canine Violation,Sidewalk,10469,2717 YATES AVENUE,YATES AVENUE,ALLERTON AVENUE,ARNOW AVENUE,,,ADDRESS,BRONX,,N/A,Closed,,The Department of Sanitation investigated this complaint and found no violation at the location.,03/23/2018 12:00:00 PM,11 BRONX,2045210057,BRONX,1024421,254776,PHONE,Unspecified,BRONX,,,,,,,,40.86588447192598,-73.8547637646825,"(40.86588447192598, -73.8547637646825)"
38737543,03/19/2018 02:32:00 PM,03/20/2018 12:00:00 PM,DSNY,Department of Sanitation,Dirty Conditions,E8 Canine Violation,Sidewalk,11204,1837 67 STREET,67 STREET,18 AVENUE,19 AVENUE,,,ADDRESS,BROOKLYN,,N/A,Closed,,The Department of Sanitation investigated this complaint and found no violation at the location.,03/20/2018 12:00:00 PM,11 BROOKLYN,3055617501,BROOKLYN,986885,164230,PHONE,Unspecified,BROOKLYN,,,,,,,,40.617449461393555,-73.990508751303,"(40.617449461393555, -73.990508751303)"
38731325,03/19/2018 12:09:00 PM,03/23/2018 12:00:00 PM,DSNY,Department of Sanitation,Dirty Conditions,E8 Canine Violation,Sidewalk,10462,2001 NEWBOLD AVENUE,NEWBOLD AVENUE,CROSS BRONX EXPRESSWAY,OLMSTEAD AVENUE,,,ADDRESS,BRONX,,N/A,Closed,,The Department of Sanitation investigated this complaint and found no violation at the location.,03/23/2018 12:00:00 PM,09 BRONX,2038050078,BRONX,1023848,242658,ONLINE,Unspecified,BRONX,,,,,,,,40.83262677686421,-73.85690698206842,"(40.83262677686421, -73.85690698206842)"
38734648,03/19/2018 12:00:00 PM,03/23/2018 12:00:00 PM,DSNY,Department of Sanitation,Dirty Conditions,E8 Canine Violation,Sidewalk,10472,1244 EVERGREEN AVENUE,EVERGREEN AVENUE,WESTCHESTER AVENUE,BRONX RIVER AVENUE,,,ADDRESS,BRONX,,N/A,Closed,,The Department of Sanitation investigated this complaint and found no violation at the location.,03/23/2018 12:00:00 PM,09 BRONX,2037710023,BRONX,1017077,241650,PHONE,Unspecified,BRONX,,,,,,,,40.82988787155448,-73.88137985539004,"(40.82988787155448, -73.88137985539004)"
38729569,03/19/2018 11:42:00 AM,03/23/2018 12:00:00 PM,DSNY,Department of Sanitation,Dirty Conditions,E8 Canine Violation,Sidewalk,10456,540 EAST  169 STREET,EAST  169 STREET,3 AVENUE,FULTON AVENUE,,,ADDRESS,BRONX,,N/A,Closed,,The Department of Sanitation investigated this complaint and found no violation at the location.,03/23/2018 12:00:00 PM,03 BRONX,2026100012,BRONX,1010710,242600,ONLINE,Unspecified,BRONX,,,,,,,,40.83251671698595,-73.90438319967464,"(40.83251671698595, -73.90438319967464)"
38733186,03/19/2018 10:03:00 AM,03/20/2018 12:00:00 PM,DSNY,Department of Sanitation,Dirty Conditions,E8 Canine Violation,Sidewalk,11367,,,,,73 AVENUE,147 STREET,INTERSECTION,Flushing,,N/A,Closed,,The Department of Sanitation investigated this complaint and found no violation at the location.,03/20/2018 12:00:00 PM,Unspecified QUEENS,,QUEENS,1034486,203562,PHONE,Unspecified,QUEENS,,,,,,,,40.72526472310211,-73.81875746281968,"(40.72526472310211, -73.81875746281968)"
38729532,03/19/2018 08:57:00 AM,03/24/2018 12:00:00 PM,DSNY,Department of Sanitation,Dirty Conditions,E8 Canine Violation,Sidewalk,10471,6132 RIVERDALE AVENUE,RIVERDALE AVENUE,WEST 261 STREET,WEST 263 STREET,,,ADDRESS,BRONX,,N/A,Closed,,The Department of Sanitation investigated this complaint and found no violation at the location.,03/24/2018 12:00:00 PM,08 BRONX,2058871325,BRONX,1011057,271134,ONLINE,Unspecified,BRONX,,,,,,,,40.91083270325002,-73.90301510737221,"(40.91083270325002, -73.90301510737221)"
38733187,03/19/2018 08:04:00 AM,03/20/2018 12:00:00 PM,DSNY,Department of Sanitation,Dirty Conditions,E8 Canine Violation,Sidewalk,11209,7040 COLONIAL ROAD,COLONIAL ROAD,MACKAY PLACE,71 STREET,,,ADDRESS,BROOKLYN,,N/A,Closed,,The Department of Sanitation investigated this complaint and found no violation at the location.,03/20/2018 12:00:00 PM,10 BROOKLYN,3058840037,BROOKLYN,975397,170934,PHONE,Unspecified,BROOKLYN,,,,,,,,40.6358465005666,-74.03189722618694,"(40.6358465005666, -74.03189722618694)"
38730490,03/19/2018 02:19:00 AM,03/20/2018 12:00:00 PM,DSNY,Department of Sanitation,Dirty Conditions,E8 Canine Violation,Sidewalk,11203,570 ALBANY AVENUE,ALBANY AVENUE,MIDWOOD STREET,RUTLAND ROAD,,,ADDRESS,BROOKLYN,,N/A,Closed,,The Department of Sanitation investigated this complaint and found no violation at the location.,03/20/2018 12:00:00 PM,09 BROOKLYN,3048040035,BROOKLYN,1000949,179985,ONLINE,Unspecified,BROOKLYN,,,,,,,,40.66067821255853,-73.93981135335267,"(40.66067821255853, -73.93981135335267)"
38736354,03/18/2018 08:59:00 PM,03/19/2018 12:00:00 PM,DSNY,Department of Sanitation,Dirty Conditions,E8 Canine Violation,Sidewalk,11385,88-05 75 AVENUE,75 AVENUE,88 STREET,BEND,,,ADDRESS,Ridgewood,,N/A,Closed,,The Department of Sanitation investigated this complaint and found no violation at the location.,03/19/2018 12:00:00 PM,05 QUEENS,4038550113,QUEENS,1022449,197229,ONLINE,Unspecified,QUEENS,,,,,,,,40.70794234608807,-73.86222066869573,"(40.70794234608807, -73.86222066869573)"
38731326,03/18/2018 07:40:00 PM,03/23/2018 12:00:00 PM,DSNY,Department of Sanitation,Dirty Conditions,E8 Canine Violation,Sidewalk,10036,,,,,12 AVENUE,WEST 43 STREET,INTERSECTION,NEW YORK,,N/A,Closed,,The Department of Sanitation investigated this complaint and found no violation at the location.,03/23/2018 12:00:00 PM,Unspecified MANHATTAN,,MANHATTAN,984143,217106,PHONE,Unspecified,MANHATTAN,,,,,,,,40.762582261975396,-74.00038625294978,"(40.762582261975396, -74.00038625294978)"
38733061,03/18/2018 06:30:00 PM,03/20/2018 12:00:00 PM,DSNY,Department of Sanitation,Dirty Conditions,E8 Canine Violation,Sidewalk,11216,,,,,MONROE STREET,BEDFORD AVENUE,INTERSECTION,BROOKLYN,,N/A,Closed,,The Department of Sanitation investigated this complaint and found no violation at the location.,03/20/2018 12:00:00 PM,Unspecified BROOKLYN,,BROOKLYN,996939,188861,PHONE,Unspecified,BROOKLYN,,,,,,,,40.68504749172531,-73.95424798978414,"(40.68504749172531, -73.95424798978414)"
38721805,03/18/2018 12:07:00 PM,03/26/2018 12:00:00 PM,DSNY,Department of Sanitation,Dirty Conditions,E8 Canine Violation,Sidewalk,10040,609 WEST  196 STREET,WEST  196 STREET,ELLWOOD STREET,BEND,,,ADDRESS,NEW YORK,,N/A,Closed,,The Department of Sanitation investigated this complaint and found no violation at the location.,03/26/2018 12:00:00 PM,12 MANHATTAN,1021720100,MANHATTAN,1003856,252883,ONLINE,Unspecified,MANHATTAN,,,,,,,,40.860758391369025,-73.92912097889744,"(40.860758391369025, -73.92912097889744)"
38719172,03/17/2018 08:45:00 AM,03/23/2018 12:00:00 PM,DSNY,Department of Sanitation,Dirty Conditions,E8 Canine Violation,Sidewalk,10472,1791 WESTCHESTER AVENUE,WESTCHESTER AVENUE,ST LAWRENCE AVENUE,BEACH AVENUE,,,ADDRESS,BRONX,,N/A,Closed,,The Department of Sanitation investigated this complaint and found no violation at the location.,03/23/2018 12:00:00 PM,09 BRONX,2037860001,BRONX,1021125,242343,ONLINE,Unspecified,BRONX,,,,,,,,40.831773982439564,-73.86674864656445,"(40.831773982439564, -73.86674864656445)"
38719074,03/16/2018 04:53:00 PM,03/17/2018 12:00:00 PM,DSNY,Department of Sanitation,Dirty Conditions,E8 Canine Violation,Sidewalk,11419,101-68 130 STREET,130 STREET,101 AVENUE,103 AVENUE,,,ADDRESS,South Richmond Hill,,N/A,Closed,,The Department of Sanitation investigated this complaint and found no violation at the location.,03/17/2018 12:00:00 PM,09 QUEENS,4094970036,QUEENS,1035164,191133,PHONE,Unspecified,QUEENS,,,,,,,,40.691146257769624,-73.8164053499534,"(40.691146257769624, -73.8164053499534)"
38717787,03/16/2018 03:01:00 PM,03/20/2018 12:00:00 PM,DSNY,Department of Sanitation,Dirty Conditions,E8 Canine Violation,Sidewalk,10309,5 MEADOW COURT,MEADOW COURT,HAMPTON PLACE,DEAD END,,,ADDRESS,STATEN ISLAND,,N/A,Closed,,"The Department of Sanitation has investigated the complaint and addressed the issue. If the problem persists, call 311 to enter a new complaint. If you are outside of New York City, please call (212) NEW-YORK (212-639-9675).",03/20/2018 12:00:00 PM,03 STATEN ISLAND,5070557504,STATEN ISLAND,924801,139215,ONLINE,Unspecified,STATEN ISLAND,,,,,,,,40.54858940034754,-74.2139143570283,"(40.54858940034754, -74.2139143570283)"
38709760,03/16/2018 11:22:00 AM,03/16/2018 12:00:00 PM,DSNY,Department of Sanitation,Dirty Conditions,E8 Canine Violation,Sidewalk,11428,,,,,220 STREET,JAMAICA AVENUE,INTERSECTION,Queens Village,,N/A,Closed,,The Department of Sanitation investigated this complaint and found no violation at the location.,03/16/2018 12:00:00 PM,Unspecified QUEENS,,QUEENS,1057879,201314,PHONE,Unspecified,QUEENS,,,,,,,,40.7189307540976,-73.73438471456662,"(40.7189307540976, -73.73438471456662)"
38710667,03/16/2018 09:50:00 AM,03/20/2018 12:00:00 PM,DSNY,Department of Sanitation,Dirty Conditions,E8 Canine Violation,Sidewalk,11207,,,,,NEW JERSEY AVENUE,NEW LOTS AVENUE,INTERSECTION,BROOKLYN,,N/A,Closed,,The Department of Sanitation investigated this complaint and found no violation at the location.,03/20/2018 12:00:00 PM,Unspecified BROOKLYN,,BROOKLYN,1014131,180549,PHONE,Unspecified,BROOKLYN,,,,,,,,40.662191593875534,-73.89229666056042,"(40.662191593875534, -73.89229666056042)"
38708877,03/16/2018 09:40:00 AM,03/20/2018 12:00:00 PM,DSNY,Department of Sanitation,Dirty Conditions,E8 Canine Violation,Sidewalk,11207,755 NEW JERSEY AVENUE,NEW JERSEY AVENUE,BEND,HEGEMAN AVENUE,,,ADDRESS,BROOKLYN,,N/A,Closed,,The Department of Sanitation investigated this complaint and found no violation at the location.,03/20/2018 12:00:00 PM,05 BROOKLYN,3043000056,BROOKLYN,1014407,180091,PHONE,Unspecified,BROOKLYN,,,,,,,,40.66093355020555,-73.89130389318575,"(40.66093355020555, -73.89130389318575)"
38707149,03/16/2018 06:12:00 AM,03/19/2018 12:00:00 PM,DSNY,Department of Sanitation,Dirty Conditions,E8 Canine Violation,Sidewalk,10458,2985 WEBSTER AVENUE,WEBSTER AVENUE,BOTANICAL SQUARE,,,,ADDRESS,BRONX,,N/A,Closed,,The Department of Sanitation investigated this complaint and found no violation at the location.,03/19/2018 12:00:00 PM,07 BRONX,2032800048,BRONX,1016748,255519,PHONE,Unspecified,BRONX,,,,,,,,40.867955361957435,-73.88250147082536,"(40.867955361957435, -73.88250147082536)"
38706780,03/16/2018 12:32:00 AM,03/16/2018 12:00:00 PM,DSNY,Department of Sanitation,Dirty Conditions,E8 Canine Violation,Sidewalk,11365,69-43 167 STREET,167 STREET,69 AVENUE,JEWEL AVENUE,,,ADDRESS,Fresh Meadows,,N/A,Closed,,The Department of Sanitation investigated this complaint and found no violation at the location.,03/16/2018 12:00:00 PM,08 QUEENS,4069360030,QUEENS,1039070,206154,ONLINE,Unspecified,QUEENS,,,,,,,,40.73235189175719,-73.80219814506478,"(40.73235189175719, -73.80219814506478)"
38707681,03/15/2018 10:29:00 PM,03/16/2018 12:00:00 PM,DSNY,Department of Sanitation,Dirty Conditions,E8 Canine Violation,Sidewalk,11385,60-88 68 AVENUE,68 AVENUE,60 LANE,FRESH POND ROAD,,,ADDRESS,Ridgewood,,N/A,Closed,,The Department of Sanitation investigated this complaint and found no violation at the location.,03/16/2018 12:00:00 PM,05 QUEENS,4035330019,QUEENS,1012843,196141,PHONE,Unspecified,QUEENS,,,,,,,,40.70499230120695,-73.89687297131762,"(40.70499230120695, -73.89687297131762)"
38711497,03/15/2018 09:48:00 PM,03/23/2018 12:00:00 PM,DSNY,Department of Sanitation,Dirty Conditions,E8 Canine Violation,Sidewalk,10128,,,,,EAST 93 STREET,3 AVENUE,INTERSECTION,NEW YORK,,N/A,Closed,,The Department of Sanitation investigated this complaint and found no violation at the location.,03/23/2018 12:00:00 PM,Unspecified MANHATTAN,,MANHATTAN,997892,224644,ONLINE,Unspecified,MANHATTAN,,,,,,,,40.783261572489764,-73.95073925678315,"(40.783261572489764, -73.95073925678315)"
38708538,03/15/2018 07:08:00 PM,03/16/2018 12:00:00 PM,DSNY,Department of Sanitation,Dirty Conditions,E8 Canine Violation,Sidewalk,11375,,,,,64 ROAD,110 STREET,INTERSECTION,Forest Hills,,N/A,Closed,,The Department of Sanitation investigated this complaint and found no violation at the location.,03/16/2018 12:00:00 PM,Unspecified QUEENS,,QUEENS,1026651,206346,PHONE,Unspecified,QUEENS,,,,,,,,40.73294713668041,-73.84700714139844,"(40.73294713668041, -73.84700714139844)"
38707964,03/15/2018 04:37:00 PM,03/20/2018 12:00:00 PM,DSNY,Department of Sanitation,Dirty Conditions,E8 Canine Violation,Sidewalk,11385,1647 HANCOCK STREET,HANCOCK STREET,WYCKOFF AVENUE,CYPRESS AVENUE,,,ADDRESS,Ridgewood,,N/A,Closed,,The Department of Sanitation investigated this complaint and found no violation at the location.,03/20/2018 12:00:00 PM,05 QUEENS,4035480080,QUEENS,1010352,193657,PHONE,Unspecified,QUEENS,,,,,,,,40.69818200570698,-73.9058669384391,"(40.69818200570698, -73.9058669384391)"
38696744,03/15/2018 10:57:00 AM,03/23/2018 12:00:00 PM,DSNY,Department of Sanitation,Dirty Conditions,E8 Canine Violation,Sidewalk,10031,,,,,HAMILTON PLACE,WEST 140 STREET,INTERSECTION,NEW YORK,,N/A,Closed,,The Department of Sanitation investigated this complaint and found no violation at the location.,03/23/2018 12:00:00 PM,Unspecified MANHATTAN,,MANHATTAN,997729,238995,ONLINE,Unspecified,MANHATTAN,,,,,,,,40.822651373588734,-73.95129903286636,"(40.822651373588734, -73.95129903286636)"
38703025,03/15/2018 12:23:00 AM,03/15/2018 12:00:00 PM,DSNY,Department of Sanitation,Dirty Conditions,E8 Canine Violation,Sidewalk,11106,23-29 33 AVENUE,33 AVENUE,23 STREET,CRESCENT STREET,,,ADDRESS,Astoria,,N/A,Closed,,The Department of Sanitation investigated this complaint and found no violation at the location.,03/15/2018 12:00:00 PM,01 QUEENS,4005660012,QUEENS,1003490,217523,ONLINE,Unspecified,QUEENS,,,,,,,,40.763705884550404,-73.93054548687391,"(40.763705884550404, -73.93054548687391)"
38699660,03/14/2018 04:57:00 PM,03/15/2018 12:00:00 PM,DSNY,Department of Sanitation,Dirty Conditions,E8 Canine Violation,Sidewalk,11204,1566 WEST    3 STREET,WEST    3 STREET,24 AVENUE,AVENUE P,,,ADDRESS,BROOKLYN,,N/A,Closed,,The Department of Sanitation investigated this complaint and found no violation at the location.,03/15/2018 12:00:00 PM,11 BROOKLYN,3066030034,BROOKLYN,990624,161292,ONLINE,Unspecified,BROOKLYN,,,,,,,,40.60938335688239,-73.97704367732862,"(40.60938335688239, -73.97704367732862)"
38702309,03/14/2018 03:53:00 PM,03/15/2018 12:00:00 PM,DSNY,Department of Sanitation,Dirty Conditions,E8 Canine Violation,Sidewalk,11223,1724 WEST   13 STREET,WEST   13 STREET,QUENTIN ROAD,HIGHLAWN AVENUE,,,ADDRESS,BROOKLYN,,N/A,Closed,,The Department of Sanitation investigated this complaint and found no violation at the location.,03/15/2018 12:00:00 PM,11 BROOKLYN,3066430015,BROOKLYN,988217,159483,PHONE,Unspecified,BROOKLYN,,,,,,,,40.604419426378634,-73.98571368677806,"(40.604419426378634, -73.98571368677806)"
38701425,03/14/2018 03:05:00 PM,03/15/2018 12:00:00 PM,DSNY,Department of Sanitation,Dirty Conditions,E8 Canine Violation,Sidewalk,11218,615 AVENUE C,AVENUE C,OCEAN PARKWAY,EAST 7 STREET,,,ADDRESS,BROOKLYN,,N/A,Closed,,The Department of Sanitation investigated this complaint and found no violation at the location.,03/15/2018 12:00:00 PM,12 BROOKLYN,3053580041,BROOKLYN,991718,172804,PHONE,Unspecified,BROOKLYN,,,,,,,,40.64098052694537,-73.9730908379615,"(40.64098052694537, -73.9730908379615)"
38701086,03/14/2018 01:58:00 PM,03/15/2018 12:00:00 PM,DSNY,Department of Sanitation,Dirty Conditions,E8 Canine Violation,Sidewalk,10468,,,,,VILLA AVENUE,BEDFORD PARK BOULEVARD,INTERSECTION,BRONX,,N/A,Closed,,The Department of Sanitation investigated this complaint and found no violation at the location.,03/15/2018 12:00:00 PM,Unspecified BRONX,,BRONX,1015050,257269,PHONE,Unspecified,BRONX,,,,,,,,40.87276466101718,-73.88863264389018,"(40.87276466101718, -73.88863264389018)"
38689148,03/14/2018 09:50:00 AM,03/15/2018 12:00:00 PM,DSNY,Department of Sanitation,Dirty Conditions,E8 Canine Violation,Sidewalk,10468,2290 UNIVERSITY AVENUE,UNIVERSITY AVENUE,WEST 183 STREET,WEST FORDHAM ROAD,,,ADDRESS,BRONX,,N/A,Closed,,The Department of Sanitation investigated this complaint and found no violation at the location.,03/15/2018 12:00:00 PM,07 BRONX,2032120021,BRONX,1010030,252857,ONLINE,Unspecified,BRONX,,,,,,,,40.86067115870396,-73.90680103475351,"(40.86067115870396, -73.90680103475351)"
38690916,03/14/2018 09:01:00 AM,03/16/2018 12:00:00 PM,DSNY,Department of Sanitation,Dirty Conditions,E8 Canine Violation,Sidewalk,11412,113-25 201 STREET,201 STREET,113 AVENUE,MURDOCK AVENUE,,,ADDRESS,Saint Albans,,N/A,Closed,,The Department of Sanitation investigated this complaint and found no violation at the location.,03/16/2018 12:00:00 PM,12 QUEENS,4109960038,QUEENS,1052408,194822,PHONE,Unspecified,QUEENS,,,,,,,,40.701155666659695,-73.75418686009165,"(40.701155666659695, -73.75418686009165)"
38692671,03/13/2018 01:56:00 PM,03/14/2018 12:00:00 PM,DSNY,Department of Sanitation,Dirty Conditions,E8 Canine Violation,Sidewalk,10465,901 DEAN AVENUE,DEAN AVENUE,LAFAYETTE AVENUE,BARKLEY AVENUE,,,ADDRESS,BRONX,,N/A,Closed,,The Department of Sanitation investigated this complaint and found no violation at the location.,03/14/2018 12:00:00 PM,10 BRONX,2054690122,BRONX,1034842,242971,ONLINE,Unspecified,BRONX,,,,,,,,40.83342973467063,-73.81717633799514,"(40.83342973467063, -73.81717633799514)"
38684351,03/13/2018 09:27:00 AM,03/14/2018 12:00:00 PM,DSNY,Department of Sanitation,Dirty Conditions,E8 Canine Violation,Sidewalk,10472,,,,,FTELEY AVENUE,EAST 174 STREET,INTERSECTION,BRONX,,N/A,Closed,,The Department of Sanitation investigated this complaint and found no violation at the location.,03/14/2018 12:00:00 PM,Unspecified BRONX,,BRONX,1019463,243298,PHONE,Unspecified,BRONX,,,,,,,,40.834401962521405,-73.87274942134464,"(40.834401962521405, -73.87274942134464)"
38683524,03/13/2018 09:26:00 AM,03/14/2018 12:00:00 PM,DSNY,Department of Sanitation,Dirty Conditions,E8 Canine Violation,Sidewalk,11221,1074 HANCOCK STREET,HANCOCK STREET,BUSHWICK AVENUE,EVERGREEN AVENUE,,,ADDRESS,BROOKLYN,,N/A,Closed,,The Department of Sanitation investigated this complaint and found no violation at the location.,03/14/2018 12:00:00 PM,04 BROOKLYN,3033950025,BROOKLYN,1007960,190246,PHONE,Unspecified,BROOKLYN,,,,,,,,40.688826336562045,-73.9145053383254,"(40.688826336562045, -73.9145053383254)"
38685086,03/13/2018 08:50:00 AM,03/14/2018 12:00:00 PM,DSNY,Department of Sanitation,Dirty Conditions,E8 Canine Violation,Sidewalk,10467,,,,,EAST 205 STREET,DECATUR AVENUE,INTERSECTION,BRONX,,N/A,Closed,,The Department of Sanitation investigated this complaint and found no violation at the location.,03/14/2018 12:00:00 PM,Unspecified BRONX,,BRONX,1018575,257509,PHONE,Unspecified,BRONX,,,,,,,,40.873410382338996,-73.87588565355506,"(40.873410382338996, -73.87588565355506)"
38683523,03/13/2018 01:22:00 AM,03/14/2018 12:00:00 PM,DSNY,Department of Sanitation,Dirty Conditions,E8 Canine Violation,Sidewalk,10461,2617 HALPERIN AVENUE,HALPERIN AVENUE,WILLIAMSBRIDGE ROAD,BLONDELL AVENUE,,,ADDRESS,BRONX,,N/A,Closed,,The Department of Sanitation investigated this complaint and found no violation at the location.,03/14/2018 12:00:00 PM,10 BRONX,2040750031,BRONX,1027395,246496,ONLINE,Unspecified,BRONX,,,,,,,,40.84314434104825,-73.8440647288728,"(40.84314434104825, -73.8440647288728)"
38683544,03/12/2018 07:58:00 PM,03/15/2018 12:00:00 PM,DSNY,Department of Sanitation,Dirty Conditions,E8 Canine Violation,Sidewalk,10470,4255 VIREO AVENUE,VIREO AVENUE,EAST 234 STREET,EAST 235 STREET,,,ADDRESS,BRONX,,N/A,Closed,,The Department of Sanitation investigated this complaint and found no violation at the location.,03/15/2018 12:00:00 PM,12 BRONX,2033830054,BRONX,1021781,266285,PHONE,Unspecified,BRONX,,,,,,,,40.8974846735725,-73.86424405004112,"(40.8974846735725, -73.86424405004112)"
38679234,03/12/2018 07:27:00 PM,03/14/2018 12:00:00 PM,DSNY,Department of Sanitation,Dirty Conditions,E8 Canine Violation,Sidewalk,10465,3203 FAIRMOUNT AVENUE,FAIRMOUNT AVENUE,VINCENT AVENUE,WILCOX AVENUE,,,ADDRESS,BRONX,,N/A,Closed,,The Department of Sanitation investigated this complaint and found no violation at the location.,03/14/2018 12:00:00 PM,10 BRONX,2053250008,BRONX,1033814,243943,PHONE,Unspecified,BRONX,,,,,,,,40.836103417510806,-73.8208840157139,"(40.836103417510806, -73.8208840157139)"
38684071,03/12/2018 03:20:00 PM,03/13/2018 12:00:00 PM,DSNY,Department of Sanitation,Dirty Conditions,E8 Canine Violation,Sidewalk,11221,1054 WILLOUGHBY AVENUE,WILLOUGHBY AVENUE,CENTRAL AVENUE,WILSON AVENUE,,,ADDRESS,BROOKLYN,,N/A,Closed,,The Department of Sanitation investigated this complaint and found no violation at the location.,03/13/2018 12:00:00 PM,04 BROOKLYN,3032080011,BROOKLYN,1004474,194278,ONLINE,Unspecified,BROOKLYN,,,,,,,,40.69990189058058,-73.92706321342791,"(40.69990189058058, -73.92706321342791)"
38685091,03/12/2018 02:03:00 PM,03/14/2018 12:00:00 PM,DSNY,Department of Sanitation,Dirty Conditions,E8 Canine Violation,Sidewalk,11366,170-17 77 ROAD,77 ROAD,170 STREET,171 STREET,,,ADDRESS,Fresh Meadows,,N/A,Closed,,The Department of Sanitation investigated this complaint and found no violation at the location.,03/14/2018 12:00:00 PM,08 QUEENS,4070000066,QUEENS,1040070,203468,PHONE,Unspecified,QUEENS,,,,,,,,40.72497324250735,-73.7986122328659,"(40.72497324250735, -73.7986122328659)"
38670863,03/12/2018 10:32:00 AM,03/16/2018 12:00:00 PM,DSNY,Department of Sanitation,Dirty Conditions,E8 Canine Violation,Sidewalk,10467,759 ALLERTON AVENUE,ALLERTON AVENUE,HOLLAND AVENUE,WALLACE AVENUE,,,ADDRESS,BRONX,,N/A,Closed,,The Department of Sanitation investigated this complaint and issued a Notice of Violation.,03/16/2018 12:00:00 PM,11 BRONX,2045110001,BRONX,1021584,254626,PHONE,Unspecified,BRONX,,,,,,,,40.86548522240293,-73.86502161466632,"(40.86548522240293, -73.86502161466632)"
38675336,03/12/2018 09:40:00 AM,03/12/2018 12:00:00 PM,DSNY,Department of Sanitation,Dirty Conditions,E8 Canine Violation,Sidewalk,10033,499 FORT WASHINGTON AVENUE,FORT WASHINGTON AVENUE,WEST 181 STREET,WEST 183 STREET,,,ADDRESS,NEW YORK,,N/A,Closed,,The Department of Sanitation investigated this complaint and found no violation at the location.,03/12/2018 12:00:00 PM,12 MANHATTAN,1021790099,MANHATTAN,1001430,249670,ONLINE,Unspecified,MANHATTAN,,,,,,,,40.85194472351711,-73.93789961254876,"(40.85194472351711, -73.93789961254876)"
38677578,03/12/2018 08:49:00 AM,03/12/2018 12:00:00 PM,DSNY,Department of Sanitation,Dirty Conditions,E8 Canine Violation,Sidewalk,11206,185 ELLERY STREET,ELLERY STREET,DELMONICO PLACE,THROOP AVENUE,,,ADDRESS,BROOKLYN,,N/A,Closed,,The Department of Sanitation investigated this complaint and found no violation at the location.,03/12/2018 12:00:00 PM,03 BROOKLYN,3017260014,BROOKLYN,999489,193898,PHONE,Unspecified,BROOKLYN,,,,,,,,40.69886886811279,-73.945042206645,"(40.69886886811279, -73.945042206645)"
38674246,03/12/2018 08:04:00 AM,03/13/2018 12:00:00 PM,DSNY,Department of Sanitation,Dirty Conditions,E8 Canine Violation,Sidewalk,11354,35-19 147 STREET,147 STREET,35 AVENUE,NORTHERN BOULEVARD,,,ADDRESS,Flushing,,N/A,Closed,,The Department of Sanitation investigated this complaint and found no violation at the location.,03/13/2018 12:00:00 PM,07 QUEENS,4050050006,QUEENS,1034218,218397,ONLINE,Unspecified,QUEENS,,,,,,,,40.765984511152546,-73.81961414045918,"(40.765984511152546, -73.81961414045918)"
38670510,03/11/2018 02:48:00 PM,03/12/2018 12:00:00 PM,DSNY,Department of Sanitation,Dirty Conditions,E8 Canine Violation,Sidewalk,11229,2386 EAST   21 STREET,EAST   21 STREET,AVENUE W,AVENUE X,,,ADDRESS,BROOKLYN,,N/A,Closed,,The Department of Sanitation investigated this complaint and found no violation at the location.,03/12/2018 12:00:00 PM,15 BROOKLYN,3074050014,BROOKLYN,998310,155749,PHONE,Unspecified,BROOKLYN,,,,,,,,40.594160088218295,-73.94937365444709,"(40.594160088218295, -73.94937365444709)"
38669726,03/11/2018 02:07:00 PM,03/12/2018 12:00:00 PM,DSNY,Department of Sanitation,Dirty Conditions,E8 Canine Violation,Sidewalk,10452,1050 ANDERSON AVENUE,ANDERSON AVENUE,WEST 164 STREET,WEST 165 STREET,,,ADDRESS,BRONX,,N/A,Closed,,The Department of Sanitation investigated this complaint and found no violation at the location.,03/12/2018 12:00:00 PM,04 BRONX,2025040094,BRONX,1004640,242911,PHONE,Unspecified,BRONX,,,,,,,,40.83338642190682,-73.92631701109333,"(40.83338642190682, -73.92631701109333)"
38675149,03/11/2018 02:03:00 PM,03/12/2018 12:00:00 PM,DSNY,Department of Sanitation,Dirty Conditions,E8 Canine Violation,Sidewalk,11356,20-11 126 STREET,126 STREET,20 AVENUE,22 AVENUE,,,ADDRESS,College Point,,N/A,Closed,,The Department of Sanitation investigated this complaint and found no violation at the location.,03/12/2018 12:00:00 PM,07 QUEENS,4041710016,QUEENS,1027920,224019,PHONE,Unspecified,QUEENS,,,,,,,,40.78144875756202,-73.84231350703567,"(40.78144875756202, -73.84231350703567)"
38666248,03/10/2018 08:50:00 PM,03/14/2018 12:00:00 PM,DSNY,Department of Sanitation,Dirty Conditions,E8 Canine Violation,Sidewalk,10463,3220 JOHNSON AVENUE,JOHNSON AVENUE,CAMBRIDGE AVENUE,WEST 235 STREET,,,ADDRESS,BRONX,,N/A,Closed,,The Department of Sanitation investigated this complaint and found no violation at the location.,03/14/2018 12:00:00 PM,08 BRONX,2057860198,BRONX,1009026,261467,ONLINE,Unspecified,BRONX,,,,,,,,40.88430582926377,-73.91039881963918,"(40.88430582926377, -73.91039881963918)"
38658224,03/09/2018 06:02:00 PM,03/12/2018 12:00:00 PM,DSNY,Department of Sanitation,Dirty Conditions,E8 Canine Violation,Sidewalk,11218,114 ALBEMARLE ROAD,ALBEMARLE ROAD,MC DONALD AVENUE,EAST 2 STREET,,,ADDRESS,BROOKLYN,,N/A,Closed,,The Department of Sanitation investigated this complaint and found no violation at the location.,03/12/2018 12:00:00 PM,12 BROOKLYN,3053340006,BROOKLYN,989989,174327,ONLINE,Unspecified,BROOKLYN,,,,,,,,40.645162123509614,-73.97931958244115,"(40.645162123509614, -73.97931958244115)"
38651635,03/09/2018 12:36:00 PM,03/10/2018 12:00:00 PM,DSNY,Department of Sanitation,Dirty Conditions,E8 Canine Violation,Sidewalk,11233,359 SUMPTER STREET,SUMPTER STREET,ROCKAWAY AVENUE,MOTHER GASTON BOULEVARD,,,ADDRESS,BROOKLYN,,N/A,Closed,,The Department of Sanitation investigated this complaint and found no violation at the location.,03/10/2018 12:00:00 PM,16 BROOKLYN,3015220066,BROOKLYN,1009113,187434,PHONE,Unspecified,BROOKLYN,,,,,,,,40.68110487921073,-73.91035817445469,"(40.68110487921073, -73.91035817445469)"
38652835,03/08/2018 06:28:00 PM,03/09/2018 12:00:00 PM,DSNY,Department of Sanitation,Dirty Conditions,E8 Canine Violation,Sidewalk,10011,337 WEST   21 STREET,WEST   21 STREET,8 AVENUE,9 AVENUE,,,ADDRESS,NEW YORK,,N/A,Closed,,The Department of Sanitation investigated this complaint and found no violation at the location.,03/09/2018 12:00:00 PM,04 MANHATTAN,1007450014,MANHATTAN,984092,210519,ONLINE,Unspecified,MANHATTAN,,,,,,,,40.74450261754336,-74.00057020004385,"(40.74450261754336, -74.00057020004385)"
38651634,03/08/2018 04:19:00 PM,03/10/2018 12:00:00 PM,DSNY,Department of Sanitation,Dirty Conditions,E8 Canine Violation,Sidewalk,11223,,,QUENTIN ROAD,WEST 2 STREET,QUENTIN ROAD,WEST 2 STREET,INTERSECTION,BROOKLYN,,N/A,Closed,,The Department of Sanitation investigated this complaint and found no violation at the location.,03/10/2018 12:00:00 PM,11 BROOKLYN,,BROOKLYN,991050,160187,ONLINE,Unspecified,BROOKLYN,,,,,,,,40.60635004159611,-73.97551052684064,"(40.60635004159611, -73.97551052684064)"
38651655,03/08/2018 03:36:00 PM,03/09/2018 12:00:00 PM,DSNY,Department of Sanitation,Dirty Conditions,E8 Canine Violation,Sidewalk,10027,410 ST NICHOLAS AVENUE,ST NICHOLAS AVENUE,WEST 130 STREET,WEST 133 STREET,,,ADDRESS,NEW YORK,,N/A,Closed,,"The Department of Sanitation has investigated the complaint and addressed the issue. If the problem persists, call 311 to enter a new complaint. If you are outside of New York City, please call (212) NEW-YORK (212-639-9675).",03/09/2018 12:00:00 PM,10 MANHATTAN,1019580001,MANHATTAN,998223,235925,PHONE,Unspecified,MANHATTAN,,,,,,,,40.814224320719624,-73.94952055422276,"(40.814224320719624, -73.94952055422276)"
38652774,03/08/2018 03:11:00 PM,03/10/2018 12:00:00 PM,DSNY,Department of Sanitation,Dirty Conditions,E8 Canine Violation,Sidewalk,11218,,,EAST 2 STREET,CHURCH AVENUE,EAST 2 STREET,CHURCH AVENUE,INTERSECTION,BROOKLYN,,N/A,Closed,,The Department of Sanitation investigated this complaint and found no violation at the location.,03/10/2018 12:00:00 PM,12 BROOKLYN,,BROOKLYN,990265,173637,PHONE,Unspecified,BROOKLYN,,,,,,,,40.6432680389921,-73.97832563501309,"(40.6432680389921, -73.97832563501309)"
38642328,03/08/2018 12:15:00 PM,03/12/2018 12:00:00 PM,DSNY,Department of Sanitation,Dirty Conditions,E8 Canine Violation,Sidewalk,11222,,,WEST STREET,NOBLE STREET,WEST STREET,NOBLE STREET,INTERSECTION,BROOKLYN,,N/A,Closed,,The Department of Sanitation investigated this complaint and found no violation at the location.,03/12/2018 12:00:00 PM,01 BROOKLYN,,BROOKLYN,995611,204623,ONLINE,Unspecified,BROOKLYN,,,,,,,,40.72831225965102,-73.95900968952031,"(40.72831225965102, -73.95900968952031)"
38643664,03/08/2018 01:31:00 AM,03/09/2018 12:00:00 PM,DSNY,Department of Sanitation,Dirty Conditions,E8 Canine Violation,Sidewalk,10032,618 WEST  164 STREET,WEST  164 STREET,BROADWAY,FT WASHINGTON AVENUE,,,ADDRESS,NEW YORK,,N/A,Closed,,The Department of Sanitation investigated this complaint and found no violation at the location.,03/09/2018 12:00:00 PM,12 MANHATTAN,1021370131,MANHATTAN,1000227,244829,ONLINE,Unspecified,MANHATTAN,,,,,,,,40.83865986180468,-73.94225961865097,"(40.83865986180468, -73.94225961865097)"
38643604,03/07/2018 06:39:00 PM,03/12/2018 12:00:00 PM,DSNY,Department of Sanitation,Dirty Conditions,E8 Canine Violation,Sidewalk,10456,955 SHERMAN AVENUE,SHERMAN AVENUE,EAST 163 STREET,EAST 164 STREET,,,ADDRESS,BRONX,,N/A,Closed,,The Department of Sanitation investigated this complaint and found no violation at the location.,03/12/2018 12:00:00 PM,04 BRONX,2024550037,BRONX,1006640,241052,PHONE,Unspecified,BRONX,,,,,,,,40.82827915847082,-73.91909585429346,"(40.82827915847082, -73.91909585429346)"
38641692,03/07/2018 04:12:00 PM,03/08/2018 12:00:00 PM,DSNY,Department of Sanitation,Dirty Conditions,E8 Canine Violation,Sidewalk,11229,2000 QUENTIN ROAD,QUENTIN ROAD,OCEAN AVENUE,EAST 21 STREET,,,ADDRESS,BROOKLYN,,N/A,Closed,,The Department of Sanitation investigated this complaint and found no violation at the location.,03/08/2018 12:00:00 PM,15 BROOKLYN,3068030001,BROOKLYN,997290,161088,PHONE,Unspecified,BROOKLYN,,,,,,,,40.608816116497145,-73.95303609742083,"(40.608816116497145, -73.95303609742083)"
38641657,03/07/2018 03:22:00 PM,03/10/2018 12:00:00 PM,DSNY,Department of Sanitation,Dirty Conditions,E8 Canine Violation,Sidewalk,11102,24-11 32 STREET,32 STREET,24 AVENUE,DEAD END,,,ADDRESS,Astoria,,N/A,Closed,,The Department of Sanitation investigated this complaint and found no violation at the location.,03/10/2018 12:00:00 PM,01 QUEENS,4008370118,QUEENS,1007772,220413,PHONE,Unspecified,QUEENS,,,,,,,,40.77162782539284,-73.9150777815879,"(40.77162782539284, -73.9150777815879)"
38634056,03/07/2018 10:23:00 AM,03/09/2018 12:00:00 PM,DSNY,Department of Sanitation,Dirty Conditions,E8 Canine Violation,Sidewalk,11385,88-51 AUBREY AVENUE,AUBREY AVENUE,88 STREET,METROPOLITAN AVENUE,,,ADDRESS,Ridgewood,,N/A,Closed,,The Department of Sanitation investigated this complaint and found no violation at the location.,03/09/2018 12:00:00 PM,05 QUEENS,4038510154,QUEENS,1022413,198406,ONLINE,Unspecified,QUEENS,,,,,,,,40.71117308340601,-73.86234384493133,"(40.71117308340601, -73.86234384493133)"
38634057,03/07/2018 09:47:00 AM,03/08/2018 12:00:00 PM,DSNY,Department of Sanitation,Dirty Conditions,E8 Canine Violation,Sidewalk,11230,900 AVENUE H,AVENUE H,EAST 9 STREET,EAST 10 STREET,,,ADDRESS,BROOKLYN,,N/A,Closed,,The Department of Sanitation investigated this complaint and found no violation at the location.,03/08/2018 12:00:00 PM,14 BROOKLYN,3065120001,BROOKLYN,993171,168564,ONLINE,Unspecified,BROOKLYN,,,,,,,,40.629341284816775,-73.96786090380945,"(40.629341284816775, -73.96786090380945)"
38631418,03/07/2018 09:16:00 AM,03/12/2018 12:00:00 PM,DSNY,Department of Sanitation,Dirty Conditions,E8 Canine Violation,Sidewalk,10467,3219 PARKSIDE PLACE,PARKSIDE PLACE,WEBSTER AVENUE,EAST 207 STREET,,,ADDRESS,BRONX,,N/A,Closed,,The Department of Sanitation investigated this complaint and found no violation at the location.,03/12/2018 12:00:00 PM,07 BRONX,2033540037,BRONX,1019053,257843,ONLINE,Unspecified,BRONX,,,,,,,,40.87432523685602,-73.87415554049862,"(40.87432523685602, -73.87415554049862)"
38635840,03/06/2018 04:23:00 PM,03/09/2018 12:00:00 PM,DSNY,Department of Sanitation,Dirty Conditions,E8 Canine Violation,Sidewalk,10029,,,3 AVENUE,EAST 112 STREET,3 AVENUE,EAST 112 STREET,INTERSECTION,NEW YORK,,N/A,Closed,,The Department of Sanitation investigated this complaint and found no violation at the location.,03/09/2018 12:00:00 PM,11 MANHATTAN,,MANHATTAN,1000344,229070,PHONE,Unspecified,MANHATTAN,,,,,,,,40.79540562678327,-73.94187457544515,"(40.79540562678327, -73.94187457544515)"
38625442,03/06/2018 01:00:00 PM,03/09/2018 12:00:00 PM,DSNY,Department of Sanitation,Dirty Conditions,E8 Canine Violation,Sidewalk,11420,133-47 117 STREET,117 STREET,133 AVENUE,135 AVENUE,,,ADDRESS,South Ozone Park,,N/A,Closed,,The Department of Sanitation investigated this complaint and found no violation at the location.,03/09/2018 12:00:00 PM,10 QUEENS,4117380009,QUEENS,1033554,184288,PHONE,Unspecified,QUEENS,,,,,,,,40.67236744349057,-73.82226103745623,"(40.67236744349057, -73.82226103745623)"
38624003,03/06/2018 12:26:00 PM,03/12/2018 12:00:00 PM,DSNY,Department of Sanitation,Dirty Conditions,E8 Canine Violation,Sidewalk,10454,425 EAST  141 STREET,EAST  141 STREET,WILLIS AVENUE,BROOK AVENUE,,,ADDRESS,BRONX,,N/A,Closed,,The Department of Sanitation investigated this complaint and found no violation at the location.,03/12/2018 12:00:00 PM,01 BRONX,2022860106,BRONX,1006276,234609,PHONE,Unspecified,BRONX,,,,,,,,40.81059586092718,-73.92043228023007,"(40.81059586092718, -73.92043228023007)"
38625441,03/06/2018 09:23:00 AM,03/10/2018 12:00:00 PM,DSNY,Department of Sanitation,Dirty Conditions,E8 Canine Violation,Sidewalk,10016,,,EAST 30 STREET,LEXINGTON AVENUE,EAST 30 STREET,LEXINGTON AVENUE,INTERSECTION,NEW YORK,,N/A,Closed,,The Department of Sanitation investigated this complaint and found no violation at the location.,03/10/2018 12:00:00 PM,05 MANHATTAN,,MANHATTAN,989360,210293,ONLINE,Unspecified,MANHATTAN,,,,,,,,40.74388082911199,-73.98155889207499,"(40.74388082911199, -73.98155889207499)"
38626872,03/06/2018 09:14:00 AM,03/12/2018 12:00:00 PM,DSNY,Department of Sanitation,Dirty Conditions,E8 Canine Violation,Sidewalk,10467,,,EAST 213 STREET,JEROME AVENUE,EAST 213 STREET,JEROME AVENUE,INTERSECTION,BRONX,,N/A,Closed,,The Department of Sanitation investigated this complaint and found no violation at the location.,03/12/2018 12:00:00 PM,07 BRONX,,BRONX,1017607,261810,PHONE,Unspecified,BRONX,,,,,,,,40.88521899320349,-73.87936438283849,"(40.88521899320349, -73.87936438283849)"
38619827,03/06/2018 12:42:00 AM,03/06/2018 12:00:00 PM,DSNY,Department of Sanitation,Dirty Conditions,E8 Canine Violation,Sidewalk,10032,143 HAVEN AVENUE,HAVEN AVENUE,WEST 172 STREET,WEST 173 STREET,,,ADDRESS,NEW YORK,,N/A,Closed,,The Department of Sanitation investigated this complaint and found no violation at the location.,03/06/2018 12:00:00 PM,12 MANHATTAN,1021390322,MANHATTAN,1000151,247490,MOBILE,Unspecified,MANHATTAN,,,,,,,,40.845963664775795,-73.94252797070311,"(40.845963664775795, -73.94252797070311)"
38620541,03/05/2018 06:24:00 PM,03/06/2018 12:00:00 PM,DSNY,Department of Sanitation,Dirty Conditions,E8 Canine Violation,Sidewalk,11422,137-10 CANEY LANE,CANEY LANE,BOROUGH BOUNDARY,HOOK CREEK BOULEVARD,,,ADDRESS,Rosedale,,N/A,Closed,,The Department of Sanitation investigated this complaint and found no violation at the location.,03/06/2018 12:00:00 PM,13 QUEENS,4136250035,QUEENS,1059666,181040,ONLINE,Unspecified,QUEENS,,,,,,,,40.663268515760585,-73.72816514932343,"(40.663268515760585, -73.72816514932343)"
38627632,03/05/2018 02:03:00 PM,03/06/2018 12:00:00 PM,DSNY,Department of Sanitation,Dirty Conditions,E8 Canine Violation,Sidewalk,11249,,,WYTHE AVENUE,NORTH 1 STREET,WYTHE AVENUE,NORTH 1 STREET,INTERSECTION,BROOKLYN,,N/A,Closed,,The Department of Sanitation investigated this complaint and found no violation at the location.,03/06/2018 12:00:00 PM,01 BROOKLYN,,BROOKLYN,994271,200260,PHONE,Unspecified,BROOKLYN,,,,,,,,40.71633849998395,-73.96385088416298,"(40.71633849998395, -73.96385088416298)"
38616648,03/05/2018 12:27:00 PM,03/10/2018 12:00:00 PM,DSNY,Department of Sanitation,Dirty Conditions,E8 Canine Violation,Sidewalk,10305,150 LAMPORT BOULEVARD,LAMPORT BOULEVARD,KRAMER STREET,MC CLEAN AVENUE,,,ADDRESS,STATEN ISLAND,,N/A,Closed,,The Department of Sanitation investigated this complaint and found no violation at the location.,03/10/2018 12:00:00 PM,02 STATEN ISLAND,5032430100,STATEN ISLAND,962729,156082,PHONE,Unspecified,STATEN ISLAND,,,,,,,,40.59505912984151,-74.07749248460824,"(40.59505912984151, -74.07749248460824)"
38614750,03/05/2018 11:38:00 AM,03/06/2018 12:00:00 PM,DSNY,Department of Sanitation,Dirty Conditions,E8 Canine Violation,Sidewalk,11206,170 JOHNSON AVENUE,JOHNSON AVENUE,GRAHAM AVENUE,HUMBOLDT STREET,,,ADDRESS,BROOKLYN,,N/A,Closed,,The Department of Sanitation investigated this complaint and found no violation at the location.,03/06/2018 12:00:00 PM,01 BROOKLYN,,BROOKLYN,1000162,196728,ONLINE,Unspecified,BROOKLYN,,,,,,,,40.706635367871726,-73.94260841936227,"(40.706635367871726, -73.94260841936227)"
38617626,03/04/2018 08:32:00 PM,03/14/2018 12:00:00 PM,DSNY,Department of Sanitation,Dirty Conditions,E8 Canine Violation,Sidewalk,10463,445 WEST  240 STREET,WEST  240 STREET,DASH PLACE,BEND,,,ADDRESS,BRONX,,N/A,Closed,,The Department of Sanitation investigated this complaint and found no violation at the location.,03/14/2018 12:00:00 PM,08 BRONX,2057807501,BRONX,1010733,262946,PHONE,Unspecified,BRONX,,,,,,,,40.88836026032316,-73.90421969481538,"(40.88836026032316, -73.90421969481538)"
38618588,03/04/2018 02:30:00 PM,03/10/2018 12:00:00 PM,DSNY,Department of Sanitation,Dirty Conditions,E8 Canine Violation,Sidewalk,11358,35-11 UTOPIA PARKWAY,UTOPIA PARKWAY,35 AVENUE,CROCHERON AVENUE,,,ADDRESS,Flushing,,N/A,Closed,,The Department of Sanitation investigated this complaint and found no violation at the location.,03/10/2018 12:00:00 PM,11 QUEENS,4053040023,QUEENS,1041575,217797,PHONE,Unspecified,QUEENS,,,,,,,,40.7642930267528,-73.79306037680686,"(40.7642930267528, -73.79306037680686)"
38606110,03/04/2018 12:34:00 PM,03/06/2018 12:00:00 PM,DSNY,Department of Sanitation,Dirty Conditions,E8 Canine Violation,Sidewalk,10030,301 WEST  140 STREET,WEST  140 STREET,8 AVENUE,EDGECOMBE AVENUE,,,ADDRESS,NEW YORK,,N/A,Closed,,The Department of Sanitation investigated this complaint and found no violation at the location.,03/06/2018 12:00:00 PM,10 MANHATTAN,1020420035,MANHATTAN,999630,237945,ONLINE,Unspecified,MANHATTAN,,,,,,,,40.81976631535055,-73.94443293914773,"(40.81976631535055, -73.94443293914773)"
38608427,03/04/2018 12:27:00 PM,03/05/2018 12:00:00 PM,DSNY,Department of Sanitation,Dirty Conditions,E8 Canine Violation,Sidewalk,11105,20-75 27 STREET,27 STREET,20 AVENUE,21 AVENUE,,,ADDRESS,Astoria,,N/A,Closed,,The Department of Sanitation investigated this complaint and found no violation at the location.,03/05/2018 12:00:00 PM,01 QUEENS,4008590001,QUEENS,1009047,223438,ONLINE,Unspecified,QUEENS,,,,,,,,40.779927166612026,-73.91046344896628,"(40.779927166612026, -73.91046344896628)"
38609273,03/04/2018 11:59:00 AM,03/06/2018 12:00:00 PM,DSNY,Department of Sanitation,Dirty Conditions,E8 Canine Violation,Sidewalk,11365,166-04 69 AVENUE,69 AVENUE,166 STREET,167 STREET,,,ADDRESS,Fresh Meadows,,N/A,Closed,,The Department of Sanitation investigated this complaint and found no violation at the location.,03/06/2018 12:00:00 PM,08 QUEENS,4069350001,QUEENS,1038872,206394,ONLINE,Unspecified,QUEENS,,,,,,,,40.73301185610373,-73.80291061906004,"(40.73301185610373, -73.80291061906004)"
38604754,03/04/2018 09:14:00 AM,03/10/2018 12:00:00 PM,DSNY,Department of Sanitation,Dirty Conditions,E8 Canine Violation,Sidewalk,10467,3635 OLINVILLE AVENUE,OLINVILLE AVENUE,EAST 213 STREET,EAST 216 STREET,,,ADDRESS,BRONX,,N/A,Closed,,The Department of Sanitation investigated this complaint and found no violation at the location.,03/10/2018 12:00:00 PM,12 BRONX,2046450069,BRONX,1021068,260164,PHONE,Unspecified,BRONX,,,,,,,,40.8806874812268,-73.86685673982599,"(40.8806874812268, -73.86685673982599)"
38606123,03/04/2018 08:08:00 AM,03/05/2018 12:00:00 PM,DSNY,Department of Sanitation,Dirty Conditions,E8 Canine Violation,Sidewalk,11377,43-18 55 STREET,55 STREET,ROOSEVELT AVENUE,QUEENS BOULEVARD,,,ADDRESS,Woodside,,N/A,Closed,,The Department of Sanitation investigated this complaint and found no violation at the location.,03/05/2018 12:00:00 PM,02 QUEENS,4013230035,QUEENS,1009259,210429,ONLINE,Unspecified,QUEENS,,,,,,,,40.74422022892157,-73.90974636090806,"(40.74422022892157, -73.90974636090806)"
38605324,03/03/2018 11:00:00 PM,03/10/2018 12:00:00 PM,DSNY,Department of Sanitation,Dirty Conditions,E8 Canine Violation,Sidewalk,10465,947 CALHOUN AVENUE,CALHOUN AVENUE,LAFAYETTE AVENUE,BARKLEY AVENUE,,,ADDRESS,BRONX,,N/A,Closed,,The Department of Sanitation investigated this complaint and found no violation at the location.,03/10/2018 12:00:00 PM,10 BRONX,2055330087,BRONX,1031969,241527,ONLINE,Unspecified,BRONX,,,,,,,,40.82948236761366,-73.82756870535972,"(40.82948236761366, -73.82756870535972)"
38598484,03/03/2018 01:33:00 AM,03/05/2018 12:00:00 PM,DSNY,Department of Sanitation,Dirty Conditions,E8 Canine Violation,Sidewalk,10468,,,EAST 206 STREET,GRAND CONCOURSE,EAST 206 STREET,GRAND CONCOURSE,INTERSECTION,BRONX,,N/A,Closed,,The Department of Sanitation investigated this complaint and issued a Notice of Violation.,03/05/2018 12:00:00 PM,07 BRONX,,BRONX,1015804,258455,ONLINE,Unspecified,BRONX,,,,,,,,40.87601719997133,-73.8859007304223,"(40.87601719997133, -73.8859007304223)"
38600339,03/02/2018 11:51:00 PM,03/03/2018 12:00:00 PM,DSNY,Department of Sanitation,Dirty Conditions,E8 Canine Violation,Sidewalk,10465,947 CALHOUN AVENUE,CALHOUN AVENUE,LAFAYETTE AVENUE,BARKLEY AVENUE,,,ADDRESS,BRONX,,N/A,Closed,,The Department of Sanitation investigated this complaint and found no violation at the location.,03/03/2018 12:00:00 PM,10 BRONX,2055330087,BRONX,1031969,241527,ONLINE,Unspecified,BRONX,,,,,,,,40.82948236761366,-73.82756870535972,"(40.82948236761366, -73.82756870535972)"
38603514,03/02/2018 09:50:00 PM,03/03/2018 12:00:00 PM,DSNY,Department of Sanitation,Dirty Conditions,E8 Canine Violation,Sidewalk,11423,196-03 JAMAICA AVENUE,JAMAICA AVENUE,196 STREET,WOODHULL AVENUE,,,ADDRESS,Hollis,,N/A,Closed,,The Department of Sanitation investigated this complaint and found no violation at the location.,03/03/2018 12:00:00 PM,12 QUEENS,4104640044,QUEENS,1049732,199254,PHONE,Unspecified,QUEENS,,,,,,,,40.713340622056755,-73.76379475703152,"(40.713340622056755, -73.76379475703152)"
38598483,03/02/2018 06:36:00 PM,03/03/2018 12:00:00 PM,DSNY,Department of Sanitation,Dirty Conditions,E8 Canine Violation,Sidewalk,11432,,,170 STREET,83 AVENUE,170 STREET,83 AVENUE,INTERSECTION,Jamaica,,N/A,Closed,,The Department of Sanitation investigated this complaint and found no violation at the location.,03/03/2018 12:00:00 PM,08 QUEENS,,QUEENS,1041002,200633,ONLINE,Unspecified,QUEENS,,,,,,,,40.717185942545576,-73.79527367366944,"(40.717185942545576, -73.79527367366944)"
38603327,03/02/2018 06:28:00 PM,03/03/2018 12:00:00 PM,DSNY,Department of Sanitation,Dirty Conditions,E8 Canine Violation,Sidewalk,10465,3203 FAIRMOUNT AVENUE,FAIRMOUNT AVENUE,VINCENT AVENUE,WILCOX AVENUE,,,ADDRESS,BRONX,,N/A,Closed,,The Department of Sanitation investigated this complaint and found no violation at the location.,03/03/2018 12:00:00 PM,10 BRONX,2053250008,BRONX,1033814,243943,ONLINE,Unspecified,BRONX,,,,,,,,40.836103417510806,-73.8208840157139,"(40.836103417510806, -73.8208840157139)"
38602172,03/02/2018 06:24:00 PM,03/03/2018 12:00:00 PM,DSNY,Department of Sanitation,Dirty Conditions,E8 Canine Violation,Sidewalk,11203,145 EAST   53 STREET,EAST   53 STREET,CLARKSON AVENUE,LENOX ROAD,,,ADDRESS,BROOKLYN,,N/A,Closed,,The Department of Sanitation investigated this complaint and found no violation at the location.,03/03/2018 12:00:00 PM,17 BROOKLYN,,BROOKLYN,1004241,178462,ONLINE,Unspecified,BROOKLYN,,,,,,,,40.65649109319232,-73.92795043081121,"(40.65649109319232, -73.92795043081121)"
38603597,03/02/2018 06:04:00 PM,03/03/2018 12:00:00 PM,DSNY,Department of Sanitation,Dirty Conditions,E8 Canine Violation,Sidewalk,11233,482 HOWARD AVENUE,HOWARD AVENUE,PARK PLACE,STERLING PLACE,,,ADDRESS,BROOKLYN,,N/A,Closed,,The Department of Sanitation investigated this complaint and found no violation at the location.,03/03/2018 12:00:00 PM,16 BROOKLYN,3014660140,BROOKLYN,1006512,183917,PHONE,Unspecified,BROOKLYN,,,,,,,,40.671458435197366,-73.91974751146029,"(40.671458435197366, -73.91974751146029)"
38600565,03/02/2018 05:59:00 PM,03/03/2018 12:00:00 PM,DSNY,Department of Sanitation,Dirty Conditions,E8 Canine Violation,Sidewalk,11235,,,EAST 12 STREET,AVENUE Y,EAST 12 STREET,AVENUE Y,INTERSECTION,BROOKLYN,,N/A,Closed,,The Department of Sanitation investigated this complaint and found no violation at the location.,03/03/2018 12:00:00 PM,15 BROOKLYN,,BROOKLYN,995750,154110,PHONE,Unspecified,BROOKLYN,,,,,,,,40.58966505362928,-73.95859432619184,"(40.58966505362928, -73.95859432619184)"
38595326,03/02/2018 07:36:00 AM,03/03/2018 12:00:00 PM,DSNY,Department of Sanitation,Dirty Conditions,E8 Canine Violation,Sidewalk,11368,111-79 44 AVENUE,44 AVENUE,111 STREET,114 STREET,,,ADDRESS,Corona,,N/A,Closed,,The Department of Sanitation investigated this complaint and found no violation at the location.,03/03/2018 12:00:00 PM,04 QUEENS,4020160055,QUEENS,1024727,212235,PHONE,Unspecified,QUEENS,,,,,,,,40.749119967927,-73.85391393947312,"(40.749119967927, -73.85391393947312)"
38590779,03/01/2018 05:38:00 PM,03/12/2018 12:00:00 PM,DSNY,Department of Sanitation,Dirty Conditions,E8 Canine Violation,Sidewalk,10470,4274 KEPLER AVENUE,KEPLER AVENUE,EAST 235 STREET,EAST 236 STREET,,,ADDRESS,BRONX,,N/A,Closed,,The Department of Sanitation investigated this complaint and found no violation at the location.,03/12/2018 12:00:00 PM,12 BRONX,2033760002,BRONX,1020005,266355,ONLINE,Unspecified,BRONX,,,,,,,,40.89768417670848,-73.8706677578439,"(40.89768417670848, -73.8706677578439)"
38595459,03/01/2018 04:32:00 PM,03/05/2018 12:00:00 PM,DSNY,Department of Sanitation,Dirty Conditions,E8 Canine Violation,Sidewalk,10467,,,PARKSIDE PLACE,EAST 209 STREET,PARKSIDE PLACE,EAST 209 STREET,INTERSECTION,BRONX,,N/A,Closed,,The Department of Sanitation investigated this complaint and found no violation at the location.,03/05/2018 12:00:00 PM,07 BRONX,,BRONX,1019394,258463,ONLINE,Unspecified,BRONX,,,,,,,,40.876025592826515,-73.87291926510464,"(40.876025592826515, -73.87291926510464)"
38590776,03/01/2018 04:32:00 PM,03/03/2018 12:00:00 PM,DSNY,Department of Sanitation,Dirty Conditions,E8 Canine Violation,Sidewalk,11106,35-02 28 STREET,28 STREET,35 AVENUE,36 AVENUE,,,ADDRESS,Astoria,,N/A,Closed,,The Department of Sanitation investigated this complaint and found no violation at the location.,03/03/2018 12:00:00 PM,01 QUEENS,4003390046,QUEENS,1003334,215810,ONLINE,Unspecified,QUEENS,,,,,,,,40.759004479103666,-73.93111349425432,"(40.759004479103666, -73.93111349425432)"
38589634,03/01/2018 03:58:00 PM,03/03/2018 12:00:00 PM,DSNY,Department of Sanitation,Dirty Conditions,E8 Canine Violation,Sidewalk,10034,77 COOPER STREET,COOPER STREET,WEST 204 STREET,WEST 207 STREET,,,ADDRESS,NEW YORK,,N/A,Closed,,The Department of Sanitation investigated this complaint and found no violation at the location.,03/03/2018 12:00:00 PM,12 MANHATTAN,1022410014,MANHATTAN,1005738,255624,PHONE,Unspecified,MANHATTAN,,,,,,,,40.86827722290935,-73.9223084439249,"(40.86827722290935, -73.9223084439249)"
38580552,03/01/2018 10:15:00 AM,03/10/2018 12:00:00 PM,DSNY,Department of Sanitation,Dirty Conditions,E8 Canine Violation,Sidewalk,10471,6141 BROADWAY,BROADWAY,MANHATTAN COLLEGE PARKWAY,WEST 251 STREET,,,ADDRESS,BRONX,,N/A,Closed,,The Department of Sanitation investigated this complaint and found no violation at the location.,03/10/2018 12:00:00 PM,08 BRONX,2058141195,BRONX,1012843,265269,ONLINE,Unspecified,BRONX,,,,,,,,40.89472957127807,-73.89657860603738,"(40.89472957127807, -73.89657860603738)"
38583981,03/01/2018 09:10:00 AM,03/02/2018 12:00:00 PM,DSNY,Department of Sanitation,Dirty Conditions,E8 Canine Violation,Sidewalk,11433,173-03 109 AVENUE,109 AVENUE,173 STREET,174 STREET,,,ADDRESS,Jamaica,,N/A,Closed,,The Department of Sanitation investigated this complaint and found no violation at the location.,03/02/2018 12:00:00 PM,12 QUEENS,4102570074,QUEENS,1044768,193840,PHONE,Unspecified,QUEENS,,,,,,,,40.698515861842395,-73.781749369995,"(40.698515861842395, -73.781749369995)"
38582702,03/01/2018 07:49:00 AM,03/03/2018 12:00:00 PM,DSNY,Department of Sanitation,Dirty Conditions,E8 Canine Violation,Sidewalk,10472,1251 FTELEY AVENUE,FTELEY AVENUE,WESTCHESTER AVENUE,EAST 172 STREET,,,ADDRESS,BRONX,,N/A,Closed,,The Department of Sanitation investigated this complaint and found no violation at the location.,03/03/2018 12:00:00 PM,09 BRONX,2037800046,BRONX,1019684,242046,ONLINE,Unspecified,BRONX,,,,,,,,40.83096470250503,-73.87195739964098,"(40.83096470250503, -73.87195739964098)"
38585685,03/01/2018 07:27:00 AM,03/10/2018 12:00:00 PM,DSNY,Department of Sanitation,Dirty Conditions,E8 Canine Violation,Sidewalk,10471,,,WEST 251 STREET,BROADWAY,WEST 251 STREET,BROADWAY,INTERSECTION,BRONX,,N/A,Closed,,The Department of Sanitation investigated this complaint and found no violation at the location.,03/10/2018 12:00:00 PM,08 BRONX,,BRONX,1012807,265661,ONLINE,Unspecified,BRONX,,,,,,,,40.895805602326625,-73.89670714663886,"(40.895805602326625, -73.89670714663886)"
38582751,02/28/2018 07:17:00 PM,03/05/2018 12:00:00 PM,DSNY,Department of Sanitation,Dirty Conditions,E8 Canine Violation,Sidewalk,10462,1341 PURDY STREET,PURDY STREET,WESTCHESTER AVENUE,STARLING AVENUE,,,ADDRESS,BRONX,,N/A,Closed,,The Department of Sanitation investigated this complaint and found no violation at the location.,03/05/2018 12:00:00 PM,09 BRONX,2039340061,BRONX,1024934,243487,PHONE,Unspecified,BRONX,,,,,,,,40.83489720377855,-73.85297754555485,"(40.83489720377855, -73.85297754555485)"
38578882,02/28/2018 06:34:00 PM,03/01/2018 12:00:00 PM,DSNY,Department of Sanitation,Dirty Conditions,E8 Canine Violation,Sidewalk,10001,,,WEST 29 STREET,11 AVENUE,WEST 29 STREET,11 AVENUE,INTERSECTION,NEW YORK,,N/A,Closed,,The Department of Sanitation investigated this complaint and found no violation at the location.,03/01/2018 12:00:00 PM,04 MANHATTAN,,MANHATTAN,983066,213485,PHONE,Unspecified,MANHATTAN,,,,,,,,40.75264346296054,-74.00427341365126,"(40.75264346296054, -74.00427341365126)"
38582701,02/28/2018 06:30:00 PM,03/01/2018 12:00:00 PM,DSNY,Department of Sanitation,Dirty Conditions,E8 Canine Violation,Sidewalk,10001,,,10 AVENUE,WEST 26 STREET,10 AVENUE,WEST 26 STREET,INTERSECTION,NEW YORK,,N/A,Closed,,The Department of Sanitation investigated this complaint and found no violation at the location.,03/01/2018 12:00:00 PM,04 MANHATTAN,,MANHATTAN,983478,212373,PHONE,Unspecified,MANHATTAN,,,,,,,,40.74959134960163,-74.00278625353856,"(40.74959134960163, -74.00278625353856)"
38586251,02/28/2018 06:28:00 PM,03/01/2018 12:00:00 PM,DSNY,Department of Sanitation,Dirty Conditions,E8 Canine Violation,Sidewalk,10001,,,WEST 26 STREET,11 AVENUE,WEST 26 STREET,11 AVENUE,INTERSECTION,NEW YORK,,N/A,Closed,,The Department of Sanitation investigated this complaint and found no violation at the location.,03/01/2018 12:00:00 PM,04 MANHATTAN,,MANHATTAN,982690,212809,PHONE,Unspecified,MANHATTAN,,,,,,,,40.75078795564907,-74.00563035440143,"(40.75078795564907, -74.00563035440143)"
38580250,02/28/2018 04:06:00 PM,03/01/2018 12:00:00 PM,DSNY,Department of Sanitation,Dirty Conditions,E8 Canine Violation,Sidewalk,11365,61-12 164 STREET,164 STREET,LONG ISLAND EXPRESSWAY,65 AVENUE,,,ADDRESS,Fresh Meadows,,N/A,Closed,,The Department of Sanitation investigated this complaint and found no violation at the location.,03/01/2018 12:00:00 PM,08 QUEENS,4067610037,QUEENS,1038377,208177,ONLINE,Unspecified,QUEENS,,,,,,,,40.73790878215036,-73.8046823478855,"(40.73790878215036, -73.8046823478855)"
38584212,02/28/2018 03:06:00 PM,03/01/2018 12:00:00 PM,DSNY,Department of Sanitation,Dirty Conditions,E8 Canine Violation,Sidewalk,11209,443 72 STREET,72 STREET,4 AVENUE,5 AVENUE,,,ADDRESS,BROOKLYN,,N/A,Closed,,The Department of Sanitation investigated this complaint and found no violation at the location.,03/01/2018 12:00:00 PM,10 BROOKLYN,3058920074,BROOKLYN,977837,169655,ONLINE,Unspecified,BROOKLYN,,,,,,,,40.63233801983147,-74.02310472780941,"(40.63233801983147, -74.02310472780941)"
38579629,02/28/2018 03:02:00 PM,03/01/2018 12:00:00 PM,DSNY,Department of Sanitation,Dirty Conditions,E8 Canine Violation,Sidewalk,11432,162-17 84 DRIVE,84 DRIVE,162 STREET,164 STREET,,,ADDRESS,Jamaica,,N/A,Closed,,The Department of Sanitation investigated this complaint and found no violation at the location.,03/01/2018 12:00:00 PM,08 QUEENS,4097910056,QUEENS,1038881,199379,PHONE,Unspecified,QUEENS,,,,,,,,40.713757372916334,-73.80293508814536,"(40.713757372916334, -73.80293508814536)"
38585075,02/28/2018 01:50:00 PM,03/05/2018 12:00:00 PM,DSNY,Department of Sanitation,Dirty Conditions,E8 Canine Violation,Sidewalk,10468,,,VILLA AVENUE,BEDFORD PARK BOULEVARD,VILLA AVENUE,BEDFORD PARK BOULEVARD,INTERSECTION,BRONX,,N/A,Closed,,The Department of Sanitation investigated this complaint and issued a Notice of Violation.,03/05/2018 12:00:00 PM,07 BRONX,,BRONX,1015050,257269,PHONE,Unspecified,BRONX,,,,,,,,40.87276466101718,-73.88863264389018,"(40.87276466101718, -73.88863264389018)"
38574623,02/28/2018 01:43:00 PM,03/01/2018 12:00:00 PM,DSNY,Department of Sanitation,Dirty Conditions,E8 Canine Violation,Sidewalk,10031,,,CONVENT AVENUE,WEST 146 STREET,CONVENT AVENUE,WEST 146 STREET,INTERSECTION,NEW YORK,,N/A,Closed,,The Department of Sanitation investigated this complaint and found no violation at the location.,03/01/2018 12:00:00 PM,09 MANHATTAN,,MANHATTAN,999270,239969,ONLINE,Unspecified,MANHATTAN,,,,,,,,40.82532224077928,-73.94572906770856,"(40.82532224077928, -73.94572906770856)"
38577023,02/28/2018 12:04:00 PM,03/02/2018 12:00:00 PM,DSNY,Department of Sanitation,Dirty Conditions,E8 Canine Violation,Sidewalk,11208,530 LINCOLN AVENUE,LINCOLN AVENUE,GLENMORE AVENUE,CONDUIT BOULEVARD,,,ADDRESS,BROOKLYN,,N/A,Closed,,The Department of Sanitation investigated this complaint and found no violation at the location.,03/02/2018 12:00:00 PM,05 BROOKLYN,3042180013,BROOKLYN,1020992,185932,PHONE,Unspecified,BROOKLYN,,,,,,,,40.67694089708182,-73.86753750589958,"(40.67694089708182, -73.86753750589958)"
38569950,02/28/2018 10:57:00 AM,03/01/2018 12:00:00 PM,DSNY,Department of Sanitation,Dirty Conditions,E8 Canine Violation,Sidewalk,10023,311 COLUMBUS AVENUE,COLUMBUS AVENUE,WEST 74 STREET,WEST 75 STREET,,,ADDRESS,NEW YORK,,N/A,Closed,,The Department of Sanitation investigated this complaint and found no violation at the location.,03/01/2018 12:00:00 PM,07 MANHATTAN,1011270061,MANHATTAN,990467,223124,PHONE,Unspecified,MANHATTAN,,,,,,,,40.779097917178134,-73.97755205408963,"(40.779097917178134, -73.97755205408963)"
38571097,02/28/2018 10:42:00 AM,03/01/2018 12:00:00 PM,DSNY,Department of Sanitation,Dirty Conditions,E8 Canine Violation,Sidewalk,11212,,,KINGS HIGHWAY,EAST 93 STREET,KINGS HIGHWAY,EAST 93 STREET,INTERSECTION,BROOKLYN,,N/A,Closed,,The Department of Sanitation investigated this complaint and found no violation at the location.,03/01/2018 12:00:00 PM,17 BROOKLYN,,BROOKLYN,1006151,178713,PHONE,Unspecified,BROOKLYN,,,,,,,,40.657175514857215,-73.92106578762859,"(40.657175514857215, -73.92106578762859)"
38578085,02/28/2018 08:50:00 AM,02/28/2018 12:00:00 PM,DSNY,Department of Sanitation,Dirty Conditions,E8 Canine Violation,Sidewalk,11354,33-36 150 STREET,150 STREET,33 AVENUE,34 AVENUE,,,ADDRESS,Flushing,,N/A,Closed,,The Department of Sanitation investigated this complaint and found no violation at the location.,02/28/2018 12:00:00 PM,07 QUEENS,4049900037,QUEENS,1035348,219268,ONLINE,Unspecified,QUEENS,,,,,,,,40.768368715941705,-73.81552819951686,"(40.768368715941705, -73.81552819951686)"
38569989,02/28/2018 08:02:00 AM,03/01/2018 12:00:00 PM,DSNY,Department of Sanitation,Dirty Conditions,E8 Canine Violation,Sidewalk,10029,,,EAST 107 STREET,1 AVENUE,EAST 107 STREET,1 AVENUE,INTERSECTION,NEW YORK,,N/A,Closed,,The Department of Sanitation investigated this complaint and found no violation at the location.,03/01/2018 12:00:00 PM,11 MANHATTAN,,MANHATTAN,1000978,227202,PHONE,Unspecified,MANHATTAN,,,,,,,,40.79027729485371,-73.93958946125349,"(40.79027729485371, -73.93958946125349)"
38573370,02/28/2018 07:38:00 AM,03/02/2018 12:00:00 PM,DSNY,Department of Sanitation,Dirty Conditions,E8 Canine Violation,Sidewalk,11231,,,1 PLACE,HENRY STREET,1 PLACE,HENRY STREET,INTERSECTION,BROOKLYN,,N/A,Closed,,The Department of Sanitation investigated this complaint and found no violation at the location.,03/02/2018 12:00:00 PM,06 BROOKLYN,,BROOKLYN,984047,187524,PHONE,Unspecified,BROOKLYN,,,,,,,,40.68138682450835,-74.00073190541555,"(40.68138682450835, -74.00073190541555)"
38577794,02/28/2018 06:04:00 AM,02/28/2018 12:00:00 PM,DSNY,Department of Sanitation,Dirty Conditions,E8 Canine Violation,Sidewalk,11420,117-40 VANWYCK EXPRESSWAY,VANWYCK EXPRESSWAY,FOCH BOULEVARD,120 AVENUE,,,ADDRESS,South Ozone Park,,N/A,Closed,,The Department of Sanitation investigated this complaint and found no violation at the location.,02/28/2018 12:00:00 PM,10 QUEENS,4116990025,QUEENS,1038749,186085,ONLINE,Unspecified,QUEENS,,,,,,,,40.677269334999586,-73.80351879809261,"(40.677269334999586, -73.80351879809261)"
38578084,02/27/2018 08:56:00 PM,03/05/2018 12:00:00 PM,DSNY,Department of Sanitation,Dirty Conditions,E8 Canine Violation,Sidewalk,10468,,,ANDREWS AVENUE,WEST 183 STREET,ANDREWS AVENUE,WEST 183 STREET,INTERSECTION,BRONX,,N/A,Closed,,The Department of Sanitation investigated this complaint and found no violation at the location.,03/05/2018 12:00:00 PM,07 BRONX,,BRONX,1009530,252627,ONLINE,Unspecified,BRONX,,,,,,,,40.860041324195976,-73.90860948364706,"(40.860041324195976, -73.90860948364706)"
38575751,02/27/2018 07:55:00 PM,03/01/2018 12:00:00 PM,DSNY,Department of Sanitation,Dirty Conditions,E8 Canine Violation,Sidewalk,10306,,,10 STREET,PRINCETON AVENUE,10 STREET,PRINCETON AVENUE,INTERSECTION,STATEN ISLAND,,N/A,Closed,,The Department of Sanitation investigated this complaint and found no violation at the location.,03/01/2018 12:00:00 PM,02 STATEN ISLAND,,STATEN ISLAND,951332,146283,ONLINE,Unspecified,STATEN ISLAND,,,,,,,,40.56812783647176,-74.11848286011934,"(40.56812783647176, -74.11848286011934)"
38572992,02/27/2018 02:08:00 PM,02/28/2018 12:00:00 PM,DSNY,Department of Sanitation,Dirty Conditions,E8 Canine Violation,Sidewalk,11354,139-29 34 ROAD,34 ROAD,LEAVITT STREET,UNION STREET,,,ADDRESS,Flushing,,N/A,Closed,,The Department of Sanitation investigated this complaint and found no violation at the location.,02/28/2018 12:00:00 PM,07 QUEENS,4049570044,QUEENS,1031730,218519,PHONE,Unspecified,QUEENS,,,,,,,,40.76633308137436,-73.82859500382928,"(40.76633308137436, -73.82859500382928)"
38564312,02/27/2018 11:26:00 AM,03/01/2018 12:00:00 PM,DSNY,Department of Sanitation,Dirty Conditions,E8 Canine Violation,Sidewalk,11220,,,46 STREET,8 AVENUE,46 STREET,8 AVENUE,INTERSECTION,BROOKLYN,,N/A,Closed,,The Department of Sanitation investigated this complaint and found no violation at the location.,03/01/2018 12:00:00 PM,07 BROOKLYN,,BROOKLYN,983867,173669,PHONE,Unspecified,BROOKLYN,,,,,,,,40.643357906366404,-74.00138009856794,"(40.643357906366404, -74.00138009856794)"
38568831,02/27/2018 10:55:00 AM,02/27/2018 12:00:00 PM,DSNY,Department of Sanitation,Dirty Conditions,E8 Canine Violation,Sidewalk,10032,,,WEST 158 STREET,AMSTERDAM AVENUE,WEST 158 STREET,AMSTERDAM AVENUE,INTERSECTION,NEW YORK,,N/A,Closed,,The Department of Sanitation investigated this complaint and found no violation at the location.,02/27/2018 12:00:00 PM,12 MANHATTAN,,MANHATTAN,1000417,242945,PHONE,Unspecified,MANHATTAN,,,,,,,,40.83348848222364,-73.94157750579586,"(40.83348848222364, -73.94157750579586)"
38564271,02/27/2018 09:54:00 AM,02/27/2018 12:00:00 PM,DSNY,Department of Sanitation,Dirty Conditions,E8 Canine Violation,Sidewalk,10029,65 EAST 112 STREET,EAST 112 STREET,MADISON AVENUE,PARK AVENUE,,,ADDRESS,NEW YORK,,N/A,Closed,,The Department of Sanitation investigated this complaint and found no violation at the location.,02/27/2018 12:00:00 PM,11 MANHATTAN,1016200023,MANHATTAN,999309,229648,ONLINE,Unspecified,MANHATTAN,,,,,,,,40.79699390401083,-73.94561130581198,"(40.79699390401083, -73.94561130581198)"
38567668,02/27/2018 09:09:00 AM,03/02/2018 12:00:00 PM,DSNY,Department of Sanitation,Dirty Conditions,E8 Canine Violation,Sidewalk,11226,402 OCEAN AVENUE,OCEAN AVENUE,CROOKE AVENUE,CATON AVENUE,,,ADDRESS,BROOKLYN,,N/A,Closed,,The Department of Sanitation investigated this complaint and found no violation at the location.,03/02/2018 12:00:00 PM,14 BROOKLYN,3050610030,BROOKLYN,994911,177192,PHONE,Unspecified,BROOKLYN,,,,,,,,40.65302136936349,-73.96157868807671,"(40.65302136936349, -73.96157868807671)"
38564311,02/27/2018 07:10:00 AM,03/01/2018 12:00:00 PM,DSNY,Department of Sanitation,Dirty Conditions,E8 Canine Violation,Sidewalk,11234,6660 AVENUE U,AVENUE U,EAST 66 STREET,EAST 67 STREET,,,ADDRESS,BROOKLYN,,N/A,Closed,,The Department of Sanitation investigated this complaint and found no violation at the location.,03/01/2018 12:00:00 PM,18 BROOKLYN,3086310021,BROOKLYN,1009085,164291,ONLINE,Unspecified,BROOKLYN,,,,,,,,40.61758247899699,-73.91054433714582,"(40.61758247899699, -73.91054433714582)"
38561650,02/26/2018 08:49:00 PM,03/09/2018 12:00:00 PM,DSNY,Department of Sanitation,Dirty Conditions,E8 Canine Violation,Sidewalk,10314,,,SCHMIDTS LANE,MELHORN ROAD,SCHMIDTS LANE,MELHORN ROAD,INTERSECTION,STATEN ISLAND,,N/A,Closed,,The Department of Sanitation investigated this complaint and found no violation at the location.,03/09/2018 12:00:00 PM,02 STATEN ISLAND,,STATEN ISLAND,952488,161380,ONLINE,Unspecified,STATEN ISLAND,,,,,,,,40.60957026710629,-74.11439299670758,"(40.60957026710629, -74.11439299670758)"
38560460,02/26/2018 08:40:00 PM,02/27/2018 12:00:00 PM,DSNY,Department of Sanitation,Dirty Conditions,E8 Canine Violation,Sidewalk,11233,668 HALSEY STREET,HALSEY STREET,MALCOLM X BOULEVARD,PATCHEN AVENUE,,,ADDRESS,BROOKLYN,,N/A,Closed,,The Department of Sanitation investigated this complaint and found no violation at the location.,02/27/2018 12:00:00 PM,03 BROOKLYN,3016677501,BROOKLYN,1004386,188622,ONLINE,Unspecified,BROOKLYN,,,,,,,,40.6843776827758,-73.92739748699027,"(40.6843776827758, -73.92739748699027)"
38566591,02/26/2018 07:47:00 PM,02/28/2018 12:00:00 PM,DSNY,Department of Sanitation,Dirty Conditions,E8 Canine Violation,Sidewalk,10029,1952 SECOND AVENUE,SECOND AVENUE,EAST 100 STREET,EAST 101 STREET,,,ADDRESS,NEW YORK,,N/A,Closed,,The Department of Sanitation investigated this complaint and found no violation at the location.,02/28/2018 12:00:00 PM,11 MANHATTAN,1016720001,MANHATTAN,999480,226045,ONLINE,Unspecified,MANHATTAN,,,,,,,,40.787104349333745,-73.94500187432251,"(40.787104349333745, -73.94500187432251)"
38567669,02/26/2018 04:50:00 PM,02/28/2018 12:00:00 PM,DSNY,Department of Sanitation,Dirty Conditions,E8 Canine Violation,Sidewalk,11370,75-03 21 AVENUE,21 AVENUE,75 STREET,76 STREET,,,ADDRESS,East Elmhurst,,N/A,Closed,,The Department of Sanitation investigated this complaint and found no violation at the location.,02/28/2018 12:00:00 PM,01 QUEENS,4009440067,QUEENS,1013464,219952,PHONE,Unspecified,QUEENS,,,,,,,,40.77034552300733,-73.89452979635753,"(40.77034552300733, -73.89452979635753)"
38563147,02/26/2018 04:34:00 PM,03/01/2018 12:00:00 PM,DSNY,Department of Sanitation,Dirty Conditions,E8 Canine Violation,Sidewalk,11233,482 HOWARD AVENUE,HOWARD AVENUE,PARK PLACE,STERLING PLACE,,,ADDRESS,BROOKLYN,,N/A,Closed,,The Department of Sanitation investigated this complaint and found no violation at the location.,03/01/2018 12:00:00 PM,16 BROOKLYN,3014660140,BROOKLYN,1006512,183917,PHONE,Unspecified,BROOKLYN,,,,,,,,40.671458435197366,-73.91974751146029,"(40.671458435197366, -73.91974751146029)"
38561602,02/26/2018 04:23:00 PM,02/27/2018 12:00:00 PM,DSNY,Department of Sanitation,Dirty Conditions,E8 Canine Violation,Sidewalk,11203,705 LEFFERTS AVENUE,LEFFERTS AVENUE,ALBANY AVENUE,TROY AVENUE,,,ADDRESS,BROOKLYN,,N/A,Closed,,The Department of Sanitation investigated this complaint and found no violation at the location.,02/27/2018 12:00:00 PM,09 BROOKLYN,3014260051,BROOKLYN,1001387,180882,PHONE,Unspecified,BROOKLYN,,,,,,,,40.66313944195009,-73.93823037908109,"(40.66313944195009, -73.93823037908109)"
38564242,02/26/2018 03:15:00 PM,03/01/2018 12:00:00 PM,DSNY,Department of Sanitation,Dirty Conditions,E8 Canine Violation,Sidewalk,11208,503 LINCOLN AVENUE,LINCOLN AVENUE,LIBERTY AVENUE,GLENMORE AVENUE,,,ADDRESS,BROOKLYN,,N/A,Closed,,The Department of Sanitation investigated this complaint and found no violation at the location.,03/01/2018 12:00:00 PM,05 BROOKLYN,3042020001,BROOKLYN,1020943,186227,PHONE,Unspecified,BROOKLYN,,,,,,,,40.677750807758486,-73.86771255461741,"(40.677750807758486, -73.86771255461741)"
38562735,02/26/2018 02:58:00 PM,02/27/2018 12:00:00 PM,DSNY,Department of Sanitation,Dirty Conditions,E8 Canine Violation,Sidewalk,11206,82 JEFFERSON STREET,JEFFERSON STREET,STANWIX STREET,EVERGREEN AVENUE,,,ADDRESS,BROOKLYN,,N/A,Closed,,The Department of Sanitation investigated this complaint and found no violation at the location.,02/27/2018 12:00:00 PM,04 BROOKLYN,3031710030,BROOKLYN,1003028,193965,PHONE,Unspecified,BROOKLYN,,,,,,,,40.69904596546121,-73.93227900649023,"(40.69904596546121, -73.93227900649023)"
38557650,02/26/2018 01:09:00 PM,02/27/2018 12:00:00 PM,DSNY,Department of Sanitation,Dirty Conditions,E8 Canine Violation,Sidewalk,10031,,,HAMILTON PLACE,WEST 139 STREET,HAMILTON PLACE,WEST 139 STREET,INTERSECTION,NEW YORK,,N/A,Closed,,The Department of Sanitation investigated this complaint and found no violation at the location.,02/27/2018 12:00:00 PM,09 MANHATTAN,,MANHATTAN,997506,238821,PHONE,Unspecified,MANHATTAN,,,,,,,,40.82217413038197,-73.9521050976143,"(40.82217413038197, -73.9521050976143)"
38557951,02/26/2018 01:02:00 PM,02/28/2018 12:00:00 PM,DSNY,Department of Sanitation,Dirty Conditions,E8 Canine Violation,Sidewalk,10002,473 GRAND STREET,GRAND STREET,PITT STREET,WILLETT STREET,,,ADDRESS,NEW YORK,,N/A,Closed,,The Department of Sanitation investigated this complaint and found no violation at the location.,02/28/2018 12:00:00 PM,03 MANHATTAN,1003150070,MANHATTAN,988711,199806,ONLINE,Unspecified,MANHATTAN,,,,,,,,40.715096929308025,-73.98390797343757,"(40.715096929308025, -73.98390797343757)"
38551634,02/26/2018 11:56:00 AM,02/27/2018 12:00:00 PM,DSNY,Department of Sanitation,Dirty Conditions,E8 Canine Violation,Sidewalk,11235,2669 EAST 11 STREET,EAST 11 STREET,GILMORE COURT,BELT PARKWAY,,,ADDRESS,BROOKLYN,,N/A,Closed,,The Department of Sanitation investigated this complaint and found no violation at the location.,02/27/2018 12:00:00 PM,15 BROOKLYN,3074557502,BROOKLYN,995581,152665,ONLINE,Unspecified,BROOKLYN,,,,,,,,40.585699034810744,-73.95920523243055,"(40.585699034810744, -73.95920523243055)"
38557897,02/26/2018 11:06:00 AM,03/01/2018 12:00:00 PM,DSNY,Department of Sanitation,Dirty Conditions,E8 Canine Violation,Sidewalk,11233,73 SOMERS STREET,SOMERS STREET,ROCKAWAY AVENUE,MOTHER GASTON BOULEVARD,,,ADDRESS,BROOKLYN,,N/A,Closed,,The Department of Sanitation investigated this complaint and found no violation at the location.,03/01/2018 12:00:00 PM,16 BROOKLYN,3015390072,BROOKLYN,1009222,186632,PHONE,Unspecified,BROOKLYN,,,,,,,,40.67890326543025,-73.90996815469583,"(40.67890326543025, -73.90996815469583)"
38550408,02/26/2018 10:46:00 AM,02/26/2018 12:00:00 PM,DSNY,Department of Sanitation,Dirty Conditions,E8 Canine Violation,Sidewalk,11416,86-04 102 AVENUE,102 AVENUE,86 STREET,88 STREET,,,ADDRESS,Ozone Park,,N/A,Closed,,The Department of Sanitation investigated this complaint and found no violation at the location.,02/26/2018 12:00:00 PM,09 QUEENS,4090880002,QUEENS,1025002,187589,ONLINE,Unspecified,QUEENS,,,,,,,,40.681471428247335,-73.85307063389179,"(40.681471428247335, -73.85307063389179)"
38556602,02/26/2018 10:35:00 AM,02/27/2018 12:00:00 PM,DSNY,Department of Sanitation,Dirty Conditions,E8 Canine Violation,Sidewalk,11210,1052 EAST 31 STREET,EAST 31 STREET,AVENUE J,AVENUE K,,,ADDRESS,BROOKLYN,,N/A,Closed,,The Department of Sanitation investigated this complaint and found no violation at the location.,02/27/2018 12:00:00 PM,18 BROOKLYN,3076120067,BROOKLYN,999337,167218,ONLINE,Unspecified,BROOKLYN,,,,,,,,40.62563844321127,-73.94565007695685,"(40.62563844321127, -73.94565007695685)"
38554013,02/26/2018 10:34:00 AM,02/26/2018 12:00:00 PM,DSNY,Department of Sanitation,Dirty Conditions,E8 Canine Violation,Sidewalk,10035,,,,,EAST 129 STREET,5 AVENUE,INTERSECTION,NEW YORK,,N/A,Closed,,The Department of Sanitation investigated this complaint and found no violation at the location.,02/26/2018 12:00:00 PM,Unspecified MANHATTAN,,MANHATTAN,1000748,234008,PHONE,Unspecified,MANHATTAN,,,,,,,,40.808958335542776,-73.94040334764199,"(40.808958335542776, -73.94040334764199)"
38558968,02/26/2018 10:26:00 AM,02/28/2018 12:00:00 PM,DSNY,Department of Sanitation,Dirty Conditions,E8 Canine Violation,Sidewalk,11434,132-44 159 STREET,159 STREET,DEAD END,134 AVENUE,,,ADDRESS,Jamaica,,N/A,Closed,,The Department of Sanitation investigated this complaint and found no violation at the location.,02/28/2018 12:00:00 PM,12 QUEENS,4122830026,QUEENS,1045635,184539,PHONE,Unspecified,QUEENS,,,,,,,,40.672980854449534,-73.77870739329242,"(40.672980854449534, -73.77870739329242)"
38551651,02/26/2018 10:15:00 AM,02/27/2018 12:00:00 PM,DSNY,Department of Sanitation,Dirty Conditions,E8 Canine Violation,Sidewalk,11375,92-20 71 AVENUE,71 AVENUE,OLCOTT STREET,NANSEN STREET,,,ADDRESS,Forest Hills,,N/A,Closed,,The Department of Sanitation investigated this complaint and found no violation at the location.,02/27/2018 12:00:00 PM,06 QUEENS,4032400009,QUEENS,1025659,198305,ONLINE,Unspecified,QUEENS,,,,,,,,40.710881266396385,-73.8506359776137,"(40.710881266396385, -73.8506359776137)"
38550406,02/26/2018 10:03:00 AM,03/01/2018 12:00:00 PM,DSNY,Department of Sanitation,Dirty Conditions,E8 Canine Violation,Sidewalk,11208,,,GLENMORE AVENUE,GRANT AVENUE,GLENMORE AVENUE,GRANT AVENUE,INTERSECTION,BROOKLYN,,N/A,Closed,,The Department of Sanitation investigated this complaint and found no violation at the location.,03/01/2018 12:00:00 PM,05 BROOKLYN,,BROOKLYN,1021480,186174,PHONE,Unspecified,BROOKLYN,,,,,,,,40.6776030927032,-73.86577683105601,"(40.6776030927032, -73.86577683105601)"
38556423,02/26/2018 09:40:00 AM,02/26/2018 12:00:00 PM,DSNY,Department of Sanitation,Dirty Conditions,E8 Canine Violation,Sidewalk,10024,55 WEST   89 STREET,WEST   89 STREET,CENTRAL PARK WEST,COLUMBUS AVENUE,,,ADDRESS,NEW YORK,,N/A,Closed,,The Department of Sanitation investigated this complaint and found no violation at the location.,02/26/2018 12:00:00 PM,07 MANHATTAN,1012030011,MANHATTAN,992592,226388,ONLINE,Unspecified,MANHATTAN,,,,,,,,40.788054978258025,-73.96987518751935,"(40.788054978258025, -73.96987518751935)"
38559106,02/26/2018 08:44:00 AM,02/28/2018 12:00:00 PM,DSNY,Department of Sanitation,Dirty Conditions,E8 Canine Violation,Sidewalk,10034,,,VERMILYEA AVENUE,WEST 204 STREET,VERMILYEA AVENUE,WEST 204 STREET,INTERSECTION,NEW YORK,,N/A,Closed,,The Department of Sanitation investigated this complaint and found no violation at the location.,02/28/2018 12:00:00 PM,12 MANHATTAN,,MANHATTAN,1005686,254817,PHONE,Unspecified,MANHATTAN,,,,,,,,40.866062380691545,-73.92249903539675,"(40.866062380691545, -73.92249903539675)"
38555945,02/26/2018 12:40:00 AM,02/26/2018 12:00:00 PM,DSNY,Department of Sanitation,Dirty Conditions,E8 Canine Violation,Sidewalk,11215,297 1 STREET,1 STREET,4 AVENUE,5 AVENUE,,,ADDRESS,BROOKLYN,,N/A,Closed,,The Department of Sanitation investigated this complaint and found no violation at the location.,02/26/2018 12:00:00 PM,06 BROOKLYN,3009640047,BROOKLYN,988951,184973,ONLINE,Unspecified,BROOKLYN,,,,,,,,40.674383660402945,-73.98305258083786,"(40.674383660402945, -73.98305258083786)"
38551965,02/25/2018 06:50:00 PM,02/26/2018 12:00:00 PM,DSNY,Department of Sanitation,Dirty Conditions,E8 Canine Violation,Sidewalk,11206,,,,,THROOP AVENUE,GERRY STREET,INTERSECTION,BROOKLYN,,N/A,Closed,,The Department of Sanitation investigated this complaint and found no violation at the location.,02/26/2018 12:00:00 PM,Unspecified BROOKLYN,,BROOKLYN,999146,195119,PHONE,Unspecified,BROOKLYN,,,,,,,,40.702220810948496,-73.94627649785156,"(40.702220810948496, -73.94627649785156)"
38555159,02/25/2018 05:27:00 PM,02/26/2018 12:00:00 PM,DSNY,Department of Sanitation,Dirty Conditions,E8 Canine Violation,Sidewalk,,,,,,ROCKAWAY BEACH BOULEVARD,BEACH 149 STREET,INTERSECTION,,,N/A,Closed,,The Department of Sanitation investigated this complaint and found no violation at the location.,02/26/2018 12:00:00 PM,Unspecified QUEENS,,QUEENS,,,PHONE,Unspecified,QUEENS,,,,,,,,,,
38551810,02/25/2018 04:58:00 PM,02/26/2018 12:00:00 PM,DSNY,Department of Sanitation,Dirty Conditions,E8 Canine Violation,Sidewalk,11233,482 HOWARD AVENUE,HOWARD AVENUE,PARK PLACE,STERLING PLACE,,,ADDRESS,BROOKLYN,,N/A,Closed,,The Department of Sanitation investigated this complaint and found no violation at the location.,02/26/2018 12:00:00 PM,16 BROOKLYN,3014660140,BROOKLYN,1006512,183917,PHONE,Unspecified,BROOKLYN,,,,,,,,40.671458435197366,-73.91974751146029,"(40.671458435197366, -73.91974751146029)"
38550409,02/25/2018 04:28:00 PM,02/28/2018 12:00:00 PM,DSNY,Department of Sanitation,Dirty Conditions,E8 Canine Violation,Sidewalk,10465,3203 FAIRMOUNT AVENUE,FAIRMOUNT AVENUE,VINCENT AVENUE,WILCOX AVENUE,,,ADDRESS,BRONX,,N/A,Closed,,The Department of Sanitation investigated this complaint and found no violation at the location.,02/28/2018 12:00:00 PM,10 BRONX,2053250008,BRONX,1033814,243943,ONLINE,Unspecified,BRONX,,,,,,,,40.836103417510806,-73.8208840157139,"(40.836103417510806, -73.8208840157139)"
38556422,02/25/2018 03:11:00 PM,02/27/2018 12:00:00 PM,DSNY,Department of Sanitation,Dirty Conditions,E8 Canine Violation,Sidewalk,11236,1005 EAST 104 STREET,EAST 104 STREET,AVENUE J,AVENUE K,,,ADDRESS,BROOKLYN,,N/A,Closed,,The Department of Sanitation investigated this complaint and found no violation at the location.,02/27/2018 12:00:00 PM,18 BROOKLYN,3082310038,BROOKLYN,1013834,174374,PHONE,Unspecified,BROOKLYN,,,,,,,,40.645243576618725,-73.89339425591936,"(40.645243576618725, -73.89339425591936)"
38554014,02/25/2018 03:05:00 PM,02/26/2018 12:00:00 PM,DSNY,Department of Sanitation,Dirty Conditions,E8 Canine Violation,Sidewalk,10024,,,,,WEST 90 STREET,COLUMBUS AVENUE,INTERSECTION,NEW YORK,,N/A,Closed,,The Department of Sanitation investigated this complaint and found no violation at the location.,02/26/2018 12:00:00 PM,Unspecified MANHATTAN,,MANHATTAN,992474,226751,ONLINE,Unspecified,MANHATTAN,,,,,,,,40.78905142646646,-73.970300867221,"(40.78905142646646, -73.970300867221)"
38545727,02/25/2018 12:56:00 PM,02/26/2018 12:00:00 PM,DSNY,Department of Sanitation,Dirty Conditions,E8 Canine Violation,Sidewalk,10312,403 MOSELY AVENUE,MOSELY AVENUE,BOVANIZER STREET,BAMBERGER LANE,,,ADDRESS,STATEN ISLAND,,N/A,Closed,,The Department of Sanitation investigated this complaint and issued a Notice of Violation.,02/26/2018 12:00:00 PM,03 STATEN ISLAND,5055920042,STATEN ISLAND,937726,136980,ONLINE,Unspecified,STATEN ISLAND,,,,,,,,40.54253197647985,-74.16739130356649,"(40.54253197647985, -74.16739130356649)"
38549079,02/25/2018 11:12:00 AM,02/26/2018 12:00:00 PM,DSNY,Department of Sanitation,Dirty Conditions,E8 Canine Violation,Sidewalk,11208,519 SHEPHERD AVENUE,SHEPHERD AVENUE,BELMONT AVENUE,SUTTER AVENUE,,,ADDRESS,BROOKLYN,,N/A,Closed,,The Department of Sanitation investigated this complaint and found no violation at the location.,02/26/2018 12:00:00 PM,05 BROOKLYN,3040370033,BROOKLYN,1017479,184049,ONLINE,Unspecified,BROOKLYN,,,,,,,,40.671786374374186,-73.88021186273669,"(40.671786374374186, -73.88021186273669)"
38548540,02/25/2018 11:05:00 AM,02/27/2018 12:00:00 PM,DSNY,Department of Sanitation,Dirty Conditions,E8 Canine Violation,Sidewalk,11235,1112 GILMORE COURT,GILMORE COURT,EAST 11 STREET,EAST 12 STREET,,,ADDRESS,BROOKLYN,,N/A,Closed,,The Department of Sanitation investigated this complaint and found no violation at the location.,02/27/2018 12:00:00 PM,15 BROOKLYN,3074550074,BROOKLYN,995658,152760,PHONE,Unspecified,BROOKLYN,,,,,,,,40.58595969212501,-73.95892785057809,"(40.58595969212501, -73.95892785057809)"
38546886,02/25/2018 09:55:00 AM,03/03/2018 12:00:00 PM,DSNY,Department of Sanitation,Dirty Conditions,E8 Canine Violation,Sidewalk,10462,2187 MATTHEWS AVENUE,MATTHEWS AVENUE,LYDIG AVENUE,PELHAM PARKWAY,,,ADDRESS,BRONX,,N/A,Closed,,The Department of Sanitation investigated this complaint and found no violation at the location.,03/03/2018 12:00:00 PM,11 BRONX,2043220043,BRONX,1022179,251227,PHONE,Unspecified,BRONX,,,,,,,,40.85615346575459,-73.86288967346701,"(40.85615346575459, -73.86288967346701)"
38547980,02/24/2018 04:29:00 PM,02/26/2018 12:00:00 PM,DSNY,Department of Sanitation,Dirty Conditions,E8 Canine Violation,Sidewalk,11215,,,,,19 STREET,5 AVENUE,INTERSECTION,BROOKLYN,,N/A,Closed,,The Department of Sanitation investigated this complaint and found no violation at the location.,02/26/2018 12:00:00 PM,Unspecified BROOKLYN,,BROOKLYN,986399,180632,PHONE,Unspecified,BROOKLYN,,,,,,,,40.6624695707294,-73.99225409514533,"(40.6624695707294, -73.99225409514533)"
38547411,02/24/2018 03:29:00 PM,02/27/2018 12:00:00 PM,DSNY,Department of Sanitation,Dirty Conditions,E8 Canine Violation,Sidewalk,11235,2547 EAST 12 STREET,EAST 12 STREET,AVENUE Y,AVENUE Z,,,ADDRESS,BROOKLYN,,N/A,Closed,,The Department of Sanitation investigated this complaint and found no violation at the location.,02/27/2018 12:00:00 PM,15 BROOKLYN,3074337504,BROOKLYN,995806,153740,PHONE,Unspecified,BROOKLYN,,,,,,,,40.58864940482198,-73.95839333134913,"(40.58864940482198, -73.95839333134913)"
38545770,02/24/2018 03:22:00 PM,02/26/2018 12:00:00 PM,DSNY,Department of Sanitation,Dirty Conditions,E8 Canine Violation,Sidewalk,11208,28 LOGAN STREET,LOGAN STREET,JAMAICA AVENUE,ETNA STREET,,,ADDRESS,BROOKLYN,,N/A,Closed,,The Department of Sanitation investigated this complaint and found no violation at the location.,02/26/2018 12:00:00 PM,05 BROOKLYN,3041010032,BROOKLYN,1017832,189295,PHONE,Unspecified,BROOKLYN,,,,,,,,40.68618411059346,-73.87891318339474,"(40.68618411059346, -73.87891318339474)"
38543360,02/24/2018 01:08:00 PM,03/01/2018 12:00:00 PM,DSNY,Department of Sanitation,Dirty Conditions,E8 Canine Violation,Sidewalk,10314,1750 RICHMOND AVENUE,RICHMOND AVENUE,FOREST STREET,CROFT PLACE,,,ADDRESS,STATEN ISLAND,,N/A,Closed,,The Department of Sanitation investigated this complaint and found no violation at the location.,03/01/2018 12:00:00 PM,02 STATEN ISLAND,5021550335,STATEN ISLAND,939200,160042,PHONE,Unspecified,STATEN ISLAND,,,,,,,,40.60584014433999,-74.16224161120199,"(40.60584014433999, -74.16224161120199)"
38541268,02/24/2018 12:54:00 PM,02/28/2018 12:00:00 PM,DSNY,Department of Sanitation,Dirty Conditions,E8 Canine Violation,Sidewalk,11385,,,METROPOLITAN AVENUE,COOPER AVENUE,METROPOLITAN AVENUE,COOPER AVENUE,INTERSECTION,Ridgewood,,N/A,Closed,,The Department of Sanitation investigated this complaint and found no violation at the location.,02/28/2018 12:00:00 PM,05 QUEENS,,QUEENS,1022486,198781,PHONE,Unspecified,QUEENS,,,,,,,,40.71220205276656,-73.86207840039403,"(40.71220205276656, -73.86207840039403)"
38539129,02/24/2018 12:38:00 PM,02/26/2018 12:00:00 PM,DSNY,Department of Sanitation,Dirty Conditions,E8 Canine Violation,Sidewalk,11433,151-24 BEAVER ROAD,BEAVER ROAD,151 STREET,94 AVENUE,,,ADDRESS,Jamaica,,N/A,Closed,,The Department of Sanitation investigated this complaint and found no violation at the location.,02/26/2018 12:00:00 PM,12 QUEENS,4101070101,QUEENS,1039065,194465,ONLINE,Unspecified,QUEENS,,,,,,,,40.70026849972092,-73.80231136900753,"(40.70026849972092, -73.80231136900753)"
38545312,02/24/2018 12:16:00 PM,02/27/2018 12:00:00 PM,DSNY,Department of Sanitation,Dirty Conditions,E8 Canine Violation,Sidewalk,10455,698 EAGLE AVENUE,EAGLE AVENUE,WESTCHESTER AVENUE,EAST 156 STREET,,,ADDRESS,BRONX,,N/A,Closed,,The Department of Sanitation investigated this complaint and found no violation at the location.,02/27/2018 12:00:00 PM,01 BRONX,2026240234,BRONX,1009111,237280,PHONE,Unspecified,BRONX,,,,,,,,40.8179194830421,-73.91018111107154,"(40.8179194830421, -73.91018111107154)"
38539130,02/24/2018 12:06:00 PM,02/24/2018 12:06:00 PM,DSNY,Department of Sanitation,Dirty Conditions,E8 Canine Violation,Sidewalk,10030,,,,,WEST 137 STREET,7 AVENUE,INTERSECTION,NEW YORK,,N/A,Closed,,The Department of Sanitation investigated this complaint and found no violation at the location.,02/24/2018 12:06:00 PM,Unspecified MANHATTAN,,MANHATTAN,1000095,236792,PHONE,Unspecified,MANHATTAN,,,,,,,,40.81660083329602,-73.9427556434783,"(40.81660083329602, -73.9427556434783)"
38545310,02/24/2018 12:03:00 PM,02/26/2018 12:00:00 PM,DSNY,Department of Sanitation,Dirty Conditions,E8 Canine Violation,Sidewalk,,,,,,BROADWAY,GREENE AVENUE,INTERSECTION,,,N/A,Closed,,The Department of Sanitation investigated this complaint and found no violation at the location.,02/26/2018 12:00:00 PM,Unspecified BROOKLYN,,BROOKLYN,,,PHONE,Unspecified,BROOKLYN,,,,,,,,,,
38542270,02/24/2018 11:37:00 AM,03/01/2018 12:00:00 PM,DSNY,Department of Sanitation,Dirty Conditions,E8 Canine Violation,Sidewalk,10467,2820 OLINVILLE AVENUE,OLINVILLE AVENUE,BRITTON STREET,ARNOW AVENUE,,,ADDRESS,BRONX,,N/A,Closed,,The Department of Sanitation investigated this complaint and issued a Notice of Violation.,03/01/2018 12:00:00 PM,11 BRONX,2045080044,BRONX,1020674,255126,PHONE,Unspecified,BRONX,,,,,,,,40.86686137075427,-73.86830893137774,"(40.86686137075427, -73.86830893137774)"
38543343,02/24/2018 11:31:00 AM,02/26/2018 12:00:00 PM,DSNY,Department of Sanitation,Dirty Conditions,E8 Canine Violation,Sidewalk,11435,139-83 86 AVENUE,86 AVENUE,139 STREET,143 STREET,,,ADDRESS,Jamaica,,N/A,Closed,,The Department of Sanitation investigated this complaint and found no violation at the location.,02/26/2018 12:00:00 PM,08 QUEENS,4097100068,QUEENS,1035875,197389,PHONE,Unspecified,QUEENS,,,,,,,,40.70831335890915,-73.81379355503178,"(40.70831335890915, -73.81379355503178)"
38543350,02/24/2018 10:35:00 AM,02/27/2018 12:00:00 PM,DSNY,Department of Sanitation,Dirty Conditions,E8 Canine Violation,Sidewalk,10462,2137 WALLACE AVENUE,WALLACE AVENUE,BRADY AVENUE,LYDIG AVENUE,,,ADDRESS,BRONX,,N/A,Closed,,The Department of Sanitation investigated this complaint and found no violation at the location.,02/27/2018 12:00:00 PM,11 BRONX,2042910024,BRONX,1021642,250472,PHONE,Unspecified,BRONX,,,,,,,,40.85408350913631,-73.86483509409642,"(40.85408350913631, -73.86483509409642)"
38543351,02/24/2018 10:28:00 AM,02/26/2018 12:00:00 PM,DSNY,Department of Sanitation,Dirty Conditions,E8 Canine Violation,Sidewalk,10023,,,,,WEST 72 STREET,COLUMBUS AVENUE,INTERSECTION,NEW YORK,,N/A,Closed,,The Department of Sanitation investigated this complaint and found no violation at the location.,02/26/2018 12:00:00 PM,Unspecified MANHATTAN,,MANHATTAN,990122,222510,PHONE,Unspecified,MANHATTAN,,,,,,,,40.7774128851202,-73.97879829456296,"(40.7774128851202, -73.97879829456296)"
38544329,02/24/2018 10:05:00 AM,02/26/2018 12:00:00 PM,DSNY,Department of Sanitation,Dirty Conditions,E8 Canine Violation,Sidewalk,10024,52 WEST   91 STREET,WEST   91 STREET,CENTRAL PARK WEST,COLUMBUS AVENUE,,,ADDRESS,NEW YORK,,N/A,Closed,,The Department of Sanitation investigated this complaint and found no violation at the location.,02/26/2018 12:00:00 PM,07 MANHATTAN,1012040051,MANHATTAN,992904,226805,PHONE,Unspecified,MANHATTAN,,,,,,,,40.78919923135509,-73.96874794915085,"(40.78919923135509, -73.96874794915085)"
38542268,02/24/2018 09:25:00 AM,02/27/2018 12:00:00 PM,DSNY,Department of Sanitation,Dirty Conditions,E8 Canine Violation,Sidewalk,10471,,,WEST 251 STREET,POST ROAD,WEST 251 STREET,POST ROAD,INTERSECTION,BRONX,,N/A,Closed,,The Department of Sanitation investigated this complaint and found no violation at the location.,02/27/2018 12:00:00 PM,08 BRONX,,BRONX,1012477,265627,ONLINE,Unspecified,BRONX,,,,,,,,40.895713345086556,-73.89790092413375,"(40.895713345086556, -73.89790092413375)"
38539153,02/24/2018 07:34:00 AM,02/27/2018 12:00:00 PM,DSNY,Department of Sanitation,Dirty Conditions,E8 Canine Violation,Sidewalk,11214,128 BAY 53 STREET,BAY 53 STREET,CROPSEY AVENUE,BEND,,,ADDRESS,BROOKLYN,,N/A,Closed,,The Department of Sanitation investigated this complaint and found no violation at the location.,02/27/2018 12:00:00 PM,13 BROOKLYN,,BROOKLYN,987885,151648,PHONE,Unspecified,BROOKLYN,,,,,,,,40.582914068495974,-73.98691352999326,"(40.582914068495974, -73.98691352999326)"
38541264,02/24/2018 07:20:00 AM,02/27/2018 12:00:00 PM,DSNY,Department of Sanitation,Dirty Conditions,E8 Canine Violation,Sidewalk,11214,7718 16 AVENUE,16 AVENUE,77 STREET,78 STREET,,,ADDRESS,BROOKLYN,,N/A,Closed,,The Department of Sanitation investigated this complaint and found no violation at the location.,02/27/2018 12:00:00 PM,11 BROOKLYN,3062460039,BROOKLYN,983638,163338,PHONE,Unspecified,BROOKLYN,,,,,,,,40.61500147681319,-74.0022043382075,"(40.61500147681319, -74.0022043382075)"
38538082,02/24/2018 01:44:00 AM,02/27/2018 12:00:00 PM,DSNY,Department of Sanitation,Dirty Conditions,E8 Canine Violation,Sidewalk,11104,43-33 48 STREET,48 STREET,43 AVENUE,QUEENS BOULEVARD,,,ADDRESS,Sunnyside,,N/A,Closed,,The Department of Sanitation investigated this complaint and found no violation at the location.,02/27/2018 12:00:00 PM,02 QUEENS,4001397501,QUEENS,1007359,210380,ONLINE,Unspecified,QUEENS,,,,,,,,40.7440909052983,-73.91660333306818,"(40.7440909052983, -73.91660333306818)"
38539147,02/24/2018 01:18:00 AM,02/27/2018 12:00:00 PM,DSNY,Department of Sanitation,Dirty Conditions,E8 Canine Violation,Sidewalk,11360,214-06 15 AVENUE,15 AVENUE,BELL BOULEVARD,215 STREET,,,ADDRESS,Bayside,,N/A,Closed,,The Department of Sanitation investigated this complaint and found no violation at the location.,02/27/2018 12:00:00 PM,07 QUEENS,4059440052,QUEENS,1045201,226173,PHONE,Unspecified,QUEENS,,,,,,,,40.78725861812018,-73.77989482386234,"(40.78725861812018, -73.77989482386234)"
38542099,02/23/2018 06:23:00 PM,02/24/2018 12:00:00 PM,DSNY,Department of Sanitation,Dirty Conditions,E8 Canine Violation,Sidewalk,11235,2780 BATCHELDER STREET,BATCHELDER STREET,BELT PARKWAY,LOSEE TERRACE,,,ADDRESS,BROOKLYN,,N/A,Closed,,The Department of Sanitation investigated this complaint and found no violation at the location.,02/24/2018 12:00:00 PM,15 BROOKLYN,3088000039,BROOKLYN,1001972,152657,ONLINE,Unspecified,BROOKLYN,,,,,,,,40.58566660303638,-73.93619587348284,"(40.58566660303638, -73.93619587348284)"
38544339,02/23/2018 05:38:00 PM,02/27/2018 12:00:00 PM,DSNY,Department of Sanitation,Dirty Conditions,E8 Canine Violation,Sidewalk,10457,726 EAST 181 STREET,EAST 181 STREET,CROTONA AVENUE,CLINTON AVENUE,,,ADDRESS,BRONX,,N/A,Closed,,The Department of Sanitation investigated this complaint and found no violation at the location.,02/27/2018 12:00:00 PM,06 BRONX,2030960062,BRONX,1015422,248433,PHONE,Unspecified,BRONX,,,,,,,,40.84851121496828,-73.8873286538121,"(40.84851121496828, -73.8873286538121)"
38534264,02/23/2018 01:36:00 PM,02/24/2018 12:00:00 PM,DSNY,Department of Sanitation,Dirty Conditions,E8 Canine Violation,Sidewalk,11215,,,,,6 STREET,4 AVENUE,INTERSECTION,BROOKLYN,,N/A,Closed,,The Department of Sanitation investigated this complaint and found no violation at the location.,02/24/2018 12:00:00 PM,Unspecified BROOKLYN,,BROOKLYN,987798,184163,ONLINE,Unspecified,BROOKLYN,,,,,,,,40.67216092951141,-73.98720964919649,"(40.67216092951141, -73.98720964919649)"
38534857,02/23/2018 11:57:00 AM,02/23/2018 12:00:00 PM,DSNY,Department of Sanitation,Dirty Conditions,E8 Canine Violation,Sidewalk,11414,93-39 163 AVENUE,163 AVENUE,BODY OF WATER,95 STREET,,,ADDRESS,Howard Beach,,N/A,Closed,,The Department of Sanitation investigated this complaint and found no violation at the location.,02/23/2018 12:00:00 PM,10 QUEENS,4141950046,QUEENS,1029616,177120,PHONE,Unspecified,QUEENS,,,,,,,,40.6527139584386,-73.83650556595782,"(40.6527139584386, -73.83650556595782)"
38536532,02/23/2018 11:25:00 AM,02/23/2018 12:00:00 PM,DSNY,Department of Sanitation,Dirty Conditions,E8 Canine Violation,Sidewalk,11249,,,,,BERRY STREET,SOUTH 3 STREET,INTERSECTION,BROOKLYN,,N/A,Closed,,The Department of Sanitation investigated this complaint and found no violation at the location.,02/23/2018 12:00:00 PM,Unspecified BROOKLYN,,BROOKLYN,994210,199073,PHONE,Unspecified,BROOKLYN,,,,,,,,40.713080537765755,-73.96407268783574,"(40.713080537765755, -73.96407268783574)"
38533101,02/23/2018 10:41:00 AM,02/23/2018 12:00:00 PM,DSNY,Department of Sanitation,Dirty Conditions,E8 Canine Violation,Sidewalk,10031,387 CONVENT AVENUE,CONVENT AVENUE,WEST 146 STREET,WEST 147 STREET,,,ADDRESS,NEW YORK,,N/A,Closed,,The Department of Sanitation investigated this complaint and found no violation at the location.,02/23/2018 12:00:00 PM,09 MANHATTAN,1020610016,MANHATTAN,999326,240066,ONLINE,Unspecified,MANHATTAN,,,,,,,,40.825588382734914,-73.94552650811546,"(40.825588382734914, -73.94552650811546)"
38535707,02/23/2018 09:39:00 AM,02/23/2018 12:00:00 PM,DSNY,Department of Sanitation,Dirty Conditions,E8 Canine Violation,Sidewalk,11355,,,,,SAULL STREET,AVERY AVENUE,INTERSECTION,Flushing,,N/A,Closed,,The Department of Sanitation investigated this complaint and found no violation at the location.,02/23/2018 12:00:00 PM,Unspecified QUEENS,,QUEENS,1031420,213769,PHONE,Unspecified,QUEENS,,,,,,,,40.75329723260066,-73.82974744332817,"(40.75329723260066, -73.82974744332817)"
38531248,02/23/2018 08:25:00 AM,02/27/2018 12:00:00 PM,DSNY,Department of Sanitation,Dirty Conditions,E8 Canine Violation,Sidewalk,10458,,,EAST 187 STREET,HOFFMAN STREET,EAST 187 STREET,HOFFMAN STREET,INTERSECTION,BRONX,,N/A,Closed,,The Department of Sanitation investigated this complaint and found no violation at the location.,02/27/2018 12:00:00 PM,06 BRONX,,BRONX,1015109,251170,PHONE,Unspecified,BRONX,,,,,,,,40.85602456054768,-73.88844739428846,"(40.85602456054768, -73.88844739428846)"
38534863,02/23/2018 01:34:00 AM,02/23/2018 12:00:00 PM,DSNY,Department of Sanitation,Dirty Conditions,E8 Canine Violation,Sidewalk,10033,,,,,WEST 178 STREET,AMSTERDAM AVENUE,INTERSECTION,NEW YORK,,N/A,Closed,,The Department of Sanitation investigated this complaint and found no violation at the location.,02/23/2018 12:00:00 PM,Unspecified MANHATTAN,,MANHATTAN,1002974,247561,ONLINE,Unspecified,MANHATTAN,,,,,,,,40.84615300396417,-73.93232442177398,"(40.84615300396417, -73.93232442177398)"
38536123,02/22/2018 05:51:00 PM,02/24/2018 12:00:00 PM,DSNY,Department of Sanitation,Dirty Conditions,E8 Canine Violation,Sidewalk,10309,20 MARVIN ROAD,MARVIN ROAD,ALYSIA COURT,SHARON LANE,,,ADDRESS,STATEN ISLAND,,N/A,Closed,,The Department of Sanitation investigated this complaint and found no violation at the location.,02/24/2018 12:00:00 PM,03 STATEN ISLAND,5070120054,STATEN ISLAND,923923,134903,ONLINE,Unspecified,STATEN ISLAND,,,,,,,,40.536747881264915,-74.21703519449711,"(40.536747881264915, -74.21703519449711)"
38531561,02/22/2018 04:35:00 PM,02/23/2018 12:00:00 PM,DSNY,Department of Sanitation,Dirty Conditions,E8 Canine Violation,Sidewalk,11229,,,,,WHITNEY AVENUE,STUART STREET,INTERSECTION,BROOKLYN,,N/A,Closed,,The Department of Sanitation investigated this complaint and found no violation at the location.,02/23/2018 12:00:00 PM,Unspecified BROOKLYN,,BROOKLYN,1003513,157506,ONLINE,Unspecified,BROOKLYN,,,,,,,,40.59897291639938,-73.93063402299283,"(40.59897291639938, -73.93063402299283)"
38532203,02/22/2018 04:16:00 PM,02/23/2018 12:00:00 PM,DSNY,Department of Sanitation,Dirty Conditions,E8 Canine Violation,Sidewalk,11203,166 EAST   56 STREET,EAST   56 STREET,LINDEN BOULEVARD,CHURCH AVENUE,,,ADDRESS,BROOKLYN,,N/A,Closed,,The Department of Sanitation investigated this complaint and found no violation at the location.,02/23/2018 12:00:00 PM,17 BROOKLYN,3046810024,BROOKLYN,1005141,177213,ONLINE,Unspecified,BROOKLYN,,,,,,,,40.65306078490398,-73.92471061113471,"(40.65306078490398, -73.92471061113471)"
38535491,02/22/2018 03:22:00 PM,02/28/2018 12:00:00 PM,DSNY,Department of Sanitation,Dirty Conditions,E8 Canine Violation,Sidewalk,10461,1369 BLONDELL AVENUE,BLONDELL AVENUE,PONTON AVENUE,ROBERTS AVENUE,,,ADDRESS,BRONX,,N/A,Closed,,The Department of Sanitation investigated this complaint and found no violation at the location.,02/28/2018 12:00:00 PM,10 BRONX,2040730023,BRONX,1027812,246258,PHONE,Unspecified,BRONX,,,,,,,,40.842489054419744,-73.842559150815,"(40.842489054419744, -73.842559150815)"
38523293,02/22/2018 01:14:00 PM,02/23/2018 12:00:00 PM,DSNY,Department of Sanitation,Dirty Conditions,E8 Canine Violation,Sidewalk,11102,,,,,30 DRIVE,30 STREET,INTERSECTION,Astoria,,N/A,Closed,,The Department of Sanitation investigated this complaint and found no violation at the location.,02/23/2018 12:00:00 PM,Unspecified QUEENS,,QUEENS,1005430,218216,ONLINE,Unspecified,QUEENS,,,,,,,,40.76560355510141,-73.92354009693048,"(40.76560355510141, -73.92354009693048)"
38527412,02/22/2018 12:31:00 PM,02/22/2018 12:31:00 PM,DSNY,Department of Sanitation,Dirty Conditions,E8 Canine Violation,Sidewalk,11357,154-36 24 AVENUE,24 AVENUE,154 STREET,157 STREET,,,ADDRESS,Whitestone,,N/A,Closed,,The Department of Sanitation investigated this complaint and found no violation at the location.,02/22/2018 12:31:00 PM,07 QUEENS,4048450023,QUEENS,1037183,222315,PHONE,Unspecified,QUEENS,,,,,,,,40.77672111746037,-73.80887958196315,"(40.77672111746037, -73.80887958196315)"
38530538,02/22/2018 12:02:00 PM,02/23/2018 12:00:00 PM,DSNY,Department of Sanitation,Dirty Conditions,E8 Canine Violation,Sidewalk,11101,,,,,14 STREET,21 STREET,INTERSECTION,Long Island City,,N/A,Closed,,The Department of Sanitation investigated this complaint and found no violation at the location.,02/23/2018 12:00:00 PM,Unspecified QUEENS,,QUEENS,1001267,215448,PHONE,Unspecified,QUEENS,,,,,,,,40.758015101848784,-73.93857554854014,"(40.758015101848784, -73.93857554854014)"
38527432,02/22/2018 11:32:00 AM,02/27/2018 12:00:00 PM,DSNY,Department of Sanitation,Dirty Conditions,E8 Canine Violation,Sidewalk,10457,,,CLAREMONT PARKWAY,WASHINGTON AVENUE,CLAREMONT PARKWAY,WASHINGTON AVENUE,INTERSECTION,BRONX,,N/A,Closed,,The Department of Sanitation investigated this complaint and found no violation at the location.,02/27/2018 12:00:00 PM,03 BRONX,,BRONX,1011188,244917,PHONE,Unspecified,BRONX,,,,,,,,40.838874763116046,-73.90264657791019,"(40.838874763116046, -73.90264657791019)"
38528463,02/22/2018 10:58:00 AM,02/23/2018 12:00:00 PM,DSNY,Department of Sanitation,Dirty Conditions,E8 Canine Violation,Sidewalk,11223,2539 EAST    1 STREET,EAST    1 STREET,AVENUE Y,AVENUE Z,,,ADDRESS,BROOKLYN,,N/A,Closed,,The Department of Sanitation investigated this complaint and found no violation at the location.,02/23/2018 12:00:00 PM,13 BROOKLYN,3072170061,BROOKLYN,992938,153370,PHONE,Unspecified,BROOKLYN,,,,,,,,40.587637103775236,-73.96871986398062,"(40.587637103775236, -73.96871986398062)"
38529431,02/22/2018 10:28:00 AM,02/23/2018 12:00:00 PM,DSNY,Department of Sanitation,Dirty Conditions,E8 Canine Violation,Sidewalk,11374,66-17 WOODHAVEN BOULEVARD,WOODHAVEN BOULEVARD,66 AVENUE,66 ROAD,,,ADDRESS,Rego Park,,N/A,Closed,,The Department of Sanitation investigated this complaint and found no violation at the location.,02/23/2018 12:00:00 PM,06 QUEENS,4031400002,QUEENS,1022166,200868,ONLINE,Unspecified,QUEENS,,,,,,,,40.71793173896954,-73.86322092020413,"(40.71793173896954, -73.86322092020413)"
38523318,02/22/2018 10:23:00 AM,02/23/2018 12:00:00 PM,DSNY,Department of Sanitation,Dirty Conditions,E8 Canine Violation,Sidewalk,11214,8002 18 AVENUE,18 AVENUE,80 STREET,81 STREET,,,ADDRESS,BROOKLYN,,N/A,Closed,,The Department of Sanitation investigated this complaint and found no violation at the location.,02/23/2018 12:00:00 PM,11 BROOKLYN,3062840046,BROOKLYN,984532,161672,PHONE,Unspecified,BROOKLYN,,,,,,,,40.61042866684156,-73.99898434510737,"(40.61042866684156, -73.99898434510737)"
38524364,02/22/2018 10:19:00 AM,02/23/2018 12:00:00 PM,DSNY,Department of Sanitation,Dirty Conditions,E8 Canine Violation,Sidewalk,11374,,,,,AUSTIN STREET,63 DRIVE,INTERSECTION,Rego Park,,N/A,Closed,,The Department of Sanitation investigated this complaint and found no violation at the location.,02/23/2018 12:00:00 PM,Unspecified QUEENS,,QUEENS,1021917,204311,PHONE,Unspecified,QUEENS,,,,,,,,40.72738299351371,-73.86409989809731,"(40.72738299351371, -73.86409989809731)"
38526404,02/22/2018 09:57:00 AM,02/22/2018 12:00:00 PM,DSNY,Department of Sanitation,Dirty Conditions,E8 Canine Violation,Sidewalk,11208,65 RICHMOND STREET,RICHMOND STREET,ETNA STREET,RIDGEWOOD AVENUE,,,ADDRESS,BROOKLYN,,N/A,Closed,,The Department of Sanitation investigated this complaint and found no violation at the location.,02/22/2018 12:00:00 PM,05 BROOKLYN,3041150020,BROOKLYN,1018253,189075,ONLINE,Unspecified,BROOKLYN,,,,,,,,40.68557865417497,-73.87739629343079,"(40.68557865417497, -73.87739629343079)"
38528437,02/22/2018 09:47:00 AM,02/26/2018 12:00:00 PM,DSNY,Department of Sanitation,Dirty Conditions,E8 Canine Violation,Sidewalk,11208,65 RICHMOND STREET,RICHMOND STREET,ETNA STREET,RIDGEWOOD AVENUE,,,ADDRESS,BROOKLYN,,N/A,Closed,,The Department of Sanitation investigated this complaint and found no violation at the location.,02/26/2018 12:00:00 PM,05 BROOKLYN,3041150020,BROOKLYN,1018253,189075,ONLINE,Unspecified,BROOKLYN,,,,,,,,40.68557865417497,-73.87739629343079,"(40.68557865417497, -73.87739629343079)"
38530420,02/22/2018 09:41:00 AM,02/22/2018 12:00:00 PM,DSNY,Department of Sanitation,Dirty Conditions,E8 Canine Violation,Sidewalk,10037,,,,,WEST 138 STREET,LENOX AVENUE,INTERSECTION,NEW YORK,,N/A,Closed,,The Department of Sanitation investigated this complaint and found no violation at the location.,02/22/2018 12:00:00 PM,Unspecified MANHATTAN,,MANHATTAN,1001008,236583,PHONE,Unspecified,MANHATTAN,,,,,,,,40.81602550221721,-73.93945770643693,"(40.81602550221721, -73.93945770643693)"
38527455,02/21/2018 05:06:00 PM,02/22/2018 12:00:00 PM,DSNY,Department of Sanitation,Dirty Conditions,E8 Canine Violation,Sidewalk,10021,530 EAST   76 STREET,EAST   76 STREET,YORK AVENUE,DEAD END,,,ADDRESS,NEW YORK,,N/A,Closed,,The Department of Sanitation investigated this complaint and found no violation at the location.,02/22/2018 12:00:00 PM,08 MANHATTAN,1014877502,MANHATTAN,997820,219476,PHONE,Unspecified,MANHATTAN,,,,,,,,40.76907688431306,-73.95100968274006,"(40.76907688431306, -73.95100968274006)"
38526403,02/21/2018 03:53:00 PM,02/24/2018 12:00:00 PM,DSNY,Department of Sanitation,Dirty Conditions,E8 Canine Violation,Sidewalk,11420,114-43 116 STREET,116 STREET,LINDEN BOULEVARD,ROCKAWAY BOULEVARD,,,ADDRESS,South Ozone Park,,N/A,Closed,,The Department of Sanitation investigated this complaint and found no violation at the location.,02/24/2018 12:00:00 PM,10 QUEENS,4116430037,QUEENS,1033427,186125,PHONE,Unspecified,QUEENS,,,,,,,,40.677410291055494,-73.82270546279157,"(40.677410291055494, -73.82270546279157)"
38526382,02/21/2018 02:39:00 PM,02/22/2018 12:00:00 PM,DSNY,Department of Sanitation,Dirty Conditions,E8 Canine Violation,Sidewalk,11356,,,,,23 AVENUE,123 STREET,INTERSECTION,College Point,,N/A,Closed,,The Department of Sanitation investigated this complaint and found no violation at the location.,02/22/2018 12:00:00 PM,Unspecified QUEENS,,QUEENS,1027124,222982,PHONE,Unspecified,QUEENS,,,,,,,,40.77860636841352,-73.84519436724977,"(40.77860636841352, -73.84519436724977)"
38521519,02/21/2018 10:57:00 AM,02/26/2018 12:00:00 PM,DSNY,Department of Sanitation,Dirty Conditions,E8 Canine Violation,Sidewalk,11436,,,,,LINDEN BOULEVARD,145 STREET,INTERSECTION,Jamaica,,N/A,Closed,,The Department of Sanitation investigated this complaint and found no violation at the location.,02/26/2018 12:00:00 PM,Unspecified QUEENS,,QUEENS,1040001,188853,PHONE,Unspecified,QUEENS,,,,,,,,40.684859049707526,-73.79898217069032,"(40.684859049707526, -73.79898217069032)"
38521520,02/21/2018 10:19:00 AM,02/28/2018 12:00:00 PM,DSNY,Department of Sanitation,Dirty Conditions,E8 Canine Violation,Sidewalk,10454,144 BROOK AVENUE,BROOK AVENUE,EAST 134 STREET,MAJOR DEEGAN EXPRESSWAY,,,ADDRESS,BRONX,,N/A,Closed,,The Department of Sanitation investigated this complaint and found no violation at the location.,02/28/2018 12:00:00 PM,01 BRONX,,BRONX,1006125,232618,PHONE,Unspecified,BRONX,,,,,,,,40.80513149384625,-73.92098424694488,"(40.80513149384625, -73.92098424694488)"
38518935,02/21/2018 07:36:00 AM,02/27/2018 12:00:00 PM,DSNY,Department of Sanitation,Dirty Conditions,E8 Canine Violation,Sidewalk,10467,2225 HOLLAND AVENUE,HOLLAND AVENUE,PELHAM PARKWAY,ASTOR AVENUE,,,ADDRESS,BRONX,,N/A,Closed,,The Department of Sanitation investigated this complaint and found no violation at the location.,02/27/2018 12:00:00 PM,11 BRONX,2043440042,BRONX,1021418,252056,PHONE,Unspecified,BRONX,,,,,,,,40.85843205642975,-73.86563602705453,"(40.85843205642975, -73.86563602705453)"
38515191,02/20/2018 07:56:00 PM,02/22/2018 12:00:00 PM,DSNY,Department of Sanitation,Dirty Conditions,E8 Canine Violation,Sidewalk,10463,,,,,WEST 225 STREET,JACOBUS PLACE,INTERSECTION,NEW YORK,,N/A,Closed,,The Department of Sanitation investigated this complaint and issued a Notice of Violation.,02/22/2018 12:00:00 PM,Unspecified MANHATTAN,,MANHATTAN,1008513,258092,ONLINE,Unspecified,MANHATTAN,,,,,,,,40.875043931867665,-73.91226628208359,"(40.875043931867665, -73.91226628208359)"
38519425,02/20/2018 07:46:00 PM,02/22/2018 12:00:00 PM,DSNY,Department of Sanitation,Dirty Conditions,E8 Canine Violation,Sidewalk,11358,160-03 SANFORD AVENUE,SANFORD AVENUE,160 STREET,161 STREET,,,ADDRESS,Flushing,,N/A,Closed,,The Department of Sanitation investigated this complaint and found no violation at the location.,02/22/2018 12:00:00 PM,07 QUEENS,4053330008,QUEENS,1038081,216442,ONLINE,Unspecified,QUEENS,,,,,,,,40.76059587478615,-73.8056843036757,"(40.76059587478615, -73.8056843036757)"
38518505,02/20/2018 06:31:00 PM,02/21/2018 12:00:00 PM,DSNY,Department of Sanitation,Dirty Conditions,E8 Canine Violation,Sidewalk,11377,31-21 55 STREET,55 STREET,31 AVENUE,32 AVENUE,,,ADDRESS,Woodside,,N/A,Closed,,The Department of Sanitation investigated this complaint and found no condition at the location.,02/21/2018 12:00:00 PM,01 QUEENS,4011330047,QUEENS,1010203,214842,PHONE,Unspecified,QUEENS,,,,,,,,40.756330073007376,-73.90632258121914,"(40.756330073007376, -73.90632258121914)"
38514703,02/20/2018 04:08:00 PM,02/22/2018 12:00:00 PM,DSNY,Department of Sanitation,Dirty Conditions,E8 Canine Violation,Sidewalk,11215,202 17 STREET,17 STREET,PROSPECT EXPWY EB EN 17 ST,5 AVENUE,,,ADDRESS,BROOKLYN,,N/A,Closed,,The Department of Sanitation investigated this complaint and found no violation at the location.,02/22/2018 12:00:00 PM,07 BROOKLYN,3006310023,BROOKLYN,986409,181287,ONLINE,Unspecified,BROOKLYN,,,,,,,,40.66426739831729,-73.99221784117368,"(40.66426739831729, -73.99221784117368)"
38519923,02/20/2018 03:50:00 PM,03/01/2018 12:00:00 PM,DSNY,Department of Sanitation,Dirty Conditions,E8 Canine Violation,Sidewalk,10453,153 MORTON PLACE,MORTON PLACE,HARRISON AVENUE,UNIVERSITY AVENUE,,,ADDRESS,BRONX,,N/A,Closed,,The Department of Sanitation investigated this complaint and found no violation at the location.,03/01/2018 12:00:00 PM,05 BRONX,2028680277,BRONX,1007901,249297,ONLINE,Unspecified,BRONX,,,,,,,,40.85090598700377,-73.91451027722927,"(40.85090598700377, -73.91451027722927)"
38519073,02/20/2018 02:48:00 PM,02/21/2018 12:00:00 PM,DSNY,Department of Sanitation,Dirty Conditions,E8 Canine Violation,Sidewalk,10305,,,,,DONGAN HILLS AVENUE,OLYMPIA BOULEVARD,INTERSECTION,STATEN ISLAND,,N/A,Closed,,The Department of Sanitation investigated this complaint and found no violation at the location.,02/21/2018 12:00:00 PM,Unspecified STATEN ISLAND,,STATEN ISLAND,960334,150820,PHONE,Unspecified,STATEN ISLAND,,,,,,,,40.58060985710884,-74.08609773538176,"(40.58060985710884, -74.08609773538176)"
38520186,02/20/2018 02:20:00 PM,02/21/2018 12:00:00 PM,DSNY,Department of Sanitation,Dirty Conditions,E8 Canine Violation,Sidewalk,11374,85-56 66 AVENUE,66 AVENUE,WOODHAVEN BOULEVARD,FITCHETT STREET,,,ADDRESS,Rego Park,,N/A,Closed,,The Department of Sanitation investigated this complaint and found no violation at the location.,02/21/2018 12:00:00 PM,06 QUEENS,4031400037,QUEENS,1022636,201290,PHONE,Unspecified,QUEENS,,,,,,,,40.719087999284234,-73.86152302727939,"(40.719087999284234, -73.86152302727939)"
38512918,02/20/2018 01:42:00 PM,02/21/2018 12:00:00 PM,DSNY,Department of Sanitation,Dirty Conditions,E8 Canine Violation,Sidewalk,10469,2924 COLDEN AVENUE,COLDEN AVENUE,ARNOW AVENUE,ADEE AVENUE,,,ADDRESS,BRONX,,N/A,Closed,,The Department of Sanitation investigated this complaint and found no violation at the location.,02/21/2018 12:00:00 PM,11 BRONX,2045540017,BRONX,1023105,255665,PHONE,Unspecified,BRONX,,,,,,,,40.86833039401995,-73.85951653372639,"(40.86833039401995, -73.85951653372639)"
38507918,02/20/2018 12:55:00 PM,02/22/2018 12:00:00 PM,DSNY,Department of Sanitation,Dirty Conditions,E8 Canine Violation,Sidewalk,11416,88-12 102 ROAD,102 ROAD,88 STREET,89 STREET,,,ADDRESS,Ozone Park,,N/A,Closed,,The Department of Sanitation investigated this complaint and found no violation at the location.,02/22/2018 12:00:00 PM,09 QUEENS,4090920005,QUEENS,1025544,187524,PHONE,Unspecified,QUEENS,,,,,,,,40.681290506377835,-73.85111688114591,"(40.681290506377835, -73.85111688114591)"
38508762,02/20/2018 10:18:00 AM,02/23/2018 12:00:00 PM,DSNY,Department of Sanitation,Dirty Conditions,E8 Canine Violation,Sidewalk,10014,67 MORTON STREET,MORTON STREET,BEND,HUDSON STREET,,,ADDRESS,NEW YORK,,N/A,Closed,,The Department of Sanitation investigated this complaint and found no violation at the location.,02/23/2018 12:00:00 PM,02 MANHATTAN,1005847501,MANHATTAN,982465,205572,PHONE,Unspecified,MANHATTAN,,,,,,,,40.73092414847747,-74.00644050431184,"(40.73092414847747, -74.00644050431184)"
38506216,02/20/2018 09:10:00 AM,02/22/2018 12:00:00 PM,DSNY,Department of Sanitation,Dirty Conditions,E8 Canine Violation,Sidewalk,11226,,,,,EAST 21 STREET,KENMORE TERRACE,INTERSECTION,BROOKLYN,,N/A,Closed,,The Department of Sanitation investigated this complaint and found no violation at the location.,02/22/2018 12:00:00 PM,Unspecified BROOKLYN,,BROOKLYN,995413,175784,PHONE,Unspecified,BROOKLYN,,,,,,,,40.64915609734883,-73.95977185453964,"(40.64915609734883, -73.95977185453964)"
38511822,02/20/2018 08:56:00 AM,02/22/2018 12:00:00 PM,DSNY,Department of Sanitation,Dirty Conditions,E8 Canine Violation,Sidewalk,11206,101 TROUTMAN STREET,TROUTMAN STREET,EVERGREEN AVENUE,CENTRAL AVENUE,,,ADDRESS,BROOKLYN,,N/A,Closed,,The Department of Sanitation investigated this complaint and found no violation at the location.,02/22/2018 12:00:00 PM,04 BROOKLYN,3031720052,BROOKLYN,1003652,194054,ONLINE,Unspecified,BROOKLYN,,,,,,,,40.69928890350581,-73.93002835696983,"(40.69928890350581, -73.93002835696983)"
38512082,02/20/2018 07:42:00 AM,02/21/2018 12:00:00 PM,DSNY,Department of Sanitation,Dirty Conditions,E8 Canine Violation,Sidewalk,10467,2912 CRUGER AVENUE,CRUGER AVENUE,ARNOW AVENUE,WILLIAMSBRIDGE ROAD,,,ADDRESS,BRONX,,N/A,Closed,,The Department of Sanitation investigated this complaint and found no violation at the location.,02/21/2018 12:00:00 PM,11 BRONX,2045470011,BRONX,1021247,255695,ONLINE,Unspecified,BRONX,,,,,,,,40.86842071775303,-73.8662341100638,"(40.86842071775303, -73.8662341100638)"
38513472,02/20/2018 07:22:00 AM,02/24/2018 12:00:00 PM,DSNY,Department of Sanitation,Dirty Conditions,E8 Canine Violation,Sidewalk,11234,6660 AVENUE U,AVENUE U,EAST 66 STREET,EAST 67 STREET,,,ADDRESS,BROOKLYN,,N/A,Closed,,The Department of Sanitation investigated this complaint and found no violation at the location.,02/24/2018 12:00:00 PM,18 BROOKLYN,3086310021,BROOKLYN,1009085,164291,ONLINE,Unspecified,BROOKLYN,,,,,,,,40.61758247899699,-73.91054433714582,"(40.61758247899699, -73.91054433714582)"
38513742,02/19/2018 04:36:00 PM,02/20/2018 12:00:00 PM,DSNY,Department of Sanitation,Dirty Conditions,E8 Canine Violation,Sidewalk,11360,214-06 15 AVENUE,15 AVENUE,BELL BOULEVARD,215 STREET,,,ADDRESS,Bayside,,N/A,Closed,,The Department of Sanitation investigated this complaint and found no violation at the location.,02/20/2018 12:00:00 PM,07 QUEENS,4059440052,QUEENS,1045201,226173,PHONE,Unspecified,QUEENS,,,,,,,,40.78725861812018,-73.77989482386234,"(40.78725861812018, -73.77989482386234)"
38512879,02/19/2018 04:26:00 PM,02/20/2018 12:00:00 PM,DSNY,Department of Sanitation,Dirty Conditions,E8 Canine Violation,Sidewalk,11358,,,,,160 STREET,45 AVENUE,INTERSECTION,Flushing,,N/A,Closed,,The Department of Sanitation investigated this complaint and found no violation at the location.,02/20/2018 12:00:00 PM,Unspecified QUEENS,,QUEENS,1037888,214966,PHONE,Unspecified,QUEENS,,,,,,,,40.75654581513219,-73.80639275629375,"(40.75654581513219, -73.80639275629375)"
38511337,02/19/2018 04:25:00 PM,02/22/2018 12:00:00 PM,DSNY,Department of Sanitation,Dirty Conditions,E8 Canine Violation,Sidewalk,11360,214-06 15 AVENUE,15 AVENUE,BELL BOULEVARD,215 STREET,,,ADDRESS,Bayside,,N/A,Closed,,The Department of Sanitation investigated this complaint and found no violation at the location.,02/22/2018 12:00:00 PM,07 QUEENS,4059440052,QUEENS,1045201,226173,MOBILE,Unspecified,QUEENS,,,,,,,,40.78725861812018,-73.77989482386234,"(40.78725861812018, -73.77989482386234)"
38511300,02/19/2018 03:23:00 PM,02/21/2018 12:00:00 PM,DSNY,Department of Sanitation,Dirty Conditions,E8 Canine Violation,Sidewalk,10305,22 FLORIDA AVENUE,FLORIDA AVENUE,MAJOR AVENUE,MC CLEAN AVENUE,,,ADDRESS,STATEN ISLAND,,N/A,Closed,,The Department of Sanitation investigated this complaint and found no violation at the location.,02/21/2018 12:00:00 PM,02 STATEN ISLAND,5031030037,STATEN ISLAND,966045,157532,PHONE,Unspecified,STATEN ISLAND,,,,,,,,40.599046517565476,-74.06555619526203,"(40.599046517565476, -74.06555619526203)"
38504768,02/19/2018 11:33:00 AM,02/22/2018 12:00:00 PM,DSNY,Department of Sanitation,Dirty Conditions,E8 Canine Violation,Sidewalk,11226,2101 BEDFORD AVENUE,BEDFORD AVENUE,LENOX ROAD,CATON AVENUE,,,ADDRESS,BROOKLYN,,N/A,Closed,,The Department of Sanitation investigated this complaint and found no violation at the location.,02/22/2018 12:00:00 PM,17 BROOKLYN,3050840010,BROOKLYN,996437,177229,ONLINE,Unspecified,BROOKLYN,,,,,,,,40.65312095765086,-73.95607905149825,"(40.65312095765086, -73.95607905149825)"
38500962,02/19/2018 11:22:00 AM,02/21/2018 12:00:00 PM,DSNY,Department of Sanitation,Dirty Conditions,E8 Canine Violation,Sidewalk,10455,710 EAGLE AVENUE,EAGLE AVENUE,WESTCHESTER AVENUE,EAST 156 STREET,,,ADDRESS,BRONX,,N/A,Closed,,The Department of Sanitation investigated this complaint and found no violation at the location.,02/21/2018 12:00:00 PM,01 BRONX,2026240039,BRONX,1009140,237370,PHONE,Unspecified,BRONX,,,,,,,,40.818166425954416,-73.91007600490657,"(40.818166425954416, -73.91007600490657)"
38504055,02/19/2018 08:48:00 AM,02/20/2018 12:00:00 PM,DSNY,Department of Sanitation,Dirty Conditions,E8 Canine Violation,Sidewalk,11373,,,,,ELBERTSON STREET,ELMHURST AVENUE,INTERSECTION,Elmhurst,,N/A,Closed,,The Department of Sanitation investigated this complaint and found no violation at the location.,02/20/2018 12:00:00 PM,Unspecified QUEENS,,QUEENS,1018288,211404,PHONE,Unspecified,QUEENS,,,,,,,,40.74686621387203,-73.87715718963072,"(40.74686621387203, -73.87715718963072)"
38503293,02/18/2018 08:13:00 PM,02/20/2018 12:00:00 PM,DSNY,Department of Sanitation,Dirty Conditions,E8 Canine Violation,Sidewalk,11105,23-19 DITMARS BOULEVARD,DITMARS BOULEVARD,23 STREET,24 STREET,,,ADDRESS,Astoria,,N/A,Closed,,The Department of Sanitation investigated this complaint and found no violation at the location.,02/20/2018 12:00:00 PM,01 QUEENS,4008790062,QUEENS,1007619,223324,PHONE,Unspecified,QUEENS,,,,,,,,40.77961815780069,-73.91562003829735,"(40.77961815780069, -73.91562003829735)"
38500961,02/18/2018 07:01:00 PM,02/20/2018 12:00:00 PM,DSNY,Department of Sanitation,Dirty Conditions,E8 Canine Violation,Sidewalk,11357,157-03 24 AVENUE,24 AVENUE,157 STREET,160 STREET,,,ADDRESS,Whitestone,,N/A,Closed,,The Department of Sanitation investigated this complaint and found no violation at the location.,02/20/2018 12:00:00 PM,07 QUEENS,4048620001,QUEENS,1037961,222242,ONLINE,Unspecified,QUEENS,,,,,,,,40.7765160588762,-73.80607112003005,"(40.7765160588762, -73.80607112003005)"
38504012,02/18/2018 02:07:00 PM,02/21/2018 12:00:00 PM,DSNY,Department of Sanitation,Dirty Conditions,E8 Canine Violation,Sidewalk,10461,1943 HOBART AVENUE,HOBART AVENUE,ST THERESA AVENUE,WILKINSON AVENUE,,,ADDRESS,BRONX,,N/A,Closed,,The Department of Sanitation investigated this complaint and found no violation at the location.,02/21/2018 12:00:00 PM,10 BRONX,2042340044,BRONX,1030948,249139,PHONE,Unspecified,BRONX,,,,,,,,40.85038051006223,-73.83120504958394,"(40.85038051006223, -73.83120504958394)"
38497302,02/18/2018 09:21:00 AM,02/23/2018 12:00:00 PM,DSNY,Department of Sanitation,Dirty Conditions,E8 Canine Violation,Sidewalk,11223,701 AVENUE R,AVENUE R,EAST 7 STREET,EAST 8 STREET,,,ADDRESS,BROOKLYN,,N/A,Closed,,The Department of Sanitation investigated this complaint and issued a Notice of Violation.,02/23/2018 12:00:00 PM,15 BROOKLYN,3066640084,BROOKLYN,993921,159693,PHONE,Unspecified,BROOKLYN,,,,,,,,40.60499144439023,-73.96517163550442,"(40.60499144439023, -73.96517163550442)"
38496869,02/18/2018 08:37:00 AM,02/22/2018 12:00:00 PM,DSNY,Department of Sanitation,Dirty Conditions,E8 Canine Violation,Sidewalk,11218,9 AVENUE C,AVENUE C,DAHILL ROAD,MC DONALD AVENUE,,,ADDRESS,BROOKLYN,,N/A,Closed,,The Department of Sanitation investigated this complaint and found no violation at the location.,02/22/2018 12:00:00 PM,12 BROOKLYN,3053520043,BROOKLYN,989841,172531,PHONE,Unspecified,BROOKLYN,,,,,,,,40.64023258420079,-73.97985438704369,"(40.64023258420079, -73.97985438704369)"
38495904,02/18/2018 06:44:00 AM,02/22/2018 12:00:00 PM,DSNY,Department of Sanitation,Dirty Conditions,E8 Canine Violation,Sidewalk,11221,26 KOSSUTH PLACE,KOSSUTH PLACE,BROADWAY,BUSHWICK AVENUE,,,ADDRESS,BROOKLYN,,N/A,Closed,,The Department of Sanitation investigated this complaint and found no violation at the location.,02/22/2018 12:00:00 PM,04 BROOKLYN,3032630019,BROOKLYN,1004461,191936,ONLINE,Unspecified,BROOKLYN,,,,,,,,40.69347367704761,-73.927117124729,"(40.69347367704761, -73.927117124729)"
38495886,02/17/2018 11:41:00 PM,02/21/2018 12:00:00 PM,DSNY,Department of Sanitation,Dirty Conditions,E8 Canine Violation,Sidewalk,10312,550 WILSON AVENUE,WILSON AVENUE,WAINWRIGHT AVENUE,STUYVESANT AVENUE,,,ADDRESS,STATEN ISLAND,,N/A,Closed,,The Department of Sanitation investigated this complaint and found no violation at the location.,02/21/2018 12:00:00 PM,03 STATEN ISLAND,5055940023,STATEN ISLAND,937170,137683,ONLINE,Unspecified,STATEN ISLAND,,,,,,,,40.54445864146427,-74.16939665343708,"(40.54445864146427, -74.16939665343708)"
38494052,02/17/2018 08:14:00 PM,02/26/2018 12:00:00 PM,DSNY,Department of Sanitation,Dirty Conditions,E8 Canine Violation,Sidewalk,10035,70 PALADINO AVENUE,PALADINO AVENUE,BEND,BEND,,,ADDRESS,NEW YORK,,N/A,Closed,,The Department of Sanitation investigated this complaint and found no violation at the location.,02/26/2018 12:00:00 PM,11 MANHATTAN,1018080001,MANHATTAN,1003707,230171,ONLINE,Unspecified,MANHATTAN,,,,,,,,40.798420806778914,-73.9297255095368,"(40.798420806778914, -73.9297255095368)"
38496870,02/17/2018 05:37:00 PM,02/20/2018 12:00:00 PM,DSNY,Department of Sanitation,Dirty Conditions,E8 Canine Violation,Sidewalk,11416,101-30 91 STREET,91 STREET,101 AVENUE,ROCKAWAY BOULEVARD,,,ADDRESS,Ozone Park,,N/A,Closed,,The Department of Sanitation investigated this complaint and found no violation at the location.,02/20/2018 12:00:00 PM,09 QUEENS,4090960018,QUEENS,1026090,188040,PHONE,Unspecified,QUEENS,,,,,,,,40.68270424291881,-73.84914510983747,"(40.68270424291881, -73.84914510983747)"
38495906,02/17/2018 04:53:00 PM,02/22/2018 12:00:00 PM,DSNY,Department of Sanitation,Dirty Conditions,E8 Canine Violation,Sidewalk,10452,125 MARCY PLACE,MARCY PLACE,WALTON AVENUE,GRAND CONCOURSE,,,ADDRESS,BRONX,,N/A,Closed,,The Department of Sanitation investigated this complaint and found no violation at the location.,02/22/2018 12:00:00 PM,04 BRONX,2028410083,BRONX,1007484,244596,ONLINE,Unspecified,BRONX,,,,,,,,40.83800423364504,-73.91603386694314,"(40.83800423364504, -73.91603386694314)"
38498500,02/17/2018 04:50:00 PM,02/22/2018 12:00:00 PM,DSNY,Department of Sanitation,Dirty Conditions,E8 Canine Violation,Sidewalk,10025,204 WEST   94 STREET,WEST   94 STREET,AMSTERDAM AVENUE,BROADWAY,,,ADDRESS,NEW YORK,,N/A,Closed,,The Department of Sanitation investigated this complaint and found no violation at the location.,02/22/2018 12:00:00 PM,07 MANHATTAN,1012410038,MANHATTAN,992103,228145,PHONE,Unspecified,MANHATTAN,,,,,,,,40.792877918523416,-73.97163902059911,"(40.792877918523416, -73.97163902059911)"
38492958,02/17/2018 12:30:00 PM,02/22/2018 12:00:00 PM,DSNY,Department of Sanitation,Dirty Conditions,E8 Canine Violation,Sidewalk,10460,,,,,SOUTHERN BOULEVARD,EAST 172 STREET,INTERSECTION,BRONX,,N/A,Closed,,The Department of Sanitation investigated this complaint and found no violation at the location.,02/22/2018 12:00:00 PM,Unspecified BRONX,,BRONX,1014765,243166,PHONE,Unspecified,BRONX,,,,,,,,40.83405714309733,-73.88972734664115,"(40.83405714309733, -73.88972734664115)"
38488123,02/17/2018 12:27:00 PM,02/22/2018 12:00:00 PM,DSNY,Department of Sanitation,Dirty Conditions,E8 Canine Violation,Sidewalk,10460,,,,,VYSE AVENUE,JENNINGS STREET,INTERSECTION,BRONX,,N/A,Closed,,The Department of Sanitation investigated this complaint and found no violation at the location.,02/22/2018 12:00:00 PM,Unspecified BRONX,,BRONX,1014985,242343,PHONE,Unspecified,BRONX,,,,,,,,40.83179748392619,-73.88893610000675,"(40.83179748392619, -73.88893610000675)"
38492959,02/17/2018 12:23:00 PM,02/22/2018 12:00:00 PM,DSNY,Department of Sanitation,Dirty Conditions,E8 Canine Violation,Sidewalk,10459,,,,,HOE AVENUE,JENNINGS STREET,INTERSECTION,BRONX,,N/A,Closed,,The Department of Sanitation investigated this complaint and found no violation at the location.,02/22/2018 12:00:00 PM,Unspecified BRONX,,BRONX,1014748,242449,PHONE,Unspecified,BRONX,,,,,,,,40.83208924481255,-73.88979203964699,"(40.83208924481255, -73.88979203964699)"
38491955,02/17/2018 09:51:00 AM,02/17/2018 12:00:00 PM,DSNY,Department of Sanitation,Dirty Conditions,E8 Canine Violation,Sidewalk,10463,3220 JOHNSON AVENUE,JOHNSON AVENUE,CAMBRIDGE AVENUE,WEST 235 STREET,,,ADDRESS,BRONX,,N/A,Closed,,The Department of Sanitation investigated this complaint and found no violation at the location.,02/17/2018 12:00:00 PM,08 BRONX,2057860198,BRONX,1009026,261467,ONLINE,Unspecified,BRONX,,,,,,,,40.88430582926377,-73.91039881963918,"(40.88430582926377, -73.91039881963918)"
38492487,02/16/2018 02:53:00 PM,02/21/2018 12:00:00 PM,DSNY,Department of Sanitation,Dirty Conditions,E8 Canine Violation,Sidewalk,10314,300 WINDHAM LOOP,WINDHAM LOOP,BEND,BEND,,,ADDRESS,STATEN ISLAND,,N/A,Closed,,The Department of Sanitation investigated this complaint and found no violation at the location.,02/21/2018 12:00:00 PM,02 STATEN ISLAND,,STATEN ISLAND,939153,149247,ONLINE,Unspecified,STATEN ISLAND,,,,,,,,40.5762098431559,-74.16233882714148,"(40.5762098431559, -74.16233882714148)"
38485143,02/16/2018 01:00:00 PM,02/16/2018 01:00:00 PM,DSNY,Department of Sanitation,Dirty Conditions,E8 Canine Violation,Sidewalk,11417,104-50 104 STREET,104 STREET,107 AVENUE,ROCKAWAY BOULEVARD,,,ADDRESS,Ozone Park,,N/A,Closed,,The Department of Sanitation investigated this complaint and found no violation at the location.,02/16/2018 01:00:00 PM,10 QUEENS,4095260031,QUEENS,1029672,187228,PHONE,Unspecified,QUEENS,,,,,,,,40.680457834920446,-73.83623564514716,"(40.680457834920446, -73.83623564514716)"
38481105,02/16/2018 12:00:00 PM,02/20/2018 12:00:00 PM,DSNY,Department of Sanitation,Dirty Conditions,E8 Canine Violation,Sidewalk,11208,517 SHEPHERD AVENUE,SHEPHERD AVENUE,BELMONT AVENUE,SUTTER AVENUE,,,ADDRESS,BROOKLYN,,N/A,Closed,,The Department of Sanitation investigated this complaint and found no violation at the location.,02/20/2018 12:00:00 PM,05 BROOKLYN,3040370034,BROOKLYN,1017476,184063,ONLINE,Unspecified,BROOKLYN,,,,,,,,40.67182481246107,-73.88022260849635,"(40.67182481246107, -73.88022260849635)"
38482754,02/16/2018 11:28:00 AM,02/16/2018 12:00:00 PM,DSNY,Department of Sanitation,Dirty Conditions,E8 Canine Violation,Sidewalk,10466,4030 CARPENTER AVENUE,CARPENTER AVENUE,EAST 227 STREET,EAST 228 STREET,,,ADDRESS,BRONX,,N/A,Closed,,The Department of Sanitation investigated this complaint and found no violation at the location.,02/16/2018 12:00:00 PM,12 BRONX,2048300030,BRONX,1022296,263705,PHONE,Unspecified,BRONX,,,,,,,,40.89040119621191,-73.86239587115986,"(40.89040119621191, -73.86239587115986)"
38482732,02/16/2018 11:22:00 AM,02/20/2018 12:00:00 PM,DSNY,Department of Sanitation,Dirty Conditions,E8 Canine Violation,Sidewalk,11357,,,,,18 AVENUE,150 STREET,INTERSECTION,Whitestone,,N/A,Closed,,The Department of Sanitation investigated this complaint and found no violation at the location.,02/20/2018 12:00:00 PM,Unspecified QUEENS,,QUEENS,1035758,224494,MOBILE,Unspecified,QUEENS,,,,,,,,40.78271030159345,-73.81400798071488,"(40.78271030159345, -73.81400798071488)"
38482726,02/16/2018 11:18:00 AM,02/20/2018 12:00:00 PM,DSNY,Department of Sanitation,Dirty Conditions,E8 Canine Violation,Sidewalk,11208,1121 GLENMORE AVENUE,GLENMORE AVENUE,LINCOLN AVENUE,SHERIDAN AVENUE,,,ADDRESS,BROOKLYN,,N/A,Closed,,The Department of Sanitation investigated this complaint and found no violation at the location.,02/20/2018 12:00:00 PM,05 BROOKLYN,3042020043,BROOKLYN,1021006,186086,PHONE,Unspecified,BROOKLYN,,,,,,,,40.67736353369901,-73.86748619319891,"(40.67736353369901, -73.86748619319891)"
38480369,02/16/2018 10:56:00 AM,02/16/2018 12:00:00 PM,DSNY,Department of Sanitation,Dirty Conditions,E8 Canine Violation,Sidewalk,10468,3005 GRAND CONCOURSE,GRAND CONCOURSE,EAST 201 STREET,EAST 202 STREET,,,ADDRESS,BRONX,,N/A,Closed,,The Department of Sanitation investigated this complaint and found no violation at the location.,02/16/2018 12:00:00 PM,07 BRONX,2033100072,BRONX,1015447,257410,ONLINE,Unspecified,BRONX,,,,,,,,40.873150268148706,-73.88719650710114,"(40.873150268148706, -73.88719650710114)"
38481978,02/16/2018 08:44:00 AM,02/22/2018 12:00:00 PM,DSNY,Department of Sanitation,Dirty Conditions,E8 Canine Violation,Sidewalk,10023,102 WEST   76 STREET,WEST   76 STREET,COLUMBUS AVENUE,AMSTERDAM AVENUE,,,ADDRESS,NEW YORK,,N/A,Closed,,The Department of Sanitation investigated this complaint and found no violation at the location.,02/22/2018 12:00:00 PM,07 MANHATTAN,1011470034,MANHATTAN,990516,223521,ONLINE,Unspecified,MANHATTAN,,,,,,,,40.78018754258943,-73.97737475778699,"(40.78018754258943, -73.97737475778699)"
38485906,02/16/2018 12:24:00 AM,02/21/2018 12:00:00 PM,DSNY,Department of Sanitation,Dirty Conditions,E8 Canine Violation,Sidewalk,10461,2626 HALPERIN AVENUE,HALPERIN AVENUE,WILLIAMSBRIDGE ROAD,BLONDELL AVENUE,,,ADDRESS,BRONX,,N/A,Closed,,The Department of Sanitation investigated this complaint and found no violation at the location.,02/21/2018 12:00:00 PM,10 BRONX,2040740016,BRONX,1027470,246540,ONLINE,Unspecified,BRONX,,,,,,,,40.8432647412142,-73.84379337980315,"(40.8432647412142, -73.84379337980315)"
38482753,02/15/2018 09:33:00 PM,02/20/2018 12:00:00 PM,DSNY,Department of Sanitation,Dirty Conditions,E8 Canine Violation,Sidewalk,11104,,,,,41 STREET,SKILLMAN AVENUE,INTERSECTION,Sunnyside,,N/A,Closed,,The Department of Sanitation investigated this complaint and found no violation at the location.,02/20/2018 12:00:00 PM,Unspecified QUEENS,,QUEENS,1005682,211477,PHONE,Unspecified,QUEENS,,,,,,,,40.74710611743327,-73.92265185757748,"(40.74710611743327, -73.92265185757748)"
38481140,02/15/2018 05:20:00 PM,02/20/2018 12:00:00 PM,DSNY,Department of Sanitation,Dirty Conditions,E8 Canine Violation,Sidewalk,11379,,,,,76 STREET,68 AVENUE,INTERSECTION,Middle Village,,N/A,Closed,,The Department of Sanitation investigated this complaint and found no violation at the location.,02/20/2018 12:00:00 PM,Unspecified QUEENS,,QUEENS,1018544,198284,ONLINE,Unspecified,QUEENS,,,,,,,,40.71085406496264,-73.87630015422472,"(40.71085406496264, -73.87630015422472)"
38480368,02/15/2018 04:04:00 PM,02/20/2018 12:00:00 PM,DSNY,Department of Sanitation,Dirty Conditions,E8 Canine Violation,Sidewalk,11379,68-14 76 STREET,76 STREET,68 AVENUE,69 ROAD,,,ADDRESS,Middle Village,,N/A,Closed,,The Department of Sanitation investigated this complaint and found no violation at the location.,02/20/2018 12:00:00 PM,05 QUEENS,4037880088,QUEENS,1018569,198139,PHONE,Unspecified,QUEENS,,,,,,,,40.71045597785805,-73.87621071744701,"(40.71045597785805, -73.87621071744701)"
38483575,02/15/2018 03:31:00 PM,02/20/2018 12:00:00 PM,DSNY,Department of Sanitation,Dirty Conditions,E8 Canine Violation,Sidewalk,11357,24-15 147 STREET,147 STREET,24 AVENUE,WILLETS POINT BOULEVARD,,,ADDRESS,Whitestone,,N/A,Closed,,The Department of Sanitation investigated this complaint and found no violation at the location.,02/20/2018 12:00:00 PM,07 QUEENS,4046590006,QUEENS,1034224,222522,PHONE,Unspecified,QUEENS,,,,,,,,40.777306501413165,-73.81956180624562,"(40.777306501413165, -73.81956180624562)"
38472084,02/15/2018 12:55:00 PM,02/16/2018 12:00:00 PM,DSNY,Department of Sanitation,Dirty Conditions,E8 Canine Violation,Sidewalk,11237,154 RANDOLPH STREET,RANDOLPH STREET,VARICK AVENUE,STEWART AVENUE,,,ADDRESS,BROOKLYN,,N/A,Closed,,The Department of Sanitation investigated this complaint and found no violation at the location.,02/16/2018 12:00:00 PM,01 BROOKLYN,3029870006,BROOKLYN,1004474,197690,MOBILE,Unspecified,BROOKLYN,,,,,,,,40.709267024498175,-73.92705296621514,"(40.709267024498175, -73.92705296621514)"
38478387,02/15/2018 12:29:00 PM,02/22/2018 12:00:00 PM,DSNY,Department of Sanitation,Dirty Conditions,E8 Canine Violation,Sidewalk,10037,,,,,WEST 133 STREET,LENOX AVENUE,INTERSECTION,NEW YORK,,N/A,Closed,,The Department of Sanitation investigated this complaint and found no violation at the location.,02/22/2018 12:00:00 PM,Unspecified MANHATTAN,,MANHATTAN,1000360,235413,PHONE,Unspecified,MANHATTAN,,,,,,,,40.81281538533719,-73.94180156942355,"(40.81281538533719, -73.94180156942355)"
38478446,02/15/2018 11:33:00 AM,02/16/2018 12:00:00 PM,DSNY,Department of Sanitation,Dirty Conditions,E8 Canine Violation,Sidewalk,,,,,,,,,,,N/A,Closed,,The Department of Sanitation investigated this complaint and found no violation at the location.,02/16/2018 12:00:00 PM,Unspecified BRONX,,BRONX,,,PHONE,Unspecified,BRONX,,,,,,,,,,
38472069,02/15/2018 11:32:00 AM,02/16/2018 12:00:00 PM,DSNY,Department of Sanitation,Dirty Conditions,E8 Canine Violation,Sidewalk,10456,955 SHERMAN AVENUE,SHERMAN AVENUE,EAST 163 STREET,EAST 164 STREET,,,ADDRESS,BRONX,,N/A,Closed,,The Department of Sanitation investigated this complaint and found no violation at the location.,02/16/2018 12:00:00 PM,04 BRONX,2024550037,BRONX,1006640,241052,PHONE,Unspecified,BRONX,,,,,,,,40.82827915847082,-73.91909585429346,"(40.82827915847082, -73.91909585429346)"
38479429,02/15/2018 10:25:00 AM,02/22/2018 12:00:00 PM,DSNY,Department of Sanitation,Dirty Conditions,E8 Canine Violation,Sidewalk,10128,,,,,1 AVENUE,EAST 92 STREET,INTERSECTION,NEW YORK,,N/A,Closed,,The Department of Sanitation investigated this complaint and found no violation at the location.,02/22/2018 12:00:00 PM,Unspecified MANHATTAN,,MANHATTAN,999041,223708,ONLINE,Unspecified,MANHATTAN,,,,,,,,40.780690653139644,-73.94659232315303,"(40.780690653139644, -73.94659232315303)"
38478386,02/15/2018 10:03:00 AM,02/21/2018 12:00:00 PM,DSNY,Department of Sanitation,Dirty Conditions,E8 Canine Violation,Sidewalk,10461,1720 MAYFLOWER AVENUE,MAYFLOWER AVENUE,WESTCHESTER AVENUE,BUHRE AVENUE,,,ADDRESS,BRONX,,N/A,Closed,,The Department of Sanitation investigated this complaint and found no violation at the location.,02/21/2018 12:00:00 PM,10 BRONX,2041620002,BRONX,1030059,247502,ONLINE,Unspecified,BRONX,,,,,,,,40.84589209305118,-73.83442961221682,"(40.84589209305118, -73.83442961221682)"
38476209,02/15/2018 08:43:00 AM,02/15/2018 12:00:00 PM,DSNY,Department of Sanitation,Dirty Conditions,E8 Canine Violation,Sidewalk,11233,13 HULL STREET,HULL STREET,BEND,FULTON STREET,,,ADDRESS,BROOKLYN,,N/A,Closed,,The Department of Sanitation investigated this complaint and found no violation at the location.,02/15/2018 12:00:00 PM,03 BROOKLYN,3015310153,BROOKLYN,1007112,186588,PHONE,Unspecified,BROOKLYN,,,,,,,,40.678788196406835,-73.91757550708095,"(40.678788196406835, -73.91757550708095)"
38472070,02/15/2018 07:45:00 AM,02/15/2018 12:00:00 PM,DSNY,Department of Sanitation,Dirty Conditions,E8 Canine Violation,Sidewalk,11213,1034 STERLING PLACE,STERLING PLACE,BROOKLYN AVENUE,KINGSTON AVENUE,,,ADDRESS,BROOKLYN,,N/A,Closed,,The Department of Sanitation investigated this complaint and found no violation at the location.,02/15/2018 12:00:00 PM,08 BROOKLYN,3012500011,BROOKLYN,999754,184177,PHONE,Unspecified,BROOKLYN,,,,,,,,40.672186491305695,-73.94410888173364,"(40.672186491305695, -73.94410888173364)"
38472049,02/15/2018 07:35:00 AM,02/16/2018 12:00:00 PM,DSNY,Department of Sanitation,Dirty Conditions,E8 Canine Violation,Sidewalk,11414,78-04 153 AVENUE,153 AVENUE,78 STREET,79 STREET,,,ADDRESS,Howard Beach,,N/A,Closed,,The Department of Sanitation investigated this complaint and found no violation at the location.,02/16/2018 12:00:00 PM,10 QUEENS,4114407501,QUEENS,1024218,181778,ONLINE,Unspecified,QUEENS,,,,,,,,40.665525134941745,-73.8559317606847,"(40.665525134941745, -73.8559317606847)"
38473373,02/14/2018 09:35:00 PM,02/15/2018 12:00:00 PM,DSNY,Department of Sanitation,Dirty Conditions,E8 Canine Violation,Sidewalk,11360,214-06 15 AVENUE,15 AVENUE,BELL BOULEVARD,215 STREET,,,ADDRESS,Bayside,,N/A,Closed,,The Department of Sanitation investigated this complaint and found no violation at the location.,02/15/2018 12:00:00 PM,07 QUEENS,4059440052,QUEENS,1045201,226173,PHONE,Unspecified,QUEENS,,,,,,,,40.78725861812018,-73.77989482386234,"(40.78725861812018, -73.77989482386234)"
38476048,02/14/2018 08:00:00 PM,02/15/2018 12:00:00 PM,DSNY,Department of Sanitation,Dirty Conditions,E8 Canine Violation,Sidewalk,11215,,,,,PROSPECT PARK WEST,PROSPECT AVENUE,INTERSECTION,BROOKLYN,,N/A,Closed,,The Department of Sanitation investigated this complaint and found no violation at the location.,02/15/2018 12:00:00 PM,Unspecified BROOKLYN,,BROOKLYN,989323,179299,PHONE,Unspecified,BROOKLYN,,,,,,,,40.65880958718087,-73.98171576563337,"(40.65880958718087, -73.98171576563337)"
38471844,02/14/2018 05:18:00 PM,02/15/2018 12:00:00 PM,DSNY,Department of Sanitation,Dirty Conditions,E8 Canine Violation,Sidewalk,11204,1572 WEST    3 STREET,WEST    3 STREET,24 AVENUE,AVENUE P,,,ADDRESS,BROOKLYN,,N/A,Closed,,The Department of Sanitation investigated this complaint and found no violation at the location.,02/15/2018 12:00:00 PM,11 BROOKLYN,3066030035,BROOKLYN,990630,161253,ONLINE,Unspecified,BROOKLYN,,,,,,,,40.609276305569686,-73.97702210483385,"(40.609276305569686, -73.97702210483385)"
38474162,02/14/2018 04:34:00 PM,02/16/2018 12:00:00 PM,DSNY,Department of Sanitation,Dirty Conditions,E8 Canine Violation,Sidewalk,11221,,,,,KOSCIUSKO STREET,MARCUS GARVEY BOULEVARD,INTERSECTION,BROOKLYN,,N/A,Closed,,"The Department of Sanitation has investigated the complaint and addressed the issue. If the problem persists, call 311 to enter a new complaint. If you are outside of New York City, please call (212) NEW-YORK (212-639-9675).",02/16/2018 12:00:00 PM,Unspecified BROOKLYN,,BROOKLYN,1000938,191378,PHONE,Unspecified,BROOKLYN,,,,,,,,40.6919494406765,-73.93982279088358,"(40.6919494406765, -73.93982279088358)"
38477321,02/14/2018 02:29:00 PM,02/15/2018 12:00:00 PM,DSNY,Department of Sanitation,Dirty Conditions,E8 Canine Violation,Sidewalk,10022,300 EAST   56 STREET,EAST   56 STREET,2 AVENUE,1 AVENUE,,,ADDRESS,NEW YORK,,N/A,Closed,,The Department of Sanitation investigated this complaint and found no violation at the location.,02/15/2018 12:00:00 PM,06 MANHATTAN,1013480049,MANHATTAN,993826,215612,ONLINE,Unspecified,MANHATTAN,,,,,,,,40.75847643011189,-73.96543429581682,"(40.75847643011189, -73.96543429581682)"
38469794,02/14/2018 12:18:00 PM,02/15/2018 12:00:00 PM,DSNY,Department of Sanitation,Dirty Conditions,E8 Canine Violation,Sidewalk,10035,114 EAST  122 STREET,EAST  122 STREET,PARK AVENUE,LEXINGTON AVENUE,,,ADDRESS,NEW YORK,,N/A,Closed,,The Department of Sanitation investigated this complaint and found no violation at the location.,02/15/2018 12:00:00 PM,11 MANHATTAN,1017700159,MANHATTAN,1000944,231765,PHONE,Unspecified,MANHATTAN,,,,,,,,40.802801552063045,-73.93970090355988,"(40.802801552063045, -73.93970090355988)"
38470544,02/14/2018 12:15:00 PM,02/16/2018 12:00:00 PM,DSNY,Department of Sanitation,Dirty Conditions,E8 Canine Violation,Sidewalk,11234,742 EAST   58 STREET,EAST   58 STREET,FOSTER AVENUE,FARRAGUT ROAD,,,ADDRESS,BROOKLYN,,N/A,Closed,,The Department of Sanitation investigated this complaint and found no violation at the location.,02/16/2018 12:00:00 PM,18 BROOKLYN,3079750076,BROOKLYN,1006149,171415,PHONE,Unspecified,BROOKLYN,,,,,,,,40.63714409606732,-73.92109668834728,"(40.63714409606732, -73.92109668834728)"
38470183,02/14/2018 11:42:00 AM,02/15/2018 12:00:00 PM,DSNY,Department of Sanitation,Dirty Conditions,E8 Canine Violation,Sidewalk,11357,157-03 24 AVENUE,24 AVENUE,157 STREET,160 STREET,,,ADDRESS,Whitestone,,N/A,Closed,,The Department of Sanitation investigated this complaint and found no violation at the location.,02/15/2018 12:00:00 PM,07 QUEENS,4048620001,QUEENS,1037961,222242,PHONE,Unspecified,QUEENS,,,,,,,,40.7765160588762,-73.80607112003005,"(40.7765160588762, -73.80607112003005)"
38470026,02/14/2018 10:51:00 AM,02/14/2018 12:00:00 PM,DSNY,Department of Sanitation,Dirty Conditions,E8 Canine Violation,Sidewalk,11105,,,,,28 STREET,DITMARS BOULEVARD,INTERSECTION,Astoria,,N/A,Closed,,The Department of Sanitation investigated this complaint and found no violation at the location.,02/14/2018 12:00:00 PM,Unspecified QUEENS,,QUEENS,1008516,222484,PHONE,Unspecified,QUEENS,,,,,,,,40.777310163484614,-73.91238421811065,"(40.777310163484614, -73.91238421811065)"
38469337,02/14/2018 10:41:00 AM,02/14/2018 12:00:00 PM,DSNY,Department of Sanitation,Dirty Conditions,E8 Canine Violation,Sidewalk,11237,1340 DECATUR STREET,DECATUR STREET,KNICKERBOCKER AVENUE,IRVING AVENUE,,,ADDRESS,BROOKLYN,,N/A,Closed,,The Department of Sanitation investigated this complaint and found no violation at the location.,02/14/2018 12:00:00 PM,04 BROOKLYN,3034370017,BROOKLYN,1010742,191364,PHONE,Unspecified,BROOKLYN,,,,,,,,40.69188709735372,-73.9044694796319,"(40.69188709735372, -73.9044694796319)"
38469795,02/14/2018 10:11:00 AM,02/16/2018 12:00:00 PM,DSNY,Department of Sanitation,Dirty Conditions,E8 Canine Violation,Sidewalk,10453,1715 NELSON AVENUE,NELSON AVENUE,BRANDT PLACE,MACOMBS ROAD,,,ADDRESS,BRONX,,N/A,Closed,,The Department of Sanitation investigated this complaint and found no violation at the location.,02/16/2018 12:00:00 PM,05 BRONX,2028760131,BRONX,1007292,248403,PHONE,Unspecified,BRONX,,,,,,,,40.84845383279528,-73.91671466076818,"(40.84845383279528, -73.91671466076818)"
38469793,02/14/2018 08:17:00 AM,02/14/2018 12:00:00 PM,DSNY,Department of Sanitation,Dirty Conditions,E8 Canine Violation,Sidewalk,11103,,,,,45 STREET,30 ROAD,INTERSECTION,Astoria,,N/A,Closed,,The Department of Sanitation investigated this complaint and found no violation at the location.,02/14/2018 12:00:00 PM,Unspecified QUEENS,,QUEENS,1008772,216688,ONLINE,Unspecified,QUEENS,,,,,,,,40.76140095268507,-73.9114810424488,"(40.76140095268507, -73.9114810424488)"
38470734,02/13/2018 10:02:00 PM,02/14/2018 12:00:00 PM,DSNY,Department of Sanitation,Dirty Conditions,E8 Canine Violation,Sidewalk,10030,,,,,EDGECOMB AVENUE,WEST 145 STREET,INTERSECTION,NEW YORK,,N/A,Closed,,The Department of Sanitation investigated this complaint and found no violation at the location.,02/14/2018 12:00:00 PM,Unspecified MANHATTAN,,MANHATTAN,999792,239359,PHONE,Unspecified,MANHATTAN,,,,,,,,40.82364706126328,-73.94384436755173,"(40.82364706126328, -73.94384436755173)"
38467275,02/13/2018 09:49:00 PM,02/14/2018 12:00:00 PM,DSNY,Department of Sanitation,Dirty Conditions,E8 Canine Violation,Sidewalk,,,,,,WASHINGTON AVENUE,EAST 182 STREET,INTERSECTION,,,N/A,Closed,,The Department of Sanitation investigated this complaint and issued a Notice of Violation.,02/14/2018 12:00:00 PM,Unspecified BRONX,,BRONX,,,PHONE,Unspecified,BRONX,,,,,,,,,,
38468907,02/13/2018 09:45:00 PM,02/15/2018 12:00:00 PM,DSNY,Department of Sanitation,Dirty Conditions,E8 Canine Violation,Sidewalk,10457,,,,,BATHGATE AVENUE,EAST 182 STREET,INTERSECTION,BRONX,,N/A,Closed,,The Department of Sanitation investigated this complaint and found no violation at the location.,02/15/2018 12:00:00 PM,Unspecified BRONX,,BRONX,1013831,250158,PHONE,Unspecified,BRONX,,,,,,,,40.85325129878672,-73.8930717142453,"(40.85325129878672, -73.8930717142453)"
38463627,02/13/2018 09:14:00 PM,02/14/2018 12:00:00 PM,DSNY,Department of Sanitation,Dirty Conditions,E8 Canine Violation,Sidewalk,11229,4166 BEDFORD AVENUE,BEDFORD AVENUE,AVENUE T,AVENUE U,,,ADDRESS,BROOKLYN,,N/A,Closed,,The Department of Sanitation investigated this complaint and found no violation at the location.,02/14/2018 12:00:00 PM,15 BROOKLYN,3073290034,BROOKLYN,999034,158072,PHONE,Unspecified,BROOKLYN,,,,,,,,40.60053507491004,-73.9467616387043,"(40.60053507491004, -73.9467616387043)"
38466298,02/13/2018 06:46:00 PM,02/14/2018 12:00:00 PM,DSNY,Department of Sanitation,Dirty Conditions,E8 Canine Violation,Sidewalk,10035,105 EAST  122 STREET,EAST  122 STREET,PARK AVENUE,LEXINGTON AVENUE,,,ADDRESS,NEW YORK,,N/A,Closed,,The Department of Sanitation investigated this complaint and found no violation at the location.,02/14/2018 12:00:00 PM,11 MANHATTAN,1017710006,MANHATTAN,1000837,231831,PHONE,Unspecified,MANHATTAN,,,,,,,,40.802982905431506,-73.94008722674954,"(40.802982905431506, -73.94008722674954)"
38465855,02/13/2018 06:43:00 PM,02/14/2018 12:00:00 PM,DSNY,Department of Sanitation,Dirty Conditions,E8 Canine Violation,Sidewalk,10453,,,,,HARRISON AVENUE,WEST 176 STREET,INTERSECTION,BRONX,,N/A,Closed,,The Department of Sanitation investigated this complaint and issued a Notice of Violation.,02/14/2018 12:00:00 PM,Unspecified BRONX,,BRONX,1007783,248528,ONLINE,Unspecified,BRONX,,,,,,,,40.848795625766385,-73.91493950299949,"(40.848795625766385, -73.91493950299949)"
38467875,02/13/2018 03:22:00 PM,02/20/2018 12:00:00 PM,DSNY,Department of Sanitation,Dirty Conditions,E8 Canine Violation,Sidewalk,11691,12-32 CAFFREY AVENUE,CAFFREY AVENUE,GREENWOOD COURT,MOTT AVENUE,,,ADDRESS,Far Rockaway,,N/A,Closed,,The Department of Sanitation investigated this complaint and found no violation at the location.,02/20/2018 12:00:00 PM,14 QUEENS,4155730093,QUEENS,1054451,158474,PHONE,Unspecified,QUEENS,,,,,,,,40.60137276930471,-73.74719710156397,"(40.60137276930471, -73.74719710156397)"
38454703,02/13/2018 11:12:00 AM,02/15/2018 12:00:00 PM,DSNY,Department of Sanitation,Dirty Conditions,E8 Canine Violation,Sidewalk,10465,947 CALHOUN AVENUE,CALHOUN AVENUE,LAFAYETTE AVENUE,BARKLEY AVENUE,,,ADDRESS,BRONX,,N/A,Closed,,The Department of Sanitation investigated this complaint and found no violation at the location.,02/15/2018 12:00:00 PM,10 BRONX,2055330087,BRONX,1031969,241527,ONLINE,Unspecified,BRONX,,,,,,,,40.82948236761366,-73.82756870535972,"(40.82948236761366, -73.82756870535972)"
38457288,02/13/2018 10:49:00 AM,02/14/2018 12:00:00 PM,DSNY,Department of Sanitation,Dirty Conditions,E8 Canine Violation,Sidewalk,10460,2000 VYSE AVENUE,VYSE AVENUE,EAST 178 STREET,EAST 179 STREET,,,ADDRESS,BRONX,,N/A,Closed,,The Department of Sanitation investigated this complaint and found no violation at the location.,02/14/2018 12:00:00 PM,06 BRONX,2031310001,BRONX,1016910,246145,PHONE,Unspecified,BRONX,,,,,,,,40.84222595404329,-73.88196142083514,"(40.84222595404329, -73.88196142083514)"
38458060,02/13/2018 06:56:00 AM,02/13/2018 12:00:00 PM,DSNY,Department of Sanitation,Dirty Conditions,E8 Canine Violation,Sidewalk,11212,638 HOWARD AVENUE,HOWARD AVENUE,EAST NEW YORK AVENUE,SUTTER AVENUE,,,ADDRESS,BROOKLYN,,N/A,Closed,,"The Department of Sanitation has investigated the complaint and addressed the issue. If the problem persists, call 311 to enter a new complaint. If you are outside of New York City, please call (212) NEW-YORK (212-639-9675).",02/13/2018 12:00:00 PM,16 BROOKLYN,3035110064,BROOKLYN,1006553,182109,ONLINE,Unspecified,BROOKLYN,,,,,,,,40.6664957775464,-73.91960569200656,"(40.6664957775464, -73.91960569200656)"
38455551,02/13/2018 06:50:00 AM,02/16/2018 12:00:00 PM,DSNY,Department of Sanitation,Dirty Conditions,E8 Canine Violation,Sidewalk,10459,,,,,SIMPSON STREET,EAST 167 STREET,INTERSECTION,BRONX,,N/A,Closed,,The Department of Sanitation investigated this complaint and found no violation at the location.,02/16/2018 12:00:00 PM,Unspecified BRONX,,BRONX,1013881,240516,ONLINE,Unspecified,BRONX,,,,,,,,40.82678666842819,-73.89293357630528,"(40.82678666842819, -73.89293357630528)"
38455572,02/12/2018 05:12:00 PM,02/13/2018 12:00:00 PM,DSNY,Department of Sanitation,Dirty Conditions,E8 Canine Violation,Sidewalk,10453,,,,,NELSON AVENUE,MACOMBS ROAD,INTERSECTION,BRONX,,N/A,Closed,,The Department of Sanitation investigated this complaint and found no violation at the location.,02/13/2018 12:00:00 PM,Unspecified BRONX,,BRONX,1007450,248558,ONLINE,Unspecified,BRONX,,,,,,,,40.84887884810803,-73.91614303358276,"(40.84887884810803, -73.91614303358276)"
38455570,02/12/2018 02:28:00 PM,02/13/2018 12:00:00 PM,DSNY,Department of Sanitation,Dirty Conditions,E8 Canine Violation,Sidewalk,11214,2702 CROPSEY AVENUE,CROPSEY AVENUE,27 AVENUE,BAY 46 STREET,,,ADDRESS,BROOKLYN,,N/A,Closed,,The Department of Sanitation investigated this complaint and issued a Notice of Violation.,02/13/2018 12:00:00 PM,13 BROOKLYN,3069360080,BROOKLYN,987047,153637,MOBILE,Unspecified,BROOKLYN,,,,,,,,40.58837378196203,-73.9899296151103,"(40.58837378196203, -73.9899296151103)"
38458669,02/12/2018 02:25:00 PM,02/13/2018 12:00:00 PM,DSNY,Department of Sanitation,Dirty Conditions,E8 Canine Violation,Sidewalk,11432,,,,,167 STREET,81 AVENUE,INTERSECTION,Jamaica,,N/A,Closed,,The Department of Sanitation investigated this complaint and found no violation at the location.,02/13/2018 12:00:00 PM,Unspecified QUEENS,,QUEENS,1039547,202156,ONLINE,Unspecified,QUEENS,,,,,,,,40.72137541422263,-73.80050988890443,"(40.72137541422263, -73.80050988890443)"
38458053,02/12/2018 02:25:00 PM,02/13/2018 12:00:00 PM,DSNY,Department of Sanitation,Dirty Conditions,E8 Canine Violation,Sidewalk,11222,77 CLAY STREET,CLAY STREET,MANHATTAN AVENUE,MC GUINNESS BOULEVARD,,,ADDRESS,BROOKLYN,,N/A,Closed,,The Department of Sanitation investigated this complaint and found no violation at the location.,02/13/2018 12:00:00 PM,01 BROOKLYN,3024830062,BROOKLYN,996814,207660,ONLINE,Unspecified,BROOKLYN,,,,,,,,40.73664645088074,-73.95466361397361,"(40.73664645088074, -73.95466361397361)"
38451723,02/12/2018 12:10:00 PM,02/13/2018 12:00:00 PM,DSNY,Department of Sanitation,Dirty Conditions,E8 Canine Violation,Sidewalk,11236,1420 REMSEN AVENUE,REMSEN AVENUE,STILLWELLS PLACE,AVENUE L,,,ADDRESS,BROOKLYN,,N/A,Closed,,The Department of Sanitation investigated this complaint and found no violation at the location.,02/13/2018 12:00:00 PM,18 BROOKLYN,3080550062,BROOKLYN,1011647,171008,ONLINE,Unspecified,BROOKLYN,,,,,,,,40.636011669033614,-73.90128875698198,"(40.636011669033614, -73.90128875698198)"
38450603,02/12/2018 11:28:00 AM,02/12/2018 12:00:00 PM,DSNY,Department of Sanitation,Dirty Conditions,E8 Canine Violation,Sidewalk,10308,,,,,SANDALWOOD DRIVE,CHERRYWOOD COURT,INTERSECTION,STATEN ISLAND,,N/A,Closed,,The Department of Sanitation investigated this complaint and found no violation at the location.,02/12/2018 12:00:00 PM,Unspecified STATEN ISLAND,,STATEN ISLAND,944119,143216,PHONE,Unspecified,STATEN ISLAND,,,,,,,,40.55967981348138,-74.14442660894345,"(40.55967981348138, -74.14442660894345)"
38447200,02/12/2018 10:33:00 AM,02/13/2018 12:00:00 PM,DSNY,Department of Sanitation,Dirty Conditions,E8 Canine Violation,Sidewalk,10472,1145 WARD AVENUE,WARD AVENUE,WATSON AVENUE,WESTCHESTER AVENUE,,,ADDRESS,BRONX,,N/A,Closed,,The Department of Sanitation investigated this complaint and found no violation at the location.,02/13/2018 12:00:00 PM,09 BRONX,2037410058,BRONX,1018287,240765,PHONE,Unspecified,BRONX,,,,,,,,40.82745422178707,-73.87701202409976,"(40.82745422178707, -73.87701202409976)"
38449470,02/12/2018 12:10:00 AM,02/13/2018 12:00:00 PM,DSNY,Department of Sanitation,Dirty Conditions,E8 Canine Violation,Sidewalk,10456,,,,,PROSPECT AVENUE,CROTONA AVENUE,INTERSECTION,BRONX,,N/A,Closed,,The Department of Sanitation investigated this complaint and found no violation at the location.,02/13/2018 12:00:00 PM,Unspecified BRONX,,BRONX,1012762,243267,PHONE,Unspecified,BRONX,,,,,,,,40.83434105241352,-73.89696519076557,"(40.83434105241352, -73.89696519076557)"
38451646,02/11/2018 06:33:00 PM,02/13/2018 12:00:00 PM,DSNY,Department of Sanitation,Dirty Conditions,E8 Canine Violation,Sidewalk,11377,47-15 48 STREET,48 STREET,47 AVENUE,48 AVENUE,,,ADDRESS,Woodside,,N/A,Closed,,The Department of Sanitation investigated this complaint and found no violation at the location.,02/13/2018 12:00:00 PM,02 QUEENS,4022860011,QUEENS,1007160,209064,ONLINE,Unspecified,QUEENS,,,,,,,,40.74047933276942,-73.91732597396795,"(40.74047933276942, -73.91732597396795)"
38453694,02/11/2018 04:37:00 PM,02/12/2018 12:00:00 PM,DSNY,Department of Sanitation,Dirty Conditions,E8 Canine Violation,Sidewalk,11203,570 ALBANY AVENUE,ALBANY AVENUE,MIDWOOD STREET,RUTLAND ROAD,,,ADDRESS,BROOKLYN,,N/A,Closed,,The Department of Sanitation investigated this complaint and found no violation at the location.,02/12/2018 12:00:00 PM,09 BROOKLYN,3048040035,BROOKLYN,1000949,179985,ONLINE,Unspecified,BROOKLYN,,,,,,,,40.66067821255853,-73.93981135335267,"(40.66067821255853, -73.93981135335267)"
38450318,02/11/2018 03:43:00 PM,02/12/2018 12:00:00 PM,DSNY,Department of Sanitation,Dirty Conditions,E8 Canine Violation,Sidewalk,11236,,,,,EAST 89 STREET,DITMAS AVENUE,INTERSECTION,BROOKLYN,,N/A,Closed,,The Department of Sanitation investigated this complaint and found no violation at the location.,02/12/2018 12:00:00 PM,Unspecified BROOKLYN,,BROOKLYN,1007699,175228,PHONE,Unspecified,BROOKLYN,,,,,,,,40.647605989500455,-73.91549870283356,"(40.647605989500455, -73.91549870283356)"
38440962,02/11/2018 12:43:00 PM,02/13/2018 12:00:00 PM,DSNY,Department of Sanitation,Dirty Conditions,E8 Canine Violation,Sidewalk,11367,136-83 72 AVENUE,72 AVENUE,136 STREET,141 STREET,,,ADDRESS,Flushing,,N/A,Closed,,The Department of Sanitation investigated this complaint and found no violation at the location.,02/13/2018 12:00:00 PM,08 QUEENS,4065990055,QUEENS,1032318,203567,PHONE,Unspecified,QUEENS,,,,,,,,40.72529049330416,-73.82657916392375,"(40.72529049330416, -73.82657916392375)"
38442612,02/11/2018 12:06:00 PM,02/13/2018 12:00:00 PM,DSNY,Department of Sanitation,Dirty Conditions,E8 Canine Violation,Sidewalk,11385,,,,,82 STREET,MYRTLE AVENUE,INTERSECTION,Ridgewood,,N/A,Closed,,The Department of Sanitation investigated this complaint and found no violation at the location.,02/13/2018 12:00:00 PM,Unspecified QUEENS,,QUEENS,1021255,195466,ONLINE,Unspecified,QUEENS,,,,,,,,40.70310840625536,-73.86653696892016,"(40.70310840625536, -73.86653696892016)"
38442212,02/11/2018 11:09:00 AM,02/13/2018 12:00:00 PM,DSNY,Department of Sanitation,Dirty Conditions,E8 Canine Violation,Sidewalk,11221,131 WOODBINE STREET,WOODBINE STREET,EVERGREEN AVENUE,CENTRAL AVENUE,,,ADDRESS,BROOKLYN,,N/A,Closed,,"The Department of Sanitation has investigated the complaint and addressed the issue. If the problem persists, call 311 to enter a new complaint. If you are outside of New York City, please call (212) NEW-YORK (212-639-9675).",02/13/2018 12:00:00 PM,04 BROOKLYN,3033500045,BROOKLYN,1007272,191510,ONLINE,Unspecified,BROOKLYN,,,,,,,,40.692297540130625,-73.91698184086798,"(40.692297540130625, -73.91698184086798)"
38440199,02/11/2018 10:50:00 AM,02/14/2018 12:00:00 PM,DSNY,Department of Sanitation,Dirty Conditions,E8 Canine Violation,Sidewalk,10308,259A KATAN AVENUE,KATAN AVENUE,KATAN LOOP,COLON AVENUE,,,ADDRESS,STATEN ISLAND,,N/A,Closed,,The Department of Sanitation investigated this complaint and found no violation at the location.,02/14/2018 12:00:00 PM,03 STATEN ISLAND,5054397501,STATEN ISLAND,941303,140576,ONLINE,Unspecified,STATEN ISLAND,,,,,,,,40.55242033963315,-74.15454426928412,"(40.55242033963315, -74.15454426928412)"
38441789,02/11/2018 07:40:00 AM,02/13/2018 12:00:00 PM,DSNY,Department of Sanitation,Dirty Conditions,E8 Canine Violation,Sidewalk,11377,,,,,59 PLACE,48 AVENUE,INTERSECTION,Woodside,,N/A,Closed,,The Department of Sanitation investigated this complaint and found no violation at the location.,02/13/2018 12:00:00 PM,Unspecified QUEENS,,QUEENS,1010429,208371,ONLINE,Unspecified,QUEENS,,,,,,,,40.73856814843253,-73.90553202339039,"(40.73856814843253, -73.90553202339039)"
38443306,02/11/2018 03:31:00 AM,02/13/2018 12:00:00 PM,DSNY,Department of Sanitation,Dirty Conditions,E8 Canine Violation,Sidewalk,11229,2240 BURNETT STREET,BURNETT STREET,AVENUE U,AVENUE V,,,ADDRESS,BROOKLYN,,N/A,Closed,,The Department of Sanitation investigated this complaint and found no violation at the location.,02/13/2018 12:00:00 PM,15 BROOKLYN,3088190011,BROOKLYN,1002920,158599,ONLINE,Unspecified,BROOKLYN,,,,,,,,40.6019742479744,-73.93276639157727,"(40.6019742479744, -73.93276639157727)"
38442213,02/10/2018 11:35:00 PM,02/13/2018 12:00:00 PM,DSNY,Department of Sanitation,Dirty Conditions,E8 Canine Violation,Sidewalk,11432,82-53 166 STREET,166 STREET,82 ROAD,GRAND CENTRAL PARKWAY,,,ADDRESS,Jamaica,,N/A,Closed,,The Department of Sanitation investigated this complaint and found no violation at the location.,02/13/2018 12:00:00 PM,08 QUEENS,4070460026,QUEENS,1039589,200969,PHONE,Unspecified,QUEENS,,,,,,,,40.718117130865814,-73.8003681288211,"(40.718117130865814, -73.8003681288211)"
38440192,02/10/2018 04:12:00 PM,02/13/2018 12:00:00 PM,DSNY,Department of Sanitation,Dirty Conditions,E8 Canine Violation,Sidewalk,11693,8800 SHORE FRONT PARKWAY,SHORE FRONT PARKWAY,BEACH 84 STREET,BEACH 90 STREET,,,ADDRESS,Far Rockaway,,N/A,Closed,,The Department of Sanitation investigated this complaint and found no violation at the location.,02/13/2018 12:00:00 PM,14 QUEENS,4161310001,QUEENS,1036476,152356,PHONE,Unspecified,QUEENS,,,,,,,,40.58470428443195,-73.81197446338135,"(40.58470428443195, -73.81197446338135)"
38442222,02/10/2018 01:59:00 PM,02/14/2018 12:00:00 PM,DSNY,Department of Sanitation,Dirty Conditions,E8 Canine Violation,Sidewalk,11103,30-36 45 STREET,45 STREET,30 ROAD,31 AVENUE,,,ADDRESS,Astoria,,N/A,Closed,,The Department of Sanitation investigated this complaint and found no violation at the location.,02/14/2018 12:00:00 PM,01 QUEENS,4007130128,QUEENS,1008675,216538,ONLINE,Unspecified,QUEENS,,,,,,,,40.76098950992026,-73.91183173560056,"(40.76098950992026, -73.91183173560056)"
38434990,02/10/2018 12:27:00 PM,02/12/2018 12:00:00 PM,DSNY,Department of Sanitation,Dirty Conditions,E8 Canine Violation,Sidewalk,11218,114 ALBEMARLE ROAD,ALBEMARLE ROAD,MC DONALD AVENUE,EAST 2 STREET,,,ADDRESS,BROOKLYN,,N/A,Closed,,The Department of Sanitation investigated this complaint and found no violation at the location.,02/12/2018 12:00:00 PM,12 BROOKLYN,3053340006,BROOKLYN,989989,174327,ONLINE,Unspecified,BROOKLYN,,,,,,,,40.645162123509614,-73.97931958244115,"(40.645162123509614, -73.97931958244115)"
38435112,02/10/2018 10:47:00 AM,02/10/2018 12:00:00 PM,DSNY,Department of Sanitation,Dirty Conditions,E8 Canine Violation,Sidewalk,11375,,,,,71 AVENUE,WALNUT STREET,INTERSECTION,Forest Hills,,N/A,Closed,,The Department of Sanitation investigated this complaint and found no violation at the location.,02/10/2018 12:00:00 PM,Unspecified QUEENS,,QUEENS,1025458,197402,PHONE,Unspecified,QUEENS,,,,,,,,40.70840368749914,-73.85136651844573,"(40.70840368749914, -73.85136651844573)"
38438309,02/10/2018 09:43:00 AM,02/12/2018 12:00:00 PM,DSNY,Department of Sanitation,Dirty Conditions,E8 Canine Violation,Sidewalk,11355,144-18 BARCLAY AVENUE,BARCLAY AVENUE,PARSONS BOULEVARD,147 STREET,,,ADDRESS,Flushing,,N/A,Closed,,The Department of Sanitation investigated this complaint and found no violation at the location.,02/12/2018 12:00:00 PM,07 QUEENS,4050510013,QUEENS,1033944,216152,PHONE,Unspecified,QUEENS,,,,,,,,40.759824121542415,-73.82061988150939,"(40.759824121542415, -73.82061988150939)"
38427225,02/09/2018 12:12:00 PM,02/10/2018 12:00:00 PM,DSNY,Department of Sanitation,Dirty Conditions,E8 Canine Violation,Sidewalk,11365,159-08 65 AVENUE,65 AVENUE,159 STREET,160 STREET,,,ADDRESS,Fresh Meadows,,N/A,Closed,,The Department of Sanitation investigated this complaint and found no violation at the location.,02/10/2018 12:00:00 PM,08 QUEENS,4067530006,QUEENS,1037093,207822,ONLINE,Unspecified,QUEENS,,,,,,,,40.736942162219236,-73.80931844442854,"(40.736942162219236, -73.80931844442854)"
38428879,02/09/2018 11:57:00 AM,02/10/2018 12:00:00 PM,DSNY,Department of Sanitation,Dirty Conditions,E8 Canine Violation,Sidewalk,11421,85-70 79 STREET,79 STREET,85 DRIVE,86 AVENUE,,,ADDRESS,Woodhaven,,N/A,Closed,,The Department of Sanitation investigated this complaint and found no violation at the location.,02/10/2018 12:00:00 PM,09 QUEENS,4088440033,QUEENS,1021963,192109,PHONE,Unspecified,QUEENS,,,,,,,,40.69389124591224,-73.86400228210105,"(40.69389124591224, -73.86400228210105)"
38426772,02/09/2018 11:50:00 AM,02/10/2018 12:00:00 PM,DSNY,Department of Sanitation,Dirty Conditions,E8 Canine Violation,Sidewalk,11417,103-19 97 STREET,97 STREET,103 AVENUE,LIBERTY AVENUE,,,ADDRESS,Ozone Park,,N/A,Closed,,The Department of Sanitation investigated this complaint and found no violation at the location.,02/10/2018 12:00:00 PM,10 QUEENS,4091200061,QUEENS,1027810,187864,PHONE,Unspecified,QUEENS,,,,,,,,40.68221286640025,-73.84294476894188,"(40.68221286640025, -73.84294476894188)"
38427588,02/09/2018 11:08:00 AM,02/12/2018 12:00:00 PM,DSNY,Department of Sanitation,Dirty Conditions,E8 Canine Violation,Sidewalk,10473,1711 RANDALL AVENUE,RANDALL AVENUE,BEND,ROSEDALE AVENUE,,,ADDRESS,BRONX,,N/A,Closed,,The Department of Sanitation investigated this complaint and found no violation at the location.,02/12/2018 12:00:00 PM,09 BRONX,2035510001,BRONX,1021242,236862,ONLINE,Unspecified,BRONX,,,,,,,,40.816729721569565,-73.8663560739419,"(40.816729721569565, -73.8663560739419)"
38425498,02/09/2018 09:51:00 AM,02/10/2018 12:00:00 PM,DSNY,Department of Sanitation,Dirty Conditions,E8 Canine Violation,Sidewalk,11358,194-01 39 AVENUE,39 AVENUE,194 STREET,195 STREET,,,ADDRESS,Flushing,,N/A,Closed,,The Department of Sanitation investigated this complaint and found no violation at the location.,02/10/2018 12:00:00 PM,11 QUEENS,,QUEENS,1042965,216980,ONLINE,Unspecified,QUEENS,,,,,,,,40.762041456489065,-73.78804972025924,"(40.762041456489065, -73.78804972025924)"
38425616,02/08/2018 06:08:00 PM,02/09/2018 12:00:00 PM,DSNY,Department of Sanitation,Dirty Conditions,E8 Canine Violation,Sidewalk,11420,126-01 LINDEN BOULEVARD,LINDEN BOULEVARD,126 STREET,127 STREET,,,ADDRESS,South Ozone Park,,N/A,Closed,,The Department of Sanitation investigated this complaint and found no violation at the location.,02/09/2018 12:00:00 PM,10 QUEENS,4116310038,QUEENS,1035786,187274,PHONE,Unspecified,QUEENS,,,,,,,,40.68055060938015,-73.81419195663834,"(40.68055060938015, -73.81419195663834)"
38427297,02/08/2018 05:59:00 PM,02/09/2018 12:00:00 PM,DSNY,Department of Sanitation,Dirty Conditions,E8 Canine Violation,Sidewalk,11420,,,,,111 AVENUE,112 STREET,INTERSECTION,South Ozone Park,,N/A,Closed,,The Department of Sanitation investigated this complaint and found no violation at the location.,02/09/2018 12:00:00 PM,Unspecified QUEENS,,QUEENS,1032182,186643,PHONE,Unspecified,QUEENS,,,,,,,,40.67883890999176,-73.82719028175163,"(40.67883890999176, -73.82719028175163)"
38429815,02/08/2018 05:00:00 PM,02/09/2018 12:00:00 PM,DSNY,Department of Sanitation,Dirty Conditions,E8 Canine Violation,Sidewalk,11102,25-62 30 AVENUE,30 AVENUE,27 STREET,29 STREET,,,ADDRESS,Astoria,,N/A,Closed,,The Department of Sanitation investigated this complaint and found no violation at the location.,02/09/2018 12:00:00 PM,01 QUEENS,,QUEENS,1005257,219154,PHONE,Unspecified,QUEENS,,,,,,,,40.768178533883834,-73.92416169583174,"(40.768178533883834, -73.92416169583174)"
38430527,02/08/2018 03:47:00 PM,02/13/2018 12:00:00 PM,DSNY,Department of Sanitation,Dirty Conditions,E8 Canine Violation,Sidewalk,11209,82 STREET,82 STREET,6 AVENUE,7 AVENUE,,,BLOCKFACE,BROOKLYN,,N/A,Closed,,The Department of Sanitation investigated this complaint and found no violation at the location.,02/13/2018 12:00:00 PM,10 BROOKLYN,,BROOKLYN,978137,166133,ONLINE,Unspecified,BROOKLYN,,,,,,,,40.62267108305229,-74.02202069934772,"(40.62267108305229, -74.02202069934772)"
38427587,02/08/2018 01:47:00 PM,02/12/2018 12:00:00 PM,DSNY,Department of Sanitation,Dirty Conditions,E8 Canine Violation,Sidewalk,10301,,,,,MONROE AVENUE,VICTORY BOULEVARD,INTERSECTION,STATEN ISLAND,,N/A,Closed,,The Department of Sanitation investigated this complaint and found no violation at the location.,02/12/2018 12:00:00 PM,Unspecified STATEN ISLAND,,STATEN ISLAND,962383,171825,PHONE,Unspecified,STATEN ISLAND,,,,,,,,40.63826953719542,-74.0787893426549,"(40.63826953719542, -74.0787893426549)"
38416849,02/08/2018 11:36:00 AM,02/14/2018 12:00:00 PM,DSNY,Department of Sanitation,Dirty Conditions,E8 Canine Violation,Sidewalk,10468,2478 GRAND AVENUE,GRAND AVENUE,WEST 188 STREET,WEST 190 STREET,,,ADDRESS,BRONX,,N/A,Closed,,The Department of Sanitation investigated this complaint and found no violation at the location.,02/14/2018 12:00:00 PM,07 BRONX,2032030021,BRONX,1011258,254070,PHONE,Unspecified,BRONX,,,,,,,,40.86399680408593,-73.90235672706959,"(40.86399680408593, -73.90235672706959)"
38421917,02/08/2018 10:33:00 AM,02/09/2018 12:00:00 PM,DSNY,Department of Sanitation,Dirty Conditions,E8 Canine Violation,Sidewalk,11233,359 SUMPTER STREET,SUMPTER STREET,ROCKAWAY AVENUE,MOTHER GASTON BOULEVARD,,,ADDRESS,BROOKLYN,,N/A,Closed,,The Department of Sanitation investigated this complaint and found no violation at the location.,02/09/2018 12:00:00 PM,16 BROOKLYN,3015220066,BROOKLYN,1009113,187434,PHONE,Unspecified,BROOKLYN,,,,,,,,40.68110487921073,-73.91035817445469,"(40.68110487921073, -73.91035817445469)"
38419294,02/08/2018 09:14:00 AM,02/13/2018 12:00:00 PM,DSNY,Department of Sanitation,Dirty Conditions,E8 Canine Violation,Sidewalk,10452,1401 JESUP AVENUE,JESUP AVENUE,EDWARD L GRANT HIGHWAY,JESUP PLACE,,,ADDRESS,BRONX,,N/A,Closed,,The Department of Sanitation investigated this complaint and found no violation at the location.,02/13/2018 12:00:00 PM,04 BRONX,2028720036,BRONX,1006181,245781,PHONE,Unspecified,BRONX,,,,,,,,40.8412600444931,-73.92073894480015,"(40.8412600444931, -73.92073894480015)"
38421918,02/07/2018 04:39:00 PM,02/09/2018 12:00:00 PM,DSNY,Department of Sanitation,Dirty Conditions,E8 Canine Violation,Sidewalk,11224,,,,,SURF AVENUE,MERMAID AVENUE,INTERSECTION,BROOKLYN,,N/A,Closed,,The Department of Sanitation investigated this complaint and found no violation at the location.,02/09/2018 12:00:00 PM,Unspecified BROOKLYN,,BROOKLYN,982809,148594,PHONE,Unspecified,BROOKLYN,,,,,,,,40.57453206859375,-74.00518713528935,"(40.57453206859375, -74.00518713528935)"
38413044,02/07/2018 08:32:00 AM,02/10/2018 12:00:00 PM,DSNY,Department of Sanitation,Dirty Conditions,E8 Canine Violation,Sidewalk,11356,,,,,126 STREET,22 AVENUE,INTERSECTION,College Point,,N/A,Closed,,The Department of Sanitation investigated this complaint and found no violation at the location.,02/10/2018 12:00:00 PM,Unspecified QUEENS,,QUEENS,1027897,223547,PHONE,Unspecified,QUEENS,,,,,,,,40.78015335827651,-73.8423996230969,"(40.78015335827651, -73.8423996230969)"
38407111,02/07/2018 08:04:00 AM,02/12/2018 12:00:00 PM,DSNY,Department of Sanitation,Dirty Conditions,E8 Canine Violation,Sidewalk,10453,,,,,DAVIDSON AVENUE,WEST 183 STREET,INTERSECTION,BRONX,,N/A,Closed,,The Department of Sanitation investigated this complaint and found no violation at the location.,02/12/2018 12:00:00 PM,Unspecified BRONX,,BRONX,1010565,252137,PHONE,Unspecified,BRONX,,,,,,,,40.85869339772661,-73.9048697495031,"(40.85869339772661, -73.9048697495031)"
38413045,02/07/2018 01:16:00 AM,02/08/2018 12:00:00 PM,DSNY,Department of Sanitation,Dirty Conditions,E8 Canine Violation,Sidewalk,10469,2929 COLDEN AVENUE,COLDEN AVENUE,ARNOW AVENUE,ADEE AVENUE,,,ADDRESS,BRONX,,N/A,Closed,,The Department of Sanitation investigated this complaint and found no violation at the location.,02/08/2018 12:00:00 PM,11 BRONX,2045530039,BRONX,1023100,255684,ONLINE,Unspecified,BRONX,,,,,,,,40.86838256516965,-73.85953450145229,"(40.86838256516965, -73.85953450145229)"
38411449,02/06/2018 10:43:00 PM,02/09/2018 12:00:00 PM,DSNY,Department of Sanitation,Dirty Conditions,E8 Canine Violation,Sidewalk,11101,42-61 HUNTER STREET,HUNTER STREET,28 STREET,ED KOCH BR UPPER ROADWAY APPR,,,ADDRESS,Long Island City,,N/A,Closed,,The Department of Sanitation investigated this complaint and found no violation at the location.,02/09/2018 12:00:00 PM,02 QUEENS,4004320041,QUEENS,1000819,212080,ONLINE,Unspecified,QUEENS,,,,,,,,40.74877164924048,-73.94020094505129,"(40.74877164924048, -73.94020094505129)"
38409800,02/06/2018 10:12:00 PM,02/10/2018 12:00:00 PM,DSNY,Department of Sanitation,Dirty Conditions,E8 Canine Violation,Sidewalk,10031,,,,,WEST 146 STREET,BROADWAY,INTERSECTION,NEW YORK,,N/A,Closed,,The Department of Sanitation investigated this complaint and found no violation at the location.,02/10/2018 12:00:00 PM,Unspecified MANHATTAN,,MANHATTAN,998100,240617,PHONE,Unspecified,MANHATTAN,,,,,,,,40.82710272804978,-73.94995522516277,"(40.82710272804978, -73.94995522516277)"
38407488,02/06/2018 09:28:00 PM,02/07/2018 12:00:00 PM,DSNY,Department of Sanitation,Dirty Conditions,E8 Canine Violation,Sidewalk,11211,298 NORTH    6 STREET,NORTH    6 STREET,HAVEMEYER STREET,MEEKER AVENUE,,,ADDRESS,BROOKLYN,,N/A,Closed,,The Department of Sanitation investigated this complaint and found no violation at the location.,02/07/2018 12:00:00 PM,01 BROOKLYN,3023390015,BROOKLYN,997076,199560,ONLINE,Unspecified,BROOKLYN,,,,,,,,40.714413545811816,-73.95373364156487,"(40.714413545811816, -73.95373364156487)"
38413525,02/06/2018 06:55:00 PM,02/07/2018 12:00:00 PM,DSNY,Department of Sanitation,Dirty Conditions,E8 Canine Violation,Sidewalk,11207,363 MILLER AVENUE,MILLER AVENUE,PITKIN AVENUE,BELMONT AVENUE,,,ADDRESS,BROOKLYN,,N/A,Closed,,The Department of Sanitation investigated this complaint and found no violation at the location.,02/07/2018 12:00:00 PM,05 BROOKLYN,,BROOKLYN,1014475,184112,PHONE,Unspecified,BROOKLYN,,,,,,,,40.671970060812825,-73.8910407708503,"(40.671970060812825, -73.8910407708503)"
38407946,02/06/2018 05:16:00 PM,02/08/2018 12:00:00 PM,DSNY,Department of Sanitation,Dirty Conditions,E8 Canine Violation,Sidewalk,10457,,,,,BELMONT AVENUE,EAST 179 STREET,INTERSECTION,BRONX,,N/A,Closed,,The Department of Sanitation investigated this complaint and found no violation at the location.,02/08/2018 12:00:00 PM,Unspecified BRONX,,BRONX,1014444,247969,PHONE,Unspecified,BRONX,,,,,,,,40.84724107129996,-73.89086572534552,"(40.84724107129996, -73.89086572534552)"
38411363,02/06/2018 02:31:00 PM,02/09/2018 12:00:00 PM,DSNY,Department of Sanitation,Dirty Conditions,E8 Canine Violation,Sidewalk,11385,1647 HANCOCK STREET,HANCOCK STREET,WYCKOFF AVENUE,CYPRESS AVENUE,,,ADDRESS,Ridgewood,,N/A,Closed,,The Department of Sanitation investigated this complaint and found no violation at the location.,02/09/2018 12:00:00 PM,05 QUEENS,4035480080,QUEENS,1010352,193657,PHONE,Unspecified,QUEENS,,,,,,,,40.69818200570698,-73.9058669384391,"(40.69818200570698, -73.9058669384391)"
38400394,02/06/2018 01:20:00 PM,02/08/2018 12:00:00 PM,DSNY,Department of Sanitation,Dirty Conditions,E8 Canine Violation,Sidewalk,10460,939 EAST  181 STREET,EAST  181 STREET,DALY AVENUE,VYSE AVENUE,,,ADDRESS,BRONX,,N/A,Closed,,The Department of Sanitation investigated this complaint and found no violation at the location.,02/08/2018 12:00:00 PM,06 BRONX,2031290134,BRONX,1017332,247177,PHONE,Unspecified,BRONX,,,,,,,,40.84505691831183,-73.8804311545919,"(40.84505691831183, -73.8804311545919)"
38399282,02/06/2018 12:58:00 PM,02/12/2018 12:00:00 PM,DSNY,Department of Sanitation,Dirty Conditions,E8 Canine Violation,Sidewalk,10312,633 ILYSSA WAY,ILYSSA WAY,EMILY LANE,ARTHUR KILL ROAD,,,ADDRESS,STATEN ISLAND,,N/A,Closed,,The Department of Sanitation investigated this complaint and found no violation at the location.,02/12/2018 12:00:00 PM,03 STATEN ISLAND,5057430049,STATEN ISLAND,932304,144201,PHONE,Unspecified,STATEN ISLAND,,,,,,,,40.562322102523346,-74.18695481435611,"(40.562322102523346, -74.18695481435611)"
38399311,02/06/2018 12:04:00 PM,02/08/2018 12:00:00 PM,DSNY,Department of Sanitation,Dirty Conditions,E8 Canine Violation,Sidewalk,11235,,,,,BRIGHTON 12 STREET,OCEANVIEW AVENUE,INTERSECTION,BROOKLYN,,N/A,Closed,,The Department of Sanitation investigated this complaint and found no violation at the location.,02/08/2018 12:00:00 PM,Unspecified BROOKLYN,,BROOKLYN,996287,150541,PHONE,Unspecified,BROOKLYN,,,,,,,,40.579868145752705,-73.95666721830213,"(40.579868145752705, -73.95666721830213)"
38403819,02/06/2018 10:40:00 AM,02/08/2018 12:00:00 PM,DSNY,Department of Sanitation,Dirty Conditions,E8 Canine Violation,Sidewalk,11209,305 90 STREET,90 STREET,3 AVENUE,FOREST PLACE,,,ADDRESS,BROOKLYN,,N/A,Closed,,The Department of Sanitation investigated this complaint and found no violation at the location.,02/08/2018 12:00:00 PM,10 BROOKLYN,3060640001,BROOKLYN,975452,165481,ONLINE,Unspecified,BROOKLYN,,,,,,,,40.620879219703085,-74.03169195387957,"(40.620879219703085, -74.03169195387957)"
38404876,02/06/2018 10:38:00 AM,02/10/2018 12:00:00 PM,DSNY,Department of Sanitation,Dirty Conditions,E8 Canine Violation,Sidewalk,10023,,,,,WEST END AVENUE,WEST 64 STREET,INTERSECTION,NEW YORK,,N/A,Closed,,The Department of Sanitation investigated this complaint and found no violation at the location.,02/10/2018 12:00:00 PM,Unspecified MANHATTAN,,MANHATTAN,987525,221534,PHONE,Unspecified,MANHATTAN,,,,,,,,40.77473536544984,-73.98817561427168,"(40.77473536544984, -73.98817561427168)"
38402579,02/06/2018 10:21:00 AM,02/07/2018 12:00:00 PM,DSNY,Department of Sanitation,Dirty Conditions,E8 Canine Violation,Sidewalk,11203,365 EAST   54 STREET,EAST   54 STREET,SNYDER AVENUE,TILDEN AVENUE,,,ADDRESS,BROOKLYN,,N/A,Closed,,The Department of Sanitation investigated this complaint and found no violation at the location.,02/07/2018 12:00:00 PM,17 BROOKLYN,3047260062,BROOKLYN,1004718,175974,PHONE,Unspecified,BROOKLYN,,,,,,,,40.64966098843754,-73.92623882642347,"(40.64966098843754, -73.92623882642347)"
38402608,02/06/2018 10:01:00 AM,02/08/2018 12:00:00 PM,DSNY,Department of Sanitation,Dirty Conditions,E8 Canine Violation,Sidewalk,11204,1379 WEST    7 STREET,WEST    7 STREET,BAY PARKWAY,AVENUE O,,,ADDRESS,BROOKLYN,,N/A,Closed,,The Department of Sanitation investigated this complaint and found no violation at the location.,02/08/2018 12:00:00 PM,11 BROOKLYN,3065787502,BROOKLYN,989388,162341,PHONE,Unspecified,BROOKLYN,,,,,,,,40.61226344903863,-73.98149440317407,"(40.61226344903863, -73.98149440317407)"
38398202,02/06/2018 09:44:00 AM,02/12/2018 12:00:00 PM,DSNY,Department of Sanitation,Dirty Conditions,E8 Canine Violation,Sidewalk,11203,1448 SCHENECTADY AVENUE,SCHENECTADY AVENUE,FOSTER AVENUE,FARRAGUT ROAD,,,ADDRESS,BROOKLYN,,N/A,Closed,,The Department of Sanitation investigated this complaint and found no violation at the location.,02/12/2018 12:00:00 PM,17 BROOKLYN,3049930044,BROOKLYN,1003175,171588,PHONE,Unspecified,BROOKLYN,,,,,,,,40.637625797581414,-73.93181168541713,"(40.637625797581414, -73.93181168541713)"
38398203,02/06/2018 09:24:00 AM,02/07/2018 12:00:00 PM,DSNY,Department of Sanitation,Dirty Conditions,E8 Canine Violation,Sidewalk,11374,99-12 65 ROAD,65 ROAD,99 STREET,102 STREET,,,ADDRESS,Rego Park,,N/A,Closed,,The Department of Sanitation investigated this complaint and found no violation at the location.,02/07/2018 12:00:00 PM,06 QUEENS,4021160006,QUEENS,1024505,204939,PHONE,Unspecified,QUEENS,,,,,,,,40.729095298957475,-73.85475882110627,"(40.729095298957475, -73.85475882110627)"
38404888,02/06/2018 09:01:00 AM,02/10/2018 12:00:00 PM,DSNY,Department of Sanitation,Dirty Conditions,E8 Canine Violation,Sidewalk,10011,110 5 AVENUE,5 AVENUE,EAST 16 STREET,EAST 17 STREET,,,ADDRESS,NEW YORK,,N/A,Closed,,The Department of Sanitation investigated this complaint and found no violation at the location.,02/10/2018 12:00:00 PM,05 MANHATTAN,1008180041,MANHATTAN,986301,207940,PHONE,Unspecified,MANHATTAN,,,,,,,,40.73742366778819,-73.99259901238949,"(40.73742366778819, -73.99259901238949)"
38402550,02/06/2018 03:39:00 AM,02/07/2018 12:00:00 PM,DSNY,Department of Sanitation,Dirty Conditions,E8 Canine Violation,Sidewalk,11372,34-20 91 STREET,91 STREET,34 AVENUE,35 AVENUE,,,ADDRESS,Jackson Heights,,N/A,Closed,,The Department of Sanitation investigated this complaint and found no violation at the location.,02/07/2018 12:00:00 PM,03 QUEENS,,QUEENS,1018447,214005,ONLINE,Unspecified,QUEENS,,,,,,,,40.75400468161018,-73.87657013411105,"(40.75400468161018, -73.87657013411105)"
38398265,02/05/2018 05:03:00 PM,02/06/2018 12:00:00 PM,DSNY,Department of Sanitation,Dirty Conditions,E8 Canine Violation,Sidewalk,10314,,,,,NEHRING AVENUE,TRAVIS AVENUE,INTERSECTION,STATEN ISLAND,,N/A,Closed,,The Department of Sanitation investigated this complaint and found no violation at the location.,02/06/2018 12:00:00 PM,Unspecified STATEN ISLAND,,STATEN ISLAND,940670,154266,PHONE,Unspecified,STATEN ISLAND,,,,,,,,40.589993568114124,-74.156910351245,"(40.589993568114124, -74.156910351245)"
38406282,02/05/2018 03:51:00 PM,02/06/2018 12:00:00 PM,DSNY,Department of Sanitation,Dirty Conditions,E8 Canine Violation,Sidewalk,10314,81 WYONA AVENUE,WYONA AVENUE,WOODBINE AVENUE,WILLOW ROAD EAST,,,ADDRESS,STATEN ISLAND,,N/A,Closed,,The Department of Sanitation investigated this complaint and found no violation at the location.,02/06/2018 12:00:00 PM,01 STATEN ISLAND,5015240001,STATEN ISLAND,942608,161694,PHONE,Unspecified,STATEN ISLAND,,,,,,,,40.61039120930246,-74.14997836159735,"(40.61039120930246, -74.14997836159735)"
38402609,02/05/2018 03:23:00 PM,02/09/2018 12:00:00 PM,DSNY,Department of Sanitation,Dirty Conditions,E8 Canine Violation,Sidewalk,11207,162 COVERT STREET,COVERT STREET,CENTRAL AVENUE,WILSON AVENUE,,,ADDRESS,BROOKLYN,,N/A,Closed,,The Department of Sanitation investigated this complaint and found no violation at the location.,02/09/2018 12:00:00 PM,04 BROOKLYN,3034230013,BROOKLYN,1009422,190464,MOBILE,Unspecified,BROOKLYN,,,,,,,,40.68942065884054,-73.90923277734696,"(40.68942065884054, -73.90923277734696)"
38400435,02/05/2018 03:05:00 PM,02/10/2018 12:00:00 PM,DSNY,Department of Sanitation,Dirty Conditions,E8 Canine Violation,Sidewalk,10037,,,,,5 AVENUE,WEST 139 STREET,INTERSECTION,NEW YORK,,N/A,Closed,,The Department of Sanitation investigated this complaint and found no violation at the location.,02/10/2018 12:00:00 PM,Unspecified MANHATTAN,,MANHATTAN,1002033,236329,PHONE,Unspecified,MANHATTAN,,,,,,,,40.81532633963432,-73.93575532243506,"(40.81532633963432, -73.93575532243506)"
38406001,02/05/2018 02:02:00 PM,02/07/2018 12:00:00 PM,DSNY,Department of Sanitation,Dirty Conditions,E8 Canine Violation,Sidewalk,11375,65-20 GRAND CENTRAL PARKWAY,GRAND CENTRAL PARKWAY,65 AVENUE,66 AVENUE,,,ADDRESS,Forest Hills,,N/A,Closed,,The Department of Sanitation investigated this complaint and found no violation at the location.,02/07/2018 12:00:00 PM,06 QUEENS,4021860038,QUEENS,1027442,206227,PHONE,Unspecified,QUEENS,,,,,,,,40.7326166841298,-73.84415379578903,"(40.7326166841298, -73.84415379578903)"
38402551,02/05/2018 01:46:00 PM,02/05/2018 01:46:00 PM,DSNY,Department of Sanitation,Dirty Conditions,E8 Canine Violation,Sidewalk,10040,76 ELLWOOD STREET,ELLWOOD STREET,WEST 196 STREET,SHERMAN AVENUE,,,ADDRESS,NEW YORK,,N/A,Closed,,The Department of Sanitation investigated this complaint and found no violation at the location.,02/05/2018 01:46:00 PM,12 MANHATTAN,1021720049,MANHATTAN,1003876,253042,ONLINE,Unspecified,MANHATTAN,,,,,,,,40.861194753900826,-73.92904820994629,"(40.861194753900826, -73.92904820994629)"
38393592,02/05/2018 01:39:00 PM,02/08/2018 12:00:00 PM,DSNY,Department of Sanitation,Dirty Conditions,E8 Canine Violation,Sidewalk,10462,1754 CASTLE HILL AVENUE,CASTLE HILL AVENUE,ZEREGA AVENUE,BRONXDALE AVENUE,,,ADDRESS,BRONX,,N/A,Closed,,The Department of Sanitation investigated this complaint and found no violation at the location.,02/08/2018 12:00:00 PM,10 BRONX,2039980002,BRONX,1024887,245836,PHONE,Unspecified,BRONX,,,,,,,,40.841344734273726,-73.8531331599065,"(40.841344734273726, -73.8531331599065)"
38395806,02/05/2018 10:46:00 AM,02/13/2018 12:00:00 PM,DSNY,Department of Sanitation,Dirty Conditions,E8 Canine Violation,Sidewalk,10034,10 COOPER STREET,COOPER STREET,ACADEMY STREET,WEST 204 STREET,,,ADDRESS,NEW YORK,,N/A,Closed,,The Department of Sanitation investigated this complaint and found no violation at the location.,02/13/2018 12:00:00 PM,12 MANHATTAN,1022390031,MANHATTAN,1005002,255281,ONLINE,Unspecified,MANHATTAN,,,,,,,,40.86733755367586,-73.92497057077335,"(40.86733755367586, -73.92497057077335)"
38395699,02/05/2018 10:42:00 AM,02/05/2018 12:00:00 PM,DSNY,Department of Sanitation,Dirty Conditions,E8 Canine Violation,Sidewalk,11233,816 HERKIMER STREET,HERKIMER STREET,SUYDAM PLACE,BUFFALO AVENUE,,,ADDRESS,BROOKLYN,,N/A,Closed,,The Department of Sanitation investigated this complaint and found no violation at the location.,02/05/2018 12:00:00 PM,03 BROOKLYN,3017100009,BROOKLYN,1004660,186432,ONLINE,Unspecified,BROOKLYN,,,,,,,,40.67836600502026,-73.92641618405882,"(40.67836600502026, -73.92641618405882)"
38391390,02/04/2018 04:33:00 PM,02/05/2018 12:00:00 PM,DSNY,Department of Sanitation,Dirty Conditions,E8 Canine Violation,Sidewalk,10460,1444 BEACH AVENUE,BEACH AVENUE,GUION PLACE,MERRILL STREET,,,ADDRESS,BRONX,,N/A,Closed,,The Department of Sanitation investigated this complaint and found no violation at the location.,02/05/2018 12:00:00 PM,09 BRONX,2038990016,BRONX,1021039,244033,ONLINE,Unspecified,BRONX,,,,,,,,40.83641289836865,-73.86705014654596,"(40.83641289836865, -73.86705014654596)"
38393610,02/04/2018 03:44:00 PM,02/07/2018 12:00:00 PM,DSNY,Department of Sanitation,Dirty Conditions,E8 Canine Violation,Sidewalk,11369,,,,,96 STREET,32 AVENUE,INTERSECTION,East Elmhurst,,N/A,Closed,,The Department of Sanitation investigated this complaint and found no violation at the location.,02/07/2018 12:00:00 PM,Unspecified QUEENS,,QUEENS,1019558,215751,PHONE,Unspecified,QUEENS,,,,,,,,40.75879263495169,-73.87255095280453,"(40.75879263495169, -73.87255095280453)"
38389473,02/04/2018 02:33:00 PM,02/06/2018 12:00:00 PM,DSNY,Department of Sanitation,Dirty Conditions,E8 Canine Violation,Sidewalk,10312,,,,,BRANDIS AVENUE,DRUMGOOLE ROAD EAST,INTERSECTION,STATEN ISLAND,,N/A,Closed,,The Department of Sanitation investigated this complaint and found no violation at the location.,02/06/2018 12:00:00 PM,Unspecified STATEN ISLAND,,STATEN ISLAND,936169,142584,ONLINE,Unspecified,STATEN ISLAND,,,,,,,,40.557905556858074,-74.17303313502867,"(40.557905556858074, -74.17303313502867)"
38387143,02/04/2018 12:12:00 PM,02/04/2018 12:12:00 PM,DSNY,Department of Sanitation,Dirty Conditions,E8 Canine Violation,Sidewalk,11238,365 LINCOLN PLACE,LINCOLN PLACE,UNDERHILL AVENUE,WASHINGTON AVENUE,,,ADDRESS,BROOKLYN,,N/A,Closed,,The Department of Sanitation investigated this complaint and found no violation at the location.,02/04/2018 12:12:00 PM,08 BROOKLYN,3011760054,BROOKLYN,994226,184487,PHONE,Unspecified,BROOKLYN,,,,,,,,40.67304532692255,-73.96403657420483,"(40.67304532692255, -73.96403657420483)"
38387144,02/04/2018 11:58:00 AM,02/06/2018 12:00:00 PM,DSNY,Department of Sanitation,Dirty Conditions,E8 Canine Violation,Sidewalk,10306,,,,,BLYTHE PLACE,DINA COURT,INTERSECTION,STATEN ISLAND,,N/A,Closed,,The Department of Sanitation investigated this complaint and found no violation at the location.,02/06/2018 12:00:00 PM,Unspecified STATEN ISLAND,,STATEN ISLAND,945424,144612,PHONE,Unspecified,STATEN ISLAND,,,,,,,,40.563517369077324,-74.13973809459178,"(40.563517369077324, -74.13973809459178)"
38387130,02/04/2018 10:37:00 AM,02/14/2018 12:00:00 PM,DSNY,Department of Sanitation,Dirty Conditions,E8 Canine Violation,Sidewalk,10040,40 THAYER STREET,THAYER STREET,NAGLE AVENUE,SHERMAN AVENUE,,,ADDRESS,NEW YORK,,N/A,Closed,,The Department of Sanitation investigated this complaint and found no violation at the location.,02/14/2018 12:00:00 PM,12 MANHATTAN,1021740211,MANHATTAN,1004578,253541,PHONE,Unspecified,MANHATTAN,,,,,,,,40.86256276936047,-73.92650883171258,"(40.86256276936047, -73.92650883171258)"
38386408,02/04/2018 10:37:00 AM,02/04/2018 12:00:00 PM,DSNY,Department of Sanitation,Dirty Conditions,E8 Canine Violation,Sidewalk,10040,72 ELLWOOD STREET,ELLWOOD STREET,WEST 196 STREET,SHERMAN AVENUE,,,ADDRESS,NEW YORK,,N/A,Closed,,The Department of Sanitation investigated this complaint and found no violation at the location.,02/04/2018 12:00:00 PM,12 MANHATTAN,1021720049,MANHATTAN,1003893,253007,ONLINE,Unspecified,MANHATTAN,,,,,,,,40.86109865166622,-73.9289868542581,"(40.86109865166622, -73.9289868542581)"
38385078,02/04/2018 08:03:00 AM,02/05/2018 12:00:00 PM,DSNY,Department of Sanitation,Dirty Conditions,E8 Canine Violation,Sidewalk,10467,664 THWAITES PLACE,THWAITES PLACE,BARKER AVENUE,OLINVILLE AVENUE,,,ADDRESS,BRONX,,N/A,Closed,,The Department of Sanitation investigated this complaint and found no violation at the location.,02/05/2018 12:00:00 PM,11 BRONX,2043380012,BRONX,1020499,252202,PHONE,Unspecified,BRONX,,,,,,,,40.858836603380695,-73.86895745833976,"(40.858836603380695, -73.86895745833976)"
38386409,02/03/2018 01:58:00 PM,02/03/2018 01:58:00 PM,DSNY,Department of Sanitation,Dirty Conditions,E8 Canine Violation,Sidewalk,10029,420 EAST  110 STREET,EAST  110 STREET,1 AVENUE,UNNAMED STREET,,,ADDRESS,NEW YORK,,N/A,Closed,,The Department of Sanitation investigated this complaint and found no violation at the location.,02/03/2018 01:58:00 PM,11 MANHATTAN,,MANHATTAN,1001570,227777,ONLINE,Unspecified,MANHATTAN,,,,,,,,40.7918543742526,-73.93745006439087,"(40.7918543742526, -73.93745006439087)"
38375441,02/03/2018 11:59:00 AM,02/06/2018 12:00:00 PM,DSNY,Department of Sanitation,Dirty Conditions,E8 Canine Violation,Sidewalk,10314,,,,,DREYER AVENUE,HAWTHORNE AVENUE,INTERSECTION,STATEN ISLAND,,N/A,Closed,,The Department of Sanitation investigated this complaint and found no violation at the location.,02/06/2018 12:00:00 PM,Unspecified STATEN ISLAND,,STATEN ISLAND,942679,160593,PHONE,Unspecified,STATEN ISLAND,,,,,,,,40.60736952784784,-74.14971587021166,"(40.60736952784784, -74.14971587021166)"
38382716,02/02/2018 06:56:00 PM,02/02/2018 06:56:00 PM,DSNY,Department of Sanitation,Dirty Conditions,E8 Canine Violation,Sidewalk,10454,395 BROOK AVENUE,BROOK AVENUE,EAST 143 STREET,EAST 144 STREET,,,ADDRESS,BRONX,,N/A,Closed,,The Department of Sanitation investigated this complaint and found no violation at the location.,02/02/2018 06:56:00 PM,01 BRONX,2022880057,BRONX,1007226,234905,ONLINE,Unspecified,BRONX,,,,,,,,40.811405878755046,-73.91699944605155,"(40.811405878755046, -73.91699944605155)"
38381433,02/02/2018 05:29:00 PM,02/03/2018 12:00:00 PM,DSNY,Department of Sanitation,Dirty Conditions,E8 Canine Violation,Sidewalk,11225,,,,,BEDFORD AVENUE,MIDWOOD STREET,INTERSECTION,BROOKLYN,,N/A,Closed,,The Department of Sanitation investigated this complaint and found no violation at the location.,02/03/2018 12:00:00 PM,Unspecified BROOKLYN,,BROOKLYN,996236,179636,ONLINE,Unspecified,BROOKLYN,,,,,,,,40.65972791876567,-73.95679916077705,"(40.65972791876567, -73.95679916077705)"
38382707,02/02/2018 03:43:00 PM,02/02/2018 03:43:00 PM,DSNY,Department of Sanitation,Dirty Conditions,E8 Canine Violation,Sidewalk,11207,191 MALTA STREET,MALTA STREET,DE WITT AVENUE,STANLEY AVENUE,,,ADDRESS,BROOKLYN,,N/A,Closed,,The Department of Sanitation investigated this complaint and found no violation at the location.,02/02/2018 03:43:00 PM,05 BROOKLYN,3043430048,BROOKLYN,1013888,178368,PHONE,Unspecified,BROOKLYN,,,,,,,,40.6562060498832,-73.89318211715253,"(40.6562060498832, -73.89318211715253)"
38379132,02/02/2018 03:09:00 PM,02/03/2018 12:00:00 PM,DSNY,Department of Sanitation,Dirty Conditions,E8 Canine Violation,Sidewalk,11217,128 BERKELEY PLACE,BERKELEY PLACE,6 AVENUE,7 AVENUE,,,ADDRESS,BROOKLYN,,N/A,Closed,,The Department of Sanitation investigated this complaint and found no violation at the location.,02/03/2018 12:00:00 PM,06 BROOKLYN,3009540024,BROOKLYN,990833,185406,ONLINE,Unspecified,BROOKLYN,,,,,,,,40.6755709484312,-73.97626742243304,"(40.6755709484312, -73.97626742243304)"
38379104,02/02/2018 02:43:00 PM,02/06/2018 12:00:00 PM,DSNY,Department of Sanitation,Dirty Conditions,E8 Canine Violation,Sidewalk,11231,,,,,HENRY STREET,1 PLACE,INTERSECTION,BROOKLYN,,N/A,Closed,,The Department of Sanitation investigated this complaint and found no violation at the location.,02/06/2018 12:00:00 PM,Unspecified BROOKLYN,,BROOKLYN,984047,187524,PHONE,Unspecified,BROOKLYN,,,,,,,,40.68138682450835,-74.00073190541555,"(40.68138682450835, -74.00073190541555)"
38368647,02/02/2018 12:36:00 PM,02/02/2018 12:36:00 PM,DSNY,Department of Sanitation,Dirty Conditions,E8 Canine Violation,Sidewalk,11235,,,,,BRIGHAM STREET,EMMONS AVENUE,INTERSECTION,BROOKLYN,,N/A,Closed,,The Department of Sanitation investigated this complaint and found no violation at the location.,02/02/2018 12:36:00 PM,Unspecified BROOKLYN,,BROOKLYN,1003126,152136,PHONE,Unspecified,BROOKLYN,,,,,,,,40.58423417971213,-73.93204260949086,"(40.58423417971213, -73.93204260949086)"
38371129,02/02/2018 11:03:00 AM,02/02/2018 12:00:00 PM,DSNY,Department of Sanitation,Dirty Conditions,E8 Canine Violation,Sidewalk,10452,,,,,EAST MOUNT EDEN AVENUE,GRAND CONCOURSE,INTERSECTION,BRONX,,N/A,Closed,,The Department of Sanitation investigated this complaint and found no violation at the location.,02/02/2018 12:00:00 PM,Unspecified BRONX,,BRONX,1008613,246481,PHONE,Unspecified,BRONX,,,,,,,,40.84317496421008,-73.91194689088798,"(40.84317496421008, -73.91194689088798)"
38373654,02/02/2018 10:19:00 AM,02/10/2018 12:00:00 PM,DSNY,Department of Sanitation,Dirty Conditions,E8 Canine Violation,Sidewalk,10069,,,,,FREEDOM PLACE SOUTH,WEST 61 STREET,INTERSECTION,NEW YORK,,N/A,Closed,,The Department of Sanitation investigated this complaint and found no violation at the location.,02/10/2018 12:00:00 PM,Unspecified MANHATTAN,,MANHATTAN,986856,221011,PHONE,Unspecified,MANHATTAN,,,,,,,,40.77330009004308,-73.99059124120888,"(40.77330009004308, -73.99059124120888)"
38371134,02/02/2018 09:49:00 AM,02/02/2018 12:00:00 PM,DSNY,Department of Sanitation,Dirty Conditions,E8 Canine Violation,Sidewalk,11102,25-63 22 STREET,22 STREET,25 ROAD,ASTORIA BOULEVARD,,,ADDRESS,Astoria,,N/A,Closed,,The Department of Sanitation investigated this complaint and found no violation at the location.,02/02/2018 12:00:00 PM,01 QUEENS,4008840012,QUEENS,1005140,220797,PHONE,Unspecified,QUEENS,,,,,,,,40.772688416393216,-73.92457897554225,"(40.772688416393216, -73.92457897554225)"
38371061,02/02/2018 09:31:00 AM,02/02/2018 12:00:00 PM,DSNY,Department of Sanitation,Dirty Conditions,E8 Canine Violation,Sidewalk,11236,1475 EAST   99 STREET,EAST   99 STREET,AVENUE N,SEAVIEW AVENUE,,,ADDRESS,BROOKLYN,,N/A,Closed,,The Department of Sanitation investigated this complaint and found no violation at the location.,02/02/2018 12:00:00 PM,18 BROOKLYN,3083020013,BROOKLYN,1015175,170757,ONLINE,Unspecified,BROOKLYN,,,,,,,,40.63531111316075,-73.88857855527846,"(40.63531111316075, -73.88857855527846)"
38368606,02/02/2018 08:19:00 AM,02/05/2018 12:00:00 PM,DSNY,Department of Sanitation,Dirty Conditions,E8 Canine Violation,Sidewalk,11213,1690 UNION STREET,UNION STREET,SCHENECTADY AVENUE,UTICA AVENUE,,,ADDRESS,BROOKLYN,,N/A,Closed,,The Department of Sanitation investigated this complaint and found no violation at the location.,02/05/2018 12:00:00 PM,09 BROOKLYN,3014020024,BROOKLYN,1002981,182612,ONLINE,Unspecified,BROOKLYN,,,,,,,,40.66788467777788,-73.9324800664722,"(40.66788467777788, -73.9324800664722)"
38369428,02/01/2018 03:13:00 PM,02/01/2018 03:13:00 PM,DSNY,Department of Sanitation,Dirty Conditions,E8 Canine Violation,Sidewalk,11229,2240 BURNETT STREET,BURNETT STREET,AVENUE U,AVENUE V,,,ADDRESS,BROOKLYN,,N/A,Closed,,The Department of Sanitation investigated this complaint and found no violation at the location.,02/01/2018 03:13:00 PM,15 BROOKLYN,3088190011,BROOKLYN,1002920,158599,ONLINE,Unspecified,BROOKLYN,,,,,,,,40.6019742479744,-73.93276639157727,"(40.6019742479744, -73.93276639157727)"
38369396,02/01/2018 02:22:00 PM,02/06/2018 12:00:00 PM,DSNY,Department of Sanitation,Dirty Conditions,E8 Canine Violation,Sidewalk,10306,54 DINA COURT,DINA COURT,BEND,BLYTHE PLACE,,,ADDRESS,STATEN ISLAND,,N/A,Closed,,The Department of Sanitation investigated this complaint and found no violation at the location.,02/06/2018 12:00:00 PM,03 STATEN ISLAND,5044760036,STATEN ISLAND,945485,144789,PHONE,Unspecified,STATEN ISLAND,,,,,,,,40.564003466109575,-74.13951956538128,"(40.564003466109575, -74.13951956538128)"
38365684,02/01/2018 01:43:00 PM,02/01/2018 01:43:00 PM,DSNY,Department of Sanitation,Dirty Conditions,E8 Canine Violation,Sidewalk,11385,,,,,65 STREET,CENTRAL AVENUE,INTERSECTION,Ridgewood,,N/A,Closed,,The Department of Sanitation investigated this complaint and found no violation at the location.,02/01/2018 01:43:00 PM,Unspecified QUEENS,,QUEENS,1014548,195175,PHONE,Unspecified,QUEENS,,,,,,,,40.70233518649096,-73.8907278611159,"(40.70233518649096, -73.8907278611159)"
38360226,02/01/2018 01:41:00 PM,02/01/2018 01:41:00 PM,DSNY,Department of Sanitation,Dirty Conditions,E8 Canine Violation,Sidewalk,11385,,,,,CENTRAL AVENUE,65 PLACE,INTERSECTION,Ridgewood,,N/A,Closed,,The Department of Sanitation investigated this complaint and found no violation at the location.,02/01/2018 01:41:00 PM,Unspecified QUEENS,,QUEENS,1014797,195253,PHONE,Unspecified,QUEENS,,,,,,,,40.70254842196744,-73.8898294700137,"(40.70254842196744, -73.8898294700137)"
38361005,02/01/2018 11:58:00 AM,02/07/2018 12:00:00 PM,DSNY,Department of Sanitation,Dirty Conditions,E8 Canine Violation,Sidewalk,11416,88-12 102 ROAD,102 ROAD,88 STREET,89 STREET,,,ADDRESS,Ozone Park,,N/A,Closed,,The Department of Sanitation investigated this complaint and found no violation at the location.,02/07/2018 12:00:00 PM,09 QUEENS,4090920005,QUEENS,1025544,187524,PHONE,Unspecified,QUEENS,,,,,,,,40.681290506377835,-73.85111688114591,"(40.681290506377835, -73.85111688114591)"
38366227,02/01/2018 10:09:00 AM,02/13/2018 12:00:00 PM,DSNY,Department of Sanitation,Dirty Conditions,E8 Canine Violation,Sidewalk,10033,,,,,WEST 176 STREET,AUDUBON AVENUE,INTERSECTION,NEW YORK,,N/A,Closed,,The Department of Sanitation investigated this complaint and found no violation at the location.,02/13/2018 12:00:00 PM,Unspecified MANHATTAN,,MANHATTAN,1002321,247330,PHONE,Unspecified,MANHATTAN,,,,,,,,40.84552033756847,-73.93468523101977,"(40.84552033756847, -73.93468523101977)"
38365686,02/01/2018 09:43:00 AM,02/01/2018 12:00:00 PM,DSNY,Department of Sanitation,Dirty Conditions,E8 Canine Violation,Sidewalk,10452,,,,,GRANDVIEW PLACE,EAST 168 STREET,INTERSECTION,BRONX,,N/A,Closed,,The Department of Sanitation investigated this complaint and found no violation at the location.,02/01/2018 12:00:00 PM,Unspecified BRONX,,BRONX,1007098,243904,PHONE,Unspecified,BRONX,,,,,,,,40.83610590211243,-73.91743120175903,"(40.83610590211243, -73.91743120175903)"
38365396,02/01/2018 08:49:00 AM,02/05/2018 12:00:00 PM,DSNY,Department of Sanitation,Dirty Conditions,E8 Canine Violation,Sidewalk,10472,1966 NEWBOLD AVENUE,NEWBOLD AVENUE,DEAD END,,,,ADDRESS,BRONX,,N/A,Closed,,The Department of Sanitation investigated this complaint and found no violation at the location.,02/05/2018 12:00:00 PM,09 BRONX,2037940013,BRONX,1023182,242536,PHONE,Unspecified,BRONX,,,,,,,,40.83229488333874,-73.85931437188688,"(40.83229488333874, -73.85931437188688)"
38360215,02/01/2018 06:42:00 AM,02/01/2018 12:00:00 PM,DSNY,Department of Sanitation,Dirty Conditions,E8 Canine Violation,Sidewalk,11233,119 CHAUNCEY STREET,CHAUNCEY STREET,STUYVESANT AVENUE,MALCOLM X BOULEVARD,,,ADDRESS,BROOKLYN,,N/A,Closed,,The Department of Sanitation investigated this complaint and found no violation at the location.,02/01/2018 12:00:00 PM,03 BROOKLYN,3016860072,BROOKLYN,1003466,187124,ONLINE,Unspecified,BROOKLYN,,,,,,,,40.68026806009424,-73.93071891632657,"(40.68026806009424, -73.93071891632657)"
38367070,01/31/2018 08:04:00 PM,01/31/2018 08:04:00 PM,DSNY,Department of Sanitation,Dirty Conditions,E8 Canine Violation,Sidewalk,10474,730 BRYANT AVENUE,BRYANT AVENUE,SPOFFORD AVENUE,LAFAYETTE AVENUE,,,ADDRESS,BRONX,,N/A,Closed,,The Department of Sanitation investigated this complaint and found no violation at the location.,01/31/2018 08:04:00 PM,02 BRONX,2027630279,BRONX,1015869,236390,ONLINE,Unspecified,BRONX,,,,,,,,40.815455080448224,-73.88576973608926,"(40.815455080448224, -73.88576973608926)"
38361839,01/31/2018 05:50:00 PM,01/31/2018 05:50:00 PM,DSNY,Department of Sanitation,Dirty Conditions,E8 Canine Violation,Sidewalk,11360,214-17 15 AVENUE,15 AVENUE,BELL BOULEVARD,215 STREET,,,ADDRESS,Bayside,,N/A,Closed,,The Department of Sanitation investigated this complaint and found no violation at the location.,01/31/2018 05:50:00 PM,07 QUEENS,4059430042,QUEENS,1045198,226178,MOBILE,Unspecified,QUEENS,,,,,,,,40.78727236242849,-73.77990561199714,"(40.78727236242849, -73.77990561199714)"
38364418,01/31/2018 03:28:00 PM,02/05/2018 12:00:00 PM,DSNY,Department of Sanitation,Dirty Conditions,E8 Canine Violation,Sidewalk,10469,3721 BRONXWOOD AVENUE,BRONXWOOD AVENUE,EAST 216 STREET,EAST 217 STREET,,,ADDRESS,BRONX,,N/A,Closed,,The Department of Sanitation investigated this complaint and found no violation at the location.,02/05/2018 12:00:00 PM,12 BRONX,2046750084,BRONX,1023537,259987,PHONE,Unspecified,BRONX,,,,,,,,40.880191026380196,-73.85792926061389,"(40.880191026380196, -73.85792926061389)"
38365685,01/31/2018 02:19:00 PM,02/07/2018 12:00:00 PM,DSNY,Department of Sanitation,Dirty Conditions,E8 Canine Violation,Sidewalk,11432,186-18 AVON ROAD,AVON ROAD,CHEVY CHASE STREET,188 STREET,,,ADDRESS,Jamaica,,N/A,Closed,,The Department of Sanitation investigated this complaint and found no violation at the location.,02/07/2018 12:00:00 PM,08 QUEENS,4072650012,QUEENS,1045286,202626,PHONE,Unspecified,QUEENS,,,,,,,,40.72262771177178,-73.77980162549164,"(40.72262771177178, -73.77980162549164)"
38363567,01/31/2018 02:13:00 PM,02/02/2018 12:00:00 PM,DSNY,Department of Sanitation,Dirty Conditions,E8 Canine Violation,Sidewalk,11206,131 HART STREET,HART STREET,MARCY AVENUE,TOMPKINS AVENUE,,,ADDRESS,BROOKLYN,,N/A,Closed,,The Department of Sanitation investigated this complaint and found no violation at the location.,02/02/2018 12:00:00 PM,03 BROOKLYN,3017670045,BROOKLYN,999105,191923,ONLINE,Unspecified,BROOKLYN,,,,,,,,40.693448605904265,-73.94643141617907,"(40.693448605904265, -73.94643141617907)"
38364500,01/31/2018 01:42:00 PM,02/05/2018 12:00:00 PM,DSNY,Department of Sanitation,Dirty Conditions,E8 Canine Violation,Sidewalk,10460,1452 BEACH AVENUE,BEACH AVENUE,GUION PLACE,MERRILL STREET,,,ADDRESS,BRONX,,N/A,Closed,,The Department of Sanitation investigated this complaint and found no violation at the location.,02/05/2018 12:00:00 PM,09 BRONX,2038990019,BRONX,1021031,244090,ONLINE,Unspecified,BRONX,,,,,,,,40.83656938000925,-73.86707874471458,"(40.83656938000925, -73.86707874471458)"
38362770,01/31/2018 01:36:00 PM,01/31/2018 01:36:00 PM,DSNY,Department of Sanitation,Dirty Conditions,E8 Canine Violation,Sidewalk,10029,107 EAST  105 STREET,EAST  105 STREET,PARK AVENUE,LEXINGTON AVENUE,,,ADDRESS,NEW YORK,,N/A,Closed,,The Department of Sanitation investigated this complaint and found no violation at the location.,01/31/2018 01:36:00 PM,11 MANHATTAN,1016330001,MANHATTAN,998604,227890,ONLINE,Unspecified,MANHATTAN,,,,,,,,40.79216984408911,-73.94816131603118,"(40.79216984408911, -73.94816131603118)"
38355612,01/31/2018 11:06:00 AM,02/02/2018 12:00:00 PM,DSNY,Department of Sanitation,Dirty Conditions,E8 Canine Violation,Sidewalk,11214,1652 85 STREET,85 STREET,16 AVENUE,17 AVENUE,,,ADDRESS,BROOKLYN,,N/A,Closed,,The Department of Sanitation investigated this complaint and found no violation at the location.,02/02/2018 12:00:00 PM,11 BROOKLYN,3063420028,BROOKLYN,982748,161479,PHONE,Unspecified,BROOKLYN,,,,,,,,40.60989879867255,-74.0054095799345,"(40.60989879867255, -74.0054095799345)"
38355672,01/31/2018 09:31:00 AM,02/05/2018 12:00:00 PM,DSNY,Department of Sanitation,Dirty Conditions,E8 Canine Violation,Sidewalk,10466,,,,,EAST 227 STREET,WHITE PLAINS ROAD,INTERSECTION,BRONX,,N/A,Closed,,The Department of Sanitation investigated this complaint and found no violation at the location.,02/05/2018 12:00:00 PM,Unspecified BRONX,,BRONX,1023047,263277,ONLINE,Unspecified,BRONX,,,,,,,,40.889223202838835,-73.85968215131135,"(40.889223202838835, -73.85968215131135)"
38357305,01/31/2018 09:06:00 AM,02/01/2018 12:00:00 PM,DSNY,Department of Sanitation,Dirty Conditions,E8 Canine Violation,Sidewalk,11221,738 LEXINGTON AVENUE,LEXINGTON AVENUE,MALCOLM X BOULEVARD,PATCHEN AVENUE,,,ADDRESS,BROOKLYN,,N/A,Closed,,The Department of Sanitation investigated this complaint and found no violation at the location.,02/01/2018 12:00:00 PM,03 BROOKLYN,3016270017,BROOKLYN,1003760,190713,PHONE,Unspecified,BROOKLYN,,,,,,,,40.69011839853024,-73.92964854129774,"(40.69011839853024, -73.92964854129774)"
38353433,01/31/2018 09:01:00 AM,02/09/2018 12:00:00 PM,DSNY,Department of Sanitation,Dirty Conditions,E8 Canine Violation,Sidewalk,11378,70-34 57 ROAD,57 ROAD,71 STREET,DEAD END,,,ADDRESS,Maspeth,,N/A,Closed,,The Department of Sanitation investigated this complaint and found no violation at the location.,02/09/2018 12:00:00 PM,05 QUEENS,4027980116,QUEENS,1014275,204244,PHONE,Unspecified,QUEENS,,,,,,,,40.72722833558933,-73.8916720075113,"(40.72722833558933, -73.8916720075113)"
38356170,01/31/2018 08:36:00 AM,02/01/2018 12:00:00 PM,DSNY,Department of Sanitation,Dirty Conditions,E8 Canine Violation,Sidewalk,11236,,,,,FOSTER AVENUE,EAST 80 STREET,INTERSECTION,BROOKLYN,,N/A,Closed,,The Department of Sanitation investigated this complaint and found no violation at the location.,02/01/2018 12:00:00 PM,Unspecified BROOKLYN,,BROOKLYN,1006749,172669,ONLINE,Unspecified,BROOKLYN,,,,,,,,40.640584552868496,-73.91893067476197,"(40.640584552868496, -73.91893067476197)"
38355130,01/31/2018 08:17:00 AM,02/01/2018 12:00:00 PM,DSNY,Department of Sanitation,Dirty Conditions,E8 Canine Violation,Sidewalk,11207,47 DE SALES PLACE,DE SALES PLACE,BROADWAY,BUSHWICK AVENUE,,,ADDRESS,BROOKLYN,,N/A,Closed,,The Department of Sanitation investigated this complaint and found no violation at the location.,02/01/2018 12:00:00 PM,04 BROOKLYN,3034680041,BROOKLYN,1010563,187653,ONLINE,Unspecified,BROOKLYN,,,,,,,,40.68170179250983,-73.90512944864571,"(40.68170179250983, -73.90512944864571)"
38351204,01/30/2018 10:58:00 PM,02/06/2018 12:00:00 PM,DSNY,Department of Sanitation,Dirty Conditions,E8 Canine Violation,Sidewalk,10458,2416 LORILLARD PLACE,LORILLARD PLACE,,,,,ADDRESS,BRONX,,N/A,Closed,,The Department of Sanitation investigated this complaint and found no violation at the location.,02/06/2018 12:00:00 PM,06 BRONX,2030560007,BRONX,1015001,251462,ONLINE,Unspecified,BRONX,,,,,,,,40.85682638943803,-73.88883646496157,"(40.85682638943803, -73.88883646496157)"
38353406,01/30/2018 06:36:00 PM,01/30/2018 06:36:00 PM,DSNY,Department of Sanitation,Dirty Conditions,E8 Canine Violation,Sidewalk,11358,160-03 SANFORD AVENUE,SANFORD AVENUE,160 STREET,161 STREET,,,ADDRESS,Flushing,,N/A,Closed,,The Department of Sanitation investigated this complaint and found no violation at the location.,01/30/2018 06:36:00 PM,07 QUEENS,4053330008,QUEENS,1038081,216442,ONLINE,Unspecified,QUEENS,,,,,,,,40.76059587478615,-73.8056843036757,"(40.76059587478615, -73.8056843036757)"
38354073,01/30/2018 04:52:00 PM,01/30/2018 04:52:00 PM,DSNY,Department of Sanitation,Dirty Conditions,E8 Canine Violation,Sidewalk,10455,601 EAST  156 STREET,EAST  156 STREET,ST ANNS AVENUE,EAGLE AVENUE,,,ADDRESS,BRONX,,N/A,Closed,,The Department of Sanitation investigated this complaint and found no violation at the location.,01/30/2018 04:52:00 PM,01 BRONX,2026187501,BRONX,1009178,237694,PHONE,Unspecified,BRONX,,,,,,,,40.819055607190265,-73.90993751295274,"(40.819055607190265, -73.90993751295274)"
38344159,01/30/2018 12:21:00 PM,01/30/2018 12:21:00 PM,DSNY,Department of Sanitation,Dirty Conditions,E8 Canine Violation,Sidewalk,11385,2124 HARMAN STREET,HARMAN STREET,GRANDVIEW AVENUE,RICARD STREET,,,ADDRESS,Ridgewood,,N/A,Closed,,The Department of Sanitation investigated this complaint and found no violation at the location.,01/30/2018 12:21:00 PM,05 QUEENS,4033690024,QUEENS,1009759,198200,PHONE,Unspecified,QUEENS,,,,,,,,40.71065319435036,-73.90798829566617,"(40.71065319435036, -73.90798829566617)"
38344176,01/30/2018 10:16:00 AM,01/30/2018 12:00:00 PM,DSNY,Department of Sanitation,Dirty Conditions,E8 Canine Violation,Sidewalk,10452,1133 OGDEN AVENUE,OGDEN AVENUE,WEST 166 STREET,WEST 167 STREET,,,ADDRESS,BRONX,,N/A,Closed,,The Department of Sanitation investigated this complaint and found no violation at the location.,01/30/2018 12:00:00 PM,04 BRONX,2025260090,BRONX,1004318,243979,PHONE,Unspecified,BRONX,,,,,,,,40.8363185100683,-73.92747742112152,"(40.8363185100683, -73.92747742112152)"
38342814,01/30/2018 10:15:00 AM,01/30/2018 12:00:00 PM,DSNY,Department of Sanitation,Dirty Conditions,E8 Canine Violation,Sidewalk,10031,,,,,WEST 151 STREET,AMSTERDAM AVENUE,INTERSECTION,NEW YORK,,N/A,Closed,,The Department of Sanitation investigated this complaint and found no violation at the location.,01/30/2018 12:00:00 PM,Unspecified MANHATTAN,,MANHATTAN,999516,241317,PHONE,Unspecified,MANHATTAN,,,,,,,,40.829021693853534,-73.94483714258587,"(40.829021693853534, -73.94483714258587)"
38345658,01/30/2018 09:29:00 AM,01/30/2018 12:00:00 PM,DSNY,Department of Sanitation,Dirty Conditions,E8 Canine Violation,Sidewalk,10024,101 WEST   90 STREET,WEST   90 STREET,COLUMBUS AVENUE,AMSTERDAM AVENUE,,,ADDRESS,NEW YORK,,N/A,Closed,,The Department of Sanitation investigated this complaint and found no violation at the location.,01/30/2018 12:00:00 PM,07 MANHATTAN,1012210029,MANHATTAN,992451,226767,ONLINE,Unspecified,MANHATTAN,,,,,,,,40.789095363543794,-73.97038390702454,"(40.789095363543794, -73.97038390702454)"
38342988,01/30/2018 09:19:00 AM,02/01/2018 12:00:00 PM,DSNY,Department of Sanitation,Dirty Conditions,E8 Canine Violation,Sidewalk,11238,727 CLASSON AVENUE,CLASSON AVENUE,PROSPECT PLACE,PARK PLACE,,,ADDRESS,BROOKLYN,,N/A,Closed,,The Department of Sanitation investigated this complaint and found no violation at the location.,02/01/2018 12:00:00 PM,08 BROOKLYN,3011630001,BROOKLYN,995402,185426,PHONE,Unspecified,BROOKLYN,,,,,,,,40.67562126714233,-73.95979554750588,"(40.67562126714233, -73.95979554750588)"
38341589,01/30/2018 08:12:00 AM,02/06/2018 12:00:00 PM,DSNY,Department of Sanitation,Dirty Conditions,E8 Canine Violation,Sidewalk,10314,9 GADSEN PLACE,GADSEN PLACE,SAXON AVENUE,TRAVIS AVENUE,,,ADDRESS,STATEN ISLAND,,N/A,Closed,,The Department of Sanitation investigated this complaint and found no violation at the location.,02/06/2018 12:00:00 PM,02 STATEN ISLAND,5023637501,STATEN ISLAND,939817,155573,PHONE,Unspecified,STATEN ISLAND,,,,,,,,40.59357678018131,-74.15999017689764,"(40.59357678018131, -74.15999017689764)"
38340394,01/30/2018 08:04:00 AM,02/01/2018 12:00:00 PM,DSNY,Department of Sanitation,Dirty Conditions,E8 Canine Violation,Sidewalk,11233,121 CHAUNCEY STREET,CHAUNCEY STREET,STUYVESANT AVENUE,MALCOLM X BOULEVARD,,,ADDRESS,BROOKLYN,,N/A,Closed,,The Department of Sanitation investigated this complaint and found no violation at the location.,02/01/2018 12:00:00 PM,03 BROOKLYN,3016860071,BROOKLYN,1003485,187127,ONLINE,Unspecified,BROOKLYN,,,,,,,,40.680276253144356,-73.93065040547174,"(40.680276253144356, -73.93065040547174)"
38339084,01/29/2018 11:06:00 PM,02/06/2018 12:00:00 PM,DSNY,Department of Sanitation,Dirty Conditions,E8 Canine Violation,Sidewalk,10305,18 FATHER CAPODANNO BOULEVARD,FATHER CAPODANNO BOULEVARD,LILY POND AVENUE,ROBIN ROAD,,,ADDRESS,STATEN ISLAND,,N/A,Closed,,The Department of Sanitation investigated this complaint and found no violation at the location.,02/06/2018 12:00:00 PM,02 STATEN ISLAND,5031250116,STATEN ISLAND,967035,156455,ONLINE,Unspecified,STATEN ISLAND,,,,,,,,40.596092349152194,-74.06198846254166,"(40.596092349152194, -74.06198846254166)"
38346879,01/29/2018 04:30:00 PM,02/07/2018 12:00:00 PM,DSNY,Department of Sanitation,Dirty Conditions,E8 Canine Violation,Sidewalk,11420,130-02 121 STREET,121 STREET,SUTTER AVENUE,HAWTREE CREEK ROAD,,,ADDRESS,South Ozone Park,,N/A,Closed,,The Department of Sanitation investigated this complaint and found no violation at the location.,02/07/2018 12:00:00 PM,10 QUEENS,4117270040,QUEENS,1034746,184754,PHONE,Unspecified,QUEENS,,,,,,,,40.67363978729962,-73.81796044591539,"(40.67363978729962, -73.81796044591539)"
38346866,01/29/2018 03:33:00 PM,02/06/2018 12:00:00 PM,DSNY,Department of Sanitation,Dirty Conditions,E8 Canine Violation,Sidewalk,10302,323 NICHOLAS AVENUE,NICHOLAS AVENUE,BLACKFORD AVENUE,HOOKER PLACE,,,ADDRESS,STATEN ISLAND,,N/A,Closed,,The Department of Sanitation investigated this complaint and found no violation at the location.,02/06/2018 12:00:00 PM,01 STATEN ISLAND,5011040014,STATEN ISLAND,944842,169525,PHONE,Unspecified,STATEN ISLAND,,,,,,,,40.63189586020167,-74.14197808654993,"(40.63189586020167, -74.14197808654993)"
38339053,01/29/2018 02:50:00 PM,02/02/2018 12:00:00 PM,DSNY,Department of Sanitation,Dirty Conditions,E8 Canine Violation,Sidewalk,11204,2430 63 STREET,63 STREET,24 AVENUE,DAHILL ROAD,,,ADDRESS,BROOKLYN,,N/A,Closed,,The Department of Sanitation investigated this complaint and found no violation at the location.,02/02/2018 12:00:00 PM,11 BROOKLYN,3065610019,BROOKLYN,991180,162200,ONLINE,Unspecified,BROOKLYN,,,,,,,,40.61187521277611,-73.97504028007845,"(40.61187521277611, -73.97504028007845)"
38339074,01/29/2018 01:45:00 PM,01/31/2018 12:00:00 PM,DSNY,Department of Sanitation,Dirty Conditions,E8 Canine Violation,Sidewalk,11234,,,,,AVENUE M,EAST 36 STREET,INTERSECTION,BROOKLYN,,N/A,Closed,,The Department of Sanitation investigated this complaint and found no violation at the location.,01/31/2018 12:00:00 PM,Unspecified BROOKLYN,,BROOKLYN,1000958,165250,PHONE,Unspecified,BROOKLYN,,,,,,,,40.62023378693185,-73.9398154040301,"(40.62023378693185, -73.9398154040301)"
38336426,01/29/2018 12:29:00 PM,02/08/2018 12:00:00 PM,DSNY,Department of Sanitation,Dirty Conditions,E8 Canine Violation,Sidewalk,11691,,,,,GATEWAY BOULEVARD,GREENWOOD COURT,INTERSECTION,Far Rockaway,,N/A,Closed,,The Department of Sanitation investigated this complaint and found no violation at the location.,02/08/2018 12:00:00 PM,Unspecified QUEENS,,QUEENS,1054178,158827,PHONE,Unspecified,QUEENS,,,,,,,,40.6023438369319,-73.74817655009878,"(40.6023438369319, -73.74817655009878)"
38336796,01/29/2018 12:15:00 PM,02/06/2018 12:00:00 PM,DSNY,Department of Sanitation,Dirty Conditions,E8 Canine Violation,Sidewalk,10453,1695 GRAND CONCOURSE,GRAND CONCOURSE,CROSS BRONX EXPRESSWAY,CLIFFORD PLACE,,,ADDRESS,BRONX,,N/A,Closed,,The Department of Sanitation investigated this complaint and found no violation at the location.,02/06/2018 12:00:00 PM,05 BRONX,2028220012,BRONX,1008936,247293,PHONE,Unspecified,BRONX,,,,,,,,40.84540276794456,-73.91077651116483,"(40.84540276794456, -73.91077651116483)"
38334508,01/29/2018 12:12:00 PM,02/07/2018 12:00:00 PM,DSNY,Department of Sanitation,Dirty Conditions,E8 Canine Violation,Sidewalk,11374,,,,,63 ROAD,99 STREET,INTERSECTION,Rego Park,,N/A,Closed,,The Department of Sanitation investigated this complaint and found no violation at the location.,02/07/2018 12:00:00 PM,Unspecified QUEENS,,QUEENS,1023868,206183,PHONE,Unspecified,QUEENS,,,,,,,,40.73251264576087,-73.85704980640867,"(40.73251264576087, -73.85704980640867)"
38336577,01/29/2018 12:10:00 PM,01/29/2018 12:10:00 PM,DSNY,Department of Sanitation,Dirty Conditions,E8 Canine Violation,Sidewalk,11377,39-55 51 STREET,51 STREET,39 AVENUE,SKILLMAN AVENUE,,,ADDRESS,Woodside,,N/A,Closed,,The Department of Sanitation investigated this complaint and found no violation at the location.,01/29/2018 12:10:00 PM,02 QUEENS,4001280007,QUEENS,1008318,211488,ONLINE,Unspecified,QUEENS,,,,,,,,40.74712952814939,-73.9131384934129,"(40.74712952814939, -73.9131384934129)"
38332988,01/29/2018 11:15:00 AM,01/31/2018 12:00:00 PM,DSNY,Department of Sanitation,Dirty Conditions,E8 Canine Violation,Sidewalk,11208,1121 GLENMORE AVENUE,GLENMORE AVENUE,LINCOLN AVENUE,SHERIDAN AVENUE,,,ADDRESS,BROOKLYN,,N/A,Closed,,The Department of Sanitation investigated this complaint and found no violation at the location.,01/31/2018 12:00:00 PM,05 BROOKLYN,3042020043,BROOKLYN,1021006,186086,PHONE,Unspecified,BROOKLYN,,,,,,,,40.67736353369901,-73.86748619319891,"(40.67736353369901, -73.86748619319891)"
38332309,01/29/2018 11:09:00 AM,02/05/2018 12:00:00 PM,DSNY,Department of Sanitation,Dirty Conditions,E8 Canine Violation,Sidewalk,10467,3366 DECATUR AVENUE,DECATUR AVENUE,EAST 209 STREET,EAST GUN HILL ROAD,,,ADDRESS,BRONX,,N/A,Closed,,The Department of Sanitation investigated this complaint and found no violation at the location.,02/05/2018 12:00:00 PM,07 BRONX,2033550104,BRONX,1019403,259066,ONLINE,Unspecified,BRONX,,,,,,,,40.877680603920226,-73.87288355699366,"(40.877680603920226, -73.87288355699366)"
38336449,01/29/2018 10:21:00 AM,01/29/2018 12:00:00 PM,DSNY,Department of Sanitation,Dirty Conditions,E8 Canine Violation,Sidewalk,11372,,,,,90 STREET,34 AVENUE,INTERSECTION,Jackson Heights,,N/A,Closed,,The Department of Sanitation investigated this complaint and found no violation at the location.,01/29/2018 12:00:00 PM,Unspecified QUEENS,,QUEENS,1018162,214190,PHONE,Unspecified,QUEENS,,,,,,,,40.75451355677196,-73.87759787217223,"(40.75451355677196, -73.87759787217223)"
38332311,01/29/2018 10:19:00 AM,01/29/2018 12:00:00 PM,DSNY,Department of Sanitation,Dirty Conditions,E8 Canine Violation,Sidewalk,11372,,,,,91 STREET,34 AVENUE,INTERSECTION,Jackson Heights,,N/A,Closed,,The Department of Sanitation investigated this complaint and found no violation at the location.,01/29/2018 12:00:00 PM,Unspecified QUEENS,,QUEENS,1018420,214226,PHONE,Unspecified,QUEENS,,,,,,,,40.75461137425118,-73.87666646407044,"(40.75461137425118, -73.87666646407044)"
38335863,01/29/2018 09:57:00 AM,01/29/2018 12:00:00 PM,DSNY,Department of Sanitation,Dirty Conditions,E8 Canine Violation,Sidewalk,10013,,,,,GREENWICH STREET,FRANKLIN STREET,INTERSECTION,NEW YORK,,N/A,Closed,,The Department of Sanitation investigated this complaint and found no violation at the location.,01/29/2018 12:00:00 PM,Unspecified MANHATTAN,,MANHATTAN,981397,201392,ONLINE,Unspecified,MANHATTAN,,,,,,,,40.7194507834957,-74.0102922104421,"(40.7194507834957, -74.0102922104421)"
38337960,01/29/2018 08:45:00 AM,01/29/2018 12:00:00 PM,DSNY,Department of Sanitation,Dirty Conditions,E8 Canine Violation,Sidewalk,10301,95 BRIGHTON AVENUE,BRIGHTON AVENUE,KINGSLEY PLACE,WEBSTER AVENUE,,,ADDRESS,STATEN ISLAND,,N/A,Closed,,The Department of Sanitation investigated this complaint and found no violation at the location.,01/29/2018 12:00:00 PM,01 STATEN ISLAND,5000850040,STATEN ISLAND,959481,171028,PHONE,Unspecified,STATEN ISLAND,,,,,,,,40.63607430338984,-74.08924265352569,"(40.63607430338984, -74.08924265352569)"
38332310,01/29/2018 08:22:00 AM,02/01/2018 12:00:00 PM,DSNY,Department of Sanitation,Dirty Conditions,E8 Canine Violation,Sidewalk,11237,298 COVERT STREET,COVERT STREET,KNICKERBOCKER AVENUE,IRVING AVENUE,,,ADDRESS,BROOKLYN,,N/A,Closed,,The Department of Sanitation investigated this complaint and found no violation at the location.,02/01/2018 12:00:00 PM,04 BROOKLYN,3034250014,BROOKLYN,1010312,191659,ONLINE,Unspecified,BROOKLYN,,,,,,,,40.6926980804424,-73.9060189231127,"(40.6926980804424, -73.9060189231127)"
38334507,01/29/2018 08:19:00 AM,02/06/2018 12:00:00 PM,DSNY,Department of Sanitation,Dirty Conditions,E8 Canine Violation,Sidewalk,10305,247 MCCLEAN AVENUE,MCCLEAN AVENUE,WALLACE AVENUE,MILLS AVENUE,,,ADDRESS,STATEN ISLAND,,N/A,Closed,,The Department of Sanitation investigated this complaint and found no violation at the location.,02/06/2018 12:00:00 PM,02 STATEN ISLAND,5030980006,STATEN ISLAND,965135,156885,PHONE,Unspecified,STATEN ISLAND,,,,,,,,40.59726871788968,-74.06883127273534,"(40.59726871788968, -74.06883127273534)"
38335874,01/29/2018 07:09:00 AM,02/01/2018 12:00:00 PM,DSNY,Department of Sanitation,Dirty Conditions,E8 Canine Violation,Sidewalk,11206,637 BUSHWICK AVENUE,BUSHWICK AVENUE,STANWIX STREET,TROUTMAN STREET,,,ADDRESS,BROOKLYN,,N/A,Closed,,The Department of Sanitation investigated this complaint and found no violation at the location.,02/01/2018 12:00:00 PM,04 BROOKLYN,3031710002,BROOKLYN,1002725,193560,ONLINE,Unspecified,BROOKLYN,,,,,,,,40.69793497297313,-73.93337285643403,"(40.69793497297313, -73.93337285643403)"
38332976,01/28/2018 06:41:00 PM,02/01/2018 12:00:00 PM,DSNY,Department of Sanitation,Dirty Conditions,E8 Canine Violation,Sidewalk,10306,178 MORELAND STREET,MORELAND STREET,BEDFORD AVENUE,MIDLAND AVENUE,,,ADDRESS,STATEN ISLAND,,N/A,Closed,,The Department of Sanitation investigated this complaint and found no violation at the location.,02/01/2018 12:00:00 PM,02 STATEN ISLAND,5037350019,STATEN ISLAND,957459,148807,PHONE,Unspecified,STATEN ISLAND,,,,,,,,40.575076349342126,-74.09643976540079,"(40.575076349342126, -74.09643976540079)"
38334464,01/28/2018 06:03:00 PM,02/06/2018 12:00:00 PM,DSNY,Department of Sanitation,Dirty Conditions,E8 Canine Violation,Sidewalk,10463,3220 JOHNSON AVENUE,JOHNSON AVENUE,CAMBRIDGE AVENUE,WEST 235 STREET,,,ADDRESS,BRONX,,N/A,Closed,,The Department of Sanitation investigated this complaint and found no violation at the location.,02/06/2018 12:00:00 PM,08 BRONX,2057860198,BRONX,1009026,261467,ONLINE,Unspecified,BRONX,,,,,,,,40.88430582926377,-73.91039881963918,"(40.88430582926377, -73.91039881963918)"
38336993,01/28/2018 05:58:00 PM,01/31/2018 12:00:00 PM,DSNY,Department of Sanitation,Dirty Conditions,E8 Canine Violation,Sidewalk,11233,369 SUMPTER STREET,SUMPTER STREET,ROCKAWAY AVENUE,MOTHER GASTON BOULEVARD,,,ADDRESS,BROOKLYN,,N/A,Closed,,The Department of Sanitation investigated this complaint and found no violation at the location.,01/31/2018 12:00:00 PM,16 BROOKLYN,3015220061,BROOKLYN,1009191,187446,PHONE,Unspecified,BROOKLYN,,,,,,,,40.68113759703429,-73.91007690663699,"(40.68113759703429, -73.91007690663699)"
38337961,01/28/2018 05:56:00 PM,02/05/2018 12:00:00 PM,DSNY,Department of Sanitation,Dirty Conditions,E8 Canine Violation,Sidewalk,10467,2410 BARKER AVENUE,BARKER AVENUE,WARING AVENUE,MACE AVENUE,,,ADDRESS,BRONX,,N/A,Closed,,The Department of Sanitation investigated this complaint and found no violation at the location.,02/05/2018 12:00:00 PM,11 BRONX,2044250001,BRONX,1020372,253279,PHONE,Unspecified,BRONX,,,,,,,,40.861793161634004,-73.86941076680615,"(40.861793161634004, -73.86941076680615)"
38335786,01/28/2018 05:39:00 PM,01/28/2018 05:39:00 PM,DSNY,Department of Sanitation,Dirty Conditions,E8 Canine Violation,Sidewalk,11360,214-06 15 AVENUE,15 AVENUE,BELL BOULEVARD,215 STREET,,,ADDRESS,Bayside,,N/A,Closed,,The Department of Sanitation investigated this complaint and found no violation at the location.,01/28/2018 05:39:00 PM,07 QUEENS,4059440052,QUEENS,1045201,226173,ONLINE,Unspecified,QUEENS,,,,,,,,40.78725861812018,-73.77989482386234,"(40.78725861812018, -73.77989482386234)"
38337737,01/28/2018 03:37:00 PM,01/28/2018 03:37:00 PM,DSNY,Department of Sanitation,Dirty Conditions,E8 Canine Violation,Sidewalk,10451,3065 3 AVENUE,3 AVENUE,EAST 156 STREET,EAST 157 STREET,,,ADDRESS,BRONX,,N/A,Closed,,The Department of Sanitation investigated this complaint and found no violation at the location.,01/28/2018 03:37:00 PM,01 BRONX,2023780156,BRONX,1008408,238279,PHONE,Unspecified,BRONX,,,,,,,,40.8206634058518,-73.91271734170199,"(40.8206634058518, -73.91271734170199)"
38329503,01/28/2018 12:16:00 PM,01/28/2018 12:16:00 PM,DSNY,Department of Sanitation,Dirty Conditions,E8 Canine Violation,Sidewalk,10040,609 WEST  196 STREET,WEST  196 STREET,ELLWOOD STREET,BEND,,,ADDRESS,NEW YORK,,N/A,Closed,,The Department of Sanitation investigated this complaint and found no violation at the location.,01/28/2018 12:16:00 PM,12 MANHATTAN,1021720100,MANHATTAN,1003856,252883,ONLINE,Unspecified,MANHATTAN,,,,,,,,40.860758391369025,-73.92912097889744,"(40.860758391369025, -73.92912097889744)"
38326079,01/27/2018 06:32:00 PM,02/06/2018 12:00:00 PM,DSNY,Department of Sanitation,Dirty Conditions,E8 Canine Violation,Sidewalk,11215,466A 7 AVENUE,7 AVENUE,16 STREET,WINDSOR PLACE,,,ADDRESS,BROOKLYN,,N/A,Closed,,The Department of Sanitation investigated this complaint and found no violation at the location.,02/06/2018 12:00:00 PM,07 BROOKLYN,3010560029,BROOKLYN,988351,180661,PHONE,Unspecified,BROOKLYN,,,,,,,,40.6625484803758,-73.9852182440688,"(40.6625484803758, -73.9852182440688)"
38326488,01/27/2018 04:49:00 PM,01/27/2018 04:49:00 PM,DSNY,Department of Sanitation,Dirty Conditions,E8 Canine Violation,Sidewalk,11356,,,,,126 STREET,22 AVENUE,INTERSECTION,College Point,,N/A,Closed,,The Department of Sanitation investigated this complaint and found no violation at the location.,01/27/2018 04:49:00 PM,Unspecified QUEENS,,QUEENS,1027897,223547,PHONE,Unspecified,QUEENS,,,,,,,,40.78015335827651,-73.8423996230969,"(40.78015335827651, -73.8423996230969)"
38326433,01/27/2018 02:27:00 PM,02/01/2018 12:00:00 PM,DSNY,Department of Sanitation,Dirty Conditions,E8 Canine Violation,Sidewalk,11378,53-27 72 STREET,72 STREET,53 ROAD,BEND,,,ADDRESS,Maspeth,,N/A,Closed,,The Department of Sanitation investigated this complaint and found no violation at the location.,02/01/2018 12:00:00 PM,05 QUEENS,4025060022,QUEENS,1014085,205393,ONLINE,Unspecified,QUEENS,,,,,,,,40.73038270054904,-73.89235241846906,"(40.73038270054904, -73.89235241846906)"
38323802,01/27/2018 09:57:00 AM,01/29/2018 12:00:00 PM,DSNY,Department of Sanitation,Dirty Conditions,E8 Canine Violation,Sidewalk,11221,,,,,KNICKERBOCKER AVENUE,LINDEN STREET,INTERSECTION,BROOKLYN,,N/A,Closed,,The Department of Sanitation investigated this complaint and found no violation at the location.,01/29/2018 12:00:00 PM,Unspecified BROOKLYN,,BROOKLYN,1007649,193316,PHONE,Unspecified,BROOKLYN,,,,,,,,40.697253600405425,-73.91561609255601,"(40.697253600405425, -73.91561609255601)"
38322918,01/27/2018 09:56:00 AM,02/06/2018 12:00:00 PM,DSNY,Department of Sanitation,Dirty Conditions,E8 Canine Violation,Sidewalk,10453,55 RICHMAN PLAZA,RICHMAN PLAZA,MAC CRACKEN AVENUE,,,,ADDRESS,BRONX,,N/A,Closed,,The Department of Sanitation investigated this complaint and found no violation at the location.,02/06/2018 12:00:00 PM,05 BRONX,2028820229,BRONX,1005744,249763,PHONE,Unspecified,BRONX,,,,,,,,40.85219053269003,-73.92230554575585,"(40.85219053269003, -73.92230554575585)"
38325471,01/27/2018 05:54:00 AM,01/31/2018 12:00:00 PM,DSNY,Department of Sanitation,Dirty Conditions,E8 Canine Violation,Sidewalk,11204,1580 WEST    3 STREET,WEST    3 STREET,24 AVENUE,AVENUE P,,,ADDRESS,BROOKLYN,,N/A,Closed,,The Department of Sanitation investigated this complaint and found no violation at the location.,01/31/2018 12:00:00 PM,11 BROOKLYN,3066030038,BROOKLYN,990637,161201,ONLINE,Unspecified,BROOKLYN,,,,,,,,40.60913357119885,-73.97699694315818,"(40.60913357119885, -73.97699694315818)"
38324582,01/26/2018 06:53:00 PM,01/29/2018 12:00:00 PM,DSNY,Department of Sanitation,Dirty Conditions,E8 Canine Violation,Sidewalk,11237,308 COVERT STREET,COVERT STREET,KNICKERBOCKER AVENUE,IRVING AVENUE,,,ADDRESS,BROOKLYN,,N/A,Closed,,The Department of Sanitation investigated this complaint and found no violation at the location.,01/29/2018 12:00:00 PM,04 BROOKLYN,3034250017,BROOKLYN,1010359,191723,ONLINE,Unspecified,BROOKLYN,,,,,,,,40.692873607016786,-73.90584919047527,"(40.692873607016786, -73.90584919047527)"
38311872,01/26/2018 11:54:00 AM,01/26/2018 12:00:00 PM,DSNY,Department of Sanitation,Dirty Conditions,E8 Canine Violation,Sidewalk,11355,130-07 58 AVENUE,58 AVENUE,COLLEGE POINT BOULEVARD,LAWRENCE STREET,,,ADDRESS,Flushing,,N/A,Closed,,The Department of Sanitation investigated this complaint and found no violation at the location.,01/26/2018 12:00:00 PM,07 QUEENS,4063520069,QUEENS,1030059,211171,PHONE,Unspecified,QUEENS,,,,,,,,40.74617354627114,-73.83467744025384,"(40.74617354627114, -73.83467744025384)"
38310728,01/26/2018 11:29:00 AM,01/29/2018 12:00:00 PM,DSNY,Department of Sanitation,Dirty Conditions,E8 Canine Violation,Sidewalk,11229,2530 OCEAN AVENUE,OCEAN AVENUE,AVENUE T,AVENUE U,,,ADDRESS,BROOKLYN,,N/A,Closed,,The Department of Sanitation investigated this complaint and found no violation at the location.,01/29/2018 12:00:00 PM,15 BROOKLYN,3073240036,BROOKLYN,997707,157891,PHONE,Unspecified,BROOKLYN,,,,,,,,40.600040381009116,-73.9515406309319,"(40.600040381009116, -73.9515406309319)"
38316326,01/26/2018 09:49:00 AM,01/26/2018 12:00:00 PM,DSNY,Department of Sanitation,Dirty Conditions,E8 Canine Violation,Sidewalk,10459,,,,,EAST 167 STREET,PROSPECT AVENUE,INTERSECTION,BRONX,,N/A,Closed,,The Department of Sanitation investigated this complaint and found no violation at the location.,01/26/2018 12:00:00 PM,Unspecified BRONX,,BRONX,1012248,240358,ONLINE,Unspecified,BRONX,,,,,,,,40.82635833108308,-73.89883478944644,"(40.82635833108308, -73.89883478944644)"
38319453,01/26/2018 09:47:00 AM,02/05/2018 12:00:00 PM,DSNY,Department of Sanitation,Dirty Conditions,E8 Canine Violation,Sidewalk,10461,2563 MACLAY AVENUE,MACLAY AVENUE,OVERING STREET,BENSON STREET,,,ADDRESS,BRONX,,N/A,Closed,,The Department of Sanitation investigated this complaint and found no violation at the location.,02/05/2018 12:00:00 PM,10 BRONX,2040020041,BRONX,1026451,246366,PHONE,Unspecified,BRONX,,,,,,,,40.8427920915063,-73.84747735818239,"(40.8427920915063, -73.84747735818239)"
38318711,01/26/2018 09:14:00 AM,01/26/2018 12:00:00 PM,DSNY,Department of Sanitation,Dirty Conditions,E8 Canine Violation,Sidewalk,11201,,,,,PRINCE STREET,MYRTLE AVENUE,INTERSECTION,BROOKLYN,,N/A,Closed,,The Department of Sanitation investigated this complaint and found no violation at the location.,01/26/2018 12:00:00 PM,Unspecified BROOKLYN,,BROOKLYN,989100,191977,PHONE,Unspecified,BROOKLYN,,,,,,,,40.69360796164117,-73.98251038451554,"(40.69360796164117, -73.98251038451554)"
38313057,01/26/2018 07:36:00 AM,01/29/2018 12:00:00 PM,DSNY,Department of Sanitation,Dirty Conditions,E8 Canine Violation,Sidewalk,11213,12 ALICE COURT,ALICE COURT,ATLANTIC AVENUE,DEAD END,,,ADDRESS,BROOKLYN,,N/A,Closed,,The Department of Sanitation investigated this complaint and found no violation at the location.,01/29/2018 12:00:00 PM,03 BROOKLYN,3018710089,BROOKLYN,1000742,186404,PHONE,Unspecified,BROOKLYN,,,,,,,,40.67829731794463,-73.94054174458236,"(40.67829731794463, -73.94054174458236)"
38314071,01/25/2018 05:55:00 PM,02/06/2018 12:00:00 PM,DSNY,Department of Sanitation,Dirty Conditions,E8 Canine Violation,Sidewalk,10037,,,,,EAST 135 STREET,5 AVENUE,INTERSECTION,NEW YORK,,N/A,Closed,,The Department of Sanitation investigated this complaint and found no violation at the location.,02/06/2018 12:00:00 PM,Unspecified MANHATTAN,,MANHATTAN,1001518,235386,PHONE,Unspecified,MANHATTAN,,,,,,,,40.81273909030806,-73.93761828937666,"(40.81273909030806, -73.93761828937666)"
38318659,01/25/2018 05:21:00 PM,01/27/2018 12:00:00 PM,DSNY,Department of Sanitation,Dirty Conditions,E8 Canine Violation,Sidewalk,10460,1452 BEACH AVENUE,BEACH AVENUE,GUION PLACE,MERRILL STREET,,,ADDRESS,BRONX,,N/A,Closed,,The Department of Sanitation investigated this complaint and found no violation at the location.,01/27/2018 12:00:00 PM,09 BRONX,2038990019,BRONX,1021031,244090,ONLINE,Unspecified,BRONX,,,,,,,,40.83656938000925,-73.86707874471458,"(40.83656938000925, -73.86707874471458)"
38314238,01/25/2018 03:26:00 PM,02/01/2018 12:00:00 PM,DSNY,Department of Sanitation,Dirty Conditions,E8 Canine Violation,Sidewalk,10024,,,,,WEST 88 STREET,AMSTERDAM AVENUE,INTERSECTION,NEW YORK,,N/A,Closed,,The Department of Sanitation investigated this complaint and found no violation at the location.,02/01/2018 12:00:00 PM,Unspecified MANHATTAN,,MANHATTAN,991432,226728,PHONE,Unspecified,MANHATTAN,,,,,,,,40.7889892058747,-73.97406384103728,"(40.7889892058747, -73.97406384103728)"
38313027,01/25/2018 01:57:00 PM,01/29/2018 12:00:00 PM,DSNY,Department of Sanitation,Dirty Conditions,E8 Canine Violation,Sidewalk,10460,1709 MELVILLE STREET,MELVILLE STREET,VAN NEST AVENUE,MORRIS PARK AVENUE,,,ADDRESS,BRONX,,N/A,Closed,,The Department of Sanitation investigated this complaint and found no violation at the location.,01/29/2018 12:00:00 PM,11 BRONX,2040190029,BRONX,1020293,246040,PHONE,Unspecified,BRONX,,,,,,,,40.841924599877196,-73.8697352873017,"(40.841924599877196, -73.8697352873017)"
38312889,01/25/2018 01:35:00 PM,01/29/2018 12:00:00 PM,DSNY,Department of Sanitation,Dirty Conditions,E8 Canine Violation,Sidewalk,11226,402 OCEAN AVENUE,OCEAN AVENUE,CROOKE AVENUE,CATON AVENUE,,,ADDRESS,BROOKLYN,,N/A,Closed,,The Department of Sanitation investigated this complaint and found no violation at the location.,01/29/2018 12:00:00 PM,14 BROOKLYN,3050610030,BROOKLYN,994911,177192,PHONE,Unspecified,BROOKLYN,,,,,,,,40.65302136936349,-73.96157868807671,"(40.65302136936349, -73.96157868807671)"
38303991,01/25/2018 09:55:00 AM,02/01/2018 12:00:00 PM,DSNY,Department of Sanitation,Dirty Conditions,E8 Canine Violation,Sidewalk,10069,301 FREEDOM PLACE SOUTH,FREEDOM PLACE SOUTH,WEST 61 STREET,WEST 62 STREET,,,ADDRESS,NEW YORK,,N/A,Closed,,The Department of Sanitation investigated this complaint and found no violation at the location.,02/01/2018 12:00:00 PM,07 MANHATTAN,1011710151,MANHATTAN,986869,221029,PHONE,Unspecified,MANHATTAN,,,,,,,,40.773349491489505,-73.99054429871285,"(40.773349491489505, -73.99054429871285)"
38305486,01/25/2018 06:19:00 AM,02/01/2018 12:00:00 PM,DSNY,Department of Sanitation,Dirty Conditions,E8 Canine Violation,Sidewalk,10032,635 WEST  170 STREET,WEST  170 STREET,BROADWAY,FT WASHINGTON AVENUE,,,ADDRESS,NEW YORK,,N/A,Closed,,The Department of Sanitation investigated this complaint and found no violation at the location.,02/01/2018 12:00:00 PM,12 MANHATTAN,1021420006,MANHATTAN,1000813,246344,ONLINE,Unspecified,MANHATTAN,,,,,,,,40.842817014594154,-73.94013809191632,"(40.842817014594154, -73.94013809191632)"
38299612,01/24/2018 04:00:00 PM,02/01/2018 12:00:00 PM,DSNY,Department of Sanitation,Dirty Conditions,E8 Canine Violation,Sidewalk,11373,86-11 53 AVENUE,53 AVENUE,VAN HORN STREET,SEABURY STREET,,,ADDRESS,Elmhurst,,N/A,Closed,,The Department of Sanitation investigated this complaint and found no violation at the location.,02/01/2018 12:00:00 PM,04 QUEENS,4028640059,QUEENS,1017735,207132,PHONE,Unspecified,QUEENS,,,,,,,,40.735142759246834,-73.87917422469432,"(40.735142759246834, -73.87917422469432)"
38309092,01/24/2018 03:29:00 PM,01/25/2018 12:00:00 PM,DSNY,Department of Sanitation,Dirty Conditions,E8 Canine Violation,Sidewalk,11226,201 LINDEN BOULEVARD,LINDEN BOULEVARD,ROGERS AVENUE,NOSTRAND AVENUE,,,ADDRESS,BROOKLYN,,N/A,Closed,,The Department of Sanitation investigated this complaint and found no violation at the location.,01/25/2018 12:00:00 PM,17 BROOKLYN,3050850083,BROOKLYN,997760,177029,PHONE,Unspecified,BROOKLYN,,,,,,,,40.65257008176136,-73.95131146956386,"(40.65257008176136, -73.95131146956386)"
38299584,01/24/2018 02:57:00 PM,02/01/2018 12:00:00 PM,DSNY,Department of Sanitation,Dirty Conditions,E8 Canine Violation,Sidewalk,10310,134 ELIZABETH STREET,ELIZABETH STREET,CARY AVENUE,DELAFIELD AVENUE,,,ADDRESS,STATEN ISLAND,,N/A,Closed,,The Department of Sanitation investigated this complaint and found no violation at the location.,02/01/2018 12:00:00 PM,01 STATEN ISLAND,5002210075,STATEN ISLAND,950910,169058,PHONE,Unspecified,STATEN ISLAND,,,,,,,,40.630638961930856,-74.12011418157356,"(40.630638961930856, -74.12011418157356)"
38302693,01/24/2018 02:49:00 PM,01/31/2018 12:00:00 PM,DSNY,Department of Sanitation,Dirty Conditions,E8 Canine Violation,Sidewalk,11206,,,,,LEONARD STREET,TEN EYCK STREET,INTERSECTION,BROOKLYN,,N/A,Closed,,The Department of Sanitation investigated this complaint and issued a Notice of Violation.,01/31/2018 12:00:00 PM,Unspecified BROOKLYN,,BROOKLYN,998951,197914,ONLINE,Unspecified,BROOKLYN,,,,,,,,40.709892751529715,-73.94697367721731,"(40.709892751529715, -73.94697367721731)"
38305971,01/24/2018 02:02:00 PM,01/25/2018 12:00:00 PM,DSNY,Department of Sanitation,Dirty Conditions,E8 Canine Violation,Sidewalk,11223,1641 WEST    9 STREET,WEST    9 STREET,AVENUE P,QUENTIN ROAD,,,ADDRESS,BROOKLYN,,N/A,Closed,,The Department of Sanitation investigated this complaint and found no violation at the location.,01/25/2018 12:00:00 PM,11 BROOKLYN,3066230061,BROOKLYN,989148,160361,PHONE,Unspecified,BROOKLYN,,,,,,,,40.60682889141896,-73.9823602501288,"(40.60682889141896, -73.9823602501288)"
38293490,01/24/2018 12:24:00 PM,01/31/2018 12:00:00 PM,DSNY,Department of Sanitation,Dirty Conditions,E8 Canine Violation,Sidewalk,11373,,,,,GLEANE STREET,BAXTER AVENUE,INTERSECTION,Elmhurst,,N/A,Closed,,The Department of Sanitation investigated this complaint and found no violation at the location.,01/31/2018 12:00:00 PM,Unspecified QUEENS,,QUEENS,1016790,211692,PHONE,Unspecified,QUEENS,,,,,,,,40.747662339910256,-73.88256205694395,"(40.747662339910256, -73.88256205694395)"
38293491,01/24/2018 11:05:00 AM,02/10/2018 12:00:00 PM,DSNY,Department of Sanitation,Dirty Conditions,E8 Canine Violation,Sidewalk,10065,,,,,EAST 67 STREET,1 AVENUE,INTERSECTION,NEW YORK,,N/A,Closed,,The Department of Sanitation investigated this complaint and found no violation at the location.,02/10/2018 12:00:00 PM,Unspecified MANHATTAN,,MANHATTAN,995795,217850,PHONE,Unspecified,MANHATTAN,,,,,,,,40.76461681260692,-73.95832311500644,"(40.76461681260692, -73.95832311500644)"
38296470,01/24/2018 10:48:00 AM,01/31/2018 12:00:00 PM,DSNY,Department of Sanitation,Dirty Conditions,E8 Canine Violation,Sidewalk,11368,108-69 53 AVENUE,53 AVENUE,CORONA AVENUE,111 STREET,,,ADDRESS,Corona,,N/A,Closed,,The Department of Sanitation investigated this complaint and found no violation at the location.,01/31/2018 12:00:00 PM,04 QUEENS,4020080148,QUEENS,1025086,210080,PHONE,Unspecified,QUEENS,,,,,,,,40.74320339122499,-73.85263135504478,"(40.74320339122499, -73.85263135504478)"
38296196,01/24/2018 10:44:00 AM,02/05/2018 12:00:00 PM,DSNY,Department of Sanitation,Dirty Conditions,E8 Canine Violation,Sidewalk,10461,,,,,SACKET AVENUE,HERING AVENUE,INTERSECTION,BRONX,,N/A,Closed,,The Department of Sanitation investigated this complaint and found no violation at the location.,02/05/2018 12:00:00 PM,Unspecified BRONX,,BRONX,1026699,247924,PHONE,Unspecified,BRONX,,,,,,,,40.847067149045465,-73.84657117697313,"(40.847067149045465, -73.84657117697313)"
38292636,01/24/2018 09:03:00 AM,01/24/2018 12:00:00 PM,DSNY,Department of Sanitation,Dirty Conditions,E8 Canine Violation,Sidewalk,11354,33-40 MURRAY LANE,MURRAY LANE,33 AVENUE,34 AVENUE,,,ADDRESS,Flushing,,N/A,Closed,,The Department of Sanitation investigated this complaint and found no violation at the location.,01/24/2018 12:00:00 PM,07 QUEENS,4049920041,QUEENS,1035927,219188,PHONE,Unspecified,QUEENS,,,,,,,,40.76814577153261,-73.81343854002266,"(40.76814577153261, -73.81343854002266)"
38293309,01/24/2018 07:23:00 AM,01/31/2018 12:00:00 PM,DSNY,Department of Sanitation,Dirty Conditions,E8 Canine Violation,Sidewalk,11231,24 1 PLACE,1 PLACE,HENRY STREET,CLINTON STREET,,,ADDRESS,BROOKLYN,,N/A,Closed,,The Department of Sanitation investigated this complaint and found no violation at the location.,01/31/2018 12:00:00 PM,06 BROOKLYN,3003600017,BROOKLYN,984295,187430,PHONE,Unspecified,BROOKLYN,,,,,,,,40.68112881808025,-73.99983775558486,"(40.68112881808025, -73.99983775558486)"
38293492,01/24/2018 07:01:00 AM,01/25/2018 12:00:00 PM,DSNY,Department of Sanitation,Dirty Conditions,E8 Canine Violation,Sidewalk,11223,,,,,DANK COURT,SHELL ROAD,INTERSECTION,BROOKLYN,,N/A,Closed,,The Department of Sanitation investigated this complaint and found no violation at the location.,01/25/2018 12:00:00 PM,Unspecified BROOKLYN,,BROOKLYN,991356,152956,PHONE,Unspecified,BROOKLYN,,,,,,,,40.586502165711515,-73.97441610641407,"(40.586502165711515, -73.97441610641407)"
38294739,01/23/2018 11:10:00 PM,01/27/2018 12:00:00 PM,DSNY,Department of Sanitation,Dirty Conditions,E8 Canine Violation,Sidewalk,10472,,,,,STRATFORD AVENUE,WESTCHESTER AVENUE,INTERSECTION,BRONX,,N/A,Closed,,The Department of Sanitation investigated this complaint and found no violation at the location.,01/27/2018 12:00:00 PM,Unspecified BRONX,,BRONX,1018703,241414,ONLINE,Unspecified,BRONX,,,,,,,,40.82923392664246,-73.8755055349958,"(40.82923392664246, -73.8755055349958)"
38294163,01/23/2018 05:44:00 PM,01/24/2018 12:00:00 PM,DSNY,Department of Sanitation,Dirty Conditions,E8 Canine Violation,Sidewalk,11214,,,,,85 STREET,19 AVENUE,INTERSECTION,BROOKLYN,,N/A,Closed,,The Department of Sanitation investigated this complaint and found no violation at the location.,01/24/2018 12:00:00 PM,Unspecified BROOKLYN,,BROOKLYN,984297,160254,PHONE,Unspecified,BROOKLYN,,,,,,,,40.606536551801995,-73.99983073405309,"(40.606536551801995, -73.99983073405309)"
38294512,01/23/2018 04:49:00 PM,01/31/2018 12:00:00 PM,DSNY,Department of Sanitation,Dirty Conditions,E8 Canine Violation,Sidewalk,11432,153-30 89 AVENUE,89 AVENUE,BURDETTE PLACE,PARSONS BOULEVARD,,,ADDRESS,Jamaica,,N/A,Closed,,The Department of Sanitation investigated this complaint and found no violation at the location.,01/31/2018 12:00:00 PM,12 QUEENS,4097557501,QUEENS,1039008,196377,ONLINE,Unspecified,QUEENS,,,,,,,,40.70551683054211,-73.80250139020299,"(40.70551683054211, -73.80250139020299)"
38297452,01/23/2018 04:29:00 PM,01/31/2018 12:00:00 PM,DSNY,Department of Sanitation,Dirty Conditions,E8 Canine Violation,Sidewalk,11365,61-12 164 STREET,164 STREET,LONG ISLAND EXPRESSWAY,65 AVENUE,,,ADDRESS,Fresh Meadows,,N/A,Closed,,The Department of Sanitation investigated this complaint and found no violation at the location.,01/31/2018 12:00:00 PM,08 QUEENS,4067610037,QUEENS,1038377,208177,PHONE,Unspecified,QUEENS,,,,,,,,40.73790878215036,-73.8046823478855,"(40.73790878215036, -73.8046823478855)"
38297454,01/23/2018 04:23:00 PM,01/31/2018 12:00:00 PM,DSNY,Department of Sanitation,Dirty Conditions,E8 Canine Violation,Sidewalk,11201,375 BALTIC STREET,BALTIC STREET,SMITH STREET,HOYT STREET,,,ADDRESS,BROOKLYN,,N/A,Closed,,The Department of Sanitation investigated this complaint and found no violation at the location.,01/31/2018 12:00:00 PM,06 BROOKLYN,3003977505,BROOKLYN,986988,188544,ONLINE,Unspecified,BROOKLYN,,,,,,,,40.68418607107045,-73.99012787608845,"(40.68418607107045, -73.99012787608845)"
38296000,01/23/2018 02:19:00 PM,01/24/2018 12:00:00 PM,DSNY,Department of Sanitation,Dirty Conditions,E8 Canine Violation,Sidewalk,11203,437 EAST   43 STREET,EAST   43 STREET,CORTELYOU ROAD,CLARENDON ROAD,,,ADDRESS,BROOKLYN,,N/A,Closed,,The Department of Sanitation investigated this complaint and found no violation at the location.,01/24/2018 12:00:00 PM,17 BROOKLYN,3049430004,BROOKLYN,1001891,174203,PHONE,Unspecified,BROOKLYN,,,,,,,,40.64480606035888,-73.9364312026587,"(40.64480606035888, -73.9364312026587)"
38296941,01/23/2018 02:10:00 PM,01/31/2018 12:00:00 PM,DSNY,Department of Sanitation,Dirty Conditions,E8 Canine Violation,Sidewalk,11423,99-30 191 STREET,191 STREET,HOLLIS AVENUE,102 AVENUE,,,ADDRESS,Hollis,,N/A,Closed,,The Department of Sanitation investigated this complaint and found no violation at the location.,01/31/2018 12:00:00 PM,12 QUEENS,4108370043,QUEENS,1048821,197648,PHONE,Unspecified,QUEENS,,,,,,,,40.70893924491026,-73.76709628352178,"(40.70893924491026, -73.76709628352178)"
38291788,01/23/2018 01:30:00 PM,02/03/2018 12:00:00 PM,DSNY,Department of Sanitation,Dirty Conditions,E8 Canine Violation,Sidewalk,10465,947 CALHOUN AVENUE,CALHOUN AVENUE,LAFAYETTE AVENUE,BARKLEY AVENUE,,,ADDRESS,BRONX,,N/A,Closed,,The Department of Sanitation investigated this complaint and found no violation at the location.,02/03/2018 12:00:00 PM,10 BRONX,2055330087,BRONX,1031969,241527,ONLINE,Unspecified,BRONX,,,,,,,,40.82948236761366,-73.82756870535972,"(40.82948236761366, -73.82756870535972)"
38288059,01/23/2018 01:12:00 PM,01/27/2018 12:00:00 PM,DSNY,Department of Sanitation,Dirty Conditions,E8 Canine Violation,Sidewalk,10474,645 FAILE STREET,FAILE STREET,RANDALL AVENUE,SPOFFORD AVENUE,,,ADDRESS,BRONX,,N/A,Closed,,The Department of Sanitation investigated this complaint and found no violation at the location.,01/27/2018 12:00:00 PM,02 BRONX,2027660012,BRONX,1015758,235596,ONLINE,Unspecified,BRONX,,,,,,,,40.81327617072604,-73.88617447377023,"(40.81327617072604, -73.88617447377023)"
38286549,01/23/2018 10:53:00 AM,02/06/2018 12:00:00 PM,DSNY,Department of Sanitation,Dirty Conditions,E8 Canine Violation,Sidewalk,10312,,,,,NEDRA LANE,ARDEN AVENUE,INTERSECTION,STATEN ISLAND,,N/A,Closed,,The Department of Sanitation investigated this complaint and found no violation at the location.,02/06/2018 12:00:00 PM,Unspecified STATEN ISLAND,,STATEN ISLAND,930687,141204,PHONE,Unspecified,STATEN ISLAND,,,,,,,,40.55408631321056,-74.19275068068863,"(40.55408631321056, -74.19275068068863)"
38290312,01/23/2018 10:30:00 AM,02/02/2018 12:00:00 PM,DSNY,Department of Sanitation,Dirty Conditions,E8 Canine Violation,Sidewalk,10461,3120 BUHRE AVENUE,BUHRE AVENUE,MAHAN AVENUE,PARKVIEW AVENUE,,,ADDRESS,BRONX,,N/A,Closed,,The Department of Sanitation investigated this complaint and found no violation at the location.,02/02/2018 12:00:00 PM,10 BRONX,2041770007,BRONX,1031542,248347,PHONE,Unspecified,BRONX,,,,,,,,40.848203546686534,-73.82906356440097,"(40.848203546686534, -73.82906356440097)"
38286495,01/23/2018 08:32:00 AM,02/01/2018 12:00:00 PM,DSNY,Department of Sanitation,Dirty Conditions,E8 Canine Violation,Sidewalk,11418,91-17 107 STREET,107 STREET,91 AVENUE,92 AVENUE,,,ADDRESS,Richmond Hill,,N/A,Closed,,The Department of Sanitation investigated this complaint and found no violation at the location.,02/01/2018 12:00:00 PM,09 QUEENS,4093140066,QUEENS,1028795,191674,PHONE,Unspecified,QUEENS,,,,,,,,40.692665522966834,-73.83936817708442,"(40.692665522966834, -73.83936817708442)"
38286496,01/23/2018 07:32:00 AM,01/31/2018 12:00:00 PM,DSNY,Department of Sanitation,Dirty Conditions,E8 Canine Violation,Sidewalk,10031,,,,,RIVERSIDE DRIVE,WEST 135 STREET,INTERSECTION,NEW YORK,,N/A,Closed,,The Department of Sanitation investigated this complaint and found no violation at the location.,01/31/2018 12:00:00 PM,Unspecified MANHATTAN,,MANHATTAN,996007,238445,ONLINE,Unspecified,MANHATTAN,,,,,,,,40.821144239164035,-73.95752175267613,"(40.821144239164035, -73.95752175267613)"
38290313,01/23/2018 03:33:00 AM,02/01/2018 12:00:00 PM,DSNY,Department of Sanitation,Dirty Conditions,E8 Canine Violation,Sidewalk,11691,,,,,FERNSIDE PLACE,WATJEAN COURT,INTERSECTION,Far Rockaway,,N/A,Closed,,The Department of Sanitation investigated this complaint and issued a Notice of Violation.,02/01/2018 12:00:00 PM,Unspecified QUEENS,,QUEENS,1051556,156464,ONLINE,Unspecified,QUEENS,,,,,,,,40.59587820653467,-73.75764234365009,"(40.59587820653467, -73.75764234365009)"
38284614,01/22/2018 09:43:00 PM,01/31/2018 12:00:00 PM,DSNY,Department of Sanitation,Dirty Conditions,E8 Canine Violation,Sidewalk,10465,,,,,SWINTON AVENUE,CROSS BX EXPRESSWAY,INTERSECTION,BRONX,,N/A,Closed,,The Department of Sanitation investigated this complaint and found no violation at the location.,01/31/2018 12:00:00 PM,Unspecified BRONX,,BRONX,1032267,240123,ONLINE,Unspecified,BRONX,,,,,,,,40.82562718076062,-73.82650194172791,"(40.82562718076062, -73.82650194172791)"
38287999,01/22/2018 09:37:00 PM,01/31/2018 12:00:00 PM,DSNY,Department of Sanitation,Dirty Conditions,E8 Canine Violation,Sidewalk,10465,748 SWINTON AVENUE,SWINTON AVENUE,CROSS BRONX EXPRESSWAY,PHILIP AVENUE,,,ADDRESS,BRONX,,N/A,Closed,,The Department of Sanitation investigated this complaint and found no violation at the location.,01/31/2018 12:00:00 PM,10 BRONX,2055460133,BRONX,1032249,240156,ONLINE,Unspecified,BRONX,,,,,,,,40.82571785402881,-73.8265667442175,"(40.82571785402881, -73.8265667442175)"
38282953,01/22/2018 04:57:00 PM,01/31/2018 12:00:00 PM,DSNY,Department of Sanitation,Dirty Conditions,E8 Canine Violation,Sidewalk,10469,1520 HAMMERSLEY AVENUE,HAMMERSLEY AVENUE,EASTCHESTER ROAD,MICKLE AVENUE,,,ADDRESS,BRONX,,N/A,Closed,,The Department of Sanitation investigated this complaint and found no violation at the location.,01/31/2018 12:00:00 PM,12 BRONX,2047660010,BRONX,1027610,256773,PHONE,Unspecified,BRONX,,,,,,,,40.87135053102881,-73.8432211966599,"(40.87135053102881, -73.8432211966599)"
38287984,01/22/2018 04:09:00 PM,01/24/2018 12:00:00 PM,DSNY,Department of Sanitation,Dirty Conditions,E8 Canine Violation,Sidewalk,11224,,,,,NEPTUNE AVENUE,WEST 31 STREET,INTERSECTION,BROOKLYN,,N/A,Closed,,The Department of Sanitation investigated this complaint and found no violation at the location.,01/24/2018 12:00:00 PM,Unspecified BROOKLYN,,BROOKLYN,984840,149691,PHONE,Unspecified,BROOKLYN,,,,,,,,40.577543215593856,-73.99787609452332,"(40.577543215593856, -73.99787609452332)"
38282954,01/22/2018 04:08:00 PM,01/27/2018 12:00:00 PM,DSNY,Department of Sanitation,Dirty Conditions,E8 Canine Violation,Sidewalk,10462,2210 LYON AVENUE,LYON AVENUE,CASTLE HILL AVENUE,GLEBE AVENUE,,,ADDRESS,BRONX,,N/A,Closed,,The Department of Sanitation investigated this complaint and found no violation at the location.,01/27/2018 12:00:00 PM,10 BRONX,2039630028,BRONX,1025311,243768,PHONE,Unspecified,BRONX,,,,,,,,40.835666721707916,-73.85161343821592,"(40.835666721707916, -73.85161343821592)"
38285800,01/22/2018 03:57:00 PM,01/22/2018 03:57:00 PM,DSNY,Department of Sanitation,Dirty Conditions,E8 Canine Violation,Sidewalk,10040,,,,,BOGARDUS PLACE,HILLSIDE AVENUE,INTERSECTION,NEW YORK,,N/A,Closed,,The Department of Sanitation investigated this complaint and found no violation at the location.,01/22/2018 03:57:00 PM,Unspecified MANHATTAN,,MANHATTAN,1003581,252149,ONLINE,Unspecified,MANHATTAN,,,,,,,,40.858744389082254,-73.93011726711445,"(40.858744389082254, -73.93011726711445)"
38289180,01/22/2018 03:54:00 PM,02/01/2018 12:00:00 PM,DSNY,Department of Sanitation,Dirty Conditions,E8 Canine Violation,Sidewalk,10040,,,,,HILLSIDE AVENUE,ELLWOOD STREET,INTERSECTION,NEW YORK,,N/A,Closed,,The Department of Sanitation investigated this complaint and found no violation at the location.,02/01/2018 12:00:00 PM,Unspecified MANHATTAN,,MANHATTAN,1004270,252247,ONLINE,Unspecified,MANHATTAN,,,,,,,,40.85901183402259,-73.92762619889578,"(40.85901183402259, -73.92762619889578)"
38287204,01/22/2018 03:40:00 PM,01/23/2018 12:00:00 PM,DSNY,Department of Sanitation,Dirty Conditions,E8 Canine Violation,Sidewalk,10453,125 MOUNT HOPE PLACE,MOUNT HOPE PLACE,,,,,ADDRESS,BRONX,,N/A,Closed,,The Department of Sanitation investigated this complaint and found no violation at the location.,01/23/2018 12:00:00 PM,05 BRONX,2028050060,BRONX,1009802,248504,PHONE,Unspecified,BRONX,,,,,,,,40.8487241409771,-73.90764188396265,"(40.8487241409771, -73.90764188396265)"
38285799,01/22/2018 03:24:00 PM,02/03/2018 12:00:00 PM,DSNY,Department of Sanitation,Dirty Conditions,E8 Canine Violation,Sidewalk,10465,,,,,KENNELWORTH PLACE,AMPERE AVENUE,INTERSECTION,BRONX,,N/A,Closed,,The Department of Sanitation investigated this complaint and found no violation at the location.,02/03/2018 12:00:00 PM,Unspecified BRONX,,BRONX,1033462,247653,PHONE,Unspecified,BRONX,,,,,,,,40.84628823279219,-73.82212885689437,"(40.84628823279219, -73.82212885689437)"
38291351,01/22/2018 03:07:00 PM,01/29/2018 12:00:00 PM,DSNY,Department of Sanitation,Dirty Conditions,E8 Canine Violation,Sidewalk,11377,,,,,44 STREET,48 AVENUE,INTERSECTION,Woodside,,N/A,Closed,,The Department of Sanitation investigated this complaint and found no violation at the location.,01/29/2018 12:00:00 PM,Unspecified QUEENS,,QUEENS,1006053,208715,PHONE,Unspecified,QUEENS,,,,,,,,40.73952421324468,-73.92132187146919,"(40.73952421324468, -73.92132187146919)"
38272262,01/22/2018 12:16:00 PM,01/24/2018 12:00:00 PM,DSNY,Department of Sanitation,Dirty Conditions,E8 Canine Violation,Sidewalk,11210,3021 AVENUE I,AVENUE I,NOSTRAND AVENUE,EAST 31 STREET,,,ADDRESS,BROOKLYN,,N/A,Closed,,The Department of Sanitation investigated this complaint and found no violation at the location.,01/24/2018 12:00:00 PM,14 BROOKLYN,3075760001,BROOKLYN,998952,168518,PHONE,Unspecified,BROOKLYN,,,,,,,,40.62920731644996,-73.9470341820541,"(40.62920731644996, -73.9470341820541)"
38273518,01/22/2018 11:25:00 AM,01/29/2018 12:00:00 PM,DSNY,Department of Sanitation,Dirty Conditions,E8 Canine Violation,Sidewalk,11375,69-33 OLCOTT STREET,OLCOTT STREET,69 ROAD,70 AVENUE,,,ADDRESS,Forest Hills,,N/A,Closed,,The Department of Sanitation investigated this complaint and found no violation at the location.,01/29/2018 12:00:00 PM,06 QUEENS,4032080050,QUEENS,1024740,198677,PHONE,Unspecified,QUEENS,,,,,,,,40.711906569873214,-73.85394860622498,"(40.711906569873214, -73.85394860622498)"
38273475,01/22/2018 11:24:00 AM,01/27/2018 12:00:00 PM,DSNY,Department of Sanitation,Dirty Conditions,E8 Canine Violation,Sidewalk,11102,,,,,22 STREET,ASTORIA BOULEVARD,INTERSECTION,Astoria,,N/A,Closed,,The Department of Sanitation investigated this complaint and found no violation at the location.,01/27/2018 12:00:00 PM,Unspecified QUEENS,,QUEENS,1004989,220531,PHONE,Unspecified,QUEENS,,,,,,,,40.771958671726516,-73.92512496488682,"(40.771958671726516, -73.92512496488682)"
38278702,01/22/2018 11:15:00 AM,01/27/2018 12:00:00 PM,DSNY,Department of Sanitation,Dirty Conditions,E8 Canine Violation,Sidewalk,11104,,,,,43 AVENUE,48 STREET,INTERSECTION,Sunnyside,,N/A,Closed,,The Department of Sanitation investigated this complaint and found no violation at the location.,01/27/2018 12:00:00 PM,Unspecified QUEENS,,QUEENS,1007389,210597,PHONE,Unspecified,QUEENS,,,,,,,,40.74468643730609,-73.91649432141584,"(40.74468643730609, -73.91649432141584)"
38281366,01/22/2018 11:02:00 AM,01/29/2018 12:00:00 PM,DSNY,Department of Sanitation,Dirty Conditions,E8 Canine Violation,Sidewalk,11416,95-14 93 STREET,93 STREET,95 AVENUE,97 AVENUE,,,ADDRESS,Ozone Park,,N/A,Closed,,The Department of Sanitation investigated this complaint and found no violation at the location.,01/29/2018 12:00:00 PM,09 QUEENS,4090320010,QUEENS,1026132,189408,ONLINE,Unspecified,QUEENS,,,,,,,,40.686458886338954,-73.84898517516032,"(40.686458886338954, -73.84898517516032)"
38279984,01/22/2018 10:50:00 AM,01/27/2018 12:00:00 PM,DSNY,Department of Sanitation,Dirty Conditions,E8 Canine Violation,Sidewalk,11208,1121 GLENMORE AVENUE,GLENMORE AVENUE,LINCOLN AVENUE,SHERIDAN AVENUE,,,ADDRESS,BROOKLYN,,N/A,Closed,,The Department of Sanitation investigated this complaint and found no violation at the location.,01/27/2018 12:00:00 PM,05 BROOKLYN,3042020043,BROOKLYN,1021006,186086,PHONE,Unspecified,BROOKLYN,,,,,,,,40.67736353369901,-73.86748619319891,"(40.67736353369901, -73.86748619319891)"
38272263,01/22/2018 10:11:00 AM,01/23/2018 12:00:00 PM,DSNY,Department of Sanitation,Dirty Conditions,E8 Canine Violation,Sidewalk,10458,,,,,EAST 187 STREET,VALENTINE AVENUE,INTERSECTION,BRONX,,N/A,Closed,,The Department of Sanitation investigated this complaint and found no violation at the location.,01/23/2018 12:00:00 PM,Unspecified BRONX,,BRONX,1012783,252612,PHONE,Unspecified,BRONX,,,,,,,,40.85999023926231,-73.89684953600941,"(40.85999023926231, -73.89684953600941)"
38278703,01/22/2018 10:06:00 AM,01/31/2018 12:00:00 PM,DSNY,Department of Sanitation,Dirty Conditions,E8 Canine Violation,Sidewalk,11001,256-10 EAST WILLISTON AVENUE,EAST WILLISTON AVENUE,256 STREET,257 STREET,,,ADDRESS,Floral Park,,N/A,Closed,,The Department of Sanitation investigated this complaint and found no violation at the location.,01/31/2018 12:00:00 PM,13 QUEENS,4087990027,QUEENS,1064402,206852,PHONE,Unspecified,QUEENS,,,,,,,,40.73407443987979,-73.71078731380751,"(40.73407443987979, -73.71078731380751)"
38274715,01/22/2018 09:44:00 AM,01/31/2018 12:00:00 PM,DSNY,Department of Sanitation,Dirty Conditions,E8 Canine Violation,Sidewalk,10461,1181 SACKETT AVENUE,SACKETT AVENUE,HERING AVENUE,BEND,,,ADDRESS,BRONX,,N/A,Closed,,The Department of Sanitation investigated this complaint and found no violation at the location.,01/31/2018 12:00:00 PM,11 BRONX,2040900001,BRONX,1026760,248007,PHONE,Unspecified,BRONX,,,,,,,,40.847294665785455,-73.8463501711521,"(40.847294665785455, -73.8463501711521)"
38272243,01/22/2018 09:24:00 AM,01/31/2018 12:00:00 PM,DSNY,Department of Sanitation,Dirty Conditions,E8 Canine Violation,Sidewalk,10035,,,,,EAST 120 STREET,3 AVENUE,INTERSECTION,NEW YORK,,N/A,Closed,,The Department of Sanitation investigated this complaint and found no violation at the location.,01/31/2018 12:00:00 PM,Unspecified MANHATTAN,,MANHATTAN,1001375,230930,PHONE,Unspecified,MANHATTAN,,,,,,,,40.80050888140272,-73.93814625222925,"(40.80050888140272, -73.93814625222925)"
38273476,01/22/2018 09:22:00 AM,01/29/2018 12:00:00 PM,DSNY,Department of Sanitation,Dirty Conditions,E8 Canine Violation,Sidewalk,10035,,,,,EAST 119 STREET,3 AVENUE,INTERSECTION,NEW YORK,,N/A,Closed,,The Department of Sanitation investigated this complaint and found no violation at the location.,01/29/2018 12:00:00 PM,Unspecified MANHATTAN,,MANHATTAN,1001254,230705,PHONE,Unspecified,MANHATTAN,,,,,,,,40.799891551692184,-73.9385838614885,"(40.799891551692184, -73.9385838614885)"
38274716,01/22/2018 09:05:00 AM,02/06/2018 12:00:00 PM,DSNY,Department of Sanitation,Dirty Conditions,E8 Canine Violation,Sidewalk,10314,61 RADFORD STREET,RADFORD STREET,BEND,BEND,,,ADDRESS,STATEN ISLAND,,N/A,Closed,,The Department of Sanitation investigated this complaint and found no violation at the location.,02/06/2018 12:00:00 PM,02 STATEN ISLAND,5023820023,STATEN ISLAND,939434,154448,PHONE,Unspecified,STATEN ISLAND,,,,,,,,40.59048695766967,-74.16136178234092,"(40.59048695766967, -74.16136178234092)"
38277351,01/22/2018 08:02:00 AM,02/13/2018 12:00:00 PM,DSNY,Department of Sanitation,Dirty Conditions,E8 Canine Violation,Sidewalk,10452,1184 WALTON AVENUE,WALTON AVENUE,TUDOR PLACE,EAST 167 STREET,,,ADDRESS,BRONX,,N/A,Closed,,The Department of Sanitation investigated this complaint and found no violation at the location.,02/13/2018 12:00:00 PM,04 BRONX,2024630030,BRONX,1006450,243331,PHONE,Unspecified,BRONX,,,,,,,,40.83453483604698,-73.91977485901975,"(40.83453483604698, -73.91977485901975)"
38279997,01/22/2018 07:56:00 AM,01/23/2018 12:00:00 PM,DSNY,Department of Sanitation,Dirty Conditions,E8 Canine Violation,Sidewalk,11235,98 WEST END AVENUE,WEST END AVENUE,OCEAN COURT,HAMPTON AVENUE,,,ADDRESS,BROOKLYN,,N/A,Closed,,The Department of Sanitation investigated this complaint and found no violation at the location.,01/23/2018 12:00:00 PM,15 BROOKLYN,3087130104,BROOKLYN,997191,150436,ONLINE,Unspecified,BROOKLYN,,,,,,,,40.57957866796714,-73.95341305133985,"(40.57957866796714, -73.95341305133985)"
38272242,01/22/2018 06:18:00 AM,01/27/2018 12:00:00 PM,DSNY,Department of Sanitation,Dirty Conditions,E8 Canine Violation,Sidewalk,11378,53-01 73 STREET,73 STREET,53 AVENUE,53 ROAD,,,ADDRESS,Maspeth,,N/A,Closed,,The Department of Sanitation investigated this complaint and found no violation at the location.,01/27/2018 12:00:00 PM,05 QUEENS,4024900008,QUEENS,1014594,205672,ONLINE,Unspecified,QUEENS,,,,,,,,40.73114675511759,-73.89051464066928,"(40.73114675511759, -73.89051464066928)"
38273474,01/21/2018 10:12:00 PM,02/03/2018 12:00:00 PM,DSNY,Department of Sanitation,Dirty Conditions,E8 Canine Violation,Sidewalk,10465,254 HUNTINGTON AVENUE,HUNTINGTON AVENUE,HARDING AVENUE,LAWTON AVENUE,,,ADDRESS,BRONX,,N/A,Closed,,The Department of Sanitation investigated this complaint and found no violation at the location.,02/03/2018 12:00:00 PM,10 BRONX,2055940058,BRONX,1033654,236522,ONLINE,Unspecified,BRONX,,,,,,,,40.81573582362234,-73.82151687054188,"(40.81573582362234, -73.82151687054188)"
38276049,01/21/2018 02:35:00 PM,01/27/2018 12:00:00 PM,DSNY,Department of Sanitation,Dirty Conditions,E8 Canine Violation,Sidewalk,11378,53-21 72 STREET,72 STREET,53 ROAD,BEND,,,ADDRESS,Maspeth,,N/A,Closed,,The Department of Sanitation investigated this complaint and found no violation at the location.,01/27/2018 12:00:00 PM,05 QUEENS,4025060029,QUEENS,1014086,205439,ONLINE,Unspecified,QUEENS,,,,,,,,40.730508955820795,-73.89234860640597,"(40.730508955820795, -73.89234860640597)"
38273517,01/21/2018 02:32:00 PM,01/21/2018 02:32:00 PM,DSNY,Department of Sanitation,Dirty Conditions,E8 Canine Violation,Sidewalk,11378,53-43 72 STREET,72 STREET,53 ROAD,BEND,,,ADDRESS,Maspeth,,N/A,Closed,,The Department of Sanitation investigated this complaint and found no violation at the location.,01/21/2018 02:32:00 PM,05 QUEENS,4025060010,QUEENS,1014080,205272,ONLINE,Unspecified,QUEENS,,,,,,,,40.73005060227114,-73.89237099535391,"(40.73005060227114, -73.89237099535391)"
38269294,01/21/2018 12:02:00 PM,01/21/2018 12:02:00 PM,DSNY,Department of Sanitation,Dirty Conditions,E8 Canine Violation,Sidewalk,10455,725 EAGLE AVENUE,EAGLE AVENUE,WESTCHESTER AVENUE,EAST 156 STREET,,,ADDRESS,BRONX,,N/A,Closed,,The Department of Sanitation investigated this complaint and found no violation at the location.,01/21/2018 12:02:00 PM,01 BRONX,2026170050,BRONX,1009155,237439,PHONE,Unspecified,BRONX,,,,,,,,40.81835576917828,-73.91002155603557,"(40.81835576917828, -73.91002155603557)"
38267667,01/21/2018 10:40:00 AM,01/21/2018 12:00:00 PM,DSNY,Department of Sanitation,Dirty Conditions,E8 Canine Violation,Sidewalk,11221,,,,,PALMETTO STREET,CENTRAL AVENUE,INTERSECTION,BROOKLYN,,N/A,Closed,,The Department of Sanitation investigated this complaint and found no violation at the location.,01/21/2018 12:00:00 PM,Unspecified BROOKLYN,,BROOKLYN,1007264,191929,PHONE,Unspecified,BROOKLYN,,,,,,,,40.693447618555545,-73.91700925766494,"(40.693447618555545, -73.91700925766494)"
38271528,01/20/2018 11:04:00 PM,01/23/2018 12:00:00 PM,DSNY,Department of Sanitation,Dirty Conditions,E8 Canine Violation,Sidewalk,10457,,,,,BELMONT AVENUE,EAST 181 STREET,INTERSECTION,BRONX,,N/A,Closed,,The Department of Sanitation investigated this complaint and found no violation at the location.,01/23/2018 12:00:00 PM,Unspecified BRONX,,BRONX,1014893,248782,PHONE,Unspecified,BRONX,,,,,,,,40.84947096782233,-73.88923912980503,"(40.84947096782233, -73.88923912980503)"
38270957,01/20/2018 03:08:00 PM,01/22/2018 12:00:00 PM,DSNY,Department of Sanitation,Dirty Conditions,E8 Canine Violation,Sidewalk,11221,428 EVERGREEN AVENUE,EVERGREEN AVENUE,MENAHAN STREET,GROVE STREET,,,ADDRESS,BROOKLYN,,N/A,Closed,,The Department of Sanitation investigated this complaint and found no violation at the location.,01/22/2018 12:00:00 PM,04 BROOKLYN,3033130014,BROOKLYN,1006018,191740,ONLINE,Unspecified,BROOKLYN,,,,,,,,40.69293200990052,-73.9215030642064,"(40.69293200990052, -73.9215030642064)"
38262320,01/20/2018 12:09:00 PM,01/23/2018 12:00:00 PM,DSNY,Department of Sanitation,Dirty Conditions,E8 Canine Violation,Sidewalk,11215,345 3 STREET,3 STREET,4 AVENUE,5 AVENUE,,,ADDRESS,BROOKLYN,,N/A,Closed,,The Department of Sanitation investigated this complaint and found no violation at the location.,01/23/2018 12:00:00 PM,06 BROOKLYN,3009740050,BROOKLYN,988670,184537,PHONE,Unspecified,BROOKLYN,,,,,,,,40.67318708316365,-73.9840658905089,"(40.67318708316365, -73.9840658905089)"
38265959,01/20/2018 10:02:00 AM,01/20/2018 12:00:00 PM,DSNY,Department of Sanitation,Dirty Conditions,E8 Canine Violation,Sidewalk,11233,461 CHAUNCEY STREET,CHAUNCEY STREET,SARATOGA AVENUE,THOMAS S BOYLAND STREET,,,ADDRESS,BROOKLYN,,N/A,Closed,,The Department of Sanitation investigated this complaint and found no violation at the location.,01/20/2018 12:00:00 PM,16 BROOKLYN,3015100061,BROOKLYN,1007554,187743,ONLINE,Unspecified,BROOKLYN,,,,,,,,40.681957255270774,-73.91597796887399,"(40.681957255270774, -73.91597796887399)"
38264686,01/20/2018 07:36:00 AM,01/20/2018 12:00:00 PM,DSNY,Department of Sanitation,Dirty Conditions,E8 Canine Violation,Sidewalk,11378,52-43 73 STREET,73 STREET,52 DRIVE,52 COURT,,,ADDRESS,Maspeth,,N/A,Closed,,The Department of Sanitation investigated this complaint and found no violation at the location.,01/20/2018 12:00:00 PM,05 QUEENS,4024880009,QUEENS,1014619,206163,ONLINE,Unspecified,QUEENS,,,,,,,,40.73249434282145,-73.89042222115998,"(40.73249434282145, -73.89042222115998)"
38266776,01/20/2018 07:34:00 AM,01/20/2018 12:00:00 PM,DSNY,Department of Sanitation,Dirty Conditions,E8 Canine Violation,Sidewalk,11378,52-33 73 STREET,73 STREET,52 ROAD,52 DRIVE,,,ADDRESS,Maspeth,,N/A,Closed,,The Department of Sanitation investigated this complaint and found no violation at the location.,01/20/2018 12:00:00 PM,05 QUEENS,4024870001,QUEENS,1014628,206293,ONLINE,Unspecified,QUEENS,,,,,,,,40.732851129705324,-73.8903891603431,"(40.732851129705324, -73.8903891603431)"
38260603,01/20/2018 07:27:00 AM,01/20/2018 12:00:00 PM,DSNY,Department of Sanitation,Dirty Conditions,E8 Canine Violation,Sidewalk,11378,53-03 73 STREET,73 STREET,53 AVENUE,53 ROAD,,,ADDRESS,Maspeth,,N/A,Closed,,The Department of Sanitation investigated this complaint and found no violation at the location.,01/20/2018 12:00:00 PM,05 QUEENS,4024900007,QUEENS,1014593,205653,ONLINE,Unspecified,QUEENS,,,,,,,,40.73109460824453,-73.89051833448578,"(40.73109460824453, -73.89051833448578)"
38267307,01/20/2018 07:25:00 AM,01/20/2018 12:00:00 PM,DSNY,Department of Sanitation,Dirty Conditions,E8 Canine Violation,Sidewalk,11378,52-19 73 STREET,73 STREET,52 ROAD,52 DRIVE,,,ADDRESS,Maspeth,,N/A,Closed,,The Department of Sanitation investigated this complaint and found no violation at the location.,01/20/2018 12:00:00 PM,05 QUEENS,4024870009,QUEENS,1014635,206387,ONLINE,Unspecified,QUEENS,,,,,,,,40.733109112359415,-73.89036347824393,"(40.733109112359415, -73.89036347824393)"
38260600,01/20/2018 07:22:00 AM,01/20/2018 12:00:00 PM,DSNY,Department of Sanitation,Dirty Conditions,E8 Canine Violation,Sidewalk,11378,52-68 73 STREET,73 STREET,52 COURT,53 AVENUE,,,ADDRESS,Maspeth,,N/A,Closed,,The Department of Sanitation investigated this complaint and found no violation at the location.,01/20/2018 12:00:00 PM,05 QUEENS,4024840075,QUEENS,1014599,205918,ONLINE,Unspecified,QUEENS,,,,,,,,40.73182194712351,-73.89049549041196,"(40.73182194712351, -73.89049549041196)"
38263024,01/20/2018 07:18:00 AM,01/20/2018 12:00:00 PM,DSNY,Department of Sanitation,Dirty Conditions,E8 Canine Violation,Sidewalk,11378,52-41 73 STREET,73 STREET,52 DRIVE,52 COURT,,,ADDRESS,Maspeth,,N/A,Closed,,The Department of Sanitation investigated this complaint and found no violation at the location.,01/20/2018 12:00:00 PM,05 QUEENS,4024880010,QUEENS,1014620,206179,ONLINE,Unspecified,QUEENS,,,,,,,,40.732538255424544,-73.89041854073196,"(40.732538255424544, -73.89041854073196)"
38267306,01/20/2018 07:13:00 AM,01/20/2018 12:00:00 PM,DSNY,Department of Sanitation,Dirty Conditions,E8 Canine Violation,Sidewalk,11378,53-29 73 STREET,73 STREET,53 ROAD,BEND,,,ADDRESS,Maspeth,,N/A,Closed,,The Department of Sanitation investigated this complaint and found no violation at the location.,01/20/2018 12:00:00 PM,05 QUEENS,4024910013,QUEENS,1014584,205378,ONLINE,Unspecified,QUEENS,,,,,,,,40.73033983204576,-73.89055204742016,"(40.73033983204576, -73.89055204742016)"
38259841,01/20/2018 07:09:00 AM,01/20/2018 12:00:00 PM,DSNY,Department of Sanitation,Dirty Conditions,E8 Canine Violation,Sidewalk,11378,52-25 73 STREET,73 STREET,52 ROAD,52 DRIVE,,,ADDRESS,Maspeth,,N/A,Closed,,The Department of Sanitation investigated this complaint and found no violation at the location.,01/20/2018 12:00:00 PM,05 QUEENS,4024870005,QUEENS,1014632,206347,ONLINE,Unspecified,QUEENS,,,,,,,,40.732999332581535,-73.89037448359201,"(40.732999332581535, -73.89037448359201)"
38262317,01/20/2018 07:00:00 AM,01/20/2018 12:00:00 PM,DSNY,Department of Sanitation,Dirty Conditions,E8 Canine Violation,Sidewalk,11378,52-61 73 STREET,73 STREET,52 DRIVE,52 COURT,,,ADDRESS,Maspeth,,N/A,Closed,,The Department of Sanitation investigated this complaint and found no violation at the location.,01/20/2018 12:00:00 PM,05 QUEENS,4024880001,QUEENS,1014610,206020,ONLINE,Unspecified,QUEENS,,,,,,,,40.73210187412871,-73.89045534028168,"(40.73210187412871, -73.89045534028168)"
38266775,01/20/2018 05:09:00 AM,01/29/2018 12:00:00 PM,DSNY,Department of Sanitation,Dirty Conditions,E8 Canine Violation,Sidewalk,10030,,,,,WEST 141 STREET,ADAM CLAYTON POWELL BOULEVARD,INTERSECTION,NEW YORK,,N/A,Closed,,The Department of Sanitation investigated this complaint and found no violation at the location.,01/29/2018 12:00:00 PM,Unspecified MANHATTAN,,MANHATTAN,1000600,237701,ONLINE,Unspecified,MANHATTAN,,,,,,,,40.81909486210257,-73.94092898010243,"(40.81909486210257, -73.94092898010243)"
38267034,01/19/2018 04:36:00 PM,01/27/2018 12:00:00 PM,DSNY,Department of Sanitation,Dirty Conditions,E8 Canine Violation,Sidewalk,11225,1026 PRESIDENT STREET,PRESIDENT STREET,FRANKLIN AVENUE,BEDFORD AVENUE,,,ADDRESS,BROOKLYN,,N/A,Closed,,The Department of Sanitation investigated this complaint and found no violation at the location.,01/27/2018 12:00:00 PM,09 BROOKLYN,3012800019,BROOKLYN,996036,182894,ONLINE,Unspecified,BROOKLYN,,,,,,,,40.6686706742082,-73.95751432028796,"(40.6686706742082, -73.95751432028796)"
38266777,01/19/2018 04:10:00 PM,01/24/2018 12:00:00 PM,DSNY,Department of Sanitation,Dirty Conditions,E8 Canine Violation,Sidewalk,11223,2394 EAST    5 STREET,EAST    5 STREET,AVENUE W,ANGELA DRIVE,,,ADDRESS,BROOKLYN,,N/A,Closed,,The Department of Sanitation investigated this complaint and found no violation at the location.,01/24/2018 12:00:00 PM,15 BROOKLYN,3071800028,BROOKLYN,993750,154981,PHONE,Unspecified,BROOKLYN,,,,,,,,40.59205814327016,-73.96579408754134,"(40.59205814327016, -73.96579408754134)"
38264687,01/19/2018 02:09:00 PM,01/23/2018 12:00:00 PM,DSNY,Department of Sanitation,Dirty Conditions,E8 Canine Violation,Sidewalk,11237,,,,,STARR STREET,KNICKERBOCKER AVENUE,INTERSECTION,BROOKLYN,,N/A,Closed,,The Department of Sanitation investigated this complaint and found no violation at the location.,01/23/2018 12:00:00 PM,Unspecified BROOKLYN,,BROOKLYN,1004937,195338,ONLINE,Unspecified,BROOKLYN,,,,,,,,40.70281027107546,-73.92539017316004,"(40.70281027107546, -73.92539017316004)"
38259860,01/19/2018 01:56:00 PM,01/23/2018 12:00:00 PM,DSNY,Department of Sanitation,Dirty Conditions,E8 Canine Violation,Sidewalk,11221,,,,,WILSON AVENUE,SUYDAM STREET,INTERSECTION,BROOKLYN,,N/A,Closed,,The Department of Sanitation investigated this complaint and found no violation at the location.,01/23/2018 12:00:00 PM,Unspecified BROOKLYN,,BROOKLYN,1004955,194489,ONLINE,Unspecified,BROOKLYN,,,,,,,,40.700479923703156,-73.92532786451396,"(40.700479923703156, -73.92532786451396)"
38250935,01/19/2018 01:12:00 PM,01/23/2018 12:00:00 PM,DSNY,Department of Sanitation,Dirty Conditions,E8 Canine Violation,Sidewalk,11221,,,,,WILLOUGHBY AVENUE,WILSON AVENUE,INTERSECTION,BROOKLYN,,N/A,Closed,,The Department of Sanitation investigated this complaint and found no violation at the location.,01/23/2018 12:00:00 PM,Unspecified BROOKLYN,,BROOKLYN,1004745,194646,PHONE,Unspecified,BROOKLYN,,,,,,,,40.70091134068513,-73.92608474684033,"(40.70091134068513, -73.92608474684033)"
38252565,01/19/2018 12:59:00 PM,01/31/2018 12:00:00 PM,DSNY,Department of Sanitation,Dirty Conditions,E8 Canine Violation,Sidewalk,11432,90-01 168 STREET,168 STREET,90 AVENUE,91 AVENUE,,,ADDRESS,Jamaica,,N/A,Closed,,The Department of Sanitation investigated this complaint and found no violation at the location.,01/31/2018 12:00:00 PM,12 QUEENS,4098000005,QUEENS,1041549,197175,PHONE,Unspecified,QUEENS,,,,,,,,40.70769105653967,-73.79332987217322,"(40.70769105653967, -73.79332987217322)"
38252450,01/19/2018 11:17:00 AM,01/31/2018 12:00:00 PM,DSNY,Department of Sanitation,Dirty Conditions,E8 Canine Violation,Sidewalk,10466,737 EAST  237 STREET,EAST  237 STREET,FURMAN AVENUE,BYRON AVENUE,,,ADDRESS,BRONX,,N/A,Closed,,The Department of Sanitation investigated this complaint and found no violation at the location.,01/31/2018 12:00:00 PM,12 BRONX,2050470003,BRONX,1024661,266042,PHONE,Unspecified,BRONX,,,,,,,,40.89680499659717,-73.85382809021148,"(40.89680499659717, -73.85382809021148)"
38254210,01/19/2018 11:15:00 AM,02/05/2018 12:00:00 PM,DSNY,Department of Sanitation,Dirty Conditions,E8 Canine Violation,Sidewalk,10466,730 EAST  236 STREET,EAST  236 STREET,FURMAN AVENUE,BYRON AVENUE,,,ADDRESS,BRONX,,N/A,Closed,,The Department of Sanitation investigated this complaint and found no violation at the location.,02/05/2018 12:00:00 PM,12 BRONX,2049990068,BRONX,1024355,265466,PHONE,Unspecified,BRONX,,,,,,,,40.89522545852203,-73.85493838071939,"(40.89522545852203, -73.85493838071939)"
38246385,01/19/2018 10:18:00 AM,01/31/2018 12:00:00 PM,DSNY,Department of Sanitation,Dirty Conditions,E8 Canine Violation,Sidewalk,10002,,,,,RIDGE STREET,EAST HOUSTON STREET,INTERSECTION,NEW YORK,,N/A,Closed,,The Department of Sanitation investigated this complaint and found no violation at the location.,01/31/2018 12:00:00 PM,Unspecified MANHATTAN,,MANHATTAN,989193,201945,PHONE,Unspecified,MANHATTAN,,,,,,,,40.72096771432209,-73.98216769912628,"(40.72096771432209, -73.98216769912628)"
38246379,01/19/2018 09:30:00 AM,01/31/2018 12:00:00 PM,DSNY,Department of Sanitation,Dirty Conditions,E8 Canine Violation,Sidewalk,11435,143-06 91 AVENUE,91 AVENUE,143 STREET,144 PLACE,,,ADDRESS,Jamaica,,N/A,Closed,,The Department of Sanitation investigated this complaint and found no violation at the location.,01/31/2018 12:00:00 PM,12 QUEENS,4099840001,QUEENS,1036688,194567,PHONE,Unspecified,QUEENS,,,,,,,,40.700562869963846,-73.81088312581453,"(40.700562869963846, -73.81088312581453)"
38257275,01/19/2018 08:43:00 AM,01/29/2018 12:00:00 PM,DSNY,Department of Sanitation,Dirty Conditions,E8 Canine Violation,Sidewalk,10467,2750 OLINVILLE AVENUE,OLINVILLE AVENUE,ALLERTON AVENUE,BRITTON STREET,,,ADDRESS,BRONX,,N/A,Closed,,The Department of Sanitation investigated this complaint and found no violation at the location.,01/29/2018 12:00:00 PM,11 BRONX,2045080010,BRONX,1020667,254814,ONLINE,Unspecified,BRONX,,,,,,,,40.86600505539814,-73.86833593536616,"(40.86600505539814, -73.86833593536616)"
38249485,01/19/2018 03:22:00 AM,01/29/2018 12:00:00 PM,DSNY,Department of Sanitation,Dirty Conditions,E8 Canine Violation,Sidewalk,10467,2401 WHITE PLAINS ROAD,WHITE PLAINS ROAD,WARING AVENUE,MACE AVENUE,,,ADDRESS,BRONX,,N/A,Closed,,The Department of Sanitation investigated this complaint and found no violation at the location.,01/29/2018 12:00:00 PM,11 BRONX,2044260001,BRONX,1020904,253219,PHONE,Unspecified,BRONX,,,,,,,,40.861626287060766,-73.86748779703808,"(40.861626287060766, -73.86748779703808)"
38247887,01/19/2018 12:47:00 AM,01/29/2018 12:00:00 PM,DSNY,Department of Sanitation,Dirty Conditions,E8 Canine Violation,Sidewalk,10027,242 WEST  122 STREET,WEST  122 STREET,7 AVENUE,8 AVENUE,,,ADDRESS,NEW YORK,,N/A,Closed,,The Department of Sanitation investigated this complaint and found no violation at the location.,01/29/2018 12:00:00 PM,10 MANHATTAN,1019270056,MANHATTAN,997795,233508,ONLINE,Unspecified,MANHATTAN,,,,,,,,40.807590994929996,-73.9510716418586,"(40.807590994929996, -73.9510716418586)"
38257353,01/19/2018 12:12:00 AM,01/29/2018 12:00:00 PM,DSNY,Department of Sanitation,Dirty Conditions,E8 Canine Violation,Sidewalk,10461,1740 PILGRIM AVENUE,PILGRIM AVENUE,WESTCHESTER AVENUE,BUHRE AVENUE,,,ADDRESS,BRONX,,N/A,Closed,,The Department of Sanitation investigated this complaint and found no violation at the location.,01/29/2018 12:00:00 PM,10 BRONX,,BRONX,1030329,247677,PHONE,Unspecified,BRONX,,,,,,,,40.84637101087808,-73.83345253376805,"(40.84637101087808, -73.83345253376805)"
38247898,01/19/2018 12:09:00 AM,01/29/2018 12:00:00 PM,DSNY,Department of Sanitation,Dirty Conditions,E8 Canine Violation,Sidewalk,10461,1720 MAYFLOWER AVENUE,MAYFLOWER AVENUE,WESTCHESTER AVENUE,BUHRE AVENUE,,,ADDRESS,BRONX,,N/A,Closed,,The Department of Sanitation investigated this complaint and found no violation at the location.,01/29/2018 12:00:00 PM,10 BRONX,2041620002,BRONX,1030059,247502,PHONE,Unspecified,BRONX,,,,,,,,40.84589209305118,-73.83442961221682,"(40.84589209305118, -73.83442961221682)"
38255697,01/18/2018 09:37:00 PM,01/23/2018 12:00:00 PM,DSNY,Department of Sanitation,Dirty Conditions,E8 Canine Violation,Sidewalk,10467,3366 DECATUR AVENUE,DECATUR AVENUE,EAST 209 STREET,EAST GUN HILL ROAD,,,ADDRESS,BRONX,,N/A,Closed,,The Department of Sanitation investigated this complaint and found no violation at the location.,01/23/2018 12:00:00 PM,07 BRONX,2033550104,BRONX,1019403,259066,ONLINE,Unspecified,BRONX,,,,,,,,40.877680603920226,-73.87288355699366,"(40.877680603920226, -73.87288355699366)"
38246406,01/18/2018 07:04:00 PM,01/20/2018 12:00:00 PM,DSNY,Department of Sanitation,Dirty Conditions,E8 Canine Violation,Sidewalk,11207,,,,,DESALES PLACE,BROADWAY,INTERSECTION,BROOKLYN,,N/A,Closed,,The Department of Sanitation investigated this complaint and found no violation at the location.,01/20/2018 12:00:00 PM,Unspecified BROOKLYN,,BROOKLYN,1010244,187217,PHONE,Unspecified,BROOKLYN,,,,,,,,40.680506014774366,-73.9062812723363,"(40.680506014774366, -73.9062812723363)"
38254126,01/18/2018 06:41:00 PM,01/23/2018 12:00:00 PM,DSNY,Department of Sanitation,Dirty Conditions,E8 Canine Violation,Sidewalk,10458,250 BEDFORD PARK BOULEVARD,BEDFORD PARK BOULEVARD,VALENTINE AVENUE,BRIGGS AVENUE,,,ADDRESS,BRONX,,N/A,Closed,,The Department of Sanitation investigated this complaint and found no violation at the location.,01/23/2018 12:00:00 PM,07 BRONX,2032970043,BRONX,1015654,256608,ONLINE,Unspecified,BRONX,,,,,,,,40.87094829182761,-73.88645178719071,"(40.87094829182761, -73.88645178719071)"
38251056,01/18/2018 05:48:00 PM,01/18/2018 05:48:00 PM,DSNY,Department of Sanitation,Dirty Conditions,E8 Canine Violation,Sidewalk,10467,3028 WALLACE AVENUE,WALLACE AVENUE,ADEE AVENUE,BURKE AVENUE,,,ADDRESS,BRONX,,N/A,Closed,,The Department of Sanitation investigated this complaint and found no violation at the location.,01/18/2018 05:48:00 PM,12 BRONX,2045710016,BRONX,1021781,256303,PHONE,Unspecified,BRONX,,,,,,,,40.87008723587002,-73.86429998398982,"(40.87008723587002, -73.86429998398982)"
38249605,01/18/2018 04:03:00 PM,01/19/2018 12:00:00 PM,DSNY,Department of Sanitation,Dirty Conditions,E8 Canine Violation,Sidewalk,11211,250 NORTH   10 STREET,NORTH   10 STREET,ROEBLING STREET,FROST STREET,,,ADDRESS,BROOKLYN,,N/A,Closed,,The Department of Sanitation investigated this complaint and found no violation at the location.,01/19/2018 12:00:00 PM,01 BROOKLYN,3023070001,BROOKLYN,997332,200693,ONLINE,Unspecified,BROOKLYN,,,,,,,,40.71752298429115,-73.95280798851248,"(40.71752298429115, -73.95280798851248)"
38247886,01/18/2018 02:11:00 PM,01/18/2018 02:11:00 PM,DSNY,Department of Sanitation,Dirty Conditions,E8 Canine Violation,Sidewalk,11212,790 ROCKAWAY AVENUE,ROCKAWAY AVENUE,RIVERDALE AVENUE,NEWPORT STREET,,,ADDRESS,BROOKLYN,,N/A,Closed,,The Department of Sanitation investigated this complaint and found no violation at the location.,01/18/2018 02:11:00 PM,16 BROOKLYN,3036020043,BROOKLYN,1009669,179896,ONLINE,Unspecified,BROOKLYN,,,,,,,,40.660413187950624,-73.90838198159439,"(40.660413187950624, -73.90838198159439)"
38243415,01/18/2018 01:15:00 PM,01/27/2018 12:00:00 PM,DSNY,Department of Sanitation,Dirty Conditions,E8 Canine Violation,Sidewalk,11368,,,,,50 AVENUE,108 STREET,INTERSECTION,Corona,,N/A,Closed,,The Department of Sanitation investigated this complaint and found no violation at the location.,01/27/2018 12:00:00 PM,Unspecified QUEENS,,QUEENS,1024259,210589,PHONE,Unspecified,QUEENS,,,,,,,,40.74460424720612,-73.85561279313457,"(40.74460424720612, -73.85561279313457)"
38245172,01/18/2018 01:13:00 PM,01/18/2018 01:13:00 PM,DSNY,Department of Sanitation,Dirty Conditions,E8 Canine Violation,Sidewalk,11208,524 BERRIMAN STREET,BERRIMAN STREET,HEGEMAN AVENUE,LINDEN BOULEVARD,,,ADDRESS,BROOKLYN,,N/A,Closed,,The Department of Sanitation investigated this complaint and found no violation at the location.,01/18/2018 01:13:00 PM,05 BROOKLYN,3044760017,BROOKLYN,1018489,181849,PHONE,Unspecified,BROOKLYN,,,,,,,,40.66574402254979,-73.87658206462083,"(40.66574402254979, -73.87658206462083)"
38240815,01/18/2018 12:30:00 PM,01/18/2018 12:30:00 PM,DSNY,Department of Sanitation,Dirty Conditions,E8 Canine Violation,Sidewalk,10309,45 SANTA MONICA LANE,SANTA MONICA LANE,FOOTHILL COURT,EL CAMINO LOOP,,,ADDRESS,STATEN ISLAND,,N/A,Closed,,The Department of Sanitation investigated this complaint and found no violation at the location.,01/18/2018 12:30:00 PM,03 STATEN ISLAND,5069790031,STATEN ISLAND,925193,135100,PHONE,Unspecified,STATEN ISLAND,,,,,,,,40.537297153714846,-74.21246792114326,"(40.537297153714846, -74.21246792114326)"
38245171,01/18/2018 11:59:00 AM,01/18/2018 12:00:00 PM,DSNY,Department of Sanitation,Dirty Conditions,E8 Canine Violation,Sidewalk,11237,217 HIMROD STREET,HIMROD STREET,MYRTLE AVENUE,KNICKERBOCKER AVENUE,,,ADDRESS,BROOKLYN,,N/A,Closed,,The Department of Sanitation investigated this complaint and found no violation at the location.,01/18/2018 12:00:00 PM,04 BROOKLYN,3032680049,BROOKLYN,1006284,194103,ONLINE,Unspecified,BROOKLYN,,,,,,,,40.699417234975336,-73.92053612010149,"(40.699417234975336, -73.92053612010149)"
38240179,01/18/2018 10:50:00 AM,01/27/2018 12:00:00 PM,DSNY,Department of Sanitation,Dirty Conditions,E8 Canine Violation,Sidewalk,11206,131 HART STREET,HART STREET,MARCY AVENUE,TOMPKINS AVENUE,,,ADDRESS,BROOKLYN,,N/A,Closed,,The Department of Sanitation investigated this complaint and found no violation at the location.,01/27/2018 12:00:00 PM,03 BROOKLYN,3017670045,BROOKLYN,999105,191923,ONLINE,Unspecified,BROOKLYN,,,,,,,,40.693448605904265,-73.94643141617907,"(40.693448605904265, -73.94643141617907)"
38240180,01/18/2018 06:55:00 AM,01/18/2018 12:00:00 PM,DSNY,Department of Sanitation,Dirty Conditions,E8 Canine Violation,Sidewalk,10314,,,,,ROCKLAND AVENUE,FERNDALE AVENUE,INTERSECTION,STATEN ISLAND,,N/A,Closed,,The Department of Sanitation investigated this complaint and found no violation at the location.,01/18/2018 12:00:00 PM,Unspecified STATEN ISLAND,,STATEN ISLAND,940382,155758,ONLINE,Unspecified,STATEN ISLAND,,,,,,,,40.5940873816122,-74.15795698353256,"(40.5940873816122, -74.15795698353256)"
38244016,01/17/2018 11:22:00 PM,01/17/2018 11:22:00 PM,DSNY,Department of Sanitation,Dirty Conditions,E8 Canine Violation,Sidewalk,10452,,,,,MERRIAM AVENUE,WEST 171 STREET,INTERSECTION,BRONX,,N/A,Closed,,The Department of Sanitation investigated this complaint and found no violation at the location.,01/17/2018 11:22:00 PM,Unspecified BRONX,,BRONX,1005065,246324,PHONE,Unspecified,BRONX,,,,,,,,40.8427531214166,-73.92477060458917,"(40.8427531214166, -73.92477060458917)"
38242764,01/17/2018 05:54:00 PM,01/27/2018 12:00:00 PM,DSNY,Department of Sanitation,Dirty Conditions,E8 Canine Violation,Sidewalk,11102,25-62 30 AVENUE,30 AVENUE,27 STREET,29 STREET,,,ADDRESS,Astoria,,N/A,Closed,,The Department of Sanitation investigated this complaint and found no violation at the location.,01/27/2018 12:00:00 PM,01 QUEENS,,QUEENS,1005257,219154,PHONE,Unspecified,QUEENS,,,,,,,,40.768178533883834,-73.92416169583174,"(40.768178533883834, -73.92416169583174)"
38242133,01/17/2018 05:37:00 PM,01/17/2018 05:37:00 PM,DSNY,Department of Sanitation,Dirty Conditions,E8 Canine Violation,Sidewalk,11415,,,,,BEVERLY ROAD,AUDLEY STREET,INTERSECTION,Kew Gardens,,N/A,Closed,,The Department of Sanitation investigated this complaint and found no violation at the location.,01/17/2018 05:37:00 PM,Unspecified QUEENS,,QUEENS,1030654,197632,PHONE,Unspecified,QUEENS,,,,,,,,40.70900925708579,-73.83262348029913,"(40.70900925708579, -73.83262348029913)"
38245777,01/17/2018 05:27:00 PM,01/18/2018 12:00:00 PM,DSNY,Department of Sanitation,Dirty Conditions,E8 Canine Violation,Sidewalk,11237,205 HIMROD STREET,HIMROD STREET,MYRTLE AVENUE,KNICKERBOCKER AVENUE,,,ADDRESS,BROOKLYN,,N/A,Closed,,The Department of Sanitation investigated this complaint and found no violation at the location.,01/18/2018 12:00:00 PM,04 BROOKLYN,3032680055,BROOKLYN,1006200,193990,ONLINE,Unspecified,BROOKLYN,,,,,,,,40.699107285231854,-73.92083942757455,"(40.699107285231854, -73.92083942757455)"
38239501,01/17/2018 03:35:00 PM,01/21/2018 12:00:00 PM,DSNY,Department of Sanitation,Dirty Conditions,E8 Canine Violation,Sidewalk,11234,1583 EAST   66 STREET,EAST   66 STREET,AVENUE T,AVENUE U,,,ADDRESS,BROOKLYN,,N/A,Closed,,The Department of Sanitation investigated this complaint and found no violation at the location.,01/21/2018 12:00:00 PM,18 BROOKLYN,3084080112,BROOKLYN,1008590,164644,PHONE,Unspecified,BROOKLYN,,,,,,,,40.61855276389245,-73.91232605318152,"(40.61855276389245, -73.91232605318152)"
38237291,01/17/2018 01:37:00 PM,01/18/2018 12:00:00 PM,DSNY,Department of Sanitation,Dirty Conditions,E8 Canine Violation,Sidewalk,11231,,,,,UNION STREET,HENRY STREET,INTERSECTION,BROOKLYN,,N/A,Closed,,The Department of Sanitation investigated this complaint and found no violation at the location.,01/18/2018 12:00:00 PM,Unspecified BROOKLYN,,BROOKLYN,984326,188284,PHONE,Unspecified,BROOKLYN,,,,,,,,40.683472853523725,-73.99972597757812,"(40.683472853523725, -73.99972597757812)"
38234491,01/17/2018 11:54:00 AM,01/31/2018 12:00:00 PM,DSNY,Department of Sanitation,Dirty Conditions,E8 Canine Violation,Sidewalk,10028,,,,,EAST 82 STREET,1 AVENUE,INTERSECTION,NEW YORK,,N/A,Closed,,The Department of Sanitation investigated this complaint and found no violation at the location.,01/31/2018 12:00:00 PM,Unspecified MANHATTAN,,MANHATTAN,997749,221376,PHONE,Unspecified,MANHATTAN,,,,,,,,40.77429199620054,-73.9512621899307,"(40.77429199620054, -73.9512621899307)"
38234493,01/17/2018 10:42:00 AM,01/27/2018 12:00:00 PM,DSNY,Department of Sanitation,Dirty Conditions,E8 Canine Violation,Sidewalk,11415,84-43 120 STREET,120 STREET,84 AVENUE,85 AVENUE,,,ADDRESS,Kew Gardens,,N/A,Closed,,The Department of Sanitation investigated this complaint and found no violation at the location.,01/27/2018 12:00:00 PM,09 QUEENS,4092360038,QUEENS,1030975,195657,ONLINE,Unspecified,QUEENS,,,,,,,,40.703586668708006,-73.83147935954544,"(40.703586668708006, -73.83147935954544)"
38238951,01/17/2018 10:30:00 AM,01/29/2018 12:00:00 PM,DSNY,Department of Sanitation,Dirty Conditions,E8 Canine Violation,Sidewalk,10004,25 BROAD STREET,BROAD STREET,EXCHANGE PLACE,BEAVER STREET,,,ADDRESS,NEW YORK,,N/A,Closed,,The Department of Sanitation investigated this complaint and found no violation at the location.,01/29/2018 12:00:00 PM,01 MANHATTAN,1000250019,MANHATTAN,981128,196533,ONLINE,Unspecified,MANHATTAN,,,,,,,,40.706113895406446,-74.01126037586627,"(40.706113895406446, -74.01126037586627)"
38236803,01/17/2018 07:55:00 AM,02/01/2018 12:00:00 PM,DSNY,Department of Sanitation,Dirty Conditions,E8 Canine Violation,Sidewalk,11234,6910 AVENUE U,AVENUE U,EAST 69 STREET,EAST 70 STREET,,,ADDRESS,BROOKLYN,,N/A,Closed,,The Department of Sanitation investigated this complaint and found no violation at the location.,02/01/2018 12:00:00 PM,18 BROOKLYN,3084290036,BROOKLYN,1009582,164801,ONLINE,Unspecified,BROOKLYN,,,,,,,,40.618980915279145,-73.90875223099572,"(40.618980915279145, -73.90875223099572)"
38232473,01/16/2018 08:00:00 PM,01/16/2018 08:00:00 PM,DSNY,Department of Sanitation,Dirty Conditions,E8 Canine Violation,Sidewalk,10466,736 EAST  233 STREET,EAST  233 STREET,WHITE PLAINS ROAD,BYRON AVENUE,,,ADDRESS,BRONX,,N/A,Closed,,If the abandoned vehicle meets the criteria to be classified as a derelict (i.e. junk) the Department of Sanitation (DSNY) will investigate and tag the vehicle within three business days.,01/17/2018 12:00:00 PM,12 BRONX,2048460064,BRONX,1024037,264649,PHONE,Unspecified,BRONX,,,,,,,,40.8929844957871,-73.85609345392439,"(40.8929844957871, -73.85609345392439)"
38235372,01/16/2018 06:37:00 PM,01/23/2018 12:00:00 PM,DSNY,Department of Sanitation,Dirty Conditions,E8 Canine Violation,Sidewalk,10460,1500 LONGFELLOW AVENUE,LONGFELLOW AVENUE,JENNINGS STREET,EAST 172 STREET,,,ADDRESS,BRONX,,N/A,Closed,,The Department of Sanitation investigated this complaint and found no violation at the location.,01/23/2018 12:00:00 PM,03 BRONX,2030080017,BRONX,1015645,242532,PHONE,Unspecified,BRONX,,,,,,,,40.83231391270322,-73.88655024417346,"(40.83231391270322, -73.88655024417346)"
38236211,01/16/2018 05:59:00 PM,01/18/2018 12:00:00 PM,DSNY,Department of Sanitation,Dirty Conditions,E8 Canine Violation,Sidewalk,11219,1159 52 STREET,52 STREET,11 AVENUE,12 AVENUE,,,ADDRESS,BROOKLYN,,N/A,Closed,,The Department of Sanitation investigated this complaint and found no violation at the location.,01/18/2018 12:00:00 PM,12 BROOKLYN,3056540051,BROOKLYN,985078,170718,PHONE,Unspecified,BROOKLYN,,,,,,,,40.63525801198084,-73.99701675479521,"(40.63525801198084, -73.99701675479521)"
38234492,01/16/2018 04:04:00 PM,01/24/2018 12:00:00 PM,DSNY,Department of Sanitation,Dirty Conditions,E8 Canine Violation,Sidewalk,11370,25-56 76 STREET,76 STREET,25 AVENUE,30 AVENUE,,,ADDRESS,East Elmhurst,,N/A,Closed,,The Department of Sanitation investigated this complaint and found no violation at the location.,01/24/2018 12:00:00 PM,03 QUEENS,4010520034,QUEENS,1014096,216971,PHONE,Unspecified,QUEENS,,,,,,,,40.76216134457588,-73.89226134960273,"(40.76216134457588, -73.89226134960273)"
38233614,01/16/2018 03:52:00 PM,01/19/2018 12:00:00 PM,DSNY,Department of Sanitation,Dirty Conditions,E8 Canine Violation,Sidewalk,11361,202-06 42 AVENUE,42 AVENUE,202 STREET,203 STREET,,,ADDRESS,Bayside,,N/A,Closed,,The Department of Sanitation investigated this complaint and found no violation at the location.,01/19/2018 12:00:00 PM,11 QUEENS,4062600001,QUEENS,1044638,216253,ONLINE,Unspecified,QUEENS,,,,,,,,40.76003476532523,-73.78201705514134,"(40.76003476532523, -73.78201705514134)"
38238708,01/16/2018 03:01:00 PM,01/16/2018 03:01:00 PM,DSNY,Department of Sanitation,Dirty Conditions,E8 Canine Violation,Sidewalk,10030,,,,,WEST 136 STREET,7 AVENUE,INTERSECTION,NEW YORK,,N/A,Closed,,The Department of Sanitation investigated this complaint and found no violation at the location.,01/16/2018 03:01:00 PM,Unspecified MANHATTAN,,MANHATTAN,999969,236564,PHONE,Unspecified,MANHATTAN,,,,,,,,40.81597526242923,-73.94321138650243,"(40.81597526242923, -73.94321138650243)"
38223455,01/16/2018 12:08:00 PM,01/19/2018 12:00:00 PM,DSNY,Department of Sanitation,Dirty Conditions,E8 Canine Violation,Sidewalk,11369,,,,,96 STREET,ASTORIA BOULEVARD,INTERSECTION,East Elmhurst,,N/A,Closed,,The Department of Sanitation investigated this complaint and found no violation at the location.,01/19/2018 12:00:00 PM,Unspecified QUEENS,,QUEENS,1019362,217159,PHONE,Unspecified,QUEENS,,,,,,,,40.762658010166966,-73.87325108664405,"(40.762658010166966, -73.87325108664405)"
38226031,01/16/2018 11:59:00 AM,01/18/2018 12:00:00 PM,DSNY,Department of Sanitation,Dirty Conditions,E8 Canine Violation,Sidewalk,11221,438 LEXINGTON AVENUE,LEXINGTON AVENUE,TOMPKINS AVENUE,THROOP AVENUE,,,ADDRESS,BROOKLYN,,N/A,Closed,,The Department of Sanitation investigated this complaint and found no violation at the location.,01/18/2018 12:00:00 PM,03 BROOKLYN,3018050023,BROOKLYN,999921,190130,PHONE,Unspecified,BROOKLYN,,,,,,,,40.68852582798493,-73.9434930120119,"(40.68852582798493, -73.9434930120119)"
38229781,01/16/2018 10:04:00 AM,01/19/2018 12:00:00 PM,DSNY,Department of Sanitation,Dirty Conditions,E8 Canine Violation,Sidewalk,11360,,,,,208 STREET,15 ROAD,INTERSECTION,Bayside,,N/A,Closed,,The Department of Sanitation investigated this complaint and found no violation at the location.,01/19/2018 12:00:00 PM,Unspecified QUEENS,,QUEENS,1043615,225346,ONLINE,Unspecified,QUEENS,,,,,,,,40.784999526614975,-73.78562944442456,"(40.784999526614975, -73.78562944442456)"
38227335,01/16/2018 10:01:00 AM,01/19/2018 12:00:00 PM,DSNY,Department of Sanitation,Dirty Conditions,E8 Canine Violation,Sidewalk,11101,40-07 10 STREET,10 STREET,40 AVENUE,41 AVENUE,,,ADDRESS,Long Island City,,N/A,Closed,,The Department of Sanitation investigated this complaint and found no violation at the location.,01/19/2018 12:00:00 PM,01 QUEENS,4004700100,QUEENS,999645,215000,PHONE,Unspecified,QUEENS,,,,,,,,40.756788429462944,-73.94443133326705,"(40.756788429462944, -73.94443133326705)"
38232318,01/16/2018 07:41:00 AM,01/18/2018 12:00:00 PM,DSNY,Department of Sanitation,Dirty Conditions,E8 Canine Violation,Sidewalk,10310,60 ELM STREET,ELM STREET,RICHMOND TERRACE,HENDERSON AVENUE,,,ADDRESS,STATEN ISLAND,,N/A,Closed,,The Department of Sanitation investigated this complaint and found no violation at the location.,01/18/2018 12:00:00 PM,01 STATEN ISLAND,5001580033,STATEN ISLAND,952496,172490,ONLINE,Unspecified,STATEN ISLAND,,,,,,,,40.640064891292255,-74.11441644830025,"(40.640064891292255, -74.11441644830025)"
38215251,01/15/2018 10:29:00 AM,01/24/2018 12:00:00 PM,DSNY,Department of Sanitation,Dirty Conditions,E8 Canine Violation,Sidewalk,10014,107 BANK STREET,BANK STREET,GREENWICH STREET,WASHINGTON STREET,,,ADDRESS,NEW YORK,,N/A,Closed,,The Department of Sanitation investigated this complaint and found no violation at the location.,01/24/2018 12:00:00 PM,02 MANHATTAN,1006350034,MANHATTAN,982286,207558,ONLINE,Unspecified,MANHATTAN,,,,,,,,40.73637519198193,-74.00708693853773,"(40.73637519198193, -74.00708693853773)"
38214236,01/15/2018 09:03:00 AM,01/18/2018 12:00:00 PM,DSNY,Department of Sanitation,Dirty Conditions,E8 Canine Violation,Sidewalk,11378,,,,,52 ROAD,73 STREET,INTERSECTION,Maspeth,,N/A,Closed,,The Department of Sanitation investigated this complaint and found no violation at the location.,01/18/2018 12:00:00 PM,Unspecified QUEENS,,QUEENS,1014638,206465,PHONE,Unspecified,QUEENS,,,,,,,,40.73332319271062,-73.89035230123113,"(40.73332319271062, -73.89035230123113)"
38214226,01/14/2018 11:47:00 PM,01/18/2018 12:00:00 PM,DSNY,Department of Sanitation,Dirty Conditions,E8 Canine Violation,Sidewalk,11204,,,,,62 STREET,24 AVENUE,INTERSECTION,BROOKLYN,,N/A,Closed,,The Department of Sanitation investigated this complaint and found no violation at the location.,01/18/2018 12:00:00 PM,Unspecified BROOKLYN,,BROOKLYN,991133,162568,PHONE,Unspecified,BROOKLYN,,,,,,,,40.61288533355548,-73.97520918444853,"(40.61288533355548, -73.97520918444853)"
38220252,01/14/2018 10:23:00 PM,01/29/2018 12:00:00 PM,DSNY,Department of Sanitation,Dirty Conditions,E8 Canine Violation,Sidewalk,10027,254 WEST  121 STREET,WEST  121 STREET,7 AVENUE,ST NICHOLAS AVENUE,,,ADDRESS,NEW YORK,,N/A,Closed,,The Department of Sanitation investigated this complaint and found no violation at the location.,01/29/2018 12:00:00 PM,10 MANHATTAN,1019260054,MANHATTAN,997622,233305,ONLINE,Unspecified,MANHATTAN,,,,,,,,40.807034079627314,-73.95169697085122,"(40.807034079627314, -73.95169697085122)"
38217246,01/14/2018 10:16:00 PM,01/19/2018 12:00:00 PM,DSNY,Department of Sanitation,Dirty Conditions,E8 Canine Violation,Sidewalk,10467,3336 DECATUR AVENUE,DECATUR AVENUE,EAST 209 STREET,EAST GUN HILL ROAD,,,ADDRESS,BRONX,,N/A,Closed,,The Department of Sanitation investigated this complaint and found no violation at the location.,01/19/2018 12:00:00 PM,07 BRONX,2033550096,BRONX,1019386,258997,PHONE,Unspecified,BRONX,,,,,,,,40.87749128815894,-73.87294539235218,"(40.87749128815894, -73.87294539235218)"
38214211,01/14/2018 09:51:00 PM,01/18/2018 12:00:00 PM,DSNY,Department of Sanitation,Dirty Conditions,E8 Canine Violation,Sidewalk,11368,,,,,108 STREET,NORTHERN BOULEVARD,INTERSECTION,Corona,,N/A,Closed,,The Department of Sanitation investigated this complaint and found no violation at the location.,01/18/2018 12:00:00 PM,Unspecified QUEENS,,QUEENS,1022759,215403,ONLINE,Unspecified,QUEENS,,,,,,,,40.757824102636256,-73.86099851810266,"(40.757824102636256, -73.86099851810266)"
38216295,01/14/2018 04:01:00 PM,01/26/2018 12:00:00 PM,DSNY,Department of Sanitation,Dirty Conditions,E8 Canine Violation,Sidewalk,11214,,,,,28 AVENUE,HARWAY AVENUE,INTERSECTION,BROOKLYN,,N/A,Closed,,The Department of Sanitation investigated this complaint and found no violation at the location.,01/26/2018 12:00:00 PM,Unspecified BROOKLYN,,BROOKLYN,988149,153782,PHONE,Unspecified,BROOKLYN,,,,,,,,40.58877136177667,-73.98596186466531,"(40.58877136177667, -73.98596186466531)"
38211093,01/14/2018 10:45:00 AM,01/24/2018 12:00:00 PM,DSNY,Department of Sanitation,Dirty Conditions,E8 Canine Violation,Sidewalk,10467,679 WARING AVENUE,WARING AVENUE,OLINVILLE AVENUE,WHITE PLAINS ROAD,,,ADDRESS,BRONX,,N/A,Closed,,The Department of Sanitation investigated this complaint and found no violation at the location.,01/24/2018 12:00:00 PM,11 BRONX,2044260005,BRONX,1020699,253124,PHONE,Unspecified,BRONX,,,,,,,,40.86136638977537,-73.86822943225765,"(40.86136638977537, -73.86822943225765)"
38211094,01/13/2018 11:12:00 PM,01/18/2018 12:00:00 PM,DSNY,Department of Sanitation,Dirty Conditions,E8 Canine Violation,Sidewalk,11106,,,,,24 STREET,36 AVENUE,INTERSECTION,Astoria,,N/A,Closed,,The Department of Sanitation investigated this complaint and found no violation at the location.,01/18/2018 12:00:00 PM,Unspecified QUEENS,,QUEENS,1002465,215697,ONLINE,Unspecified,QUEENS,,,,,,,,40.758696156103746,-73.9342505825576,"(40.758696156103746, -73.9342505825576)"
38211485,01/13/2018 09:54:00 PM,01/18/2018 12:00:00 PM,DSNY,Department of Sanitation,Dirty Conditions,E8 Canine Violation,Sidewalk,11230,900 AVENUE H,AVENUE H,EAST 9 STREET,EAST 10 STREET,,,ADDRESS,BROOKLYN,,N/A,Closed,,The Department of Sanitation investigated this complaint and found no violation at the location.,01/18/2018 12:00:00 PM,14 BROOKLYN,3065120001,BROOKLYN,993171,168564,ONLINE,Unspecified,BROOKLYN,,,,,,,,40.629341284816775,-73.96786090380945,"(40.629341284816775, -73.96786090380945)"
38213600,01/13/2018 08:19:00 PM,01/13/2018 08:19:00 PM,DSNY,Department of Sanitation,Dirty Conditions,E8 Canine Violation,Sidewalk,10034,10 COOPER STREET,COOPER STREET,ACADEMY STREET,WEST 204 STREET,,,ADDRESS,NEW YORK,,N/A,Closed,,The Department of Sanitation investigated this complaint and found no violation at the location.,01/13/2018 08:19:00 PM,12 MANHATTAN,1022390031,MANHATTAN,1005002,255281,ONLINE,Unspecified,MANHATTAN,,,,,,,,40.86733755367586,-73.92497057077335,"(40.86733755367586, -73.92497057077335)"
38208081,01/13/2018 04:29:00 PM,01/16/2018 12:00:00 PM,DSNY,Department of Sanitation,Dirty Conditions,E8 Canine Violation,Sidewalk,,,,,,LINCOLN PLACE,WASHINGTON AVENUE,INTERSECTION,,,N/A,Closed,,The Department of Sanitation investigated this complaint and found no violation at the location.,01/16/2018 12:00:00 PM,Unspecified BROOKLYN,,BROOKLYN,,,PHONE,Unspecified,BROOKLYN,,,,,,,,,,
38208922,01/13/2018 03:28:00 PM,01/18/2018 12:00:00 PM,DSNY,Department of Sanitation,Dirty Conditions,E8 Canine Violation,Sidewalk,11368,110-05 56 AVENUE,56 AVENUE,CORONA AVENUE,CAROUSEL LOOP,,,ADDRESS,Corona,,N/A,Closed,,The Department of Sanitation investigated this complaint and found no violation at the location.,01/18/2018 12:00:00 PM,04 QUEENS,4020110032,QUEENS,1025398,209364,PHONE,Unspecified,QUEENS,,,,,,,,40.74123670633579,-73.85150979405516,"(40.74123670633579, -73.85150979405516)"
38208907,01/13/2018 02:25:00 PM,01/19/2018 12:00:00 PM,DSNY,Department of Sanitation,Dirty Conditions,E8 Canine Violation,Sidewalk,10459,811 FREEMAN STREET,FREEMAN STREET,UNION AVENUE,PROSPECT AVENUE,,,ADDRESS,BRONX,,N/A,Closed,,The Department of Sanitation investigated this complaint and found no violation at the location.,01/19/2018 12:00:00 PM,03 BRONX,2029680156,BRONX,1012540,241801,PHONE,Unspecified,BRONX,,,,,,,,40.83031802065347,-73.89777362165943,"(40.83031802065347, -73.89777362165943)"
38208519,01/13/2018 02:18:00 PM,01/16/2018 12:00:00 PM,DSNY,Department of Sanitation,Dirty Conditions,E8 Canine Violation,Sidewalk,11208,,,,,BELMONT AVENUE,EUCLID AVENUE,INTERSECTION,BROOKLYN,,N/A,Closed,,The Department of Sanitation investigated this complaint and found no violation at the location.,01/16/2018 12:00:00 PM,Unspecified BROOKLYN,,BROOKLYN,1019867,184908,PHONE,Unspecified,BROOKLYN,,,,,,,,40.6741348487359,-73.87159876860184,"(40.6741348487359, -73.87159876860184)"
38201937,01/13/2018 12:17:00 PM,01/16/2018 12:00:00 PM,DSNY,Department of Sanitation,Dirty Conditions,E8 Canine Violation,Sidewalk,11207,,,,,LINDEN BOULEVARD,SNEDIKER AVENUE,INTERSECTION,BROOKLYN,,N/A,Closed,,The Department of Sanitation investigated this complaint and found no violation at the location.,01/16/2018 12:00:00 PM,Unspecified BROOKLYN,,BROOKLYN,1012560,178850,PHONE,Unspecified,BROOKLYN,,,,,,,,40.657533378593065,-73.89796631466015,"(40.657533378593065, -73.89796631466015)"
38207047,01/13/2018 10:49:00 AM,01/18/2018 12:00:00 PM,DSNY,Department of Sanitation,Dirty Conditions,E8 Canine Violation,Sidewalk,11106,,,,,31 ROAD,CRESCENT STREET,INTERSECTION,Astoria,,N/A,Closed,,The Department of Sanitation investigated this complaint and found no violation at the location.,01/18/2018 12:00:00 PM,Unspecified QUEENS,,QUEENS,1004454,217930,PHONE,Unspecified,QUEENS,,,,,,,,40.764820843672666,-73.92706431966567,"(40.764820843672666, -73.92706431966567)"
38204551,01/13/2018 10:46:00 AM,01/18/2018 12:00:00 PM,DSNY,Department of Sanitation,Dirty Conditions,E8 Canine Violation,Sidewalk,11106,31-35 CRESCENT STREET,CRESCENT STREET,31 ROAD,31 DRIVE,,,ADDRESS,Astoria,,N/A,Closed,,The Department of Sanitation investigated this complaint and found no violation at the location.,01/18/2018 12:00:00 PM,01 QUEENS,4005790036,QUEENS,1004421,217880,PHONE,Unspecified,QUEENS,,,,,,,,40.76468368198577,-73.92718359841146,"(40.76468368198577, -73.92718359841146)"
38200145,01/13/2018 10:34:00 AM,01/19/2018 12:00:00 PM,DSNY,Department of Sanitation,Dirty Conditions,E8 Canine Violation,Sidewalk,11375,65-12 FLEET STREET,FLEET STREET,GROTON STREET,,,,ADDRESS,Forest Hills,,N/A,Closed,,The Department of Sanitation investigated this complaint and found no violation at the location.,01/19/2018 12:00:00 PM,06 QUEENS,4031500087,QUEENS,1023668,201484,PHONE,Unspecified,QUEENS,,,,,,,,40.71961594384015,-73.85779897167086,"(40.71961594384015, -73.85779897167086)"
38201182,01/13/2018 09:01:00 AM,01/18/2018 12:00:00 PM,DSNY,Department of Sanitation,Dirty Conditions,E8 Canine Violation,Sidewalk,10019,,,,,WEST 55 STREET,10 AVENUE,INTERSECTION,NEW YORK,,N/A,Closed,,The Department of Sanitation investigated this complaint and found no violation at the location.,01/18/2018 12:00:00 PM,Unspecified MANHATTAN,,MANHATTAN,987157,219013,ONLINE,Unspecified,MANHATTAN,,,,,,,,40.76781600688597,-73.98950536853718,"(40.76781600688597, -73.98950536853718)"
38201938,01/13/2018 08:53:00 AM,01/19/2018 12:00:00 PM,DSNY,Department of Sanitation,Dirty Conditions,E8 Canine Violation,Sidewalk,10454,,,,,EAST 139 STREET,ST ANN'S AVENUE,INTERSECTION,BRONX,,N/A,Closed,,The Department of Sanitation investigated this complaint and found no violation at the location.,01/19/2018 12:00:00 PM,Unspecified BRONX,,BRONX,1007223,233484,PHONE,Unspecified,BRONX,,,,,,,,40.80750563722279,-73.9170151465656,"(40.80750563722279, -73.9170151465656)"
38200192,01/12/2018 09:33:00 PM,01/18/2018 12:00:00 PM,DSNY,Department of Sanitation,Dirty Conditions,E8 Canine Violation,Sidewalk,10314,157 ROMAN AVENUE,ROMAN AVENUE,ARLENE STREET,ELSON STREET,,,ADDRESS,STATEN ISLAND,,N/A,Closed,,The Department of Sanitation investigated this complaint and found no violation at the location.,01/18/2018 12:00:00 PM,02 STATEN ISLAND,5016020017,STATEN ISLAND,938144,163602,ONLINE,Unspecified,STATEN ISLAND,,,,,,,,40.6156061636706,-74.16606895248468,"(40.6156061636706, -74.16606895248468)"
38198502,01/12/2018 08:30:00 PM,01/24/2018 12:00:00 PM,DSNY,Department of Sanitation,Dirty Conditions,E8 Canine Violation,Sidewalk,10452,80 MCCLELLAN STREET,MCCLELLAN STREET,,,,,ADDRESS,BRONX,,N/A,Closed,,The Department of Sanitation investigated this complaint and found no violation at the location.,01/24/2018 12:00:00 PM,04 BRONX,2024780030,BRONX,1006129,243036,ONLINE,Unspecified,BRONX,,,,,,,,40.833725947526645,-73.92093583276625,"(40.833725947526645, -73.92093583276625)"
38206758,01/12/2018 08:27:00 PM,01/24/2018 12:00:00 PM,DSNY,Department of Sanitation,Dirty Conditions,E8 Canine Violation,Sidewalk,10452,1114 GERARD AVENUE,GERARD AVENUE,,,,,ADDRESS,BRONX,,N/A,Closed,,The Department of Sanitation investigated this complaint and found no violation at the location.,01/24/2018 12:00:00 PM,04 BRONX,2024780024,BRONX,1005924,242786,ONLINE,Unspecified,BRONX,,,,,,,,40.83304027529165,-73.92167744887476,"(40.83304027529165, -73.92167744887476)"
38201064,01/12/2018 08:20:00 PM,01/24/2018 12:00:00 PM,DSNY,Department of Sanitation,Dirty Conditions,E8 Canine Violation,Sidewalk,10452,1100 GERARD AVENUE,GERARD AVENUE,,,,,ADDRESS,BRONX,,N/A,Closed,,The Department of Sanitation investigated this complaint and found no violation at the location.,01/24/2018 12:00:00 PM,04 BRONX,2024780018,BRONX,1005887,242703,ONLINE,Unspecified,BRONX,,,,,,,,40.832812554998156,-73.92181142208624,"(40.832812554998156, -73.92181142208624)"
38201940,01/12/2018 08:16:00 PM,01/13/2018 12:00:00 PM,DSNY,Department of Sanitation,Dirty Conditions,E8 Canine Violation,Sidewalk,11201,68 ADAMS STREET,ADAMS STREET,FRONT STREET,YORK STREET,,,ADDRESS,BROOKLYN,,N/A,Closed,,The Department of Sanitation investigated this complaint and found no violation at the location.,01/13/2018 12:00:00 PM,02 BROOKLYN,3000510025,BROOKLYN,987415,195075,ONLINE,Unspecified,BROOKLYN,,,,,,,,40.70211201297995,-73.98858521773458,"(40.70211201297995, -73.98858521773458)"
38203685,01/12/2018 08:04:00 PM,01/24/2018 12:00:00 PM,DSNY,Department of Sanitation,Dirty Conditions,E8 Canine Violation,Sidewalk,10452,GERARD AVENUE,GERARD AVENUE,EAST  165 STREET,MCCLELLAN STREET,,,BLOCKFACE,BRONX,,N/A,Closed,,The Department of Sanitation investigated this complaint and found no violation at the location.,01/24/2018 12:00:00 PM,04 BRONX,,BRONX,1005870,242673,ONLINE,Unspecified,BRONX,,,,,,,,40.83273025529623,-73.92187295081878,"(40.83273025529623, -73.92187295081878)"
38202780,01/12/2018 05:21:00 PM,01/18/2018 12:00:00 PM,DSNY,Department of Sanitation,Dirty Conditions,E8 Canine Violation,Sidewalk,11367,69-24 140 STREET,140 STREET,69 AVENUE,69 ROAD,,,ADDRESS,Flushing,,N/A,Closed,,The Department of Sanitation investigated this complaint and found no violation at the location.,01/18/2018 12:00:00 PM,08 QUEENS,4064850003,QUEENS,1032470,205438,ONLINE,Unspecified,QUEENS,,,,,,,,40.730425094751645,-73.8260173691947,"(40.730425094751645, -73.8260173691947)"
38201183,01/12/2018 05:15:00 PM,01/18/2018 12:00:00 PM,DSNY,Department of Sanitation,Dirty Conditions,E8 Canine Violation,Sidewalk,11413,146-48 222 STREET,222 STREET,146 AVENUE,JOHNSON LANE,,,ADDRESS,Springfield Gardens,,N/A,Closed,,The vehicle you reported has been removed by the Department of Sanitation.,01/18/2018 12:00:00 PM,13 QUEENS,4134550062,QUEENS,1051176,179901,PHONE,Unspecified,QUEENS,,,,,,,,40.66021046882163,-73.75877825650183,"(40.66021046882163, -73.75877825650183)"
38202871,01/12/2018 03:37:00 PM,01/24/2018 12:00:00 PM,DSNY,Department of Sanitation,Dirty Conditions,E8 Canine Violation,Sidewalk,10467,2401 BARKER AVENUE,BARKER AVENUE,WARING AVENUE,MACE AVENUE,,,ADDRESS,BRONX,,N/A,Closed,,The Department of Sanitation investigated this complaint and found no violation at the location.,01/24/2018 12:00:00 PM,11 BRONX,,BRONX,1020364,253231,PHONE,Unspecified,BRONX,,,,,,,,40.86166144898431,-73.86943994722054,"(40.86166144898431, -73.86943994722054)"
38202781,01/12/2018 03:32:00 PM,01/24/2018 12:00:00 PM,DSNY,Department of Sanitation,Dirty Conditions,E8 Canine Violation,Sidewalk,10467,2401 WHITEPLAINS ROAD,WHITEPLAINS ROAD,WARING AVENUE,MACE AVENUE,,,ADDRESS,BRONX,,N/A,Closed,,The Department of Sanitation investigated this complaint and found no violation at the location.,01/24/2018 12:00:00 PM,11 BRONX,2044260001,BRONX,1020904,253219,PHONE,Unspecified,BRONX,,,,,,,,40.861626287060766,-73.86748779703808,"(40.861626287060766, -73.86748779703808)"
38203793,01/12/2018 03:26:00 PM,01/19/2018 12:00:00 PM,DSNY,Department of Sanitation,Dirty Conditions,E8 Canine Violation,Sidewalk,10462,,,,,PELHAM PARKWAY SOUTH,MATTHEWS AVENUE,INTERSECTION,BRONX,,N/A,Closed,,The Department of Sanitation investigated this complaint and found no violation at the location.,01/19/2018 12:00:00 PM,Unspecified BRONX,,BRONX,1022187,251447,PHONE,Unspecified,BRONX,,,,,,,,40.856757264868,-73.8628595090712,"(40.856757264868, -73.8628595090712)"
38203664,01/12/2018 03:23:00 PM,01/18/2018 12:00:00 PM,DSNY,Department of Sanitation,Dirty Conditions,E8 Canine Violation,Sidewalk,10462,2187 MATTHEWS AVENUE,MATTHEWS AVENUE,LYDIG AVENUE,PELHAM PARKWAY,,,ADDRESS,BRONX,,N/A,Closed,,The Department of Sanitation investigated this complaint and found no violation at the location.,01/18/2018 12:00:00 PM,11 BRONX,2043220043,BRONX,1022179,251227,PHONE,Unspecified,BRONX,,,,,,,,40.85615346575459,-73.86288967346701,"(40.85615346575459, -73.86288967346701)"
38205333,01/12/2018 03:07:00 PM,01/13/2018 12:00:00 PM,DSNY,Department of Sanitation,Dirty Conditions,E8 Canine Violation,Sidewalk,11416,86-43 102 AVENUE,102 AVENUE,86 STREET,88 STREET,,,ADDRESS,Ozone Park,,N/A,Closed,,The Department of Sanitation investigated this complaint and found no violation at the location.,01/13/2018 12:00:00 PM,09 QUEENS,4090870022,QUEENS,1025012,187599,PHONE,Unspecified,QUEENS,,,,,,,,40.681498829891254,-73.85303451895274,"(40.681498829891254, -73.85303451895274)"
38198503,01/12/2018 02:11:00 PM,01/18/2018 12:00:00 PM,DSNY,Department of Sanitation,Dirty Conditions,E8 Canine Violation,Sidewalk,10462,2218 LYON AVENUE,LYON AVENUE,CASTLE HILL AVENUE,GLEBE AVENUE,,,ADDRESS,BRONX,,N/A,Closed,,The Department of Sanitation investigated this complaint and found no violation at the location.,01/18/2018 12:00:00 PM,10 BRONX,2039630032,BRONX,1025361,243776,PHONE,Unspecified,BRONX,,,,,,,,40.835688446749835,-73.85143269913968,"(40.835688446749835, -73.85143269913968)"
38200013,01/12/2018 01:58:00 PM,01/13/2018 12:00:00 PM,DSNY,Department of Sanitation,Dirty Conditions,E8 Canine Violation,Sidewalk,11220,,,,,68 STREET,COLONIAL ROAD,INTERSECTION,BROOKLYN,,N/A,Closed,,The Department of Sanitation investigated this complaint and found no violation at the location.,01/13/2018 12:00:00 PM,Unspecified BROOKLYN,,BROOKLYN,975677,171820,PHONE,Unspecified,BROOKLYN,,,,,,,,40.63827865698272,-74.03088951615753,"(40.63827865698272, -74.03088951615753)"
38191192,01/12/2018 01:20:00 PM,01/13/2018 12:00:00 PM,DSNY,Department of Sanitation,Dirty Conditions,E8 Canine Violation,Sidewalk,11379,,,,,80 STREET,67 DRIVE,INTERSECTION,Middle Village,,N/A,Closed,,The Department of Sanitation investigated this complaint and found no violation at the location.,01/13/2018 12:00:00 PM,Unspecified QUEENS,,QUEENS,1019936,198674,ONLINE,Unspecified,QUEENS,,,,,,,,40.711919016203396,-73.87127709378996,"(40.711919016203396, -73.87127709378996)"
38194812,01/12/2018 12:24:00 PM,01/13/2018 12:00:00 PM,DSNY,Department of Sanitation,Dirty Conditions,E8 Canine Violation,Sidewalk,11418,,,,,89 AVENUE,132 STREET,INTERSECTION,Richmond Hill,,N/A,Closed,,The Department of Sanitation investigated this complaint and found no violation at the location.,01/13/2018 12:00:00 PM,Unspecified QUEENS,,QUEENS,1034269,194466,PHONE,Unspecified,QUEENS,,,,,,,,40.70029965298261,-73.81960793852458,"(40.70029965298261, -73.81960793852458)"
38191193,01/12/2018 12:00:00 PM,01/18/2018 12:00:00 PM,DSNY,Department of Sanitation,Dirty Conditions,E8 Canine Violation,Sidewalk,10461,34 WESTCHESTER SQUARE,WESTCHESTER SQUARE,LANE AVENUE,,,,ADDRESS,BRONX,,N/A,Closed,,The Department of Sanitation investigated this complaint and found no violation at the location.,01/18/2018 12:00:00 PM,10 BRONX,2039840030,BRONX,1027594,245832,PHONE,Unspecified,BRONX,,,,,,,,40.841320883430264,-73.84334979340767,"(40.841320883430264, -73.84334979340767)"
38197263,01/12/2018 11:58:00 AM,01/18/2018 12:00:00 PM,DSNY,Department of Sanitation,Dirty Conditions,E8 Canine Violation,Sidewalk,10461,3120 BUHRE AVENUE,BUHRE AVENUE,MAHAN AVENUE,PARKVIEW AVENUE,,,ADDRESS,BRONX,,N/A,Closed,,The Department of Sanitation investigated this complaint and found no violation at the location.,01/18/2018 12:00:00 PM,10 BRONX,2041770007,BRONX,1031542,248347,PHONE,Unspecified,BRONX,,,,,,,,40.848203546686534,-73.82906356440097,"(40.848203546686534, -73.82906356440097)"
38188780,01/12/2018 10:26:00 AM,01/13/2018 12:00:00 PM,DSNY,Department of Sanitation,Dirty Conditions,E8 Canine Violation,Sidewalk,11219,,,,,45 STREET,10 AVENUE,INTERSECTION,BROOKLYN,,N/A,Closed,,The Department of Sanitation investigated this complaint and found no violation at the location.,01/13/2018 12:00:00 PM,Unspecified BROOKLYN,,BROOKLYN,985251,172903,PHONE,Unspecified,BROOKLYN,,,,,,,,40.64125535257492,-73.99639311974758,"(40.64125535257492, -73.99639311974758)"
38198420,01/12/2018 10:23:00 AM,01/19/2018 12:00:00 PM,DSNY,Department of Sanitation,Dirty Conditions,E8 Canine Violation,Sidewalk,10453,2130 AQUEDUCT AVENUE,AQUEDUCT AVENUE,WEST 180 STREET,,,,ADDRESS,BRONX,,N/A,Closed,,The Department of Sanitation investigated this complaint and found no violation at the location.,01/19/2018 12:00:00 PM,05 BRONX,2032100088,BRONX,1009359,251416,PHONE,Unspecified,BRONX,,,,,,,,40.8567179821761,-73.90923220701589,"(40.8567179821761, -73.90923220701589)"
38189975,01/12/2018 09:46:00 AM,01/13/2018 12:00:00 PM,DSNY,Department of Sanitation,Dirty Conditions,E8 Canine Violation,Sidewalk,11210,,,,,EAST 21 STREET,AVENUE K,INTERSECTION,BROOKLYN,,N/A,Closed,,The Department of Sanitation investigated this complaint and found no violation at the location.,01/13/2018 12:00:00 PM,Unspecified BROOKLYN,,BROOKLYN,996768,166421,PHONE,Unspecified,BROOKLYN,,,,,,,,40.62345484800154,-73.95490620634025,"(40.62345484800154, -73.95490620634025)"
38189977,01/12/2018 09:44:00 AM,01/13/2018 12:00:00 PM,DSNY,Department of Sanitation,Dirty Conditions,E8 Canine Violation,Sidewalk,11210,,,,,AVENUE K,EAST 29 STREET,INTERSECTION,BROOKLYN,,N/A,Closed,,The Department of Sanitation investigated this complaint and found no violation at the location.,01/13/2018 12:00:00 PM,Unspecified BROOKLYN,,BROOKLYN,998846,166721,PHONE,Unspecified,BROOKLYN,,,,,,,,40.62427510519694,-73.94741994635024,"(40.62427510519694, -73.94741994635024)"
38189976,01/12/2018 09:38:00 AM,01/29/2018 12:00:00 PM,DSNY,Department of Sanitation,Dirty Conditions,E8 Canine Violation,Sidewalk,10462,2081 WALLACE AVENUE,WALLACE AVENUE,BRADY AVENUE,LYDIG AVENUE,,,ADDRESS,BRONX,,N/A,Closed,,The Department of Sanitation investigated this complaint and found no violation at the location.,01/29/2018 12:00:00 PM,11 BRONX,2042910001,BRONX,1021631,250007,PHONE,Unspecified,BRONX,,,,,,,,40.85280727058335,-73.86487744976048,"(40.85280727058335, -73.86487744976048)"
38197262,01/12/2018 09:31:00 AM,01/24/2018 12:00:00 PM,DSNY,Department of Sanitation,Dirty Conditions,E8 Canine Violation,Sidewalk,10024,340 WEST   91 STREET,WEST   91 STREET,WEST END AVENUE,RIVERSIDE DRIVE,,,ADDRESS,NEW YORK,,N/A,Closed,,The Department of Sanitation investigated this complaint and found no violation at the location.,01/24/2018 12:00:00 PM,07 MANHATTAN,,MANHATTAN,990650,228054,ONLINE,Unspecified,MANHATTAN,,,,,,,,40.792629319849766,-73.97688659247261,"(40.792629319849766, -73.97688659247261)"
38189978,01/12/2018 06:09:00 AM,01/19/2018 12:00:00 PM,DSNY,Department of Sanitation,Dirty Conditions,E8 Canine Violation,Sidewalk,10460,1818 TRAFALGAR PLACE,TRAFALGAR PLACE,EAST 175 STREET,EAST 176 STREET,,,ADDRESS,BRONX,,N/A,Closed,,The Department of Sanitation investigated this complaint and found no violation at the location.,01/19/2018 12:00:00 PM,06 BRONX,2029580402,BRONX,1015478,245338,PHONE,Unspecified,BRONX,,,,,,,,40.840016156451,-73.88714065482868,"(40.840016156451, -73.88714065482868)"
38197264,01/11/2018 04:39:00 PM,01/13/2018 12:00:00 PM,DSNY,Department of Sanitation,Dirty Conditions,E8 Canine Violation,Sidewalk,11102,24-20 32 STREET,32 STREET,24 AVENUE,DEAD END,,,ADDRESS,Astoria,,N/A,Closed,,The Department of Sanitation investigated this complaint and found no violation at the location.,01/13/2018 12:00:00 PM,01 QUEENS,4008370058,QUEENS,1007714,220360,PHONE,Unspecified,QUEENS,,,,,,,,40.77148250843713,-73.91528736573271,"(40.77148250843713, -73.91528736573271)"
38194811,01/11/2018 04:16:00 PM,01/31/2018 12:00:00 PM,DSNY,Department of Sanitation,Dirty Conditions,E8 Canine Violation,Sidewalk,10037,,,,,EAST 130 STREET,PARK AVENUE,INTERSECTION,NEW YORK,,N/A,Closed,,The Department of Sanitation investigated this complaint and found no violation at the location.,01/31/2018 12:00:00 PM,Unspecified MANHATTAN,,MANHATTAN,1001768,233740,ONLINE,Unspecified,MANHATTAN,,,,,,,,40.80822078632821,-73.93671944494388,"(40.80822078632821, -73.93671944494388)"
38192352,01/11/2018 03:48:00 PM,01/13/2018 12:00:00 PM,DSNY,Department of Sanitation,Dirty Conditions,E8 Canine Violation,Sidewalk,11222,,,,,NORTH 12 STREET,BEDFORD AVENUE,INTERSECTION,BROOKLYN,,N/A,Closed,,The Department of Sanitation investigated this complaint and found no violation at the location.,01/13/2018 12:00:00 PM,Unspecified BROOKLYN,,BROOKLYN,996792,201814,PHONE,Unspecified,BROOKLYN,,,,,,,,40.72060064126233,-73.95475389558149,"(40.72060064126233, -73.95475389558149)"
38192394,01/11/2018 03:31:00 PM,01/12/2018 12:00:00 PM,DSNY,Department of Sanitation,Dirty Conditions,E8 Canine Violation,Sidewalk,11201,167 SANDS STREET,SANDS STREET,BQE WESTBOUND ENTRANCE SANDS ST,BIKE PATH,,,ADDRESS,BROOKLYN,,N/A,Closed,,The Department of Sanitation investigated this complaint and found no violation at the location.,01/12/2018 12:00:00 PM,02 BROOKLYN,3000680107,BROOKLYN,988674,194234,ONLINE,Unspecified,BROOKLYN,,,,,,,,40.69980312495009,-73.98404510332922,"(40.69980312495009, -73.98404510332922)"
38191203,01/11/2018 03:08:00 PM,01/12/2018 12:00:00 PM,DSNY,Department of Sanitation,Dirty Conditions,E8 Canine Violation,Sidewalk,11220,,,,,53 STREET,3 AVENUE,INTERSECTION,BROOKLYN,,N/A,Closed,,The Department of Sanitation investigated this complaint and found no violation at the location.,01/12/2018 12:00:00 PM,Unspecified BROOKLYN,,BROOKLYN,979716,174631,PHONE,Unspecified,BROOKLYN,,,,,,,,40.645997236777575,-74.01633841897088,"(40.645997236777575, -74.01633841897088)"
38183481,01/11/2018 12:32:00 PM,01/12/2018 12:00:00 PM,DSNY,Department of Sanitation,Dirty Conditions,E8 Canine Violation,Sidewalk,11102,1-25 ASTORIA BOULEVARD,ASTORIA BOULEVARD,1 STREET,DEAD END,,,ADDRESS,Astoria,,N/A,Closed,,The Department of Sanitation investigated this complaint and found no violation at the location.,01/12/2018 12:00:00 PM,01 QUEENS,4004900101,QUEENS,1001867,221220,ONLINE,Unspecified,QUEENS,,,,,,,,40.773856569245396,-73.93639466501253,"(40.773856569245396, -73.93639466501253)"
38184364,01/11/2018 12:24:00 PM,01/12/2018 12:00:00 PM,DSNY,Department of Sanitation,Dirty Conditions,E8 Canine Violation,Sidewalk,11102,27-25 1 STREET,1 STREET,27 AVENUE,BEND,,,ADDRESS,Astoria,,N/A,Closed,,The Department of Sanitation investigated this complaint and found no violation at the location.,01/12/2018 12:00:00 PM,01 QUEENS,4004900101,QUEENS,1001852,221634,ONLINE,Unspecified,QUEENS,,,,,,,,40.77499292028254,-73.93644773734287,"(40.77499292028254, -73.93644773734287)"
38181701,01/11/2018 11:31:00 AM,01/12/2018 12:00:00 PM,DSNY,Department of Sanitation,Dirty Conditions,E8 Canine Violation,Sidewalk,11106,30-10 36 AVENUE,36 AVENUE,30 STREET,31 STREET,,,ADDRESS,Astoria,,N/A,Closed,,The Department of Sanitation investigated this complaint and found no violation at the location.,01/12/2018 12:00:00 PM,01 QUEENS,4005990130,QUEENS,1003538,215032,ONLINE,Unspecified,QUEENS,,,,,,,,40.75686862585453,-73.93037935853741,"(40.75686862585453, -73.93037935853741)"
38181700,01/11/2018 09:05:00 AM,01/12/2018 12:00:00 PM,DSNY,Department of Sanitation,Dirty Conditions,E8 Canine Violation,Sidewalk,11236,,,,,EAST 94 STREET,AVENUE M,INTERSECTION,BROOKLYN,,N/A,Closed,,The Department of Sanitation investigated this complaint and found no violation at the location.,01/12/2018 12:00:00 PM,Unspecified BROOKLYN,,BROOKLYN,1013182,170846,PHONE,Unspecified,BROOKLYN,,,,,,,,40.63556213300474,-73.89575885994385,"(40.63556213300474, -73.89575885994385)"
38183479,01/11/2018 09:03:00 AM,01/12/2018 12:00:00 PM,DSNY,Department of Sanitation,Dirty Conditions,E8 Canine Violation,Sidewalk,11385,866 ONDERDONK AVENUE,ONDERDONK AVENUE,CORNELIA STREET,CATALPA AVENUE,,,ADDRESS,Ridgewood,,N/A,Closed,,The Department of Sanitation investigated this complaint and found no violation at the location.,01/12/2018 12:00:00 PM,05 QUEENS,4034650027,QUEENS,1011007,194966,PHONE,Unspecified,QUEENS,,,,,,,,40.701772946459336,-73.90349957770032,"(40.701772946459336, -73.90349957770032)"
38183450,01/11/2018 08:58:00 AM,01/12/2018 12:00:00 PM,DSNY,Department of Sanitation,Dirty Conditions,E8 Canine Violation,Sidewalk,10460,,,,,EAST 175 STREET,MARMION AVENUE,INTERSECTION,BRONX,,N/A,Closed,,The Department of Sanitation investigated this complaint and found no violation at the location.,01/12/2018 12:00:00 PM,Unspecified BRONX,,BRONX,1014821,245523,PHONE,Unspecified,BRONX,,,,,,,,40.84052622604017,-73.88951423545502,"(40.84052622604017, -73.88951423545502)"
38182590,01/11/2018 08:46:00 AM,01/12/2018 12:00:00 PM,DSNY,Department of Sanitation,Dirty Conditions,E8 Canine Violation,Sidewalk,10458,2439 SOUTHERN BOULEVARD,SOUTHERN BOULEVARD,EAST 187 STREET,,,,ADDRESS,BRONX,,N/A,Closed,,The Department of Sanitation investigated this complaint and found no violation at the location.,01/12/2018 12:00:00 PM,06 BRONX,2031150046,BRONX,1017072,250616,PHONE,Unspecified,BRONX,,,,,,,,40.8544969177532,-73.8813540406437,"(40.8544969177532, -73.8813540406437)"
38183480,01/11/2018 08:43:00 AM,01/13/2018 12:00:00 PM,DSNY,Department of Sanitation,Dirty Conditions,E8 Canine Violation,Sidewalk,11356,,,,,126 STREET,22 AVENUE,INTERSECTION,College Point,,N/A,Closed,,The Department of Sanitation investigated this complaint and found no violation at the location.,01/13/2018 12:00:00 PM,Unspecified QUEENS,,QUEENS,1027897,223547,PHONE,Unspecified,QUEENS,,,,,,,,40.78015335827651,-73.8423996230969,"(40.78015335827651, -73.8423996230969)"
38182591,01/11/2018 08:41:00 AM,01/12/2018 12:00:00 PM,DSNY,Department of Sanitation,Dirty Conditions,E8 Canine Violation,Sidewalk,11385,72-28 67 PLACE,67 PLACE,MYRTLE AVENUE,COOPER AVENUE,,,ADDRESS,Ridgewood,,N/A,Closed,,The Department of Sanitation investigated this complaint and found no violation at the location.,01/12/2018 12:00:00 PM,05 QUEENS,4037010042,QUEENS,1016116,194715,ONLINE,Unspecified,QUEENS,,,,,,,,40.70106708770607,-73.8850749277362,"(40.70106708770607, -73.8850749277362)"
38183476,01/11/2018 08:34:00 AM,01/12/2018 12:00:00 PM,DSNY,Department of Sanitation,Dirty Conditions,E8 Canine Violation,Sidewalk,11237,74 STARR STREET,STARR STREET,WILSON AVENUE,KNICKERBOCKER AVENUE,,,ADDRESS,BROOKLYN,,N/A,Closed,,The Department of Sanitation investigated this complaint and found no violation at the location.,01/12/2018 12:00:00 PM,04 BROOKLYN,3031970010,BROOKLYN,1004689,195001,MOBILE,Unspecified,BROOKLYN,,,,,,,,40.701885861733494,-73.9262856334443,"(40.701885861733494, -73.9262856334443)"
38185212,01/11/2018 08:23:00 AM,01/12/2018 12:00:00 PM,DSNY,Department of Sanitation,Dirty Conditions,E8 Canine Violation,Sidewalk,10458,2425 PROSPECT AVENUE,PROSPECT AVENUE,EAST 187 STREET,,,,ADDRESS,BRONX,,N/A,Closed,,The Department of Sanitation investigated this complaint and found no violation at the location.,01/12/2018 12:00:00 PM,06 BRONX,2031040082,BRONX,1016769,250508,PHONE,Unspecified,BRONX,,,,,,,,40.85420161142014,-73.88244985679152,"(40.85420161142014, -73.88244985679152)"
38186901,01/11/2018 08:10:00 AM,01/12/2018 12:00:00 PM,DSNY,Department of Sanitation,Dirty Conditions,E8 Canine Violation,Sidewalk,11234,1529 EAST   56 STREET,EAST   56 STREET,AVENUE N,MILL LANE,,,ADDRESS,BROOKLYN,,N/A,Closed,,The Department of Sanitation investigated this complaint and found no violation at the location.,01/12/2018 12:00:00 PM,18 BROOKLYN,3079010026,BROOKLYN,1006187,164551,PHONE,Unspecified,BROOKLYN,,,,,,,,40.618303773954096,-73.92098208147881,"(40.618303773954096, -73.92098208147881)"
38187782,01/11/2018 07:43:00 AM,01/18/2018 12:00:00 PM,DSNY,Department of Sanitation,Dirty Conditions,E8 Canine Violation,Sidewalk,10467,2320 BRONX PARK EAST,BRONX PARK EAST,THWAITES PLACE,WARING AVENUE,,,ADDRESS,BRONX,,N/A,Closed,,The Department of Sanitation investigated this complaint and found no violation at the location.,01/18/2018 12:00:00 PM,11 BRONX,2043400025,BRONX,1020007,252638,PHONE,Unspecified,BRONX,,,,,,,,40.860035297528064,-73.87073374247171,"(40.860035297528064, -73.87073374247171)"
38183475,01/11/2018 07:36:00 AM,01/18/2018 12:00:00 PM,DSNY,Department of Sanitation,Dirty Conditions,E8 Canine Violation,Sidewalk,11221,1125 MADISON STREET,MADISON STREET,EVERGREEN AVENUE,CENTRAL AVENUE,,,ADDRESS,BROOKLYN,,N/A,Closed,,The Department of Sanitation investigated this complaint and found no violation at the location.,01/18/2018 12:00:00 PM,04 BROOKLYN,3033590042,BROOKLYN,1007555,191454,PHONE,Unspecified,BROOKLYN,,,,,,,,40.69214309244574,-73.91596152705671,"(40.69214309244574, -73.91596152705671)"
38187816,01/10/2018 05:10:00 PM,01/11/2018 12:00:00 PM,DSNY,Department of Sanitation,Dirty Conditions,E8 Canine Violation,Sidewalk,11375,69-33 OLCOTT STREET,OLCOTT STREET,69 ROAD,70 AVENUE,,,ADDRESS,Forest Hills,,N/A,Closed,,The Department of Sanitation investigated this complaint and found no violation at the location.,01/11/2018 12:00:00 PM,06 QUEENS,4032080050,QUEENS,1024740,198677,PHONE,Unspecified,QUEENS,,,,,,,,40.711906569873214,-73.85394860622498,"(40.711906569873214, -73.85394860622498)"
38185239,01/10/2018 04:30:00 PM,01/11/2018 12:00:00 PM,DSNY,Department of Sanitation,Dirty Conditions,E8 Canine Violation,Sidewalk,11421,86-02 90 STREET,90 STREET,86 ROAD,JAMAICA AVENUE,,,ADDRESS,Woodhaven,,N/A,Closed,,The Department of Sanitation investigated this complaint and found no violation at the location.,01/11/2018 12:00:00 PM,09 QUEENS,4088680007,QUEENS,1024453,192225,PHONE,Unspecified,QUEENS,,,,,,,,40.694198677574356,-73.85502235931814,"(40.694198677574356, -73.85502235931814)"
38172779,01/10/2018 09:19:00 AM,01/12/2018 12:00:00 PM,DSNY,Department of Sanitation,Dirty Conditions,E8 Canine Violation,Sidewalk,10469,1255 ADEE AVENUE,ADEE AVENUE,THROOP AVENUE,BOUCK AVENUE,,,ADDRESS,BRONX,,N/A,Closed,,The Department of Sanitation investigated this complaint and found no violation at the location.,01/12/2018 12:00:00 PM,11 BRONX,2045810001,BRONX,1025670,256061,PHONE,Unspecified,BRONX,,,,,,,,40.86940562839292,-73.85024013376903,"(40.86940562839292, -73.85024013376903)"
38172746,01/10/2018 09:16:00 AM,01/11/2018 12:00:00 PM,DSNY,Department of Sanitation,Dirty Conditions,E8 Canine Violation,Sidewalk,11214,92 BAY   46 STREET,BAY   46 STREET,BATH AVENUE,HARWAY AVENUE,,,ADDRESS,BROOKLYN,,N/A,Closed,,The Department of Sanitation investigated this complaint and found no violation at the location.,01/11/2018 12:00:00 PM,13 BROOKLYN,3069000053,BROOKLYN,988001,154433,PHONE,Unspecified,BROOKLYN,,,,,,,,40.590558290492936,-73.98649436914934,"(40.590558290492936, -73.98649436914934)"
38171908,01/10/2018 09:12:00 AM,01/12/2018 12:00:00 PM,DSNY,Department of Sanitation,Dirty Conditions,E8 Canine Violation,Sidewalk,,,,,,WEST END AVENUE,WEST 62 STREET,INTERSECTION,,,N/A,Closed,,The Department of Sanitation investigated this complaint and found no violation at the location.,01/12/2018 12:00:00 PM,Unspecified MANHATTAN,,MANHATTAN,,,PHONE,Unspecified,MANHATTAN,,,,,,,,,,
38177459,01/10/2018 08:40:00 AM,01/12/2018 12:00:00 PM,DSNY,Department of Sanitation,Dirty Conditions,E8 Canine Violation,Sidewalk,10459,832 FREEMAN STREET,FREEMAN STREET,LYMAN PLACE,CHISHOLM STREET,,,ADDRESS,BRONX,,N/A,Closed,,The Department of Sanitation investigated this complaint and found no violation at the location.,01/12/2018 12:00:00 PM,03 BRONX,2029700157,BRONX,1012903,241843,PHONE,Unspecified,BRONX,,,,,,,,40.83043212835059,-73.89646173704165,"(40.83043212835059, -73.89646173704165)"
38180818,01/10/2018 08:25:00 AM,01/12/2018 12:00:00 PM,DSNY,Department of Sanitation,Dirty Conditions,E8 Canine Violation,Sidewalk,11214,1935 SHORE PARKWAY,SHORE PARKWAY,26 AVENUE,BAY 44 STREET,,,ADDRESS,BROOKLYN,,N/A,Closed,,The Department of Sanitation investigated this complaint and found no violation at the location.,01/12/2018 12:00:00 PM,13 BROOKLYN,3069330055,BROOKLYN,986483,153757,ONLINE,Unspecified,BROOKLYN,,,,,,,,40.58870331803514,-73.99196021436991,"(40.58870331803514, -73.99196021436991)"
38171900,01/10/2018 08:16:00 AM,01/25/2018 12:00:00 PM,DSNY,Department of Sanitation,Dirty Conditions,E8 Canine Violation,Sidewalk,11235,,,,,BRAGG STREET,AVENUE X,INTERSECTION,BROOKLYN,,N/A,Closed,,The Department of Sanitation investigated this complaint and found no violation at the location.,01/25/2018 12:00:00 PM,Unspecified BROOKLYN,,BROOKLYN,1002316,155849,PHONE,Unspecified,BROOKLYN,,,,,,,,40.59442730782578,-73.93494884409256,"(40.59442730782578, -73.93494884409256)"
38181079,01/10/2018 07:22:00 AM,01/12/2018 12:00:00 PM,DSNY,Department of Sanitation,Dirty Conditions,E8 Canine Violation,Sidewalk,10468,2357 DAVIDSON AVENUE,DAVIDSON AVENUE,,,,,ADDRESS,BRONX,,N/A,Closed,,The Department of Sanitation investigated this complaint and found no violation at the location.,01/12/2018 12:00:00 PM,07 BRONX,2031980031,BRONX,1010861,252787,ONLINE,Unspecified,BRONX,,,,,,,,40.8604765640745,-73.9037971125668,"(40.8604765640745, -73.9037971125668)"
38177274,01/10/2018 03:23:00 AM,01/12/2018 12:00:00 PM,DSNY,Department of Sanitation,Dirty Conditions,E8 Canine Violation,Sidewalk,11226,2160 CATON AVENUE,CATON AVENUE,FLATBUSH AVENUE,BEND,,,ADDRESS,BROOKLYN,,N/A,Closed,,The Department of Sanitation investigated this complaint and found no violation at the location.,01/12/2018 12:00:00 PM,14 BROOKLYN,3050830108,BROOKLYN,995797,177173,ONLINE,Unspecified,BROOKLYN,,,,,,,,40.65296810753562,-73.95838565453022,"(40.65296810753562, -73.95838565453022)"
38178120,01/09/2018 04:52:00 PM,01/10/2018 12:00:00 PM,DSNY,Department of Sanitation,Dirty Conditions,E8 Canine Violation,Sidewalk,10467,,,,,KNOX PLACE,WEST MOSHOLU PARKWAY NORTH,INTERSECTION,BRONX,,N/A,Closed,,The Department of Sanitation investigated this complaint and found no violation at the location.,01/10/2018 12:00:00 PM,Unspecified BRONX,,BRONX,1016248,260364,PHONE,Unspecified,BRONX,,,,,,,,40.88125521032471,-73.88428610957585,"(40.88125521032471, -73.88428610957585)"
38179049,01/09/2018 04:43:00 PM,01/10/2018 12:00:00 PM,DSNY,Department of Sanitation,Dirty Conditions,E8 Canine Violation,Sidewalk,10461,2105 BURR AVENUE,BURR AVENUE,EAST 196 STREET,PELHAM PARKWAY,,,ADDRESS,BRONX,,N/A,Closed,,The Department of Sanitation investigated this complaint and found no violation at the location.,01/10/2018 12:00:00 PM,10 BRONX,2042520025,BRONX,1031796,250786,ONLINE,Unspecified,BRONX,,,,,,,,40.8548965012792,-73.82812818935987,"(40.8548965012792, -73.82812818935987)"
38177323,01/09/2018 03:34:00 PM,01/10/2018 12:00:00 PM,DSNY,Department of Sanitation,Dirty Conditions,E8 Canine Violation,Sidewalk,11378,,,,,60 ROAD,69 STREET,INTERSECTION,Maspeth,,N/A,Closed,,The Department of Sanitation investigated this complaint and found no violation at the location.,01/10/2018 12:00:00 PM,Unspecified QUEENS,,QUEENS,1014116,201910,ONLINE,Unspecified,QUEENS,,,,,,,,40.720822614405485,-73.89225602488388,"(40.720822614405485, -73.89225602488388)"
38171877,01/09/2018 03:33:00 PM,01/10/2018 12:00:00 PM,DSNY,Department of Sanitation,Dirty Conditions,E8 Canine Violation,Sidewalk,11201,177 SANDS STREET,SANDS STREET,BQE WESTBOUND ENTRANCE SANDS ST,BIKE PATH,,,ADDRESS,BROOKLYN,,N/A,Closed,,The Department of Sanitation investigated this complaint and found no violation at the location.,01/10/2018 12:00:00 PM,02 BROOKLYN,3000680001,BROOKLYN,988793,194233,ONLINE,Unspecified,BROOKLYN,,,,,,,,40.699800319891985,-73.98361593748928,"(40.699800319891985, -73.98361593748928)"
38179845,01/09/2018 03:24:00 PM,01/10/2018 12:00:00 PM,DSNY,Department of Sanitation,Dirty Conditions,E8 Canine Violation,Sidewalk,10069,,,,,RIVERSIDE BOULEVARD,WEST 61 STREET,INTERSECTION,NEW YORK,,N/A,Closed,,"The Department of Sanitation has investigated the complaint and addressed the issue. If the problem persists, call 311 to enter a new complaint. If you are outside of New York City, please call (212) NEW-YORK (212-639-9675).",01/10/2018 12:00:00 PM,Unspecified MANHATTAN,,MANHATTAN,986464,221241,PHONE,Unspecified,MANHATTAN,,,,,,,,40.773931486688085,-73.99200645070621,"(40.773931486688085, -73.99200645070621)"
38175385,01/09/2018 02:21:00 PM,01/10/2018 12:00:00 PM,DSNY,Department of Sanitation,Dirty Conditions,E8 Canine Violation,Sidewalk,11106,,,,,34 STREET,BROADWAY,INTERSECTION,Astoria,,N/A,Closed,,The Department of Sanitation investigated this complaint and found no violation at the location.,01/10/2018 12:00:00 PM,Unspecified QUEENS,,QUEENS,1005582,216484,PHONE,Unspecified,QUEENS,,,,,,,,40.760849297642785,-73.922996872812,"(40.760849297642785, -73.922996872812)"
38165404,01/09/2018 12:37:00 PM,01/12/2018 12:00:00 PM,DSNY,Department of Sanitation,Dirty Conditions,E8 Canine Violation,Sidewalk,11210,2064 NOSTRAND AVENUE,NOSTRAND AVENUE,FARRAGUT ROAD,GLENWOOD ROAD,,,ADDRESS,BROOKLYN,,N/A,Closed,,The Department of Sanitation investigated this complaint and found no violation at the location.,01/12/2018 12:00:00 PM,14 BROOKLYN,3052520056,BROOKLYN,998708,170683,PHONE,Unspecified,BROOKLYN,,,,,,,,40.63515018364536,-73.94790858452667,"(40.63515018364536, -73.94790858452667)"
38168091,01/09/2018 10:35:00 AM,01/10/2018 12:00:00 PM,DSNY,Department of Sanitation,Dirty Conditions,E8 Canine Violation,Sidewalk,11354,34-25 LINDEN PLACE,LINDEN PLACE,34 AVENUE,35 AVENUE,,,ADDRESS,Flushing,,N/A,Closed,,The Department of Sanitation investigated this complaint and found no violation at the location.,01/10/2018 12:00:00 PM,07 QUEENS,4049510008,QUEENS,1030988,218462,ONLINE,Unspecified,QUEENS,,,,,,,,40.766180585369334,-73.83127404782203,"(40.766180585369334, -73.83127404782203)"
38164096,01/09/2018 10:01:00 AM,01/10/2018 12:00:00 PM,DSNY,Department of Sanitation,Dirty Conditions,E8 Canine Violation,Sidewalk,10035,228 EAST  122 STREET,EAST  122 STREET,3 AVENUE,2 AVENUE,,,ADDRESS,NEW YORK,,N/A,Closed,,The Department of Sanitation investigated this complaint and found no violation at the location.,01/10/2018 12:00:00 PM,11 MANHATTAN,1017860037,MANHATTAN,1001845,231266,PHONE,Unspecified,MANHATTAN,,,,,,,,40.801430185867964,-73.93644778043648,"(40.801430185867964, -73.93644778043648)"
38169588,01/09/2018 06:54:00 AM,01/11/2018 12:00:00 PM,DSNY,Department of Sanitation,Dirty Conditions,E8 Canine Violation,Sidewalk,11694,205 BEACH   98 STREET,BEACH   98 STREET,ROCKAWAY BEACH BOULEVARD,ROCKAWAY FREEWAY,,,ADDRESS,Rockaway Park,,N/A,Closed,,The Department of Sanitation investigated this complaint and found no violation at the location.,01/11/2018 12:00:00 PM,14 QUEENS,4161540032,QUEENS,1034334,152365,ONLINE,Unspecified,QUEENS,,,,,,,,40.58474134871386,-73.81968606400304,"(40.58474134871386, -73.81968606400304)"
38168125,01/08/2018 08:01:00 PM,01/09/2018 12:00:00 PM,DSNY,Department of Sanitation,Dirty Conditions,E8 Canine Violation,Sidewalk,10033,48 PINEHURST AVENUE,PINEHURST AVENUE,WEST 179 STREET,WEST 180 STREET,,,ADDRESS,NEW YORK,,N/A,Closed,,The Department of Sanitation investigated this complaint and found no violation at the location.,01/09/2018 12:00:00 PM,12 MANHATTAN,1021770160,MANHATTAN,1000920,248947,ONLINE,Unspecified,MANHATTAN,,,,,,,,40.84996128086452,-73.93974490193342,"(40.84996128086452, -73.93974490193342)"
38163996,01/08/2018 07:57:00 PM,01/09/2018 12:00:00 PM,DSNY,Department of Sanitation,Dirty Conditions,E8 Canine Violation,Sidewalk,10033,804 WEST  180 STREET,WEST  180 STREET,FT WASHINGTON AVENUE,PINEHURST AVENUE,,,ADDRESS,NEW YORK,,N/A,Closed,,The Department of Sanitation investigated this complaint and found no violation at the location.,01/09/2018 12:00:00 PM,12 MANHATTAN,1021770154,MANHATTAN,1001069,248996,ONLINE,Unspecified,MANHATTAN,,,,,,,,40.850095488766385,-73.9392062063233,"(40.850095488766385, -73.9392062063233)"
38170970,01/08/2018 07:56:00 PM,01/09/2018 12:00:00 PM,DSNY,Department of Sanitation,Dirty Conditions,E8 Canine Violation,Sidewalk,10033,854 WEST  180 STREET,WEST  180 STREET,PINEHURST AVENUE,CABRINI BOULEVARD,,,ADDRESS,NEW YORK,,N/A,Closed,,The Department of Sanitation investigated this complaint and found no violation at the location.,01/09/2018 12:00:00 PM,12 MANHATTAN,1021770163,MANHATTAN,1000823,249055,ONLINE,Unspecified,MANHATTAN,,,,,,,,40.85025789143697,-73.94009524940759,"(40.85025789143697, -73.94009524940759)"
38164099,01/08/2018 07:53:00 PM,01/09/2018 12:00:00 PM,DSNY,Department of Sanitation,Dirty Conditions,E8 Canine Violation,Sidewalk,10033,820 WEST  180 STREET,WEST  180 STREET,PINEHURST AVENUE,CABRINI BOULEVARD,,,ADDRESS,NEW YORK,,N/A,Closed,,The Department of Sanitation investigated this complaint and found no violation at the location.,01/09/2018 12:00:00 PM,12 MANHATTAN,1021770161,MANHATTAN,1000900,249038,ONLINE,Unspecified,MANHATTAN,,,,,,,,40.8502110866143,-73.93981696758314,"(40.8502110866143, -73.93981696758314)"
38166853,01/08/2018 04:47:00 PM,01/09/2018 12:00:00 PM,DSNY,Department of Sanitation,Dirty Conditions,E8 Canine Violation,Sidewalk,11413,141-02 181 STREET,181 STREET,BEND,143 AVENUE,,,ADDRESS,Springfield Gardens,,N/A,Closed,,The Department of Sanitation investigated this complaint and found no violation at the location.,01/09/2018 12:00:00 PM,12 QUEENS,4130500009,QUEENS,1050089,183650,PHONE,Unspecified,QUEENS,,,,,,,,40.67050875317824,-73.76265950565458,"(40.67050875317824, -73.76265950565458)"
38168126,01/08/2018 03:51:00 PM,01/09/2018 12:00:00 PM,DSNY,Department of Sanitation,Dirty Conditions,E8 Canine Violation,Sidewalk,11236,949 EAST   95 STREET,EAST   95 STREET,FOSTER AVENUE,FARRAGUT ROAD,,,ADDRESS,BROOKLYN,,N/A,Closed,,The Department of Sanitation investigated this complaint and found no violation at the location.,01/09/2018 12:00:00 PM,18 BROOKLYN,3081450020,BROOKLYN,1010125,174847,ONLINE,Unspecified,BROOKLYN,,,,,,,,40.64655347168149,-73.90675778724535,"(40.64655347168149, -73.90675778724535)"
38159404,01/08/2018 11:34:00 AM,01/09/2018 12:00:00 PM,DSNY,Department of Sanitation,Dirty Conditions,E8 Canine Violation,Sidewalk,10456,1499 CROTONA PLACE,CROTONA PLACE,ST PAULS PLACE,EAST 171 STREET,,,ADDRESS,BRONX,,N/A,Closed,,The Department of Sanitation investigated this complaint and found no violation at the location.,01/09/2018 12:00:00 PM,03 BRONX,2029270018,BRONX,1011571,244107,PHONE,Unspecified,BRONX,,,,,,,,40.83665037289697,-73.90126572382528,"(40.83665037289697, -73.90126572382528)"
38150600,01/07/2018 02:21:00 PM,01/10/2018 12:00:00 PM,DSNY,Department of Sanitation,Dirty Conditions,E8 Canine Violation,Sidewalk,10014,14 JONES STREET,JONES STREET,WEST 4 STREET,BLEECKER STREET,,,ADDRESS,NEW YORK,,N/A,Closed,,The Department of Sanitation investigated this complaint and found no violation at the location.,01/10/2018 12:00:00 PM,02 MANHATTAN,1005900021,MANHATTAN,983683,206027,ONLINE,Unspecified,MANHATTAN,,,,,,,,40.732173173851336,-74.00204584559738,"(40.732173173851336, -74.00204584559738)"
38135814,01/06/2018 08:27:00 AM,01/11/2018 12:00:00 PM,DSNY,Department of Sanitation,Dirty Conditions,E8 Canine Violation,Sidewalk,11369,25-15 94 STREET,94 STREET,25 AVENUE,ASTORIA BOULEVARD,,,ADDRESS,East Elmhurst,,N/A,Closed,,The Department of Sanitation investigated this complaint and found no violation at the location.,01/11/2018 12:00:00 PM,03 QUEENS,4013680045,QUEENS,1018746,217624,ONLINE,Unspecified,QUEENS,,,,,,,,40.76393673906714,-73.87547236251379,"(40.76393673906714, -73.87547236251379)"
38138158,01/05/2018 02:43:00 PM,01/09/2018 12:00:00 PM,DSNY,Department of Sanitation,Dirty Conditions,E8 Canine Violation,Sidewalk,11207,196 ARLINGTON AVENUE,ARLINGTON AVENUE,WARWICK STREET,ASHFORD STREET,,,ADDRESS,BROOKLYN,,N/A,Closed,,The Department of Sanitation investigated this complaint and found no violation at the location.,01/09/2018 12:00:00 PM,05 BROOKLYN,3039380011,BROOKLYN,1015469,187194,ONLINE,Unspecified,BROOKLYN,,,,,,,,40.68042599930171,-73.88744319091613,"(40.68042599930171, -73.88744319091613)"
38113027,01/05/2018 12:18:00 PM,01/09/2018 12:00:00 PM,DSNY,Department of Sanitation,Dirty Conditions,E8 Canine Violation,Sidewalk,11101,44-27 PURVES STREET,PURVES STREET,JACKSON AVENUE,DEAD END,,,ADDRESS,Long Island City,,N/A,Closed,,The Department of Sanitation investigated this complaint and found no violation at the location.,01/09/2018 12:00:00 PM,02 QUEENS,4002677501,QUEENS,1000564,211409,ONLINE,Unspecified,QUEENS,,,,,,,,40.7469303975207,-73.94112289108799,"(40.7469303975207, -73.94112289108799)"
38116471,01/05/2018 10:44:00 AM,01/09/2018 12:00:00 PM,DSNY,Department of Sanitation,Dirty Conditions,E8 Canine Violation,Sidewalk,11213,377 HERKIMER STREET,HERKIMER STREET,KINGSTON AVENUE,ALBANY AVENUE,,,ADDRESS,BROOKLYN,,N/A,Closed,,The Department of Sanitation investigated this complaint and found no violation at the location.,01/09/2018 12:00:00 PM,03 BROOKLYN,3018640068,BROOKLYN,1000732,186716,PHONE,Unspecified,BROOKLYN,,,,,,,,40.67915370574556,-73.94057703430016,"(40.67915370574556, -73.94057703430016)"
38111037,01/05/2018 07:49:00 AM,01/09/2018 12:00:00 PM,DSNY,Department of Sanitation,Dirty Conditions,E8 Canine Violation,Sidewalk,10459,1412 PROSPECT AVENUE,PROSPECT AVENUE,JENNINGS STREET,EAST 170 STREET,,,ADDRESS,BRONX,,N/A,Closed,,The Department of Sanitation investigated this complaint and found no violation at the location.,01/09/2018 12:00:00 PM,03 BRONX,2029630006,BRONX,1012872,242599,PHONE,Unspecified,BRONX,,,,,,,,40.832507230316374,-73.89657053056932,"(40.832507230316374, -73.89657053056932)"
38117824,01/04/2018 08:08:00 PM,01/09/2018 12:00:00 PM,DSNY,Department of Sanitation,Dirty Conditions,E8 Canine Violation,Sidewalk,11204,1823 53 STREET,53 STREET,18 AVENUE,19 AVENUE,,,ADDRESS,BROOKLYN,,N/A,Closed,,The Department of Sanitation investigated this complaint and found no violation at the location.,01/09/2018 12:00:00 PM,12 BROOKLYN,3054740071,BROOKLYN,989092,167206,ONLINE,Unspecified,BROOKLYN,,,,,,,,40.62561702917373,-73.98255702075991,"(40.62561702917373, -73.98255702075991)"
38107091,01/04/2018 12:55:00 PM,01/09/2018 12:00:00 PM,DSNY,Department of Sanitation,Dirty Conditions,E8 Canine Violation,Sidewalk,11364,57-93 CLOVERDALE BOULEVARD,CLOVERDALE BOULEVARD,57 ROAD,59 AVENUE,,,ADDRESS,Oakland Gardens,,N/A,Closed,,The Department of Sanitation investigated this complaint and found no violation at the location.,01/09/2018 12:00:00 PM,11 QUEENS,4075210001,QUEENS,1053098,213299,ONLINE,Unspecified,QUEENS,,,,,,,,40.75186498920657,-73.75150934180516,"(40.75186498920657, -73.75150934180516)"
38106055,01/04/2018 12:50:00 PM,01/09/2018 12:00:00 PM,DSNY,Department of Sanitation,Dirty Conditions,E8 Canine Violation,Sidewalk,11364,57-93 CLOVERDALE BOULEVARD,CLOVERDALE BOULEVARD,57 ROAD,59 AVENUE,,,ADDRESS,Oakland Gardens,,N/A,Closed,,The Department of Sanitation investigated this complaint and found no violation at the location.,01/09/2018 12:00:00 PM,11 QUEENS,4075210001,QUEENS,1053098,213299,MOBILE,Unspecified,QUEENS,,,,,,,,40.75186498920657,-73.75150934180516,"(40.75186498920657, -73.75150934180516)"
38107608,01/04/2018 11:59:00 AM,01/09/2018 12:00:00 PM,DSNY,Department of Sanitation,Dirty Conditions,E8 Canine Violation,Sidewalk,10029,,,,,EAST 99 STREET,SECOND AVENUE,INTERSECTION,NEW YORK,,N/A,Closed,,The Department of Sanitation investigated this complaint and found no violation at the location.,01/09/2018 12:00:00 PM,Unspecified MANHATTAN,,MANHATTAN,999288,225706,ONLINE,Unspecified,MANHATTAN,,,,,,,,40.786174213915935,-73.94569597777486,"(40.786174213915935, -73.94569597777486)"
38107109,01/04/2018 07:43:00 AM,01/10/2018 12:00:00 PM,DSNY,Department of Sanitation,Dirty Conditions,E8 Canine Violation,Sidewalk,10473,2120 RANDALL AVENUE,RANDALL AVENUE,OLMSTEAD AVENUE,CASTLE HILL AVENUE,,,ADDRESS,BRONX,,N/A,Closed,,The Department of Sanitation investigated this complaint and found no violation at the location.,01/10/2018 12:00:00 PM,09 BRONX,2035340001,BRONX,1025645,237584,PHONE,Unspecified,BRONX,,,,,,,,40.81869187096104,-73.85044458325993,"(40.81869187096104, -73.85044458325993)"
38109518,01/03/2018 04:30:00 PM,01/10/2018 12:00:00 PM,DSNY,Department of Sanitation,Dirty Conditions,E8 Canine Violation,Sidewalk,10314,38 GALVASTON LOOP,GALVASTON LOOP,BEND,BEND,,,ADDRESS,STATEN ISLAND,,N/A,Closed,,The Department of Sanitation investigated this complaint and found no violation at the location.,01/10/2018 12:00:00 PM,02 STATEN ISLAND,5024520066,STATEN ISLAND,940705,150934,PHONE,Unspecified,STATEN ISLAND,,,,,,,,40.58084807716404,-74.15676286407421,"(40.58084807716404, -74.15676286407421)"
38105544,01/03/2018 02:09:00 PM,01/09/2018 12:00:00 PM,DSNY,Department of Sanitation,Dirty Conditions,E8 Canine Violation,Sidewalk,11225,267 ROGERS AVENUE,ROGERS AVENUE,CARROLL STREET,CROWN STREET,,,ADDRESS,BROOKLYN,,N/A,Closed,,The Department of Sanitation investigated this complaint and found no violation at the location.,01/09/2018 12:00:00 PM,09 BROOKLYN,3012890001,BROOKLYN,997143,182358,PHONE,Unspecified,BROOKLYN,,,,,,,,40.667197930939906,-73.9535248788293,"(40.667197930939906, -73.9535248788293)"
38097715,01/03/2018 01:18:00 PM,02/07/2018 12:00:00 PM,DSNY,Department of Sanitation,Dirty Conditions,E8 Canine Violation,Sidewalk,11418,,,,,116 STREET,MAYFAIR ROAD,INTERSECTION,Richmond Hill,,N/A,Closed,,The Department of Sanitation investigated this complaint and found no violation at the location.,02/07/2018 12:00:00 PM,Unspecified QUEENS,,QUEENS,1029660,196547,PHONE,Unspecified,QUEENS,,,,,,,,40.70603635098193,-73.83621608911024,"(40.70603635098193, -73.83621608911024)"
38104610,01/03/2018 11:37:00 AM,01/09/2018 12:00:00 PM,DSNY,Department of Sanitation,Dirty Conditions,E8 Canine Violation,Sidewalk,10453,,,,,MORRIS AVENUE,EAST BURNSIDE AVENUE,INTERSECTION,BRONX,,N/A,Closed,,The Department of Sanitation investigated this complaint and found no violation at the location.,01/09/2018 12:00:00 PM,Unspecified BRONX,,BRONX,1010365,250117,ONLINE,Unspecified,BRONX,,,,,,,,40.853149698235654,-73.90560062999992,"(40.853149698235654, -73.90560062999992)"
38102640,01/03/2018 01:14:00 AM,01/03/2018 12:00:00 PM,DSNY,Department of Sanitation,Dirty Conditions,E8 Canine Violation,Sidewalk,11207,576 WILLIAMS AVENUE,WILLIAMS AVENUE,RIVERDALE AVENUE,NEWPORT STREET,,,ADDRESS,BROOKLYN,,N/A,Closed,,The Department of Sanitation investigated this complaint and found no violation at the location.,01/03/2018 12:00:00 PM,05 BROOKLYN,3038350041,BROOKLYN,1012790,180368,ONLINE,Unspecified,BROOKLYN,,,,,,,,40.661699213233376,-73.89713093435454,"(40.661699213233376, -73.89713093435454)"
38097566,01/02/2018 10:00:00 PM,01/09/2018 12:00:00 PM,DSNY,Department of Sanitation,Dirty Conditions,E8 Canine Violation,Sidewalk,10451,2950 PARK AVENUE,PARK AVENUE,EAST 151 STREET,EAST 153 STREET,,,ADDRESS,BRONX,,N/A,Closed,,The Department of Sanitation investigated this complaint and found no violation at the location.,01/09/2018 12:00:00 PM,01 BRONX,2024410001,BRONX,1005544,238077,ONLINE,Unspecified,BRONX,,,,,,,,40.820116341402354,-73.92306558580785,"(40.820116341402354, -73.92306558580785)"
38099055,01/02/2018 05:22:00 PM,01/09/2018 12:00:00 PM,DSNY,Department of Sanitation,Dirty Conditions,E8 Canine Violation,Sidewalk,10027,25 CONVENT AVENUE,CONVENT AVENUE,WEST 128 STREET,WEST 129 STREET,,,ADDRESS,NEW YORK,,N/A,Closed,,The Department of Sanitation investigated this complaint and found no violation at the location.,01/09/2018 12:00:00 PM,09 MANHATTAN,1019680031,MANHATTAN,997236,235754,ONLINE,Unspecified,MANHATTAN,,,,,,,,40.81375647953048,-73.95308656195377,"(40.81375647953048, -73.95308656195377)"
38091208,01/02/2018 01:02:00 PM,01/03/2018 12:00:00 PM,DSNY,Department of Sanitation,Dirty Conditions,E8 Canine Violation,Sidewalk,11221,980 WILLOUGHBY AVENUE,WILLOUGHBY AVENUE,EVERGREEN AVENUE,CENTRAL AVENUE,,,ADDRESS,BROOKLYN,,N/A,Closed,,The Department of Sanitation investigated this complaint and found no violation at the location.,01/03/2018 12:00:00 PM,04 BROOKLYN,3032070003,BROOKLYN,1003789,193768,ONLINE,Unspecified,BROOKLYN,,,,,,,,40.6985035990476,-73.92953510817951,"(40.6985035990476, -73.92953510817951)"
38083460,01/02/2018 09:03:00 AM,01/02/2018 12:00:00 PM,DSNY,Department of Sanitation,Dirty Conditions,E8 Canine Violation,Sidewalk,11434,145-31 177 STREET,177 STREET,145 AVENUE,145 DRIVE,,,ADDRESS,Jamaica,,N/A,Closed,,The Department of Sanitation investigated this complaint and found no violation at the location.,01/02/2018 12:00:00 PM,13 QUEENS,4132930104,QUEENS,1047799,181425,PHONE,Unspecified,QUEENS,,,,,,,,40.66441837864968,-73.7709355749792,"(40.66441837864968, -73.7709355749792)"
38084855,01/01/2018 06:55:00 PM,01/09/2018 12:00:00 PM,DSNY,Department of Sanitation,Dirty Conditions,E8 Canine Violation,Sidewalk,11368,35-20 99 STREET,99 STREET,35 AVENUE,37 AVENUE,,,ADDRESS,Corona,,N/A,Closed,,The Department of Sanitation investigated this complaint and found no violation at the location.,01/09/2018 12:00:00 PM,03 QUEENS,4017390114,QUEENS,1020629,213739,PHONE,Unspecified,QUEENS,,,,,,,,40.75326587178405,-73.86869592403535,"(40.75326587178405, -73.86869592403535)"
38087919,01/01/2018 03:29:00 PM,01/02/2018 12:00:00 PM,DSNY,Department of Sanitation,Dirty Conditions,E8 Canine Violation,Sidewalk,11206,125 HART STREET,HART STREET,MARCY AVENUE,TOMPKINS AVENUE,,,ADDRESS,BROOKLYN,,N/A,Closed,,The Department of Sanitation investigated this complaint and found no violation at the location.,01/02/2018 12:00:00 PM,03 BROOKLYN,3017670047,BROOKLYN,999046,191914,ONLINE,Unspecified,BROOKLYN,,,,,,,,40.693424001827026,-73.94664419566891,"(40.693424001827026, -73.94664419566891)"
38307360,01/01/2018 11:59:00 AM,01/24/2018 12:00:00 PM,DSNY,Department of Sanitation,Dirty Conditions,E8 Canine Violation,Sidewalk,10463,150 WEST  225 STREET,WEST  225 STREET,,,,,ADDRESS,BRONX,,N/A,Closed,,The Department of Sanitation investigated this complaint and found no violation at the location.,01/24/2018 12:00:00 PM,08 BRONX,1022150042,BRONX,1008459,258120,ONLINE,Unspecified,BRONX,,,,,,,,40.87512093148135,-73.91246144190357,"(40.87512093148135, -73.91246144190357)"
