Unique Key,Created Date,Closed Date,Agency,Agency Name,Complaint Type,Descriptor,Location Type,Incident Zip,Incident Address,Street Name,Cross Street 1,Cross Street 2,Intersection Street 1,Intersection Street 2,Address Type,City,Landmark,Facility Type,Status,Due Date,Resolution Description,Resolution Action Updated Date,Community Board,BBL,Borough,X Coordinate (State Plane),Y Coordinate (State Plane),Open Data Channel Type,Park Facility Name,Park Borough,Vehicle Type,Taxi Company Borough,Taxi Pick Up Location,Bridge Highway Name,Bridge Highway Direction,Road Ramp,Bridge Highway Segment,Latitude,Longitude,Location
53798675,03/31/2022 11:24:43 PM,04/01/2022 02:30:46 PM,DSNY,Department of Sanitation,Dirty Condition,Dog Waste,Sidewalk,11367,144-18 MELBOURNE AVENUE,MELBOURNE AVENUE,MAIN STREET,147 STREET,MAIN STREET,147 STREET,ADDRESS,FLUSHING,MELBOURNE AVENUE,,Closed,,The Department of Sanitation investigated this complaint and found no violation at the location.,04/01/2022 02:30:17 PM,08 QUEENS,4065320017,QUEENS,1032729,206792,ONLINE,Unspecified,QUEENS,,,,,,,,40.73414006923077,-73.82507311770864,"(40.73414006923077, -73.82507311770864)"
53792101,03/31/2022 08:13:39 PM,04/06/2022 01:33:23 PM,DSNY,Department of Sanitation,Dirty Condition,Dog Waste,Street,11374,85-24 66 ROAD,66 ROAD,WOODHAVEN BOULEVARD,FITCHETT STREET,WOODHAVEN BOULEVARD,FITCHETT STREET,ADDRESS,REGO PARK,66 ROAD,,Closed,,The Department of Sanitation investigated this complaint and found no violation at the location.,04/06/2022 01:33:08 PM,06 QUEENS,4031410021,QUEENS,1022392,200886,ONLINE,Unspecified,QUEENS,,,,,,,,40.71798017310528,-73.86240554177313,"(40.71798017310528, -73.86240554177313)"
53799761,03/31/2022 06:44:35 PM,04/01/2022 01:20:42 PM,DSNY,Department of Sanitation,Dirty Condition,Dog Waste,Sidewalk,10465,3136 SPENCER DRIVE,SPENCER DRIVE,DWIGHT PLACE,ROBERTSON PLACE,DWIGHT PLACE,ROBERTSON PLACE,ADDRESS,BRONX,SPENCER DRIVE,,Closed,,The Department of Sanitation investigated this complaint and found no violation at the location.,04/01/2022 01:19:50 PM,10 BRONX,2054110113,BRONX,1033096,246745,ONLINE,Unspecified,BRONX,,,,,,,,40.843798076603946,-73.82345833260943,"(40.843798076603946, -73.82345833260943)"
53793216,03/31/2022 06:10:47 PM,04/06/2022 11:25:40 AM,DSNY,Department of Sanitation,Dirty Condition,Dog Waste,Sidewalk,11206,201 TOMPKINS AVENUE,TOMPKINS AVENUE,PULASKI STREET,DEKALB AVENUE,PULASKI STREET,DEKALB AVENUE,ADDRESS,BROOKLYN,TOMPKINS AVENUE,,Closed,,The Department of Sanitation investigated this complaint and found no violation at the location.,04/06/2022 11:24:21 AM,03 BROOKLYN,3017760173,BROOKLYN,999335,191352,ONLINE,Unspecified,BROOKLYN,,,,,,,,40.69188095412346,-73.94560329254328,"(40.69188095412346, -73.94560329254328)"
53794301,03/31/2022 05:11:39 PM,04/01/2022 01:53:31 PM,DSNY,Department of Sanitation,Dirty Condition,Dog Waste,Sidewalk,10025,276 RIVERSIDE DRIVE,RIVERSIDE DRIVE,WEST END AVENUE,RIVERSIDE DRIVE,WEST END AVENUE,RIVERSIDE DRIVE,ADDRESS,NEW YORK,RIVERSIDE DRIVE,,Closed,,The Department of Sanitation investigated this complaint and found no violation at the location.,04/01/2022 01:53:04 PM,07 MANHATTAN,1018880087,MANHATTAN,991738,230153,ONLINE,Unspecified,MANHATTAN,,,,,,,,40.798389650587495,-73.97295497300625,"(40.798389650587495, -73.97295497300625)"
53799762,03/31/2022 03:59:15 PM,04/01/2022 04:25:02 PM,DSNY,Department of Sanitation,Dirty Condition,Dog Waste,Sidewalk,11432,89 AVENUE,89 AVENUE,89 AVENUE,PARSONS BOULEVARD,89 AVENUE,PARSONS BOULEVARD,INTERSECTION,,,,Closed,,The Department of Sanitation investigated this complaint and found no violation at the location.,04/01/2022 04:24:41 PM,12 QUEENS,,QUEENS,1039242,196467,PHONE,Unspecified,QUEENS,,,,,,,,40.70576240751889,-73.80165667775871,"(40.70576240751889, -73.80165667775871)"
53793217,03/31/2022 02:15:44 PM,04/01/2022 01:08:46 PM,DSNY,Department of Sanitation,Dirty Condition,Dog Waste,Sidewalk,10314,191 VASSAR STREET,VASSAR STREET,NOME AVENUE,RICHMOND HILL ROAD,NOME AVENUE,RICHMOND HILL ROAD,ADDRESS,STATEN ISLAND,VASSAR STREET,,Closed,,The Department of Sanitation investigated this complaint and found no violation at the location.,04/01/2022 01:06:21 PM,02 STATEN ISLAND,5023870001,STATEN ISLAND,939278,152899,PHONE,Unspecified,STATEN ISLAND,,,,,,,,40.586234478905354,-74.16191315638861,"(40.586234478905354, -74.16191315638861)"
53796480,03/31/2022 10:40:28 AM,04/11/2022 11:48:37 AM,DSNY,Department of Sanitation,Dirty Condition,Dog Waste,Sidewalk,11209,333 99 STREET,99 STREET,3 AVENUE,4 AVENUE,3 AVENUE,4 AVENUE,ADDRESS,BROOKLYN,99 STREET,,Closed,,The Department of Sanitation investigated this complaint and found no violation at the location.,04/11/2022 11:47:48 AM,10 BROOKLYN,3061300045,BROOKLYN,974737,162960,ONLINE,Unspecified,BROOKLYN,,,,,,,,40.613958859298606,-74.03426395813439,"(40.613958859298606, -74.03426395813439)"
53792102,03/31/2022 09:35:30 AM,04/01/2022 02:42:36 PM,DSNY,Department of Sanitation,Dirty Condition,Dog Waste,Sidewalk,11422,242-14 138 AVENUE,138 AVENUE,242 STREET,243 STREET,242 STREET,243 STREET,ADDRESS,ROSEDALE,138 AVENUE,,Closed,,The Department of Sanitation investigated this complaint and found no violation at the location.,04/01/2022 02:42:09 PM,13 QUEENS,4132570027,QUEENS,1057767,182633,PHONE,Unspecified,QUEENS,,,,,,,,40.66765689852285,-73.73499262815236,"(40.66765689852285, -73.73499262815236)"
53792103,03/31/2022 09:27:22 AM,04/01/2022 01:27:55 PM,DSNY,Department of Sanitation,Dirty Condition,Dog Waste,Sidewalk,10462,1340 ODELL STREET,ODELL STREET,UNIONPORT ROAD,STARLING AVENUE,UNIONPORT ROAD,STARLING AVENUE,ADDRESS,BRONX,ODELL STREET,,Closed,,The Department of Sanitation investigated this complaint and found no violation at the location.,04/01/2022 01:27:02 PM,09 BRONX,2039340029,BRONX,1024664,243488,PHONE,Unspecified,BRONX,,,,,,,,40.83490118816718,-73.85395325452565,"(40.83490118816718, -73.85395325452565)"
53794300,03/31/2022 08:27:52 AM,04/01/2022 02:12:50 PM,DSNY,Department of Sanitation,Dirty Condition,Dog Waste,Sidewalk,10457,2050 PROSPECT AVENUE,PROSPECT AVENUE,EAST  179 STREET,OAKLAND PLACE,EAST  179 STREET,OAKLAND PLACE,ADDRESS,BRONX,PROSPECT AVENUE,,Closed,,The Department of Sanitation investigated this complaint and found no condition at the location.,04/01/2022 02:12:03 PM,06 BRONX,2031090001,BRONX,1015402,247604,ONLINE,Unspecified,BRONX,,,,,,,,40.846235926676044,-73.88740479535424,"(40.846235926676044, -73.88740479535424)"
53796453,03/31/2022 06:58:00 AM,04/01/2022 01:50:58 PM,DSNY,Department of Sanitation,Dirty Condition,Dog Waste,Street,10007,253 BROADWAY,BROADWAY,STEVE FLANDERS SQUARE,WARREN STREET,STEVE FLANDERS SQUARE,WARREN STREET,ADDRESS,NEW YORK,BROADWAY,,Closed,,The Department of Sanitation investigated this complaint and found no violation at the location.,04/01/2022 01:50:42 PM,01 MANHATTAN,1001347501,MANHATTAN,982286,199128,PHONE,Unspecified,MANHATTAN,,,,,,,,40.71323688786323,-74.00708447838389,"(40.71323688786323, -74.00708447838389)"
53784061,03/30/2022 07:09:59 PM,04/07/2022 01:49:31 PM,DSNY,Department of Sanitation,Dirty Condition,Dog Waste,Sidewalk,11201,30 WASHINGTON STREET,WASHINGTON STREET,PLYMOUTH STREET,WATER STREET,PLYMOUTH STREET,WATER STREET,ADDRESS,BROOKLYN,WASHINGTON STREET,,Closed,,The Department of Sanitation investigated this complaint and found no violation at the location.,04/07/2022 01:49:14 PM,02 BROOKLYN,3000270040,BROOKLYN,987142,195592,ONLINE,Unspecified,BROOKLYN,,,,,,,,40.70353115007899,-73.9895695882966,"(40.70353115007899, -73.9895695882966)"
53791053,03/30/2022 05:15:56 PM,04/02/2022 02:08:39 PM,DSNY,Department of Sanitation,Dirty Condition,Dog Waste,Sidewalk,11207,325 BRADFORD STREET,BRADFORD STREET,BELMONT AVENUE,SUTTER AVENUE,BELMONT AVENUE,SUTTER AVENUE,ADDRESS,BROOKLYN,BRADFORD STREET,,Closed,,The Department of Sanitation investigated this complaint and found no violation at the location.,04/02/2022 02:08:19 PM,05 BROOKLYN,3037590020,BROOKLYN,1014284,183742,ONLINE,Unspecified,BROOKLYN,,,,,,,,40.67095514449352,-73.89173096175816,"(40.67095514449352, -73.89173096175816)"
53787490,03/30/2022 04:49:55 PM,04/01/2022 04:31:41 PM,DSNY,Department of Sanitation,Dirty Condition,Dog Waste,Sidewalk,10019,601 WEST   58 STREET,WEST   58 STREET,11 AVENUE,12 AVENUE,11 AVENUE,12 AVENUE,ADDRESS,NEW YORK,WEST   58 STREET,,Closed,,The Department of Sanitation investigated this complaint and found no condition at the location.,04/01/2022 04:31:17 PM,04 MANHATTAN,1011060001,MANHATTAN,986645,220240,ONLINE,Unspecified,MANHATTAN,,,,,,,,40.77118395619169,-73.99135331494097,"(40.77118395619169, -73.99135331494097)"
53784062,03/30/2022 03:39:31 PM,04/02/2022 02:35:05 PM,DSNY,Department of Sanitation,Dirty Condition,Dog Waste,Sidewalk,11358,191-06 35 AVENUE,35 AVENUE,191 STREET,192 STREET,191 STREET,192 STREET,ADDRESS,FLUSHING,35 AVENUE,,Closed,,The Department of Sanitation investigated this complaint and found no violation at the location.,04/02/2022 02:34:56 PM,11 QUEENS,4053060018,QUEENS,1042162,217855,ONLINE,Unspecified,QUEENS,,,,,,,,40.76444839563641,-73.79094085225488,"(40.76444839563641, -73.79094085225488)"
53784036,03/30/2022 03:34:45 PM,03/31/2022 01:50:28 PM,DSNY,Department of Sanitation,Dirty Condition,Dog Waste,Street,10466,745 EAST  231 STREET,EAST  231 STREET,WHITE PLAINS ROAD LINE,BARNES AVENUE,WHITE PLAINS ROAD LINE,BARNES AVENUE,ADDRESS,BRONX,EAST  231 STREET,,Closed,,The Department of Sanitation investigated this complaint and found no violation at the location.,03/31/2022 01:49:40 PM,12 BRONX,2048450011,BRONX,1023844,264155,PHONE,Unspecified,BRONX,,,,,,,,40.89162949223599,-73.85679443999133,"(40.89162949223599, -73.85679443999133)"
53782905,03/30/2022 03:30:27 PM,03/31/2022 01:49:06 PM,DSNY,Department of Sanitation,Dirty Condition,Dog Waste,Sidewalk,10469,1145 EAST  213 STREET,EAST  213 STREET,LACONIA AVENUE,MSGR CAHILL PLACE,LACONIA AVENUE,MSGR CAHILL PLACE,ADDRESS,BRONX,EAST  213 STREET,,Closed,,The Department of Sanitation investigated this complaint and found no violation at the location.,03/31/2022 01:48:11 PM,12 BRONX,2047080024,BRONX,1024903,258364,PHONE,Unspecified,BRONX,,,,,,,,40.8757302135714,-73.85299935187517,"(40.8757302135714, -73.85299935187517)"
53785209,03/30/2022 01:04:15 PM,03/31/2022 03:44:07 PM,DSNY,Department of Sanitation,Dirty Condition,Dog Waste,Sidewalk,11435,146-01 JAMAICA AVENUE,JAMAICA AVENUE,146 STREET,SUTPHIN BOULEVARD,146 STREET,SUTPHIN BOULEVARD,ADDRESS,JAMAICA,JAMAICA AVENUE,,Closed,,The Department of Sanitation investigated this complaint and found no violation at the location.,03/31/2022 03:43:58 PM,12 QUEENS,4096760045,QUEENS,1037284,195024,ONLINE,Unspecified,QUEENS,,,,,,,,40.701813673164075,-73.80873006860591,"(40.701813673164075, -73.80873006860591)"
53784063,03/30/2022 12:14:24 PM,03/31/2022 01:54:12 PM,DSNY,Department of Sanitation,Dirty Condition,Dog Waste,Sidewalk,10468,2377 CRESTON AVENUE,CRESTON AVENUE,EAST  184 STREET,EAST  188 STREET,EAST  184 STREET,EAST  188 STREET,ADDRESS,BRONX,CRESTON AVENUE,,Closed,,The Department of Sanitation investigated this complaint and found no violation at the location.,03/31/2022 01:54:15 PM,05 BRONX,2031730064,BRONX,1012011,252615,ONLINE,Unspecified,BRONX,,,,,,,,40.86000093472806,-73.8996404003774,"(40.86000093472806, -73.8996404003774)"
53789861,03/30/2022 12:06:00 PM,03/31/2022 01:54:11 PM,DSNY,Department of Sanitation,Dirty Condition,Dog Waste,Sidewalk,10468,2377 CRESTON AVENUE,CRESTON AVENUE,EAST  184 STREET,EAST  188 STREET,EAST  184 STREET,EAST  188 STREET,ADDRESS,BRONX,CRESTON AVENUE,,Closed,,The Department of Sanitation investigated this complaint and found no violation at the location.,03/31/2022 01:53:29 PM,05 BRONX,2031730064,BRONX,1012011,252615,ONLINE,Unspecified,BRONX,,,,,,,,40.86000093472806,-73.8996404003774,"(40.86000093472806, -73.8996404003774)"
53791052,03/30/2022 10:13:45 AM,03/31/2022 01:06:14 PM,DSNY,Department of Sanitation,Dirty Condition,Dog Waste,Sidewalk,11377,37-20 60 STREET,60 STREET,37 AVENUE,38 AVENUE,37 AVENUE,38 AVENUE,ADDRESS,WOODSIDE,60 STREET,,Closed,,The Department of Sanitation investigated this complaint and found no violation at the location.,03/31/2022 01:05:52 PM,02 QUEENS,4012140068,QUEENS,1011180,212238,PHONE,Unspecified,QUEENS,,,,,,,,40.749179835559254,-73.90280652891649,"(40.749179835559254, -73.90280652891649)"
53776721,03/29/2022 03:57:32 PM,03/30/2022 01:54:40 PM,DSNY,Department of Sanitation,Dirty Condition,Dog Waste,Sidewalk,10039,8 AVENUE,8 AVENUE,8 AVENUE,MACOMBS PLACE,8 AVENUE,MACOMBS PLACE,INTERSECTION,,,,Closed,,The Department of Sanitation investigated this complaint and found no violation at the location.,03/30/2022 01:54:21 PM,10 MANHATTAN,,MANHATTAN,1001035,240180,ONLINE,Unspecified,MANHATTAN,,,,,,,,40.8258981979038,-73.93935116525694,"(40.8258981979038, -73.93935116525694)"
53774248,03/29/2022 09:17:31 AM,03/30/2022 01:56:22 PM,DSNY,Department of Sanitation,Dirty Condition,Dog Waste,Sidewalk,10028,2 AVENUE,2 AVENUE,2 AVENUE,EAST   83 STREET,2 AVENUE,EAST   83 STREET,INTERSECTION,,,,Closed,,The Department of Sanitation investigated this complaint and found no violation at the location.,03/30/2022 01:55:56 PM,08 MANHATTAN,,MANHATTAN,997221,221970,PHONE,Unspecified,MANHATTAN,,,,,,,,40.77592316061583,-73.95316737408258,"(40.77592316061583, -73.95316737408258)"
53778013,03/29/2022 08:11:57 AM,04/01/2022 01:45:07 PM,DSNY,Department of Sanitation,Dirty Condition,Dog Waste,Sidewalk,10312,59 GEYSER DRIVE,GEYSER DRIVE,HAMMOCK LANE,MYRNA LANE,HAMMOCK LANE,MYRNA LANE,ADDRESS,STATEN ISLAND,GEYSER DRIVE,,Closed,,The Department of Sanitation investigated this complaint and found no violation at the location.,04/01/2022 01:43:52 PM,03 STATEN ISLAND,5060240038,STATEN ISLAND,929125,139553,ONLINE,Unspecified,STATEN ISLAND,,,,,,,,40.54954507295949,-74.1983581884024,"(40.54954507295949, -74.1983581884024)"
53767791,03/28/2022 06:20:23 PM,03/29/2022 01:28:27 PM,DSNY,Department of Sanitation,Dirty Condition,Dog Waste,Sidewalk,11377,47-17 47 STREET,47 STREET,47 AVENUE,48 AVENUE,47 AVENUE,48 AVENUE,ADDRESS,WOODSIDE,47 STREET,,Closed,,The Department of Sanitation investigated this complaint and found no violation at the location.,03/29/2022 01:28:09 PM,02 QUEENS,4022850017,QUEENS,1006901,209093,ONLINE,Unspecified,QUEENS,,,,,,,,40.74055959766867,-73.91826051447525,"(40.74055959766867, -73.91826051447525)"
53763844,03/28/2022 02:47:58 PM,03/30/2022 03:28:37 PM,DSNY,Department of Sanitation,Dirty Condition,Dog Waste,Sidewalk,11216,277 GATES AVENUE,GATES AVENUE,FRANKLIN AVENUE,BEDFORD AVENUE,FRANKLIN AVENUE,BEDFORD AVENUE,ADDRESS,BROOKLYN,GATES AVENUE,,Closed,,The Department of Sanitation investigated this complaint and found no violation at the location.,03/30/2022 03:27:39 PM,03 BROOKLYN,3019740051,BROOKLYN,996389,189054,PHONE,Unspecified,BROOKLYN,,,,,,,,40.68557800392962,-73.95623074565354,"(40.68557800392962, -73.95623074565354)"
53765152,03/28/2022 02:41:23 PM,03/29/2022 01:54:40 PM,DSNY,Department of Sanitation,Dirty Condition,Dog Waste,Sidewalk,10305,67 BIONIA AVENUE,BIONIA AVENUE,KRAMER STREET,MC CLEAN AVENUE,KRAMER STREET,MC CLEAN AVENUE,ADDRESS,STATEN ISLAND,BIONIA AVENUE,,Closed,,The Department of Sanitation investigated this complaint and found no violation at the location.,03/29/2022 01:54:29 PM,02 STATEN ISLAND,5032690019,STATEN ISLAND,963388,156548,PHONE,Unspecified,STATEN ISLAND,,,,,,,,40.59633978115003,-74.07512100773957,"(40.59633978115003, -74.07512100773957)"
53766500,03/28/2022 11:52:27 AM,04/21/2022 01:39:18 PM,DSNY,Department of Sanitation,Dirty Condition,Dog Waste,Sidewalk,11236,1226 EAST   94 STREET,EAST   94 STREET,SKIDMORE LANE,AVENUE J,SKIDMORE LANE,AVENUE J,ADDRESS,BROOKLYN,EAST   94 STREET,,Closed,,The Department of Sanitation investigated this complaint and found no violation at the location.,04/21/2022 01:38:59 PM,18 BROOKLYN,,BROOKLYN,1011560,172748,PHONE,Unspecified,BROOKLYN,,,,,,,,40.640787863089244,-73.90159517455594,"(40.640787863089244, -73.90159517455594)"
53767790,03/28/2022 10:14:21 AM,03/30/2022 04:08:02 PM,DSNY,Department of Sanitation,Dirty Condition,Dog Waste,Sidewalk,11206,94 GEORGE STREET,GEORGE STREET,CENTRAL AVENUE,WILSON AVENUE,CENTRAL AVENUE,WILSON AVENUE,ADDRESS,BROOKLYN,GEORGE STREET,,Closed,,The Department of Sanitation investigated this complaint and found no violation at the location.,03/30/2022 04:07:32 PM,04 BROOKLYN,3031570024,BROOKLYN,1003561,195230,PHONE,Unspecified,BROOKLYN,,,,,,,,40.7025169463616,-73.93035316845031,"(40.7025169463616, -73.93035316845031)"
53759684,03/27/2022 02:50:06 PM,03/28/2022 02:18:24 PM,DSNY,Department of Sanitation,Dirty Condition,Dog Waste,Sidewalk,11104,43-47 44 STREET,44 STREET,43 AVENUE,FLUSHING LINE,43 AVENUE,FLUSHING LINE,ADDRESS,SUNNYSIDE,44 STREET,,Closed,,The Department of Sanitation investigated this complaint and found no violation at the location.,03/28/2022 02:18:16 PM,02 QUEENS,4001610006,QUEENS,1006346,210638,ONLINE,Unspecified,QUEENS,,,,,,,,40.744801639549244,-73.92025823760967,"(40.744801639549244, -73.92025823760967)"
53756510,03/27/2022 11:35:27 AM,03/28/2022 04:29:57 PM,DSNY,Department of Sanitation,Dirty Condition,Dog Waste,Street,10028,244 EAST   86 STREET,EAST   86 STREET,3 AVENUE,2 AVENUE,3 AVENUE,2 AVENUE,ADDRESS,NEW YORK,EAST   86 STREET,,Closed,,The Department of Sanitation investigated this complaint and found no condition at the location.,03/28/2022 04:29:20 PM,08 MANHATTAN,1015310028,MANHATTAN,997752,222602,PHONE,Unspecified,MANHATTAN,,,,,,,,40.77765703886634,-73.95124889502678,"(40.77765703886634, -73.95124889502678)"
53757322,03/27/2022 11:02:14 AM,03/30/2022 02:44:56 PM,DSNY,Department of Sanitation,Dirty Condition,Dog Waste,Sidewalk,11228,1342 BAY RIDGE PARKWAY,BAY RIDGE PARKWAY,13 AVENUE,JOE THE GREAT ROLLINO CORNER,13 AVENUE,JOE THE GREAT ROLLINO CORNER,ADDRESS,BROOKLYN,BAY RIDGE PARKWAY,,Closed,,The Department of Sanitation investigated this complaint and found no violation at the location.,03/30/2022 02:44:41 PM,10 BROOKLYN,3062220020,BROOKLYN,982568,164964,PHONE,Unspecified,BROOKLYN,,,,,,,,40.61946437108682,-74.00605873328055,"(40.61946437108682, -74.00605873328055)"
53753899,03/26/2022 07:58:19 PM,03/29/2022 04:44:56 PM,DSNY,Department of Sanitation,Dirty Condition,Dog Waste,Sidewalk,11207,1176 HALSEY STREET,HALSEY STREET,CENTRAL AVENUE,WILSON AVENUE,CENTRAL AVENUE,WILSON AVENUE,ADDRESS,BROOKLYN,HALSEY STREET,,Closed,,The Department of Sanitation investigated this complaint and found no violation at the location.,03/29/2022 04:44:34 PM,04 BROOKLYN,3034110023,BROOKLYN,1009145,190965,ONLINE,Unspecified,BROOKLYN,,,,,,,,40.69079657125399,-73.91022975416776,"(40.69079657125399, -73.91022975416776)"
53748998,03/26/2022 07:18:13 PM,03/31/2022 01:02:31 PM,DSNY,Department of Sanitation,Dirty Condition,Dog Waste,Sidewalk,11420,114-04 115 STREET,115 STREET,LINDEN BOULEVARD,ROCKAWAY BOULEVARD,LINDEN BOULEVARD,ROCKAWAY BOULEVARD,ADDRESS,SOUTH OZONE PARK,115 STREET,,Closed,,The Department of Sanitation investigated this complaint and found no violation at the location.,03/31/2022 01:02:17 PM,10 QUEENS,4116410023,QUEENS,1033133,186201,PHONE,Unspecified,QUEENS,,,,,,,,40.67762052185022,-73.82376484713886,"(40.67762052185022, -73.82376484713886)"
53752932,03/26/2022 01:28:09 PM,03/28/2022 01:30:15 PM,DSNY,Department of Sanitation,Dirty Condition,Dog Waste,Sidewalk,10314,73 GARY PLACE,GARY PLACE,BEND,RIVINGTON AVENUE,BEND,RIVINGTON AVENUE,ADDRESS,STATEN ISLAND,GARY PLACE,,Closed,,The Department of Sanitation investigated this complaint and found no violation at the location.,03/28/2022 01:30:07 PM,02 STATEN ISLAND,5021130043,STATEN ISLAND,938432,157620,PHONE,Unspecified,STATEN ISLAND,,,,,,,,40.59918832095774,-74.16499102604928,"(40.59918832095774, -74.16499102604928)"
53748999,03/26/2022 01:20:35 PM,03/28/2022 01:20:51 PM,DSNY,Department of Sanitation,Dirty Condition,Dog Waste,Sidewalk,10029,5 EAST  115 STREET,EAST  115 STREET,5 AVENUE,MADISON AVENUE,5 AVENUE,MADISON AVENUE,ADDRESS,NEW YORK,EAST  115 STREET,,Closed,,The Department of Sanitation investigated this complaint and found no violation at the location.,03/28/2022 01:20:30 PM,11 MANHATTAN,1016210006,MANHATTAN,999033,230677,ONLINE,Unspecified,MANHATTAN,,,,,,,,40.79981869427191,-73.94660587133957,"(40.79981869427191, -73.94660587133957)"
53742982,03/25/2022 08:17:49 PM,03/28/2022 02:15:25 PM,DSNY,Department of Sanitation,Dirty Condition,Dog Waste,Sidewalk,11207,799 VAN SINDERIN AVENUE,VAN SINDERIN AVENUE,AVENUE D,DE WITT AVENUE,AVENUE D,DE WITT AVENUE,ADDRESS,BROOKLYN,VAN SINDEREN AVENUE,,Closed,,The Department of Sanitation investigated this complaint and found no violation at the location.,03/28/2022 02:15:01 PM,05 BROOKLYN,3038730114,BROOKLYN,1012326,178491,PHONE,Unspecified,BROOKLYN,,,,,,,,40.656548748021315,-73.89881118130235,"(40.656548748021315, -73.89881118130235)"
53744339,03/25/2022 02:06:19 PM,03/28/2022 05:57:36 AM,DSNY,Department of Sanitation,Dirty Condition,Dog Waste,Sidewalk,10014,15 GREENWICH AVENUE,GREENWICH AVENUE,CHRISTOPHER STREET,WEST   10 STREET,CHRISTOPHER STREET,WEST   10 STREET,ADDRESS,NEW YORK,GREENWICH AVENUE,,Closed,,The Department of Sanitation investigated this complaint and found no violation at the location.,03/28/2022 05:56:57 AM,02 MANHATTAN,1006100056,MANHATTAN,984295,206841,ONLINE,Unspecified,MANHATTAN,,,,,,,,40.73440742178346,-73.99983762585748,"(40.73440742178346, -73.99983762585748)"
53741643,03/25/2022 12:24:10 PM,03/26/2022 01:23:44 PM,DSNY,Department of Sanitation,Dirty Condition,Dog Waste,Sidewalk,11433,107-41 WATSON PLACE,WATSON PLACE,POLHEMUS AVENUE,DEAD END,POLHEMUS AVENUE,DEAD END,ADDRESS,JAMAICA,WATSON PLACE,,Closed,,The Department of Sanitation investigated this complaint and found no violation at the location.,03/26/2022 01:22:02 PM,12 QUEENS,4102520020,QUEENS,1045156,194922,PHONE,Unspecified,QUEENS,,,,,,,,40.701483027772696,-73.78034031724424,"(40.701483027772696, -73.78034031724424)"
53744340,03/25/2022 11:04:39 AM,03/26/2022 12:56:43 PM,DSNY,Department of Sanitation,Dirty Condition,Dog Waste,Sidewalk,10468,2538 GRAND AVENUE,GRAND AVENUE,PASTOR ROBERT LEWIS FOLEY SR WAY,WEST  192 STREET,PASTOR ROBERT LEWIS FOLEY SR WAY,WEST  192 STREET,ADDRESS,BRONX,GRAND AVENUE,,Closed,,The Department of Sanitation investigated this complaint and found no violation at the location.,03/26/2022 12:55:31 PM,07 BRONX,2032040023,BRONX,1011544,254566,PHONE,Unspecified,BRONX,,,,,,,,40.86535729330748,-73.9013207188246,"(40.86535729330748, -73.9013207188246)"
53734729,03/24/2022 06:04:50 PM,03/28/2022 02:18:55 PM,DSNY,Department of Sanitation,Dirty Condition,Dog Waste,Sidewalk,11377,47-11 47 STREET,47 STREET,47 AVENUE,48 AVENUE,47 AVENUE,48 AVENUE,ADDRESS,WOODSIDE,47 STREET,,Closed,,The Department of Sanitation investigated this complaint and found no violation at the location.,03/28/2022 02:18:58 PM,02 QUEENS,4022850020,QUEENS,1006906,209122,ONLINE,Unspecified,QUEENS,,,,,,,,40.74063918261558,-73.9182423735715,"(40.74063918261558, -73.9182423735715)"
53731591,03/24/2022 05:19:20 PM,03/28/2022 02:08:38 PM,DSNY,Department of Sanitation,Dirty Condition,Dog Waste,Sidewalk,11208,3301 FULTON STREET,FULTON STREET,EUCLID AVENUE,PINE STREET,EUCLID AVENUE,PINE STREET,ADDRESS,BROOKLYN,FULTON STREET,,Closed,,The Department of Sanitation investigated this complaint and found no violation at the location.,03/28/2022 02:07:43 PM,05 BROOKLYN,3041290062,BROOKLYN,1019298,188227,ONLINE,Unspecified,BROOKLYN,,,,,,,,40.68324701395526,-73.87363278095094,"(40.68324701395526, -73.87363278095094)"
53733133,03/24/2022 04:37:37 PM,03/28/2022 02:04:03 PM,DSNY,Department of Sanitation,Dirty Condition,Dog Waste,Sidewalk,11211,235 LEONARD STREET,LEONARD STREET,GRAND STREET,POWERS STREET,GRAND STREET,POWERS STREET,ADDRESS,BROOKLYN,LEONARD STREET,,Closed,,The Department of Sanitation investigated this complaint and found no violation at the location.,03/28/2022 02:03:41 PM,01 BROOKLYN,3027800020,BROOKLYN,998844,198664,ONLINE,Unspecified,BROOKLYN,,,,,,,,40.71195150011825,-73.94735799905534,"(40.71195150011825, -73.94735799905534)"
53736342,03/24/2022 03:59:31 PM,03/25/2022 02:45:17 PM,DSNY,Department of Sanitation,Dirty Condition,Dog Waste,Sidewalk,10461,1934 HAIGHT AVENUE,HAIGHT AVENUE,RHINELANDER AVENUE,NEILL AVENUE,RHINELANDER AVENUE,NEILL AVENUE,ADDRESS,BRONX,HAIGHT AVENUE,,Closed,,The Department of Sanitation investigated this complaint and found no violation at the location.,03/25/2022 02:41:40 PM,11 BRONX,2042720052,BRONX,1024320,249816,PHONE,Unspecified,BRONX,,,,,,,,40.85227123881627,-73.85515857590588,"(40.85227123881627, -73.85515857590588)"
53736343,03/24/2022 12:59:25 PM,03/28/2022 05:58:20 AM,DSNY,Department of Sanitation,Dirty Condition,Dog Waste,Sidewalk,10011,45 WEST   12 STREET,WEST   12 STREET,5 AVENUE,AVENUE OF THE AMERICAS,5 AVENUE,AVENUE OF THE AMERICAS,ADDRESS,NEW YORK,WEST   12 STREET,,Closed,,The Department of Sanitation investigated this complaint and found no violation at the location.,03/28/2022 05:57:57 AM,02 MANHATTAN,1005760064,MANHATTAN,985338,207171,PHONE,Unspecified,MANHATTAN,,,,,,,,40.73531312364904,-73.99607410070169,"(40.73531312364904, -73.99607410070169)"
53734730,03/24/2022 12:55:09 PM,03/25/2022 01:04:13 PM,DSNY,Department of Sanitation,Dirty Condition,Dog Waste,Sidewalk,10037,60 WEST  142 STREET,WEST  142 STREET,CHISUM PLACE,JACK JOHNSON PLAZA,CHISUM PLACE,JACK JOHNSON PLAZA,ADDRESS,NEW YORK,WEST  142 STREET,,Closed,,The Department of Sanitation investigated this complaint and found no violation at the location.,03/25/2022 01:04:16 PM,10 MANHATTAN,1017370059,MANHATTAN,1001836,237301,PHONE,Unspecified,MANHATTAN,,,,,,,,40.81799460072329,-73.93646447748057,"(40.81799460072329, -73.93646447748057)"
53734728,03/24/2022 12:50:48 PM,03/25/2022 01:04:11 PM,DSNY,Department of Sanitation,Dirty Condition,Dog Waste,Sidewalk,10037,60 WEST  142 STREET,WEST  142 STREET,CHISUM PLACE,JACK JOHNSON PLAZA,CHISUM PLACE,JACK JOHNSON PLAZA,ADDRESS,NEW YORK,WEST  142 STREET,,Closed,,The Department of Sanitation investigated this complaint and found no violation at the location.,03/25/2022 01:03:40 PM,10 MANHATTAN,1017370059,MANHATTAN,1001836,237301,PHONE,Unspecified,MANHATTAN,,,,,,,,40.81799460072329,-73.93646447748057,"(40.81799460072329, -73.93646447748057)"
53730795,03/24/2022 08:24:21 AM,03/29/2022 01:49:05 PM,DSNY,Department of Sanitation,Dirty Condition,Dog Waste,Sidewalk,11226,145 EAST   18 STREET,EAST   18 STREET,TENNIS COURT,ALBEMARLE ROAD,TENNIS COURT,ALBEMARLE ROAD,ADDRESS,BROOKLYN,EAST   18 STREET,,Closed,,The Department of Sanitation investigated this complaint and found no violation at the location.,03/29/2022 01:48:49 PM,14 BROOKLYN,3050990068,BROOKLYN,994589,175269,PHONE,Unspecified,BROOKLYN,,,,,,,,40.64774353436826,-73.96274209547084,"(40.64774353436826, -73.96274209547084)"
53726570,03/23/2022 05:30:34 PM,03/28/2022 01:36:51 PM,DSNY,Department of Sanitation,Dirty Condition,Dog Waste,Sidewalk,10468,ANDREWS AVENUE,ANDREWS AVENUE,ANDREWS AVENUE,WEST FORDHAM ROAD,ANDREWS AVENUE,WEST FORDHAM ROAD,INTERSECTION,,,,Closed,,The Department of Sanitation investigated this complaint and found no violation at the location.,03/28/2022 01:36:23 PM,07 BRONX,,BRONX,1010207,253625,PHONE,Unspecified,BRONX,,,,,,,,40.86277856726754,-73.90615817658505,"(40.86277856726754, -73.90615817658505)"
53727733,03/23/2022 04:01:50 PM,03/28/2022 02:18:55 PM,DSNY,Department of Sanitation,Dirty Condition,Dog Waste,Sidewalk,11377,47-11 47 STREET,47 STREET,47 AVENUE,48 AVENUE,47 AVENUE,48 AVENUE,ADDRESS,WOODSIDE,47 STREET,,Closed,,The Department of Sanitation investigated this complaint and found no violation at the location.,03/28/2022 02:18:45 PM,02 QUEENS,4022850020,QUEENS,1006906,209122,ONLINE,Unspecified,QUEENS,,,,,,,,40.74063918261558,-73.9182423735715,"(40.74063918261558, -73.9182423735715)"
53726571,03/23/2022 03:32:15 PM,03/25/2022 12:52:03 PM,DSNY,Department of Sanitation,Dirty Condition,Dog Waste,Sidewalk,10033,815 WEST  179 STREET,WEST  179 STREET,PINEHURST AVENUE,GW BRDG BIKE AND PEDESTRIAN PATH,PINEHURST AVENUE,GW BRDG BIKE AND PEDESTRIAN PATH,ADDRESS,NEW YORK,WEST  179 STREET,,Closed,,The Department of Sanitation investigated this complaint and found no violation at the location.,03/25/2022 12:51:29 PM,12 MANHATTAN,1021777501,MANHATTAN,1000839,248800,ONLINE,Unspecified,MANHATTAN,,,,,,,,40.84955796199118,-73.94003804677682,"(40.84955796199118, -73.94003804677682)"
53724413,03/23/2022 02:00:36 PM,03/24/2022 01:12:22 PM,DSNY,Department of Sanitation,Dirty Condition,Dog Waste,Sidewalk,10458,2307 CROTONA AVENUE,CROTONA AVENUE,EAST  183 STREET,EAST  187 STREET,EAST  183 STREET,EAST  187 STREET,ADDRESS,BRONX,CROTONA AVENUE,,Closed,,The Department of Sanitation investigated this complaint and found no violation at the location.,03/24/2022 01:11:57 PM,06 BRONX,2031030056,BRONX,1016216,249817,PHONE,Unspecified,BRONX,,,,,,,,40.852307043099636,-73.88445214155664,"(40.852307043099636, -73.88445214155664)"
53723237,03/23/2022 01:59:12 PM,04/02/2022 01:46:14 PM,DSNY,Department of Sanitation,Dirty Condition,Dog Waste,Sidewalk,11209,155 89 STREET,89 STREET,COLONIAL ROAD,JUSTICE ARTHUR M SCHACK WAY,COLONIAL ROAD,JUSTICE ARTHUR M SCHACK WAY,ADDRESS,BROOKLYN,89 STREET,,Closed,,The Department of Sanitation investigated this complaint and found no violation at the location.,04/02/2022 01:45:37 PM,10 BROOKLYN,3060600049,BROOKLYN,974427,165961,ONLINE,Unspecified,BROOKLYN,,,,,,,,40.622195642302444,-74.03538488344503,"(40.622195642302444, -74.03538488344503)"
53724411,03/23/2022 09:23:45 AM,03/29/2022 01:49:31 PM,DSNY,Department of Sanitation,Dirty Condition,Dog Waste,Sidewalk,11226,1829 CATON AVENUE,CATON AVENUE,BRIGHTON LINE,OCEAN AVENUE,BRIGHTON LINE,OCEAN AVENUE,ADDRESS,BROOKLYN,CATON AVENUE,,Closed,,The Department of Sanitation investigated this complaint and found no violation at the location.,03/29/2022 01:49:14 PM,14 BROOKLYN,3050610049,BROOKLYN,994695,176748,PHONE,Unspecified,BROOKLYN,,,,,,,,40.651802943612616,-73.96235782070436,"(40.651802943612616, -73.96235782070436)"
53724412,03/23/2022 08:32:21 AM,03/25/2022 04:53:59 PM,DSNY,Department of Sanitation,Dirty Condition,Dog Waste,Sidewalk,11221,690 QUINCY STREET,QUINCY STREET,STUYVESANT AVENUE,MALCOLM X BOULEVARD,STUYVESANT AVENUE,MALCOLM X BOULEVARD,ADDRESS,BROOKLYN,QUINCY STREET,,Closed,,The Department of Sanitation investigated this complaint and found no violation at the location.,03/25/2022 04:53:36 PM,03 BROOKLYN,3016310009,BROOKLYN,1003127,190343,ONLINE,Unspecified,BROOKLYN,,,,,,,,40.68910420670149,-73.93193212314824,"(40.68910420670149, -73.93193212314824)"
53718779,03/22/2022 08:49:31 PM,03/23/2022 01:23:36 PM,DSNY,Department of Sanitation,Dirty Condition,Dog Waste,Sidewalk,10456,968 CAULDWELL AVENUE,CAULDWELL AVENUE,EAST  164 STREET,EAST  165 STREET,EAST  164 STREET,EAST  165 STREET,ADDRESS,BRONX,CAULDWELL AVENUE,,Closed,,The Department of Sanitation investigated this complaint and found no violation at the location.,03/23/2022 01:23:04 PM,03 BRONX,2026320027,BRONX,1010215,239834,ONLINE,Unspecified,BRONX,,,,,,,,40.8249263113123,-73.90618265302061,"(40.8249263113123, -73.90618265302061)"
53718780,03/22/2022 03:04:21 PM,03/23/2022 01:19:53 PM,DSNY,Department of Sanitation,Dirty Condition,Dog Waste,Sidewalk,11433,107-37 WATSON PLACE,WATSON PLACE,POLHEMUS AVENUE,DEAD END,POLHEMUS AVENUE,DEAD END,ADDRESS,JAMAICA,WATSON PLACE,,Closed,,The Department of Sanitation investigated this complaint and found no violation at the location.,03/23/2022 01:19:15 PM,12 QUEENS,4102520019,QUEENS,1045135,194931,ONLINE,Unspecified,QUEENS,,,,,,,,40.70150787510107,-73.78041597281742,"(40.70150787510107, -73.78041597281742)"
53714107,03/22/2022 02:56:41 PM,03/23/2022 01:18:35 PM,DSNY,Department of Sanitation,Dirty Condition,Dog Waste,Sidewalk,11433,107-41 WATSON PLACE,WATSON PLACE,POLHEMUS AVENUE,DEAD END,POLHEMUS AVENUE,DEAD END,ADDRESS,JAMAICA,WATSON PLACE,,Closed,,The Department of Sanitation investigated this complaint and found no violation at the location.,03/23/2022 01:18:00 PM,12 QUEENS,4102520020,QUEENS,1045156,194922,PHONE,Unspecified,QUEENS,,,,,,,,40.701483027772696,-73.78034031724424,"(40.701483027772696, -73.78034031724424)"
53716456,03/22/2022 12:51:16 PM,03/25/2022 01:29:33 PM,DSNY,Department of Sanitation,Dirty Condition,Dog Waste,Sidewalk,11375,67 DRIVE,67 DRIVE,67 DRIVE,AUSTIN STREET,67 DRIVE,AUSTIN STREET,INTERSECTION,,,,Closed,,The Department of Sanitation investigated this complaint and issued a Notice of Violation.,03/25/2022 01:28:29 PM,06 QUEENS,,QUEENS,1024875,202836,ONLINE,Unspecified,QUEENS,,,,,,,,40.7233213918676,-73.85343654845198,"(40.7233213918676, -73.85343654845198)"
53712913,03/22/2022 10:09:53 AM,04/02/2022 04:52:23 PM,DSNY,Department of Sanitation,Dirty Condition,Dog Waste,Sidewalk,11225,453 ROGERS AVENUE,ROGERS AVENUE,LINCOLN ROAD,MAPLE STREET,LINCOLN ROAD,MAPLE STREET,ADDRESS,BROOKLYN,ROGERS AVENUE,,Closed,,The Department of Sanitation investigated this complaint and found no violation at the location.,04/02/2022 04:52:04 PM,09 BROOKLYN,3050300010,BROOKLYN,997125,180201,PHONE,Unspecified,BROOKLYN,,,,,,,,40.66127747098352,-73.95359388212417,"(40.66127747098352, -73.95359388212417)"
53716454,03/22/2022 09:44:02 AM,03/28/2022 02:12:27 PM,DSNY,Department of Sanitation,Dirty Condition,Dog Waste,Street,11208,765 LINCOLN AVENUE,LINCOLN AVENUE,DUMONT AVENUE,REV JAMES MILLER WAY,DUMONT AVENUE,REV JAMES MILLER WAY,ADDRESS,BROOKLYN,LINCOLN AVENUE,,Closed,,The Department of Sanitation investigated this complaint and found no violation at the location.,03/28/2022 02:12:08 PM,05 BROOKLYN,3042719001,BROOKLYN,1021477,183432,ONLINE,Unspecified,BROOKLYN,,,,,,,,40.670076940408805,-73.86580279125647,"(40.670076940408805, -73.86580279125647)"
53716455,03/22/2022 09:10:53 AM,03/24/2022 05:46:09 AM,DSNY,Department of Sanitation,Dirty Condition,Dog Waste,Street,10019,242 WEST   53 STREET,WEST   53 STREET,BROADWAY,8 AVENUE,BROADWAY,8 AVENUE,ADDRESS,NEW YORK,WEST   53 STREET,,Closed,,The Department of Sanitation investigated this complaint and found no violation at the location.,03/24/2022 05:45:53 AM,05 MANHATTAN,1010240052,MANHATTAN,988614,217607,ONLINE,Unspecified,MANHATTAN,,,,,,,,40.76395630147621,-73.98424633031384,"(40.76395630147621, -73.98424633031384)"
53718781,03/22/2022 09:04:20 AM,03/29/2022 07:01:03 AM,DSNY,Department of Sanitation,Dirty Condition,Dog Waste,Sidewalk,11226,256 EAST   32 STREET,EAST   32 STREET,CORTELYOU ROAD,CLARENDON ROAD,CORTELYOU ROAD,CLARENDON ROAD,ADDRESS,BROOKLYN,EAST   32 STREET,,Closed,,The Department of Sanitation investigated this complaint and found no violation at the location.,03/29/2022 07:00:36 AM,17 BROOKLYN,3049310020,BROOKLYN,998968,174001,ONLINE,Unspecified,BROOKLYN,,,,,,,,40.644256953868876,-73.94696458053885,"(40.644256953868876, -73.94696458053885)"
53704508,03/21/2022 07:59:45 PM,03/22/2022 01:13:01 PM,DSNY,Department of Sanitation,Dirty Condition,Dog Waste,Street,10301,536 HOWARD AVENUE,HOWARD AVENUE,SIGNAL HILL ROAD,STRATFORD AVENUE,SIGNAL HILL ROAD,STRATFORD AVENUE,ADDRESS,STATEN ISLAND,HOWARD AVENUE,,Closed,,The Department of Sanitation investigated this complaint and found no violation at the location.,03/22/2022 01:12:52 PM,01 STATEN ISLAND,5005950015,STATEN ISLAND,958483,164721,ONLINE,Unspecified,STATEN ISLAND,,,,,,,,40.61876007760868,-74.09281436522555,"(40.61876007760868, -74.09281436522555)"
53704509,03/21/2022 06:39:12 PM,03/24/2022 07:21:12 AM,DSNY,Department of Sanitation,Dirty Condition,Dog Waste,Sidewalk,11208,140 FORBELL STREET,FORBELL STREET,MC KINLEY AVENUE,101 AVENUE,MC KINLEY AVENUE,101 AVENUE,ADDRESS,BROOKLYN,FORBELL STREET,,Closed,,The Department of Sanitation investigated this complaint and found no violation at the location.,03/24/2022 07:20:33 AM,05 BROOKLYN,3041840051,BROOKLYN,1021845,187014,ONLINE,Unspecified,BROOKLYN,,,,,,,,40.67990715716114,-73.86445623372214,"(40.67990715716114, -73.86445623372214)"
53708163,03/21/2022 03:24:16 PM,03/31/2022 04:38:41 PM,DSNY,Department of Sanitation,Dirty Condition,Dog Waste,Sidewalk,11212,1100 EAST NEW YORK AVENUE,EAST NEW YORK AVENUE,EAST   96 STREET,BUFFALO AVENUE,EAST   96 STREET,BUFFALO AVENUE,ADDRESS,BROOKLYN,EAST NEW YORK AVENUE,,Closed,,The Department of Sanitation investigated this complaint and found no violation at the location.,03/31/2022 04:38:12 PM,17 BROOKLYN,3045990001,BROOKLYN,1004711,181768,PHONE,Unspecified,BROOKLYN,,,,,,,,40.66556425717738,-73.92624647235498,"(40.66556425717738, -73.92624647235498)"
53703309,03/21/2022 01:56:46 PM,03/24/2022 07:07:40 AM,DSNY,Department of Sanitation,Dirty Condition,Dog Waste,Sidewalk,11212,399 EAST   94 STREET,EAST   94 STREET,LENOX ROAD,WILLMOHR STREET,LENOX ROAD,WILLMOHR STREET,ADDRESS,BROOKLYN,EAST   94 STREET,,Closed,,The Department of Sanitation investigated this complaint and found no violation at the location.,03/24/2022 07:07:09 AM,17 BROOKLYN,3046690021,BROOKLYN,1006563,178638,ONLINE,Unspecified,BROOKLYN,,,,,,,,40.65696862779544,-73.919581132021,"(40.65696862779544, -73.919581132021)"
53706925,03/21/2022 01:16:53 PM,03/23/2022 01:13:13 PM,DSNY,Department of Sanitation,Dirty Condition,Dog Waste,Sidewalk,10452,EAST  168 STREET,EAST  168 STREET,EAST  168 STREET,GRANDVIEW PLACE,EAST  168 STREET,GRANDVIEW PLACE,INTERSECTION,,,,Closed,,The Department of Sanitation investigated this complaint and found no violation at the location.,03/23/2022 01:11:57 PM,04 BRONX,,BRONX,1007098,243904,PHONE,Unspecified,BRONX,,,,,,,,40.83610590211243,-73.91743120175903,"(40.83610590211243, -73.91743120175903)"
53705674,03/21/2022 12:41:13 PM,03/23/2022 04:34:50 PM,DSNY,Department of Sanitation,Dirty Condition,Dog Waste,Sidewalk,10002,WILLIAMSBURG BRIDGE,WILLIAMSBURG BRIDGE,EAST RIVER SHORELINE WEST,JAMAICA LINE,EAST RIVER SHORELINE WEST,JAMAICA LINE,UNRECOGNIZED,NEW YORK,WILLIAMSBURG BRIDGE,,Closed,,The Department of Sanitation investigated this complaint and found no condition at the location.,03/23/2022 04:34:31 PM,03 MANHATTAN,1240009979,MANHATTAN,990955,199662,ONLINE,Unspecified,MANHATTAN,,,,,,,,40.7147002676757,-73.97581340579393,"(40.7147002676757, -73.97581340579393)"
53711805,03/21/2022 12:06:36 PM,03/28/2022 02:39:04 PM,DSNY,Department of Sanitation,Dirty Condition,Dog Waste,Sidewalk,11226,217 EAST   19 STREET,EAST   19 STREET,BEVERLEY ROAD,CORTELYOU ROAD,BEVERLEY ROAD,CORTELYOU ROAD,ADDRESS,BROOKLYN,EAST   19 STREET,,Closed,,The Department of Sanitation investigated this complaint and found no violation at the location.,03/28/2022 02:38:12 PM,14 BROOKLYN,3051500051,BROOKLYN,995043,173987,ONLINE,Unspecified,BROOKLYN,,,,,,,,40.644224179799686,-73.96110809995129,"(40.644224179799686, -73.96110809995129)"
53711806,03/21/2022 11:47:57 AM,03/22/2022 12:52:20 PM,DSNY,Department of Sanitation,Dirty Condition,Dog Waste,Sidewalk,10305,98 LILY POND AVENUE,LILY POND AVENUE,NARROWS ROAD SOUTH,OFFICER THOMAS CHOI AVENUE,NARROWS ROAD SOUTH,OFFICER THOMAS CHOI AVENUE,ADDRESS,STATEN ISLAND,LILY POND AVENUE,,Closed,,The Department of Sanitation investigated this complaint and found no violation at the location.,03/22/2022 12:51:28 PM,02 STATEN ISLAND,5031020063,STATEN ISLAND,966284,157977,PHONE,Unspecified,STATEN ISLAND,,,,,,,,40.600268439826436,-74.06469674022335,"(40.600268439826436, -74.06469674022335)"
53703310,03/21/2022 11:12:42 AM,03/22/2022 01:42:11 PM,DSNY,Department of Sanitation,Dirty Condition,Dog Waste,Sidewalk,11106,23-30 31 ROAD,31 ROAD,23 STREET,CRESCENT STREET,23 STREET,CRESCENT STREET,ADDRESS,ASTORIA,31 ROAD,,Closed,,The Department of Sanitation investigated this complaint and found no violation at the location.,03/22/2022 01:41:27 PM,01 QUEENS,4005680031,QUEENS,1003972,218279,ONLINE,Unspecified,QUEENS,,,,,,,,40.76577984655452,-73.9288032967727,"(40.76577984655452, -73.9288032967727)"
53708164,03/21/2022 09:58:23 AM,03/22/2022 12:50:58 PM,DSNY,Department of Sanitation,Dirty Condition,Dog Waste,Sidewalk,10314,43 BOWLING GREEN PLACE,BOWLING GREEN PLACE,ROCKVILLE AVENUE,MULBERRY AVENUE,ROCKVILLE AVENUE,MULBERRY AVENUE,ADDRESS,STATEN ISLAND,BOWLING GREEN PLACE,,Closed,,The Department of Sanitation investigated this complaint and found no violation at the location.,03/22/2022 12:50:05 PM,02 STATEN ISLAND,5021150022,STATEN ISLAND,938180,156188,PHONE,Unspecified,STATEN ISLAND,,,,,,,,40.595256470708634,-74.16588871265958,"(40.595256470708634, -74.16588871265958)"
53702064,03/20/2022 06:35:00 PM,03/21/2022 01:03:56 PM,DSNY,Department of Sanitation,Dirty Condition,Dog Waste,Sidewalk,11435,147-36 94 AVENUE,94 AVENUE,SUTPHIN BOULEVARD,148 STREET,SUTPHIN BOULEVARD,148 STREET,ADDRESS,JAMAICA,94 AVENUE,,Closed,,The Department of Sanitation investigated this complaint and found no violation at the location.,03/21/2022 01:03:41 PM,12 QUEENS,4099997501,QUEENS,1037968,194094,ONLINE,Unspecified,QUEENS,,,,,,,,40.699256921088654,-73.80627061223024,"(40.699256921088654, -73.80627061223024)"
53698677,03/20/2022 01:25:37 PM,03/22/2022 08:48:08 AM,DSNY,Department of Sanitation,Dirty Condition,Dog Waste,Sidewalk,10028,310 EAST   83 STREET,EAST   83 STREET,2 AVENUE,1 AVENUE,2 AVENUE,1 AVENUE,ADDRESS,NEW YORK,EAST   83 STREET,,Closed,,The Department of Sanitation investigated this complaint and found no violation at the location.,03/22/2022 08:47:44 AM,08 MANHATTAN,1015450045,MANHATTAN,997365,221887,PHONE,Unspecified,MANHATTAN,,,,,,,,40.77569513497476,-73.95264761496037,"(40.77569513497476, -73.95264761496037)"
53700348,03/20/2022 09:13:50 AM,03/22/2022 08:47:11 AM,DSNY,Department of Sanitation,Dirty Condition,Dog Waste,Sidewalk,10128,EAST   88 STREET,EAST   88 STREET,1 AVENUE,YORK AVENUE,1 AVENUE,YORK AVENUE,BLOCKFACE,,,,Closed,,The Department of Sanitation investigated this complaint and found no violation at the location.,03/22/2022 08:46:42 AM,Unspecified MANHATTAN,,MANHATTAN,,,PHONE,Unspecified,MANHATTAN,,,,,,,,,,
53702037,03/20/2022 09:03:05 AM,03/21/2022 01:12:03 PM,DSNY,Department of Sanitation,Dirty Condition,Dog Waste,Street,11372,37 AVENUE,37 AVENUE,37 AVENUE,81 STREET,37 AVENUE,81 STREET,INTERSECTION,,,,Closed,,The Department of Sanitation investigated this complaint and found no violation at the location.,03/21/2022 01:11:48 PM,03 QUEENS,,QUEENS,1016047,212416,PHONE,Unspecified,QUEENS,,,,,,,,40.74965223876096,-73.885240142397,"(40.74965223876096, -73.885240142397)"
53702065,03/20/2022 08:32:19 AM,03/28/2022 04:03:39 PM,DSNY,Department of Sanitation,Dirty Condition,Dog Waste,Sidewalk,11230,1446 EAST    3 STREET,EAST    3 STREET,AVENUE M,AVENUE N,AVENUE M,AVENUE N,ADDRESS,BROOKLYN,EAST    3 STREET,,Closed,,The Department of Sanitation investigated this complaint and found no violation at the location.,03/28/2022 04:02:30 PM,12 BROOKLYN,3065650031,BROOKLYN,991999,163447,ONLINE,Unspecified,BROOKLYN,,,,,,,,40.61529729189432,-73.97208906412888,"(40.61529729189432, -73.97208906412888)"
53689514,03/19/2022 02:57:07 PM,03/23/2022 08:59:56 AM,DSNY,Department of Sanitation,Dirty Condition,Dog Waste,Sidewalk,10002,275 DELANCEY STREET,DELANCEY STREET,COLUMBIA STREET,CANNON STREET,COLUMBIA STREET,CANNON STREET,ADDRESS,NEW YORK,DELANCEY STREET,,Closed,,The Department of Sanitation investigated this complaint and found no violation at the location.,03/23/2022 08:59:12 AM,03 MANHATTAN,1003310200,MANHATTAN,989676,200164,PHONE,Unspecified,MANHATTAN,,,,,,,,40.71607901442206,-73.9804266704949,"(40.71607901442206, -73.9804266704949)"
53689515,03/19/2022 12:43:55 PM,03/24/2022 02:45:27 PM,DSNY,Department of Sanitation,Dirty Condition,Dog Waste,Sidewalk,11369,100-02 32 AVENUE,32 AVENUE,100 STREET,101 STREET,100 STREET,101 STREET,ADDRESS,EAST ELMHURST,32 AVENUE,,Closed,,The Department of Sanitation investigated this complaint and found no violation at the location.,03/24/2022 02:45:20 PM,03 QUEENS,4016950101,QUEENS,1020639,215899,PHONE,Unspecified,QUEENS,,,,,,,,40.75919447362238,-73.86864814038915,"(40.75919447362238, -73.86864814038915)"
53689516,03/19/2022 12:25:20 PM,03/29/2022 01:38:48 PM,DSNY,Department of Sanitation,Dirty Condition,Dog Waste,Sidewalk,11209,7123 NARROWS AVENUE,NARROWS AVENUE,71 STREET,72 STREET,71 STREET,72 STREET,ADDRESS,BROOKLYN,NARROWS AVENUE,,Closed,,The Department of Sanitation investigated this complaint and found no violation at the location.,03/29/2022 01:37:58 PM,10 BROOKLYN,3058880001,BROOKLYN,974592,170952,PHONE,Unspecified,BROOKLYN,,,,,,,,40.635895065576314,-74.03479765458076,"(40.635895065576314, -74.03479765458076)"
53688575,03/19/2022 10:59:21 AM,03/23/2022 03:31:05 PM,DSNY,Department of Sanitation,Dirty Condition,Dog Waste,Sidewalk,11412,118-13 FARMERS BOULEVARD,FARMERS BOULEVARD,118 AVENUE,118 ROAD,118 AVENUE,118 ROAD,ADDRESS,SAINT ALBANS,FARMERS BOULEVARD,,Closed,,The Department of Sanitation investigated this complaint and found no violation at the location.,03/23/2022 03:30:57 PM,12 QUEENS,4126030072,QUEENS,1050213,190692,PHONE,Unspecified,QUEENS,,,,,,,,40.689836451314925,-73.76214357502006,"(40.689836451314925, -73.76214357502006)"
53691420,03/19/2022 10:36:45 AM,03/19/2022 02:10:50 PM,DSNY,Department of Sanitation,Dirty Condition,Dog Waste,Sidewalk,11236,1800 EAST   91 STREET,EAST   91 STREET,SKIDMORE AVENUE,SCHENCK STREET,SKIDMORE AVENUE,SCHENCK STREET,ADDRESS,BROOKLYN,EAST   91 STREET,,Closed,,The Department of Sanitation investigated this complaint and found no violation at the location.,03/19/2022 02:10:52 PM,18 BROOKLYN,3083210020,BROOKLYN,1014615,168468,ONLINE,Unspecified,BROOKLYN,,,,,,,,40.62903023507884,-73.89060650832567,"(40.62903023507884, -73.89060650832567)"
53690490,03/19/2022 10:17:09 AM,03/21/2022 01:14:44 PM,DSNY,Department of Sanitation,Dirty Condition,Dog Waste,Sidewalk,10468,83 WEST  188 STREET,WEST  188 STREET,AQUEDUCT AVENUE WEST,UNIVERSITY AVENUE,AQUEDUCT AVENUE WEST,UNIVERSITY AVENUE,ADDRESS,BRONX,WEST  188 STREET,,Closed,,The Department of Sanitation investigated this complaint and found no violation at the location.,03/21/2022 01:13:23 PM,07 BRONX,2032130090,BRONX,1010948,254165,ONLINE,Unspecified,BRONX,,,,,,,,40.86425849316386,-73.90347710505662,"(40.86425849316386, -73.90347710505662)"
53688560,03/19/2022 09:34:38 AM,03/25/2022 06:50:11 AM,DSNY,Department of Sanitation,Dirty Condition,Dog Waste,Street,11436,123-12 INWOOD STREET,INWOOD STREET,123 AVENUE,ROCKAWAY BOULEVARD,123 AVENUE,ROCKAWAY BOULEVARD,ADDRESS,JAMAICA,INWOOD STREET,,Closed,,"The Department of Sanitation has investigated the complaint and addressed the issue. If the problem persists, call 311 to enter a new complaint. If you are outside of New York City, please call (212) NEW-YORK (212-639-9675).",03/25/2022 06:49:53 AM,12 QUEENS,4120480111,QUEENS,1041604,185270,ONLINE,Unspecified,QUEENS,,,,,,,,40.675014312696725,-73.7932328512039,"(40.675014312696725, -73.7932328512039)"
53693273,03/19/2022 09:14:27 AM,04/20/2022 10:07:19 AM,DSNY,Department of Sanitation,Dirty Condition,Dog Waste,Sidewalk,11219,1042 45 STREET,45 STREET,10 AVENUE,FT HAMILTON PARKWAY,10 AVENUE,FT HAMILTON PARKWAY,ADDRESS,BROOKLYN,45 STREET,,Closed,,The Department of Sanitation investigated this complaint and found no violation at the location.,04/20/2022 10:07:12 AM,12 BROOKLYN,3056140019,BROOKLYN,985508,172695,PHONE,Unspecified,BROOKLYN,,,,,,,,40.640684404383364,-73.99546711634973,"(40.640684404383364, -73.99546711634973)"
53687598,03/18/2022 06:41:18 PM,03/19/2022 02:29:07 PM,DSNY,Department of Sanitation,Dirty Condition,Dog Waste,Sidewalk,11435,139-40 QUEENS BOULEVARD,QUEENS BOULEVARD,87 AVENUE,HILLSIDE AVENUE,87 AVENUE,HILLSIDE AVENUE,ADDRESS,JAMAICA,QUEENS BOULEVARD,,Closed,,The Department of Sanitation investigated this complaint and found no violation at the location.,03/19/2022 02:29:00 PM,08 QUEENS,4096250025,QUEENS,1035241,196334,ONLINE,Unspecified,QUEENS,,,,,,,,40.70542131579175,-73.81608831496364,"(40.70542131579175, -73.81608831496364)"
53681626,03/18/2022 06:31:57 PM,03/25/2022 05:03:22 PM,DSNY,Department of Sanitation,Dirty Condition,Dog Waste,Sidewalk,11216,277 GATES AVENUE,GATES AVENUE,FRANKLIN AVENUE,BEDFORD AVENUE,FRANKLIN AVENUE,BEDFORD AVENUE,ADDRESS,BROOKLYN,GATES AVENUE,,Closed,,The Department of Sanitation investigated this complaint and found no violation at the location.,03/25/2022 05:02:31 PM,03 BROOKLYN,3019740051,BROOKLYN,996389,189054,PHONE,Unspecified,BROOKLYN,,,,,,,,40.68557800392962,-73.95623074565354,"(40.68557800392962, -73.95623074565354)"
53686369,03/18/2022 03:37:15 PM,03/28/2022 02:14:14 PM,DSNY,Department of Sanitation,Dirty Condition,Dog Waste,Street,11239,546 EGAN STREET,EGAN STREET,LINWOOD STREET,ESSEX STREET,LINWOOD STREET,ESSEX STREET,ADDRESS,BROOKLYN,EGAN STREET,,Closed,,The Department of Sanitation investigated this complaint and found no violation at the location.,03/28/2022 02:13:24 PM,05 BROOKLYN,3044520628,BROOKLYN,1019530,178570,PHONE,Unspecified,BROOKLYN,,,,,,,,40.656739813611,-73.87284683687429,"(40.656739813611, -73.87284683687429)"
53685169,03/18/2022 02:44:27 PM,03/19/2022 02:10:49 PM,DSNY,Department of Sanitation,Dirty Condition,Dog Waste,Sidewalk,11236,1800 EAST   91 STREET,EAST   91 STREET,SKIDMORE AVENUE,SCHENCK STREET,SKIDMORE AVENUE,SCHENCK STREET,ADDRESS,BROOKLYN,EAST   91 STREET,,Closed,,The Department of Sanitation investigated this complaint and found no violation at the location.,03/19/2022 02:10:28 PM,18 BROOKLYN,3083210020,BROOKLYN,1014615,168468,ONLINE,Unspecified,BROOKLYN,,,,,,,,40.62903023507884,-73.89060650832567,"(40.62903023507884, -73.89060650832567)"
53686398,03/18/2022 02:16:04 PM,03/19/2022 01:04:53 PM,DSNY,Department of Sanitation,Dirty Condition,Dog Waste,Sidewalk,11101,29-06 NORTHERN BOULEVARD,NORTHERN BOULEVARD,WILLIAM MODELL WAY,ASTORIA LINE,WILLIAM MODELL WAY,ASTORIA LINE,ADDRESS,LONG ISLAND CITY,NORTHERN BOULEVARD,,Closed,,The Department of Sanitation investigated this complaint and found no violation at the location.,03/19/2022 01:04:38 PM,01 QUEENS,4002390007,QUEENS,1001729,212193,ONLINE,Unspecified,QUEENS,,,,,,,,40.749080053780325,-73.93691637821085,"(40.749080053780325, -73.93691637821085)"
53685170,03/18/2022 01:24:59 PM,03/19/2022 04:11:22 PM,DSNY,Department of Sanitation,Dirty Condition,Dog Waste,Street,11375,67 DRIVE,67 DRIVE,67 DRIVE,AUSTIN STREET,67 DRIVE,AUSTIN STREET,INTERSECTION,,,,Closed,,The Department of Sanitation investigated this complaint and found no violation at the location.,03/19/2022 04:11:07 PM,06 QUEENS,,QUEENS,1024875,202836,ONLINE,Unspecified,QUEENS,,,,,,,,40.7233213918676,-73.85343654845198,"(40.7233213918676, -73.85343654845198)"
53683930,03/18/2022 12:38:01 PM,03/19/2022 01:15:40 PM,DSNY,Department of Sanitation,Dirty Condition,Dog Waste,Sidewalk,10002,275 DELANCEY STREET,DELANCEY STREET,COLUMBIA STREET,CANNON STREET,COLUMBIA STREET,CANNON STREET,ADDRESS,NEW YORK,DELANCEY STREET,,Closed,,The Department of Sanitation investigated this complaint and found no violation at the location.,03/19/2022 01:15:30 PM,03 MANHATTAN,1003310200,MANHATTAN,989676,200164,ONLINE,Unspecified,MANHATTAN,,,,,,,,40.71607901442206,-73.9804266704949,"(40.71607901442206, -73.9804266704949)"
53679159,03/18/2022 12:17:34 PM,03/18/2022 04:14:38 PM,DSNY,Department of Sanitation,Dirty Condition,Dog Waste,Sidewalk,11369,32 AVENUE,32 AVENUE,32 AVENUE,100 STREET,32 AVENUE,100 STREET,INTERSECTION,,,,Closed,,The Department of Sanitation investigated this complaint and found no violation at the location.,03/18/2022 04:14:43 PM,03 QUEENS,,QUEENS,1020592,215895,PHONE,Unspecified,QUEENS,,,,,,,,40.75918368797326,-73.86881781570297,"(40.75918368797326, -73.86881781570297)"
53685171,03/18/2022 09:49:46 AM,03/22/2022 12:59:18 PM,DSNY,Department of Sanitation,Dirty Condition,Dog Waste,Sidewalk,10467,3227 BAINBRIDGE AVENUE,BAINBRIDGE AVENUE,EAST  207 STREET,VAN CORTLANDT AVENUE EAST,EAST  207 STREET,VAN CORTLANDT AVENUE EAST,ADDRESS,BRONX,BAINBRIDGE AVENUE,,Closed,,The Department of Sanitation investigated this complaint and found no violation at the location.,03/22/2022 12:59:03 PM,07 BRONX,2033350154,BRONX,1017517,258683,PHONE,Unspecified,BRONX,,,,,,,,40.87663669864502,-73.87970539751794,"(40.87663669864502, -73.87970539751794)"
53676855,03/17/2022 03:31:29 PM,03/18/2022 12:21:37 PM,DSNY,Department of Sanitation,Dirty Condition,Dog Waste,Sidewalk,11379,78-19 67 DRIVE,67 DRIVE,78 STREET,79 STREET,78 STREET,79 STREET,ADDRESS,MIDDLE VILLAGE,67 DRIVE,,Closed,,The Department of Sanitation investigated this complaint and found no violation at the location.,03/18/2022 12:20:36 PM,05 QUEENS,4037770053,QUEENS,1018942,198612,ONLINE,Unspecified,QUEENS,,,,,,,,40.71175279447854,-73.87486286392964,"(40.71175279447854, -73.87486286392964)"
53674852,03/17/2022 01:20:24 PM,03/19/2022 06:23:21 AM,DSNY,Department of Sanitation,Dirty Condition,Dog Waste,Sidewalk,10309,923 SHELDON AVENUE,SHELDON AVENUE,FOSTER ROAD,LENEVAR AVENUE,FOSTER ROAD,LENEVAR AVENUE,ADDRESS,STATEN ISLAND,SHELDON AVENUE,,Closed,,"The Department of Sanitation has investigated the complaint and addressed the issue. If the problem persists, call 311 to enter a new complaint. If you are outside of New York City, please call (212) NEW-YORK (212-639-9675).",03/19/2022 06:23:09 AM,03 STATEN ISLAND,5069300006,STATEN ISLAND,926871,135496,PHONE,Unspecified,STATEN ISLAND,,,,,,,,40.53839510912092,-74.20643440179511,"(40.53839510912092, -74.20643440179511)"
53677928,03/17/2022 11:57:36 AM,03/18/2022 04:14:36 PM,DSNY,Department of Sanitation,Dirty Condition,Dog Waste,Sidewalk,11369,32 AVENUE,32 AVENUE,32 AVENUE,100 STREET,32 AVENUE,100 STREET,INTERSECTION,,,,Closed,,The Department of Sanitation investigated this complaint and found no violation at the location.,03/18/2022 04:13:56 PM,03 QUEENS,,QUEENS,1020592,215895,PHONE,Unspecified,QUEENS,,,,,,,,40.75918368797326,-73.86881781570297,"(40.75918368797326, -73.86881781570297)"
53673797,03/17/2022 10:59:31 AM,03/18/2022 04:15:03 PM,DSNY,Department of Sanitation,Dirty Condition,Dog Waste,Sidewalk,11372,33-24 77 STREET,77 STREET,NORTHERN BOULEVARD,34 AVENUE,NORTHERN BOULEVARD,34 AVENUE,ADDRESS,JACKSON HEIGHTS,77 STREET,,Closed,,The Department of Sanitation investigated this complaint and found no violation at the location.,03/18/2022 04:14:50 PM,03 QUEENS,4012490018,QUEENS,1014749,214173,PHONE,Unspecified,QUEENS,,,,,,,,40.75447932734323,-73.88991683338963,"(40.75447932734323, -73.88991683338963)"
53671737,03/17/2022 10:51:23 AM,03/19/2022 05:51:17 AM,DSNY,Department of Sanitation,Dirty Condition,Dog Waste,Sidewalk,10032,531 WEST  159 STREET,WEST  159 STREET,AMSTERDAM AVENUE,BROADWAY,AMSTERDAM AVENUE,BROADWAY,ADDRESS,NEW YORK,WEST  159 STREET,,Closed,,The Department of Sanitation investigated this complaint and found no violation at the location.,03/19/2022 05:51:20 AM,12 MANHATTAN,1021187501,MANHATTAN,1000258,243334,PHONE,Unspecified,MANHATTAN,,,,,,,,40.83455646444994,-73.94215115368844,"(40.83455646444994, -73.94215115368844)"
53672759,03/17/2022 10:49:05 AM,03/19/2022 05:51:49 AM,DSNY,Department of Sanitation,Dirty Condition,Dog Waste,Sidewalk,10032,549 WEST  159 STREET,WEST  159 STREET,AMSTERDAM AVENUE,BROADWAY,AMSTERDAM AVENUE,BROADWAY,ADDRESS,NEW YORK,WEST  159 STREET,,Closed,,The Department of Sanitation investigated this complaint and found no violation at the location.,03/19/2022 05:51:52 AM,12 MANHATTAN,1021180059,MANHATTAN,1000157,243390,PHONE,Unspecified,MANHATTAN,,,,,,,,40.83471035074769,-73.94251600913024,"(40.83471035074769, -73.94251600913024)"
53674851,03/17/2022 10:47:31 AM,03/19/2022 05:51:47 AM,DSNY,Department of Sanitation,Dirty Condition,Dog Waste,Sidewalk,10032,549 WEST  159 STREET,WEST  159 STREET,AMSTERDAM AVENUE,BROADWAY,AMSTERDAM AVENUE,BROADWAY,ADDRESS,NEW YORK,WEST  159 STREET,,Closed,,The Department of Sanitation investigated this complaint and found no violation at the location.,03/19/2022 05:51:32 AM,12 MANHATTAN,1021180059,MANHATTAN,1000157,243390,PHONE,Unspecified,MANHATTAN,,,,,,,,40.83471035074769,-73.94251600913024,"(40.83471035074769, -73.94251600913024)"
53677929,03/17/2022 10:44:49 AM,03/19/2022 05:51:15 AM,DSNY,Department of Sanitation,Dirty Condition,Dog Waste,Sidewalk,10032,531 WEST  159 STREET,WEST  159 STREET,AMSTERDAM AVENUE,BROADWAY,AMSTERDAM AVENUE,BROADWAY,ADDRESS,NEW YORK,WEST  159 STREET,,Closed,,The Department of Sanitation investigated this complaint and found no violation at the location.,03/19/2022 05:50:58 AM,12 MANHATTAN,1021187501,MANHATTAN,1000258,243334,PHONE,Unspecified,MANHATTAN,,,,,,,,40.83455646444994,-73.94215115368844,"(40.83455646444994, -73.94215115368844)"
53671738,03/17/2022 10:40:53 AM,03/19/2022 05:50:39 AM,DSNY,Department of Sanitation,Dirty Condition,Dog Waste,Sidewalk,10033,725 WEST  180 STREET,WEST  180 STREET,CARMEN GEORGINA ACOSTA-CRUZ WAY,FT WASHINGTON AVENUE,CARMEN GEORGINA ACOSTA-CRUZ WAY,FT WASHINGTON AVENUE,ADDRESS,NEW YORK,WEST  180 STREET,,Closed,,The Department of Sanitation investigated this complaint and found no violation at the location.,03/19/2022 05:50:23 AM,12 MANHATTAN,1021760100,MANHATTAN,1001634,248854,ONLINE,Unspecified,MANHATTAN,,,,,,,,40.84970464654776,-73.93716433169502,"(40.84970464654776, -73.93716433169502)"
53675863,03/17/2022 10:28:13 AM,03/19/2022 04:12:28 PM,DSNY,Department of Sanitation,Dirty Condition,Dog Waste,Sidewalk,11374,65-61 SAUNDERS STREET,SAUNDERS STREET,65 ROAD,66 AVENUE,65 ROAD,66 AVENUE,ADDRESS,REGO PARK,SAUNDERS STREET,,Closed,,The Department of Sanitation investigated this complaint and found no violation at the location.,03/19/2022 04:12:09 PM,06 QUEENS,4030860040,QUEENS,1023713,204320,PHONE,Unspecified,QUEENS,,,,,,,,40.727399866110204,-73.85762000453174,"(40.727399866110204, -73.85762000453174)"
53665968,03/16/2022 03:04:30 PM,03/17/2022 01:21:54 PM,DSNY,Department of Sanitation,Dirty Condition,Dog Waste,Sidewalk,10463,2696 HEATH AVENUE,HEATH AVENUE,WEST  193 STREET,WEST KINGSBRIDGE ROAD,WEST  193 STREET,WEST KINGSBRIDGE ROAD,ADDRESS,BRONX,HEATH AVENUE,,Closed,,The Department of Sanitation investigated this complaint and found no violation at the location.,03/17/2022 01:21:25 PM,07 BRONX,2032400019,BRONX,1010413,256808,ONLINE,Unspecified,BRONX,,,,,,,,40.87151432083861,-73.90540100224139,"(40.87151432083861, -73.90540100224139)"
53667162,03/16/2022 02:15:49 PM,03/18/2022 01:50:07 PM,DSNY,Department of Sanitation,Dirty Condition,Dog Waste,Sidewalk,10305,221 FATHER CAPODANNO BOULEVARD,FATHER CAPODANNO BOULEVARD,ALEX CIRCLE,SUNNYMEADE VILLAGE,ALEX CIRCLE,SUNNYMEADE VILLAGE,ADDRESS,STATEN ISLAND,FATHER CAPODANNO BOULEVARD,,Closed,,The Department of Sanitation investigated this complaint and found no violation at the location.,03/18/2022 01:50:00 PM,02 STATEN ISLAND,5031220136,STATEN ISLAND,966139,154799,PHONE,Unspecified,STATEN ISLAND,,,,,,,,40.59154517758238,-74.06521037506629,"(40.59154517758238, -74.06521037506629)"
53663546,03/16/2022 01:19:10 PM,03/19/2022 04:39:24 PM,DSNY,Department of Sanitation,Dirty Condition,Dog Waste,Sidewalk,11208,393 ATKINS AVENUE,ATKINS AVENUE,BLAKE AVENUE,DUMONT AVENUE,BLAKE AVENUE,DUMONT AVENUE,ADDRESS,BROOKLYN,ATKINS AVENUE,,Closed,,The Department of Sanitation investigated this complaint and found no violation at the location.,03/19/2022 04:39:00 PM,05 BROOKLYN,3040710003,BROOKLYN,1018191,183094,ONLINE,Unspecified,BROOKLYN,,,,,,,,40.669162414420086,-73.87764996617203,"(40.669162414420086, -73.87764996617203)"
53668364,03/16/2022 10:19:12 AM,03/19/2022 02:11:48 PM,DSNY,Department of Sanitation,Dirty Condition,Dog Waste,Sidewalk,11236,9001 AVENUE M,AVENUE M,REMSEN AVENUE,EAST   91 STREET,REMSEN AVENUE,EAST   91 STREET,ADDRESS,BROOKLYN,AVENUE M,,Closed,,The Department of Sanitation investigated this complaint and found no violation at the location.,03/19/2022 02:11:30 PM,18 BROOKLYN,3082550001,BROOKLYN,1012403,170189,ONLINE,Unspecified,BROOKLYN,,,,,,,,40.63376131898914,-73.89856831235447,"(40.63376131898914, -73.89856831235447)"
53669575,03/16/2022 09:08:18 AM,03/17/2022 01:19:19 PM,DSNY,Department of Sanitation,Dirty Condition,Dog Waste,Sidewalk,10451,2417 3 AVENUE,3 AVENUE,BRUCKNER BOULEVARD,EAST  134 STREET,BRUCKNER BOULEVARD,EAST  134 STREET,ADDRESS,BRONX,3 AVENUE,,Closed,,The Department of Sanitation investigated this complaint and found no violation at the location.,03/17/2022 01:18:41 PM,01 BRONX,2023190100,BRONX,1003444,233840,PHONE,Unspecified,BRONX,,,,,,,,40.80849177643205,-73.93066491950142,"(40.80849177643205, -73.93066491950142)"
53657609,03/15/2022 03:59:01 PM,03/16/2022 01:33:31 PM,DSNY,Department of Sanitation,Dirty Condition,Dog Waste,Sidewalk,11421,87-28 86 STREET,86 STREET,HELEN MASTROMAURO CORNER,88 AVENUE,HELEN MASTROMAURO CORNER,88 AVENUE,ADDRESS,WOODHAVEN,86 STREET,,Closed,,The Department of Sanitation investigated this complaint and found no violation at the location.,03/16/2022 01:33:14 PM,09 QUEENS,4089220021,QUEENS,1023641,191409,ONLINE,Unspecified,QUEENS,,,,,,,,40.69196260066295,-73.8579553113284,"(40.69196260066295, -73.8579553113284)"
53653083,03/15/2022 03:42:24 PM,03/17/2022 04:21:48 PM,DSNY,Department of Sanitation,Dirty Condition,Dog Waste,Street,11373,80-15 41 AVENUE,41 AVENUE,80 STREET,81 STREET,80 STREET,81 STREET,ADDRESS,ELMHURST,41 AVENUE,,Closed,,The Department of Sanitation investigated this complaint and found no violation at the location.,03/17/2022 04:21:38 PM,04 QUEENS,4014910021,QUEENS,1016044,211022,ONLINE,Unspecified,QUEENS,,,,,,,,40.74582607332756,-73.88525756003034,"(40.74582607332756, -73.88525756003034)"
53656421,03/15/2022 01:44:36 PM,03/16/2022 01:43:44 PM,DSNY,Department of Sanitation,Dirty Condition,Dog Waste,Sidewalk,10031,482 WEST  150 STREET,WEST  150 STREET,CONVENT AVENUE,FIREFIGHTER JAMES RUANE WAY,CONVENT AVENUE,FIREFIGHTER JAMES RUANE WAY,ADDRESS,NEW YORK,WEST  150 STREET,,Closed,,The Department of Sanitation investigated this complaint and found no violation at the location.,03/16/2022 01:43:29 PM,09 MANHATTAN,1020640060,MANHATTAN,999517,241016,ONLINE,Unspecified,MANHATTAN,,,,,,,,40.82819553333155,-73.94483421410484,"(40.82819553333155, -73.94483421410484)"
53656420,03/15/2022 01:39:30 PM,04/14/2022 11:39:42 AM,DSNY,Department of Sanitation,Dirty Condition,Dog Waste,Sidewalk,11229,2125 EAST   15 STREET,EAST   15 STREET,AVENUE U,AVENUE V,AVENUE U,AVENUE V,ADDRESS,BROOKLYN,EAST   15 STREET,,Closed,,The Department of Sanitation investigated this complaint and found no violation at the location.,04/14/2022 11:39:05 AM,15 BROOKLYN,3073480067,BROOKLYN,996396,157203,ONLINE,Unspecified,BROOKLYN,,,,,,,,40.59815385419109,-73.95626284749933,"(40.59815385419109, -73.95626284749933)"
53651875,03/15/2022 11:39:05 AM,03/16/2022 01:44:44 PM,DSNY,Department of Sanitation,Dirty Condition,Dog Waste,Street,11102,26-11 CRESCENT STREET,CRESCENT STREET,ASTORIA BOULEVARD,NEWTOWN AVENUE,ASTORIA BOULEVARD,NEWTOWN AVENUE,ADDRESS,ASTORIA,CRESCENT STREET,,Closed,,The Department of Sanitation investigated this complaint and found no violation at the location.,03/16/2022 01:44:30 PM,01 QUEENS,4005730024,QUEENS,1005580,220229,ONLINE,Unspecified,QUEENS,,,,,,,,40.77112835456324,-73.92299220802488,"(40.77112835456324, -73.92299220802488)"
53645193,03/14/2022 04:22:19 PM,03/15/2022 03:11:45 PM,DSNY,Department of Sanitation,Dirty Condition,Dog Waste,Sidewalk,11418,121-02 JAMAICA AVENUE,JAMAICA AVENUE,121 STREET,122 STREET,121 STREET,122 STREET,ADDRESS,RICHMOND HILL,JAMAICA AVENUE,,Closed,,The Department of Sanitation investigated this complaint and found no violation at the location.,03/15/2022 03:11:24 PM,09 QUEENS,4093310001,QUEENS,1031810,194520,ONLINE,Unspecified,QUEENS,,,,,,,,40.70046142764847,-73.82847584555687,"(40.70046142764847, -73.82847584555687)"
53645192,03/14/2022 02:40:28 PM,03/15/2022 01:34:15 PM,DSNY,Department of Sanitation,Dirty Condition,Dog Waste,Sidewalk,11429,109-05 SPRINGFIELD BOULEVARD,SPRINGFIELD BOULEVARD,109 AVENUE,110 AVENUE,109 AVENUE,110 AVENUE,ADDRESS,QUEENS VILLAGE,SPRINGFIELD BOULEVARD,,Closed,,The Department of Sanitation investigated this complaint and found no violation at the location.,03/15/2022 01:32:50 PM,13 QUEENS,4111970055,QUEENS,1056817,197592,PHONE,Unspecified,QUEENS,,,,,,,,40.708723572881226,-73.73825595781732,"(40.708723572881226, -73.73825595781732)"
53646330,03/14/2022 12:14:37 PM,03/15/2022 01:38:09 PM,DSNY,Department of Sanitation,Dirty Condition,Dog Waste,Sidewalk,10469,3575 EASTCHESTER ROAD,EASTCHESTER ROAD,HICKS STREET,EAST  221 STREET,HICKS STREET,EAST  221 STREET,ADDRESS,BRONX,EASTCHESTER ROAD,,Closed,,The Department of Sanitation investigated this complaint and found no violation at the location.,03/15/2022 01:37:30 PM,12 BRONX,2047250120,BRONX,1026352,259765,ONLINE,Unspecified,BRONX,,,,,,,,40.879568726299,-73.84775099464505,"(40.879568726299, -73.84775099464505)"
53644062,03/14/2022 11:23:21 AM,03/15/2022 01:43:39 PM,DSNY,Department of Sanitation,Dirty Condition,Dog Waste,Sidewalk,10032,RIVERSIDE DRIVE,RIVERSIDE DRIVE,RIVERSIDE DRIVE,WEST  155 STREET,RIVERSIDE DRIVE,WEST  155 STREET,INTERSECTION,,,,Closed,,The Department of Sanitation investigated this complaint and found no violation at the location.,03/15/2022 01:43:23 PM,12 MANHATTAN,,MANHATTAN,998539,243193,PHONE,Unspecified,MANHATTAN,,,,,,,,40.83417240875407,-73.9483634819345,"(40.83417240875407, -73.9483634819345)"
53648543,03/14/2022 09:13:21 AM,03/15/2022 02:56:46 PM,DSNY,Department of Sanitation,Dirty Condition,Dog Waste,Sidewalk,11366,158-12 75 ROAD,75 ROAD,PARSONS BOULEVARD,160 STREET,PARSONS BOULEVARD,160 STREET,ADDRESS,FRESH MEADOWS,75 ROAD,,Closed,,The Department of Sanitation investigated this complaint and found no violation at the location.,03/15/2022 02:55:58 PM,08 QUEENS,4068240011,QUEENS,1036816,203773,ONLINE,Unspecified,QUEENS,,,,,,,,40.72583032651056,-73.81034961552928,"(40.72583032651056, -73.81034961552928)"
53645194,03/14/2022 07:52:59 AM,03/15/2022 06:54:56 AM,DSNY,Department of Sanitation,Dirty Condition,Dog Waste,Sidewalk,10037,45 WEST  139 STREET,WEST  139 STREET,5 AVENUE,VALERIE M ORRIDGE R N WAY,5 AVENUE,VALERIE M ORRIDGE R N WAY,ADDRESS,NEW YORK,WEST  139 STREET,,Closed,,The Department of Sanitation investigated this complaint and no DSNY related conditions/violations were observed. Location will be referred to the appropriate agency for further action.,03/15/2022 06:54:25 AM,10 MANHATTAN,1017370015,MANHATTAN,1001169,236801,ONLINE,Unspecified,MANHATTAN,,,,,,,,40.81662354408798,-73.93887550595342,"(40.81662354408798, -73.93887550595342)"
53650744,03/14/2022 07:49:51 AM,03/15/2022 06:53:54 AM,DSNY,Department of Sanitation,Dirty Condition,Dog Waste,Sidewalk,10037,60 WEST  142 STREET,WEST  142 STREET,CHISUM PLACE,JACK JOHNSON PLAZA,CHISUM PLACE,JACK JOHNSON PLAZA,ADDRESS,NEW YORK,WEST  142 STREET,,Closed,,The Department of Sanitation investigated this complaint and no DSNY related conditions/violations were observed. Location will be referred to the appropriate agency for further action.,03/15/2022 06:53:30 AM,10 MANHATTAN,1017370059,MANHATTAN,1001836,237301,ONLINE,Unspecified,MANHATTAN,,,,,,,,40.81799460072329,-73.93646447748057,"(40.81799460072329, -73.93646447748057)"
53648542,03/14/2022 07:18:45 AM,03/15/2022 01:56:07 PM,DSNY,Department of Sanitation,Dirty Condition,Dog Waste,Sidewalk,10312,59 GEYSER DRIVE,GEYSER DRIVE,HAMMOCK LANE,MYRNA LANE,HAMMOCK LANE,MYRNA LANE,ADDRESS,STATEN ISLAND,GEYSER DRIVE,,Closed,,The Department of Sanitation investigated this complaint and found no violation at the location.,03/15/2022 01:55:06 PM,03 STATEN ISLAND,5060240038,STATEN ISLAND,929125,139553,ONLINE,Unspecified,STATEN ISLAND,,,,,,,,40.54954507295949,-74.1983581884024,"(40.54954507295949, -74.1983581884024)"
53639329,03/13/2022 08:13:21 PM,03/14/2022 02:05:40 PM,DSNY,Department of Sanitation,Dirty Condition,Dog Waste,Sidewalk,10017,812 2 AVENUE,2 AVENUE,EAST   43 STREET,EAST   44 STREET,EAST   43 STREET,EAST   44 STREET,ADDRESS,NEW YORK,2 AVENUE,,Closed,,The Department of Sanitation investigated this complaint and found no violation at the location.,03/14/2022 02:05:14 PM,06 MANHATTAN,1013367501,MANHATTAN,992142,212796,ONLINE,Unspecified,MANHATTAN,,,,,,,,40.75074888972159,-73.97151619767267,"(40.75074888972159, -73.97151619767267)"
53638523,03/13/2022 07:47:00 PM,03/15/2022 05:40:10 AM,DSNY,Department of Sanitation,Dirty Condition,Dog Waste,Sidewalk,10453,20 RICHMOND PLAZA,RICHMOND PLAZA,DEAD END,HARLEM RIVER PARK BRIDGE,DEAD END,HARLEM RIVER PARK BRIDGE,ADDRESS,BRONX,RICHMAN PLAZA,,Closed,,The Department of Sanitation investigated this complaint and found no violation at the location.,03/15/2022 05:39:54 AM,05 BRONX,2028820229,BRONX,1005821,249873,PHONE,Unspecified,BRONX,,,,,,,,40.852492262115156,-73.92202685973932,"(40.852492262115156, -73.92202685973932)"
53637675,03/13/2022 05:52:14 PM,03/15/2022 05:39:25 AM,DSNY,Department of Sanitation,Dirty Condition,Dog Waste,Sidewalk,10462,2036 CRUGER AVENUE,CRUGER AVENUE,BRONXDALE AVENUE,BRADY AVENUE,BRONXDALE AVENUE,BRADY AVENUE,ADDRESS,BRONX,CRUGER AVENUE,,Closed,,The Department of Sanitation investigated this complaint and found no violation at the location.,03/15/2022 05:39:12 AM,11 BRONX,2042850010,BRONX,1021106,249508,ONLINE,Unspecified,BRONX,,,,,,,,40.851439872463665,-73.86677792790597,"(40.851439872463665, -73.86677792790597)"
53638522,03/13/2022 11:46:56 AM,03/15/2022 05:37:25 AM,DSNY,Department of Sanitation,Dirty Condition,Dog Waste,Sidewalk,10029,325 EAST  104 STREET,EAST  104 STREET,2 AVENUE,1 AVENUE,2 AVENUE,1 AVENUE,ADDRESS,NEW YORK,EAST  104 STREET,,Closed,,The Department of Sanitation investigated this complaint and issued a Notice of Violation.,03/15/2022 05:36:47 AM,11 MANHATTAN,1016760011,MANHATTAN,1000137,226735,ONLINE,Unspecified,MANHATTAN,,,,,,,,40.78899705745022,-73.94262770405562,"(40.78899705745022, -73.94262770405562)"
53640146,03/13/2022 08:39:59 AM,03/14/2022 01:35:56 PM,DSNY,Department of Sanitation,Dirty Condition,Dog Waste,Sidewalk,10312,20 BARCLAY CIRCLE,BARCLAY CIRCLE,HAMPTON GREEN,DEAD END,HAMPTON GREEN,DEAD END,ADDRESS,STATEN ISLAND,BARCLAY CIRCLE,,Closed,,The Department of Sanitation investigated this complaint and found no violation at the location.,03/14/2022 01:35:56 PM,03 STATEN ISLAND,5060180185,STATEN ISLAND,930265,141098,ONLINE,Unspecified,STATEN ISLAND,,,,,,,,40.55379280538016,-74.19426843006063,"(40.55379280538016, -74.19426843006063)"
53637676,03/13/2022 08:37:45 AM,03/14/2022 01:35:58 PM,DSNY,Department of Sanitation,Dirty Condition,Dog Waste,Sidewalk,10312,200 NEDRA LANE,NEDRA LANE,JOSEPH DE NICOLA LANE,DEAD END,JOSEPH DE NICOLA LANE,DEAD END,ADDRESS,STATEN ISLAND,NEDRA LANE,,Closed,,The Department of Sanitation investigated this complaint and found no violation at the location.,03/14/2022 01:35:56 PM,03 STATEN ISLAND,5060250030,STATEN ISLAND,930173,140800,ONLINE,Unspecified,STATEN ISLAND,,,,,,,,40.55297429380791,-74.19459711451097,"(40.55297429380791, -74.19459711451097)"
53635964,03/13/2022 08:34:29 AM,03/14/2022 01:35:59 PM,DSNY,Department of Sanitation,Dirty Condition,Dog Waste,Sidewalk,10312,70 HAMPTON GREEN,HAMPTON GREEN,BEND,BARCLAY CIRCLE,BEND,BARCLAY CIRCLE,ADDRESS,STATEN ISLAND,HAMPTON GREEN,,Closed,,The Department of Sanitation investigated this complaint and found no violation at the location.,03/14/2022 01:35:56 PM,03 STATEN ISLAND,5060180166,STATEN ISLAND,930348,141115,ONLINE,Unspecified,STATEN ISLAND,,,,,,,,40.55383997187338,-74.1939698857619,"(40.55383997187338, -74.1939698857619)"
53640981,03/13/2022 08:32:41 AM,03/14/2022 01:36:01 PM,DSNY,Department of Sanitation,Dirty Condition,Dog Waste,Sidewalk,10312,90 HAMPTON GREEN,HAMPTON GREEN,BARCLAY CIRCLE,REGENT CIRCLE,BARCLAY CIRCLE,REGENT CIRCLE,ADDRESS,STATEN ISLAND,HAMPTON GREEN,,Closed,,The Department of Sanitation investigated this complaint and found no violation at the location.,03/14/2022 01:35:56 PM,03 STATEN ISLAND,5060180187,STATEN ISLAND,930238,141028,ONLINE,Unspecified,STATEN ISLAND,,,,,,,,40.553600504830115,-74.1943650320202,"(40.553600504830115, -74.1943650320202)"
53638524,03/13/2022 08:30:31 AM,03/14/2022 01:36:02 PM,DSNY,Department of Sanitation,Dirty Condition,Dog Waste,Sidewalk,10312,94 HAMPTON GREEN,HAMPTON GREEN,BARCLAY CIRCLE,REGENT CIRCLE,BARCLAY CIRCLE,REGENT CIRCLE,ADDRESS,STATEN ISLAND,HAMPTON GREEN,,Closed,,The Department of Sanitation investigated this complaint and found no violation at the location.,03/14/2022 01:35:56 PM,03 STATEN ISLAND,5060180189,STATEN ISLAND,930211,141007,ONLINE,Unspecified,STATEN ISLAND,,,,,,,,40.55354269950445,-74.1944620248648,"(40.55354269950445, -74.1944620248648)"
53640982,03/13/2022 08:28:21 AM,03/14/2022 01:36:03 PM,DSNY,Department of Sanitation,Dirty Condition,Dog Waste,Sidewalk,10312,116 HAMPTON GREEN,HAMPTON GREEN,BARCLAY CIRCLE,REGENT CIRCLE,BARCLAY CIRCLE,REGENT CIRCLE,ADDRESS,STATEN ISLAND,HAMPTON GREEN,,Closed,,The Department of Sanitation investigated this complaint and found no violation at the location.,03/14/2022 01:35:56 PM,03 STATEN ISLAND,5060180198,STATEN ISLAND,930062,140890,ONLINE,Unspecified,STATEN ISLAND,,,,,,,,40.553220648485656,-74.19499726975468,"(40.553220648485656, -74.19499726975468)"
53628823,03/11/2022 04:26:55 PM,03/12/2022 01:04:12 PM,DSNY,Department of Sanitation,Dirty Condition,Dog Waste,Sidewalk,10458,2734 BAINBRIDGE AVENUE,BAINBRIDGE AVENUE,EAST  194 STREET,EAST  196 STREET,EAST  194 STREET,EAST  196 STREET,ADDRESS,BRONX,BAINBRIDGE AVENUE,,Closed,,The Department of Sanitation investigated this complaint and found no violation at the location.,03/12/2022 01:02:58 PM,07 BRONX,2032870056,BRONX,1014557,254998,PHONE,Unspecified,BRONX,,,,,,,,40.8665331710416,-73.89042551459764,"(40.8665331710416, -73.89042551459764)"
53626910,03/11/2022 03:37:45 PM,03/29/2022 01:42:20 PM,DSNY,Department of Sanitation,Dirty Condition,Dog Waste,Sidewalk,11226,49 EAST   19 STREET,EAST   19 STREET,TENNIS COURT,ALBEMARLE ROAD,TENNIS COURT,ALBEMARLE ROAD,ADDRESS,BROOKLYN,EAST   19 STREET,,Closed,,The Department of Sanitation investigated this complaint and found no violation at the location.,03/29/2022 01:41:34 PM,14 BROOKLYN,3051000051,BROOKLYN,994827,175473,ONLINE,Unspecified,BROOKLYN,,,,,,,,40.64830318910063,-73.96188411235836,"(40.64830318910063, -73.96188411235836)"
53622221,03/11/2022 12:57:27 PM,03/15/2022 03:46:43 PM,DSNY,Department of Sanitation,Dirty Condition,Dog Waste,Sidewalk,11206,201 TOMPKINS AVENUE,TOMPKINS AVENUE,PULASKI STREET,DEKALB AVENUE,PULASKI STREET,DEKALB AVENUE,ADDRESS,BROOKLYN,TOMPKINS AVENUE,,Closed,,The Department of Sanitation investigated this complaint and found no violation at the location.,03/15/2022 03:46:46 PM,03 BROOKLYN,3017760173,BROOKLYN,999335,191352,PHONE,Unspecified,BROOKLYN,,,,,,,,40.69188095412346,-73.94560329254328,"(40.69188095412346, -73.94560329254328)"
53623211,03/11/2022 12:50:46 PM,03/15/2022 03:46:41 PM,DSNY,Department of Sanitation,Dirty Condition,Dog Waste,Sidewalk,11206,201 TOMPKINS AVENUE,TOMPKINS AVENUE,PULASKI STREET,DEKALB AVENUE,PULASKI STREET,DEKALB AVENUE,ADDRESS,BROOKLYN,TOMPKINS AVENUE,,Closed,,The Department of Sanitation investigated this complaint and found no violation at the location.,03/15/2022 03:45:55 PM,03 BROOKLYN,3017760173,BROOKLYN,999335,191352,PHONE,Unspecified,BROOKLYN,,,,,,,,40.69188095412346,-73.94560329254328,"(40.69188095412346, -73.94560329254328)"
53626909,03/11/2022 12:36:16 PM,03/12/2022 01:10:15 PM,DSNY,Department of Sanitation,Dirty Condition,Dog Waste,Sidewalk,10453,1706 NELSON AVENUE,NELSON AVENUE,BRANDT PLACE,MACOMBS ROAD,BRANDT PLACE,MACOMBS ROAD,ADDRESS,BRONX,NELSON AVENUE,,Closed,,The Department of Sanitation investigated this complaint and found no violation at the location.,03/12/2022 01:07:19 PM,05 BRONX,2028760174,BRONX,1007262,248364,ONLINE,Unspecified,BRONX,,,,,,,,40.84834686758993,-73.91682322959421,"(40.84834686758993, -73.91682322959421)"
53621234,03/11/2022 08:15:26 AM,03/14/2022 04:17:08 PM,DSNY,Department of Sanitation,Dirty Condition,Dog Waste,Sidewalk,11433,112-40 169 STREET,169 STREET,SAYRES AVENUE,LINDEN BOULEVARD,SAYRES AVENUE,LINDEN BOULEVARD,ADDRESS,JAMAICA,169 STREET,,Closed,,The Department of Sanitation investigated this complaint and found no violation at the location.,03/14/2022 04:16:43 PM,12 QUEENS,4123240022,QUEENS,1044833,191498,PHONE,Unspecified,QUEENS,,,,,,,,40.69208719049352,-73.78153602083091,"(40.69208719049352, -73.78153602083091)"
53616404,03/11/2022 07:17:26 AM,03/14/2022 06:36:52 AM,DSNY,Department of Sanitation,Dirty Condition,Dog Waste,Sidewalk,10312,194 GREEN VALLEY ROAD,GREEN VALLEY ROAD,MANCHESTER DRIVE,BEND,MANCHESTER DRIVE,BEND,ADDRESS,STATEN ISLAND,GREEN VALLEY ROAD,,Closed,,The Department of Sanitation investigated this complaint and found no violation at the location.,03/14/2022 06:36:33 AM,03 STATEN ISLAND,,STATEN ISLAND,929683,139812,ONLINE,Unspecified,STATEN ISLAND,,,,,,,,40.550259427572,-74.19635241355907,"(40.550259427572, -74.19635241355907)"
53619619,03/10/2022 07:31:15 PM,03/17/2022 12:31:40 PM,DSNY,Department of Sanitation,Dirty Condition,Dog Waste,Sidewalk,11226,330 EAST   32 STREET,EAST   32 STREET,CLARENDON ROAD,AVENUE D,CLARENDON ROAD,AVENUE D,ADDRESS,BROOKLYN,EAST   32 STREET,,Closed,,The Department of Sanitation investigated this complaint and found no violation at the location.,03/17/2022 12:31:01 PM,17 BROOKLYN,3049480018,BROOKLYN,999020,173370,ONLINE,Unspecified,BROOKLYN,,,,,,,,40.64252490833231,-73.94677858321539,"(40.64252490833231, -73.94677858321539)"
53618817,03/10/2022 04:59:28 PM,03/11/2022 03:10:42 PM,DSNY,Department of Sanitation,Dirty Condition,Dog Waste,Sidewalk,11356,14-28 114 STREET,114 STREET,14 AVENUE,14 ROAD,14 AVENUE,14 ROAD,ADDRESS,COLLEGE POINT,114 STREET,,Closed,,The Department of Sanitation investigated this complaint and found no violation at the location.,03/11/2022 03:10:16 PM,07 QUEENS,4040480015,QUEENS,1024894,225250,PHONE,Unspecified,QUEENS,,,,,,,,40.78484195368136,-73.85323251712856,"(40.78484195368136, -73.85323251712856)"
53619620,03/10/2022 04:28:08 PM,03/11/2022 01:54:37 PM,DSNY,Department of Sanitation,Dirty Condition,Dog Waste,Sidewalk,10069,WEST   63 STREET,WEST   63 STREET,WEST   63 STREET,WEST END AVENUE,WEST   63 STREET,WEST END AVENUE,INTERSECTION,,,,Closed,,The Department of Sanitation investigated this complaint and found no violation at the location.,03/11/2022 01:54:19 PM,07 MANHATTAN,,MANHATTAN,987400,221308,PHONE,Unspecified,MANHATTAN,,,,,,,,40.77411510013836,-73.98862703263869,"(40.77411510013836, -73.98862703263869)"
53620420,03/10/2022 02:48:42 PM,03/11/2022 01:06:57 PM,DSNY,Department of Sanitation,Dirty Condition,Dog Waste,Sidewalk,11102,11-20 30 ROAD,30 ROAD,VERNON BOULEVARD,12 STREET,VERNON BOULEVARD,12 STREET,ADDRESS,ASTORIA,30 ROAD,,Closed,,The Department of Sanitation investigated this complaint and found no violation at the location.,03/11/2022 01:06:06 PM,01 QUEENS,4005050014,QUEENS,1002641,220135,ONLINE,Unspecified,QUEENS,,,,,,,,40.770876952195266,-73.933603145381,"(40.770876952195266, -73.933603145381)"
53617959,03/10/2022 11:11:53 AM,03/30/2022 03:42:01 PM,DSNY,Department of Sanitation,Dirty Condition,Dog Waste,Street,11212,17 TAPSCOTT STREET,TAPSCOTT STREET,EAST NEW YORK AVENUE,SUTTER AVENUE,EAST NEW YORK AVENUE,SUTTER AVENUE,ADDRESS,BROOKLYN,TAPSCOTT STREET,,Closed,,The Department of Sanitation investigated this complaint and found no violation at the location.,03/30/2022 03:41:02 PM,16 BROOKLYN,3035110022,BROOKLYN,1006234,182222,PHONE,Unspecified,BROOKLYN,,,,,,,,40.66680673512902,-73.92075520336459,"(40.66680673512902, -73.92075520336459)"
53620396,03/10/2022 08:36:27 AM,03/11/2022 02:26:21 PM,DSNY,Department of Sanitation,Dirty Condition,Dog Waste,Street,11225,364 RUTLAND ROAD,RUTLAND ROAD,NOSTRAND AVENUE,NEW YORK AVENUE,NOSTRAND AVENUE,NEW YORK AVENUE,ADDRESS,BROOKLYN,RUTLAND ROAD,,Closed,,The Department of Sanitation investigated this complaint and found no violation at the location.,03/11/2022 02:23:00 PM,09 BROOKLYN,3048090030,BROOKLYN,998459,179556,PHONE,Unspecified,BROOKLYN,,,,,,,,40.65950504817826,-73.9487870278836,"(40.65950504817826, -73.9487870278836)"
53615584,03/10/2022 07:00:46 AM,03/11/2022 04:28:44 PM,DSNY,Department of Sanitation,Dirty Condition,Dog Waste,Street,11214,8707 19 AVENUE,19 AVENUE,BENSON AVENUE,BATH AVENUE,BENSON AVENUE,BATH AVENUE,ADDRESS,BROOKLYN,19 AVENUE,,Closed,,The Department of Sanitation investigated this complaint and found no violation at the location.,03/11/2022 04:28:19 PM,11 BROOKLYN,3064067501,BROOKLYN,983471,159208,ONLINE,Unspecified,BROOKLYN,,,,,,,,40.60366546107875,-74.00280537239068,"(40.60366546107875, -74.00280537239068)"
53607643,03/09/2022 07:45:39 PM,03/10/2022 01:36:26 PM,DSNY,Department of Sanitation,Dirty Condition,Dog Waste,Sidewalk,11367,72-35 150 STREET,150 STREET,72 ROAD,72 DRIVE,72 ROAD,72 DRIVE,ADDRESS,FLUSHING,150 STREET,,Closed,,The Department of Sanitation investigated this complaint and found no violation at the location.,03/10/2022 01:36:30 PM,08 QUEENS,4067010001,QUEENS,1034955,204221,ONLINE,Unspecified,QUEENS,,,,,,,,40.727070838014846,-73.81706043396224,"(40.727070838014846, -73.81706043396224)"
53609063,03/09/2022 07:40:54 PM,03/10/2022 01:36:25 PM,DSNY,Department of Sanitation,Dirty Condition,Dog Waste,Sidewalk,11367,72-35 150 STREET,150 STREET,72 ROAD,72 DRIVE,72 ROAD,72 DRIVE,ADDRESS,FLUSHING,150 STREET,,Closed,,The Department of Sanitation investigated this complaint and found no violation at the location.,03/10/2022 01:36:01 PM,08 QUEENS,4067010001,QUEENS,1034955,204221,ONLINE,Unspecified,QUEENS,,,,,,,,40.727070838014846,-73.81706043396224,"(40.727070838014846, -73.81706043396224)"
53603472,03/09/2022 04:04:28 PM,03/14/2022 04:30:34 PM,DSNY,Department of Sanitation,Dirty Condition,Dog Waste,Sidewalk,11236,1128 EAST   98 STREET,EAST   98 STREET,FLATLANDS AVENUE,TRUCKLEMANS LANE,FLATLANDS AVENUE,TRUCKLEMANS LANE,ADDRESS,BROOKLYN,EAST   98 STREET,,Closed,,The Department of Sanitation investigated this complaint and found no violation at the location.,03/14/2022 04:30:10 PM,18 BROOKLYN,3082050048,BROOKLYN,1012145,173896,PHONE,Unspecified,BROOKLYN,,,,,,,,40.643937051343464,-73.89948252702736,"(40.643937051343464, -73.89948252702736)"
53610477,03/09/2022 11:45:46 AM,03/11/2022 01:43:42 PM,DSNY,Department of Sanitation,Dirty Condition,Dog Waste,Sidewalk,10462,1954 UNIONPORT ROAD,UNIONPORT ROAD,SAGAMORE STREET,BRONX PARK EAST,SAGAMORE STREET,BRONX PARK EAST,ADDRESS,BRONX,UNIONPORT ROAD,,Closed,,The Department of Sanitation investigated this complaint and found no violation at the location.,03/11/2022 01:43:03 PM,11 BRONX,2042560008,BRONX,1020574,249013,ONLINE,Unspecified,BRONX,,,,,,,,40.85008345031512,-73.86870360833434,"(40.85008345031512, -73.86870360833434)"
53595784,03/08/2022 09:08:23 PM,03/17/2022 01:53:53 PM,DSNY,Department of Sanitation,Dirty Condition,Dog Waste,Sidewalk,11418,136-01 87 AVENUE,87 AVENUE,136 STREET,87 AVENUE PEDESTRIAN OVERPASS,136 STREET,87 AVENUE PEDESTRIAN OVERPASS,ADDRESS,RICHMOND HILL,87 AVENUE,,Closed,,The Department of Sanitation investigated this complaint and found no violation at the location.,03/17/2022 01:53:28 PM,09 QUEENS,4096310024,QUEENS,1034391,196324,ONLINE,Unspecified,QUEENS,,,,,,,,40.7053987256492,-73.81915411640314,"(40.7053987256492, -73.81915411640314)"
53590985,03/08/2022 08:43:34 PM,03/28/2022 02:35:57 PM,DSNY,Department of Sanitation,Dirty Condition,Dog Waste,Sidewalk,11226,540 EAST   22 STREET,EAST   22 STREET,DITMAS AVENUE,NEWKIRK AVENUE,DITMAS AVENUE,NEWKIRK AVENUE,ADDRESS,BROOKLYN,EAST   22 STREET,,Closed,,The Department of Sanitation investigated this complaint and found no violation at the location.,03/28/2022 02:35:59 PM,14 BROOKLYN,3052070030,BROOKLYN,996197,172160,ONLINE,Unspecified,BROOKLYN,,,,,,,,40.63920797591532,-73.95695296906207,"(40.63920797591532, -73.95695296906207)"
53590984,03/08/2022 08:38:03 PM,03/28/2022 02:35:56 PM,DSNY,Department of Sanitation,Dirty Condition,Dog Waste,Sidewalk,11226,540 EAST   22 STREET,EAST   22 STREET,DITMAS AVENUE,NEWKIRK AVENUE,DITMAS AVENUE,NEWKIRK AVENUE,ADDRESS,BROOKLYN,EAST   22 STREET,,Closed,,The Department of Sanitation investigated this complaint and found no violation at the location.,03/28/2022 02:34:24 PM,14 BROOKLYN,3052070030,BROOKLYN,996197,172160,ONLINE,Unspecified,BROOKLYN,,,,,,,,40.63920797591532,-73.95695296906207,"(40.63920797591532, -73.95695296906207)"
53590983,03/08/2022 12:47:48 PM,03/09/2022 01:16:35 PM,DSNY,Department of Sanitation,Dirty Condition,Dog Waste,Sidewalk,10034,SEAMAN AVENUE,SEAMAN AVENUE,SEAMAN AVENUE,WEST  207 STREET,SEAMAN AVENUE,WEST  207 STREET,INTERSECTION,,,,Closed,,The Department of Sanitation investigated this complaint and found no violation at the location.,03/09/2022 01:16:12 PM,12 MANHATTAN,,MANHATTAN,1005784,255941,PHONE,Unspecified,MANHATTAN,,,,,,,,40.86914717879724,-73.92214110867016,"(40.86914717879724, -73.92214110867016)"
53594536,03/08/2022 09:11:14 AM,03/10/2022 04:40:16 PM,DSNY,Department of Sanitation,Dirty Condition,Dog Waste,Sidewalk,11221,980 JEFFERSON AVENUE,JEFFERSON AVENUE,HOWARD AVENUE,SARATOGA AVENUE,HOWARD AVENUE,SARATOGA AVENUE,ADDRESS,BROOKLYN,JEFFERSON AVENUE,,Closed,,The Department of Sanitation investigated this complaint and found no violation at the location.,03/10/2022 04:39:44 PM,03 BROOKLYN,3014880129,BROOKLYN,1006787,189533,PHONE,Unspecified,BROOKLYN,,,,,,,,40.686872380611184,-73.91873738086517,"(40.686872380611184, -73.91873738086517)"
53582473,03/07/2022 10:28:26 PM,03/09/2022 03:01:56 PM,DSNY,Department of Sanitation,Dirty Condition,Dog Waste,Sidewalk,11211,125 AINSLIE STREET,AINSLIE STREET,UNION AVENUE,LORIMER STREET,UNION AVENUE,LORIMER STREET,ADDRESS,BROOKLYN,AINSLIE STREET,,Closed,,The Department of Sanitation investigated this complaint and found no violation at the location.,03/09/2022 03:01:33 PM,01 BROOKLYN,3027670043,BROOKLYN,998196,198888,ONLINE,Unspecified,BROOKLYN,,,,,,,,40.71256737182582,-73.94969493458882,"(40.71256737182582, -73.94969493458882)"
53587260,03/07/2022 09:57:15 PM,03/09/2022 12:50:25 PM,DSNY,Department of Sanitation,Dirty Condition,Dog Waste,Sidewalk,10462,1510 ZEREGA AVENUE,ZEREGA AVENUE,FRISBY AVENUE,GLEBE AVENUE,FRISBY AVENUE,GLEBE AVENUE,ADDRESS,BRONX,ZEREGA AVENUE,,Closed,,The Department of Sanitation investigated this complaint and found no condition at the location.,03/09/2022 12:49:34 PM,10 BRONX,2039770001,BRONX,1026083,244715,ONLINE,Unspecified,BRONX,,,,,,,,40.83826233535932,-73.84881767765611,"(40.83826233535932, -73.84881767765611)"
53586073,03/07/2022 07:48:49 PM,03/08/2022 01:22:11 PM,DSNY,Department of Sanitation,Dirty Condition,Dog Waste,Street,10467,3524 ROCHAMBEAU AVENUE,ROCHAMBEAU AVENUE,EAST GUN HILL ROAD,EAST  212 STREET,EAST GUN HILL ROAD,EAST  212 STREET,ADDRESS,BRONX,ROCHAMBEAU AVENUE,,Closed,,The Department of Sanitation investigated this complaint and found no violation at the location.,03/08/2022 01:20:54 PM,07 BRONX,,BRONX,1017684,260725,ONLINE,Unspecified,BRONX,,,,,,,,40.88224071866119,-73.87909132871063,"(40.88224071866119, -73.87909132871063)"
53589738,03/07/2022 07:31:01 PM,03/08/2022 01:24:16 PM,DSNY,Department of Sanitation,Dirty Condition,Dog Waste,Sidewalk,10453,1820 LORING PLACE,LORING PLACE,MONTGOMERY AVENUE,WEST BURNSIDE AVENUE,MONTGOMERY AVENUE,WEST BURNSIDE AVENUE,ADDRESS,BRONX,LORING PLACE,,Closed,,The Department of Sanitation investigated this complaint and found no violation at the location.,03/08/2022 01:23:32 PM,05 BRONX,2028790053,BRONX,1007511,249876,PHONE,Unspecified,BRONX,,,,,,,,40.85249620555654,-73.9159179749601,"(40.85249620555654, -73.9159179749601)"
53588529,03/07/2022 02:44:56 PM,03/11/2022 04:22:34 PM,DSNY,Department of Sanitation,Dirty Condition,Dog Waste,Sidewalk,11224,SURF AVENUE,SURF AVENUE,WEST   28 STREET,WEST   29 STREET,WEST   28 STREET,WEST   29 STREET,BLOCKFACE,,,,Closed,,The Department of Sanitation investigated this complaint and found no violation at the location.,03/11/2022 04:22:07 PM,Unspecified BROOKLYN,,BROOKLYN,,,PHONE,Unspecified,BROOKLYN,,,,,,,,,,
53586072,03/07/2022 01:44:09 PM,03/09/2022 04:48:26 PM,DSNY,Department of Sanitation,Dirty Condition,Dog Waste,Street,11226,13 VERONICA PLACE,VERONICA PLACE,CHURCH AVENUE,ERASMUS STREET,CHURCH AVENUE,ERASMUS STREET,ADDRESS,BROOKLYN,VERONICA PLACE,,Closed,,The Department of Sanitation investigated this complaint and found no violation at the location.,03/09/2022 04:47:49 PM,17 BROOKLYN,3051040097,BROOKLYN,997315,176190,PHONE,Unspecified,BROOKLYN,,,,,,,,40.65026787733352,-73.95291682473355,"(40.65026787733352, -73.95291682473355)"
53589739,03/07/2022 01:07:46 PM,03/08/2022 01:51:37 PM,DSNY,Department of Sanitation,Dirty Condition,Dog Waste,Sidewalk,11102,11-28 30 ROAD,30 ROAD,VERNON BOULEVARD,12 STREET,VERNON BOULEVARD,12 STREET,ADDRESS,ASTORIA,30 ROAD,,Closed,,The Department of Sanitation investigated this complaint and found no violation at the location.,03/08/2022 01:51:06 PM,01 QUEENS,4005050026,QUEENS,1002676,220125,ONLINE,Unspecified,QUEENS,,,,,,,,40.770849431925186,-73.93347681267547,"(40.770849431925186, -73.93347681267547)"
53588527,03/07/2022 12:44:49 PM,03/08/2022 01:45:33 PM,DSNY,Department of Sanitation,Dirty Condition,Dog Waste,Sidewalk,10458,480 EAST  188 STREET,EAST  188 STREET,AUDIE TRINIDAD WAY,BATHGATE AVENUE,AUDIE TRINIDAD WAY,BATHGATE AVENUE,ADDRESS,BRONX,EAST  188 STREET,,Closed,,The Department of Sanitation investigated this complaint and found no condition at the location.,03/08/2022 01:41:53 PM,06 BRONX,2030570011,BRONX,1014570,251994,PHONE,Unspecified,BRONX,,,,,,,,40.85828805965668,-73.89039210329346,"(40.85828805965668, -73.89039210329346)"
53586074,03/07/2022 10:25:08 AM,03/12/2022 01:01:58 PM,DSNY,Department of Sanitation,Dirty Condition,Dog Waste,Sidewalk,10461,1731 SEDDON STREET,SEDDON STREET,BUCK STREET,FULLER STREET,BUCK STREET,FULLER STREET,ADDRESS,BRONX,SEDDON STREET,,Closed,,The Department of Sanitation investigated this complaint and found no condition at the location.,03/12/2022 01:00:21 PM,10 BRONX,2039960038,BRONX,1025592,246009,ONLINE,Unspecified,BRONX,,,,,,,,40.84181629566378,-73.85058414640076,"(40.84181629566378, -73.85058414640076)"
53584862,03/07/2022 10:00:48 AM,03/14/2022 04:25:04 PM,DSNY,Department of Sanitation,Dirty Condition,Dog Waste,Sidewalk,11210,1839 FLATBUSH AVENUE,FLATBUSH AVENUE,AVENUE K,EAST   38 STREET,AVENUE K,EAST   38 STREET,ADDRESS,BROOKLYN,FLATBUSH AVENUE,,Closed,,The Department of Sanitation investigated this complaint and found no violation at the location.,03/14/2022 04:24:25 PM,18 BROOKLYN,3078080022,BROOKLYN,1001104,166956,ONLINE,Unspecified,BROOKLYN,,,,,,,,40.62491612287838,-73.93928523204616,"(40.62491612287838, -73.93928523204616)"
53584863,03/07/2022 09:36:36 AM,03/19/2022 02:37:53 PM,DSNY,Department of Sanitation,Dirty Condition,Dog Waste,Sidewalk,11207,384 WARWICK STREET,WARWICK STREET,GLENMORE AVENUE,PITKIN AVENUE,GLENMORE AVENUE,PITKIN AVENUE,ADDRESS,BROOKLYN,WARWICK STREET,,Closed,,The Department of Sanitation investigated this complaint and found no violation at the location.,03/19/2022 02:36:48 PM,05 BROOKLYN,3039980020,BROOKLYN,1015853,184935,ONLINE,Unspecified,BROOKLYN,,,,,,,,40.674224197218095,-73.88606931400574,"(40.674224197218095, -73.88606931400574)"
53589740,03/07/2022 09:34:14 AM,03/08/2022 01:40:47 PM,DSNY,Department of Sanitation,Dirty Condition,Dog Waste,Sidewalk,10453,1706 NELSON AVENUE,NELSON AVENUE,BRANDT PLACE,MACOMBS ROAD,BRANDT PLACE,MACOMBS ROAD,ADDRESS,BRONX,NELSON AVENUE,,Closed,,The Department of Sanitation investigated this complaint and found no violation at the location.,03/08/2022 01:39:42 PM,05 BRONX,2028760174,BRONX,1007262,248364,ONLINE,Unspecified,BRONX,,,,,,,,40.84834686758993,-73.91682322959421,"(40.84834686758993, -73.91682322959421)"
53588528,03/07/2022 07:30:24 AM,03/09/2022 05:39:19 AM,DSNY,Department of Sanitation,Dirty Condition,Dog Waste,Sidewalk,10019,553 WEST   53 STREET,WEST   53 STREET,10 AVENUE,11 AVENUE,10 AVENUE,11 AVENUE,ADDRESS,NEW YORK,WEST   53 STREET,,Closed,,The Department of Sanitation investigated this complaint and found no violation at the location.,03/09/2022 05:39:02 AM,04 MANHATTAN,1010827501,MANHATTAN,986231,218932,ONLINE,Unspecified,MANHATTAN,,,,,,,,40.76759393890316,-73.99284836753357,"(40.76759393890316, -73.99284836753357)"
53586075,03/07/2022 02:41:15 AM,03/08/2022 05:46:59 AM,DSNY,Department of Sanitation,Dirty Condition,Dog Waste,Sidewalk,10011,521 WEST   23 STREET,WEST   23 STREET,HIGH LINE,11 AVENUE,HIGH LINE,11 AVENUE,ADDRESS,NEW YORK,WEST   23 STREET,,Closed,,The Department of Sanitation investigated this complaint and found no violation at the location.,03/08/2022 05:46:41 AM,04 MANHATTAN,1006957502,MANHATTAN,982813,211840,ONLINE,Unspecified,MANHATTAN,,,,,,,,40.748128315789764,-74.00518621555369,"(40.748128315789764, -74.00518621555369)"
53575025,03/06/2022 10:24:40 PM,03/07/2022 01:39:55 PM,DSNY,Department of Sanitation,Dirty Condition,Dog Waste,Sidewalk,10024,200 WEST   88 STREET,WEST   88 STREET,AMSTERDAM AVENUE,BROADWAY,AMSTERDAM AVENUE,BROADWAY,ADDRESS,NEW YORK,WEST   88 STREET,,Closed,,The Department of Sanitation investigated this complaint and found no violation at the location.,03/07/2022 01:39:38 PM,07 MANHATTAN,1012350036,MANHATTAN,991372,226758,ONLINE,Unspecified,MANHATTAN,,,,,,,,40.78907159637801,-73.97428048556439,"(40.78907159637801, -73.97428048556439)"
53580075,03/06/2022 07:26:15 PM,03/07/2022 01:32:20 PM,DSNY,Department of Sanitation,Dirty Condition,Dog Waste,Sidewalk,11365,59-27 PARSONS BOULEVARD,PARSONS BOULEVARD,59 AVENUE,HORACE HARDING EXPRESSWAY,59 AVENUE,HORACE HARDING EXPRESSWAY,ADDRESS,FRESH MEADOWS,PARSONS BOULEVARD,,Closed,,The Department of Sanitation investigated this complaint and found no violation at the location.,03/07/2022 01:30:29 PM,07 QUEENS,4067360020,QUEENS,1036821,208825,ONLINE,Unspecified,QUEENS,,,,,,,,40.73969676319746,-73.81029210274403,"(40.73969676319746, -73.81029210274403)"
53575024,03/06/2022 06:02:51 PM,03/07/2022 01:41:32 PM,DSNY,Department of Sanitation,Dirty Condition,Dog Waste,Sidewalk,10452,1382 SHAKESPEARE AVENUE,SHAKESPEARE AVENUE,EDWARD L GRANT HIGHWAY,JESUP PLACE,EDWARD L GRANT HIGHWAY,JESUP PLACE,ADDRESS,BRONX,SHAKESPEARE AVENUE,,Closed,,The Department of Sanitation investigated this complaint and found no violation at the location.,03/07/2022 01:40:52 PM,04 BRONX,2028720007,BRONX,1005955,245888,ONLINE,Unspecified,BRONX,,,,,,,,40.84155428653312,-73.92155538700752,"(40.84155428653312, -73.92155538700752)"
53578086,03/06/2022 04:40:50 PM,03/15/2022 01:22:52 PM,DSNY,Department of Sanitation,Dirty Condition,Dog Waste,Sidewalk,11223,2052 WEST    9 STREET,WEST    9 STREET,AVENUE T,AVENUE U,AVENUE T,AVENUE U,ADDRESS,BROOKLYN,WEST    9 STREET,,Closed,,The Department of Sanitation investigated this complaint and found no violation at the location.,03/15/2022 01:21:55 PM,11 BROOKLYN,3070960027,BROOKLYN,989645,156879,ONLINE,Unspecified,BROOKLYN,,,,,,,,40.59727122048362,-73.98057312607085,"(40.59727122048362, -73.98057312607085)"
53576021,03/06/2022 04:06:17 PM,03/07/2022 01:33:18 PM,DSNY,Department of Sanitation,Dirty Condition,Dog Waste,Sidewalk,11354,29 AVENUE,29 AVENUE,29 AVENUE,PARSONS BOULEVARD,29 AVENUE,PARSONS BOULEVARD,INTERSECTION,,,,Closed,,The Department of Sanitation investigated this complaint and found no violation at the location.,03/07/2022 01:32:45 PM,07 QUEENS,,QUEENS,1032812,220712,PHONE,Unspecified,QUEENS,,,,,,,,40.772346406580304,-73.82467309848509,"(40.772346406580304, -73.82467309848509)"
53577067,03/06/2022 11:24:21 AM,03/07/2022 01:33:51 PM,DSNY,Department of Sanitation,Dirty Condition,Dog Waste,Sidewalk,10469,1481 HICKS STREET,HICKS STREET,CORSA AVENUE,EASTCHESTER ROAD,CORSA AVENUE,EASTCHESTER ROAD,ADDRESS,BRONX,HICKS STREET,,Closed,,The Department of Sanitation investigated this complaint and found no violation at the location.,03/07/2022 01:33:08 PM,12 BRONX,2047250023,BRONX,1026218,259642,PHONE,Unspecified,BRONX,,,,,,,,40.87923176818845,-73.84823633429615,"(40.87923176818845, -73.84823633429615)"
53576020,03/06/2022 10:46:37 AM,03/08/2022 07:22:33 AM,DSNY,Department of Sanitation,Dirty Condition,Dog Waste,Sidewalk,10305,221 FATHER CAPODANNO BOULEVARD,FATHER CAPODANNO BOULEVARD,ALEX CIRCLE,SUNNYMEADE VILLAGE,ALEX CIRCLE,SUNNYMEADE VILLAGE,ADDRESS,STATEN ISLAND,FATHER CAPODANNO BOULEVARD,,Closed,,The Department of Sanitation investigated this complaint and found no violation at the location.,03/08/2022 07:22:15 AM,02 STATEN ISLAND,5031220136,STATEN ISLAND,966139,154799,PHONE,Unspecified,STATEN ISLAND,,,,,,,,40.59154517758238,-74.06521037506629,"(40.59154517758238, -74.06521037506629)"
53580074,03/06/2022 10:03:05 AM,03/07/2022 04:43:54 PM,DSNY,Department of Sanitation,Dirty Condition,Dog Waste,Sidewalk,11238,581 PARK PLACE,PARK PLACE,CLASSON AVENUE,FRANKLIN AVENUE SHUTTLE LINE,CLASSON AVENUE,FRANKLIN AVENUE SHUTTLE LINE,ADDRESS,BROOKLYN,PARK PLACE,,Closed,,The Department of Sanitation investigated this complaint and found no violation at the location.,03/07/2022 04:43:40 PM,08 BROOKLYN,3011630081,BROOKLYN,995700,185052,ONLINE,Unspecified,BROOKLYN,,,,,,,,40.67459434104121,-73.95872185314518,"(40.67459434104121, -73.95872185314518)"
53569089,03/05/2022 11:08:45 AM,03/09/2022 03:09:24 PM,DSNY,Department of Sanitation,Dirty Condition,Dog Waste,Sidewalk,11207,50 VERMONT STREET,VERMONT STREET,JACKIE ROBINSON PARKWAY,JAMAICA AVENUE,JACKIE ROBINSON PARKWAY,JAMAICA AVENUE,ADDRESS,BROOKLYN,VERMONT STREET,,Closed,,The Department of Sanitation investigated this complaint and found no violation at the location.,03/09/2022 03:08:54 PM,05 BROOKLYN,3034860001,BROOKLYN,1013165,186723,ONLINE,Unspecified,BROOKLYN,,,,,,,,40.67914103803119,-73.8957520324819,"(40.67914103803119, -73.8957520324819)"
53565342,03/05/2022 10:01:33 AM,03/07/2022 04:10:08 PM,DSNY,Department of Sanitation,Dirty Condition,Dog Waste,Sidewalk,11372,37 AVENUE,37 AVENUE,37 AVENUE,81 STREET,37 AVENUE,81 STREET,INTERSECTION,,,,Closed,,The Department of Sanitation investigated this complaint and found no violation at the location.,03/07/2022 04:09:46 PM,03 QUEENS,,QUEENS,1016047,212416,PHONE,Unspecified,QUEENS,,,,,,,,40.74965223876096,-73.885240142397,"(40.74965223876096, -73.885240142397)"
53561788,03/04/2022 11:51:08 PM,03/05/2022 04:34:20 PM,DSNY,Department of Sanitation,Dirty Condition,Dog Waste,Sidewalk,11238,589 PARK PLACE,PARK PLACE,CLASSON AVENUE,FRANKLIN AVENUE SHUTTLE LINE,CLASSON AVENUE,FRANKLIN AVENUE SHUTTLE LINE,ADDRESS,BROOKLYN,PARK PLACE,,Closed,,The Department of Sanitation investigated this complaint and found no violation at the location.,03/05/2022 04:34:01 PM,08 BROOKLYN,3011630078,BROOKLYN,995755,185037,PHONE,Unspecified,BROOKLYN,,,,,,,,40.674553098112185,-73.95852359947122,"(40.674553098112185, -73.95852359947122)"
53556937,03/04/2022 06:31:02 PM,03/07/2022 01:41:40 PM,DSNY,Department of Sanitation,Dirty Condition,Dog Waste,Sidewalk,10033,HAVEN AVENUE,HAVEN AVENUE,WEST  173 STREET,WEST  176 STREET,WEST  173 STREET,WEST  176 STREET,BLOCKFACE,,,,Closed,,The Department of Sanitation investigated this complaint and found no violation at the location.,03/07/2022 01:41:21 PM,Unspecified MANHATTAN,,MANHATTAN,,,PHONE,Unspecified,MANHATTAN,,,,,,,,,,
53558254,03/04/2022 03:58:05 PM,03/07/2022 01:43:39 PM,DSNY,Department of Sanitation,Dirty Condition,Dog Waste,Sidewalk,10033,40 PINEHURST AVENUE,PINEHURST AVENUE,WEST  179 STREET,WEST  180 STREET,WEST  179 STREET,WEST  180 STREET,ADDRESS,NEW YORK,PINEHURST AVENUE,,Closed,,The Department of Sanitation investigated this complaint and found no violation at the location.,03/07/2022 01:43:24 PM,12 MANHATTAN,1021777501,MANHATTAN,1000908,248909,ONLINE,Unspecified,MANHATTAN,,,,,,,,40.849857004778436,-73.93978837132835,"(40.849857004778436, -73.93978837132835)"
53559469,03/04/2022 03:43:34 PM,03/07/2022 01:40:27 PM,DSNY,Department of Sanitation,Dirty Condition,Dog Waste,Sidewalk,10454,505 EAST  144 STREET,EAST  144 STREET,BROOK AVENUE,ST ANNS AVENUE,BROOK AVENUE,ST ANNS AVENUE,ADDRESS,BRONX,EAST  144 STREET,,Closed,,The Department of Sanitation investigated this complaint and found no violation at the location.,03/07/2022 01:39:49 PM,01 BRONX,2022710001,BRONX,1007446,234922,PHONE,Unspecified,BRONX,,,,,,,,40.81145196411476,-73.91620464014318,"(40.81145196411476, -73.91620464014318)"
53554668,03/04/2022 03:23:52 PM,03/08/2022 09:42:06 AM,DSNY,Department of Sanitation,Dirty Condition,Dog Waste,Sidewalk,11216,183 HERKIMER STREET,HERKIMER STREET,NOSTRAND AVENUE,NEW YORK AVENUE,NOSTRAND AVENUE,NEW YORK AVENUE,ADDRESS,BROOKLYN,HERKIMER STREET,,Closed,,The Department of Sanitation investigated this complaint and found no violation at the location.,03/08/2022 09:41:32 AM,03 BROOKLYN,3018610042,BROOKLYN,998808,186853,PHONE,Unspecified,BROOKLYN,,,,,,,,40.67953311295533,-73.94751338176602,"(40.67953311295533, -73.94751338176602)"
53554659,03/04/2022 02:21:59 PM,03/08/2022 09:42:44 AM,DSNY,Department of Sanitation,Dirty Condition,Dog Waste,Sidewalk,11216,214 CLIFTON PLACE,CLIFTON PLACE,FRANKLIN AVENUE,BEDFORD AVENUE,FRANKLIN AVENUE,BEDFORD AVENUE,ADDRESS,BROOKLYN,CLIFTON PLACE,,Closed,,The Department of Sanitation investigated this complaint and found no violation at the location.,03/08/2022 09:42:22 AM,03 BROOKLYN,3019540016,BROOKLYN,996647,190179,ONLINE,Unspecified,BROOKLYN,,,,,,,,40.688665513072415,-73.95529841239163,"(40.688665513072415, -73.95529841239163)"
53559468,03/04/2022 01:55:49 PM,03/05/2022 01:13:22 PM,DSNY,Department of Sanitation,Dirty Condition,Dog Waste,Sidewalk,10472,1100 TAYLOR AVENUE,TAYLOR AVENUE,WATSON AVENUE,GLEASON AVENUE,WATSON AVENUE,GLEASON AVENUE,ADDRESS,BRONX,TAYLOR AVENUE,,Closed,,The Department of Sanitation investigated this complaint and found no violation at the location.,03/05/2022 01:12:11 PM,09 BRONX,2037550010,BRONX,1021733,241059,ONLINE,Unspecified,BRONX,,,,,,,,40.828247215066,-73.8645587577116,"(40.828247215066, -73.8645587577116)"
53560783,03/04/2022 10:17:09 AM,03/05/2022 04:33:25 PM,DSNY,Department of Sanitation,Dirty Condition,Dog Waste,Sidewalk,11377,44-29 65 STREET,65 STREET,QUEENS BOULEVARD,LAUREL HILL BOULEVARD,QUEENS BOULEVARD,LAUREL HILL BOULEVARD,ADDRESS,WOODSIDE,65 STREET,,Closed,,The Department of Sanitation investigated this complaint and found no violation at the location.,03/05/2022 04:32:21 PM,02 QUEENS,4023920008,QUEENS,1011784,209124,ONLINE,Unspecified,QUEENS,,,,,,,,40.74063083050635,-73.90063937324425,"(40.74063083050635, -73.90063937324425)"
53563154,03/04/2022 09:48:39 AM,03/07/2022 01:35:11 PM,DSNY,Department of Sanitation,Dirty Condition,Dog Waste,Sidewalk,10467,3444 KOSSUTH AVENUE,KOSSUTH AVENUE,EAST  210 STREET,BEND,EAST  210 STREET,BEND,ADDRESS,BRONX,KOSSUTH AVENUE,,Closed,,The Department of Sanitation investigated this complaint and found no violation at the location.,03/07/2022 01:34:22 PM,07 BRONX,2033270001,BRONX,1017060,260417,ONLINE,Unspecified,BRONX,,,,,,,,40.881397697298056,-73.88134943001921,"(40.881397697298056, -73.88134943001921)"
53539972,03/03/2022 09:42:17 PM,03/09/2022 01:29:10 PM,DSNY,Department of Sanitation,Dirty Condition,Dog Waste,Sidewalk,11226,330 EAST   32 STREET,EAST   32 STREET,CLARENDON ROAD,AVENUE D,CLARENDON ROAD,AVENUE D,ADDRESS,BROOKLYN,EAST   32 STREET,,Closed,,The Department of Sanitation investigated this complaint and found no violation at the location.,03/09/2022 01:28:48 PM,17 BROOKLYN,3049480018,BROOKLYN,999020,173370,ONLINE,Unspecified,BROOKLYN,,,,,,,,40.64252490833231,-73.94677858321539,"(40.64252490833231, -73.94677858321539)"
53519441,03/03/2022 06:42:04 PM,03/04/2022 02:46:14 PM,DSNY,Department of Sanitation,Dirty Condition,Dog Waste,Sidewalk,10474,700 MANIDA STREET,MANIDA STREET,SPOFFORD AVENUE,LAFAYETTE AVENUE,SPOFFORD AVENUE,LAFAYETTE AVENUE,ADDRESS,BRONX,MANIDA STREET,,Closed,,The Department of Sanitation investigated this complaint and found no violation at the location.,03/04/2022 02:45:11 PM,02 BRONX,2027630108,BRONX,1015135,236088,ONLINE,Unspecified,BRONX,,,,,,,,40.81462877224672,-73.88842285172322,"(40.81462877224672, -73.88842285172322)"
53524255,03/03/2022 06:00:09 PM,03/04/2022 01:40:55 PM,DSNY,Department of Sanitation,Dirty Condition,Dog Waste,Sidewalk,10304,8 HUDSON STREET,HUDSON STREET,CEDAR STREET,GRAY STREET,CEDAR STREET,GRAY STREET,ADDRESS,STATEN ISLAND,HUDSON STREET,,Closed,,The Department of Sanitation investigated this complaint and found no violation at the location.,03/04/2022 01:40:42 PM,01 STATEN ISLAND,5005410054,STATEN ISLAND,961772,166971,ONLINE,Unspecified,STATEN ISLAND,,,,,,,,40.624944810208916,-74.0809746781624,"(40.624944810208916, -74.0809746781624)"
53519423,03/03/2022 12:30:07 PM,03/04/2022 02:43:11 PM,DSNY,Department of Sanitation,Dirty Condition,Dog Waste,Sidewalk,10463,3457 FT INDEPENDENCE STREET,FT INDEPENDENCE STREET,BAILEY PLACE,ORLOFF AVENUE,BAILEY PLACE,ORLOFF AVENUE,ADDRESS,BRONX,FT INDEPENDENCE STREET,,Closed,,The Department of Sanitation investigated this complaint and found no violation at the location.,03/04/2022 02:42:32 PM,08 BRONX,2032620118,BRONX,1012307,260655,ONLINE,Unspecified,BRONX,,,,,,,,40.88206732300027,-73.89853665656999,"(40.88206732300027, -73.89853665656999)"
53519424,03/03/2022 12:02:50 PM,03/04/2022 01:38:31 PM,DSNY,Department of Sanitation,Dirty Condition,Dog Waste,Sidewalk,11435,143-11 BRINKERHOFF AVENUE,BRINKERHOFF AVENUE,143 STREET,INWOOD STREET,143 STREET,INWOOD STREET,ADDRESS,JAMAICA,BRINKERHOFF AVENUE,,Closed,,The Department of Sanitation investigated this complaint and found no violation at the location.,03/04/2022 01:37:47 PM,12 QUEENS,4119360054,QUEENS,1039358,189511,ONLINE,Unspecified,QUEENS,,,,,,,,40.68666913124794,-73.80129520506252,"(40.68666913124794, -73.80129520506252)"
53524254,03/03/2022 07:38:44 AM,03/09/2022 04:52:27 PM,DSNY,Department of Sanitation,Dirty Condition,Dog Waste,Sidewalk,11226,270 EAST   32 STREET,EAST   32 STREET,CORTELYOU ROAD,CLARENDON ROAD,CORTELYOU ROAD,CLARENDON ROAD,ADDRESS,BROOKLYN,EAST   32 STREET,,Closed,,The Department of Sanitation investigated this complaint and found no violation at the location.,03/09/2022 04:52:30 PM,17 BROOKLYN,3049310026,BROOKLYN,998975,173913,ONLINE,Unspecified,BROOKLYN,,,,,,,,40.6440154012241,-73.94693954854922,"(40.6440154012241, -73.94693954854922)"
53550298,03/03/2022 07:05:05 AM,03/09/2022 01:25:51 PM,DSNY,Department of Sanitation,Dirty Condition,Dog Waste,Street,11226,270 EAST   32 STREET,EAST   32 STREET,CORTELYOU ROAD,CLARENDON ROAD,CORTELYOU ROAD,CLARENDON ROAD,ADDRESS,BROOKLYN,EAST   32 STREET,,Closed,,The Department of Sanitation investigated this complaint and found no violation at the location.,03/09/2022 01:25:34 PM,17 BROOKLYN,3049310026,BROOKLYN,998975,173913,PHONE,Unspecified,BROOKLYN,,,,,,,,40.6440154012241,-73.94693954854922,"(40.6440154012241, -73.94693954854922)"
53508517,03/02/2022 10:02:08 PM,03/03/2022 03:01:51 PM,DSNY,Department of Sanitation,Dirty Condition,Dog Waste,Sidewalk,10453,2185 GRAND CONCOURSE,GRAND CONCOURSE,ANTHONY AVENUE,EAST  182 STREET,ANTHONY AVENUE,EAST  182 STREET,ADDRESS,BRONX,GRAND CONCOURSE,,Closed,,The Department of Sanitation investigated this complaint and found no violation at the location.,03/03/2022 02:59:18 PM,05 BRONX,2031620034,BRONX,1011581,250961,ONLINE,Unspecified,BRONX,,,,,,,,40.85546254483848,-73.90120164858604,"(40.85546254483848, -73.90120164858604)"
53504842,03/02/2022 03:56:32 PM,03/05/2022 04:24:05 PM,DSNY,Department of Sanitation,Dirty Condition,Dog Waste,Sidewalk,11208,425 ATKINS AVENUE,ATKINS AVENUE,NEW LOTS AVENUE,HEGEMAN AVENUE,NEW LOTS AVENUE,HEGEMAN AVENUE,ADDRESS,BROOKLYN,ATKINS AVENUE,,Closed,,The Department of Sanitation investigated this complaint and found no violation at the location.,03/05/2022 04:23:43 PM,05 BROOKLYN,3044550175,BROOKLYN,1018343,182664,PHONE,Unspecified,BROOKLYN,,,,,,,,40.667981577448096,-73.87710421412679,"(40.667981577448096, -73.87710421412679)"
53510614,03/02/2022 02:26:37 PM,03/03/2022 02:57:20 PM,DSNY,Department of Sanitation,Dirty Condition,Dog Waste,Street,10453,1810 LORING PLACE,LORING PLACE,MONTGOMERY AVENUE,WEST BURNSIDE AVENUE,MONTGOMERY AVENUE,WEST BURNSIDE AVENUE,ADDRESS,BRONX,LORING PLACE,,Closed,,The Department of Sanitation investigated this complaint and found no violation at the location.,03/03/2022 02:55:30 PM,05 BRONX,2028790051,BRONX,1007476,249823,PHONE,Unspecified,BRONX,,,,,,,,40.852350828506346,-73.91604467373243,"(40.852350828506346, -73.91604467373243)"
53510731,03/02/2022 09:40:49 AM,03/03/2022 03:05:11 PM,DSNY,Department of Sanitation,Dirty Condition,Dog Waste,Sidewalk,10462,1657 UNIONPORT ROAD,UNIONPORT ROAD,BAKER AVENUE,MEAD STREET,BAKER AVENUE,MEAD STREET,ADDRESS,BRONX,UNIONPORT ROAD,,Closed,,The Department of Sanitation investigated this complaint and found no violation at the location.,03/03/2022 03:04:08 PM,11 BRONX,2040260024,BRONX,1021495,246313,ONLINE,Unspecified,BRONX,,,,,,,,40.8426689163039,-73.86538957272353,"(40.8426689163039, -73.86538957272353)"
53506088,03/02/2022 09:21:50 AM,03/04/2022 08:50:33 AM,DSNY,Department of Sanitation,Dirty Condition,Dog Waste,Street,11219,1042 45 STREET,45 STREET,10 AVENUE,FT HAMILTON PARKWAY,10 AVENUE,FT HAMILTON PARKWAY,ADDRESS,BROOKLYN,45 STREET,,Closed,,The Department of Sanitation investigated this complaint and found no violation at the location.,03/04/2022 08:49:59 AM,12 BROOKLYN,3056140019,BROOKLYN,985508,172695,PHONE,Unspecified,BROOKLYN,,,,,,,,40.640684404383364,-73.99546711634973,"(40.640684404383364, -73.99546711634973)"
53504865,03/02/2022 08:32:50 AM,03/03/2022 01:35:16 PM,DSNY,Department of Sanitation,Dirty Condition,Dog Waste,Sidewalk,10463,3260 OXFORD AVENUE,OXFORD AVENUE,CAMBRIDGE AVENUE,WEST  235 STREET,CAMBRIDGE AVENUE,WEST  235 STREET,ADDRESS,BRONX,OXFORD AVENUE,,Closed,,The Department of Sanitation investigated this complaint and found no violation at the location.,03/03/2022 01:33:52 PM,08 BRONX,,BRONX,1009351,261675,ONLINE,Unspecified,BRONX,,,,,,,,40.884875805463,-73.9092226944967,"(40.884875805463, -73.9092226944967)"
53504848,03/02/2022 06:58:20 AM,03/04/2022 09:12:53 AM,DSNY,Department of Sanitation,Dirty Condition,Dog Waste,Sidewalk,11237,344 STARR STREET,STARR STREET,ST NICHOLAS AVENUE,CYPRESS AVENUE,ST NICHOLAS AVENUE,CYPRESS AVENUE,ADDRESS,BROOKLYN,STARR STREET,,Closed,,The Department of Sanitation investigated this complaint and found no violation at the location.,03/04/2022 09:12:19 AM,04 BROOKLYN,3032010027,BROOKLYN,1006398,197263,PHONE,Unspecified,BROOKLYN,,,,,,,,40.70809040417866,-73.92011459534844,"(40.70809040417866, -73.92011459534844)"
53513195,03/02/2022 06:56:20 AM,03/04/2022 09:14:38 AM,DSNY,Department of Sanitation,Dirty Condition,Dog Waste,Sidewalk,11237,334 STARR STREET,STARR STREET,ST NICHOLAS AVENUE,CYPRESS AVENUE,ST NICHOLAS AVENUE,CYPRESS AVENUE,ADDRESS,BROOKLYN,STARR STREET,,Closed,,The Department of Sanitation investigated this complaint and found no violation at the location.,03/04/2022 09:14:43 AM,04 BROOKLYN,3032010018,BROOKLYN,1006353,197206,PHONE,Unspecified,BROOKLYN,,,,,,,,40.70793406525113,-73.92027709243021,"(40.70793406525113, -73.92027709243021)"
53503002,03/01/2022 06:36:24 PM,03/05/2022 01:54:40 PM,DSNY,Department of Sanitation,Dirty Condition,Dog Waste,Sidewalk,11432,90-50 180 STREET,180 STREET,90 AVENUE,JAMAICA AVENUE,90 AVENUE,JAMAICA AVENUE,ADDRESS,JAMAICA,180 STREET,,Closed,,The Department of Sanitation investigated this complaint and found no violation at the location.,03/05/2022 01:54:17 PM,12 QUEENS,4098960073,QUEENS,1044817,198222,ONLINE,Unspecified,QUEENS,,,,,,,,40.710543048217225,-73.78153324552032,"(40.710543048217225, -73.78153324552032)"
53499382,03/01/2022 05:53:04 PM,03/03/2022 04:10:02 PM,DSNY,Department of Sanitation,Dirty Condition,Dog Waste,Sidewalk,11385,87-47 81 AVENUE,81 AVENUE,MYRTLE AVENUE,88 STREET,MYRTLE AVENUE,88 STREET,ADDRESS,RIDGEWOOD,81 AVENUE,,Closed,,The Department of Sanitation investigated this complaint and found no violation at the location.,03/03/2022 04:09:33 PM,05 QUEENS,4038480045,QUEENS,1022911,195670,ONLINE,Unspecified,QUEENS,,,,,,,,40.70366125742007,-73.86056324231544,"(40.70366125742007, -73.86056324231544)"
53504213,03/01/2022 04:11:29 PM,03/04/2022 10:18:35 AM,DSNY,Department of Sanitation,Dirty Condition,Dog Waste,Sidewalk,11216,162 HALSEY STREET,HALSEY STREET,NOSTRAND AVENUE,MARCY AVENUE,NOSTRAND AVENUE,MARCY AVENUE,ADDRESS,BROOKLYN,HALSEY STREET,,Closed,,The Department of Sanitation investigated this complaint and found no violation at the location.,03/04/2022 10:18:06 AM,03 BROOKLYN,3018440042,BROOKLYN,998811,187776,PHONE,Unspecified,BROOKLYN,,,,,,,,40.6820665329856,-73.94750057133031,"(40.6820665329856, -73.94750057133031)"
53495087,03/01/2022 04:06:33 PM,03/03/2022 04:24:53 PM,DSNY,Department of Sanitation,Dirty Condition,Dog Waste,Sidewalk,11102,3-10 26 AVENUE,26 AVENUE,3 STREET,4 STREET,3 STREET,4 STREET,ADDRESS,ASTORIA,26 AVENUE,,Closed,,The Department of Sanitation investigated this complaint and found no violation at the location.,03/03/2022 04:24:33 PM,01 QUEENS,4009100022,QUEENS,1002722,222137,PHONE,Unspecified,QUEENS,,,,,,,,40.77637174747554,-73.93330520885064,"(40.77637174747554, -73.93330520885064)"
53499386,03/01/2022 01:15:20 PM,03/03/2022 05:42:21 AM,DSNY,Department of Sanitation,Dirty Condition,Dog Waste,Sidewalk,10030,117 WEST  144 STREET,WEST  144 STREET,LENOX AVENUE,ADAM CLAYTON POWELL JR BOULEVARD,LENOX AVENUE,ADAM CLAYTON POWELL JR BOULEVARD,ADDRESS,NEW YORK,WEST  144 STREET,,Closed,,The Department of Sanitation investigated this complaint and found no violation at the location.,03/03/2022 05:42:06 AM,10 MANHATTAN,1020130022,MANHATTAN,1001332,238192,PHONE,Unspecified,MANHATTAN,,,,,,,,40.82044113320687,-73.93828308362956,"(40.82044113320687, -73.93828308362956)"
53498048,03/01/2022 07:01:31 AM,03/04/2022 09:14:36 AM,DSNY,Department of Sanitation,Dirty Condition,Dog Waste,Sidewalk,11237,334 STARR STREET,STARR STREET,ST NICHOLAS AVENUE,CYPRESS AVENUE,ST NICHOLAS AVENUE,CYPRESS AVENUE,ADDRESS,BROOKLYN,STARR STREET,,Closed,,The Department of Sanitation investigated this complaint and found no violation at the location.,03/04/2022 09:14:02 AM,04 BROOKLYN,3032010018,BROOKLYN,1006353,197206,ONLINE,Unspecified,BROOKLYN,,,,,,,,40.70793406525113,-73.92027709243021,"(40.70793406525113, -73.92027709243021)"
53503047,03/01/2022 06:44:12 AM,03/09/2022 04:40:18 PM,DSNY,Department of Sanitation,Dirty Condition,Dog Waste,Sidewalk,11237,336 STARR STREET,STARR STREET,ST NICHOLAS AVENUE,CYPRESS AVENUE,ST NICHOLAS AVENUE,CYPRESS AVENUE,ADDRESS,BROOKLYN,STARR STREET,,Closed,,The Department of Sanitation investigated this complaint and found no violation at the location.,03/09/2022 04:37:55 PM,04 BROOKLYN,3032010020,BROOKLYN,1006362,197218,ONLINE,Unspecified,BROOKLYN,,,,,,,,40.70796697991266,-73.92024459110444,"(40.70796697991266, -73.92024459110444)"
53486294,02/28/2022 04:49:06 PM,03/02/2022 01:19:49 PM,DSNY,Department of Sanitation,Dirty Condition,Dog Waste,Sidewalk,10451,382 GRAND CONCOURSE,GRAND CONCOURSE,EAST  140 STREET,EAST  144 STREET,EAST  140 STREET,EAST  144 STREET,ADDRESS,BRONX,GRAND CONCOURSE,,Closed,,The Department of Sanitation investigated this complaint and found no violation at the location.,03/02/2022 01:18:56 PM,01 BRONX,2023410054,BRONX,1004046,236511,PHONE,Unspecified,BRONX,,,,,,,,40.81582159699135,-73.92848241979775,"(40.81582159699135, -73.92848241979775)"
53487642,02/28/2022 03:12:52 PM,03/02/2022 04:39:34 PM,DSNY,Department of Sanitation,Dirty Condition,Dog Waste,Sidewalk,11223,2369 WEST   12 STREET,WEST   12 STREET,AVENUE W,AVENUE X,AVENUE W,AVENUE X,ADDRESS,BROOKLYN,WEST   12 STREET,,Closed,,The Department of Sanitation investigated this complaint and found no violation at the location.,03/02/2022 04:39:42 PM,13 BROOKLYN,,BROOKLYN,989245,154242,PHONE,Unspecified,BROOKLYN,,,,,,,,40.59003341996937,-73.98201543693048,"(40.59003341996937, -73.98201543693048)"
53491375,02/28/2022 03:04:34 PM,03/01/2022 01:34:45 PM,DSNY,Department of Sanitation,Dirty Condition,Dog Waste,Sidewalk,11103,30-90 34 STREET,34 STREET,30 AVENUE,31 AVENUE,30 AVENUE,31 AVENUE,ADDRESS,ASTORIA,34 STREET,,Closed,,The Department of Sanitation investigated this complaint and found no violation at the location.,03/01/2022 01:34:21 PM,01 QUEENS,4006250081,QUEENS,1006229,217536,PHONE,Unspecified,QUEENS,,,,,,,,40.76373518110921,-73.92065792805337,"(40.76373518110921, -73.92065792805337)"
53484890,02/28/2022 02:45:51 PM,03/01/2022 01:23:14 PM,DSNY,Department of Sanitation,Dirty Condition,Dog Waste,Sidewalk,11356,18-31 121 STREET,121 STREET,18 AVENUE,20 AVENUE,18 AVENUE,20 AVENUE,ADDRESS,COLLEGE POINT,121 STREET,,Closed,,The Department of Sanitation investigated this complaint and found no violation at the location.,03/01/2022 01:22:46 PM,07 QUEENS,4040830008,QUEENS,1026682,224567,ONLINE,Unspecified,QUEENS,,,,,,,,40.78295889990868,-73.84678028806486,"(40.78295889990868, -73.84678028806486)"
53486309,02/28/2022 02:02:49 PM,03/07/2022 01:45:22 PM,DSNY,Department of Sanitation,Dirty Condition,Dog Waste,Sidewalk,11420,120-11 109 AVENUE,109 AVENUE,120 STREET,121 STREET,120 STREET,121 STREET,ADDRESS,SOUTH OZONE PARK,109 AVENUE,,Closed,,The Department of Sanitation investigated this complaint and issued a Notice of Violation.,03/07/2022 01:44:26 PM,10 QUEENS,4096000040,QUEENS,1033865,188004,PHONE,Unspecified,QUEENS,,,,,,,,40.68256526508143,-73.82111254112209,"(40.68256526508143, -73.82111254112209)"
53490131,02/28/2022 01:19:17 PM,03/09/2022 01:20:04 PM,DSNY,Department of Sanitation,Dirty Condition,Dog Waste,Sidewalk,11203,4313 SNYDER AVENUE,SNYDER AVENUE,EAST   43 STREET,TROY AVENUE,EAST   43 STREET,TROY AVENUE,ADDRESS,BROOKLYN,SNYDER AVENUE,,Closed,,The Department of Sanitation investigated this complaint and found no violation at the location.,03/09/2022 01:19:36 PM,17 BROOKLYN,3048970038,BROOKLYN,1001806,175991,PHONE,Unspecified,BROOKLYN,,,,,,,,40.649713901307585,-73.93673284395835,"(40.649713901307585, -73.93673284395835)"
53486263,02/28/2022 10:40:34 AM,03/09/2022 01:22:13 PM,DSNY,Department of Sanitation,Dirty Condition,Dog Waste,Sidewalk,11212,1059 WINTHROP STREET,WINTHROP STREET,EAST   93 STREET,EAST   94 STREET,EAST   93 STREET,EAST   94 STREET,ADDRESS,BROOKLYN,WINTHROP STREET,,Closed,,The Department of Sanitation investigated this complaint and found no violation at the location.,03/09/2022 01:21:53 PM,17 BROOKLYN,3046120033,BROOKLYN,1005178,180124,PHONE,Unspecified,BROOKLYN,,,,,,,,40.66105075113597,-73.92456823233479,"(40.66105075113597, -73.92456823233479)"
53493879,02/28/2022 10:02:03 AM,03/01/2022 01:55:23 PM,DSNY,Department of Sanitation,Dirty Condition,Dog Waste,Sidewalk,11222,814 MANHATTAN AVENUE,MANHATTAN AVENUE,CALYER STREET,NOBLE STREET,CALYER STREET,NOBLE STREET,ADDRESS,BROOKLYN,MANHATTAN AVENUE,,Closed,,The Department of Sanitation investigated this complaint and found no violation at the location.,03/01/2022 01:55:04 PM,01 BROOKLYN,3025740035,BROOKLYN,997188,204598,ONLINE,Unspecified,BROOKLYN,,,,,,,,40.72824147471168,-73.95331994723998,"(40.72824147471168, -73.95331994723998)"
53493820,02/28/2022 09:32:22 AM,03/09/2022 01:22:48 PM,DSNY,Department of Sanitation,Dirty Condition,Dog Waste,Sidewalk,11212,159 EAST   94 STREET,EAST   94 STREET,RUTLAND ROAD,WINTHROP STREET,RUTLAND ROAD,WINTHROP STREET,ADDRESS,BROOKLYN,EAST   94 STREET,,Closed,,The Department of Sanitation investigated this complaint and found no violation at the location.,03/09/2022 01:22:30 PM,17 BROOKLYN,3046130050,BROOKLYN,1005079,180382,ONLINE,Unspecified,BROOKLYN,,,,,,,,40.66175913737633,-73.92492426548802,"(40.66175913737633, -73.92492426548802)"
53481856,02/27/2022 11:33:06 PM,02/28/2022 01:48:05 PM,DSNY,Department of Sanitation,Dirty Condition,Dog Waste,Sidewalk,11373,92-40 54 AVENUE,54 AVENUE,92 STREET,94 STREET,92 STREET,94 STREET,ADDRESS,ELMHURST,54 AVENUE,,Closed,,The Department of Sanitation investigated this complaint and found no violation at the location.,02/28/2022 01:47:36 PM,04 QUEENS,,QUEENS,1020199,208212,PHONE,Unspecified,QUEENS,,,,,,,,40.73809741735449,-73.87027747884046,"(40.73809741735449, -73.87027747884046)"
53481838,02/27/2022 06:24:37 PM,02/28/2022 01:22:02 PM,DSNY,Department of Sanitation,Dirty Condition,Dog Waste,Sidewalk,10309,857 RENSSELAER AVENUE,RENSSELAER AVENUE,VERNON AVENUE,FOSTER ROAD,VERNON AVENUE,FOSTER ROAD,ADDRESS,STATEN ISLAND,RENSSELAER AVENUE,,Closed,,The Department of Sanitation investigated this complaint and found no violation at the location.,02/28/2022 01:21:53 PM,03 STATEN ISLAND,5068870041,STATEN ISLAND,927666,135515,ONLINE,Unspecified,STATEN ISLAND,,,,,,,,40.538452367251885,-74.20357437218263,"(40.538452367251885, -74.20357437218263)"
53481839,02/27/2022 05:59:26 PM,03/01/2022 01:38:01 PM,DSNY,Department of Sanitation,Dirty Condition,Dog Waste,Sidewalk,10461,1512 SEMINOLE STREET,SEMINOLE STREET,EASTCHESTER ROAD,STILLWELL AVENUE,EASTCHESTER ROAD,STILLWELL AVENUE,ADDRESS,BRONX,SEMINOLE STREET,,Closed,,The Department of Sanitation investigated this complaint and found no violation at the location.,03/01/2022 01:37:04 PM,11 BRONX,2042180019,BRONX,1027645,250667,ONLINE,Unspecified,BRONX,,,,,,,,40.854591260806785,-73.84313418174038,"(40.854591260806785, -73.84313418174038)"
53481857,02/27/2022 01:51:23 PM,02/28/2022 01:39:18 PM,DSNY,Department of Sanitation,Dirty Condition,Dog Waste,Sidewalk,11365,160-05 HORACE HARDING EXPRE,HORACE HARDING EXPRE,160 STREET,LONG ISLAND EXPWY ET   24 WB,160 STREET,LONG ISLAND EXPWY ET   24 WB,ADDRESS,FRESH MEADOWS,HORACE HARDING EXPRESSWAY,,Closed,,The Department of Sanitation investigated this complaint and found no violation at the location.,02/28/2022 01:38:50 PM,07 QUEENS,4067380007,QUEENS,1037403,208495,PHONE,Unspecified,QUEENS,,,,,,,,40.738787518543255,-73.80819450964644,"(40.738787518543255, -73.80819450964644)"
53484323,02/27/2022 08:08:12 AM,02/28/2022 01:50:26 PM,DSNY,Department of Sanitation,Dirty Condition,Dog Waste,Sidewalk,11103,30-78 34 STREET,34 STREET,30 AVENUE,31 AVENUE,30 AVENUE,31 AVENUE,ADDRESS,ASTORIA,34 STREET,,Closed,,The Department of Sanitation investigated this complaint and found no violation at the location.,02/28/2022 01:50:09 PM,01 QUEENS,4006250076,QUEENS,1006279,217617,PHONE,Unspecified,QUEENS,,,,,,,,40.76395738068624,-73.92047716752124,"(40.76395738068624, -73.92047716752124)"
53475186,02/26/2022 02:16:19 PM,03/01/2022 04:46:45 PM,DSNY,Department of Sanitation,Dirty Condition,Dog Waste,Street,10011,101 WEST   15 STREET,WEST   15 STREET,AVENUE OF THE AMERICAS,7 AVENUE,AVENUE OF THE AMERICAS,7 AVENUE,ADDRESS,NEW YORK,WEST   15 STREET,,Closed,,The Department of Sanitation investigated this complaint and found no condition at the location.,03/01/2022 04:46:13 PM,04 MANHATTAN,1007910036,MANHATTAN,985147,208234,PHONE,Unspecified,MANHATTAN,,,,,,,,40.738230817323654,-73.99676315636194,"(40.738230817323654, -73.99676315636194)"
53473751,02/26/2022 12:54:06 PM,02/28/2022 02:11:33 PM,DSNY,Department of Sanitation,Dirty Condition,Dog Waste,Sidewalk,11216,183 CLIFTON PLACE,CLIFTON PLACE,FRANKLIN AVENUE,BEDFORD AVENUE,FRANKLIN AVENUE,BEDFORD AVENUE,ADDRESS,BROOKLYN,CLIFTON PLACE,,Closed,,The Department of Sanitation investigated this complaint and found no violation at the location.,02/28/2022 02:11:06 PM,03 BROOKLYN,3019500054,BROOKLYN,996323,190136,ONLINE,Unspecified,BROOKLYN,,,,,,,,40.68854793585424,-73.9564667811283,"(40.68854793585424, -73.9564667811283)"
53470447,02/26/2022 12:53:37 PM,02/28/2022 04:33:33 PM,DSNY,Department of Sanitation,Dirty Condition,Dog Waste,Sidewalk,11229,104 FANE COURT,FANE COURT,DEAD END,ALLEN AVENUE,DEAD END,ALLEN AVENUE,ADDRESS,BROOKLYN,FANE COURT,,Closed,,The Department of Sanitation investigated this complaint and found no violation at the location.,02/28/2022 04:33:02 PM,15 BROOKLYN,3089550344,BROOKLYN,1003279,156048,PHONE,Unspecified,BROOKLYN,,,,,,,,40.59497150738703,-73.93148076238926,"(40.59497150738703, -73.93148076238926)"
53472769,02/26/2022 12:44:10 PM,02/28/2022 02:12:27 PM,DSNY,Department of Sanitation,Dirty Condition,Dog Waste,Sidewalk,11238,323 FRANKLIN AVENUE,FRANKLIN AVENUE,CLIFTON PLACE,GREENE AVENUE,CLIFTON PLACE,GREENE AVENUE,ADDRESS,BROOKLYN,FRANKLIN AVENUE,,Closed,,The Department of Sanitation investigated this complaint and found no violation at the location.,02/28/2022 02:12:07 PM,03 BROOKLYN,3019540006,BROOKLYN,996148,190065,ONLINE,Unspecified,BROOKLYN,,,,,,,,40.68835329416552,-73.95709792714588,"(40.68835329416552, -73.95709792714588)"
53472800,02/26/2022 12:40:16 PM,02/28/2022 02:13:05 PM,DSNY,Department of Sanitation,Dirty Condition,Dog Waste,Sidewalk,11216,202 CLIFTON PLACE,CLIFTON PLACE,FRANKLIN AVENUE,BEDFORD AVENUE,FRANKLIN AVENUE,BEDFORD AVENUE,ADDRESS,BROOKLYN,CLIFTON PLACE,,Closed,,The Department of Sanitation investigated this complaint and found no violation at the location.,02/28/2022 02:12:45 PM,03 BROOKLYN,3019540010,BROOKLYN,996538,190163,ONLINE,Unspecified,BROOKLYN,,,,,,,,40.68862174875644,-73.95569147797124,"(40.68862174875644, -73.95569147797124)"
53474737,02/26/2022 12:34:31 PM,02/28/2022 02:14:02 PM,DSNY,Department of Sanitation,Dirty Condition,Dog Waste,Sidewalk,11216,212 CLIFTON PLACE,CLIFTON PLACE,FRANKLIN AVENUE,BEDFORD AVENUE,FRANKLIN AVENUE,BEDFORD AVENUE,ADDRESS,BROOKLYN,CLIFTON PLACE,,Closed,,The Department of Sanitation investigated this complaint and issued a Notice of Violation.,02/28/2022 02:13:26 PM,03 BROOKLYN,3019540015,BROOKLYN,996629,190176,ONLINE,Unspecified,BROOKLYN,,,,,,,,40.6886573039566,-73.95536332299685,"(40.6886573039566, -73.95536332299685)"
53475681,02/26/2022 12:26:36 PM,03/02/2022 04:39:32 PM,DSNY,Department of Sanitation,Dirty Condition,Dog Waste,Sidewalk,11223,2369 WEST   12 STREET,WEST   12 STREET,AVENUE W,AVENUE X,AVENUE W,AVENUE X,ADDRESS,BROOKLYN,WEST   12 STREET,,Closed,,The Department of Sanitation investigated this complaint and found no violation at the location.,03/02/2022 04:39:01 PM,13 BROOKLYN,,BROOKLYN,989245,154242,ONLINE,Unspecified,BROOKLYN,,,,,,,,40.59003341996937,-73.98201543693048,"(40.59003341996937, -73.98201543693048)"
53469850,02/25/2022 07:00:41 PM,02/26/2022 06:52:16 PM,DSNY,Department of Sanitation,Dirty Condition,Dog Waste,Sidewalk,11214,2045 82 STREET,82 STREET,20 AVENUE,21 AVENUE,20 AVENUE,21 AVENUE,ADDRESS,BROOKLYN,82 STREET,,Closed,,The Department of Sanitation investigated this complaint and found no violation at the location.,02/26/2022 06:51:41 PM,11 BROOKLYN,3062980055,BROOKLYN,985678,160159,ONLINE,Unspecified,BROOKLYN,,,,,,,,40.60627568128336,-73.99485721642866,"(40.60627568128336, -73.99485721642866)"
53467756,02/25/2022 05:57:52 PM,02/26/2022 05:13:41 PM,DSNY,Department of Sanitation,Dirty Condition,Dog Waste,Sidewalk,11106,31-21 29 STREET,29 STREET,31 AVENUE,BROADWAY,31 AVENUE,BROADWAY,ADDRESS,ASTORIA,29 STREET,,Closed,,The Department of Sanitation investigated this complaint and found no violation at the location.,02/26/2022 05:12:52 PM,01 QUEENS,4005880030,QUEENS,1004856,217776,ONLINE,Unspecified,QUEENS,,,,,,,,40.764397225734996,-73.92561358756353,"(40.764397225734996, -73.92561358756353)"
53469849,02/25/2022 05:38:39 PM,02/26/2022 06:47:59 PM,DSNY,Department of Sanitation,Dirty Condition,Dog Waste,Sidewalk,10457,1904 CROTONA AVENUE,CROTONA AVENUE,FAIRMOUNT PLACE,EAST TREMONT AVENUE,FAIRMOUNT PLACE,EAST TREMONT AVENUE,ADDRESS,BRONX,CROTONA AVENUE,,Closed,,The Department of Sanitation investigated this complaint and found no condition at the location.,02/26/2022 06:46:43 PM,06 BRONX,2029500040,BRONX,1014173,246988,ONLINE,Unspecified,BRONX,,,,,,,,40.84454943922478,-73.89184961415849,"(40.84454943922478, -73.89184961415849)"
53461896,02/25/2022 07:54:50 AM,02/25/2022 11:49:36 PM,DSNY,Department of Sanitation,Dirty Condition,Dog Waste,Sidewalk,10456,1225 FINDLAY AVENUE,FINDLAY AVENUE,EAST  168 STREET,EAST  169 STREET,EAST  168 STREET,EAST  169 STREET,ADDRESS,BRONX,FINDLAY AVENUE,,Closed,,The Department of Sanitation investigated this complaint and found no violation at the location.,02/25/2022 11:48:55 PM,04 BRONX,2024360044,BRONX,1008598,242906,PHONE,Unspecified,BRONX,,,,,,,,40.83336267348556,-73.91201408221484,"(40.83336267348556, -73.91201408221484)"
53467781,02/25/2022 07:28:35 AM,02/26/2022 01:28:18 PM,DSNY,Department of Sanitation,Dirty Condition,Dog Waste,Sidewalk,11102,11-30 30 ROAD,30 ROAD,VERNON BOULEVARD,12 STREET,VERNON BOULEVARD,12 STREET,ADDRESS,ASTORIA,30 ROAD,,Closed,,The Department of Sanitation investigated this complaint and found no violation at the location.,02/26/2022 01:27:44 PM,01 QUEENS,4005050028,QUEENS,1002684,220123,ONLINE,Unspecified,QUEENS,,,,,,,,40.77084392576926,-73.93344793585946,"(40.77084392576926, -73.93344793585946)"
53461066,02/24/2022 05:16:53 PM,02/25/2022 02:04:49 PM,DSNY,Department of Sanitation,Dirty Condition,Dog Waste,Sidewalk,10033,40 PINEHURST AVENUE,PINEHURST AVENUE,WEST  179 STREET,WEST  180 STREET,WEST  179 STREET,WEST  180 STREET,ADDRESS,NEW YORK,PINEHURST AVENUE,,Closed,,The Department of Sanitation investigated this complaint and found no violation at the location.,02/25/2022 02:04:34 PM,12 MANHATTAN,1021777501,MANHATTAN,1000908,248909,ONLINE,Unspecified,MANHATTAN,,,,,,,,40.849857004778436,-73.93978837132835,"(40.849857004778436, -73.93978837132835)"
53452803,02/24/2022 11:08:20 AM,03/01/2022 05:03:16 PM,DSNY,Department of Sanitation,Dirty Condition,Dog Waste,Sidewalk,11226,157 EAST   18 STREET,EAST   18 STREET,TENNIS COURT,ALBEMARLE ROAD,TENNIS COURT,ALBEMARLE ROAD,ADDRESS,BROOKLYN,EAST   18 STREET,,Closed,,The Department of Sanitation investigated this complaint and found no violation at the location.,03/01/2022 05:02:51 PM,14 BROOKLYN,3050990052,BROOKLYN,994601,175187,ONLINE,Unspecified,BROOKLYN,,,,,,,,40.64751844811384,-73.96269897777626,"(40.64751844811384, -73.96269897777626)"
53454134,02/24/2022 10:04:21 AM,02/25/2022 01:33:15 AM,DSNY,Department of Sanitation,Dirty Condition,Dog Waste,Sidewalk,10466,3612 DE REIMER AVENUE,DE REIMER AVENUE,NEEDHAM AVENUE,DEAD END,NEEDHAM AVENUE,DEAD END,ADDRESS,BRONX,DE REIMER AVENUE,,Closed,,The Department of Sanitation investigated this complaint and found no condition at the location.,02/25/2022 01:33:02 AM,12 BRONX,2049170045,BRONX,1028863,261081,PHONE,Unspecified,BRONX,,,,,,,,40.8831683948187,-73.83866198610406,"(40.8831683948187, -73.83866198610406)"
53459844,02/24/2022 09:56:05 AM,03/01/2022 01:47:53 PM,DSNY,Department of Sanitation,Dirty Condition,Dog Waste,Sidewalk,11206,53 JEFFERSON STREET,JEFFERSON STREET,STANWIX STREET,EVERGREEN AVENUE,STANWIX STREET,EVERGREEN AVENUE,ADDRESS,BROOKLYN,JEFFERSON STREET,,Closed,,The Department of Sanitation investigated this complaint and found no violation at the location.,03/01/2022 01:47:31 PM,04 BROOKLYN,,BROOKLYN,1002716,193799,ONLINE,Unspecified,BROOKLYN,,,,,,,,40.698590990866606,-73.93340465822078,"(40.698590990866606, -73.93340465822078)"
53454135,02/24/2022 05:45:59 AM,02/24/2022 02:26:40 PM,DSNY,Department of Sanitation,Dirty Condition,Dog Waste,Sidewalk,11106,9 STREET,9 STREET,9 STREET,37 AVENUE,9 STREET,37 AVENUE,INTERSECTION,,,,Closed,,The Department of Sanitation investigated this complaint and found no violation at the location.,02/24/2022 02:25:32 PM,01 QUEENS,,QUEENS,1000195,216298,PHONE,Unspecified,QUEENS,,,,,,,,40.76035013201107,-73.9424430155764,"(40.76035013201107, -73.9424430155764)"
53445338,02/23/2022 08:59:34 PM,02/28/2022 02:15:24 PM,DSNY,Department of Sanitation,Dirty Condition,Dog Waste,Sidewalk,11216,214 CLIFTON PLACE,CLIFTON PLACE,FRANKLIN AVENUE,BEDFORD AVENUE,FRANKLIN AVENUE,BEDFORD AVENUE,ADDRESS,BROOKLYN,CLIFTON PLACE,,Closed,,The Department of Sanitation investigated this complaint and found no violation at the location.,02/28/2022 02:15:05 PM,03 BROOKLYN,3019540016,BROOKLYN,996647,190179,ONLINE,Unspecified,BROOKLYN,,,,,,,,40.688665513072415,-73.95529841239163,"(40.688665513072415, -73.95529841239163)"
53451041,02/23/2022 08:55:08 PM,02/25/2022 01:36:30 PM,DSNY,Department of Sanitation,Dirty Condition,Dog Waste,Sidewalk,11691,711 SEAGIRT AVENUE,SEAGIRT AVENUE,BEACH    6 STREET,BEACH    8 STREET,BEACH    6 STREET,BEACH    8 STREET,ADDRESS,FAR ROCKAWAY,SEAGIRT AVENUE,,Closed,,The Department of Sanitation investigated this complaint and found no violation at the location.,02/25/2022 01:36:32 PM,14 QUEENS,4156100001,QUEENS,1055848,156519,ONLINE,Unspecified,QUEENS,,,,,,,,40.59599553669944,-73.74218707271653,"(40.59599553669944, -73.74218707271653)"
53448854,02/23/2022 06:51:01 PM,02/25/2022 01:36:28 PM,DSNY,Department of Sanitation,Dirty Condition,Dog Waste,Sidewalk,11691,711 SEAGIRT AVENUE,SEAGIRT AVENUE,BEACH    6 STREET,BEACH    8 STREET,BEACH    6 STREET,BEACH    8 STREET,ADDRESS,FAR ROCKAWAY,SEAGIRT AVENUE,,Closed,,The Department of Sanitation investigated this complaint and found no violation at the location.,02/25/2022 01:36:12 PM,14 QUEENS,4156100001,QUEENS,1055848,156519,ONLINE,Unspecified,QUEENS,,,,,,,,40.59599553669944,-73.74218707271653,"(40.59599553669944, -73.74218707271653)"
53445343,02/23/2022 06:24:40 PM,02/25/2022 07:21:57 PM,DSNY,Department of Sanitation,Dirty Condition,Dog Waste,Sidewalk,11204,2366 63 STREET,63 STREET,23 AVENUE,24 AVENUE,23 AVENUE,24 AVENUE,ADDRESS,BROOKLYN,63 STREET,,Closed,,The Department of Sanitation investigated this complaint and found no violation at the location.,02/25/2022 07:21:24 PM,11 BROOKLYN,3065580029,BROOKLYN,990738,162546,PHONE,Unspecified,BROOKLYN,,,,,,,,40.61282524612525,-73.97663189506288,"(40.61282524612525, -73.97663189506288)"
53443973,02/23/2022 06:23:12 PM,02/24/2022 03:14:10 PM,DSNY,Department of Sanitation,Dirty Condition,Dog Waste,Sidewalk,10456,EAST  169 STREET,EAST  169 STREET,EAST  169 STREET,WEBSTER AVENUE,EAST  169 STREET,WEBSTER AVENUE,INTERSECTION,,,,Closed,,The Department of Sanitation investigated this complaint and found no violation at the location.,02/24/2022 03:09:33 PM,03 BRONX,,BRONX,1009517,243117,PHONE,Unspecified,BRONX,,,,,,,,40.83393922596799,-73.90869231647055,"(40.83393922596799, -73.90869231647055)"
53443938,02/23/2022 05:09:36 PM,02/25/2022 01:54:15 PM,DSNY,Department of Sanitation,Dirty Condition,Dog Waste,Sidewalk,10018,455 WEST   38 STREET,WEST   38 STREET,DYER AVENUE,10 AVENUE,DYER AVENUE,10 AVENUE,ADDRESS,NEW YORK,WEST   38 STREET,,Closed,,The Department of Sanitation investigated this complaint and found no violation at the location.,02/25/2022 01:53:57 PM,04 MANHATTAN,1007360001,MANHATTAN,985239,214979,ONLINE,Unspecified,MANHATTAN,,,,,,,,40.75674413717517,-73.99643018050115,"(40.75674413717517, -73.99643018050115)"
53447714,02/23/2022 02:54:28 PM,02/25/2022 07:07:47 PM,DSNY,Department of Sanitation,Dirty Condition,Dog Waste,Sidewalk,11238,597 PARK PLACE,PARK PLACE,CLASSON AVENUE,FRANKLIN AVENUE SHUTTLE LINE,CLASSON AVENUE,FRANKLIN AVENUE SHUTTLE LINE,ADDRESS,BROOKLYN,PARK PLACE,,Closed,,The Department of Sanitation investigated this complaint and found no violation at the location.,02/25/2022 07:07:16 PM,08 BROOKLYN,3011630076,BROOKLYN,995811,185022,ONLINE,Unspecified,BROOKLYN,,,,,,,,40.67451185353542,-73.95832174096914,"(40.67451185353542, -73.95832174096914)"
53446521,02/23/2022 02:39:31 PM,02/26/2022 12:20:48 AM,DSNY,Department of Sanitation,Dirty Condition,Dog Waste,Sidewalk,11373,92-40 54 AVENUE,54 AVENUE,92 STREET,94 STREET,92 STREET,94 STREET,ADDRESS,ELMHURST,54 AVENUE,,Closed,,The Department of Sanitation investigated this complaint and found no violation at the location.,02/26/2022 12:20:25 AM,04 QUEENS,,QUEENS,1020199,208212,PHONE,Unspecified,QUEENS,,,,,,,,40.73809741735449,-73.87027747884046,"(40.73809741735449, -73.87027747884046)"
53451043,02/23/2022 01:19:03 PM,02/24/2022 02:16:32 PM,DSNY,Department of Sanitation,Dirty Condition,Dog Waste,Sidewalk,10029,30 EAST  111 STREET,EAST  111 STREET,111 STREET OLD TIMERS WAY,MADISON AVENUE,111 STREET OLD TIMERS WAY,MADISON AVENUE,ADDRESS,NEW YORK,EAST  111 STREET,,Closed,,The Department of Sanitation investigated this complaint and found no violation at the location.,02/24/2022 02:16:17 PM,11 MANHATTAN,1016160001,MANHATTAN,998694,229675,PHONE,Unspecified,MANHATTAN,,,,,,,,40.7970690383345,-73.9478324469437,"(40.7970690383345, -73.9478324469437)"
53447731,02/23/2022 12:40:36 PM,02/24/2022 03:00:32 PM,DSNY,Department of Sanitation,Dirty Condition,Dog Waste,Sidewalk,10469,3575 EASTCHESTER ROAD,EASTCHESTER ROAD,HICKS STREET,EAST  221 STREET,HICKS STREET,EAST  221 STREET,ADDRESS,BRONX,EASTCHESTER ROAD,,Closed,,The Department of Sanitation investigated this complaint and found no violation at the location.,02/24/2022 02:59:12 PM,12 BRONX,2047250120,BRONX,1026352,259765,ONLINE,Unspecified,BRONX,,,,,,,,40.879568726299,-73.84775099464505,"(40.879568726299, -73.84775099464505)"
53445344,02/23/2022 12:35:25 PM,02/28/2022 02:09:50 PM,DSNY,Department of Sanitation,Dirty Condition,Dog Waste,Sidewalk,11221,982 MADISON STREET,MADISON STREET,BROADWAY,BUSHWICK AVENUE,BROADWAY,BUSHWICK AVENUE,ADDRESS,BROOKLYN,MADISON STREET,,Closed,,The Department of Sanitation investigated this complaint and found no violation at the location.,02/28/2022 02:09:17 PM,04 BROOKLYN,3033660028,BROOKLYN,1006733,190342,ONLINE,Unspecified,BROOKLYN,,,,,,,,40.68909303632907,-73.91892939114572,"(40.68909303632907, -73.91892939114572)"
53448843,02/23/2022 11:35:11 AM,03/01/2022 05:04:10 PM,DSNY,Department of Sanitation,Dirty Condition,Dog Waste,Sidewalk,11226,255 EAST   18 STREET,EAST   18 STREET,ALBEMARLE ROAD,BEVERLEY ROAD,ALBEMARLE ROAD,BEVERLEY ROAD,ADDRESS,BROOKLYN,EAST   18 STREET,,Closed,,The Department of Sanitation investigated this complaint and found no violation at the location.,03/01/2022 05:03:40 PM,14 BROOKLYN,3051220044,BROOKLYN,994724,174341,PHONE,Unspecified,BROOKLYN,,,,,,,,40.645196216433646,-73.96225704671903,"(40.645196216433646, -73.96225704671903)"
53448842,02/23/2022 09:54:23 AM,02/24/2022 02:18:23 PM,DSNY,Department of Sanitation,Dirty Condition,Dog Waste,Sidewalk,11365,159-19 HORACE HARDING EXPRESSWAY,HORACE HARDING EXPRESSWAY,159 STREET,160 STREET,159 STREET,160 STREET,ADDRESS,FRESH MEADOWS,HORACE HARDING EXPRESSWAY,,Closed,,The Department of Sanitation investigated this complaint and found no violation at the location.,02/24/2022 02:16:41 PM,07 QUEENS,4067370001,QUEENS,1037145,208505,PHONE,Unspecified,QUEENS,,,,,,,,40.73881651281159,-73.809125435089,"(40.73881651281159, -73.809125435089)"
53443995,02/23/2022 09:10:27 AM,02/24/2022 03:02:02 PM,DSNY,Department of Sanitation,Dirty Condition,Dog Waste,Sidewalk,10467,715 EAST  214 STREET,EAST  214 STREET,WHITE PLAINS ROAD LINE,HOLLAND AVENUE,WHITE PLAINS ROAD LINE,HOLLAND AVENUE,ADDRESS,BRONX,EAST  214 STREET,,Closed,,The Department of Sanitation investigated this complaint and found no violation at the location.,02/24/2022 03:01:14 PM,12 BRONX,2046620023,BRONX,1021811,259773,ONLINE,Unspecified,BRONX,,,,,,,,40.87961117806742,-73.86417205942898,"(40.87961117806742, -73.86417205942898)"
53443962,02/23/2022 08:14:41 AM,03/08/2022 04:56:47 PM,DSNY,Department of Sanitation,Dirty Condition,Dog Waste,Sidewalk,11236,9018 FLATLANDS AVENUE,FLATLANDS AVENUE,REMSEN AVENUE,EAST   91 STREET,REMSEN AVENUE,EAST   91 STREET,ADDRESS,BROOKLYN,FLATLANDS AVENUE,,Closed,,The Department of Sanitation investigated this complaint and found no violation at the location.,03/08/2022 04:55:43 PM,18 BROOKLYN,3081980044,BROOKLYN,1010407,172594,PHONE,Unspecified,BROOKLYN,,,,,,,,40.64036864647243,-73.90575031843927,"(40.64036864647243, -73.90575031843927)"
53449888,02/23/2022 06:28:41 AM,02/26/2022 01:40:31 PM,DSNY,Department of Sanitation,Dirty Condition,Dog Waste,Sidewalk,11422,240-26 144 AVENUE,144 AVENUE,BROOKVILLE BOULEVARD,241 STREET,BROOKVILLE BOULEVARD,241 STREET,ADDRESS,ROSEDALE,144 AVENUE,,Closed,,The Department of Sanitation investigated this complaint and found no violation at the location.,02/26/2022 01:39:59 PM,13 QUEENS,4135480074,QUEENS,1055946,180313,ONLINE,Unspecified,QUEENS,,,,,,,,40.66130397441283,-73.74158143537886,"(40.66130397441283, -73.74158143537886)"
53438826,02/22/2022 10:09:20 PM,02/26/2022 12:13:37 AM,DSNY,Department of Sanitation,Dirty Condition,Dog Waste,Sidewalk,11367,147-24 79 AVENUE,79 AVENUE,147 STREET,149 STREET,147 STREET,149 STREET,ADDRESS,FLUSHING,79 AVENUE,,Closed,,The Department of Sanitation investigated this complaint and found no violation at the location.,02/26/2022 12:13:15 AM,08 QUEENS,4066910011,QUEENS,1035407,201405,ONLINE,Unspecified,QUEENS,,,,,,,,40.719339014336406,-73.81545106382752,"(40.719339014336406, -73.81545106382752)"
53435068,02/22/2022 02:45:09 PM,02/24/2022 02:01:16 PM,DSNY,Department of Sanitation,Dirty Condition,Dog Waste,Sidewalk,11375,108-37 71 AVENUE,71 AVENUE,108 STREET,110 STREET,108 STREET,110 STREET,ADDRESS,FOREST HILLS,71 AVENUE,,Closed,,The Department of Sanitation investigated this complaint and found no violation at the location.,02/24/2022 02:00:55 PM,06 QUEENS,4022230038,QUEENS,1027671,202281,PHONE,Unspecified,QUEENS,,,,,,,,40.72178477131696,-73.84335297668952,"(40.72178477131696, -73.84335297668952)"
53441050,02/22/2022 01:13:25 PM,02/26/2022 08:28:55 AM,DSNY,Department of Sanitation,Dirty Condition,Dog Waste,Sidewalk,11208,664 AUTUMN AVENUE,AUTUMN AVENUE,SUTTER AVENUE,BLAKE AVENUE,SUTTER AVENUE,BLAKE AVENUE,ADDRESS,BROOKLYN,AUTUMN AVENUE,,Closed,,The Department of Sanitation cleaned the location.,02/26/2022 08:28:17 AM,05 BROOKLYN,3042690042,BROOKLYN,1021096,184000,ONLINE,Unspecified,BROOKLYN,,,,,,,,40.671637565403095,-73.86717312667407,"(40.671637565403095, -73.86717312667407)"
53437773,02/22/2022 09:22:04 AM,02/23/2022 01:17:19 PM,DSNY,Department of Sanitation,Dirty Condition,Dog Waste,Sidewalk,11369,102-18 32 AVENUE,32 AVENUE,LEVERICH MEMORIAL CHURCH WAY,103 STREET,LEVERICH MEMORIAL CHURCH WAY,103 STREET,ADDRESS,EAST ELMHURST,32 AVENUE,,Closed,,The Department of Sanitation investigated this complaint and found no violation at the location.,02/23/2022 01:16:46 PM,03 QUEENS,4016970008,QUEENS,1021191,215976,PHONE,Unspecified,QUEENS,,,,,,,,40.75940352954614,-73.8666551889068,"(40.75940352954614, -73.8666551889068)"
53443318,02/22/2022 08:24:26 AM,02/24/2022 02:54:15 PM,DSNY,Department of Sanitation,Dirty Condition,Dog Waste,Sidewalk,11238,94 QUINCY STREET,QUINCY STREET,CLASSON AVENUE,FRANKLIN AVENUE,CLASSON AVENUE,FRANKLIN AVENUE,ADDRESS,BROOKLYN,QUINCY STREET,,Closed,,The Department of Sanitation investigated this complaint and found no violation at the location.,02/24/2022 02:53:32 PM,03 BROOKLYN,3019730035,BROOKLYN,996002,189262,PHONE,Unspecified,BROOKLYN,,,,,,,,40.686149438573935,-73.9576257777634,"(40.686149438573935, -73.9576257777634)"
53443371,02/22/2022 05:55:53 AM,02/23/2022 05:57:14 AM,DSNY,Department of Sanitation,Dirty Condition,Dog Waste,Sidewalk,10033,40 PINEHURST AVENUE,PINEHURST AVENUE,WEST  179 STREET,WEST  180 STREET,WEST  179 STREET,WEST  180 STREET,ADDRESS,NEW YORK,PINEHURST AVENUE,,Closed,,The Department of Sanitation investigated this complaint and found no violation at the location.,02/23/2022 05:57:18 AM,12 MANHATTAN,1021777501,MANHATTAN,1000908,248909,ONLINE,Unspecified,MANHATTAN,,,,,,,,40.849857004778436,-73.93978837132835,"(40.849857004778436, -73.93978837132835)"
53441102,02/22/2022 05:09:37 AM,02/22/2022 05:01:57 PM,DSNY,Department of Sanitation,Dirty Condition,Dog Waste,Sidewalk,11379,69-20 79 STREET,79 STREET,69 AVENUE,69 ROAD,69 AVENUE,69 ROAD,ADDRESS,MIDDLE VILLAGE,79 STREET,,Closed,,The Department of Sanitation investigated this complaint and found no violation at the location.,02/22/2022 05:01:24 PM,05 QUEENS,4037970037,QUEENS,1019374,197718,PHONE,Unspecified,QUEENS,,,,,,,,40.70929727486948,-73.87330926747835,"(40.70929727486948, -73.87330926747835)"
53430317,02/21/2022 09:12:25 AM,02/23/2022 05:45:39 AM,DSNY,Department of Sanitation,Dirty Condition,Dog Waste,Sidewalk,10128,507 EAST   87 STREET,EAST   87 STREET,YORK AVENUE,EAST END AVENUE,YORK AVENUE,EAST END AVENUE,ADDRESS,NEW YORK,EAST   87 STREET,,Closed,,The Department of Sanitation investigated this complaint and found no violation at the location.,02/23/2022 05:45:21 AM,08 MANHATTAN,1015840007,MANHATTAN,999159,222152,ONLINE,Unspecified,MANHATTAN,,,,,,,,40.776419646329416,-73.94616969884147,"(40.776419646329416, -73.94616969884147)"
53434128,02/21/2022 08:48:20 AM,02/23/2022 04:04:35 PM,DSNY,Department of Sanitation,Dirty Condition,Dog Waste,Sidewalk,11104,48-50 41 STREET,41 STREET,48 AVENUE,FIREFIGHTER MICHAEL BRENNAN WAY,48 AVENUE,FIREFIGHTER MICHAEL BRENNAN WAY,ADDRESS,SUNNYSIDE,41 STREET,,Closed,,The Department of Sanitation investigated this complaint and found no violation at the location.,02/23/2022 04:04:16 PM,02 QUEENS,4002020055,QUEENS,1005261,208710,ONLINE,Unspecified,QUEENS,,,,,,,,40.739512406532,-73.92417989039262,"(40.739512406532, -73.92417989039262)"
53422270,02/21/2022 01:27:11 AM,02/22/2022 03:24:40 PM,DSNY,Department of Sanitation,Dirty Condition,Dog Waste,Sidewalk,10452,1006 GERARD AVENUE,GERARD AVENUE,EAST  164 STREET,EAST  165 STREET,EAST  164 STREET,EAST  165 STREET,ADDRESS,BRONX,GERARD AVENUE,,Closed,,The Department of Sanitation investigated this complaint and found no condition at the location.,02/22/2022 03:23:15 PM,04 BRONX,2024770001,BRONX,1005536,241916,ONLINE,Unspecified,BRONX,,,,,,,,40.83065331987539,-73.92308231033165,"(40.83065331987539, -73.92308231033165)"
53421336,02/20/2022 10:26:59 PM,02/23/2022 05:57:13 AM,DSNY,Department of Sanitation,Dirty Condition,Dog Waste,Sidewalk,10033,40 PINEHURST AVENUE,PINEHURST AVENUE,WEST  179 STREET,WEST  180 STREET,WEST  179 STREET,WEST  180 STREET,ADDRESS,NEW YORK,PINEHURST AVENUE,,Closed,,The Department of Sanitation investigated this complaint and found no violation at the location.,02/23/2022 05:56:59 AM,12 MANHATTAN,1021777501,MANHATTAN,1000908,248909,ONLINE,Unspecified,MANHATTAN,,,,,,,,40.849857004778436,-73.93978837132835,"(40.849857004778436, -73.93978837132835)"
53425794,02/20/2022 01:52:27 PM,02/22/2022 01:28:26 PM,DSNY,Department of Sanitation,Dirty Condition,Dog Waste,Sidewalk,10469,2904 KINGSLAND AVENUE,KINGSLAND AVENUE,ARNOW AVENUE,ADEE AVENUE,ARNOW AVENUE,ADEE AVENUE,ADDRESS,BRONX,KINGSLAND AVENUE,,Closed,,The Department of Sanitation investigated this complaint and found no violation at the location.,02/22/2022 01:28:06 PM,12 BRONX,2047850040,BRONX,1028495,255769,PHONE,Unspecified,BRONX,,,,,,,,40.86859047060906,-73.84002789690211,"(40.86859047060906, -73.84002789690211)"
53409960,02/18/2022 07:47:43 PM,02/19/2022 01:19:12 PM,DSNY,Department of Sanitation,Dirty Condition,Dog Waste,Sidewalk,10128,40 EAST   89 STREET,EAST   89 STREET,MADISON AVENUE,PARK AVENUE,MADISON AVENUE,PARK AVENUE,ADDRESS,NEW YORK,EAST   89 STREET,,Closed,,The Department of Sanitation investigated this complaint and found no violation at the location.,02/19/2022 01:18:55 PM,08 MANHATTAN,1015000053,MANHATTAN,996141,224415,PHONE,Unspecified,MANHATTAN,,,,,,,,40.7826355576663,-73.9570624554348,"(40.7826355576663, -73.9570624554348)"
53403770,02/18/2022 06:39:56 PM,02/22/2022 04:53:31 PM,DSNY,Department of Sanitation,Dirty Condition,Dog Waste,Sidewalk,11236,AVENUE K,AVENUE K,AVENUE K,EAST  104 STREET,AVENUE K,EAST  104 STREET,INTERSECTION,,,,Closed,,The Department of Sanitation investigated this complaint and found no violation at the location.,02/22/2022 04:53:16 PM,18 BROOKLYN,,BROOKLYN,1014288,173836,ONLINE,Unspecified,BROOKLYN,,,,,,,,40.6437653554605,-73.89176066716388,"(40.6437653554605, -73.89176066716388)"
53407510,02/18/2022 05:12:55 PM,02/22/2022 01:14:17 PM,DSNY,Department of Sanitation,Dirty Condition,Dog Waste,Street,11207,2672 FULTON STREET,FULTON STREET,NEW JERSEY AVENUE,VERMONT STREET,NEW JERSEY AVENUE,VERMONT STREET,ADDRESS,BROOKLYN,FULTON STREET,,Closed,,The Department of Sanitation investigated this complaint and found no violation at the location.,02/22/2022 01:13:54 PM,05 BROOKLYN,3036710015,BROOKLYN,1013107,186084,PHONE,Unspecified,BROOKLYN,,,,,,,,40.67738731808678,-73.89596387726858,"(40.67738731808678, -73.89596387726858)"
53405043,02/18/2022 03:27:43 PM,02/23/2022 05:31:50 AM,DSNY,Department of Sanitation,Dirty Condition,Dog Waste,Sidewalk,10034,ACADEMY STREET,ACADEMY STREET,ACADEMY STREET,SHERMAN AVENUE,ACADEMY STREET,SHERMAN AVENUE,INTERSECTION,,,,Closed,,The Department of Sanitation investigated this complaint and found no violation at the location.,02/23/2022 05:31:20 AM,12 MANHATTAN,,MANHATTAN,1005336,254212,PHONE,Unspecified,MANHATTAN,,,,,,,,40.86440268276529,-73.92376634876224,"(40.86440268276529, -73.92376634876224)"
53403764,02/18/2022 02:44:59 PM,02/19/2022 01:20:56 PM,DSNY,Department of Sanitation,Dirty Condition,Dog Waste,Sidewalk,10306,526 AMHERST AVENUE,AMHERST AVENUE,ADELAIDE AVENUE,AVISTON STREET,ADELAIDE AVENUE,AVISTON STREET,ADDRESS,STATEN ISLAND,AMHERST AVENUE,,Closed,,The Department of Sanitation investigated this complaint and found no violation at the location.,02/19/2022 01:20:41 PM,03 STATEN ISLAND,5046830031,STATEN ISLAND,951551,142248,PHONE,Unspecified,STATEN ISLAND,,,,,,,,40.557053361193795,-74.117675096932,"(40.557053361193795, -74.117675096932)"
53406285,02/18/2022 10:50:50 AM,02/23/2022 01:24:38 PM,DSNY,Department of Sanitation,Dirty Condition,Dog Waste,Sidewalk,10467,2725 BARNES AVENUE,BARNES AVENUE,ALLERTON AVENUE,ARNOW AVENUE,ALLERTON AVENUE,ARNOW AVENUE,ADDRESS,BRONX,BARNES AVENUE,,Closed,,The Department of Sanitation investigated this complaint and found no violation at the location.,02/23/2022 01:23:44 PM,11 BRONX,,BRONX,1022001,254833,PHONE,Unspecified,BRONX,,,,,,,,40.86605160042236,-73.86351281756968,"(40.86605160042236, -73.86351281756968)"
53403303,02/17/2022 08:36:20 PM,02/19/2022 03:48:16 PM,DSNY,Department of Sanitation,Dirty Condition,Dog Waste,Sidewalk,11372,37-28 81 STREET,81 STREET,37 AVENUE,FLUSHING LINE,37 AVENUE,FLUSHING LINE,ADDRESS,JACKSON HEIGHTS,81 STREET,,Closed,,The Department of Sanitation investigated this complaint and found no violation at the location.,02/19/2022 03:47:11 PM,03 QUEENS,,QUEENS,1016061,212293,PHONE,Unspecified,QUEENS,,,,,,,,40.74931458470829,-73.88519019631192,"(40.74931458470829, -73.88519019631192)"
53400908,02/17/2022 06:02:48 PM,02/22/2022 04:21:34 PM,DSNY,Department of Sanitation,Dirty Condition,Dog Waste,Sidewalk,11213,650 CROWN STREET,CROWN STREET,TROY AVENUE,SCHENECTADY AVENUE,TROY AVENUE,SCHENECTADY AVENUE,ADDRESS,BROOKLYN,CROWN STREET,,Closed,,The Department of Sanitation investigated this complaint and found no violation at the location.,02/22/2022 04:20:50 PM,09 BROOKLYN,3014180007,BROOKLYN,1001910,181739,ONLINE,Unspecified,BROOKLYN,,,,,,,,40.665490688676655,-73.93634300266832,"(40.665490688676655, -73.93634300266832)"
53394495,02/17/2022 04:48:36 PM,02/18/2022 01:36:29 PM,DSNY,Department of Sanitation,Dirty Condition,Dog Waste,Sidewalk,10022,EAST   55 STREET,EAST   55 STREET,EAST   55 STREET,SUTTON PLACE SOUTH,EAST   55 STREET,SUTTON PLACE SOUTH,INTERSECTION,,,,Closed,,The Department of Sanitation investigated this complaint and found no violation at the location.,02/18/2022 01:36:13 PM,06 MANHATTAN,,MANHATTAN,994882,214732,PHONE,Unspecified,MANHATTAN,,,,,,,,40.756059848138335,-73.96162393102679,"(40.756059848138335, -73.96162393102679)"
53399628,02/17/2022 03:56:06 PM,02/18/2022 01:02:35 PM,DSNY,Department of Sanitation,Dirty Condition,Dog Waste,Sidewalk,10473,639 ROSEDALE AVENUE,ROSEDALE AVENUE,RANDALL AVENUE,SEWARD AVENUE,RANDALL AVENUE,SEWARD AVENUE,ADDRESS,BRONX,ROSEDALE AVENUE,,Closed,,The Department of Sanitation investigated this complaint and found no violation at the location.,02/18/2022 01:01:05 PM,09 BRONX,2035510001,BRONX,1021316,237372,PHONE,Unspecified,BRONX,,,,,,,,40.8181292165538,-73.86608591195893,"(40.8181292165538, -73.86608591195893)"
53397299,02/17/2022 02:37:10 PM,02/18/2022 01:22:09 PM,DSNY,Department of Sanitation,Dirty Condition,Dog Waste,Sidewalk,10456,HOME STREET,HOME STREET,HOME STREET,UNION AVENUE,HOME STREET,UNION AVENUE,INTERSECTION,,,,Closed,,The Department of Sanitation investigated this complaint and found no condition at the location.,02/18/2022 01:21:46 PM,03 BRONX,,BRONX,1011981,240841,PHONE,Unspecified,BRONX,,,,,,,,40.827684869811854,-73.89979754369395,"(40.827684869811854, -73.89979754369395)"
53400817,02/17/2022 02:34:19 PM,02/18/2022 01:21:25 PM,DSNY,Department of Sanitation,Dirty Condition,Dog Waste,Sidewalk,10452,1038 SUMMIT AVENUE,SUMMIT AVENUE,WEST  164 STREET,WEST  165 STREET,WEST  164 STREET,WEST  165 STREET,ADDRESS,BRONX,SUMMIT AVENUE,,Closed,,The Department of Sanitation investigated this complaint and found no violation at the location.,02/18/2022 01:21:15 PM,04 BRONX,2025250017,BRONX,1003709,243174,PHONE,Unspecified,BRONX,,,,,,,,40.83411038122876,-73.92968058520536,"(40.83411038122876, -73.92968058520536)"
53402144,02/17/2022 09:36:22 AM,02/19/2022 04:52:01 PM,DSNY,Department of Sanitation,Dirty Condition,Dog Waste,Sidewalk,11201,311 HICKS STREET,HICKS STREET,JORALEMON STREET,STATE STREET,JORALEMON STREET,STATE STREET,ADDRESS,BROOKLYN,HICKS STREET,,Closed,,The Department of Sanitation investigated this complaint and found no violation at the location.,02/19/2022 04:51:45 PM,02 BROOKLYN,3002610003,BROOKLYN,984994,191457,PHONE,Unspecified,BROOKLYN,,,,,,,,40.6921819795342,-73.99731711432077,"(40.6921819795342, -73.99731711432077)"
53400785,02/17/2022 09:22:33 AM,02/19/2022 01:14:19 PM,DSNY,Department of Sanitation,Dirty Condition,Dog Waste,Sidewalk,11221,LEXINGTON AVENUE,LEXINGTON AVENUE,LEXINGTON AVENUE,MARCUS GARVEY BOULEVARD,LEXINGTON AVENUE,MARCUS GARVEY BOULEVARD,INTERSECTION,,,,Closed,,The Department of Sanitation investigated this complaint and found no violation at the location.,02/19/2022 01:13:59 PM,03 BROOKLYN,,BROOKLYN,1001100,190312,PHONE,Unspecified,BROOKLYN,,,,,,,,40.68902320999513,-73.93924128260485,"(40.68902320999513, -73.93924128260485)"
53397124,02/17/2022 08:44:17 AM,02/18/2022 01:24:27 PM,DSNY,Department of Sanitation,Dirty Condition,Dog Waste,Sidewalk,10458,207 EAST  202 STREET,EAST  202 STREET,GRAND CONCOURSE,VALENTINE AVENUE,GRAND CONCOURSE,VALENTINE AVENUE,ADDRESS,BRONX,EAST  202 STREET,,Closed,,The Department of Sanitation investigated this complaint and found no condition at the location.,02/18/2022 01:23:26 PM,07 BRONX,2033080040,BRONX,1015658,257434,PHONE,Unspecified,BRONX,,,,,,,,40.873215392423674,-73.88643345231026,"(40.873215392423674, -73.88643345231026)"
53403104,02/17/2022 08:29:08 AM,02/17/2022 01:17:43 PM,DSNY,Department of Sanitation,Dirty Condition,Dog Waste,Sidewalk,11102,11-37 30 ROAD,30 ROAD,VERNON BOULEVARD,12 STREET,VERNON BOULEVARD,12 STREET,ADDRESS,ASTORIA,30 ROAD,,Closed,,The Department of Sanitation investigated this complaint and found no violation at the location.,02/17/2022 01:17:48 PM,01 QUEENS,,QUEENS,1002712,220121,ONLINE,Unspecified,QUEENS,,,,,,,,40.77083837785905,-73.93334685330561,"(40.77083837785905, -73.93334685330561)"
53397167,02/17/2022 08:25:57 AM,02/18/2022 01:03:44 PM,DSNY,Department of Sanitation,Dirty Condition,Dog Waste,Sidewalk,10461,3130 BUHRE AVENUE,BUHRE AVENUE,PARKVIEW AVENUE,BRUCKNER BOULEVARD,PARKVIEW AVENUE,BRUCKNER BOULEVARD,ADDRESS,BRONX,BUHRE AVENUE,,Closed,,The Department of Sanitation investigated this complaint and found no violation at the location.,02/18/2022 01:03:06 PM,10 BRONX,2041780001,BRONX,1031647,248401,PHONE,Unspecified,BRONX,,,,,,,,40.848351197467025,-73.828683662251,"(40.848351197467025, -73.828683662251)"
53397298,02/17/2022 08:23:02 AM,02/18/2022 01:04:51 PM,DSNY,Department of Sanitation,Dirty Condition,Dog Waste,Sidewalk,10461,3120 BUHRE AVENUE,BUHRE AVENUE,MAHAN AVENUE,PARKVIEW AVENUE,MAHAN AVENUE,PARKVIEW AVENUE,ADDRESS,BRONX,BUHRE AVENUE,,Closed,,The Department of Sanitation investigated this complaint and found no violation at the location.,02/18/2022 01:04:21 PM,10 BRONX,2041770007,BRONX,1031542,248347,PHONE,Unspecified,BRONX,,,,,,,,40.848203546686534,-73.82906356440097,"(40.848203546686534, -73.82906356440097)"
53387195,02/16/2022 07:23:29 PM,02/17/2022 01:17:42 PM,DSNY,Department of Sanitation,Dirty Condition,Dog Waste,Sidewalk,11102,11-37 30 ROAD,30 ROAD,VERNON BOULEVARD,12 STREET,VERNON BOULEVARD,12 STREET,ADDRESS,ASTORIA,30 ROAD,,Closed,,The Department of Sanitation investigated this complaint and found no violation at the location.,02/17/2022 01:17:23 PM,01 QUEENS,,QUEENS,1002712,220121,ONLINE,Unspecified,QUEENS,,,,,,,,40.77083837785905,-73.93334685330561,"(40.77083837785905, -73.93334685330561)"
53391087,02/16/2022 05:32:22 PM,03/01/2022 01:41:24 PM,DSNY,Department of Sanitation,Dirty Condition,Dog Waste,Sidewalk,11208,276 ATKINS AVENUE,ATKINS AVENUE,BELMONT AVENUE,SUTTER AVENUE,BELMONT AVENUE,SUTTER AVENUE,ADDRESS,BROOKLYN,ATKINS AVENUE,,Closed,,The Department of Sanitation investigated this complaint and found no violation at the location.,03/01/2022 01:41:08 PM,05 BROOKLYN,3040380133,BROOKLYN,1017972,184209,PHONE,Unspecified,BROOKLYN,,,,,,,,40.672223673912924,-73.87843383526605,"(40.672223673912924, -73.87843383526605)"
53389771,02/16/2022 01:38:06 PM,03/01/2022 01:38:22 PM,DSNY,Department of Sanitation,Dirty Condition,Dog Waste,Sidewalk,11208,407 PINE STREET,PINE STREET,GLENMORE AVENUE,PITKIN AVENUE,GLENMORE AVENUE,PITKIN AVENUE,ADDRESS,BROOKLYN,PINE STREET,,Closed,,The Department of Sanitation investigated this complaint and found no violation at the location.,03/01/2022 01:38:05 PM,05 BROOKLYN,3042150001,BROOKLYN,1020018,185518,PHONE,Unspecified,BROOKLYN,,,,,,,,40.675808550788766,-73.8710511689431,"(40.675808550788766, -73.8710511689431)"
53392035,02/16/2022 01:29:49 PM,02/24/2022 03:34:02 PM,DSNY,Department of Sanitation,Dirty Condition,Dog Waste,Sidewalk,11237,HANCOCK STREET,HANCOCK STREET,IRVING AVENUE,WYCKOFF AVENUE,IRVING AVENUE,WYCKOFF AVENUE,BLOCKFACE,,,,Closed,,The Department of Sanitation investigated this complaint and found no violation at the location.,02/24/2022 03:33:25 PM,Unspecified BROOKLYN,,BROOKLYN,,,PHONE,Unspecified,BROOKLYN,,,,,,,,,,
53387171,02/16/2022 01:25:06 PM,02/18/2022 01:44:17 PM,DSNY,Department of Sanitation,Dirty Condition,Dog Waste,Sidewalk,11360,29-38 200 STREET,200 STREET,29 AVENUE,32 AVENUE,29 AVENUE,32 AVENUE,ADDRESS,BAYSIDE,200 STREET,,Closed,,The Department of Sanitation investigated this complaint and found no violation at the location.,02/18/2022 01:43:47 PM,11 QUEENS,4060220023,QUEENS,1042590,219815,ONLINE,Unspecified,QUEENS,,,,,,,,40.76982525806136,-73.78937878915406,"(40.76982525806136, -73.78937878915406)"
53388439,02/16/2022 11:58:06 AM,02/18/2022 01:32:26 PM,DSNY,Department of Sanitation,Dirty Condition,Dog Waste,Sidewalk,11421,88-06 76 STREET,76 STREET,88 AVENUE,90 AVENUE,88 AVENUE,90 AVENUE,ADDRESS,WOODHAVEN,76 STREET,,Closed,,The Department of Sanitation investigated this complaint and found no violation at the location.,02/18/2022 01:31:39 PM,09 QUEENS,4089000009,QUEENS,1021666,190390,ONLINE,Unspecified,QUEENS,,,,,,,,40.68917425375424,-73.86508284651127,"(40.68917425375424, -73.86508284651127)"
53393129,02/16/2022 08:45:43 AM,02/17/2022 01:30:50 PM,DSNY,Department of Sanitation,Dirty Condition,Dog Waste,Sidewalk,10025,50 MANHATTAN AVENUE,MANHATTAN AVENUE,WEST  102 STREET,WEST  103 STREET,WEST  102 STREET,WEST  103 STREET,ADDRESS,NEW YORK,MANHATTAN AVENUE,,Closed,,The Department of Sanitation investigated this complaint and issued a Notice of Violation.,02/17/2022 01:30:15 PM,07 MANHATTAN,1018380021,MANHATTAN,994420,229349,PHONE,Unspecified,MANHATTAN,,,,,,,,40.796180209578544,-73.96326939108826,"(40.796180209578544, -73.96326939108826)"
53391088,02/16/2022 06:37:14 AM,02/24/2022 03:04:49 PM,DSNY,Department of Sanitation,Dirty Condition,Dog Waste,Sidewalk,11237,338 STARR STREET,STARR STREET,ST NICHOLAS AVENUE,CYPRESS AVENUE,ST NICHOLAS AVENUE,CYPRESS AVENUE,ADDRESS,BROOKLYN,STARR STREET,,Closed,,The Department of Sanitation investigated this complaint and found no violation at the location.,02/24/2022 03:03:38 PM,04 BROOKLYN,3032010022,BROOKLYN,1006371,197229,ONLINE,Unspecified,BROOKLYN,,,,,,,,40.7079971498025,-73.92021209303189,"(40.7079971498025, -73.92021209303189)"
53376989,02/15/2022 06:13:03 PM,02/22/2022 01:39:54 PM,DSNY,Department of Sanitation,Dirty Condition,Dog Waste,Sidewalk,11237,334 STARR STREET,STARR STREET,ST NICHOLAS AVENUE,CYPRESS AVENUE,ST NICHOLAS AVENUE,CYPRESS AVENUE,ADDRESS,BROOKLYN,STARR STREET,,Closed,,The Department of Sanitation investigated this complaint and found no violation at the location.,02/22/2022 01:39:33 PM,04 BROOKLYN,3032010018,BROOKLYN,1006353,197206,ONLINE,Unspecified,BROOKLYN,,,,,,,,40.70793406525113,-73.92027709243021,"(40.70793406525113, -73.92027709243021)"
53375571,02/15/2022 04:19:21 PM,02/17/2022 01:27:33 PM,DSNY,Department of Sanitation,Dirty Condition,Dog Waste,Street,10035,11 EAST  124 STREET,EAST  124 STREET,5 AVENUE,MADISON AVENUE,5 AVENUE,MADISON AVENUE,ADDRESS,NEW YORK,EAST  124 STREET,,Closed,,The Department of Sanitation investigated this complaint and found no violation at the location.,02/17/2022 01:27:24 PM,11 MANHATTAN,1017490008,MANHATTAN,1000358,232693,ONLINE,Unspecified,MANHATTAN,,,,,,,,40.8053497441972,-73.94181532139056,"(40.8053497441972, -73.94181532139056)"
53382256,02/15/2022 03:48:47 PM,02/16/2022 01:35:25 PM,DSNY,Department of Sanitation,Dirty Condition,Dog Waste,Sidewalk,11413,219-49 RYAN ROAD,RYAN ROAD,ALECIA AVENUE,140 AVENUE,ALECIA AVENUE,140 AVENUE,ADDRESS,SPRINGFIELD GARDENS,RYAN ROAD,,Closed,,The Department of Sanitation investigated this complaint and found no violation at the location.,02/16/2022 01:34:26 PM,13 QUEENS,4131430037,QUEENS,1052855,183806,PHONE,Unspecified,QUEENS,,,,,,,,40.67091593420707,-73.75268692220389,"(40.67091593420707, -73.75268692220389)"
53376990,02/15/2022 02:44:25 AM,02/16/2022 02:13:19 PM,DSNY,Department of Sanitation,Dirty Condition,Dog Waste,Sidewalk,11213,1305 ST MARKS AVENUE,ST MARKS AVENUE,ROCHESTER AVENUE,BUFFALO AVENUE,ROCHESTER AVENUE,BUFFALO AVENUE,ADDRESS,BROOKLYN,ST MARKS AVENUE,,Closed,,The Department of Sanitation investigated this complaint and found no violation at the location.,02/16/2022 02:13:00 PM,08 BROOKLYN,,BROOKLYN,1005365,184764,ONLINE,Unspecified,BROOKLYN,,,,,,,,40.6737860692837,-73.9238796868621,"(40.6737860692837, -73.9238796868621)"
53370714,02/14/2022 05:03:33 PM,02/16/2022 01:42:54 PM,DSNY,Department of Sanitation,Dirty Condition,Dog Waste,Sidewalk,10002,DELANCY STREET,DELANCY STREET,DELANCY STREET,LEWIS STREET,DELANCY STREET,LEWIS STREET,INTERSECTION,,,,Closed,,The Department of Sanitation investigated this complaint and found no violation at the location.,02/16/2022 01:42:38 PM,03 MANHATTAN,,MANHATTAN,990054,200014,PHONE,Unspecified,MANHATTAN,,,,,,,,40.715667060433,-73.97906323213479,"(40.715667060433, -73.97906323213479)"
53368052,02/14/2022 02:51:22 PM,02/15/2022 01:37:02 PM,DSNY,Department of Sanitation,Dirty Condition,Dog Waste,Street,11691,1186 CENTRAL AVENUE,CENTRAL AVENUE,BEACH    9 STREET,BEACH   12 STREET,BEACH    9 STREET,BEACH   12 STREET,ADDRESS,FAR ROCKAWAY,CENTRAL AVENUE,,Closed,,The Department of Sanitation investigated this complaint and found no violation at the location.,02/15/2022 01:36:21 PM,14 QUEENS,,QUEENS,1054359,161185,PHONE,Unspecified,QUEENS,,,,,,,,40.60881460862374,-73.74750026277363,"(40.60881460862374, -73.74750026277363)"
53363232,02/14/2022 09:07:36 AM,02/15/2022 01:14:41 PM,DSNY,Department of Sanitation,Dirty Condition,Dog Waste,Sidewalk,10462,1540 WHITE PLAINS ROAD,WHITE PLAINS ROAD,ARCHER STREET,GUERLAIN STREET,ARCHER STREET,GUERLAIN STREET,ADDRESS,BRONX,WHITE PLAINS ROAD,,Closed,,The Department of Sanitation investigated this complaint and found no violation at the location.,02/15/2022 01:14:03 PM,09 BRONX,2039370118,BRONX,1021938,245085,PHONE,Unspecified,BRONX,,,,,,,,40.8392965388794,-73.86379539103253,"(40.8392965388794, -73.86379539103253)"
53370871,02/14/2022 07:23:02 AM,02/16/2022 01:15:08 PM,DSNY,Department of Sanitation,Dirty Condition,Dog Waste,Sidewalk,11385,1663 STEPHEN STREET,STEPHEN STREET,WYCKOFF AVENUE,CYPRESS AVENUE,WYCKOFF AVENUE,CYPRESS AVENUE,ADDRESS,RIDGEWOOD,STEPHEN STREET,,Closed,,The Department of Sanitation investigated this complaint and found no violation at the location.,02/16/2022 01:14:43 PM,05 QUEENS,4035520074,QUEENS,1011214,193138,ONLINE,Unspecified,QUEENS,,,,,,,,40.696754887895786,-73.9027603412197,"(40.696754887895786, -73.9027603412197)"
53357070,02/13/2022 09:44:49 PM,02/19/2022 01:35:50 PM,DSNY,Department of Sanitation,Dirty Condition,Dog Waste,Sidewalk,11226,755 OCEAN AVENUE,OCEAN AVENUE,BEVERLEY ROAD,CORTELYOU ROAD,BEVERLEY ROAD,CORTELYOU ROAD,ADDRESS,BROOKLYN,OCEAN AVENUE,,Closed,,The Department of Sanitation investigated this complaint and found no violation at the location.,02/19/2022 01:35:24 PM,14 BROOKLYN,3051510033,BROOKLYN,995382,173986,ONLINE,Unspecified,BROOKLYN,,,,,,,,40.6442210154069,-73.95988653648502,"(40.6442210154069, -73.95988653648502)"
53357125,02/13/2022 05:21:50 PM,02/15/2022 04:45:24 PM,DSNY,Department of Sanitation,Dirty Condition,Dog Waste,Sidewalk,10457,1904 CROTONA AVENUE,CROTONA AVENUE,FAIRMOUNT PLACE,EAST TREMONT AVENUE,FAIRMOUNT PLACE,EAST TREMONT AVENUE,ADDRESS,BRONX,CROTONA AVENUE,,Closed,,The Department of Sanitation investigated this complaint and found no violation at the location.,02/15/2022 04:44:57 PM,06 BRONX,2029500040,BRONX,1014173,246988,PHONE,Unspecified,BRONX,,,,,,,,40.84454943922478,-73.89184961415849,"(40.84454943922478, -73.89184961415849)"
53354872,02/12/2022 03:42:46 PM,02/14/2022 01:25:26 PM,DSNY,Department of Sanitation,Dirty Condition,Dog Waste,Sidewalk,11362,259-30 61 AVENUE,61 AVENUE,LITTLE NECK PARKWAY,262 STREET,LITTLE NECK PARKWAY,262 STREET,ADDRESS,LITTLE NECK,61 AVENUE,,Closed,,The Department of Sanitation investigated this complaint and found no violation at the location.,02/14/2022 01:25:08 PM,11 QUEENS,4083920128,QUEENS,1061242,215761,PHONE,Unspecified,QUEENS,,,,,,,,40.75855535837942,-73.72208748481148,"(40.75855535837942, -73.72208748481148)"
53343744,02/11/2022 06:05:02 PM,02/15/2022 10:19:30 AM,DSNY,Department of Sanitation,Dirty Condition,Dog Waste,Sidewalk,11235,2456 BRIGHAM STREET,BRIGHAM STREET,AVENUE X,AVENUE Y,AVENUE X,AVENUE Y,ADDRESS,BROOKLYN,BRIGHAM STREET,,Closed,,The Department of Sanitation investigated this complaint and found no violation at the location.,02/15/2022 10:19:08 AM,15 BROOKLYN,3074280027,BROOKLYN,1002656,155324,ONLINE,Unspecified,BROOKLYN,,,,,,,,40.59298558918163,-73.93372601966166,"(40.59298558918163, -73.93372601966166)"
53339839,02/11/2022 03:48:47 PM,02/19/2022 04:50:04 PM,DSNY,Department of Sanitation,Dirty Condition,Dog Waste,Sidewalk,11235,5 BRIGHTON    4 TERRACE,BRIGHTON    4 TERRACE,BRIGHTON    4 STREET,BRIGHTON    6 STREET,BRIGHTON    4 STREET,BRIGHTON    6 STREET,ADDRESS,BROOKLYN,BRIGHTON    4 TERRACE,,Closed,,The Department of Sanitation investigated this complaint and found no violation at the location.,02/19/2022 04:49:43 PM,13 BROOKLYN,3072620145,BROOKLYN,994229,151262,PHONE,Unspecified,BROOKLYN,,,,,,,,40.5818497035763,-73.96407488137794,"(40.5818497035763, -73.96407488137794)"
53335638,02/11/2022 02:51:29 PM,02/14/2022 01:08:33 PM,DSNY,Department of Sanitation,Dirty Condition,Dog Waste,Sidewalk,10309,34 BAYVIEW AVENUE,BAYVIEW AVENUE,AMBOY ROAD,WATERBURY AVENUE,AMBOY ROAD,WATERBURY AVENUE,ADDRESS,STATEN ISLAND,BAYVIEW AVENUE,,Closed,,The Department of Sanitation investigated this complaint and found no violation at the location.,02/14/2022 01:08:19 PM,03 STATEN ISLAND,5067590051,STATEN ISLAND,927169,130483,ONLINE,Unspecified,STATEN ISLAND,,,,,,,,40.52463731781069,-74.20532000751024,"(40.52463731781069, -74.20532000751024)"
53334200,02/11/2022 11:51:09 AM,02/14/2022 02:52:51 PM,DSNY,Department of Sanitation,Dirty Condition,Dog Waste,Sidewalk,11222,415 LEONARD STREET,LEONARD STREET,RICHARDSON STREET,BAYARD STREET,RICHARDSON STREET,BAYARD STREET,ADDRESS,BROOKLYN,LEONARD STREET,,Closed,,The Department of Sanitation investigated this complaint and found no violation at the location.,02/14/2022 02:52:15 PM,01 BROOKLYN,3027227501,BROOKLYN,998522,201227,PHONE,Unspecified,BROOKLYN,,,,,,,,40.71898684605449,-73.94851405080547,"(40.71898684605449, -73.94851405080547)"
53336806,02/11/2022 09:28:42 AM,02/12/2022 01:47:21 PM,DSNY,Department of Sanitation,Dirty Condition,Dog Waste,Street,11233,614 HALSEY STREET,HALSEY STREET,STUYVESANT AVENUE,MALCOLM X BOULEVARD,STUYVESANT AVENUE,MALCOLM X BOULEVARD,ADDRESS,BROOKLYN,HALSEY STREET,,Closed,,The Department of Sanitation investigated this complaint and found no violation at the location.,02/12/2022 01:47:02 PM,03 BROOKLYN,3016660039,BROOKLYN,1003678,188515,PHONE,Unspecified,BROOKLYN,,,,,,,,40.68408557462194,-73.92995056452094,"(40.68408557462194, -73.92995056452094)"
53335637,02/11/2022 09:25:17 AM,02/14/2022 07:55:47 AM,DSNY,Department of Sanitation,Dirty Condition,Dog Waste,Sidewalk,10457,CLAREMONT PARKWAY,CLAREMONT PARKWAY,CLAREMONT PARKWAY,FULTON AVENUE,CLAREMONT PARKWAY,FULTON AVENUE,INTERSECTION,,,,Closed,,The Department of Sanitation investigated this complaint and found no violation at the location.,02/14/2022 07:53:40 AM,03 BRONX,,BRONX,1011930,244473,PHONE,Unspecified,BRONX,,,,,,,,40.83765381824655,-73.89996683866406,"(40.83765381824655, -73.89996683866406)"
53342644,02/11/2022 09:17:14 AM,02/15/2022 05:51:47 AM,DSNY,Department of Sanitation,Dirty Condition,Dog Waste,Sidewalk,10028,222 EAST   82 STREET,EAST   82 STREET,3 AVENUE,2 AVENUE,3 AVENUE,2 AVENUE,ADDRESS,NEW YORK,EAST   82 STREET,,Closed,,The Department of Sanitation investigated this complaint and found no violation at the location.,02/15/2022 05:51:31 AM,08 MANHATTAN,1015270035,MANHATTAN,996662,221976,ONLINE,Unspecified,MANHATTAN,,,,,,,,40.775940431657155,-73.95518566792737,"(40.775940431657155, -73.95518566792737)"
53334228,02/11/2022 07:58:01 AM,02/14/2022 01:29:44 PM,DSNY,Department of Sanitation,Dirty Condition,Dog Waste,Sidewalk,11436,131-08 143 STREET,143 STREET,131 AVENUE,133 AVENUE,131 AVENUE,133 AVENUE,ADDRESS,JAMAICA,143 STREET,,Closed,,The Department of Sanitation investigated this complaint and found no violation at the location.,02/14/2022 01:29:21 PM,12 QUEENS,4120780154,QUEENS,1040788,183442,PHONE,Unspecified,QUEENS,,,,,,,,40.670002125440725,-73.79618993862023,"(40.670002125440725, -73.79618993862023)"
53323592,02/10/2022 10:47:22 PM,02/11/2022 02:11:56 PM,DSNY,Department of Sanitation,Dirty Condition,Dog Waste,Sidewalk,10002,DELANCEY STREET,DELANCEY STREET,DELANCEY STREET,LEWIS STREET,DELANCEY STREET,LEWIS STREET,INTERSECTION,,,,Closed,,The Department of Sanitation investigated this complaint and found no condition at the location.,02/11/2022 02:11:17 PM,03 MANHATTAN,,MANHATTAN,990054,200014,PHONE,Unspecified,MANHATTAN,,,,,,,,40.715667060433,-73.97906323213479,"(40.715667060433, -73.97906323213479)"
53330416,02/10/2022 03:35:43 PM,02/16/2022 01:25:01 PM,DSNY,Department of Sanitation,Dirty Condition,Dog Waste,Street,10461,LAKEWOOD PLACE,LAKEWOOD PLACE,LAKEWOOD PLACE,TENBROECK AVENUE,LAKEWOOD PLACE,TENBROECK AVENUE,INTERSECTION,,,,Closed,,The Department of Sanitation investigated this complaint and found no violation at the location.,02/16/2022 01:24:17 PM,11 BRONX,,BRONX,1025907,249763,PHONE,Unspecified,BRONX,,,,,,,,40.8521184247867,-73.84942237176385,"(40.8521184247867, -73.84942237176385)"
53327514,02/10/2022 03:03:06 PM,02/11/2022 02:00:46 PM,DSNY,Department of Sanitation,Dirty Condition,Dog Waste,Sidewalk,11428,94-21 220 STREET,220 STREET,94 AVENUE,94 ROAD,94 AVENUE,94 ROAD,ADDRESS,QUEENS VILLAGE,220 STREET,,Closed,,The Department of Sanitation investigated this complaint and found no violation at the location.,02/11/2022 02:00:53 PM,13 QUEENS,4107270021,QUEENS,1057682,201997,ONLINE,Unspecified,QUEENS,,,,,,,,40.72080705342262,-73.7350879328147,"(40.72080705342262, -73.7350879328147)"
53331596,02/10/2022 02:50:24 PM,02/11/2022 02:00:45 PM,DSNY,Department of Sanitation,Dirty Condition,Dog Waste,Sidewalk,11428,94-21 220 STREET,220 STREET,94 AVENUE,94 ROAD,94 AVENUE,94 ROAD,ADDRESS,QUEENS VILLAGE,220 STREET,,Closed,,The Department of Sanitation investigated this complaint and found no violation at the location.,02/11/2022 02:00:14 PM,13 QUEENS,4107270021,QUEENS,1057682,201997,ONLINE,Unspecified,QUEENS,,,,,,,,40.72080705342262,-73.7350879328147,"(40.72080705342262, -73.7350879328147)"
53323605,02/10/2022 02:23:51 PM,02/15/2022 01:16:19 PM,DSNY,Department of Sanitation,Dirty Condition,Dog Waste,Sidewalk,10460,BEACH AVENUE,BEACH AVENUE,BEACH AVENUE,MERRILL STREET,BEACH AVENUE,MERRILL STREET,INTERSECTION,,,,Closed,,The Department of Sanitation investigated this complaint and found no violation at the location.,02/15/2022 01:15:29 PM,09 BRONX,,BRONX,1021019,244152,PHONE,Unspecified,BRONX,,,,,,,,40.836739601829706,-73.86712177104576,"(40.836739601829706, -73.86712177104576)"
53332766,02/10/2022 12:56:30 PM,02/12/2022 02:15:50 PM,DSNY,Department of Sanitation,Dirty Condition,Dog Waste,Sidewalk,11420,131-45 HAWTREE CREEK ROAD,HAWTREE CREEK ROAD,121 STREET,133 AVENUE,121 STREET,133 AVENUE,ADDRESS,SOUTH OZONE PARK,HAWTREE CREEK ROAD,,Closed,,The Department of Sanitation investigated this complaint and found no violation at the location.,02/12/2022 02:15:20 PM,10 QUEENS,,QUEENS,1034555,184342,ONLINE,Unspecified,QUEENS,,,,,,,,40.6725100296235,-73.81865207939579,"(40.6725100296235, -73.81865207939579)"
53326134,02/10/2022 11:34:06 AM,02/12/2022 01:17:50 PM,DSNY,Department of Sanitation,Dirty Condition,Dog Waste,Sidewalk,11218,724 CONEY ISLAND AVENUE,CONEY ISLAND AVENUE,AVENUE C,CORTELYOU ROAD,AVENUE C,CORTELYOU ROAD,ADDRESS,BROOKLYN,CONEY ISLAND AVENUE,,Closed,,The Department of Sanitation investigated this complaint and found no violation at the location.,02/12/2022 01:17:27 PM,12 BROOKLYN,3053780031,BROOKLYN,992856,172440,ONLINE,Unspecified,BROOKLYN,,,,,,,,40.639980392329804,-73.96899079020744,"(40.639980392329804, -73.96899079020744)"
53327526,02/10/2022 11:27:08 AM,02/16/2022 01:22:20 PM,DSNY,Department of Sanitation,Dirty Condition,Dog Waste,Sidewalk,10451,266 EAST  163 STREET,EAST  163 STREET,GRANT AVENUE,MORRIS AVENUE,GRANT AVENUE,MORRIS AVENUE,ADDRESS,BRONX,EAST  163 STREET,,Closed,,The Department of Sanitation investigated this complaint and found no violation at the location.,02/16/2022 01:21:43 PM,04 BRONX,2024450028,BRONX,1007012,240700,ONLINE,Unspecified,BRONX,,,,,,,,40.827312068533665,-73.9177528625227,"(40.827312068533665, -73.9177528625227)"
53331554,02/10/2022 10:52:59 AM,02/15/2022 01:17:42 PM,DSNY,Department of Sanitation,Dirty Condition,Dog Waste,Sidewalk,10462,1550 BOGART AVENUE,BOGART AVENUE,SACKET AVENUE,RADCLIFF AVENUE,SACKET AVENUE,RADCLIFF AVENUE,ADDRESS,BRONX,BOGART AVENUE,,Closed,,The Department of Sanitation investigated this complaint and found no violation at the location.,02/15/2022 01:17:08 PM,11 BRONX,2040620042,BRONX,1024544,246633,ONLINE,Unspecified,BRONX,,,,,,,,40.843533835057,-73.85436801067272,"(40.843533835057, -73.85436801067272)"
53324823,02/10/2022 08:58:45 AM,02/11/2022 03:30:34 PM,DSNY,Department of Sanitation,Dirty Condition,Dog Waste,Sidewalk,11356,20 AVENUE,20 AVENUE,20 AVENUE,130 STREET,20 AVENUE,130 STREET,INTERSECTION,,,,Closed,,The Department of Sanitation investigated this complaint and found no violation at the location.,02/11/2022 03:30:28 PM,07 QUEENS,,QUEENS,1028921,224104,PHONE,Unspecified,QUEENS,,,,,,,,40.78167705712316,-73.83869847365918,"(40.78167705712316, -73.83869847365918)"
53328952,02/10/2022 08:20:08 AM,02/14/2022 12:55:23 PM,DSNY,Department of Sanitation,Dirty Condition,Dog Waste,Sidewalk,11102,3 STREET,3 STREET,3 STREET,26 AVENUE,3 STREET,26 AVENUE,INTERSECTION,,,,Closed,,The Department of Sanitation investigated this complaint and found no violation at the location.,02/14/2022 12:54:59 PM,01 QUEENS,,QUEENS,1002669,222163,PHONE,Unspecified,QUEENS,,,,,,,,40.77644322121656,-73.9334964986988,"(40.77644322121656, -73.9334964986988)"
53330420,02/10/2022 07:32:36 AM,02/14/2022 01:24:48 PM,DSNY,Department of Sanitation,Dirty Condition,Dog Waste,Street,10466,4335 BARNES AVENUE,BARNES AVENUE,WHITEHALL PLACE,DIGNEY AVENUE,WHITEHALL PLACE,DIGNEY AVENUE,ADDRESS,BRONX,BARNES AVENUE,,Closed,,The Department of Sanitation investigated this complaint and found no violation at the location.,02/14/2022 01:24:15 PM,12 BRONX,2050450059,BRONX,1024981,265676,PHONE,Unspecified,BRONX,,,,,,,,40.89579897332239,-73.85267283681209,"(40.89579897332239, -73.85267283681209)"
53325066,02/10/2022 07:29:39 AM,02/11/2022 04:49:54 PM,DSNY,Department of Sanitation,Dirty Condition,Dog Waste,Street,11214,2469 85 STREET,85 STREET,24 AVENUE,25 AVENUE,24 AVENUE,25 AVENUE,ADDRESS,BROOKLYN,85 STREET,,Closed,,The Department of Sanitation investigated this complaint and found no violation at the location.,02/11/2022 04:49:25 PM,11 BROOKLYN,3068560051,BROOKLYN,987759,157514,PHONE,Unspecified,BROOKLYN,,,,,,,,40.599015114504176,-73.98736409995563,"(40.599015114504176, -73.98736409995563)"
53330356,02/10/2022 03:14:44 AM,02/11/2022 04:46:31 PM,DSNY,Department of Sanitation,Dirty Condition,Dog Waste,Sidewalk,11223,259 AVENUE T,AVENUE T,WEST    4 STREET,WEST    3 STREET,WEST    4 STREET,WEST    3 STREET,ADDRESS,BROOKLYN,AVENUE T,,Closed,,The Department of Sanitation investigated this complaint and found no violation at the location.,02/11/2022 04:46:04 PM,11 BROOKLYN,3070850044,BROOKLYN,991095,157529,PHONE,Unspecified,BROOKLYN,,,,,,,,40.59905433775814,-73.9753511577501,"(40.59905433775814, -73.9753511577501)"
53313614,02/09/2022 09:59:36 PM,02/15/2022 10:42:10 AM,DSNY,Department of Sanitation,Dirty Condition,Dog Waste,Sidewalk,11221,332 EVERGREEN AVENUE,EVERGREEN AVENUE,STANHOPE STREET,HIMROD STREET,STANHOPE STREET,HIMROD STREET,ADDRESS,BROOKLYN,EVERGREEN AVENUE,,Closed,,The Department of Sanitation investigated this complaint and found no violation at the location.,02/15/2022 10:41:44 AM,04 BROOKLYN,3032640029,BROOKLYN,1004979,192489,ONLINE,Unspecified,BROOKLYN,,,,,,,,40.69499033526941,-73.92524746436783,"(40.69499033526941, -73.92524746436783)"
53321730,02/09/2022 09:43:27 PM,02/15/2022 01:11:01 PM,DSNY,Department of Sanitation,Dirty Condition,Dog Waste,Sidewalk,10458,480 EAST  188 STREET,EAST  188 STREET,AUDIE TRINIDAD WAY,BATHGATE AVENUE,AUDIE TRINIDAD WAY,BATHGATE AVENUE,ADDRESS,BRONX,EAST  188 STREET,,Closed,,The Department of Sanitation investigated this complaint and found no violation at the location.,02/15/2022 01:11:06 PM,06 BRONX,2030570011,BRONX,1014570,251994,PHONE,Unspecified,BRONX,,,,,,,,40.85828805965668,-73.89039210329346,"(40.85828805965668, -73.89039210329346)"
53323092,02/09/2022 05:15:41 PM,02/10/2022 01:25:40 PM,DSNY,Department of Sanitation,Dirty Condition,Dog Waste,Sidewalk,11421,88-38 80 STREET,80 STREET,88 ROAD,89 AVENUE,88 ROAD,89 AVENUE,ADDRESS,WOODHAVEN,80 STREET,,Closed,,The Department of Sanitation investigated this complaint and found no violation at the location.,02/10/2022 01:25:28 PM,09 QUEENS,4089100014,QUEENS,1022665,190406,PHONE,Unspecified,QUEENS,,,,,,,,40.68921389037812,-73.86148049916986,"(40.68921389037812, -73.86148049916986)"
53313646,02/09/2022 05:12:28 PM,02/15/2022 10:47:09 AM,DSNY,Department of Sanitation,Dirty Condition,Dog Waste,Sidewalk,11237,340 STARR STREET,STARR STREET,ST NICHOLAS AVENUE,CYPRESS AVENUE,ST NICHOLAS AVENUE,CYPRESS AVENUE,ADDRESS,BROOKLYN,STARR STREET,,Closed,,The Department of Sanitation investigated this complaint and found no violation at the location.,02/15/2022 10:46:48 AM,04 BROOKLYN,3032010024,BROOKLYN,1006380,197240,ONLINE,Unspecified,BROOKLYN,,,,,,,,40.7080273196831,-73.92017959492993,"(40.7080273196831, -73.92017959492993)"
53322932,02/09/2022 05:04:53 PM,02/22/2022 02:04:59 PM,DSNY,Department of Sanitation,Dirty Condition,Dog Waste,Sidewalk,11237,56 CYPRESS AVENUE,CYPRESS AVENUE,STARR STREET,WILLOUGHBY AVENUE,STARR STREET,WILLOUGHBY AVENUE,ADDRESS,BROOKLYN,CYPRESS AVENUE,,Closed,,The Department of Sanitation investigated this complaint and found no violation at the location.,02/22/2022 02:04:40 PM,04 BROOKLYN,3032010027,BROOKLYN,1006470,197298,ONLINE,Unspecified,BROOKLYN,,,,,,,,40.708186290341004,-73.91985478389547,"(40.708186290341004, -73.91985478389547)"
53321674,02/09/2022 01:11:16 PM,02/12/2022 01:20:18 PM,DSNY,Department of Sanitation,Dirty Condition,Dog Waste,Sidewalk,11230,1435 CONEY ISLAND AVENUE,CONEY ISLAND AVENUE,CARY COURT,AVENUE K,CARY COURT,AVENUE K,ADDRESS,BROOKLYN,CONEY ISLAND AVENUE,,Closed,,The Department of Sanitation investigated this complaint and found no violation at the location.,02/12/2022 01:20:02 PM,14 BROOKLYN,3067130050,BROOKLYN,994032,166129,PHONE,Unspecified,BROOKLYN,,,,,,,,40.62265681254048,-73.9647625652699,"(40.62265681254048, -73.9647625652699)"
53317993,02/09/2022 01:02:32 PM,02/10/2022 04:10:02 PM,DSNY,Department of Sanitation,Dirty Condition,Dog Waste,Sidewalk,11435,87-43 VAN WYCK EXPRESSWAY SR EAST,VAN WYCK EXPRESSWAY SR EAST,VAN WYCK EXPWY NB EN  138 ST,HILLSIDE AVENUE,VAN WYCK EXPWY NB EN  138 ST,HILLSIDE AVENUE,ADDRESS,JAMAICA,VAN WYCK EXPRESSWAY SR EAST,,Closed,,The Department of Sanitation investigated this complaint and found no violation at the location.,02/10/2022 04:09:43 PM,08 QUEENS,4096250071,QUEENS,1035089,195979,ONLINE,Unspecified,QUEENS,,,,,,,,40.70444780112062,-73.81663921920216,"(40.70444780112062, -73.81663921920216)"
53321673,02/09/2022 11:55:38 AM,02/10/2022 01:29:24 PM,DSNY,Department of Sanitation,Dirty Condition,Dog Waste,Sidewalk,10456,EAST  170 STREET,EAST  170 STREET,EAST  170 STREET,FRANKLIN AVENUE,EAST  170 STREET,FRANKLIN AVENUE,INTERSECTION,,,,Closed,,The Department of Sanitation investigated this complaint and found no violation at the location.,02/10/2022 01:29:14 PM,03 BRONX,,BRONX,1011872,243212,PHONE,Unspecified,BRONX,,,,,,,,40.83419292182748,-73.90018163847492,"(40.83419292182748, -73.90018163847492)"
53319204,02/09/2022 11:31:36 AM,02/10/2022 01:28:43 PM,DSNY,Department of Sanitation,Dirty Condition,Dog Waste,Sidewalk,10458,EAST  183 STREET,EAST  183 STREET,EAST  183 STREET,PARK AVENUE,EAST  183 STREET,PARK AVENUE,INTERSECTION,,,,Closed,,The Department of Sanitation investigated this complaint and found no violation at the location.,02/10/2022 01:28:34 PM,06 BRONX,,BRONX,1013402,251109,ONLINE,Unspecified,BRONX,,,,,,,,40.85586293534541,-73.89461831023121,"(40.85586293534541, -73.89461831023121)"
53313627,02/09/2022 11:05:36 AM,02/10/2022 01:27:23 PM,DSNY,Department of Sanitation,Dirty Condition,Dog Waste,Sidewalk,11420,131-50 134 STREET,134 STREET,131 AVENUE,133 AVENUE,131 AVENUE,133 AVENUE,ADDRESS,SOUTH OZONE PARK,134 STREET,,Closed,,The Department of Sanitation investigated this complaint and found no violation at the location.,02/10/2022 01:27:06 PM,10 QUEENS,4117780100,QUEENS,1038469,183515,PHONE,Unspecified,QUEENS,,,,,,,,40.67021699948175,-73.80454893139311,"(40.67021699948175, -73.80454893139311)"
53313638,02/09/2022 09:55:46 AM,02/11/2022 04:30:43 PM,DSNY,Department of Sanitation,Dirty Condition,Dog Waste,Sidewalk,11209,4 AVENUE,4 AVENUE,4 AVENUE,83 STREET,4 AVENUE,83 STREET,INTERSECTION,,,,Closed,,The Department of Sanitation investigated this complaint and found no violation at the location.,02/11/2022 04:30:12 PM,10 BROOKLYN,,BROOKLYN,976634,166992,UNKNOWN,Unspecified,BROOKLYN,,,,,,,,40.62502769360723,-74.02743588562036,"(40.62502769360723, -74.02743588562036)"
53317972,02/09/2022 09:46:00 AM,02/12/2022 01:48:44 PM,DSNY,Department of Sanitation,Dirty Condition,Dog Waste,Sidewalk,11216,201 CLIFTON PLACE,CLIFTON PLACE,FRANKLIN AVENUE,BEDFORD AVENUE,FRANKLIN AVENUE,BEDFORD AVENUE,ADDRESS,BROOKLYN,CLIFTON PLACE,,Closed,,The Department of Sanitation investigated this complaint and found no violation at the location.,02/12/2022 01:48:20 PM,03 BROOKLYN,3019500045,BROOKLYN,996658,190187,ONLINE,Unspecified,BROOKLYN,,,,,,,,40.68868745581735,-73.95525873343438,"(40.68868745581735, -73.95525873343438)"
53313554,02/09/2022 08:58:28 AM,02/11/2022 05:50:43 AM,DSNY,Department of Sanitation,Dirty Condition,Dog Waste,Street,10011,WEST   21 STREET,WEST   21 STREET,8 AVENUE,9 AVENUE,8 AVENUE,9 AVENUE,BLOCKFACE,,,,Closed,,The Department of Sanitation investigated this complaint and found no violation at the location.,02/11/2022 05:50:26 AM,Unspecified MANHATTAN,,MANHATTAN,,,PHONE,Unspecified,MANHATTAN,,,,,,,,,,
53321756,02/09/2022 08:53:39 AM,02/10/2022 01:28:10 PM,DSNY,Department of Sanitation,Dirty Condition,Dog Waste,Sidewalk,10457,2075 WEBSTER AVENUE,WEBSTER AVENUE,EAST  179 STREET,EAST  180 STREET,EAST  179 STREET,EAST  180 STREET,ADDRESS,BRONX,WEBSTER AVENUE,,Closed,,The Department of Sanitation investigated this complaint and found no violation at the location.,02/10/2022 01:28:00 PM,05 BRONX,2031420048,BRONX,1012373,249689,PHONE,Unspecified,BRONX,,,,,,,,40.851968798512566,-73.89834400034124,"(40.851968798512566, -73.89834400034124)"
53307101,02/08/2022 05:08:59 PM,02/12/2022 01:22:05 PM,DSNY,Department of Sanitation,Dirty Condition,Dog Waste,Sidewalk,11230,977 EAST   12 STREET,EAST   12 STREET,AVENUE I,AVENUE J,AVENUE I,AVENUE J,ADDRESS,BROOKLYN,EAST   12 STREET,,Closed,,The Department of Sanitation investigated this complaint and found no violation at the location.,02/12/2022 01:21:46 PM,14 BROOKLYN,3067050058,BROOKLYN,994159,167206,ONLINE,Unspecified,BROOKLYN,,,,,,,,40.62561281068379,-73.96430349566153,"(40.62561281068379, -73.96430349566153)"
53304375,02/08/2022 05:06:24 PM,02/09/2022 01:22:11 PM,DSNY,Department of Sanitation,Dirty Condition,Dog Waste,Sidewalk,11367,150-42 75 AVENUE,75 AVENUE,150 STREET,153 STREET,150 STREET,153 STREET,ADDRESS,FLUSHING,75 AVENUE,,Closed,,The Department of Sanitation investigated this complaint and found no violation at the location.,02/09/2022 01:21:40 PM,08 QUEENS,4067040001,QUEENS,1035313,203603,PHONE,Unspecified,QUEENS,,,,,,,,40.7253725226891,-73.81577349180459,"(40.7253725226891, -73.81577349180459)"
53309807,02/08/2022 02:24:27 PM,02/11/2022 01:21:38 PM,DSNY,Department of Sanitation,Dirty Condition,Dog Waste,Sidewalk,11429,212-25 102 AVENUE,102 AVENUE,212 STREET,213 STREET,212 STREET,213 STREET,ADDRESS,QUEENS VILLAGE,102 AVENUE,,Closed,,The Department of Sanitation investigated this complaint and found no violation at the location.,02/11/2022 01:17:40 PM,13 QUEENS,4110850053,QUEENS,1054642,199100,PHONE,Unspecified,QUEENS,,,,,,,,40.7128802281338,-73.74608521803185,"(40.7128802281338, -73.74608521803185)"
53304410,02/08/2022 12:43:43 PM,02/10/2022 05:52:35 AM,DSNY,Department of Sanitation,Dirty Condition,Dog Waste,Sidewalk,10027,212 WEST  120 STREET,WEST  120 STREET,ADAM CLAYTON POWELL JR BOULEVARD,ST NICHOLAS AVENUE,ADAM CLAYTON POWELL JR BOULEVARD,ST NICHOLAS AVENUE,ADDRESS,NEW YORK,WEST  120 STREET,,Closed,,The Department of Sanitation investigated this complaint and found no violation at the location.,02/10/2022 05:52:22 AM,10 MANHATTAN,1019250019,MANHATTAN,997714,232955,PHONE,Unspecified,MANHATTAN,,,,,,,,40.80607328662857,-73.95136534570926,"(40.80607328662857, -73.95136534570926)"
53312154,02/08/2022 12:10:51 PM,02/12/2022 01:23:43 PM,DSNY,Department of Sanitation,Dirty Condition,Dog Waste,Sidewalk,11218,730 CONEY ISLAND AVENUE,CONEY ISLAND AVENUE,AVENUE C,CORTELYOU ROAD,AVENUE C,CORTELYOU ROAD,ADDRESS,BROOKLYN,CONEY ISLAND AVENUE,,Closed,,The Department of Sanitation investigated this complaint and found no violation at the location.,02/12/2022 01:23:22 PM,12 BROOKLYN,3053780032,BROOKLYN,992863,172406,UNKNOWN,Unspecified,BROOKLYN,,,,,,,,40.63988706280817,-73.96896561115527,"(40.63988706280817, -73.96896561115527)"
53309707,02/08/2022 11:55:40 AM,02/15/2022 01:12:20 PM,DSNY,Department of Sanitation,Dirty Condition,Dog Waste,Sidewalk,10458,EAST  184 STREET,EAST  184 STREET,EAST  184 STREET,MARION AVENUE,EAST  184 STREET,MARION AVENUE,INTERSECTION,,,,Closed,,The Department of Sanitation investigated this complaint and found no violation at the location.,02/15/2022 01:11:49 PM,05 BRONX,,BRONX,1013091,251938,PHONE,Unspecified,BRONX,,,,,,,,40.8581393120932,-73.89573897756428,"(40.8581393120932, -73.89573897756428)"
53307036,02/08/2022 10:52:32 AM,02/09/2022 01:15:41 PM,DSNY,Department of Sanitation,Dirty Condition,Dog Waste,Sidewalk,11374,98-54 64 AVENUE,64 AVENUE,98 STREET,99 STREET,98 STREET,99 STREET,ADDRESS,REGO PARK,64 AVENUE,,Closed,,The Department of Sanitation investigated this complaint and found no violation at the location.,02/09/2022 01:15:04 PM,06 QUEENS,,QUEENS,1023800,205500,ONLINE,Unspecified,QUEENS,,,,,,,,40.73063828504639,-73.8572991791356,"(40.73063828504639, -73.8572991791356)"
53308439,02/08/2022 10:47:23 AM,02/15/2022 01:11:00 PM,DSNY,Department of Sanitation,Dirty Condition,Dog Waste,Sidewalk,10458,480 EAST  188 STREET,EAST  188 STREET,AUDIE TRINIDAD WAY,BATHGATE AVENUE,AUDIE TRINIDAD WAY,BATHGATE AVENUE,ADDRESS,BRONX,EAST  188 STREET,,Closed,,The Department of Sanitation investigated this complaint and found no violation at the location.,02/15/2022 01:10:22 PM,06 BRONX,2030570011,BRONX,1014570,251994,PHONE,Unspecified,BRONX,,,,,,,,40.85828805965668,-73.89039210329346,"(40.85828805965668, -73.89039210329346)"
53303127,02/08/2022 10:36:48 AM,02/14/2022 04:46:54 PM,DSNY,Department of Sanitation,Dirty Condition,Dog Waste,Sidewalk,10468,EAST  184 STREET,EAST  184 STREET,EAST  184 STREET,GRAND CONCOURSE,EAST  184 STREET,GRAND CONCOURSE,INTERSECTION,,,,Closed,,The Department of Sanitation investigated this complaint and found no violation at the location.,02/14/2022 04:46:22 PM,05 BRONX,,BRONX,1012233,252363,PHONE,Unspecified,BRONX,,,,,,,,40.859308570031786,-73.89883889449911,"(40.859308570031786, -73.89883889449911)"
53310886,02/08/2022 10:36:06 AM,02/10/2022 08:20:55 AM,DSNY,Department of Sanitation,Dirty Condition,Dog Waste,Sidewalk,11377,47-59 49 STREET,49 STREET,47 AVENUE,48 AVENUE,47 AVENUE,48 AVENUE,ADDRESS,WOODSIDE,49 STREET,,Closed,,The Department of Sanitation investigated this complaint and found no violation at the location.,02/10/2022 08:17:08 AM,02 QUEENS,4022870001,QUEENS,1007386,208817,ONLINE,Unspecified,QUEENS,,,,,,,,40.73980079111328,-73.9165112705236,"(40.73980079111328, -73.9165112705236)"
53305721,02/08/2022 10:33:21 AM,02/09/2022 04:46:13 PM,DSNY,Department of Sanitation,Dirty Condition,Dog Waste,Sidewalk,11224,3522 NEPTUNE AVENUE,NEPTUNE AVENUE,WEST   35 STREET,WEST   36 STREET,WEST   35 STREET,WEST   36 STREET,ADDRESS,BROOKLYN,NEPTUNE AVENUE,,Closed,,The Department of Sanitation investigated this complaint and found no violation at the location.,02/09/2022 04:45:45 PM,13 BROOKLYN,3070050003,BROOKLYN,983853,149521,PHONE,Unspecified,BROOKLYN,,,,,,,,40.57707660978297,-74.001429126413,"(40.57707660978297, -74.001429126413)"
53303128,02/08/2022 10:30:33 AM,02/10/2022 08:16:32 AM,DSNY,Department of Sanitation,Dirty Condition,Dog Waste,Sidewalk,11377,47-33 49 STREET,49 STREET,47 AVENUE,48 AVENUE,47 AVENUE,48 AVENUE,ADDRESS,WOODSIDE,49 STREET,,Closed,,The Department of Sanitation investigated this complaint and found no violation at the location.,02/10/2022 08:15:40 AM,02 QUEENS,4022870015,QUEENS,1007405,208943,ONLINE,Unspecified,QUEENS,,,,,,,,40.74014657993111,-73.91644227331709,"(40.74014657993111, -73.91644227331709)"
53309748,02/08/2022 10:15:52 AM,02/15/2022 09:31:27 AM,DSNY,Department of Sanitation,Dirty Condition,Dog Waste,Sidewalk,11233,2105A PACIFIC STREET,PACIFIC STREET,HOWARD AVENUE,SARATOGA AVENUE,HOWARD AVENUE,SARATOGA AVENUE,ADDRESS,BROOKLYN,PACIFIC STREET,,Closed,,The Department of Sanitation investigated this complaint and found no violation at the location.,02/15/2022 09:30:58 AM,16 BROOKLYN,3014320042,BROOKLYN,1007225,185529,PHONE,Unspecified,BROOKLYN,,,,,,,,40.67588118937408,-73.91717171796645,"(40.67588118937408, -73.91717171796645)"
53312153,02/08/2022 10:10:19 AM,02/09/2022 01:18:06 PM,DSNY,Department of Sanitation,Dirty Condition,Dog Waste,Sidewalk,11378,69-20 CALDWELL AVENUE,CALDWELL AVENUE,69 STREET,69 PLACE,69 STREET,69 PLACE,ADDRESS,MASPETH,CALDWELL AVENUE,,Closed,,The Department of Sanitation investigated this complaint and found no violation at the location.,02/09/2022 01:16:15 PM,05 QUEENS,4028280005,QUEENS,1013796,202897,ONLINE,Unspecified,QUEENS,,,,,,,,40.72353276339833,-73.8934061163787,"(40.72353276339833, -73.8934061163787)"
53310942,02/08/2022 09:26:58 AM,02/15/2022 09:58:47 AM,DSNY,Department of Sanitation,Dirty Condition,Dog Waste,Sidewalk,11426,85-39 239 STREET,239 STREET,FIFTH BOMBARDMENT SQUAD MEM WAY,86 AVENUE,FIFTH BOMBARDMENT SQUAD MEM WAY,86 AVENUE,ADDRESS,BELLEROSE,239 STREET,,Closed,,The Department of Sanitation investigated this complaint and found no condition at the location.,02/14/2022 12:49:21 PM,13 QUEENS,4079580010,QUEENS,1060010,206134,ONLINE,Unspecified,QUEENS,,,,,,,,40.73214242631688,-73.72664295858077,"(40.73214242631688, -73.72664295858077)"
53310943,02/08/2022 09:16:43 AM,02/22/2022 04:54:41 PM,DSNY,Department of Sanitation,Dirty Condition,Dog Waste,Sidewalk,11219,10 AVENUE,10 AVENUE,10 AVENUE,45 STREET,10 AVENUE,45 STREET,INTERSECTION,,,,Closed,,The Department of Sanitation investigated this complaint and found no violation at the location.,02/22/2022 04:54:00 PM,12 BROOKLYN,,BROOKLYN,985251,172903,PHONE,Unspecified,BROOKLYN,,,,,,,,40.64125535257492,-73.99639311974758,"(40.64125535257492, -73.99639311974758)"
53307029,02/08/2022 09:10:30 AM,02/10/2022 07:58:33 AM,DSNY,Department of Sanitation,Dirty Condition,Dog Waste,Sidewalk,11102,3-08 26 AVENUE,26 AVENUE,3 STREET,4 STREET,3 STREET,4 STREET,ADDRESS,ASTORIA,26 AVENUE,,Closed,,The Department of Sanitation investigated this complaint and found no violation at the location.,02/10/2022 07:55:10 AM,01 QUEENS,4009100021,QUEENS,1002718,222139,ONLINE,Unspecified,QUEENS,,,,,,,,40.77637724530621,-73.93331964570227,"(40.77637724530621, -73.93331964570227)"
53310985,02/08/2022 09:01:02 AM,02/22/2022 04:52:00 PM,DSNY,Department of Sanitation,Dirty Condition,Dog Waste,Sidewalk,11219,1042 45 STREET,45 STREET,10 AVENUE,FT HAMILTON PARKWAY,10 AVENUE,FT HAMILTON PARKWAY,ADDRESS,BROOKLYN,45 STREET,,Closed,,The Department of Sanitation investigated this complaint and found no violation at the location.,02/22/2022 04:51:16 PM,12 BROOKLYN,3056140019,BROOKLYN,985508,172695,ONLINE,Unspecified,BROOKLYN,,,,,,,,40.640684404383364,-73.99546711634973,"(40.640684404383364, -73.99546711634973)"
53312155,02/08/2022 08:07:40 AM,02/09/2022 01:17:48 PM,DSNY,Department of Sanitation,Dirty Condition,Dog Waste,Sidewalk,11224,2846 WEST   17 STREET,WEST   17 STREET,CROPSEY AVENUE,MERMAID AVENUE,CROPSEY AVENUE,MERMAID AVENUE,ADDRESS,BROOKLYN,WEST   17 STREET,,Closed,,The Department of Sanitation investigated this complaint and found no violation at the location.,02/09/2022 01:17:19 PM,13 BROOKLYN,3070200027,BROOKLYN,988413,149796,ONLINE,Unspecified,BROOKLYN,,,,,,,,40.57783046212219,-73.98501380242779,"(40.57783046212219, -73.98501380242779)"
53305734,02/08/2022 07:57:11 AM,02/09/2022 01:23:29 PM,DSNY,Department of Sanitation,Dirty Condition,Dog Waste,Sidewalk,11435,139-60 85 DRIVE,85 DRIVE,139 STREET,143 STREET,139 STREET,143 STREET,ADDRESS,JAMAICA,85 DRIVE,,Closed,,The Department of Sanitation investigated this complaint and found no violation at the location.,02/09/2022 01:22:44 PM,08 QUEENS,4097100037,QUEENS,1035321,197578,ONLINE,Unspecified,QUEENS,,,,,,,,40.70883533303041,-73.81579034063698,"(40.70883533303041, -73.81579034063698)"
53295726,02/08/2022 12:57:39 AM,02/11/2022 04:47:50 PM,DSNY,Department of Sanitation,Dirty Condition,Dog Waste,Sidewalk,11223,1624 WEST    7 STREET,WEST    7 STREET,AVENUE P,QUENTIN ROAD,AVENUE P,QUENTIN ROAD,ADDRESS,BROOKLYN,WEST    7 STREET,,Closed,,The Department of Sanitation investigated this complaint and found no violation at the location.,02/11/2022 04:47:30 PM,11 BROOKLYN,3066240016,BROOKLYN,989641,160533,PHONE,Unspecified,BROOKLYN,,,,,,,,40.60730071001672,-73.98058461336066,"(40.60730071001672, -73.98058461336066)"
53300089,02/08/2022 12:54:53 AM,02/08/2022 02:52:47 PM,DSNY,Department of Sanitation,Dirty Condition,Dog Waste,Sidewalk,11355,58-17 134 STREET,134 STREET,58 AVENUE,58 ROAD,58 AVENUE,58 ROAD,ADDRESS,FLUSHING,134 STREET,,Closed,,The Department of Sanitation investigated this complaint and found no violation at the location.,02/08/2022 02:52:41 PM,07 QUEENS,4063650050,QUEENS,1030977,210889,ONLINE,Unspecified,QUEENS,,,,,,,,40.74539472534747,-73.83136638809027,"(40.74539472534747, -73.83136638809027)"
53301519,02/07/2022 09:24:24 PM,02/12/2022 01:24:58 PM,DSNY,Department of Sanitation,Dirty Condition,Dog Waste,Sidewalk,11230,861 EAST   16 STREET,EAST   16 STREET,DEAD END,AVENUE I,DEAD END,AVENUE I,ADDRESS,BROOKLYN,EAST   16 STREET,,Closed,,The Department of Sanitation investigated this complaint and found no violation at the location.,02/12/2022 01:24:39 PM,14 BROOKLYN,,BROOKLYN,995061,168237,PHONE,Unspecified,BROOKLYN,,,,,,,,40.62844163386768,-73.96105245052401,"(40.62844163386768, -73.96105245052401)"
53294300,02/07/2022 09:24:16 PM,02/15/2022 10:56:03 AM,DSNY,Department of Sanitation,Dirty Condition,Dog Waste,Sidewalk,11237,HART STREET,HART STREET,HART STREET,WYCKOFF AVENUE,HART STREET,WYCKOFF AVENUE,INTERSECTION,,,,Closed,,The Department of Sanitation investigated this complaint and found no violation at the location.,02/15/2022 10:55:39 AM,04 BROOKLYN,,BROOKLYN,1006443,196051,PHONE,Unspecified,BROOKLYN,,,,,,,,40.704763638786794,-73.91995627996963,"(40.704763638786794, -73.91995627996963)"
53292447,02/07/2022 08:27:17 PM,02/10/2022 05:47:48 AM,DSNY,Department of Sanitation,Dirty Condition,Dog Waste,Sidewalk,10009,524 20 STREET LOOP,20 STREET LOOP,STUYVESANT OVAL,STUYVESANT OVAL,STUYVESANT OVAL,STUYVESANT OVAL,ADDRESS,NEW YORK,20 STREET LOOP,,Closed,,The Department of Sanitation investigated this complaint and found no violation at the location.,02/10/2022 05:47:36 AM,06 MANHATTAN,,MANHATTAN,990458,206258,ONLINE,Unspecified,MANHATTAN,,,,,,,,40.73280505168747,-73.97760012338243,"(40.73280505168747, -73.97760012338243)"
53298673,02/07/2022 04:12:30 PM,02/09/2022 03:29:03 PM,DSNY,Department of Sanitation,Dirty Condition,Dog Waste,Sidewalk,11419,103-19 108 STREET,108 STREET,103 AVENUE,LIBERTY AVENUE,103 AVENUE,LIBERTY AVENUE,ADDRESS,SOUTH RICHMOND HILL,108 STREET,,Closed,,The Department of Sanitation investigated this complaint and found no violation at the location.,02/09/2022 03:28:55 PM,10 QUEENS,4095130047,QUEENS,1030325,188719,PHONE,Unspecified,QUEENS,,,,,,,,40.684546908268494,-73.83387113138674,"(40.684546908268494, -73.83387113138674)"
53294306,02/07/2022 01:59:51 PM,02/15/2022 09:32:07 AM,DSNY,Department of Sanitation,Dirty Condition,Dog Waste,Sidewalk,11212,445 THOMAS S BOYLAND STREET,THOMAS S BOYLAND STREET,EAST NEW YORK AVENUE,PITKIN AVENUE,EAST NEW YORK AVENUE,PITKIN AVENUE,ADDRESS,BROOKLYN,THOMAS S BOYLAND STREET,,Closed,,The Department of Sanitation investigated this complaint and found no violation at the location.,02/15/2022 09:31:48 AM,16 BROOKLYN,3034970065,BROOKLYN,1008182,183348,PHONE,Unspecified,BROOKLYN,,,,,,,,40.669892301289224,-73.91372933698824,"(40.669892301289224, -73.91372933698824)"
53292454,02/07/2022 01:41:10 PM,02/10/2022 03:18:25 PM,DSNY,Department of Sanitation,Dirty Condition,Dog Waste,Sidewalk,11249,2 NORTH    6 PLACE,NORTH    6 PLACE,NORTH    6 STREET,NORTH    7 STREET,NORTH    6 STREET,NORTH    7 STREET,ADDRESS,BROOKLYN,NORTH    6 PLACE,,Closed,,The Department of Sanitation investigated this complaint and found no violation at the location.,02/10/2022 03:17:37 PM,01 BROOKLYN,3023240030,BROOKLYN,994457,201765,ONLINE,Unspecified,BROOKLYN,,,,,,,,40.720469150340975,-73.96317763756129,"(40.720469150340975, -73.96317763756129)"
53302788,02/07/2022 12:33:34 PM,02/15/2022 10:08:43 AM,DSNY,Department of Sanitation,Dirty Condition,Dog Waste,Sidewalk,11229,1824 QUENTIN ROAD,QUENTIN ROAD,EAST   18 STREET,EAST   19 STREET,EAST   18 STREET,EAST   19 STREET,ADDRESS,BROOKLYN,QUENTIN ROAD,,Closed,,The Department of Sanitation investigated this complaint and found no violation at the location.,02/15/2022 10:08:03 AM,15 BROOKLYN,3068010008,BROOKLYN,996737,161008,ONLINE,Unspecified,BROOKLYN,,,,,,,,40.60859732945372,-73.95502788901207,"(40.60859732945372, -73.95502788901207)"
53292477,02/07/2022 11:35:52 AM,02/09/2022 01:32:28 PM,DSNY,Department of Sanitation,Dirty Condition,Dog Waste,Sidewalk,10452,1065 GERARD AVENUE,GERARD AVENUE,EAST  165 STREET,MCCLELLAN STREET,EAST  165 STREET,MCCLELLAN STREET,ADDRESS,BRONX,GERARD AVENUE,,Closed,,The Department of Sanitation investigated this complaint and found no violation at the location.,02/09/2022 01:31:45 PM,04 BRONX,2024870010,BRONX,1005784,242486,ONLINE,Unspecified,BRONX,,,,,,,,40.832217204394595,-73.92218432459501,"(40.832217204394595, -73.92218432459501)"
53301418,02/07/2022 11:31:43 AM,02/15/2022 09:25:05 AM,DSNY,Department of Sanitation,Dirty Condition,Dog Waste,Sidewalk,11239,543 EGAN STREET,EGAN STREET,LINWOOD STREET,ESSEX STREET,LINWOOD STREET,ESSEX STREET,ADDRESS,BROOKLYN,EGAN STREET,,Closed,,The Department of Sanitation investigated this complaint and found no violation at the location.,02/15/2022 09:24:48 AM,05 BROOKLYN,3044500108,BROOKLYN,1019534,178579,PHONE,Unspecified,BROOKLYN,,,,,,,,40.65676450067414,-73.87283237334633,"(40.65676450067414, -73.87283237334633)"
53297276,02/07/2022 11:20:11 AM,02/15/2022 09:25:49 AM,DSNY,Department of Sanitation,Dirty Condition,Dog Waste,Sidewalk,11208,721 CRESCENT STREET,CRESCENT STREET,DUMONT AVENUE,LINDEN BOULEVARD,DUMONT AVENUE,LINDEN BOULEVARD,ADDRESS,BROOKLYN,CRESCENT STREET,,Closed,,The Department of Sanitation investigated this complaint and found no violation at the location.,02/15/2022 09:25:24 AM,05 BROOKLYN,3044630057,BROOKLYN,1020700,183337,PHONE,Unspecified,BROOKLYN,,,,,,,,40.669819420073985,-73.8686042578316,"(40.669819420073985, -73.8686042578316)"
53297212,02/07/2022 11:03:59 AM,02/09/2022 01:41:24 PM,DSNY,Department of Sanitation,Dirty Condition,Dog Waste,Sidewalk,11423,100-31 194 STREET,194 STREET,100 AVENUE,104 AVENUE,100 AVENUE,104 AVENUE,ADDRESS,HOLLIS,194 STREET,,Closed,,The Department of Sanitation investigated this complaint and found no violation at the location.,02/09/2022 01:40:06 PM,12 QUEENS,4108610010,QUEENS,1049488,197669,PHONE,Unspecified,QUEENS,,,,,,,,40.70899199197266,-73.76469026264802,"(40.70899199197266, -73.76469026264802)"
53292489,02/07/2022 10:57:57 AM,02/17/2022 10:18:09 AM,DSNY,Department of Sanitation,Dirty Condition,Dog Waste,Sidewalk,11234,466 MAYFAIR DRIVE SOUTH,MAYFAIR DRIVE SOUTH,INDIANA PLACE,EAST   66 STREET,INDIANA PLACE,EAST   66 STREET,ADDRESS,BROOKLYN,MAYFAIR DRIVE SOUTH,,Closed,,The Department of Sanitation investigated this complaint and found no violation at the location.,02/17/2022 10:17:29 AM,18 BROOKLYN,3086060056,BROOKLYN,1009783,160695,PHONE,Unspecified,BROOKLYN,,,,,,,,40.607710221543165,-73.90804374051389,"(40.607710221543165, -73.90804374051389)"
53302789,02/07/2022 10:17:32 AM,02/15/2022 01:44:42 PM,DSNY,Department of Sanitation,Dirty Condition,Dog Waste,Sidewalk,11206,300 VERNON AVENUE,VERNON AVENUE,MARCUS GARVEY BOULEVARD,LEWIS AVENUE,MARCUS GARVEY BOULEVARD,LEWIS AVENUE,ADDRESS,BROOKLYN,VERNON AVENUE,,Closed,,The Department of Sanitation investigated this complaint and found no violation at the location.,02/15/2022 01:44:24 PM,03 BROOKLYN,3015880001,BROOKLYN,1001331,192801,ONLINE,Unspecified,BROOKLYN,,,,,,,,40.69585449546647,-73.93840201837486,"(40.69585449546647, -73.93840201837486)"
53297150,02/07/2022 08:51:48 AM,02/09/2022 01:25:27 PM,DSNY,Department of Sanitation,Dirty Condition,Dog Waste,Sidewalk,10457,370 EAST  173 STREET,EAST  173 STREET,CARTER AVENUE,WEBSTER AVENUE,CARTER AVENUE,WEBSTER AVENUE,ADDRESS,BRONX,EAST  173 STREET,,Closed,,The Department of Sanitation investigated this complaint and found no violation at the location.,02/09/2022 01:24:42 PM,04 BRONX,2028880037,BRONX,1010775,246472,PHONE,Unspecified,BRONX,,,,,,,,40.84314403225245,-73.90413300061198,"(40.84314403225245, -73.90413300061198)"
53292471,02/07/2022 07:49:32 AM,02/09/2022 10:51:18 AM,DSNY,Department of Sanitation,Dirty Condition,Dog Waste,Sidewalk,10037,45 WEST  142 STREET,WEST  142 STREET,CHISUM PLACE,JACK JOHNSON PLAZA,CHISUM PLACE,JACK JOHNSON PLAZA,ADDRESS,NEW YORK,WEST  142 STREET,,Closed,,The Department of Sanitation investigated this complaint and found no violation at the location.,02/09/2022 10:51:00 AM,10 MANHATTAN,,MANHATTAN,1001865,237292,ONLINE,Unspecified,MANHATTAN,,,,,,,,40.817969840478646,-73.9363597285853,"(40.817969840478646, -73.9363597285853)"
53298672,02/07/2022 07:47:16 AM,02/09/2022 10:50:45 AM,DSNY,Department of Sanitation,Dirty Condition,Dog Waste,Sidewalk,10037,11 WEST  141 STREET,WEST  141 STREET,5 AVENUE,CHISUM PLACE,5 AVENUE,CHISUM PLACE,ADDRESS,NEW YORK,WEST  141 STREET,,Closed,,The Department of Sanitation investigated this complaint and found no violation at the location.,02/09/2022 10:50:28 AM,10 MANHATTAN,1017390022,MANHATTAN,1002187,236824,ONLINE,Unspecified,MANHATTAN,,,,,,,,40.816684664252115,-73.9351976436149,"(40.816684664252115, -73.9351976436149)"
53300042,02/07/2022 07:44:35 AM,02/09/2022 04:42:04 PM,DSNY,Department of Sanitation,Dirty Condition,Dog Waste,Sidewalk,10037,60 WEST  142 STREET,WEST  142 STREET,CHISUM PLACE,JACK JOHNSON PLAZA,CHISUM PLACE,JACK JOHNSON PLAZA,ADDRESS,NEW YORK,WEST  142 STREET,,Closed,,The Department of Sanitation investigated this complaint and found no condition at the location.,02/09/2022 04:41:43 PM,10 MANHATTAN,1017370059,MANHATTAN,1001836,237301,ONLINE,Unspecified,MANHATTAN,,,,,,,,40.81799460072329,-73.93646447748057,"(40.81799460072329, -73.93646447748057)"
53291031,02/06/2022 06:35:35 PM,02/11/2022 02:52:59 PM,DSNY,Department of Sanitation,Dirty Condition,Dog Waste,Sidewalk,11691,20-97 CREST ROAD,CREST ROAD,SEAGIRT BOULEVARD,FERNSIDE PLACE,SEAGIRT BOULEVARD,FERNSIDE PLACE,ADDRESS,FAR ROCKAWAY,CREST ROAD,,Closed,,The Department of Sanitation investigated this complaint and found no violation at the location.,02/11/2022 02:52:05 PM,14 QUEENS,,QUEENS,1051685,156250,ONLINE,Unspecified,QUEENS,,,,,,,,40.59528984132302,-73.75717997463049,"(40.59528984132302, -73.75717997463049)"
53287276,02/06/2022 06:31:42 PM,02/07/2022 05:35:56 PM,DSNY,Department of Sanitation,Dirty Condition,Dog Waste,Sidewalk,10462,LYDIG AVENUE,LYDIG AVENUE,LYDIG AVENUE,WALLACE AVENUE,LYDIG AVENUE,WALLACE AVENUE,INTERSECTION,,,,Closed,,The Department of Sanitation investigated this complaint and found no violation at the location.,02/07/2022 05:34:48 PM,11 BRONX,,BRONX,1021648,250603,ONLINE,Unspecified,BRONX,,,,,,,,40.85444303926804,-73.86481267447654,"(40.85444303926804, -73.86481267447654)"
53284219,02/06/2022 12:40:29 PM,02/08/2022 11:22:07 AM,DSNY,Department of Sanitation,Dirty Condition,Dog Waste,Sidewalk,11102,30-55 VERNON BOULEVARD,VERNON BOULEVARD,30 ROAD,30 DRIVE,30 ROAD,30 DRIVE,ADDRESS,ASTORIA,VERNON BOULEVARD,,Closed,,The Department of Sanitation investigated this complaint and found no violation at the location.,02/08/2022 11:21:47 AM,01 QUEENS,4005050014,QUEENS,1002426,220046,PHONE,Unspecified,QUEENS,,,,,,,,40.77063311514691,-73.93437959827264,"(40.77063311514691, -73.93437959827264)"
53287277,02/06/2022 08:25:46 AM,02/15/2022 02:08:20 PM,DSNY,Department of Sanitation,Dirty Condition,Dog Waste,Sidewalk,11214,268 BAY   38 STREET,BAY   38 STREET,CROPSEY AVENUE,SHORE PARKWAY,CROPSEY AVENUE,SHORE PARKWAY,ADDRESS,BROOKLYN,BAY   38 STREET,,Closed,,The Department of Sanitation investigated this complaint and found no violation at the location.,02/15/2022 02:04:27 PM,11 BROOKLYN,3069280050,BROOKLYN,985957,155289,ONLINE,Unspecified,BROOKLYN,,,,,,,,40.59290846824021,-73.9938536595088,"(40.59290846824021, -73.9938536595088)"
53283751,02/06/2022 01:18:51 AM,02/08/2022 11:27:11 AM,DSNY,Department of Sanitation,Dirty Condition,Dog Waste,Sidewalk,11435,84-04 143 STREET,143 STREET,84 DRIVE,85 ROAD,84 DRIVE,85 ROAD,ADDRESS,JAMAICA,143 STREET,,Closed,,The Department of Sanitation investigated this complaint and found no violation at the location.,02/08/2022 11:26:43 AM,08 QUEENS,4097120181,QUEENS,1035940,198263,ONLINE,Unspecified,QUEENS,,,,,,,,40.71071189679991,-73.81355239711154,"(40.71071189679991, -73.81355239711154)"
53283689,02/05/2022 11:07:17 PM,02/07/2022 11:12:18 PM,DSNY,Department of Sanitation,Dirty Condition,Dog Waste,Sidewalk,10453,135 HALL OF FAME TERRACE,HALL OF FAME TERRACE,ANDREWS AVENUE NORTH,LORING PLACE NORTH,ANDREWS AVENUE NORTH,LORING PLACE NORTH,ADDRESS,BRONX,HALL OF FAME TERRACE,,Closed,,The Department of Sanitation investigated this complaint and found no violation at the location.,02/07/2022 11:11:33 PM,07 BRONX,2032240001,BRONX,1009008,252093,ONLINE,Unspecified,BRONX,,,,,,,,40.85857713469325,-73.91049855324307,"(40.85857713469325, -73.91049855324307)"
53276616,02/05/2022 06:17:56 PM,02/08/2022 05:41:18 AM,DSNY,Department of Sanitation,Dirty Condition,Dog Waste,Sidewalk,10033,382 AUDUBON AVENUE,AUDUBON AVENUE,FLOR MARIA MIOLAN WAY,WEST  185 STREET,FLOR MARIA MIOLAN WAY,WEST  185 STREET,ADDRESS,NEW YORK,AUDUBON AVENUE,,Closed,,The Department of Sanitation investigated this complaint and found no violation at the location.,02/08/2022 05:41:07 AM,12 MANHATTAN,1021570024,MANHATTAN,1003352,249200,ONLINE,Unspecified,MANHATTAN,,,,,,,,40.85065076423741,-73.93095351874105,"(40.85065076423741, -73.93095351874105)"
53283901,02/05/2022 03:52:31 PM,02/05/2022 11:12:27 PM,DSNY,Department of Sanitation,Dirty Condition,Dog Waste,Sidewalk,11369,100-02 32 AVENUE,32 AVENUE,100 STREET,101 STREET,100 STREET,101 STREET,ADDRESS,EAST ELMHURST,32 AVENUE,,Closed,,The Department of Sanitation investigated this complaint and found no violation at the location.,02/05/2022 11:12:15 PM,03 QUEENS,4016950101,QUEENS,1020639,215899,PHONE,Unspecified,QUEENS,,,,,,,,40.75919447362238,-73.86864814038915,"(40.75919447362238, -73.86864814038915)"
53282582,02/05/2022 03:15:12 PM,02/05/2022 11:11:09 PM,DSNY,Department of Sanitation,Dirty Condition,Dog Waste,Sidewalk,11102,30-50 VERNON BOULEVARD,VERNON BOULEVARD,30 ROAD,30 DRIVE,30 ROAD,30 DRIVE,ADDRESS,ASTORIA,VERNON BOULEVARD,,Closed,,The Department of Sanitation investigated this complaint and found no violation at the location.,02/05/2022 11:10:51 PM,01 QUEENS,4004990019,QUEENS,1002425,220065,PHONE,Unspecified,QUEENS,,,,,,,,40.7706852672363,-73.93438315716573,"(40.7706852672363, -73.93438315716573)"
53282507,02/05/2022 02:08:11 PM,02/09/2022 03:30:04 PM,DSNY,Department of Sanitation,Dirty Condition,Dog Waste,Sidewalk,11375,100-15 67 DRIVE,67 DRIVE,AUSTIN STREET,BOOTH STREET,AUSTIN STREET,BOOTH STREET,ADDRESS,FOREST HILLS,67 DRIVE,,Closed,,The Department of Sanitation investigated this complaint and found no violation at the location.,02/09/2022 03:29:55 PM,06 QUEENS,4031690068,QUEENS,1024943,202986,ONLINE,Unspecified,QUEENS,,,,,,,,40.72373279241723,-73.85319031728267,"(40.72373279241723, -73.85319031728267)"
53276578,02/05/2022 12:55:25 PM,02/07/2022 05:44:32 PM,DSNY,Department of Sanitation,Dirty Condition,Dog Waste,Sidewalk,10452,1437 SHAKESPEARE AVENUE,SHAKESPEARE AVENUE,JESUP PLACE,WEST  172 STREET,JESUP PLACE,WEST  172 STREET,ADDRESS,BRONX,SHAKESPEARE AVENUE,,Closed,,The Department of Sanitation investigated this complaint and found no violation at the location.,02/07/2022 05:43:22 PM,04 BRONX,2028730054,BRONX,1006166,246277,ONLINE,Unspecified,BRONX,,,,,,,,40.84262145631695,-73.92079153549686,"(40.84262145631695, -73.92079153549686)"
53281295,02/05/2022 08:18:11 AM,02/09/2022 03:29:32 PM,DSNY,Department of Sanitation,Dirty Condition,Dog Waste,Sidewalk,11375,100-26 67 DRIVE,67 DRIVE,AUSTIN STREET,BOOTH STREET,AUSTIN STREET,BOOTH STREET,ADDRESS,FOREST HILLS,67 DRIVE,,Closed,,The Department of Sanitation investigated this complaint and found no violation at the location.,02/09/2022 03:29:25 PM,06 QUEENS,4031670014,QUEENS,1024973,203035,ONLINE,Unspecified,QUEENS,,,,,,,,40.72386714730178,-73.85308178885136,"(40.72386714730178, -73.85308178885136)"
53281379,02/05/2022 07:32:50 AM,02/07/2022 06:18:57 PM,DSNY,Department of Sanitation,Dirty Condition,Dog Waste,Sidewalk,10461,3130 BUHRE AVENUE,BUHRE AVENUE,PARKVIEW AVENUE,BRUCKNER BOULEVARD,PARKVIEW AVENUE,BRUCKNER BOULEVARD,ADDRESS,BRONX,BUHRE AVENUE,,Closed,,The Department of Sanitation investigated this complaint and found no violation at the location.,02/07/2022 06:18:23 PM,10 BRONX,2041780001,BRONX,1031647,248401,PHONE,Unspecified,BRONX,,,,,,,,40.848351197467025,-73.828683662251,"(40.848351197467025, -73.828683662251)"
53276615,02/05/2022 07:27:16 AM,02/07/2022 06:20:14 PM,DSNY,Department of Sanitation,Dirty Condition,Dog Waste,Sidewalk,10461,3120 BUHRE AVENUE,BUHRE AVENUE,MAHAN AVENUE,PARKVIEW AVENUE,MAHAN AVENUE,PARKVIEW AVENUE,ADDRESS,BRONX,BUHRE AVENUE,,Closed,,The Department of Sanitation investigated this complaint and found no violation at the location.,02/07/2022 06:19:29 PM,10 BRONX,2041770007,BRONX,1031542,248347,PHONE,Unspecified,BRONX,,,,,,,,40.848203546686534,-73.82906356440097,"(40.848203546686534, -73.82906356440097)"
53268678,02/04/2022 10:45:43 PM,02/07/2022 10:52:55 PM,DSNY,Department of Sanitation,Dirty Condition,Dog Waste,Sidewalk,11435,141-70 85 ROAD,85 ROAD,84 DRIVE,143 STREET,84 DRIVE,143 STREET,ADDRESS,JAMAICA,85 ROAD,,Closed,,The Department of Sanitation investigated this complaint and found no violation at the location.,02/07/2022 10:52:24 PM,08 QUEENS,4097110075,QUEENS,1035687,197865,PHONE,Unspecified,QUEENS,,,,,,,,40.70962095813406,-73.81446801466585,"(40.70962095813406, -73.81446801466585)"
53272085,02/04/2022 10:01:49 PM,02/05/2022 10:07:42 PM,DSNY,Department of Sanitation,Dirty Condition,Dog Waste,Sidewalk,11373,40-71 ELBERTSON STREET,ELBERTSON STREET,BRITTON AVENUE,ELMHURST AVENUE,BRITTON AVENUE,ELMHURST AVENUE,ADDRESS,ELMHURST,ELBERTSON STREET,,Closed,,The Department of Sanitation investigated this complaint and found no violation at the location.,02/05/2022 10:07:35 PM,04 QUEENS,4015110032,QUEENS,1018060,211541,PHONE,Unspecified,QUEENS,,,,,,,,40.747243118758654,-73.87797934961141,"(40.747243118758654, -73.87797934961141)"
53269784,02/04/2022 09:57:04 PM,02/05/2022 10:08:09 PM,DSNY,Department of Sanitation,Dirty Condition,Dog Waste,Sidewalk,11373,85-03 BRITTON AVENUE,BRITTON AVENUE,ITHACA STREET,HAMPTON STREET,ITHACA STREET,HAMPTON STREET,ADDRESS,ELMHURST,BRITTON AVENUE,,Closed,,The Department of Sanitation investigated this complaint and found no violation at the location.,02/05/2022 10:08:03 PM,04 QUEENS,4015050051,QUEENS,1017318,210855,PHONE,Unspecified,QUEENS,,,,,,,,40.74536302840804,-73.88066060508535,"(40.74536302840804, -73.88066060508535)"
53273387,02/04/2022 08:47:38 PM,02/08/2022 05:28:56 AM,DSNY,Department of Sanitation,Dirty Condition,Dog Waste,Sidewalk,10032,AMSTERDAM AVENUE,AMSTERDAM AVENUE,AMSTERDAM AVENUE,WEST  153 STREET,AMSTERDAM AVENUE,WEST  153 STREET,INTERSECTION,,,,Closed,,The Department of Sanitation investigated this complaint and found no violation at the location.,02/08/2022 05:28:34 AM,09 MANHATTAN,,MANHATTAN,999769,241772,PHONE,Unspecified,MANHATTAN,,,,,,,,40.83027009739812,-73.94392188861518,"(40.83027009739812, -73.94392188861518)"
53273388,02/04/2022 06:19:50 PM,02/09/2022 07:25:47 AM,DSNY,Department of Sanitation,Dirty Condition,Dog Waste,Sidewalk,11213,PARK PLACE,PARK PLACE,PARK PLACE,ROCHESTER AVENUE,PARK PLACE,ROCHESTER AVENUE,INTERSECTION,,,,Closed,,The Department of Sanitation investigated this complaint and found no violation at the location.,02/09/2022 07:25:23 AM,08 BROOKLYN,,BROOKLYN,1004219,184189,PHONE,Unspecified,BROOKLYN,,,,,,,,40.67221048309901,-73.9280127585114,"(40.67221048309901, -73.9280127585114)"
53268560,02/04/2022 05:10:54 PM,02/14/2022 01:18:47 PM,DSNY,Department of Sanitation,Dirty Condition,Dog Waste,Street,10466,4012 LOWERRE PLACE,LOWERRE PLACE,EAST  226 STREET,EAST  227 STREET,EAST  226 STREET,EAST  227 STREET,ADDRESS,BRONX,LOWERRE PLACE,,Closed,,The Department of Sanitation investigated this complaint and found no violation at the location.,02/14/2022 01:18:10 PM,12 BRONX,2048290037,BRONX,1022720,263271,PHONE,Unspecified,BRONX,,,,,,,,40.88920816637344,-73.8608648509083,"(40.88920816637344, -73.8608648509083)"
53274542,02/04/2022 03:35:02 PM,02/07/2022 10:11:12 PM,DSNY,Department of Sanitation,Dirty Condition,Dog Waste,Sidewalk,11374,63-33 HARING STREET,HARING STREET,63 AVENUE,63 DRIVE,63 AVENUE,63 DRIVE,ADDRESS,REGO PARK,HARING STREET,,Closed,,The Department of Sanitation investigated this complaint and found no violation at the location.,02/07/2022 10:11:05 PM,06 QUEENS,4031090052,QUEENS,1021332,203762,PHONE,Unspecified,QUEENS,,,,,,,,40.725878595610475,-73.8662135621743,"(40.725878595610475, -73.8662135621743)"
53268638,02/04/2022 03:00:49 PM,02/16/2022 02:02:35 PM,DSNY,Department of Sanitation,Dirty Condition,Dog Waste,Sidewalk,11201,221 WATER STREET,WATER STREET,JAY STREET,BRIDGE STREET,JAY STREET,BRIDGE STREET,ADDRESS,BROOKLYN,WATER STREET,,Closed,,The Department of Sanitation investigated this complaint and found no violation at the location.,02/16/2022 02:02:17 PM,02 BROOKLYN,3000317502,BROOKLYN,988312,195422,ONLINE,Unspecified,BROOKLYN,,,,,,,,40.70306408027186,-73.98534991853633,"(40.70306408027186, -73.98534991853633)"
53270887,02/04/2022 02:12:39 PM,02/07/2022 09:15:51 AM,DSNY,Department of Sanitation,Dirty Condition,Dog Waste,Sidewalk,11236,1178 EAST   95 STREET,EAST   95 STREET,FLATLANDS AVENUE,AVENUE J,FLATLANDS AVENUE,AVENUE J,ADDRESS,BROOKLYN,EAST   95 STREET,,Closed,,The Department of Sanitation investigated this complaint and found no violation at the location.,02/07/2022 09:15:13 AM,18 BROOKLYN,3082020051,BROOKLYN,1011537,173177,PHONE,Unspecified,BROOKLYN,,,,,,,,40.641965446233066,-73.9016763142132,"(40.641965446233066, -73.9016763142132)"
53273384,02/04/2022 12:40:23 PM,02/05/2022 01:00:17 AM,DSNY,Department of Sanitation,Dirty Condition,Dog Waste,Sidewalk,10308,797 ARMSTRONG AVENUE,ARMSTRONG AVENUE,GENESEE AVENUE,EAST SCRANTON AVENUE,GENESEE AVENUE,EAST SCRANTON AVENUE,ADDRESS,STATEN ISLAND,ARMSTRONG AVENUE,,Closed,,The Department of Sanitation investigated this complaint and found no violation at the location.,02/05/2022 01:00:24 AM,03 STATEN ISLAND,5054700002,STATEN ISLAND,939675,141163,ONLINE,Unspecified,STATEN ISLAND,,,,,,,,40.5540235067381,-74.16040646311068,"(40.5540235067381, -74.16040646311068)"
53272030,02/04/2022 12:32:45 PM,02/05/2022 01:00:16 AM,DSNY,Department of Sanitation,Dirty Condition,Dog Waste,Sidewalk,10308,797 ARMSTRONG AVENUE,ARMSTRONG AVENUE,GENESEE AVENUE,EAST SCRANTON AVENUE,GENESEE AVENUE,EAST SCRANTON AVENUE,ADDRESS,STATEN ISLAND,ARMSTRONG AVENUE,,Closed,,The Department of Sanitation investigated this complaint and found no violation at the location.,02/05/2022 12:59:50 AM,03 STATEN ISLAND,5054700002,STATEN ISLAND,939675,141163,ONLINE,Unspecified,STATEN ISLAND,,,,,,,,40.5540235067381,-74.16040646311068,"(40.5540235067381, -74.16040646311068)"
53265863,02/04/2022 12:28:14 PM,02/07/2022 11:10:59 PM,DSNY,Department of Sanitation,Dirty Condition,Dog Waste,Sidewalk,11418,83-71 116 STREET,116 STREET,CURZON ROAD,84 AVENUE,CURZON ROAD,84 AVENUE,ADDRESS,RICHMOND HILL,116 STREET,,Closed,,The Department of Sanitation investigated this complaint and found no violation at the location.,02/07/2022 11:10:24 PM,09 QUEENS,4033217503,QUEENS,1029791,195933,ONLINE,Unspecified,QUEENS,,,,,,,,40.70435039528855,-73.83574775443593,"(40.70435039528855, -73.83574775443593)"
53265880,02/04/2022 11:04:43 AM,02/14/2022 01:37:48 PM,DSNY,Department of Sanitation,Dirty Condition,Dog Waste,Sidewalk,10456,1166 GRAND CONCOURSE,GRAND CONCOURSE,MCCLELLAN STREET,TUDOR PLACE,MCCLELLAN STREET,TUDOR PLACE,ADDRESS,BRONX,GRAND CONCOURSE,,Closed,,The Department of Sanitation investigated this complaint and found no violation at the location.,02/14/2022 01:36:50 PM,04 BRONX,2024560150,BRONX,1006896,243155,PHONE,Unspecified,BRONX,,,,,,,,40.83405063465001,-73.91816372382881,"(40.83405063465001, -73.91816372382881)"
53268637,02/04/2022 10:49:37 AM,02/08/2022 08:23:02 AM,DSNY,Department of Sanitation,Dirty Condition,Dog Waste,Sidewalk,11209,459 83 STREET,83 STREET,4 AVENUE,5 AVENUE,4 AVENUE,5 AVENUE,ADDRESS,BROOKLYN,83 STREET,,Closed,,The Department of Sanitation investigated this complaint and found no violation at the location.,02/08/2022 08:22:26 AM,10 BROOKLYN,3060080060,BROOKLYN,977010,166699,ONLINE,Unspecified,BROOKLYN,,,,,,,,40.6242237852867,-74.02608106868198,"(40.6242237852867, -74.02608106868198)"
53270944,02/04/2022 10:30:55 AM,02/09/2022 01:30:07 PM,DSNY,Department of Sanitation,Dirty Condition,Dog Waste,Street,10456,185 MCCLELLAN STREET,MCCLELLAN STREET,CARROLL PLACE,SHERIDAN AVENUE,CARROLL PLACE,SHERIDAN AVENUE,ADDRESS,BRONX,MCCLELLAN STREET,,Closed,,The Department of Sanitation investigated this complaint and found no violation at the location.,02/09/2022 01:29:33 PM,04 BRONX,2024560181,BRONX,1006930,242686,PHONE,Unspecified,BRONX,,,,,,,,40.832763278070026,-73.918042443178,"(40.832763278070026, -73.918042443178)"
53269880,02/04/2022 09:30:04 AM,02/09/2022 10:23:11 AM,DSNY,Department of Sanitation,Dirty Condition,Dog Waste,Sidewalk,11217,54 BERKELEY PLACE,BERKELEY PLACE,5 AVENUE,6 AVENUE,5 AVENUE,6 AVENUE,ADDRESS,BROOKLYN,BERKELEY PLACE,,Closed,,The Department of Sanitation investigated this complaint and found no violation at the location.,02/09/2022 10:22:48 AM,06 BROOKLYN,3009530031,BROOKLYN,990199,185730,ONLINE,Unspecified,BROOKLYN,,,,,,,,40.67646070411662,-73.97855278942238,"(40.67646070411662, -73.97855278942238)"
53273259,02/04/2022 08:26:35 AM,02/05/2022 11:02:23 PM,DSNY,Department of Sanitation,Dirty Condition,Dog Waste,Sidewalk,11413,122-02 GRAYSON STREET,GRAYSON STREET,122 AVENUE,NASHVILLE BOULEVARD,122 AVENUE,NASHVILLE BOULEVARD,ADDRESS,SPRINGFIELD GARDENS,GRAYSON STREET,,Closed,,The Department of Sanitation investigated this complaint and found no violation at the location.,02/05/2022 11:02:05 PM,12 QUEENS,4127030033,QUEENS,1051367,188484,PHONE,Unspecified,QUEENS,,,,,,,,40.68376734431736,-73.75800437494192,"(40.68376734431736, -73.75800437494192)"
53269741,02/04/2022 08:01:58 AM,02/08/2022 07:25:51 AM,DSNY,Department of Sanitation,Dirty Condition,Dog Waste,Sidewalk,10030,133 WEST  144 STREET,WEST  144 STREET,LENOX AVENUE,ADAM CLAYTON POWELL JR BOULEVARD,LENOX AVENUE,ADAM CLAYTON POWELL JR BOULEVARD,ADDRESS,NEW YORK,WEST  144 STREET,,Closed,,The Department of Sanitation investigated this complaint and no DSNY related conditions/violations were observed. Location will be referred to the appropriate agency for further action.,02/08/2022 07:25:01 AM,10 MANHATTAN,1020130014,MANHATTAN,1001040,238347,ONLINE,Unspecified,MANHATTAN,,,,,,,,40.820867124202834,-73.93933768549674,"(40.820867124202834, -73.93933768549674)"
53265884,02/04/2022 07:37:26 AM,02/07/2022 10:36:31 PM,DSNY,Department of Sanitation,Dirty Condition,Dog Waste,Sidewalk,11435,139-60 85 DRIVE,85 DRIVE,139 STREET,143 STREET,139 STREET,143 STREET,ADDRESS,JAMAICA,85 DRIVE,,Closed,,The Department of Sanitation investigated this complaint and found no violation at the location.,02/07/2022 10:36:08 PM,08 QUEENS,4097100037,QUEENS,1035321,197578,ONLINE,Unspecified,QUEENS,,,,,,,,40.70883533303041,-73.81579034063698,"(40.70883533303041, -73.81579034063698)"
53256729,02/03/2022 09:27:18 PM,02/05/2022 08:13:05 PM,DSNY,Department of Sanitation,Dirty Condition,Dog Waste,Sidewalk,10463,3654 WALDO AVENUE,WALDO AVENUE,WEST  236 STREET,ANDREW SANDLER WAY,WEST  236 STREET,ANDREW SANDLER WAY,ADDRESS,BRONX,WALDO AVENUE,,Closed,,The Department of Sanitation investigated this complaint and found no violation at the location.,02/05/2022 08:12:35 PM,08 BRONX,2057690125,BRONX,1010633,262336,ONLINE,Unspecified,BRONX,,,,,,,,40.88668630262558,-73.90458376474866,"(40.88668630262558, -73.90458376474866)"
53260349,02/03/2022 08:15:19 PM,02/09/2022 11:16:14 AM,DSNY,Department of Sanitation,Dirty Condition,Dog Waste,Sidewalk,11204,6202 18 AVENUE,18 AVENUE,62 STREET,63 STREET,62 STREET,63 STREET,ADDRESS,BROOKLYN,18 AVENUE,,Closed,,The Department of Sanitation investigated this complaint and found no violation at the location.,02/09/2022 11:15:59 AM,11 BROOKLYN,3055320039,BROOKLYN,987437,165445,ONLINE,Unspecified,BROOKLYN,,,,,,,,40.62078420238645,-73.98851987823144,"(40.62078420238645, -73.98851987823144)"
53261539,02/03/2022 08:03:47 PM,02/07/2022 11:12:11 PM,DSNY,Department of Sanitation,Dirty Condition,Dog Waste,Sidewalk,11417,103-05 95 STREET,95 STREET,103 AVENUE,WOODHAVEN BOULEVARD,103 AVENUE,WOODHAVEN BOULEVARD,ADDRESS,OZONE PARK,95 STREET,,Closed,,The Department of Sanitation investigated this complaint and found no violation at the location.,02/07/2022 11:11:21 PM,10 QUEENS,4091180078,QUEENS,1027367,187849,ONLINE,Unspecified,QUEENS,,,,,,,,40.682173863869764,-73.84454209450162,"(40.682173863869764, -73.84454209450162)"
53265093,02/03/2022 05:40:21 PM,02/09/2022 07:30:46 AM,DSNY,Department of Sanitation,Dirty Condition,Dog Waste,Sidewalk,11226,650 OCEAN AVENUE,OCEAN AVENUE,ALBEMARLE ROAD,REGENT PLACE,ALBEMARLE ROAD,REGENT PLACE,ADDRESS,BROOKLYN,OCEAN AVENUE,,Closed,,The Department of Sanitation investigated this complaint and found no violation at the location.,02/09/2022 07:29:53 AM,14 BROOKLYN,3051230005,BROOKLYN,995238,174936,ONLINE,Unspecified,BROOKLYN,,,,,,,,40.646828740026976,-73.9604038839779,"(40.646828740026976, -73.9604038839779)"
53265037,02/03/2022 04:21:31 PM,02/07/2022 07:09:08 PM,DSNY,Department of Sanitation,Dirty Condition,Dog Waste,Sidewalk,10029,317 EAST  111 STREET,EAST  111 STREET,PETRA ALLENDE WAY,1 AVENUE,PETRA ALLENDE WAY,1 AVENUE,ADDRESS,NEW YORK,EAST  111 STREET,,Closed,,The Department of Sanitation investigated this complaint and found no violation at the location.,02/07/2022 07:08:27 PM,11 MANHATTAN,1016837502,MANHATTAN,1001009,228398,ONLINE,Unspecified,MANHATTAN,,,,,,,,40.7935599329405,-73.9394745253336,"(40.7935599329405, -73.9394745253336)"
53256746,02/03/2022 04:20:28 PM,02/11/2022 06:02:34 AM,DSNY,Department of Sanitation,Dirty Condition,Dog Waste,Sidewalk,10026,56 WEST  117 STREET,WEST  117 STREET,5 AVENUE,LENOX AVENUE,5 AVENUE,LENOX AVENUE,ADDRESS,NEW YORK,WEST  117 STREET,,Closed,,The Department of Sanitation investigated this complaint and found no violation at the location.,02/11/2022 06:02:17 AM,10 MANHATTAN,1016007501,MANHATTAN,998281,231743,PHONE,Unspecified,MANHATTAN,,,,,,,,40.80274579822455,-73.94931976195764,"(40.80274579822455, -73.94931976195764)"
53258034,02/03/2022 03:46:47 PM,02/15/2022 11:34:53 AM,DSNY,Department of Sanitation,Dirty Condition,Dog Waste,Sidewalk,11237,289 STANHOPE STREET,STANHOPE STREET,IRVING AVENUE,WYCKOFF AVENUE,IRVING AVENUE,WYCKOFF AVENUE,ADDRESS,BROOKLYN,STANHOPE STREET,,Closed,,The Department of Sanitation investigated this complaint and found no violation at the location.,02/15/2022 11:34:30 AM,04 BROOKLYN,3032590056,BROOKLYN,1006726,195130,ONLINE,Unspecified,BROOKLYN,,,,,,,,40.70223499690727,-73.91893865548641,"(40.70223499690727, -73.91893865548641)"
53265129,02/03/2022 03:26:41 PM,02/04/2022 03:28:51 PM,DSNY,Department of Sanitation,Dirty Condition,Dog Waste,Sidewalk,11374,63-33 HARING STREET,HARING STREET,63 AVENUE,63 DRIVE,63 AVENUE,63 DRIVE,ADDRESS,REGO PARK,HARING STREET,,Closed,,The Department of Sanitation investigated this complaint and found no violation at the location.,02/04/2022 03:28:56 PM,06 QUEENS,4031090052,QUEENS,1021332,203762,PHONE,Unspecified,QUEENS,,,,,,,,40.725878595610475,-73.8662135621743,"(40.725878595610475, -73.8662135621743)"
53256745,02/03/2022 12:18:02 PM,02/07/2022 09:20:10 AM,DSNY,Department of Sanitation,Dirty Condition,Dog Waste,Sidewalk,11234,1853 EAST   38 STREET,EAST   38 STREET,AVENUE R,FILLMORE AVENUE,AVENUE R,FILLMORE AVENUE,ADDRESS,BROOKLYN,EAST   38 STREET,,Closed,,The Department of Sanitation investigated this complaint and found no violation at the location.,02/07/2022 09:19:49 AM,18 BROOKLYN,3084820018,BROOKLYN,1003046,162566,ONLINE,Unspecified,BROOKLYN,,,,,,,,40.612862581552854,-73.93230160533827,"(40.612862581552854, -73.93230160533827)"
53262710,02/03/2022 09:54:04 AM,02/08/2022 05:28:17 AM,DSNY,Department of Sanitation,Dirty Condition,Dog Waste,Sidewalk,10031,323 EDGECOMB AVENUE,EDGECOMB AVENUE,WEST  145 STREET,WEST  150 STREET,WEST  145 STREET,WEST  150 STREET,ADDRESS,NEW YORK,EDGECOMBE AVENUE,,Closed,,The Department of Sanitation investigated this complaint and found no violation at the location.,02/08/2022 05:28:01 AM,09 MANHATTAN,1020530085,MANHATTAN,1000629,240883,PHONE,Unspecified,MANHATTAN,,,,,,,,40.827828494272794,-73.9408164385936,"(40.827828494272794, -73.9408164385936)"
53256734,02/03/2022 09:45:50 AM,02/12/2022 01:27:21 PM,DSNY,Department of Sanitation,Dirty Condition,Dog Waste,Sidewalk,11226,TENNIS COURT,TENNIS COURT,EAST   18 STREET,OCEAN AVENUE,EAST   18 STREET,OCEAN AVENUE,BLOCKFACE,,,,Closed,,The Department of Sanitation investigated this complaint and found no violation at the location.,02/12/2022 01:26:58 PM,Unspecified BROOKLYN,,BROOKLYN,,,PHONE,Unspecified,BROOKLYN,,,,,,,,,,
53259284,02/03/2022 09:24:49 AM,02/05/2022 11:04:56 PM,DSNY,Department of Sanitation,Dirty Condition,Dog Waste,Sidewalk,11433,108-39 160 STREET,160 STREET,108 AVENUE,109 AVENUE,108 AVENUE,109 AVENUE,ADDRESS,JAMAICA,160 STREET,,Closed,,The Department of Sanitation investigated this complaint and found no violation at the location.,02/05/2022 11:04:35 PM,12 QUEENS,4101490010,QUEENS,1041891,192241,ONLINE,Unspecified,QUEENS,,,,,,,,40.694146197912566,-73.79213855592295,"(40.694146197912566, -73.79213855592295)"
53258115,02/03/2022 09:09:20 AM,02/09/2022 08:56:01 AM,DSNY,Department of Sanitation,Dirty Condition,Dog Waste,Sidewalk,11238,594 PARK PLACE,PARK PLACE,CLASSON AVENUE,FRANKLIN AVENUE SHUTTLE LINE,CLASSON AVENUE,FRANKLIN AVENUE SHUTTLE LINE,ADDRESS,BROOKLYN,PARK PLACE,,Closed,,The Department of Sanitation investigated this complaint and found no violation at the location.,02/09/2022 08:55:10 AM,08 BROOKLYN,3011680032,BROOKLYN,995793,185021,PHONE,Unspecified,BROOKLYN,,,,,,,,40.67450913224946,-73.95838663400167,"(40.67450913224946, -73.95838663400167)"
53256762,02/03/2022 09:06:38 AM,02/10/2022 08:09:18 AM,DSNY,Department of Sanitation,Dirty Condition,Dog Waste,Sidewalk,11209,72 STREET,72 STREET,72 STREET,COLONIAL ROAD,72 STREET,COLONIAL ROAD,INTERSECTION,,,,Closed,,The Department of Sanitation investigated this complaint and found no violation at the location.,02/10/2022 08:08:43 AM,10 BROOKLYN,,BROOKLYN,975280,170550,ONLINE,Unspecified,BROOKLYN,,,,,,,,40.63479238458042,-74.03231826494591,"(40.63479238458042, -74.03231826494591)"
53259282,02/03/2022 08:55:24 AM,02/04/2022 01:25:51 AM,DSNY,Department of Sanitation,Dirty Condition,Dog Waste,Sidewalk,10305,17 HICKORY AVENUE,HICKORY AVENUE,HYLAN BOULEVARD,MC CLEAN AVENUE,HYLAN BOULEVARD,MC CLEAN AVENUE,ADDRESS,STATEN ISLAND,HICKORY AVENUE,,Closed,,The Department of Sanitation investigated this complaint and found no violation at the location.,02/04/2022 01:24:33 AM,02 STATEN ISLAND,5032680033,STATEN ISLAND,963552,156806,PHONE,Unspecified,STATEN ISLAND,,,,,,,,40.59704832336121,-74.0745312584835,"(40.59704832336121, -74.0745312584835)"
53261540,02/03/2022 08:15:19 AM,02/08/2022 01:33:21 PM,DSNY,Department of Sanitation,Dirty Condition,Dog Waste,Sidewalk,10024,50 WEST   91 STREET,WEST   91 STREET,CENTRAL PARK WEST,JOHN L NELSON WAY,CENTRAL PARK WEST,JOHN L NELSON WAY,ADDRESS,NEW YORK,WEST   91 STREET,,Closed,,The Department of Sanitation investigated this complaint and found no violation at the location.,02/08/2022 01:33:05 PM,07 MANHATTAN,1012040150,MANHATTAN,992599,226975,ONLINE,Unspecified,MANHATTAN,,,,,,,,40.78966612908708,-73.96984917934137,"(40.78966612908708, -73.96984917934137)"
53265038,02/03/2022 07:37:48 AM,02/09/2022 05:48:50 AM,DSNY,Department of Sanitation,Dirty Condition,Dog Waste,Sidewalk,10009,274 EAST    2 STREET,EAST    2 STREET,AVENUE C,BEND,AVENUE C,BEND,ADDRESS,NEW YORK,EAST    2 STREET,,Closed,,The Department of Sanitation investigated this complaint and found no violation at the location.,02/09/2022 05:48:39 AM,03 MANHATTAN,1003720060,MANHATTAN,989662,201872,ONLINE,Unspecified,MANHATTAN,,,,,,,,40.720767072446634,-73.98047579973296,"(40.720767072446634, -73.98047579973296)"
53247885,02/02/2022 10:47:04 PM,02/07/2022 09:30:28 AM,DSNY,Department of Sanitation,Dirty Condition,Dog Waste,Sidewalk,10002,227 CHERRY STREET,CHERRY STREET,PIKE SLIP,RUTGERS SLIP,PIKE SLIP,RUTGERS SLIP,ADDRESS,NEW YORK,CHERRY STREET,,Closed,,The Department of Sanitation investigated this complaint and found no violation at the location.,02/07/2022 09:30:17 AM,03 MANHATTAN,,MANHATTAN,986904,198361,ONLINE,Unspecified,MANHATTAN,,,,,,,,40.71113147536505,-73.99042687792206,"(40.71113147536505, -73.99042687792206)"
53247833,02/02/2022 06:37:39 PM,02/04/2022 03:17:49 PM,DSNY,Department of Sanitation,Dirty Condition,Dog Waste,Sidewalk,10025,MANHATTAN AVENUE,MANHATTAN AVENUE,MANHATTAN AVENUE,WEST  109 STREET,MANHATTAN AVENUE,WEST  109 STREET,INTERSECTION,,,,Closed,,The Department of Sanitation investigated this complaint and found no violation at the location.,02/04/2022 03:17:32 PM,07 MANHATTAN,,MANHATTAN,995306,230954,PHONE,Unspecified,MANHATTAN,,,,,,,,40.800584432883504,-73.96006681586128,"(40.800584432883504, -73.96006681586128)"
53253860,02/02/2022 03:25:26 PM,02/05/2022 12:55:01 PM,DSNY,Department of Sanitation,Dirty Condition,Dog Waste,Sidewalk,10469,3112 SEYMOUR AVENUE,SEYMOUR AVENUE,EAST GUN HILL ROAD,BURKE AVENUE,EAST GUN HILL ROAD,BURKE AVENUE,ADDRESS,BRONX,SEYMOUR AVENUE,,Closed,,The Department of Sanitation investigated this complaint and found no violation at the location.,02/05/2022 12:54:23 PM,12 BRONX,2047600032,BRONX,1026778,256649,ONLINE,Unspecified,BRONX,,,,,,,,40.87101423739457,-73.84623027922626,"(40.87101423739457, -73.84623027922626)"
53255210,02/02/2022 01:26:34 PM,02/15/2022 01:52:15 PM,DSNY,Department of Sanitation,Dirty Condition,Dog Waste,Sidewalk,11216,308 QUINCY STREET,QUINCY STREET,NOSTRAND AVENUE,MARCY AVENUE,NOSTRAND AVENUE,MARCY AVENUE,ADDRESS,BROOKLYN,QUINCY STREET,,Closed,,The Department of Sanitation investigated this complaint and found no violation at the location.,02/15/2022 01:51:55 PM,03 BROOKLYN,3018080034,BROOKLYN,998405,189626,ONLINE,Unspecified,BROOKLYN,,,,,,,,40.687145018241324,-73.94896051040176,"(40.687145018241324, -73.94896051040176)"
53252633,02/02/2022 01:16:40 PM,02/09/2022 07:37:46 AM,DSNY,Department of Sanitation,Dirty Condition,Dog Waste,Sidewalk,11226,39 ST PAULS PLACE,ST PAULS PLACE,WOODRUFF AVENUE,CROOKE AVENUE,WOODRUFF AVENUE,CROOKE AVENUE,ADDRESS,BROOKLYN,ST PAULS PLACE,,Closed,,The Department of Sanitation investigated this complaint and found no violation at the location.,02/09/2022 07:36:50 AM,14 BROOKLYN,3050590007,BROOKLYN,994346,177133,ONLINE,Unspecified,BROOKLYN,,,,,,,,40.65286008941885,-73.96361498675866,"(40.65286008941885, -73.96361498675866)"
53255211,02/02/2022 12:59:11 PM,02/05/2022 12:42:30 PM,DSNY,Department of Sanitation,Dirty Condition,Dog Waste,Sidewalk,10005,191 PEARL STREET,PEARL STREET,CEDAR STREET,MAIDEN LANE,CEDAR STREET,MAIDEN LANE,ADDRESS,NEW YORK,PEARL STREET,,Closed,,The Department of Sanitation investigated this complaint and no DSNY related conditions/violations were observed. Location will be referred to the appropriate agency for further action.,02/05/2022 12:41:59 PM,01 MANHATTAN,1000420001,MANHATTAN,982308,196679,ONLINE,Unspecified,MANHATTAN,,,,,,,,40.70651496862263,-74.00700441430628,"(40.70651496862263, -74.00700441430628)"
53250317,02/02/2022 12:49:51 PM,02/07/2022 10:57:27 PM,DSNY,Department of Sanitation,Dirty Condition,Dog Waste,Sidewalk,11411,118-24 236 STREET,236 STREET,CROSS ISLAND PARKWAY,119 AVENUE,CROSS ISLAND PARKWAY,119 AVENUE,ADDRESS,CAMBRIA HEIGHTS,236 STREET,,Closed,,The Department of Sanitation investigated this complaint and found no violation at the location.,02/07/2022 10:56:31 PM,13 QUEENS,4127720214,QUEENS,1059866,190286,PHONE,Unspecified,QUEENS,,,,,,,,40.688644872394946,-73.72734052482751,"(40.688644872394946, -73.72734052482751)"
53236476,02/01/2022 03:36:08 PM,02/25/2022 07:13:55 PM,DSNY,Department of Sanitation,Dirty Condition,Dog Waste,Street,11218,114 ALBEMARLE ROAD,ALBEMARLE ROAD,MCDONALD AVENUE,EAST    2 STREET,MCDONALD AVENUE,EAST    2 STREET,ADDRESS,BROOKLYN,ALBEMARLE ROAD,,Closed,,The Department of Sanitation investigated this complaint and found no violation at the location.,02/25/2022 07:12:29 PM,12 BROOKLYN,3053340006,BROOKLYN,989989,174327,PHONE,Unspecified,BROOKLYN,,,,,,,,40.645162123509614,-73.97931958244115,"(40.645162123509614, -73.97931958244115)"
53237840,02/01/2022 10:23:10 AM,02/22/2022 01:08:29 PM,DSNY,Department of Sanitation,Dirty Condition,Dog Waste,Sidewalk,11206,639 MARCY AVENUE,MARCY AVENUE,HART STREET,PULASKI STREET,HART STREET,PULASKI STREET,ADDRESS,BROOKLYN,MARCY AVENUE,,Closed,,The Department of Sanitation investigated this complaint and found no violation at the location.,02/22/2022 01:07:19 PM,03 BROOKLYN,3017710003,BROOKLYN,998487,191649,ONLINE,Unspecified,BROOKLYN,,,,,,,,40.69269755514212,-73.9486605632333,"(40.69269755514212, -73.9486605632333)"
53245079,02/01/2022 09:27:32 AM,02/07/2022 05:53:19 AM,DSNY,Department of Sanitation,Dirty Condition,Dog Waste,Sidewalk,10029,1 AVENUE,1 AVENUE,1 AVENUE,EAST  100 STREET,1 AVENUE,EAST  100 STREET,INTERSECTION,,,,Closed,,The Department of Sanitation investigated this complaint and found no violation at the location.,02/07/2022 05:53:06 AM,11 MANHATTAN,,MANHATTAN,1000077,225572,PHONE,Unspecified,MANHATTAN,,,,,,,,40.78580504204428,-73.94284712061528,"(40.78580504204428, -73.94284712061528)"
53242314,02/01/2022 07:54:17 AM,02/09/2022 05:55:40 AM,DSNY,Department of Sanitation,Dirty Condition,Dog Waste,Sidewalk,10128,440 EAST   88 STREET,EAST   88 STREET,1 AVENUE,YORK AVENUE,1 AVENUE,YORK AVENUE,ADDRESS,NEW YORK,EAST   88 STREET,,Closed,,The Department of Sanitation investigated this complaint and found no violation at the location.,02/09/2022 05:55:28 AM,08 MANHATTAN,1015670031,MANHATTAN,998806,222640,ONLINE,Unspecified,MANHATTAN,,,,,,,,40.77775966595586,-73.94744318000309,"(40.77775966595586, -73.94744318000309)"
53232572,01/31/2022 10:11:55 PM,02/03/2022 05:36:30 PM,DSNY,Department of Sanitation,Dirty Condition,Dog Waste,Sidewalk,11419,104-76 109 STREET,109 STREET,LIBERTY AVENUE,107 AVENUE,LIBERTY AVENUE,107 AVENUE,ADDRESS,SOUTH RICHMOND HILL,109 STREET,,Closed,,The Department of Sanitation investigated this complaint and found no violation at the location.,02/03/2022 05:35:47 PM,10 QUEENS,4095310042,QUEENS,1030629,188395,PHONE,Unspecified,QUEENS,,,,,,,,40.6836560161326,-73.832777256167,"(40.6836560161326, -73.832777256167)"
53226866,01/31/2022 08:25:59 PM,02/06/2022 12:41:53 PM,DSNY,Department of Sanitation,Dirty Condition,Dog Waste,Sidewalk,10459,1000 FOX STREET,FOX STREET,EAST  163 STREET,WHITE PLAINS ROAD LINE,EAST  163 STREET,WHITE PLAINS ROAD LINE,ADDRESS,BRONX,FOX STREET,,Closed,,The Department of Sanitation investigated this complaint and found no violation at the location.,02/06/2022 12:41:27 PM,02 BRONX,2027247502,BRONX,1013617,239332,PHONE,Unspecified,BRONX,,,,,,,,40.82353780910618,-73.89389267527599,"(40.82353780910618, -73.89389267527599)"
53228103,01/31/2022 05:34:35 PM,02/05/2022 08:34:23 PM,DSNY,Department of Sanitation,Dirty Condition,Dog Waste,Street,10462,2110 MATTHEWS AVENUE,MATTHEWS AVENUE,BRADY AVENUE,LYDIG AVENUE,BRADY AVENUE,LYDIG AVENUE,ADDRESS,BRONX,MATTHEWS AVENUE,,Closed,,The Department of Sanitation investigated this complaint and found no violation at the location.,02/05/2022 08:33:49 PM,11 BRONX,2042970029,BRONX,1022167,250402,ONLINE,Unspecified,BRONX,,,,,,,,40.8538891411544,-73.86293771882272,"(40.8538891411544, -73.86293771882272)"
53232605,01/31/2022 02:50:07 PM,02/05/2022 01:08:19 PM,DSNY,Department of Sanitation,Dirty Condition,Dog Waste,Sidewalk,10466,1115 EAST  225 STREET,EAST  225 STREET,LACONIA AVENUE,226 DRIVE,LACONIA AVENUE,226 DRIVE,ADDRESS,BRONX,EAST  225 STREET,,Closed,,The Department of Sanitation investigated this complaint and found no violation at the location.,02/05/2022 01:07:42 PM,12 BRONX,2049050001,BRONX,1026063,261396,ONLINE,Unspecified,BRONX,,,,,,,,40.88404668052698,-73.84878589127295,"(40.88404668052698, -73.84878589127295)"
53226865,01/31/2022 01:35:34 PM,02/04/2022 04:26:53 PM,DSNY,Department of Sanitation,Dirty Condition,Dog Waste,Sidewalk,11358,32-46 JORDAN STREET,JORDAN STREET,32 ROAD,33 AVENUE,32 ROAD,33 AVENUE,ADDRESS,FLUSHING,JORDAN STREET,,Closed,,The Department of Sanitation investigated this complaint and found no violation at the location.,02/04/2022 04:26:31 PM,11 QUEENS,4060250023,QUEENS,1042509,219302,PHONE,Unspecified,QUEENS,,,,,,,,40.76841774469203,-73.78967566404307,"(40.76841774469203, -73.78967566404307)"
53233791,01/31/2022 12:03:09 PM,02/07/2022 05:34:12 AM,DSNY,Department of Sanitation,Dirty Condition,Dog Waste,Sidewalk,10025,32 WEST   92 STREET,WEST   92 STREET,CENTRAL PARK WEST,BEULAH E SANDERS WAY,CENTRAL PARK WEST,BEULAH E SANDERS WAY,ADDRESS,NEW YORK,WEST   92 STREET,,Closed,,The Department of Sanitation investigated this complaint and found no violation at the location.,02/07/2022 05:34:00 AM,07 MANHATTAN,1012050006,MANHATTAN,993221,226929,PHONE,Unspecified,MANHATTAN,,,,,,,,40.789539261937755,-73.96760300664366,"(40.789539261937755, -73.96760300664366)"
53233792,01/31/2022 09:54:48 AM,02/09/2022 04:40:31 PM,DSNY,Department of Sanitation,Dirty Condition,Dog Waste,Sidewalk,11222,ECKFORD STREET,ECKFORD STREET,ECKFORD STREET,MANHATTAN AVENUE,ECKFORD STREET,MANHATTAN AVENUE,INTERSECTION,,,,Closed,,The Department of Sanitation investigated this complaint and found no violation at the location.,02/09/2022 04:39:57 PM,01 BROOKLYN,,BROOKLYN,998721,201723,PHONE,Unspecified,BROOKLYN,,,,,,,,40.72034792312102,-73.94779509616274,"(40.72034792312102, -73.94779509616274)"
53220496,01/30/2022 08:10:11 PM,02/04/2022 07:49:12 AM,DSNY,Department of Sanitation,Dirty Condition,Dog Waste,Sidewalk,11354,146-26 25 ROAD,25 ROAD,146 STREET,147 STREET,146 STREET,147 STREET,ADDRESS,FLUSHING,25 ROAD,,Closed,,The Department of Sanitation investigated this complaint and found no violation at the location.,02/04/2022 07:46:36 AM,07 QUEENS,4047910018,QUEENS,1033814,222032,ONLINE,Unspecified,QUEENS,,,,,,,,40.775963891680334,-73.82104577944713,"(40.775963891680334, -73.82104577944713)"
53216394,01/30/2022 06:14:30 PM,02/03/2022 05:47:17 PM,DSNY,Department of Sanitation,Dirty Condition,Dog Waste,Sidewalk,11103,32-71 41 STREET,41 STREET,BROADWAY,34 AVENUE,BROADWAY,34 AVENUE,ADDRESS,ASTORIA,41 STREET,,Closed,,The Department of Sanitation investigated this complaint and found no violation at the location.,02/03/2022 05:46:59 PM,01 QUEENS,4006770009,QUEENS,1006773,215435,ONLINE,Unspecified,QUEENS,,,,,,,,40.75796710863824,-73.91870118066316,"(40.75796710863824, -73.91870118066316)"
53216393,01/30/2022 06:14:18 PM,01/31/2022 05:15:25 PM,DSNY,Department of Sanitation,Dirty Condition,Dog Waste,Sidewalk,10034,148 POST AVENUE,POST AVENUE,WALTHER DELGADO WAY,10 AVENUE,WALTHER DELGADO WAY,10 AVENUE,ADDRESS,NEW YORK,POST AVENUE,,Closed,,The Department of Sanitation investigated this complaint and found no violation at the location.,01/31/2022 05:15:04 PM,12 MANHATTAN,1022230024,MANHATTAN,1006620,254393,ONLINE,Unspecified,MANHATTAN,,,,,,,,40.86489631232414,-73.91912361454136,"(40.86489631232414, -73.91912361454136)"
53223256,01/30/2022 04:25:10 PM,02/04/2022 07:14:58 AM,DSNY,Department of Sanitation,Dirty Condition,Dog Waste,Sidewalk,11374,63-33 HARING STREET,HARING STREET,63 AVENUE,63 DRIVE,63 AVENUE,63 DRIVE,ADDRESS,REGO PARK,HARING STREET,,Closed,,The Department of Sanitation investigated this complaint and found no violation at the location.,02/04/2022 07:14:30 AM,06 QUEENS,4031090052,QUEENS,1021332,203762,PHONE,Unspecified,QUEENS,,,,,,,,40.725878595610475,-73.8662135621743,"(40.725878595610475, -73.8662135621743)"
53205621,01/28/2022 11:47:11 AM,02/05/2022 12:40:15 PM,DSNY,Department of Sanitation,Dirty Condition,Dog Waste,Sidewalk,10023,COLUMBUS AVENUE,COLUMBUS AVENUE,WEST   69 STREET,WEST   70 STREET,WEST   69 STREET,WEST   70 STREET,BLOCKFACE,,,,Closed,,The Department of Sanitation investigated this complaint and found no violation at the location.,02/05/2022 12:39:56 PM,Unspecified MANHATTAN,,MANHATTAN,,,ONLINE,Unspecified,MANHATTAN,,,,,,,,,,
53204308,01/28/2022 09:14:04 AM,01/30/2022 11:50:19 AM,DSNY,Department of Sanitation,Dirty Condition,Dog Waste,Sidewalk,11385,65-02 60 PLACE,60 PLACE,LINDEN STREET,GATES AVENUE,LINDEN STREET,GATES AVENUE,ADDRESS,RIDGEWOOD,60 PLACE,,Closed,,The Department of Sanitation investigated this complaint and found no condition at the location.,01/30/2022 11:49:36 AM,05 QUEENS,4034970049,QUEENS,1011482,197552,ONLINE,Unspecified,QUEENS,,,,,,,,40.708869453819304,-73.90177601054509,"(40.708869453819304, -73.90177601054509)"
53188007,01/27/2022 05:33:26 PM,02/19/2022 01:48:59 PM,DSNY,Department of Sanitation,Dirty Condition,Dog Waste,Street,11229,1111 SHEEPSHEAD BAY ROAD,SHEEPSHEAD BAY ROAD,AVENUE W,AVENUE X,AVENUE W,AVENUE X,ADDRESS,BROOKLYN,SHEEPSHEAD BAY ROAD,,Closed,,The Department of Sanitation investigated this complaint and found no violation at the location.,02/19/2022 01:48:32 PM,15 BROOKLYN,3073970059,BROOKLYN,995851,155311,ONLINE,Unspecified,BROOKLYN,,,,,,,,40.592961426054856,-73.95822861439292,"(40.592961426054856, -73.95822861439292)"
53195618,01/27/2022 03:49:14 PM,01/28/2022 01:33:21 PM,DSNY,Department of Sanitation,Dirty Condition,Dog Waste,Sidewalk,11417,97-32 134 AVENUE,134 AVENUE,97 STREET,HAWTREE STREET,97 STREET,HAWTREE STREET,ADDRESS,OZONE PARK,134 AVENUE,,Closed,,The Department of Sanitation investigated this complaint and found no violation at the location.,01/28/2022 01:33:01 PM,10 QUEENS,4114990116,QUEENS,1028850,185486,PHONE,Unspecified,QUEENS,,,,,,,,40.67568062676862,-73.8392108033388,"(40.67568062676862, -73.8392108033388)"
53194483,01/27/2022 10:03:02 AM,01/28/2022 01:22:27 PM,DSNY,Department of Sanitation,Dirty Condition,Dog Waste,Sidewalk,11365,53-36 190 STREET,190 STREET,53 AVENUE,UNDERHILL AVENUE,53 AVENUE,UNDERHILL AVENUE,ADDRESS,FRESH MEADOWS,190 STREET,,Closed,,The Department of Sanitation investigated this complaint and found no violation at the location.,01/28/2022 01:21:48 PM,11 QUEENS,4056600023,QUEENS,1043268,211056,ONLINE,Unspecified,QUEENS,,,,,,,,40.745779611056285,-73.78700794692145,"(40.745779611056285, -73.78700794692145)"
53186678,01/27/2022 09:50:52 AM,02/03/2022 06:53:34 AM,DSNY,Department of Sanitation,Dirty Condition,Dog Waste,Sidewalk,10452,1081 GERARD AVENUE,GERARD AVENUE,EAST  165 STREET,MCCLELLAN STREET,EAST  165 STREET,MCCLELLAN STREET,ADDRESS,BRONX,GERARD AVENUE,,Closed,,The Department of Sanitation investigated this complaint and found no violation at the location.,02/03/2022 06:51:31 AM,04 BRONX,2024870030,BRONX,1006019,243014,ONLINE,Unspecified,BRONX,,,,,,,,40.83366583571408,-73.92133341107348,"(40.83366583571408, -73.92133341107348)"
53191100,01/27/2022 08:31:22 AM,02/14/2022 04:24:56 PM,DSNY,Department of Sanitation,Dirty Condition,Dog Waste,Sidewalk,11226,1829 CATON AVENUE,CATON AVENUE,BRIGHTON LINE,OCEAN AVENUE,BRIGHTON LINE,OCEAN AVENUE,ADDRESS,BROOKLYN,CATON AVENUE,,Closed,,The Department of Sanitation investigated this complaint and found no violation at the location.,02/14/2022 04:24:23 PM,14 BROOKLYN,3050610049,BROOKLYN,994695,176748,ONLINE,Unspecified,BROOKLYN,,,,,,,,40.651802943612616,-73.96235782070436,"(40.651802943612616, -73.96235782070436)"
53186459,01/27/2022 07:51:48 AM,01/28/2022 01:49:55 PM,DSNY,Department of Sanitation,Dirty Condition,Dog Waste,Sidewalk,11413,141-03 182 STREET,182 STREET,141 AVENUE,143 AVENUE,141 AVENUE,143 AVENUE,ADDRESS,SPRINGFIELD GARDENS,182 STREET,,Closed,,The Department of Sanitation investigated this complaint and found no violation at the location.,01/28/2022 01:49:58 PM,12 QUEENS,4130520034,QUEENS,1050353,183647,PHONE,Unspecified,QUEENS,,,,,,,,40.67049855162007,-73.76170785625091,"(40.67049855162007, -73.76170785625091)"
53189598,01/27/2022 07:48:04 AM,01/28/2022 01:49:53 PM,DSNY,Department of Sanitation,Dirty Condition,Dog Waste,Sidewalk,11413,141-03 182 STREET,182 STREET,141 AVENUE,143 AVENUE,141 AVENUE,143 AVENUE,ADDRESS,SPRINGFIELD GARDENS,182 STREET,,Closed,,The Department of Sanitation investigated this complaint and found no violation at the location.,01/28/2022 01:49:15 PM,12 QUEENS,4130520034,QUEENS,1050353,183647,PHONE,Unspecified,QUEENS,,,,,,,,40.67049855162007,-73.76170785625091,"(40.67049855162007, -73.76170785625091)"
53188042,01/27/2022 07:07:29 AM,02/02/2022 08:04:36 AM,DSNY,Department of Sanitation,Dirty Condition,Dog Waste,Sidewalk,11236,719 BRISTOL STREET,BRISTOL STREET,LINDEN BOULEVARD,DITMAS AVENUE,LINDEN BOULEVARD,DITMAS AVENUE,ADDRESS,BROOKLYN,BRISTOL STREET,,Closed,,The Department of Sanitation investigated this complaint and found no violation at the location.,02/02/2022 08:04:08 AM,16 BROOKLYN,3036420011,BROOKLYN,1009659,177260,PHONE,Unspecified,BROOKLYN,,,,,,,,40.653177978516496,-73.90842795677274,"(40.653177978516496, -73.90842795677274)"
53179709,01/26/2022 05:15:19 PM,01/31/2022 04:45:59 PM,DSNY,Department of Sanitation,Dirty Condition,Dog Waste,Sidewalk,11207,18 VERMONT STREET,VERMONT STREET,JACKIE ROBINSON PARKWAY,JAMAICA AVENUE,JACKIE ROBINSON PARKWAY,JAMAICA AVENUE,ADDRESS,BROOKLYN,VERMONT STREET,,Closed,,The Department of Sanitation investigated this complaint and found no violation at the location.,01/31/2022 04:45:34 PM,05 BROOKLYN,3034860025,BROOKLYN,1013129,186917,ONLINE,Unspecified,BROOKLYN,,,,,,,,40.6796736412163,-73.89588099270033,"(40.6796736412163, -73.89588099270033)"
53177264,01/26/2022 03:44:11 PM,01/28/2022 07:17:29 AM,DSNY,Department of Sanitation,Dirty Condition,Dog Waste,Sidewalk,10461,2023 LURTING AVENUE,LURTING AVENUE,NEILL AVENUE,LYDIG AVENUE,NEILL AVENUE,LYDIG AVENUE,ADDRESS,BRONX,LURTING AVENUE,,Closed,,The Department of Sanitation investigated this complaint and found no violation at the location.,01/28/2022 07:17:48 AM,11 BRONX,2043030014,BRONX,1023753,250244,PHONE,Unspecified,BRONX,,,,,,,,40.853448525071194,-73.85720559078283,"(40.853448525071194, -73.85720559078283)"
53180974,01/26/2022 03:35:57 PM,01/28/2022 07:17:27 AM,DSNY,Department of Sanitation,Dirty Condition,Dog Waste,Sidewalk,10461,2023 LURTING AVENUE,LURTING AVENUE,NEILL AVENUE,LYDIG AVENUE,NEILL AVENUE,LYDIG AVENUE,ADDRESS,BRONX,LURTING AVENUE,,Closed,,The Department of Sanitation investigated this complaint and found no violation at the location.,01/28/2022 07:15:40 AM,11 BRONX,2043030014,BRONX,1023753,250244,PHONE,Unspecified,BRONX,,,,,,,,40.853448525071194,-73.85720559078283,"(40.853448525071194, -73.85720559078283)"
53174803,01/26/2022 12:54:01 PM,01/28/2022 07:59:18 AM,DSNY,Department of Sanitation,Dirty Condition,Dog Waste,Sidewalk,11365,178-15 69 AVENUE,69 AVENUE,178 STREET,179 STREET,178 STREET,179 STREET,ADDRESS,FRESH MEADOWS,69 AVENUE,,Closed,,The Department of Sanitation investigated this complaint and found no violation at the location.,01/28/2022 07:58:32 AM,08 QUEENS,4071070031,QUEENS,1041735,206370,ONLINE,Unspecified,QUEENS,,,,,,,,40.732927838213485,-73.79258046563108,"(40.732927838213485, -73.79258046563108)"
53179711,01/26/2022 12:08:32 PM,01/27/2022 03:49:51 PM,DSNY,Department of Sanitation,Dirty Condition,Dog Waste,Sidewalk,10031,454 WEST  142 STREET,WEST  142 STREET,CONVENT AVENUE,AMSTERDAM AVENUE,CONVENT AVENUE,AMSTERDAM AVENUE,ADDRESS,NEW YORK,WEST  142 STREET,,Closed,,The Department of Sanitation investigated this complaint and found no condition at the location.,01/27/2022 03:49:21 PM,09 MANHATTAN,1020580119,MANHATTAN,998656,239073,ONLINE,Unspecified,MANHATTAN,,,,,,,,40.82286399825009,-73.94794952300437,"(40.82286399825009, -73.94794952300437)"
53182208,01/26/2022 11:50:24 AM,02/08/2022 08:58:27 AM,DSNY,Department of Sanitation,Dirty Condition,Dog Waste,Sidewalk,11209,BAY RIDGE PARKWAY,BAY RIDGE PARKWAY,4 AVENUE,5 AVENUE,4 AVENUE,5 AVENUE,BLOCKFACE,,,,Closed,,The Department of Sanitation investigated this complaint and found no violation at the location.,02/08/2022 08:58:11 AM,Unspecified BROOKLYN,,BROOKLYN,,,ONLINE,Unspecified,BROOKLYN,,,,,,,,,,
53174801,01/26/2022 11:06:25 AM,01/30/2022 11:15:08 AM,DSNY,Department of Sanitation,Dirty Condition,Dog Waste,Sidewalk,11419,95-25 118 STREET,118 STREET,95 AVENUE,97 AVENUE,95 AVENUE,97 AVENUE,ADDRESS,SOUTH RICHMOND HILL,118 STREET,,Closed,,The Department of Sanitation investigated this complaint and found no condition at the location.,01/30/2022 11:14:18 AM,09 QUEENS,4094540034,QUEENS,1031966,191415,ONLINE,Unspecified,QUEENS,,,,,,,,40.69193810071235,-73.82793523235378,"(40.69193810071235, -73.82793523235378)"
53179710,01/26/2022 10:10:23 AM,01/28/2022 02:41:11 PM,DSNY,Department of Sanitation,Dirty Condition,Dog Waste,Sidewalk,11238,779 CLASSON AVENUE,CLASSON AVENUE,FRANK AND DORIS BELL WAY,ST JOHNS PLACE,FRANK AND DORIS BELL WAY,ST JOHNS PLACE,ADDRESS,BROOKLYN,CLASSON AVENUE,,Closed,,The Department of Sanitation investigated this complaint and found no violation at the location.,01/28/2022 02:41:15 PM,08 BROOKLYN,3011750001,BROOKLYN,995227,184786,ONLINE,Unspecified,BROOKLYN,,,,,,,,40.67386483007916,-73.96042748816836,"(40.67386483007916, -73.96042748816836)"
53182225,01/26/2022 10:08:22 AM,01/28/2022 02:41:10 PM,DSNY,Department of Sanitation,Dirty Condition,Dog Waste,Sidewalk,11238,779 CLASSON AVENUE,CLASSON AVENUE,FRANK AND DORIS BELL WAY,ST JOHNS PLACE,FRANK AND DORIS BELL WAY,ST JOHNS PLACE,ADDRESS,BROOKLYN,CLASSON AVENUE,,Closed,,The Department of Sanitation investigated this complaint and found no violation at the location.,01/28/2022 02:40:44 PM,08 BROOKLYN,3011750001,BROOKLYN,995227,184786,ONLINE,Unspecified,BROOKLYN,,,,,,,,40.67386483007916,-73.96042748816836,"(40.67386483007916, -73.96042748816836)"
53179701,01/26/2022 07:22:11 AM,01/27/2022 01:24:04 PM,DSNY,Department of Sanitation,Dirty Condition,Dog Waste,Sidewalk,10452,1038 SUMMIT AVENUE,SUMMIT AVENUE,WEST  164 STREET,WEST  165 STREET,WEST  164 STREET,WEST  165 STREET,ADDRESS,BRONX,SUMMIT AVENUE,,Closed,,The Department of Sanitation investigated this complaint and found no violation at the location.,01/27/2022 01:22:56 PM,04 BRONX,2025250017,BRONX,1003709,243174,PHONE,Unspecified,BRONX,,,,,,,,40.83411038122876,-73.92968058520536,"(40.83411038122876, -73.92968058520536)"
53166808,01/25/2022 04:49:55 PM,01/27/2022 01:13:55 PM,DSNY,Department of Sanitation,Dirty Condition,Dog Waste,Sidewalk,11230,1424 AVENUE M,AVENUE M,EAST   14 STREET,EAST   15 STREET,EAST   14 STREET,EAST   15 STREET,ADDRESS,BROOKLYN,AVENUE M,,Closed,,The Department of Sanitation investigated this complaint and found no violation at the location.,01/27/2022 01:13:14 PM,14 BROOKLYN,3067430008,BROOKLYN,995305,164428,ONLINE,Unspecified,BROOKLYN,,,,,,,,40.61798642524737,-73.96017965775553,"(40.61798642524737, -73.96017965775553)"
53165472,01/25/2022 04:42:36 PM,02/15/2022 12:21:30 PM,DSNY,Department of Sanitation,Dirty Condition,Dog Waste,Sidewalk,11218,1427 35 STREET,35 STREET,14 AVENUE,DAHILL ROAD,14 AVENUE,DAHILL ROAD,ADDRESS,BROOKLYN,35 STREET,,Closed,,"The Department of Sanitation has investigated the complaint and addressed the issue. If the problem persists, call 311 to enter a new complaint. If you are outside of New York City, please call (212) NEW-YORK (212-639-9675).",02/15/2022 12:20:52 PM,12 BROOKLYN,3053510053,BROOKLYN,989472,172886,PHONE,Unspecified,BROOKLYN,,,,,,,,40.641207208358715,-73.98118370107102,"(40.641207208358715, -73.98118370107102)"
53163986,01/25/2022 03:08:34 PM,01/30/2022 11:02:52 AM,DSNY,Department of Sanitation,Dirty Condition,Dog Waste,Street,11411,114-40 223 STREET,223 STREET,114 ROAD,115 AVENUE,114 ROAD,115 AVENUE,ADDRESS,CAMBRIA HEIGHTS,223 STREET,,Closed,,The Department of Sanitation investigated this complaint and found no condition at the location.,01/30/2022 11:01:53 AM,13 QUEENS,4112660032,QUEENS,1057890,194626,ONLINE,Unspecified,QUEENS,,,,,,,,40.700573773039025,-73.73441818128454,"(40.700573773039025, -73.73441818128454)"
53169556,01/25/2022 02:14:27 PM,01/26/2022 01:55:30 PM,DSNY,Department of Sanitation,Dirty Condition,Dog Waste,Sidewalk,10128,435 EAST   89 STREET,EAST   89 STREET,1 AVENUE,YORK AVENUE,1 AVENUE,YORK AVENUE,ADDRESS,NEW YORK,EAST   89 STREET,,Closed,,The Department of Sanitation investigated this complaint and found no condition at the location.,01/26/2022 01:54:21 PM,08 MANHATTAN,1015690016,MANHATTAN,999309,222672,ONLINE,Unspecified,MANHATTAN,,,,,,,,40.77784665485443,-73.94562694493067,"(40.77784665485443, -73.94562694493067)"
53166670,01/25/2022 10:58:51 AM,01/26/2022 01:28:20 PM,DSNY,Department of Sanitation,Dirty Condition,Dog Waste,Sidewalk,11234,981 EAST   56 STREET,EAST   56 STREET,AVENUE H,AVENUE I,AVENUE H,AVENUE I,ADDRESS,BROOKLYN,EAST   56 STREET,,Closed,,The Department of Sanitation investigated this complaint and found no violation at the location.,01/26/2022 01:28:00 PM,18 BROOKLYN,3077600029,BROOKLYN,1005768,169633,PHONE,Unspecified,BROOKLYN,,,,,,,,40.63225382035566,-73.92247513412241,"(40.63225382035566, -73.92247513412241)"
53170896,01/25/2022 10:37:06 AM,02/09/2022 11:57:51 AM,DSNY,Department of Sanitation,Dirty Condition,Dog Waste,Sidewalk,11213,1025 EASTERN PARKWAY,EASTERN PARKWAY,TROY AVENUE,SCHENECTADY AVENUE,TROY AVENUE,SCHENECTADY AVENUE,ADDRESS,BROOKLYN,EASTERN PARKWAY,,Closed,,The Department of Sanitation investigated this complaint and found no violation at the location.,02/09/2022 11:57:13 AM,08 BROOKLYN,3013890035,BROOKLYN,1002383,183018,PHONE,Unspecified,BROOKLYN,,,,,,,,40.66900030191716,-73.93463459368684,"(40.66900030191716, -73.93463459368684)"
53172434,01/25/2022 09:33:53 AM,01/30/2022 11:10:13 AM,DSNY,Department of Sanitation,Dirty Condition,Dog Waste,Street,11434,145-36 FARMERS BOULEVARD,FARMERS BOULEVARD,145 ROAD,145 DRIVE,145 ROAD,145 DRIVE,ADDRESS,JAMAICA,FARMERS BOULEVARD,,Closed,,The Department of Sanitation investigated this complaint and found no condition at the location.,01/30/2022 11:09:21 AM,13 QUEENS,4133130028,QUEENS,1048615,181639,PHONE,Unspecified,QUEENS,,,,,,,,40.66499986467863,-73.7679922472406,"(40.66499986467863, -73.7679922472406)"
53160612,01/24/2022 04:09:36 PM,02/11/2022 04:14:51 PM,DSNY,Department of Sanitation,Dirty Condition,Dog Waste,Sidewalk,11231,1 TIFFANY PLACE,TIFFANY PLACE,KANE STREET,DEGRAW STREET,KANE STREET,DEGRAW STREET,ADDRESS,BROOKLYN,TIFFANY PLACE,,Closed,,The Department of Sanitation investigated this complaint and found no violation at the location.,02/11/2022 04:14:35 PM,06 BROOKLYN,3003207501,BROOKLYN,984064,189634,PHONE,Unspecified,BROOKLYN,,,,,,,,40.68717829329317,-74.00067067108905,"(40.68717829329317, -74.00067067108905)"
53158597,01/24/2022 03:59:53 PM,01/27/2022 06:00:54 PM,DSNY,Department of Sanitation,Dirty Condition,Dog Waste,Sidewalk,11237,1493 GATES AVENUE,GATES AVENUE,KNICKERBOCKER AVENUE,IRVING AVENUE,KNICKERBOCKER AVENUE,IRVING AVENUE,ADDRESS,BROOKLYN,GATES AVENUE,,Closed,,The Department of Sanitation investigated this complaint and found no violation at the location.,01/27/2022 06:00:32 PM,04 BROOKLYN,3033350039,BROOKLYN,1008196,193620,PHONE,Unspecified,BROOKLYN,,,,,,,,40.69808654599514,-73.91364236472607,"(40.69808654599514, -73.91364236472607)"
53157438,01/24/2022 03:22:12 PM,02/11/2022 04:35:17 PM,DSNY,Department of Sanitation,Dirty Condition,Dog Waste,Sidewalk,11209,130 72 STREET,72 STREET,COLONIAL ROAD,RIDGE BOULEVARD,COLONIAL ROAD,RIDGE BOULEVARD,ADDRESS,BROOKLYN,72 STREET,,Closed,,The Department of Sanitation investigated this complaint and found no violation at the location.,02/11/2022 04:34:49 PM,10 BROOKLYN,3059060001,BROOKLYN,975391,170512,ONLINE,Unspecified,BROOKLYN,,,,,,,,40.634688194371535,-74.03191829007669,"(40.634688194371535, -74.03191829007669)"
53149324,01/23/2022 04:52:22 PM,01/27/2022 01:27:30 PM,DSNY,Department of Sanitation,Dirty Condition,Dog Waste,Sidewalk,11230,1371 EAST   16 STREET,EAST   16 STREET,CEDAR STREET,AVENUE N,CEDAR STREET,AVENUE N,ADDRESS,BROOKLYN,EAST   16 STREET,,Closed,,The Department of Sanitation investigated this complaint and found no violation at the location.,01/27/2022 01:21:41 PM,14 BROOKLYN,3067450065,BROOKLYN,995692,163873,ONLINE,Unspecified,BROOKLYN,,,,,,,,40.61646257418354,-73.9587866163889,"(40.61646257418354, -73.9587866163889)"
53149325,01/23/2022 04:02:27 PM,02/15/2022 03:32:42 PM,DSNY,Department of Sanitation,Dirty Condition,Dog Waste,Sidewalk,11201,30 PRINCE STREET,PRINCE STREET,CONCORD STREET,DEAD END,CONCORD STREET,DEAD END,ADDRESS,BROOKLYN,PRINCE STREET,,Closed,,The Department of Sanitation investigated this complaint and found no violation at the location.,02/15/2022 03:31:46 PM,02 BROOKLYN,3001220010,BROOKLYN,989151,193158,ONLINE,Unspecified,BROOKLYN,,,,,,,,40.69684950448577,-73.98232561380472,"(40.69684950448577, -73.98232561380472)"
53148199,01/23/2022 03:06:47 PM,01/24/2022 01:07:30 PM,DSNY,Department of Sanitation,Dirty Condition,Dog Waste,Sidewalk,11367,78-04 147 STREET,147 STREET,78 AVENUE,78 ROAD,78 AVENUE,78 ROAD,ADDRESS,FLUSHING,147 STREET,,Closed,,The Department of Sanitation investigated this complaint and found no violation at the location.,01/24/2022 01:06:52 PM,08 QUEENS,4066700001,QUEENS,1035174,201805,ONLINE,Unspecified,QUEENS,,,,,,,,40.7204382598695,-73.81628858282707,"(40.7204382598695, -73.81628858282707)"
53149345,01/23/2022 01:58:28 PM,01/24/2022 03:31:52 PM,DSNY,Department of Sanitation,Dirty Condition,Dog Waste,Sidewalk,10024,167 WEST   88 STREET,WEST   88 STREET,BERNIE WOHL WAY,AMSTERDAM AVENUE,BERNIE WOHL WAY,AMSTERDAM AVENUE,ADDRESS,NEW YORK,WEST   88 STREET,,Closed,,The Department of Sanitation investigated this complaint and found no condition at the location.,01/24/2022 03:31:21 PM,07 MANHATTAN,1012190110,MANHATTAN,991731,226566,ONLINE,Unspecified,MANHATTAN,,,,,,,,40.788544311299674,-73.97298425105954,"(40.788544311299674, -73.97298425105954)"
53154375,01/23/2022 11:05:58 AM,01/24/2022 01:08:32 PM,DSNY,Department of Sanitation,Dirty Condition,Dog Waste,Street,11355,134-16 58 ROAD,58 ROAD,134 STREET,136 STREET,134 STREET,136 STREET,ADDRESS,FLUSHING,58 ROAD,,Closed,,The Department of Sanitation investigated this complaint and found no violation at the location.,01/24/2022 01:08:18 PM,07 QUEENS,4063660097,QUEENS,1031051,210777,PHONE,Unspecified,QUEENS,,,,,,,,40.74508692265023,-73.83110010864425,"(40.74508692265023, -73.83110010864425)"
53150321,01/23/2022 09:15:23 AM,01/25/2022 01:18:55 PM,DSNY,Department of Sanitation,Dirty Condition,Dog Waste,Sidewalk,11373,42-34 78 STREET,78 STREET,WOODSIDE AVENUE,45 AVENUE,WOODSIDE AVENUE,45 AVENUE,ADDRESS,ELMHURST,78 STREET,,Closed,,The Department of Sanitation investigated this complaint and found no violation at the location.,01/25/2022 01:18:38 PM,04 QUEENS,4015230022,QUEENS,1015553,210090,PHONE,Unspecified,QUEENS,,,,,,,,40.743269720294215,-73.8870338821555,"(40.743269720294215, -73.8870338821555)"
53137074,01/22/2022 07:53:18 PM,01/24/2022 11:42:48 AM,DSNY,Department of Sanitation,Dirty Condition,Dog Waste,Sidewalk,10312,18 STAFFORD AVENUE,STAFFORD AVENUE,GRANTWOOD AVENUE,CARLTON BOULEVARD,GRANTWOOD AVENUE,CARLTON BOULEVARD,ADDRESS,STATEN ISLAND,STAFFORD AVENUE,,Closed,,The Department of Sanitation investigated this complaint and found no violation at the location.,01/24/2022 11:40:34 AM,03 STATEN ISLAND,5057140027,STATEN ISLAND,933456,140287,ONLINE,Unspecified,STATEN ISLAND,,,,,,,,40.55158562044243,-74.18277935995837,"(40.55158562044243, -74.18277935995837)"
53138207,01/22/2022 01:58:55 PM,01/27/2022 02:23:54 PM,DSNY,Department of Sanitation,Dirty Condition,Dog Waste,Sidewalk,11216,154 ROGERS AVENUE,ROGERS AVENUE,ST JOHNS PLACE,LINCOLN PLACE,ST JOHNS PLACE,LINCOLN PLACE,ADDRESS,BROOKLYN,ROGERS AVENUE,,Closed,,The Department of Sanitation investigated this complaint and found no violation at the location.,01/27/2022 02:23:24 PM,08 BROOKLYN,3012530031,BROOKLYN,997241,183823,ONLINE,Unspecified,BROOKLYN,,,,,,,,40.67121888508613,-73.95316879714544,"(40.67121888508613, -73.95316879714544)"
53144722,01/22/2022 12:58:33 PM,01/24/2022 01:08:00 PM,DSNY,Department of Sanitation,Dirty Condition,Dog Waste,Street,11367,150-19 73 AVENUE,73 AVENUE,150 STREET,153 STREET,150 STREET,153 STREET,ADDRESS,FLUSHING,73 AVENUE,,Closed,,The Department of Sanitation investigated this complaint and found no violation at the location.,01/24/2022 01:07:47 PM,08 QUEENS,4067020001,QUEENS,1035210,203849,PHONE,Unspecified,QUEENS,,,,,,,,40.726048325393485,-73.81614323415592,"(40.726048325393485, -73.81614323415592)"
53144161,01/22/2022 11:57:05 AM,01/24/2022 03:18:40 PM,DSNY,Department of Sanitation,Dirty Condition,Dog Waste,Sidewalk,10010,103 EAST   25 STREET,EAST   25 STREET,PARK AVENUE SOUTH,LEXINGTON AVENUE,PARK AVENUE SOUTH,LEXINGTON AVENUE,ADDRESS,NEW YORK,EAST   25 STREET,,Closed,,The Department of Sanitation investigated this complaint and found no condition at the location.,01/24/2022 03:18:04 PM,05 MANHATTAN,1008810006,MANHATTAN,988397,209358,ONLINE,Unspecified,MANHATTAN,,,,,,,,40.741314991381756,-73.98503476923102,"(40.741314991381756, -73.98503476923102)"
53137073,01/22/2022 04:06:11 AM,02/09/2022 12:15:14 PM,DSNY,Department of Sanitation,Dirty Condition,Dog Waste,Sidewalk,11204,1789 68 STREET,68 STREET,17 AVENUE,18 AVENUE,17 AVENUE,18 AVENUE,ADDRESS,BROOKLYN,68 STREET,,Closed,,The Department of Sanitation investigated this complaint and found no violation at the location.,02/09/2022 12:14:36 PM,11 BROOKLYN,3055680042,BROOKLYN,986348,164324,PHONE,Unspecified,BROOKLYN,,,,,,,,40.61770761532048,-73.99244299174083,"(40.61770761532048, -73.99244299174083)"
53127892,01/22/2022 12:33:03 AM,01/22/2022 01:30:29 PM,DSNY,Department of Sanitation,Dirty Condition,Dog Waste,Sidewalk,10466,EAST  233 STREET,EAST  233 STREET,EAST  233 STREET,WHITE PLAINS ROAD,EAST  233 STREET,WHITE PLAINS ROAD,INTERSECTION,,,,Closed,,The Department of Sanitation investigated this complaint and found no violation at the location.,01/22/2022 01:29:54 PM,12 BRONX,,BRONX,1023686,264804,PHONE,Unspecified,BRONX,,,,,,,,40.89341149673067,-73.85736207903054,"(40.89341149673067, -73.85736207903054)"
53134818,01/21/2022 01:26:29 PM,01/22/2022 03:59:41 PM,DSNY,Department of Sanitation,Dirty Condition,Dog Waste,Sidewalk,10075,309 EAST   78 STREET,EAST   78 STREET,2 AVENUE,1 AVENUE,2 AVENUE,1 AVENUE,ADDRESS,NEW YORK,EAST   78 STREET,,Closed,,The Department of Sanitation investigated this complaint and found no condition at the location.,01/22/2022 03:59:29 PM,08 MANHATTAN,1014530007,MANHATTAN,996701,220705,ONLINE,Unspecified,MANHATTAN,,,,,,,,40.772451815388074,-73.95504721089776,"(40.772451815388074, -73.95504721089776)"
53133529,01/21/2022 10:10:17 AM,01/30/2022 10:49:56 AM,DSNY,Department of Sanitation,Dirty Condition,Dog Waste,Sidewalk,11419,101-57 115 STREET,115 STREET,101 AVENUE,103 AVENUE,101 AVENUE,103 AVENUE,ADDRESS,SOUTH RICHMOND HILL,115 STREET,,Closed,,The Department of Sanitation investigated this complaint and found no condition at the location.,01/30/2022 10:43:40 AM,09 QUEENS,4094330046,QUEENS,1031634,190211,ONLINE,Unspecified,QUEENS,,,,,,,,40.68863518801015,-73.82914089577609,"(40.68863518801015, -73.82914089577609)"
53133511,01/21/2022 09:10:39 AM,01/26/2022 02:06:22 PM,DSNY,Department of Sanitation,Dirty Condition,Dog Waste,Sidewalk,11221,729 LAFAYETTE AVENUE,LAFAYETTE AVENUE,TOMPKINS AVENUE,THROOP AVENUE,TOMPKINS AVENUE,THROOP AVENUE,ADDRESS,BROOKLYN,LAFAYETTE AVENUE,,Closed,,The Department of Sanitation investigated this complaint and found no violation at the location.,01/26/2022 02:05:52 PM,03 BROOKLYN,3017860058,BROOKLYN,999790,190934,ONLINE,Unspecified,BROOKLYN,,,,,,,,40.69073285353906,-73.943963521266,"(40.69073285353906, -73.943963521266)"
53130155,01/21/2022 08:45:27 AM,01/22/2022 01:26:38 PM,DSNY,Department of Sanitation,Dirty Condition,Dog Waste,Sidewalk,10467,3502 HULL AVENUE,HULL AVENUE,EAST GUN HILL ROAD,EAST  211 STREET,EAST GUN HILL ROAD,EAST  211 STREET,ADDRESS,BRONX,HULL AVENUE,,Closed,,The Department of Sanitation investigated this complaint and found no violation at the location.,01/22/2022 01:25:54 PM,07 BRONX,2033560120,BRONX,1019258,259570,ONLINE,Unspecified,BRONX,,,,,,,,40.87906450269636,-73.87340525556766,"(40.87906450269636, -73.87340525556766)"
53132247,01/21/2022 08:19:05 AM,01/22/2022 04:18:10 PM,DSNY,Department of Sanitation,Dirty Condition,Dog Waste,Sidewalk,10024,555 WEST END AVENUE,WEST END AVENUE,WEST   86 STREET,WEST   87 STREET,WEST   86 STREET,WEST   87 STREET,ADDRESS,NEW YORK,WEST END AVENUE,,Closed,,The Department of Sanitation investigated this complaint and found no condition at the location.,01/22/2022 04:17:39 PM,07 MANHATTAN,1012487502,MANHATTAN,990474,226861,ONLINE,Unspecified,MANHATTAN,,,,,,,,40.78935498178245,-73.97752331667051,"(40.78935498178245, -73.97752331667051)"
53127920,01/21/2022 07:24:26 AM,01/24/2022 01:23:03 PM,DSNY,Department of Sanitation,Dirty Condition,Dog Waste,Sidewalk,10301,259A JERSEY STREET,JERSEY STREET,CARLYLE STREET,LAYTON AVENUE,CARLYLE STREET,LAYTON AVENUE,ADDRESS,STATEN ISLAND,JERSEY STREET,,Closed,,The Department of Sanitation investigated this complaint and found no violation at the location.,01/24/2022 01:22:04 PM,01 STATEN ISLAND,5000490001,STATEN ISLAND,960178,173055,PHONE,Unspecified,STATEN ISLAND,,,,,,,,40.64163990412132,-74.08673859738276,"(40.64163990412132, -74.08673859738276)"
53121950,01/20/2022 09:55:15 PM,01/24/2022 07:41:56 AM,DSNY,Department of Sanitation,Dirty Condition,Dog Waste,Sidewalk,11215,250 22 STREET,22 STREET,5 AVENUE,6 AVENUE,5 AVENUE,6 AVENUE,ADDRESS,BROOKLYN,22 STREET,,Closed,,The Department of Sanitation investigated this complaint and found no violation at the location.,01/24/2022 07:41:14 AM,07 BROOKLYN,3008990012,BROOKLYN,986092,179874,ONLINE,Unspecified,BROOKLYN,,,,,,,,40.66038909722321,-73.99336086005151,"(40.66038909722321, -73.99336086005151)"
53124426,01/20/2022 09:04:08 PM,01/21/2022 12:27:37 PM,DSNY,Department of Sanitation,Dirty Condition,Dog Waste,Sidewalk,10314,68 MADISON AVENUE,MADISON AVENUE,FARRADAY STREET,DEAD END,FARRADAY STREET,DEAD END,ADDRESS,STATEN ISLAND,MADISON AVENUE,,Closed,,"The Department of Sanitation has investigated the complaint and addressed the issue. If the problem persists, call 311 to enter a new complaint. If you are outside of New York City, please call (212) NEW-YORK (212-639-9675).",01/21/2022 12:27:33 PM,01 STATEN ISLAND,5014980035,STATEN ISLAND,941140,164082,PHONE,Unspecified,STATEN ISLAND,,,,,,,,40.61693874577267,-74.1552807644294,"(40.61693874577267, -74.1552807644294)"
53123396,01/20/2022 08:58:34 PM,01/21/2022 12:27:38 PM,DSNY,Department of Sanitation,Dirty Condition,Dog Waste,Sidewalk,10314,63 MADISON AVENUE,MADISON AVENUE,FARRADAY STREET,DEAD END,FARRADAY STREET,DEAD END,ADDRESS,STATEN ISLAND,MADISON AVENUE,,Closed,,"The Department of Sanitation has investigated the complaint and addressed the issue. If the problem persists, call 311 to enter a new complaint. If you are outside of New York City, please call (212) NEW-YORK (212-639-9675).",01/21/2022 12:27:33 PM,01 STATEN ISLAND,5014970093,STATEN ISLAND,941167,164083,PHONE,Unspecified,STATEN ISLAND,,,,,,,,40.61694162189117,-74.15518351792568,"(40.61694162189117, -74.15518351792568)"
53124497,01/20/2022 08:58:26 PM,01/24/2022 04:46:28 PM,DSNY,Department of Sanitation,Dirty Condition,Dog Waste,Sidewalk,11229,2157 BATCHELDER STREET,BATCHELDER STREET,AVENUE U,AVENUE V,AVENUE U,AVENUE V,ADDRESS,BROOKLYN,BATCHELDER STREET,,Closed,,The Department of Sanitation investigated this complaint and found no violation at the location.,01/24/2022 04:45:51 PM,15 BROOKLYN,3073660053,BROOKLYN,1001295,157363,ONLINE,Unspecified,BROOKLYN,,,,,,,,40.59858495377621,-73.93862138912255,"(40.59858495377621, -73.93862138912255)"
53124625,01/20/2022 04:52:42 PM,01/21/2022 01:22:13 PM,DSNY,Department of Sanitation,Dirty Condition,Dog Waste,Sidewalk,10039,308 WEST  151 STREET,WEST  151 STREET,FREDERICK DOUGLASS BOULEVARD,BRADHURST AVENUE,FREDERICK DOUGLASS BOULEVARD,BRADHURST AVENUE,ADDRESS,NEW YORK,WEST  151 STREET,,Closed,,The Department of Sanitation investigated this complaint and found no violation at the location.,01/21/2022 01:21:51 PM,10 MANHATTAN,1020460020,MANHATTAN,1001032,240474,ONLINE,Unspecified,MANHATTAN,,,,,,,,40.82670514968023,-73.93936126970723,"(40.82670514968023, -73.93936126970723)"
53125758,01/20/2022 04:13:19 PM,01/24/2022 07:45:21 AM,DSNY,Department of Sanitation,Dirty Condition,Dog Waste,Sidewalk,11220,368 50 STREET,50 STREET,3 AVENUE,4 AVENUE,3 AVENUE,4 AVENUE,ADDRESS,BROOKLYN,50 STREET,,Closed,,The Department of Sanitation investigated this complaint and found no violation at the location.,01/24/2022 07:44:47 AM,07 BROOKLYN,3007900034,BROOKLYN,980605,174921,ONLINE,Unspecified,BROOKLYN,,,,,,,,40.64679363463551,-74.01313503481875,"(40.64679363463551, -74.01313503481875)"
53123130,01/20/2022 11:53:37 AM,02/07/2022 11:21:48 PM,DSNY,Department of Sanitation,Dirty Condition,Dog Waste,Sidewalk,11212,136 GRAFTON STREET,GRAFTON STREET,SUTTER AVENUE,BLAKE AVENUE,SUTTER AVENUE,BLAKE AVENUE,ADDRESS,BROOKLYN,GRAFTON STREET,,Closed,,The Department of Sanitation investigated this complaint and found no violation at the location.,02/07/2022 11:21:13 PM,16 BROOKLYN,3035340042,BROOKLYN,1006911,181568,PHONE,Unspecified,BROOKLYN,,,,,,,,40.66500994427977,-73.91831704971953,"(40.66500994427977, -73.91831704971953)"
53119299,01/20/2022 09:16:27 AM,01/24/2022 07:23:05 AM,DSNY,Department of Sanitation,Dirty Condition,Dog Waste,Sidewalk,11212,1068 WINTHROP AVENUE,WINTHROP AVENUE,EAST   94 STREET,EAST   95 STREET,EAST   94 STREET,EAST   95 STREET,ADDRESS,BROOKLYN,WINTHROP STREET,,Closed,,The Department of Sanitation investigated this complaint and found no violation at the location.,01/24/2022 07:21:09 AM,17 BROOKLYN,3046300001,BROOKLYN,1005279,180203,PHONE,Unspecified,BROOKLYN,,,,,,,,40.66126734932739,-73.92420394711726,"(40.66126734932739, -73.92420394711726)"
53125714,01/20/2022 08:46:17 AM,01/22/2022 01:29:30 PM,DSNY,Department of Sanitation,Dirty Condition,Dog Waste,Sidewalk,10473,800 SOUNDVIEW AVENUE,SOUNDVIEW AVENUE,COMMONWEALTH AVENUE,ROSEDALE AVENUE,COMMONWEALTH AVENUE,ROSEDALE AVENUE,ADDRESS,BRONX,SOUNDVIEW AVENUE,,Closed,,The Department of Sanitation investigated this complaint and found no violation at the location.,01/22/2022 01:28:52 PM,09 BRONX,2036370001,BRONX,1021377,238468,PHONE,Unspecified,BRONX,,,,,,,,40.82113716804545,-73.86585946454228,"(40.82113716804545, -73.86585946454228)"
53121858,01/20/2022 08:32:45 AM,01/24/2022 08:28:40 AM,DSNY,Department of Sanitation,Dirty Condition,Dog Waste,Sidewalk,11213,1619 PACIFIC STREET,PACIFIC STREET,ALBANY AVENUE,TROY AVENUE,ALBANY AVENUE,TROY AVENUE,ADDRESS,BROOKLYN,PACIFIC STREET,,Closed,,The Department of Sanitation investigated this complaint and found no violation at the location.,01/24/2022 08:27:55 AM,08 BROOKLYN,3013340052,BROOKLYN,1001892,185907,ONLINE,Unspecified,BROOKLYN,,,,,,,,40.676930948398656,-73.93639697656573,"(40.676930948398656, -73.93639697656573)"
53124498,01/20/2022 07:46:27 AM,01/27/2022 05:37:07 PM,DSNY,Department of Sanitation,Dirty Condition,Dog Waste,Sidewalk,11239,1305 DELMAR LOOP,DELMAR LOOP,BEND,PENNSYLVANIA AVENUE,BEND,PENNSYLVANIA AVENUE,ADDRESS,BROOKLYN,DELMAR LOOP,,Closed,,The Department of Sanitation investigated this complaint and found no violation at the location.,01/27/2022 05:36:03 PM,05 BROOKLYN,3044520085,BROOKLYN,1016736,175806,ONLINE,Unspecified,BROOKLYN,,,,,,,,40.649163934163134,-73.88293003403886,"(40.649163934163134, -73.88293003403886)"
53119389,01/20/2022 07:36:57 AM,02/11/2022 02:47:37 PM,DSNY,Department of Sanitation,Dirty Condition,Dog Waste,Sidewalk,11208,964 BELMONT AVENUE,BELMONT AVENUE,CHESTNUT STREET,DOSCHER STREET,CHESTNUT STREET,DOSCHER STREET,ADDRESS,BROOKLYN,BELMONT AVENUE,,Closed,,The Department of Sanitation investigated this complaint and found no violation at the location.,02/11/2022 02:47:12 PM,05 BROOKLYN,3042490016,BROOKLYN,1019479,184831,PHONE,Unspecified,BROOKLYN,,,,,,,,40.67392505381672,-73.87299793029428,"(40.67392505381672, -73.87299793029428)"
53108992,01/19/2022 05:51:24 PM,01/20/2022 01:35:07 PM,DSNY,Department of Sanitation,Dirty Condition,Dog Waste,Sidewalk,10455,583B JACKSON AVENUE,JACKSON AVENUE,LOU BIG LOU TORRES WAY,PONTIAC PLACE,LOU BIG LOU TORRES WAY,PONTIAC PLACE,ADDRESS,BRONX,JACKSON AVENUE,,Closed,,The Department of Sanitation investigated this complaint and found no violation at the location.,01/20/2022 01:34:26 PM,01 BRONX,2026230167,BRONX,1009499,235882,PHONE,Unspecified,BRONX,,,,,,,,40.814081266263145,-73.90878458837976,"(40.814081266263145, -73.90878458837976)"
53110385,01/19/2022 04:26:12 PM,01/24/2022 01:27:58 PM,DSNY,Department of Sanitation,Dirty Condition,Dog Waste,Sidewalk,11421,88-06 76 STREET,76 STREET,88 AVENUE,90 AVENUE,88 AVENUE,90 AVENUE,ADDRESS,WOODHAVEN,76 STREET,,Closed,,The Department of Sanitation investigated this complaint and found no violation at the location.,01/24/2022 01:27:41 PM,09 QUEENS,4089000009,QUEENS,1021666,190390,ONLINE,Unspecified,QUEENS,,,,,,,,40.68917425375424,-73.86508284651127,"(40.68917425375424, -73.86508284651127)"
53107899,01/19/2022 02:07:36 PM,01/21/2022 01:24:47 PM,DSNY,Department of Sanitation,Dirty Condition,Dog Waste,Sidewalk,11365,160-15 HORACE HARDING EXPRESSWAY,HORACE HARDING EXPRESSWAY,LONG ISLAND EXPWY ET   24 WB,161 STREET,LONG ISLAND EXPWY ET   24 WB,161 STREET,ADDRESS,FRESH MEADOWS,HORACE HARDING EXPRESSWAY,,Closed,,The Department of Sanitation investigated this complaint and found no violation at the location.,01/21/2022 01:23:50 PM,07 QUEENS,4067380062,QUEENS,1037475,208497,ONLINE,Unspecified,QUEENS,,,,,,,,40.738792575022096,-73.80793467873985,"(40.738792575022096, -73.80793467873985)"
53114173,01/19/2022 01:18:27 PM,01/20/2022 01:31:10 PM,DSNY,Department of Sanitation,Dirty Condition,Dog Waste,Sidewalk,10457,411 EAST  178 STREET,EAST  178 STREET,WEBSTER AVENUE,EAST  178 ST FOOTBRIDGE,WEBSTER AVENUE,EAST  178 ST FOOTBRIDGE,ADDRESS,BRONX,EAST  178 STREET,,Closed,,The Department of Sanitation investigated this complaint and found no violation at the location.,01/20/2022 01:30:22 PM,06 BRONX,2030280003,BRONX,1012025,248628,PHONE,Unspecified,BRONX,,,,,,,,40.849057771203626,-73.8996063076961,"(40.849057771203626, -73.8996063076961)"
53107900,01/19/2022 10:01:55 AM,02/11/2022 04:36:40 PM,DSNY,Department of Sanitation,Dirty Condition,Dog Waste,Sidewalk,11230,EAST    8 STREET,EAST    8 STREET,AVENUE N,AVENUE O,AVENUE N,AVENUE O,BLOCKFACE,,,,Closed,,The Department of Sanitation investigated this complaint and found no violation at the location.,02/11/2022 04:36:13 PM,Unspecified BROOKLYN,,BROOKLYN,,,PHONE,Unspecified,BROOKLYN,,,,,,,,,,
53106367,01/19/2022 09:57:13 AM,01/20/2022 01:35:56 PM,DSNY,Department of Sanitation,Dirty Condition,Dog Waste,Sidewalk,10458,664 EAST  189 STREET,EAST  189 STREET,BELMONT AVENUE,CAMBRELENG AVENUE,BELMONT AVENUE,CAMBRELENG AVENUE,ADDRESS,BRONX,EAST  189 STREET,,Closed,,The Department of Sanitation investigated this complaint and found no violation at the location.,01/20/2022 01:35:31 PM,06 BRONX,2030750045,BRONX,1016265,251345,PHONE,Unspecified,BRONX,,,,,,,,40.85650076657813,-73.88426772363648,"(40.85650076657813, -73.88426772363648)"
53103076,01/18/2022 07:05:44 PM,01/27/2022 05:38:42 PM,DSNY,Department of Sanitation,Dirty Condition,Dog Waste,Sidewalk,11208,526 SHEPHERD AVENUE,SHEPHERD AVENUE,SUTTER AVENUE,BLAKE AVENUE,SUTTER AVENUE,BLAKE AVENUE,ADDRESS,BROOKLYN,SHEPHERD AVENUE,,Closed,,The Department of Sanitation investigated this complaint and found no violation at the location.,01/27/2022 05:38:19 PM,05 BROOKLYN,,BROOKLYN,1017507,183868,ONLINE,Unspecified,BROOKLYN,,,,,,,,40.6712894652403,-73.88011181791083,"(40.6712894652403, -73.88011181791083)"
53098836,01/18/2022 04:32:52 PM,01/25/2022 04:04:28 PM,DSNY,Department of Sanitation,Dirty Condition,Dog Waste,Sidewalk,11221,715 GATES AVENUE,GATES AVENUE,MARCUS GARVEY BOULEVARD,LEWIS AVENUE,MARCUS GARVEY BOULEVARD,LEWIS AVENUE,ADDRESS,BROOKLYN,GATES AVENUE,,Closed,,The Department of Sanitation investigated this complaint and found no violation at the location.,01/25/2022 04:03:56 PM,03 BROOKLYN,3016290001,BROOKLYN,1001480,189826,PHONE,Unspecified,BROOKLYN,,,,,,,,40.6876885203234,-73.93787229970197,"(40.6876885203234, -73.93787229970197)"
53098850,01/18/2022 04:27:50 PM,01/20/2022 04:12:05 PM,DSNY,Department of Sanitation,Dirty Condition,Dog Waste,Sidewalk,10469,1394 WARING AVENUE,WARING AVENUE,FISH AVENUE,SEYMOUR AVENUE,FISH AVENUE,SEYMOUR AVENUE,ADDRESS,BRONX,WARING AVENUE,,Closed,,The Department of Sanitation investigated this complaint and found no violation at the location.,01/20/2022 04:11:37 PM,11 BRONX,2043860025,BRONX,1026687,252982,PHONE,Unspecified,BRONX,,,,,,,,40.86094988915917,-73.8465825314138,"(40.86094988915917, -73.8465825314138)"
53101719,01/18/2022 03:06:03 PM,01/24/2022 07:24:26 AM,DSNY,Department of Sanitation,Dirty Condition,Dog Waste,Sidewalk,11212,250 EAST   95 STREET,EAST   95 STREET,WINTHROP STREET,CLARKSON AVENUE,WINTHROP STREET,CLARKSON AVENUE,ADDRESS,BROOKLYN,EAST   95 STREET,,Closed,,The Department of Sanitation investigated this complaint and found no violation at the location.,01/24/2022 07:23:37 AM,17 BROOKLYN,3046300040,BROOKLYN,1005828,179891,PHONE,Unspecified,BROOKLYN,,,,,,,,40.660409657572345,-73.9222261538285,"(40.660409657572345, -73.9222261538285)"
53102057,01/18/2022 01:32:21 PM,01/27/2022 02:18:44 PM,DSNY,Department of Sanitation,Dirty Condition,Dog Waste,Sidewalk,11226,540 EAST   22 STREET,EAST   22 STREET,DITMAS AVENUE,NEWKIRK AVENUE,DITMAS AVENUE,NEWKIRK AVENUE,ADDRESS,BROOKLYN,EAST   22 STREET,,Closed,,The Department of Sanitation investigated this complaint and issued a Notice of Violation.,01/27/2022 02:17:37 PM,14 BROOKLYN,3052070030,BROOKLYN,996197,172160,ONLINE,Unspecified,BROOKLYN,,,,,,,,40.63920797591532,-73.95695296906207,"(40.63920797591532, -73.95695296906207)"
53094511,01/18/2022 01:02:39 PM,02/14/2022 04:55:52 PM,DSNY,Department of Sanitation,Dirty Condition,Dog Waste,Sidewalk,11209,155 89 STREET,89 STREET,COLONIAL ROAD,JUSTICE ARTHUR M SCHACK WAY,COLONIAL ROAD,JUSTICE ARTHUR M SCHACK WAY,ADDRESS,BROOKLYN,89 STREET,,Closed,,The Department of Sanitation investigated this complaint and found no violation at the location.,02/14/2022 04:55:55 PM,10 BROOKLYN,3060600049,BROOKLYN,974427,165961,ONLINE,Unspecified,BROOKLYN,,,,,,,,40.622195642302444,-74.03538488344503,"(40.622195642302444, -74.03538488344503)"
53104578,01/18/2022 12:14:21 PM,01/19/2022 01:02:16 PM,DSNY,Department of Sanitation,Dirty Condition,Dog Waste,Sidewalk,10457,411 EAST  178 STREET,EAST  178 STREET,WEBSTER AVENUE,EAST  178 ST FOOTBRIDGE,WEBSTER AVENUE,EAST  178 ST FOOTBRIDGE,ADDRESS,BRONX,EAST  178 STREET,,Closed,,The Department of Sanitation investigated this complaint and found no violation at the location.,01/19/2022 01:02:06 PM,06 BRONX,2030280003,BRONX,1012025,248628,PHONE,Unspecified,BRONX,,,,,,,,40.849057771203626,-73.8996063076961,"(40.849057771203626, -73.8996063076961)"
53091680,01/17/2022 08:17:14 PM,01/18/2022 01:34:46 PM,DSNY,Department of Sanitation,Dirty Condition,Dog Waste,Sidewalk,10301,16 ARNOLD STREET,ARNOLD STREET,YORK AVENUE,DEAD END,YORK AVENUE,DEAD END,ADDRESS,STATEN ISLAND,ARNOLD STREET,,Closed,,The Department of Sanitation investigated this complaint and found no violation at the location.,01/18/2022 01:34:38 PM,01 STATEN ISLAND,5000810008,STATEN ISLAND,959644,172105,PHONE,Unspecified,STATEN ISLAND,,,,,,,,40.63903089144856,-74.08865929275512,"(40.63903089144856, -74.08865929275512)"
53089438,01/17/2022 10:28:06 AM,01/19/2022 04:28:46 PM,DSNY,Department of Sanitation,Dirty Condition,Dog Waste,Sidewalk,11223,QUENTIN ROAD,QUENTIN ROAD,QUENTIN ROAD,WEST    4 STREET,QUENTIN ROAD,WEST    4 STREET,INTERSECTION,,,,Closed,,The Department of Sanitation investigated this complaint and found no violation at the location.,01/19/2022 04:28:50 PM,11 BROOKLYN,,BROOKLYN,990535,160112,PHONE,Unspecified,BROOKLYN,,,,,,,,40.60614456215238,-73.97736531400085,"(40.60614456215238, -73.97736531400085)"
53090489,01/17/2022 10:23:15 AM,01/19/2022 04:28:44 PM,DSNY,Department of Sanitation,Dirty Condition,Dog Waste,Sidewalk,11223,QUENTIN ROAD,QUENTIN ROAD,QUENTIN ROAD,WEST    4 STREET,QUENTIN ROAD,WEST    4 STREET,INTERSECTION,,,,Closed,,The Department of Sanitation investigated this complaint and found no violation at the location.,01/19/2022 04:27:45 PM,11 BROOKLYN,,BROOKLYN,990535,160112,PHONE,Unspecified,BROOKLYN,,,,,,,,40.60614456215238,-73.97736531400085,"(40.60614456215238, -73.97736531400085)"
53094131,01/17/2022 10:07:15 AM,01/17/2022 10:23:48 PM,DSNY,Department of Sanitation,Dirty Condition,Dog Waste,Sidewalk,11367,135-03 62 AVENUE,62 AVENUE,DEAD END,136 STREET,DEAD END,136 STREET,ADDRESS,FLUSHING,62 AVENUE,,Closed,,The Department of Sanitation investigated this complaint and found no violation at the location.,01/17/2022 10:23:50 PM,07 QUEENS,4063840030,QUEENS,1031081,209517,ONLINE,Unspecified,QUEENS,,,,,,,,40.7416283849191,-73.83100061488057,"(40.7416283849191, -73.83100061488057)"
53091673,01/17/2022 09:56:01 AM,01/17/2022 10:23:47 PM,DSNY,Department of Sanitation,Dirty Condition,Dog Waste,Sidewalk,11367,135-03 62 AVENUE,62 AVENUE,DEAD END,136 STREET,DEAD END,136 STREET,ADDRESS,FLUSHING,62 AVENUE,,Closed,,The Department of Sanitation investigated this complaint and found no violation at the location.,01/17/2022 10:22:53 PM,07 QUEENS,4063840030,QUEENS,1031081,209517,ONLINE,Unspecified,QUEENS,,,,,,,,40.7416283849191,-73.83100061488057,"(40.7416283849191, -73.83100061488057)"
53082401,01/16/2022 05:06:30 PM,01/26/2022 01:39:14 PM,DSNY,Department of Sanitation,Dirty Condition,Dog Waste,Sidewalk,11215,252 22 STREET,22 STREET,5 AVENUE,6 AVENUE,5 AVENUE,6 AVENUE,ADDRESS,BROOKLYN,22 STREET,,Closed,,The Department of Sanitation investigated this complaint and found no violation at the location.,01/26/2022 01:38:54 PM,07 BROOKLYN,3008990013,BROOKLYN,986107,179863,ONLINE,Unspecified,BROOKLYN,,,,,,,,40.660358901514215,-73.99330679842357,"(40.660358901514215, -73.99330679842357)"
53078725,01/16/2022 02:20:08 PM,01/24/2022 11:25:57 AM,DSNY,Department of Sanitation,Dirty Condition,Dog Waste,Sidewalk,11237,332 STARR STREET,STARR STREET,ST NICHOLAS AVENUE,CYPRESS AVENUE,ST NICHOLAS AVENUE,CYPRESS AVENUE,ADDRESS,BROOKLYN,STARR STREET,,Closed,,The Department of Sanitation investigated this complaint and found no violation at the location.,01/24/2022 11:26:01 AM,04 BROOKLYN,3032010016,BROOKLYN,1006345,197195,ONLINE,Unspecified,BROOKLYN,,,,,,,,40.707903892845586,-73.92030598356443,"(40.707903892845586, -73.92030598356443)"
53079897,01/16/2022 02:07:32 PM,01/24/2022 11:25:55 AM,DSNY,Department of Sanitation,Dirty Condition,Dog Waste,Sidewalk,11237,332 STARR STREET,STARR STREET,ST NICHOLAS AVENUE,CYPRESS AVENUE,ST NICHOLAS AVENUE,CYPRESS AVENUE,ADDRESS,BROOKLYN,STARR STREET,,Closed,,The Department of Sanitation investigated this complaint and found no violation at the location.,01/24/2022 11:25:44 AM,04 BROOKLYN,3032010016,BROOKLYN,1006345,197195,ONLINE,Unspecified,BROOKLYN,,,,,,,,40.707903892845586,-73.92030598356443,"(40.707903892845586, -73.92030598356443)"
53081295,01/16/2022 01:34:36 PM,01/17/2022 01:15:49 PM,DSNY,Department of Sanitation,Dirty Condition,Dog Waste,Sidewalk,10452,1420 SHAKESPEARE AVENUE,SHAKESPEARE AVENUE,JESUP PLACE,WEST  172 STREET,JESUP PLACE,WEST  172 STREET,ADDRESS,BRONX,SHAKESPEARE AVENUE,,Closed,,The Department of Sanitation investigated this complaint and found no violation at the location.,01/17/2022 01:15:39 PM,04 BRONX,2028720100,BRONX,1006171,246274,PHONE,Unspecified,BRONX,,,,,,,,40.84261320978671,-73.92077347439132,"(40.84261320978671, -73.92077347439132)"
53084962,01/16/2022 12:29:38 PM,01/19/2022 10:41:33 AM,DSNY,Department of Sanitation,Dirty Condition,Dog Waste,Sidewalk,11234,2754 MILL AVENUE,MILL AVENUE,56 DRIVE,NATIONAL DRIVE,56 DRIVE,NATIONAL DRIVE,ADDRESS,BROOKLYN,MILL AVENUE,,Closed,,The Department of Sanitation investigated this complaint and found no violation at the location.,01/19/2022 10:41:05 AM,18 BROOKLYN,3085930070,BROOKLYN,1007941,160591,PHONE,Unspecified,BROOKLYN,,,,,,,,40.60742987902421,-73.91467800337858,"(40.60742987902421, -73.91467800337858)"
53070328,01/15/2022 12:19:04 PM,01/27/2022 02:36:13 PM,DSNY,Department of Sanitation,Dirty Condition,Dog Waste,Sidewalk,11225,483 MONTGOMERY STREET,MONTGOMERY STREET,CLOVE ROAD,BENJAMIN K CLARK WAY,CLOVE ROAD,BENJAMIN K CLARK WAY,ADDRESS,BROOKLYN,MONTGOMERY STREET,,Closed,,The Department of Sanitation investigated this complaint and found no violation at the location.,01/27/2022 02:35:52 PM,09 BROOKLYN,3012970058,BROOKLYN,998431,181666,PHONE,Unspecified,BROOKLYN,,,,,,,,40.66529657572373,-73.9488835094046,"(40.66529657572373, -73.9488835094046)"
53067918,01/15/2022 06:50:56 AM,01/17/2022 06:39:04 AM,DSNY,Department of Sanitation,Dirty Condition,Dog Waste,Sidewalk,10128,421 EAST   88 STREET,EAST   88 STREET,1 AVENUE,YORK AVENUE,1 AVENUE,YORK AVENUE,ADDRESS,NEW YORK,EAST   88 STREET,,Closed,,The Department of Sanitation investigated this complaint and found no condition at the location.,01/17/2022 06:38:26 AM,08 MANHATTAN,1015680008,MANHATTAN,998719,222695,ONLINE,Unspecified,MANHATTAN,,,,,,,,40.77791076927366,-73.9477571892288,"(40.77791076927366, -73.9477571892288)"
53067958,01/15/2022 02:36:31 AM,01/15/2022 01:13:29 PM,DSNY,Department of Sanitation,Dirty Condition,Dog Waste,Sidewalk,10462,2075 WALLACE AVENUE,WALLACE AVENUE,BRADY AVENUE,LYDIG AVENUE,BRADY AVENUE,LYDIG AVENUE,ADDRESS,BRONX,WALLACE AVENUE,,Closed,,The Department of Sanitation investigated this complaint and found no violation at the location.,01/15/2022 01:12:33 PM,11 BRONX,2042910001,BRONX,1021630,249957,PHONE,Unspecified,BRONX,,,,,,,,40.852670039839616,-73.86488134327988,"(40.852670039839616, -73.86488134327988)"
53062165,01/14/2022 04:17:21 PM,01/16/2022 01:36:05 PM,DSNY,Department of Sanitation,Dirty Condition,Dog Waste,Sidewalk,11413,LUCAS STREET,LUCAS STREET,LUCAS STREET,NASHVILLE BOULEVARD,LUCAS STREET,NASHVILLE BOULEVARD,INTERSECTION,,,,Closed,,The Department of Sanitation investigated this complaint and found no violation at the location.,01/16/2022 01:35:29 PM,12 QUEENS,,QUEENS,1052115,188396,PHONE,Unspecified,QUEENS,,,,,,,,40.68352010187412,-73.75530830234213,"(40.68352010187412, -73.75530830234213)"
53056154,01/14/2022 03:37:42 PM,01/15/2022 01:23:52 PM,DSNY,Department of Sanitation,Dirty Condition,Dog Waste,Sidewalk,10456,1125 TELLER AVENUE,TELLER AVENUE,EAST  166 STREET,EAST  167 STREET,EAST  166 STREET,EAST  167 STREET,ADDRESS,BRONX,TELLER AVENUE,,Closed,,The Department of Sanitation investigated this complaint and found no violation at the location.,01/15/2022 01:22:59 PM,04 BRONX,2024340076,BRONX,1008504,242056,ONLINE,Unspecified,BRONX,,,,,,,,40.83102992768419,-73.91235684128988,"(40.83102992768419, -73.91235684128988)"
53058546,01/14/2022 03:34:26 PM,01/16/2022 01:13:09 PM,DSNY,Department of Sanitation,Dirty Condition,Dog Waste,Street,11367,135-15 62 AVENUE,62 AVENUE,DEAD END,136 STREET,DEAD END,136 STREET,ADDRESS,FLUSHING,62 AVENUE,,Closed,,The Department of Sanitation investigated this complaint and found no violation at the location.,01/16/2022 01:13:11 PM,07 QUEENS,4063840024,QUEENS,1031109,209513,ONLINE,Unspecified,QUEENS,,,,,,,,40.74161725762071,-73.83089959918442,"(40.74161725762071, -73.83089959918442)"
53057361,01/14/2022 03:31:23 PM,01/16/2022 01:13:08 PM,DSNY,Department of Sanitation,Dirty Condition,Dog Waste,Sidewalk,11367,135-15 62 AVENUE,62 AVENUE,DEAD END,136 STREET,DEAD END,136 STREET,ADDRESS,FLUSHING,62 AVENUE,,Closed,,The Department of Sanitation investigated this complaint and found no violation at the location.,01/16/2022 01:12:35 PM,07 QUEENS,4063840024,QUEENS,1031109,209513,ONLINE,Unspecified,QUEENS,,,,,,,,40.74161725762071,-73.83089959918442,"(40.74161725762071, -73.83089959918442)"
53058632,01/14/2022 02:11:55 PM,01/27/2022 01:20:32 PM,DSNY,Department of Sanitation,Dirty Condition,Dog Waste,Sidewalk,11226,2155 CATON AVENUE,CATON AVENUE,DR ROY HASTICK SR WAY,BEDFORD AVENUE,DR ROY HASTICK SR WAY,BEDFORD AVENUE,ADDRESS,BROOKLYN,CATON AVENUE,,Closed,,The Department of Sanitation investigated this complaint and found no violation at the location.,01/27/2022 01:19:27 PM,14 BROOKLYN,3050830024,BROOKLYN,995846,177182,PHONE,Unspecified,BROOKLYN,,,,,,,,40.65299274654144,-73.95820904750676,"(40.65299274654144, -73.95820904750676)"
53059813,01/14/2022 10:14:20 AM,01/15/2022 01:18:16 PM,DSNY,Department of Sanitation,Dirty Condition,Dog Waste,Street,10462,1540 WHITE PLAINS ROAD,WHITE PLAINS ROAD,ARCHER STREET,GUERLAIN STREET,ARCHER STREET,GUERLAIN STREET,ADDRESS,BRONX,WHITE PLAINS ROAD,,Closed,,The Department of Sanitation investigated this complaint and found no violation at the location.,01/15/2022 01:17:22 PM,09 BRONX,2039370118,BRONX,1021938,245085,PHONE,Unspecified,BRONX,,,,,,,,40.8392965388794,-73.86379539103253,"(40.8392965388794, -73.86379539103253)"
53062166,01/14/2022 09:52:10 AM,02/07/2022 11:28:11 PM,DSNY,Department of Sanitation,Dirty Condition,Dog Waste,Sidewalk,11222,49 DRIGGS AVENUE,DRIGGS AVENUE,SUTTON STREET,KINGSLAND AVENUE,SUTTON STREET,KINGSLAND AVENUE,ADDRESS,BROOKLYN,DRIGGS AVENUE,,Closed,,The Department of Sanitation investigated this complaint and found no violation at the location.,02/07/2022 11:27:26 PM,01 BROOKLYN,3027060015,BROOKLYN,1000653,202836,ONLINE,Unspecified,BROOKLYN,,,,,,,,40.72339946725945,-73.94082259265545,"(40.72339946725945, -73.94082259265545)"
53059712,01/14/2022 09:22:44 AM,01/27/2022 09:12:51 AM,DSNY,Department of Sanitation,Dirty Condition,Dog Waste,Sidewalk,11207,701 ALABAMA AVENUE,ALABAMA AVENUE,NEW LOTS AVENUE,HEGEMAN AVENUE,NEW LOTS AVENUE,HEGEMAN AVENUE,ADDRESS,BROOKLYN,ALABAMA AVENUE,,Closed,,The Department of Sanitation investigated this complaint and found no violation at the location.,01/27/2022 09:10:14 AM,05 BROOKLYN,3042960101,BROOKLYN,1013564,179469,ONLINE,Unspecified,BROOKLYN,,,,,,,,40.65922912949893,-73.8943450535822,"(40.65922912949893, -73.8943450535822)"
53048387,01/13/2022 12:02:53 PM,01/15/2022 08:12:31 AM,DSNY,Department of Sanitation,Dirty Condition,Dog Waste,Sidewalk,11356,14-01 116 STREET,116 STREET,14 AVENUE,14 ROAD,14 AVENUE,14 ROAD,ADDRESS,COLLEGE POINT,116 STREET,,Closed,,The Department of Sanitation investigated this complaint and found no violation at the location.,01/15/2022 08:11:56 AM,07 QUEENS,4040510013,QUEENS,1025434,225540,PHONE,Unspecified,QUEENS,,,,,,,,40.785635425367005,-73.85128077639223,"(40.785635425367005, -73.85128077639223)"
53054458,01/13/2022 10:09:55 AM,01/14/2022 01:20:46 PM,DSNY,Department of Sanitation,Dirty Condition,Dog Waste,Sidewalk,10457,4521 PARK AVENUE,PARK AVENUE,EAST  182 STREET,EAST  183 STREET,EAST  182 STREET,EAST  183 STREET,ADDRESS,BRONX,PARK AVENUE,,Closed,,The Department of Sanitation investigated this complaint and found no violation at the location.,01/14/2022 01:20:20 PM,06 BRONX,2030300163,BRONX,1013290,250877,PHONE,Unspecified,BRONX,,,,,,,,40.855226534169965,-73.8950241841632,"(40.855226534169965, -73.8950241841632)"
53052099,01/13/2022 08:56:40 AM,01/15/2022 08:09:44 AM,DSNY,Department of Sanitation,Dirty Condition,Dog Waste,Street,11375,70 AVENUE,70 AVENUE,70 AVENUE,108 STREET,70 AVENUE,108 STREET,INTERSECTION,,,,Closed,,The Department of Sanitation investigated this complaint and found no violation at the location.,01/15/2022 08:09:28 AM,06 QUEENS,,QUEENS,1027359,202712,PHONE,Unspecified,QUEENS,,,,,,,,40.72296928615766,-73.84447579512484,"(40.72296928615766, -73.84447579512484)"
53048306,01/13/2022 08:08:07 AM,01/27/2022 02:42:40 PM,DSNY,Department of Sanitation,Dirty Condition,Dog Waste,Sidewalk,11235,272 BEAUMONT STREET,BEAUMONT STREET,ORIENTAL BOULEVARD,DEAD END,ORIENTAL BOULEVARD,DEAD END,ADDRESS,BROOKLYN,BEAUMONT STREET,,Closed,,The Department of Sanitation investigated this complaint and found no violation at the location.,01/27/2022 02:42:16 PM,15 BROOKLYN,3087390066,BROOKLYN,997944,148950,ONLINE,Unspecified,BROOKLYN,,,,,,,,40.5754987598637,-73.95070530020188,"(40.5754987598637, -73.95070530020188)"
53042641,01/12/2022 10:18:06 PM,01/13/2022 01:25:56 PM,DSNY,Department of Sanitation,Dirty Condition,Dog Waste,Sidewalk,10457,1691 FULTON AVENUE,FULTON AVENUE,EAST  172 STREET,EAST  173 STREET,EAST  172 STREET,EAST  173 STREET,ADDRESS,BRONX,FULTON AVENUE,,Closed,,The Department of Sanitation investigated this complaint and found no violation at the location.,01/13/2022 01:25:37 PM,03 BRONX,2029290074,BRONX,1012348,245467,ONLINE,Unspecified,BRONX,,,,,,,,40.84038073741601,-73.89845205929869,"(40.84038073741601, -73.89845205929869)"
53035459,01/12/2022 06:53:10 PM,01/14/2022 04:19:34 PM,DSNY,Department of Sanitation,Dirty Condition,Dog Waste,Sidewalk,10029,EAST  108 STREET,EAST  108 STREET,METRO NORTH RAILROAD,LEXINGTON AVENUE,METRO NORTH RAILROAD,LEXINGTON AVENUE,BLOCKFACE,,,,Closed,,The Department of Sanitation investigated this complaint and found no violation at the location.,01/14/2022 04:19:21 PM,Unspecified MANHATTAN,,MANHATTAN,,,PHONE,Unspecified,MANHATTAN,,,,,,,,,,
53045325,01/12/2022 05:19:02 PM,01/14/2022 06:31:59 AM,DSNY,Department of Sanitation,Dirty Condition,Dog Waste,Sidewalk,10312,700 DRUMGOOLE ROAD WEST,DRUMGOOLE ROAD WEST,WALKER COURT,SMYRNA AVENUE,WALKER COURT,SMYRNA AVENUE,ADDRESS,STATEN ISLAND,DRUMGOOLE ROAD WEST,,Closed,,The Department of Sanitation investigated this complaint and found no violation at the location.,01/14/2022 06:28:35 AM,03 STATEN ISLAND,5056650038,STATEN ISLAND,934903,140879,PHONE,Unspecified,STATEN ISLAND,,,,,,,,40.55321871350231,-74.17757674458144,"(40.55321871350231, -74.17757674458144)"
53045609,01/12/2022 04:24:05 PM,01/26/2022 02:08:26 PM,DSNY,Department of Sanitation,Dirty Condition,Dog Waste,Street,11221,940 GATES AVENUE,GATES AVENUE,PATCHEN AVENUE,RALPH AVENUE,PATCHEN AVENUE,RALPH AVENUE,ADDRESS,BROOKLYN,GATES AVENUE,,Closed,,The Department of Sanitation investigated this complaint and found no violation at the location.,01/26/2022 02:08:03 PM,03 BROOKLYN,3016380006,BROOKLYN,1004743,190315,ONLINE,Unspecified,BROOKLYN,,,,,,,,40.689023758970876,-73.92610513628088,"(40.689023758970876, -73.92610513628088)"
53038443,01/12/2022 01:39:02 PM,01/14/2022 03:58:17 PM,DSNY,Department of Sanitation,Dirty Condition,Dog Waste,Sidewalk,11365,56-51 196 STREET,196 STREET,56 AVENUE,58 AVENUE,56 AVENUE,58 AVENUE,ADDRESS,FRESH MEADOWS,196 STREET,,Closed,,The Department of Sanitation investigated this complaint and found no violation at the location.,01/14/2022 03:57:48 PM,11 QUEENS,4056830034,QUEENS,1044688,211004,PHONE,Unspecified,QUEENS,,,,,,,,40.74562729368204,-73.78188374918723,"(40.74562729368204, -73.78188374918723)"
53035457,01/12/2022 11:55:43 AM,02/08/2022 09:29:51 AM,DSNY,Department of Sanitation,Dirty Condition,Dog Waste,Sidewalk,11216,HANCOCK STREET,HANCOCK STREET,THROOP AVENUE,MARCUS GARVEY BOULEVARD,THROOP AVENUE,MARCUS GARVEY BOULEVARD,BLOCKFACE,,,,Closed,,The Department of Sanitation investigated this complaint and found no violation at the location.,02/08/2022 09:27:36 AM,Unspecified BROOKLYN,,BROOKLYN,,,PHONE,Unspecified,BROOKLYN,,,,,,,,,,
53030471,01/11/2022 03:15:52 PM,01/12/2022 01:24:31 PM,DSNY,Department of Sanitation,Dirty Condition,Dog Waste,Sidewalk,10454,324 POWERS AVENUE,POWERS AVENUE,EAST  141 STREET,EAST  142 STREET,EAST  141 STREET,EAST  142 STREET,ADDRESS,BRONX,POWERS AVENUE,,Closed,,The Department of Sanitation investigated this complaint and found no violation at the location.,01/12/2022 01:24:20 PM,01 BRONX,2025720001,BRONX,1008504,233489,ONLINE,Unspecified,BRONX,,,,,,,,40.807515937109876,-73.91238780389276,"(40.807515937109876, -73.91238780389276)"
53025681,01/11/2022 02:56:02 PM,01/27/2022 01:28:50 PM,DSNY,Department of Sanitation,Dirty Condition,Dog Waste,Sidewalk,11230,1360 OCEAN AVENUE,OCEAN AVENUE,LIRR BAY RIDGE LINE,AVENUE I,LIRR BAY RIDGE LINE,AVENUE I,ADDRESS,BROOKLYN,OCEAN AVENUE,,Closed,,The Department of Sanitation investigated this complaint and found no violation at the location.,01/27/2022 01:28:01 PM,14 BROOKLYN,3067030067,BROOKLYN,996179,168440,ONLINE,Unspecified,BROOKLYN,,,,,,,,40.62899739108625,-73.9570244020043,"(40.62899739108625, -73.9570244020043)"
53027236,01/11/2022 08:45:50 AM,01/12/2022 01:26:39 PM,DSNY,Department of Sanitation,Dirty Condition,Dog Waste,Sidewalk,11435,148-05 88 AVENUE,88 AVENUE,148 STREET,150 STREET,148 STREET,150 STREET,ADDRESS,JAMAICA,88 AVENUE,,Closed,,The Department of Sanitation investigated this complaint and found no violation at the location.,01/12/2022 01:26:25 PM,12 QUEENS,4096940065,QUEENS,1037545,196280,ONLINE,Unspecified,QUEENS,,,,,,,,40.70525952171882,-73.8077788211578,"(40.70525952171882, -73.8077788211578)"
53033574,01/11/2022 08:28:44 AM,01/12/2022 01:14:01 PM,DSNY,Department of Sanitation,Dirty Condition,Dog Waste,Sidewalk,11361,36-46 214 PLACE,214 PLACE,36 AVENUE,38 AVENUE,36 AVENUE,38 AVENUE,ADDRESS,BAYSIDE,214 PLACE,,Closed,,The Department of Sanitation investigated this complaint and found no violation at the location.,01/12/2022 01:13:17 PM,11 QUEENS,4061770028,QUEENS,1047768,219227,PHONE,Unspecified,QUEENS,,,,,,,,40.76817566763245,-73.77069062232682,"(40.76817566763245, -73.77069062232682)"
53021690,01/10/2022 04:17:11 PM,02/10/2022 01:01:24 PM,DSNY,Department of Sanitation,Dirty Condition,Dog Waste,Sidewalk,11239,1149 ELTON STREET,ELTON STREET,LOCKE STREET,EGAN STREET,LOCKE STREET,EGAN STREET,ADDRESS,BROOKLYN,ELTON STREET,,Closed,,The Department of Sanitation investigated this complaint and found no violation at the location.,02/10/2022 01:00:59 PM,05 BROOKLYN,3044497501,BROOKLYN,1019214,178453,PHONE,Unspecified,BROOKLYN,,,,,,,,40.65641992796387,-73.87398634212242,"(40.65641992796387, -73.87398634212242)"
53021107,01/10/2022 04:12:50 PM,01/27/2022 02:31:16 PM,DSNY,Department of Sanitation,Dirty Condition,Dog Waste,Street,11225,993 CARROLL STREET,CARROLL STREET,FRANKLIN AVENUE,BEDFORD AVENUE,FRANKLIN AVENUE,BEDFORD AVENUE,ADDRESS,BROOKLYN,CARROLL STREET,,Closed,,"The Department of Sanitation has investigated the complaint and addressed the issue. If the problem persists, call 311 to enter a new complaint. If you are outside of New York City, please call (212) NEW-YORK (212-639-9675).",01/27/2022 02:30:44 PM,09 BROOKLYN,3012800058,BROOKLYN,996072,182548,PHONE,Unspecified,BROOKLYN,,,,,,,,40.66772093344369,-73.9573851557826,"(40.66772093344369, -73.9573851557826)"
53021875,01/10/2022 03:34:40 PM,01/12/2022 01:24:58 PM,DSNY,Department of Sanitation,Dirty Condition,Dog Waste,Sidewalk,10467,3585 DEKALB AVENUE,DEKALB AVENUE,EAST  212 STREET,EAST  213 STREET,EAST  212 STREET,EAST  213 STREET,ADDRESS,BRONX,DEKALB AVENUE,,Closed,,The Department of Sanitation investigated this complaint and found no violation at the location.,01/12/2022 01:24:49 PM,07 BRONX,2033290058,BRONX,1017774,261540,PHONE,Unspecified,BRONX,,,,,,,,40.88447729560736,-73.87876177942825,"(40.88447729560736, -73.87876177942825)"
53016606,01/10/2022 11:49:38 AM,01/12/2022 01:22:40 PM,DSNY,Department of Sanitation,Dirty Condition,Dog Waste,Sidewalk,10456,1166 GRAND CONCOURSE,GRAND CONCOURSE,MCCLELLAN STREET,TUDOR PLACE,MCCLELLAN STREET,TUDOR PLACE,ADDRESS,BRONX,GRAND CONCOURSE,,Closed,,The Department of Sanitation investigated this complaint and found no violation at the location.,01/12/2022 01:22:32 PM,04 BRONX,2024560150,BRONX,1006896,243155,PHONE,Unspecified,BRONX,,,,,,,,40.83405063465001,-73.91816372382881,"(40.83405063465001, -73.91816372382881)"
53014080,01/10/2022 10:31:00 AM,01/12/2022 02:12:43 PM,DSNY,Department of Sanitation,Dirty Condition,Dog Waste,Sidewalk,10027,225 WEST  123 STREET,WEST  123 STREET,ADAM CLAYTON POWELL JR BOULEVARD,RANDY BUBBA NELSON MCGHEE PLACE,ADAM CLAYTON POWELL JR BOULEVARD,RANDY BUBBA NELSON MCGHEE PLACE,ADDRESS,NEW YORK,WEST  123 STREET,,Closed,,The Department of Sanitation investigated this complaint and found no violation at the location.,01/12/2022 02:12:49 PM,10 MANHATTAN,1019290017,MANHATTAN,998020,233689,ONLINE,Unspecified,MANHATTAN,,,,,,,,40.80808744199327,-73.95025850733869,"(40.80808744199327, -73.95025850733869)"
53015341,01/10/2022 10:29:19 AM,01/12/2022 02:12:41 PM,DSNY,Department of Sanitation,Dirty Condition,Dog Waste,Sidewalk,10027,225 WEST  123 STREET,WEST  123 STREET,ADAM CLAYTON POWELL JR BOULEVARD,RANDY BUBBA NELSON MCGHEE PLACE,ADAM CLAYTON POWELL JR BOULEVARD,RANDY BUBBA NELSON MCGHEE PLACE,ADDRESS,NEW YORK,WEST  123 STREET,,Closed,,The Department of Sanitation investigated this complaint and found no violation at the location.,01/12/2022 02:12:13 PM,10 MANHATTAN,1019290017,MANHATTAN,998020,233689,ONLINE,Unspecified,MANHATTAN,,,,,,,,40.80808744199327,-73.95025850733869,"(40.80808744199327, -73.95025850733869)"
53021874,01/10/2022 09:16:11 AM,01/11/2022 09:22:24 AM,DSNY,Department of Sanitation,Dirty Condition,Dog Waste,Sidewalk,10034,148 POST AVENUE,POST AVENUE,WALTHER DELGADO WAY,10 AVENUE,WALTHER DELGADO WAY,10 AVENUE,ADDRESS,NEW YORK,POST AVENUE,,Closed,,The Department of Sanitation investigated this complaint and found no violation at the location.,01/11/2022 09:22:06 AM,12 MANHATTAN,1022230024,MANHATTAN,1006620,254393,ONLINE,Unspecified,MANHATTAN,,,,,,,,40.86489631232414,-73.91912361454136,"(40.86489631232414, -73.91912361454136)"
53017798,01/10/2022 08:40:50 AM,01/17/2022 07:43:38 AM,DSNY,Department of Sanitation,Dirty Condition,Dog Waste,Sidewalk,11226,360 EAST   26 STREET,EAST   26 STREET,CLARENDON ROAD,AVENUE D,CLARENDON ROAD,AVENUE D,ADDRESS,BROOKLYN,EAST   26 STREET,,Closed,,The Department of Sanitation investigated this complaint and found no violation at the location.,01/17/2022 07:42:25 AM,17 BROOKLYN,3051910031,BROOKLYN,997445,172936,ONLINE,Unspecified,BROOKLYN,,,,,,,,40.641336158161444,-73.95245470041114,"(40.641336158161444, -73.95245470041114)"
53012490,01/10/2022 08:38:01 AM,01/12/2022 01:24:02 PM,DSNY,Department of Sanitation,Dirty Condition,Dog Waste,Sidewalk,10460,1290 RODMAN PLACE,RODMAN PLACE,LONGFELLOW AVENUE,WEST FARMS ROAD,LONGFELLOW AVENUE,WEST FARMS ROAD,ADDRESS,BRONX,RODMAN PLACE,,Closed,,The Department of Sanitation investigated this complaint and found no violation at the location.,01/12/2022 01:23:52 PM,06 BRONX,2030167501,BRONX,1017097,244862,PHONE,Unspecified,BRONX,,,,,,,,40.83870380248861,-73.8812918569185,"(40.83870380248861, -73.8812918569185)"
52996940,01/08/2022 04:45:40 PM,01/15/2022 07:38:44 AM,DSNY,Department of Sanitation,Dirty Condition,Dog Waste,Street,11226,2817 SNYDER AVENUE,SNYDER AVENUE,ROGERS AVENUE,NOSTRAND AVENUE,ROGERS AVENUE,NOSTRAND AVENUE,ADDRESS,BROOKLYN,SNYDER AVENUE,,Closed,,The Department of Sanitation investigated this complaint and found no violation at the location.,01/15/2022 07:37:48 AM,17 BROOKLYN,3051080059,BROOKLYN,997835,175676,ONLINE,Unspecified,BROOKLYN,,,,,,,,40.6488562766486,-73.9510439031193,"(40.6488562766486, -73.9510439031193)"
53003109,01/08/2022 01:53:18 PM,01/18/2022 05:19:21 PM,DSNY,Department of Sanitation,Dirty Condition,Dog Waste,Sidewalk,11207,627 CENTRAL AVENUE,CENTRAL AVENUE,DECATUR STREET,COOPER STREET,DECATUR STREET,COOPER STREET,ADDRESS,BROOKLYN,CENTRAL AVENUE,,Closed,,The Department of Sanitation investigated this complaint and found no violation at the location.,01/18/2022 05:18:58 PM,04 BROOKLYN,3034350104,BROOKLYN,1009837,190014,PHONE,Unspecified,BROOKLYN,,,,,,,,40.68818432289671,-73.90773804711316,"(40.68818432289671, -73.90773804711316)"
52993329,01/07/2022 11:52:52 PM,01/08/2022 03:51:14 PM,DSNY,Department of Sanitation,Dirty Condition,Dog Waste,Sidewalk,11375,110-22 62 DRIVE,62 DRIVE,COLONIAL AVENUE,GRAND CENTRAL PARKWAY,COLONIAL AVENUE,GRAND CENTRAL PARKWAY,ADDRESS,FOREST HILLS,62 DRIVE,,Closed,,The Department of Sanitation investigated this complaint and found no violation at the location.,01/08/2022 03:50:37 PM,06 QUEENS,4021800016,QUEENS,1026372,207659,ONLINE,Unspecified,QUEENS,,,,,,,,40.73655232579915,-73.84800561703707,"(40.73655232579915, -73.84800561703707)"
52990491,01/07/2022 10:24:52 AM,01/10/2022 05:26:27 AM,DSNY,Department of Sanitation,Dirty Condition,Dog Waste,Sidewalk,10026,FRED DOUGLAS BOULEVARD,FRED DOUGLAS BOULEVARD,WEST  111 STREET,WEST  112 STREET,WEST  111 STREET,WEST  112 STREET,BLOCKFACE,,,,Closed,,The Department of Sanitation investigated this complaint and found no violation at the location.,01/10/2022 05:26:32 AM,Unspecified MANHATTAN,,MANHATTAN,,,PHONE,Unspecified,MANHATTAN,,,,,,,,,,
52989618,01/07/2022 10:17:34 AM,01/10/2022 05:26:26 AM,DSNY,Department of Sanitation,Dirty Condition,Dog Waste,Sidewalk,10026,FRED DOUGLAS BOULEVARD,FRED DOUGLAS BOULEVARD,WEST  111 STREET,WEST  112 STREET,WEST  111 STREET,WEST  112 STREET,BLOCKFACE,,,,Closed,,The Department of Sanitation investigated this complaint and found no violation at the location.,01/10/2022 05:26:14 AM,Unspecified MANHATTAN,,MANHATTAN,,,PHONE,Unspecified,MANHATTAN,,,,,,,,,,
52980343,01/06/2022 07:45:32 PM,01/10/2022 12:49:48 AM,DSNY,Department of Sanitation,Dirty Condition,Dog Waste,Sidewalk,10460,1932 BRYANT AVENUE,BRYANT AVENUE,BOSTON ROAD,EAST TREMONT AVENUE,BOSTON ROAD,EAST TREMONT AVENUE,ADDRESS,BRONX,BRYANT AVENUE,,Closed,,The Department of Sanitation investigated this complaint and found no violation at the location.,01/10/2022 12:49:19 AM,06 BRONX,2030057501,BRONX,1016835,245328,PHONE,Unspecified,BRONX,,,,,,,,40.83998380642961,-73.88223645239954,"(40.83998380642961, -73.88223645239954)"
52982378,01/06/2022 05:24:25 PM,01/08/2022 03:52:28 PM,DSNY,Department of Sanitation,Dirty Condition,Dog Waste,Sidewalk,11373,92-40 54 AVENUE,54 AVENUE,92 STREET,94 STREET,92 STREET,94 STREET,ADDRESS,ELMHURST,54 AVENUE,,Closed,,The Department of Sanitation investigated this complaint and found no violation at the location.,01/08/2022 03:51:56 PM,04 QUEENS,,QUEENS,1020199,208212,PHONE,Unspecified,QUEENS,,,,,,,,40.73809741735449,-73.87027747884046,"(40.73809741735449, -73.87027747884046)"
52984161,01/06/2022 03:52:51 PM,01/12/2022 01:18:50 PM,DSNY,Department of Sanitation,Dirty Condition,Dog Waste,Street,10460,1736 VAN BUREN STREET,VAN BUREN STREET,VAN NEST AVENUE,MORRIS PARK AVENUE,VAN NEST AVENUE,MORRIS PARK AVENUE,ADDRESS,BRONX,VAN BUREN STREET,,Closed,,The Department of Sanitation investigated this complaint and found no violation at the location.,01/12/2022 01:18:38 PM,11 BRONX,2040190048,BRONX,1020035,245967,ONLINE,Unspecified,BRONX,,,,,,,,40.84172528570023,-73.87066812548873,"(40.84172528570023, -73.87066812548873)"
52980322,01/06/2022 03:42:23 PM,01/19/2022 03:09:34 PM,DSNY,Department of Sanitation,Dirty Condition,Dog Waste,Sidewalk,11238,582 PARK PLACE,PARK PLACE,CLASSON AVENUE,FRANKLIN AVENUE SHUTTLE LINE,CLASSON AVENUE,FRANKLIN AVENUE SHUTTLE LINE,ADDRESS,BROOKLYN,PARK PLACE,,Closed,,The Department of Sanitation investigated this complaint and found no violation at the location.,01/19/2022 03:08:35 PM,08 BROOKLYN,3011680027,BROOKLYN,995707,185044,ONLINE,Unspecified,BROOKLYN,,,,,,,,40.674572373786916,-73.9586966311994,"(40.674572373786916, -73.9586966311994)"
52980324,01/06/2022 02:43:17 PM,02/14/2022 04:55:50 PM,DSNY,Department of Sanitation,Dirty Condition,Dog Waste,Sidewalk,11209,155 89 STREET,89 STREET,COLONIAL ROAD,JUSTICE ARTHUR M SCHACK WAY,COLONIAL ROAD,JUSTICE ARTHUR M SCHACK WAY,ADDRESS,BROOKLYN,89 STREET,,Closed,,The Department of Sanitation investigated this complaint and found no violation at the location.,02/14/2022 04:55:15 PM,10 BROOKLYN,3060600049,BROOKLYN,974427,165961,ONLINE,Unspecified,BROOKLYN,,,,,,,,40.622195642302444,-74.03538488344503,"(40.622195642302444, -74.03538488344503)"
52984159,01/06/2022 01:45:04 PM,01/11/2022 01:01:53 PM,DSNY,Department of Sanitation,Dirty Condition,Dog Waste,Sidewalk,10453,1820 LORING PLACE,LORING PLACE,MONTGOMERY AVENUE,WEST BURNSIDE AVENUE,MONTGOMERY AVENUE,WEST BURNSIDE AVENUE,ADDRESS,BRONX,LORING PLACE,,Closed,,The Department of Sanitation investigated this complaint and found no violation at the location.,01/11/2022 01:00:24 PM,05 BRONX,2028790053,BRONX,1007511,249876,PHONE,Unspecified,BRONX,,,,,,,,40.85249620555654,-73.9159179749601,"(40.85249620555654, -73.9159179749601)"
52984162,01/06/2022 11:49:44 AM,01/09/2022 06:39:14 AM,DSNY,Department of Sanitation,Dirty Condition,Dog Waste,Sidewalk,11418,87-47 111 STREET,111 STREET,JAMAICA AVENUE,91 AVENUE,JAMAICA AVENUE,91 AVENUE,ADDRESS,RICHMOND HILL,111 STREET,,Closed,,The Department of Sanitation investigated this complaint and found no violation at the location.,01/09/2022 06:38:51 AM,09 QUEENS,4093010024,QUEENS,1029459,193063,PHONE,Unspecified,QUEENS,,,,,,,,40.69647463245971,-73.83696443814854,"(40.69647463245971, -73.83696443814854)"
52989096,01/06/2022 07:19:45 AM,01/10/2022 12:40:04 AM,DSNY,Department of Sanitation,Dirty Condition,Dog Waste,Sidewalk,10461,3120 BUHRE AVENUE,BUHRE AVENUE,MAHAN AVENUE,PARKVIEW AVENUE,MAHAN AVENUE,PARKVIEW AVENUE,ADDRESS,BRONX,BUHRE AVENUE,,Closed,,The Department of Sanitation investigated this complaint and found no violation at the location.,01/10/2022 12:39:36 AM,10 BRONX,2041770007,BRONX,1031542,248347,PHONE,Unspecified,BRONX,,,,,,,,40.848203546686534,-73.82906356440097,"(40.848203546686534, -73.82906356440097)"
52977946,01/05/2022 09:53:56 PM,01/10/2022 01:36:55 PM,DSNY,Department of Sanitation,Dirty Condition,Dog Waste,Sidewalk,10470,4216 ONEIDA AVENUE,ONEIDA AVENUE,EAST  233 STREET,EAST  235 STREET,EAST  233 STREET,EAST  235 STREET,ADDRESS,BRONX,ONEIDA AVENUE,,Closed,,The Department of Sanitation investigated this complaint and found no violation at the location.,01/10/2022 01:36:23 PM,12 BRONX,2033690005,BRONX,1019508,265955,PHONE,Unspecified,BRONX,,,,,,,,40.896588305618,-73.87246759983832,"(40.896588305618, -73.87246759983832)"
52976723,01/05/2022 06:08:18 PM,01/06/2022 01:57:19 PM,DSNY,Department of Sanitation,Dirty Condition,Dog Waste,Sidewalk,10002,159 RIVINGTON STREET,RIVINGTON STREET,SUFFOLK STREET,CLINTON STREET,SUFFOLK STREET,CLINTON STREET,ADDRESS,NEW YORK,RIVINGTON STREET,,Closed,,The Department of Sanitation investigated this complaint and found no condition at the location.,01/06/2022 01:55:26 PM,03 MANHATTAN,1003480019,MANHATTAN,988311,201286,PHONE,Unspecified,MANHATTAN,,,,,,,,40.71915936695697,-73.98534998810013,"(40.71915936695697, -73.98534998810013)"
52975510,01/05/2022 04:23:00 PM,01/19/2022 02:12:52 PM,DSNY,Department of Sanitation,Dirty Condition,Dog Waste,Sidewalk,11216,680 ST JOHNS PLACE,ST JOHNS PLACE,ST FRANCIS PLACE,ST CHARLES PLACE,ST FRANCIS PLACE,ST CHARLES PLACE,ADDRESS,BROOKLYN,ST JOHNS PLACE,,Closed,,The Department of Sanitation investigated this complaint and found no violation at the location.,01/19/2022 02:11:53 PM,08 BROOKLYN,3012520044,BROOKLYN,996524,184134,ONLINE,Unspecified,BROOKLYN,,,,,,,,40.67207353340541,-73.95575294076453,"(40.67207353340541, -73.95575294076453)"
52971140,01/05/2022 12:30:05 PM,01/07/2022 07:11:12 AM,DSNY,Department of Sanitation,Dirty Condition,Dog Waste,Sidewalk,11102,11-17 30 ROAD,30 ROAD,VERNON BOULEVARD,12 STREET,VERNON BOULEVARD,12 STREET,ADDRESS,ASTORIA,30 ROAD,,Closed,,The Department of Sanitation investigated this complaint and found no violation at the location.,01/07/2022 07:08:36 AM,01 QUEENS,4005060026,QUEENS,1002625,220146,ONLINE,Unspecified,QUEENS,,,,,,,,40.77090717759139,-73.93366087993309,"(40.77090717759139, -73.93366087993309)"
52968872,01/04/2022 09:18:53 PM,01/27/2022 09:05:13 AM,DSNY,Department of Sanitation,Dirty Condition,Dog Waste,Sidewalk,11239,1159 ELTON STREET,ELTON STREET,EGAN STREET,VANDALIA AVENUE,EGAN STREET,VANDALIA AVENUE,ADDRESS,BROOKLYN,ELTON STREET,,Closed,,The Department of Sanitation investigated this complaint and found no violation at the location.,01/27/2022 09:04:48 AM,05 BROOKLYN,3044527501,BROOKLYN,1019268,178358,PHONE,Unspecified,BROOKLYN,,,,,,,,40.656158960661784,-73.87379221444262,"(40.656158960661784, -73.87379221444262)"
52962627,01/04/2022 08:58:08 PM,01/27/2022 09:07:38 AM,DSNY,Department of Sanitation,Dirty Condition,Dog Waste,Sidewalk,11239,1150 ELTON STREET,ELTON STREET,LOCKE STREET,EGAN STREET,LOCKE STREET,EGAN STREET,ADDRESS,BROOKLYN,ELTON STREET,,Closed,,The Department of Sanitation investigated this complaint and found no violation at the location.,01/27/2022 09:07:13 AM,05 BROOKLYN,,BROOKLYN,1019212,178446,PHONE,Unspecified,BROOKLYN,,,,,,,,40.65640072241439,-73.87399358659786,"(40.65640072241439, -73.87399358659786)"
52970168,01/04/2022 09:19:03 AM,01/05/2022 03:34:57 PM,DSNY,Department of Sanitation,Dirty Condition,Dog Waste,Street,10457,246 ECHO PLACE,ECHO PLACE,GRAND CONCOURSE,ANTHONY AVENUE,GRAND CONCOURSE,ANTHONY AVENUE,ADDRESS,BRONX,ECHO PLACE,,Closed,,The Department of Sanitation investigated this complaint and found no violation at the location.,01/05/2022 03:32:09 PM,05 BRONX,2028090026,BRONX,1010756,248834,PHONE,Unspecified,BRONX,,,,,,,,40.84962708062956,-73.90419233369009,"(40.84962708062956, -73.90419233369009)"
52957288,01/03/2022 06:54:23 PM,01/05/2022 02:00:03 PM,DSNY,Department of Sanitation,Dirty Condition,Dog Waste,Sidewalk,11422,259-16 147 ROAD,147 ROAD,259 STREET,FRANCIS LEWIS BOULEVARD,259 STREET,FRANCIS LEWIS BOULEVARD,ADDRESS,ROSEDALE,147 ROAD,,Closed,,The Department of Sanitation investigated this complaint and found no violation at the location.,01/05/2022 01:59:37 PM,13 QUEENS,4136830049,QUEENS,1059428,178514,ONLINE,Unspecified,QUEENS,,,,,,,,40.65633725914568,-73.72905117060273,"(40.65633725914568, -73.72905117060273)"
52953636,01/03/2022 03:11:20 PM,01/05/2022 12:38:10 PM,DSNY,Department of Sanitation,Dirty Condition,Dog Waste,Sidewalk,10019,144 WEST   55 STREET,WEST   55 STREET,6 1/2 AVENUE,7 AVENUE,6 1/2 AVENUE,7 AVENUE,ADDRESS,NEW YORK,WEST   55 STREET,,Closed,,The Department of Sanitation investigated this complaint and found no violation at the location.,01/05/2022 12:37:48 PM,05 MANHATTAN,1010070005,MANHATTAN,989769,217562,ONLINE,Unspecified,MANHATTAN,,,,,,,,40.76383214250531,-73.98007691539856,"(40.76383214250531, -73.98007691539856)"
52959756,01/03/2022 11:53:50 AM,01/05/2022 02:16:45 PM,DSNY,Department of Sanitation,Dirty Condition,Dog Waste,Sidewalk,11432,86-50 CHELSEA STREET,CHELSEA STREET,BARRINGTON STREET,87 ROAD,BARRINGTON STREET,87 ROAD,ADDRESS,JAMAICA,CHELSEA STREET,,Closed,,The Department of Sanitation investigated this complaint and found no violation at the location.,01/05/2022 02:16:21 PM,08 QUEENS,4099560121,QUEENS,1046167,200298,PHONE,Unspecified,QUEENS,,,,,,,,40.71623181036224,-73.77664468772781,"(40.71623181036224, -73.77664468772781)"
52957287,01/03/2022 11:52:38 AM,01/04/2022 01:35:16 PM,DSNY,Department of Sanitation,Dirty Condition,Dog Waste,Sidewalk,10314,204 MERRYMOUNT STREET,MERRYMOUNT STREET,SHILOH STREET,NOME AVENUE,SHILOH STREET,NOME AVENUE,ADDRESS,STATEN ISLAND,MERRYMOUNT STREET,,Closed,,The Department of Sanitation investigated this complaint and found no violation at the location.,01/04/2022 01:34:25 PM,02 STATEN ISLAND,5023830086,STATEN ISLAND,939663,153842,ONLINE,Unspecified,STATEN ISLAND,,,,,,,,40.58882476649731,-74.16053326196618,"(40.58882476649731, -74.16053326196618)"
52957135,01/03/2022 10:41:39 AM,01/05/2022 04:25:47 PM,DSNY,Department of Sanitation,Dirty Condition,Dog Waste,Sidewalk,11692,72-22 ELIZABETH AVENUE,ELIZABETH AVENUE,BEACH   72 STREET,DEAD END,BEACH   72 STREET,DEAD END,ADDRESS,ARVERNE,ELIZABETH AVENUE,,Closed,,The Department of Sanitation investigated this complaint and found no violation at the location.,01/05/2022 04:25:30 PM,14 QUEENS,4160650055,QUEENS,1039377,156235,ONLINE,Unspecified,QUEENS,,,,,,,,40.59533376998696,-73.80149858889007,"(40.59533376998696, -73.80149858889007)"
52958532,01/03/2022 09:58:01 AM,01/04/2022 01:29:21 PM,DSNY,Department of Sanitation,Dirty Condition,Dog Waste,Sidewalk,11209,375 76 STREET,76 STREET,3 AVENUE,4 AVENUE,3 AVENUE,4 AVENUE,ADDRESS,BROOKLYN,76 STREET,,Closed,,The Department of Sanitation investigated this complaint and found no violation at the location.,01/04/2022 01:28:48 PM,10 BROOKLYN,3059400045,BROOKLYN,976969,168922,ONLINE,Unspecified,BROOKLYN,,,,,,,,40.630325418987404,-74.02623116335641,"(40.630325418987404, -74.02623116335641)"
52953620,01/03/2022 09:01:26 AM,01/10/2022 12:46:21 AM,DSNY,Department of Sanitation,Dirty Condition,Dog Waste,Sidewalk,10458,480 EAST  188 STREET,EAST  188 STREET,AUDIE TRINIDAD WAY,BATHGATE AVENUE,AUDIE TRINIDAD WAY,BATHGATE AVENUE,ADDRESS,BRONX,EAST  188 STREET,,Closed,,The Department of Sanitation investigated this complaint and found no violation at the location.,01/10/2022 12:45:54 AM,06 BRONX,2030570011,BRONX,1014570,251994,PHONE,Unspecified,BRONX,,,,,,,,40.85828805965668,-73.89039210329346,"(40.85828805965668, -73.89039210329346)"
52952354,01/03/2022 09:00:20 AM,01/04/2022 01:27:09 PM,DSNY,Department of Sanitation,Dirty Condition,Dog Waste,Sidewalk,10037,45 WEST  142 STREET,WEST  142 STREET,CHISUM PLACE,JACK JOHNSON PLAZA,CHISUM PLACE,JACK JOHNSON PLAZA,ADDRESS,NEW YORK,WEST  142 STREET,,Closed,,The Department of Sanitation investigated this complaint and found no violation at the location.,01/04/2022 01:26:49 PM,10 MANHATTAN,,MANHATTAN,1001865,237292,PHONE,Unspecified,MANHATTAN,,,,,,,,40.817969840478646,-73.9363597285853,"(40.817969840478646, -73.9363597285853)"
52953499,01/03/2022 08:57:13 AM,01/04/2022 01:24:23 PM,DSNY,Department of Sanitation,Dirty Condition,Dog Waste,Sidewalk,10037,60 WEST  142 STREET,WEST  142 STREET,CHISUM PLACE,JACK JOHNSON PLAZA,CHISUM PLACE,JACK JOHNSON PLAZA,ADDRESS,NEW YORK,WEST  142 STREET,,Closed,,The Department of Sanitation investigated this complaint and found no violation at the location.,01/04/2022 01:24:27 PM,10 MANHATTAN,1017370059,MANHATTAN,1001836,237301,PHONE,Unspecified,MANHATTAN,,,,,,,,40.81799460072329,-73.93646447748057,"(40.81799460072329, -73.93646447748057)"
52955988,01/03/2022 08:55:24 AM,01/04/2022 01:26:34 PM,DSNY,Department of Sanitation,Dirty Condition,Dog Waste,Sidewalk,10037,11 WEST  141 STREET,WEST  141 STREET,5 AVENUE,CHISUM PLACE,5 AVENUE,CHISUM PLACE,ADDRESS,NEW YORK,WEST  141 STREET,,Closed,,The Department of Sanitation investigated this complaint and found no violation at the location.,01/04/2022 01:24:44 PM,10 MANHATTAN,1017390022,MANHATTAN,1002187,236824,PHONE,Unspecified,MANHATTAN,,,,,,,,40.816684664252115,-73.9351976436149,"(40.816684664252115, -73.9351976436149)"
52951202,01/03/2022 08:54:00 AM,01/04/2022 01:24:22 PM,DSNY,Department of Sanitation,Dirty Condition,Dog Waste,Sidewalk,10037,60 WEST  142 STREET,WEST  142 STREET,CHISUM PLACE,JACK JOHNSON PLAZA,CHISUM PLACE,JACK JOHNSON PLAZA,ADDRESS,NEW YORK,WEST  142 STREET,,Closed,,The Department of Sanitation investigated this complaint and found no violation at the location.,01/04/2022 01:24:06 PM,10 MANHATTAN,1017370059,MANHATTAN,1001836,237301,PHONE,Unspecified,MANHATTAN,,,,,,,,40.81799460072329,-73.93646447748057,"(40.81799460072329, -73.93646447748057)"
52944510,01/02/2022 07:22:19 PM,01/03/2022 02:13:29 PM,DSNY,Department of Sanitation,Dirty Condition,Dog Waste,Sidewalk,11419,115-05 107 AVENUE,107 AVENUE,115 STREET,116 STREET,115 STREET,116 STREET,ADDRESS,SOUTH RICHMOND HILL,107 AVENUE,,Closed,,The Department of Sanitation investigated this complaint and found no violation at the location.,01/03/2022 02:13:04 PM,10 QUEENS,4095380044,QUEENS,1032382,188334,ONLINE,Unspecified,QUEENS,,,,,,,,40.68347922648966,-73.82645714344264,"(40.68347922648966, -73.82645714344264)"
52948636,01/02/2022 07:04:04 PM,01/03/2022 01:23:59 PM,DSNY,Department of Sanitation,Dirty Condition,Dog Waste,Sidewalk,10472,1491 WATSON AVENUE,WATSON AVENUE,EVERGREEN AVENUE,WHEELER AVENUE,EVERGREEN AVENUE,WHEELER AVENUE,ADDRESS,BRONX,WATSON AVENUE,,Closed,,The Department of Sanitation investigated this complaint and found no violation at the location.,01/03/2022 01:23:47 PM,09 BRONX,2037380001,BRONX,1017480,240182,PHONE,Unspecified,BRONX,,,,,,,,40.82585712743057,-73.87993089039936,"(40.82585712743057, -73.87993089039936)"
52947020,01/02/2022 04:36:05 PM,01/03/2022 01:50:01 PM,DSNY,Department of Sanitation,Dirty Condition,Dog Waste,Sidewalk,11103,32-71 41 STREET,41 STREET,BROADWAY,34 AVENUE,BROADWAY,34 AVENUE,ADDRESS,ASTORIA,41 STREET,,Closed,,The Department of Sanitation investigated this complaint and found no violation at the location.,01/03/2022 01:47:40 PM,01 QUEENS,4006770009,QUEENS,1006773,215435,ONLINE,Unspecified,QUEENS,,,,,,,,40.75796710863824,-73.91870118066316,"(40.75796710863824, -73.91870118066316)"
52947021,01/02/2022 03:43:28 PM,01/05/2022 12:54:42 PM,DSNY,Department of Sanitation,Dirty Condition,Dog Waste,Sidewalk,10022,400 EAST   51 STREET,EAST   51 STREET,1 AVENUE,BEEKMAN PLACE,1 AVENUE,BEEKMAN PLACE,ADDRESS,NEW YORK,EAST   51 STREET,,Closed,,The Department of Sanitation investigated this complaint and found no violation at the location.,01/05/2022 12:54:25 PM,06 MANHATTAN,1013627502,MANHATTAN,993809,214131,PHONE,Unspecified,MANHATTAN,,,,,,,,40.75441148129424,-73.96549776490727,"(40.75441148129424, -73.96549776490727)"
52950453,01/02/2022 01:05:20 PM,01/03/2022 01:24:39 PM,DSNY,Department of Sanitation,Dirty Condition,Dog Waste,Sidewalk,10456,EAST  170 STREET,EAST  170 STREET,EAST  170 STREET,WEBSTER AVENUE,EAST  170 STREET,WEBSTER AVENUE,INTERSECTION,,,,Closed,,The Department of Sanitation investigated this complaint and found no violation at the location.,01/03/2022 01:24:29 PM,03 BRONX,,BRONX,1009873,243953,ONLINE,Unspecified,BRONX,,,,,,,,40.836232777526845,-73.90740264212646,"(40.836232777526845, -73.90740264212646)"
52941845,01/01/2022 08:31:59 PM,01/07/2022 05:05:39 AM,DSNY,Department of Sanitation,Dirty Condition,Dog Waste,Sidewalk,11238,699 CLASSON AVENUE,CLASSON AVENUE,ST MARKS AVENUE,PROSPECT PLACE,ST MARKS AVENUE,PROSPECT PLACE,ADDRESS,BROOKLYN,CLASSON AVENUE,,Closed,,The Department of Sanitation investigated this complaint and found no violation at the location.,01/07/2022 05:04:46 AM,08 BROOKLYN,3011560001,BROOKLYN,995477,185694,ONLINE,Unspecified,BROOKLYN,,,,,,,,40.6763567718411,-73.95952471607447,"(40.6763567718411, -73.95952471607447)"
52941919,01/01/2022 01:42:47 PM,01/25/2022 04:31:34 PM,DSNY,Department of Sanitation,Dirty Condition,Dog Waste,Sidewalk,11201,2 NAVY STREET,NAVY STREET,YORK STREET,1 AVENUE,YORK STREET,1 AVENUE,ADDRESS,BROOKLYN,NAVY STREET,,Closed,,The Department of Sanitation investigated this complaint and found no violation at the location.,01/25/2022 04:30:56 PM,02 BROOKLYN,,BROOKLYN,989677,194499,ONLINE,Unspecified,BROOKLYN,,,,,,,,40.70052992972237,-73.98042762919376,"(40.70052992972237, -73.98042762919376)"
52938961,01/01/2022 10:59:27 AM,01/04/2022 01:07:43 PM,DSNY,Department of Sanitation,Dirty Condition,Dog Waste,Sidewalk,10025,200 WEST  107 STREET,WEST  107 STREET,AMSTERDAM AVENUE,BROADWAY,AMSTERDAM AVENUE,BROADWAY,ADDRESS,NEW YORK,WEST  107 STREET,,Closed,,The Department of Sanitation investigated this complaint and found no violation at the location.,01/04/2022 01:07:27 PM,07 MANHATTAN,1018780033,MANHATTAN,993772,231202,ONLINE,Unspecified,MANHATTAN,,,,,,,,40.80126691126722,-73.9656071206126,"(40.80126691126722, -73.9656071206126)"
52943851,01/01/2022 10:55:06 AM,01/04/2022 01:09:21 PM,DSNY,Department of Sanitation,Dirty Condition,Dog Waste,Sidewalk,10025,937 AMSTERDAM AVENUE,AMSTERDAM AVENUE,WEST  105 STREET,WEST  106 STREET,WEST  105 STREET,WEST  106 STREET,ADDRESS,NEW YORK,AMSTERDAM AVENUE,,Closed,,The Department of Sanitation investigated this complaint and found no violation at the location.,01/04/2022 01:09:06 PM,07 MANHATTAN,,MANHATTAN,993725,230861,ONLINE,Unspecified,MANHATTAN,,,,,,,,40.800331010093345,-73.96577736290102,"(40.800331010093345, -73.96577736290102)"
52942525,01/01/2022 08:36:54 AM,01/03/2022 01:25:08 PM,DSNY,Department of Sanitation,Dirty Condition,Dog Waste,Sidewalk,10467,375 EAST  205 STREET,EAST  205 STREET,DECATUR AVENUE,WEBSTER AVENUE,DECATUR AVENUE,WEBSTER AVENUE,ADDRESS,BRONX,EAST  205 STREET,,Closed,,The Department of Sanitation investigated this complaint and found no violation at the location.,01/03/2022 01:25:10 PM,07 BRONX,2033540047,BRONX,1018708,257430,PHONE,Unspecified,BRONX,,,,,,,,40.8731930336051,-73.87540515130969,"(40.8731930336051, -73.87540515130969)"
52938972,01/01/2022 08:23:38 AM,01/03/2022 01:25:07 PM,DSNY,Department of Sanitation,Dirty Condition,Dog Waste,Sidewalk,10467,375 EAST  205 STREET,EAST  205 STREET,DECATUR AVENUE,WEBSTER AVENUE,DECATUR AVENUE,WEBSTER AVENUE,ADDRESS,BRONX,EAST  205 STREET,,Closed,,The Department of Sanitation investigated this complaint and found no violation at the location.,01/03/2022 01:24:51 PM,07 BRONX,2033540047,BRONX,1018708,257430,PHONE,Unspecified,BRONX,,,,,,,,40.8731930336051,-73.87540515130969,"(40.8731930336051, -73.87540515130969)"
52935227,01/01/2022 01:39:48 AM,01/09/2022 02:00:59 PM,DSNY,Department of Sanitation,Dirty Condition,Dog Waste,Sidewalk,11420,131-17 135 AVENUE,135 AVENUE,131 STREET,132 STREET,131 STREET,132 STREET,ADDRESS,SOUTH OZONE PARK,135 AVENUE,,Closed,,The Department of Sanitation investigated this complaint and found no violation at the location.,01/09/2022 01:59:59 PM,10 QUEENS,4117910001,QUEENS,1037591,182599,ONLINE,Unspecified,QUEENS,,,,,,,,40.66770812351103,-73.80772122275773,"(40.66770812351103, -73.80772122275773)"
