Unique Key,Created Date,Closed Date,Agency,Agency Name,Complaint Type,Descriptor,Location Type,Incident Zip,Incident Address,Street Name,Cross Street 1,Cross Street 2,Intersection Street 1,Intersection Street 2,Address Type,City,Landmark,Facility Type,Status,Due Date,Resolution Description,Resolution Action Updated Date,Community Board,BBL,Borough,X Coordinate (State Plane),Y Coordinate (State Plane),Open Data Channel Type,Park Facility Name,Park Borough,Vehicle Type,Taxi Company Borough,Taxi Pick Up Location,Bridge Highway Name,Bridge Highway Direction,Road Ramp,Bridge Highway Segment,Latitude,Longitude,Location
45929239,03/31/2020 08:07:00 PM,04/01/2020 12:00:00 PM,DSNY,Department of Sanitation,Dirty Conditions,E8 Canine Violation,Sidewalk,,,,,,,,INTERSECTION,,,N/A,Closed,,The Department of Sanitation investigated this complaint and found no violation at the location.,04/01/2020 12:00:00 PM,,,,,,PHONE,Unspecified,,,,,,,,,,,
45929221,03/31/2020 05:43:00 PM,04/01/2020 12:00:00 PM,DSNY,Department of Sanitation,Dirty Conditions,E8 Canine Violation,Sidewalk,10456,211 EAST  168 STREET,EAST  168 STREET,GRAND CONCOURSE,SHERIDAN AVENUE,,,ADDRESS,BRONX,,N/A,Closed,,The Department of Sanitation investigated this complaint and found no violation at the location.,04/01/2020 12:00:00 PM,04 BRONX,,BRONX,1007537,243712,PHONE,Unspecified,BRONX,,,,,,,,40.83557777121086,-73.91584539774243,"(40.83557777121086, -73.91584539774243)"
45930630,03/31/2020 05:38:00 PM,04/06/2020 12:00:00 PM,DSNY,Department of Sanitation,Dirty Conditions,E8 Canine Violation,Sidewalk,11218,114 ALBEMARLE ROAD,ALBEMARLE ROAD,MCDONALD AVENUE,EAST 2 STREET,,,ADDRESS,BROOKLYN,,N/A,Closed,,The Department of Sanitation investigated this complaint and found no violation at the location.,04/06/2020 12:00:00 PM,12 BROOKLYN,3053340006,BROOKLYN,989989,174327,ONLINE,Unspecified,BROOKLYN,,,,,,,,40.645162123509614,-73.97931958244115,"(40.645162123509614, -73.97931958244115)"
45930658,03/31/2020 03:44:00 PM,04/01/2020 12:00:00 PM,DSNY,Department of Sanitation,Dirty Conditions,E8 Canine Violation,Sidewalk,11691,130 BEACH   26 STREET,BEACH   26 STREET,DEAD END,SEAGIRT AVENUE,,,ADDRESS,Far Rockaway,,N/A,Closed,,The Department of Sanitation investigated this complaint and found no violation at the location.,04/01/2020 12:00:00 PM,14 QUEENS,4158170017,QUEENS,1051177,155573,ONLINE,Unspecified,QUEENS,,,,,,,,40.59343547011908,-73.75901587867638,"(40.59343547011908, -73.75901587867638)"
45924966,03/31/2020 09:54:00 AM,04/01/2020 12:00:00 PM,DSNY,Department of Sanitation,Dirty Conditions,E8 Canine Violation,Sidewalk,,,,,,,,INTERSECTION,,,N/A,Closed,,The Department of Sanitation investigated this complaint and found no violation at the location.,04/01/2020 12:00:00 PM,,,,,,PHONE,Unspecified,,,,,,,,,,,
45926391,03/31/2020 09:41:00 AM,04/01/2020 12:00:00 PM,DSNY,Department of Sanitation,Dirty Conditions,E8 Canine Violation,Sidewalk,10467,2636 BOSTON ROAD,BOSTON ROAD,MATTHEWS AVENUE,ALLERTON AVENUE,,,ADDRESS,BRONX,,N/A,Closed,,The Department of Sanitation investigated this complaint and found no violation at the location.,04/01/2020 12:00:00 PM,11 BRONX,,BRONX,1022285,254607,PHONE,Unspecified,BRONX,,,,,,,,40.865430080661156,-73.8624873116681,"(40.865430080661156, -73.8624873116681)"
45924919,03/31/2020 09:39:00 AM,04/01/2020 12:00:00 PM,DSNY,Department of Sanitation,Dirty Conditions,E8 Canine Violation,Sidewalk,10459,1284 UNION AVENUE,UNION AVENUE,BEND,RITTER PLACE,,,ADDRESS,BRONX,,N/A,Closed,,The Department of Sanitation investigated this complaint and found no violation at the location.,04/01/2020 12:00:00 PM,03 BRONX,2029680034,BRONX,1012293,241966,PHONE,Unspecified,BRONX,,,,,,,,40.8307716857472,-73.8986654696723,"(40.8307716857472, -73.8986654696723)"
45922440,03/30/2020 07:31:00 PM,03/31/2020 12:00:00 PM,DSNY,Department of Sanitation,Dirty Conditions,E8 Canine Violation,Sidewalk,11206,223 SCHOLES STREET,SCHOLES STREET,BUSHWICK AVENUE,WATERBURY STREET,,,ADDRESS,BROOKLYN,,N/A,Closed,,The Department of Sanitation investigated this complaint and found no violation at the location.,03/31/2020 12:00:00 PM,01 BROOKLYN,3030370001,BROOKLYN,1000986,197645,PHONE,Unspecified,BROOKLYN,,,,,,,,40.70915079525611,-73.93963412854902,"(40.70915079525611, -73.93963412854902)"
45922372,03/30/2020 05:38:00 PM,04/01/2020 12:00:00 PM,DSNY,Department of Sanitation,Dirty Conditions,E8 Canine Violation,Sidewalk,10467,3177 WEBSTER AVENUE,WEBSTER AVENUE,EAST 204 STREET,EAST 205 STREET,,,ADDRESS,BRONX,,N/A,Closed,,The Department of Sanitation investigated this complaint and found no violation at the location.,04/01/2020 12:00:00 PM,07 BRONX,2033530040,BRONX,1018717,257196,PHONE,Unspecified,BRONX,,,,,,,,40.87255074095535,-73.87537381250527,"(40.87255074095535, -73.87537381250527)"
45924960,03/30/2020 02:58:00 PM,04/02/2020 12:00:00 PM,DSNY,Department of Sanitation,Dirty Conditions,E8 Canine Violation,Sidewalk,11226,125 EAST   18 STREET,EAST   18 STREET,TENNIS COURT,ALBEMARLE ROAD,,,ADDRESS,BROOKLYN,,N/A,Closed,,The Department of Sanitation investigated this complaint and found no violation at the location.,04/02/2020 12:00:00 PM,14 BROOKLYN,3050990074,BROOKLYN,994570,175406,PHONE,Unspecified,BROOKLYN,,,,,,,,40.64811959183956,-73.96281035478435,"(40.64811959183956, -73.96281035478435)"
45917958,03/30/2020 09:56:00 AM,04/07/2020 12:00:00 PM,DSNY,Department of Sanitation,Dirty Conditions,E8 Canine Violation,Sidewalk,10029,1569 LEXINGTON AVENUE,LEXINGTON AVENUE,EAST 100 STREET,EAST 101 STREET,,,ADDRESS,NEW YORK,,N/A,Closed,,The Department of Sanitation investigated this complaint and found no violation at the location.,04/07/2020 12:00:00 PM,11 MANHATTAN,1016280020,MANHATTAN,998388,226580,ONLINE,Unspecified,MANHATTAN,,,,,,,,40.78857459516554,-73.9489441454586,"(40.78857459516554, -73.9489441454586)"
45911811,03/29/2020 10:31:00 AM,04/06/2020 12:00:00 PM,DSNY,Department of Sanitation,Dirty Conditions,E8 Canine Violation,Sidewalk,10456,1309 WASHINGTON AVENUE,WASHINGTON AVENUE,EAST 169 STREET,EAST 170 STREET,,,ADDRESS,BRONX,,N/A,Closed,,The Department of Sanitation investigated this complaint and found no violation at the location.,04/06/2020 12:00:00 PM,03 BRONX,2029010001,BRONX,1010342,242936,PHONE,Unspecified,BRONX,,,,,,,,40.833440034584825,-73.90571170964813,"(40.833440034584825, -73.90571170964813)"
45913070,03/29/2020 10:10:00 AM,03/31/2020 12:00:00 PM,DSNY,Department of Sanitation,Dirty Conditions,E8 Canine Violation,Sidewalk,11378,64-69 59 AVENUE,59 AVENUE,BEND,66 STREET,,,ADDRESS,Maspeth,,N/A,Closed,,The Department of Sanitation investigated this complaint and found no violation at the location.,03/31/2020 12:00:00 PM,05 QUEENS,4027530287,QUEENS,1012292,201735,ONLINE,Unspecified,QUEENS,,,,,,,,40.720348251763056,-73.89883697329999,"(40.720348251763056, -73.89883697329999)"
45913437,03/28/2020 07:28:00 PM,03/31/2020 12:00:00 PM,DSNY,Department of Sanitation,Dirty Conditions,E8 Canine Violation,Sidewalk,11105,22-36 28 STREET,28 STREET,DITMARS BOULEVARD,AMTRAK-CONNECTING RAIL LINE,,,ADDRESS,Astoria,,N/A,Closed,,The Department of Sanitation investigated this complaint and found no violation at the location.,03/31/2020 12:00:00 PM,01 QUEENS,4008550047,QUEENS,1008266,222220,ONLINE,Unspecified,QUEENS,,,,,,,,40.77658623612786,-73.91328782100955,"(40.77658623612786, -73.91328782100955)"
45913034,03/28/2020 06:44:00 PM,03/30/2020 12:00:00 PM,DSNY,Department of Sanitation,Dirty Conditions,E8 Canine Violation,Sidewalk,11229,11 IVAN COURT,IVAN COURT,DEAD END,SEBA AVENUE,,,ADDRESS,BROOKLYN,,N/A,Closed,,The Department of Sanitation investigated this complaint and found no violation at the location.,03/30/2020 12:00:00 PM,15 BROOKLYN,3088561516,BROOKLYN,1005337,153118,PHONE,Unspecified,BROOKLYN,,,,,,,,40.58692458960572,-73.92407950514776,"(40.58692458960572, -73.92407950514776)"
45911477,03/27/2020 05:39:00 PM,04/07/2020 12:00:00 PM,DSNY,Department of Sanitation,Dirty Conditions,E8 Canine Violation,Sidewalk,11422,140-55 255 STREET,255 STREET,HOOK CREEK BOULEVARD,FRANCIS LEWIS BOULEVARD,,,ADDRESS,Rosedale,,N/A,Closed,,The Department of Sanitation investigated this complaint and found no violation at the location.,04/07/2020 12:00:00 PM,13 QUEENS,4136050011,QUEENS,1059289,179954,PHONE,Unspecified,QUEENS,,,,,,,,40.66029090292259,-73.729536112739,"(40.66029090292259, -73.729536112739)"
45910853,03/27/2020 05:34:00 PM,04/07/2020 12:00:00 PM,DSNY,Department of Sanitation,Dirty Conditions,E8 Canine Violation,Sidewalk,11422,140-05 255 STREET,255 STREET,HOOK CREEK BOULEVARD,FRANCIS LEWIS BOULEVARD,,,ADDRESS,Rosedale,,N/A,Closed,,The Department of Sanitation investigated this complaint and found no violation at the location.,04/07/2020 12:00:00 PM,13 QUEENS,4136050034,QUEENS,1059485,180090,PHONE,Unspecified,QUEENS,,,,,,,,40.660662527943174,-73.7288281548571,"(40.660662527943174, -73.7288281548571)"
45908204,03/27/2020 03:38:00 PM,03/31/2020 12:00:00 PM,DSNY,Department of Sanitation,Dirty Conditions,E8 Canine Violation,Sidewalk,11221,189 PALMETTO STREET,PALMETTO STREET,CENTRAL AVENUE,WILSON AVENUE,,,ADDRESS,BROOKLYN,,N/A,Closed,,The Department of Sanitation investigated this complaint and found no violation at the location.,03/31/2020 12:00:00 PM,04 BROOKLYN,3033420050,BROOKLYN,1007473,192215,PHONE,Unspecified,BROOKLYN,,,,,,,,40.694232076025195,-73.91625459761971,"(40.694232076025195, -73.91625459761971)"
45908627,03/27/2020 03:08:00 PM,03/31/2020 12:00:00 PM,DSNY,Department of Sanitation,Dirty Conditions,E8 Canine Violation,Sidewalk,11377,50-61 47 STREET,47 STREET,50 AVENUE,LAUREL HILL BOULEVARD,,,ADDRESS,Woodside,,N/A,Closed,,The Department of Sanitation investigated this complaint and found no violation at the location.,03/31/2020 12:00:00 PM,02 QUEENS,4022970006,QUEENS,1006662,207504,PHONE,Unspecified,QUEENS,,,,,,,,40.73619879718169,-73.91912827473764,"(40.73619879718169, -73.91912827473764)"
45897320,03/26/2020 01:37:00 PM,04/04/2020 12:00:00 PM,DSNY,Department of Sanitation,Dirty Conditions,E8 Canine Violation,Sidewalk,11367,70-07 KISSENA BOULEVARD,KISSENA BOULEVARD,JEWEL AVENUE,70 ROAD,,,ADDRESS,Flushing,,N/A,Closed,,"The Department of Sanitation has investigated the complaint and addressed the issue. If the problem persists, call 311 to enter a new complaint. If you are outside of New York City, please call (212) NEW-YORK (212-639-9675).",04/04/2020 12:00:00 PM,08 QUEENS,4067920001,QUEENS,1035545,205973,PHONE,Unspecified,QUEENS,,,,,,,,40.731876237401586,-73.81491841207254,"(40.731876237401586, -73.81491841207254)"
45900411,03/26/2020 11:04:00 AM,03/27/2020 12:00:00 PM,DSNY,Department of Sanitation,Dirty Conditions,E8 Canine Violation,Sidewalk,11222,695 MEEKER AVENUE,MEEKER AVENUE,SUTTON STREET,MORGAN AVENUE,,,ADDRESS,BROOKLYN,,N/A,Closed,,The Department of Sanitation investigated this complaint and found no violation at the location.,03/27/2020 12:00:00 PM,01 BROOKLYN,3027070009,BROOKLYN,1000923,202723,PHONE,Unspecified,BROOKLYN,,,,,,,,40.723088804918405,-73.93984878889124,"(40.723088804918405, -73.93984878889124)"
45896675,03/26/2020 10:15:00 AM,03/31/2020 12:00:00 PM,DSNY,Department of Sanitation,Dirty Conditions,E8 Canine Violation,Sidewalk,11225,480 MONTGOMERY STREET,MONTGOMERY STREET,CLOVE ROAD,NEW YORK AVENUE,,,ADDRESS,BROOKLYN,,N/A,Closed,,The Department of Sanitation investigated this complaint and found no violation at the location.,03/31/2020 12:00:00 PM,09 BROOKLYN,3013090039,BROOKLYN,998393,181663,PHONE,Unspecified,BROOKLYN,,,,,,,,40.66528840217355,-73.94902048955049,"(40.66528840217355, -73.94902048955049)"
45898461,03/26/2020 10:07:00 AM,03/28/2020 12:00:00 PM,DSNY,Department of Sanitation,Dirty Conditions,E8 Canine Violation,Sidewalk,10304,8 POMMER AVENUE,POMMER AVENUE,DEAD END,CATLIN AVENUE,,,ADDRESS,STATEN ISLAND,,N/A,Closed,,The Department of Sanitation investigated this complaint and found no violation at the location.,03/28/2020 12:00:00 PM,01 STATEN ISLAND,5005830040,STATEN ISLAND,960874,169025,PHONE,Unspecified,STATEN ISLAND,,,,,,,,40.63058028143506,-74.08421674242126,"(40.63058028143506, -74.08421674242126)"
45899435,03/25/2020 05:50:00 PM,03/31/2020 12:00:00 PM,DSNY,Department of Sanitation,Dirty Conditions,E8 Canine Violation,Sidewalk,11219,5801 14 AVENUE,14 AVENUE,58 STREET,59 STREET,,,ADDRESS,BROOKLYN,,N/A,Closed,,The Department of Sanitation investigated this complaint and found no violation at the location.,03/31/2020 12:00:00 PM,12 BROOKLYN,3057060005,BROOKLYN,985571,168280,PHONE,Unspecified,BROOKLYN,,,,,,,,40.62856615813739,-73.99524097611841,"(40.62856615813739, -73.99524097611841)"
45897321,03/25/2020 04:51:00 PM,03/27/2020 12:00:00 PM,DSNY,Department of Sanitation,Dirty Conditions,E8 Canine Violation,Sidewalk,11373,40-70 HAMPTON STREET,HAMPTON STREET,BAXTER AVENUE,BRITTON AVENUE,,,ADDRESS,Elmhurst,,N/A,Closed,,The Department of Sanitation investigated this complaint and found no violation at the location.,03/27/2020 12:00:00 PM,04 QUEENS,4015050037,QUEENS,1017158,211178,PHONE,Unspecified,QUEENS,,,,,,,,40.74625017847329,-73.8812364493635,"(40.74625017847329, -73.8812364493635)"
45898927,03/25/2020 04:32:00 PM,04/06/2020 12:00:00 PM,DSNY,Department of Sanitation,Dirty Conditions,E8 Canine Violation,Sidewalk,10467,3219 PARKSIDE PLACE,PARKSIDE PLACE,WEBSTER AVENUE,EAST 207 STREET,,,ADDRESS,BRONX,,N/A,Closed,,The Department of Sanitation investigated this complaint and found no violation at the location.,04/06/2020 12:00:00 PM,07 BRONX,2033540037,BRONX,1019053,257843,PHONE,Unspecified,BRONX,,,,,,,,40.87432523685602,-73.87415554049862,"(40.87432523685602, -73.87415554049862)"
45901547,03/25/2020 03:29:00 PM,04/06/2020 12:00:00 PM,DSNY,Department of Sanitation,Dirty Conditions,E8 Canine Violation,Sidewalk,10468,2850 WEBB AVENUE,WEBB AVENUE,WEST 197 STREET,RESERVOIR AVENUE,,,ADDRESS,BRONX,,N/A,Closed,,The Department of Sanitation investigated this complaint and found no violation at the location.,04/06/2020 12:00:00 PM,08 BRONX,2032500065,BRONX,1011725,257442,ONLINE,Unspecified,BRONX,,,,,,,,40.87325046884873,-73.90065453583262,"(40.87325046884873, -73.90065453583262)"
45895611,03/25/2020 09:13:00 AM,03/25/2020 12:00:00 PM,DSNY,Department of Sanitation,Dirty Conditions,E8 Canine Violation,Sidewalk,11373,43-22 ITHACA STREET,ITHACA STREET,WHITNEY AVENUE,43 AVENUE,,,ADDRESS,Elmhurst,,N/A,Closed,,The Department of Sanitation investigated this complaint and found no violation at the location.,03/25/2020 12:00:00 PM,04 QUEENS,4015710036,QUEENS,1018405,210156,ONLINE,Unspecified,QUEENS,,,,,,,,40.74344031866797,-73.87674127596323,"(40.74344031866797, -73.87674127596323)"
45895790,03/25/2020 12:47:00 AM,03/25/2020 12:00:00 PM,DSNY,Department of Sanitation,Dirty Conditions,E8 Canine Violation,Sidewalk,11207,22 DE SALES PLACE,DE SALES PLACE,BROADWAY,BUSHWICK AVENUE,,,ADDRESS,BROOKLYN,,N/A,Closed,,The Department of Sanitation investigated this complaint and found no violation at the location.,03/25/2020 12:00:00 PM,04 BROOKLYN,3034700017,BROOKLYN,1010373,187387,ONLINE,Unspecified,BROOKLYN,,,,,,,,40.68097224614796,-73.90581551728357,"(40.68097224614796, -73.90581551728357)"
45893899,03/24/2020 11:28:00 PM,03/27/2020 12:00:00 PM,DSNY,Department of Sanitation,Dirty Conditions,E8 Canine Violation,Sidewalk,11432,89-02 171 STREET,171 STREET,89 AVENUE,90 AVENUE,,,ADDRESS,Jamaica,,N/A,Closed,,The Department of Sanitation investigated this complaint and found no violation at the location.,03/27/2020 12:00:00 PM,12 QUEENS,4098050055,QUEENS,1042457,197933,PHONE,Unspecified,QUEENS,,,,,,,,40.70976565449342,-73.79004829251359,"(40.70976565449342, -73.79004829251359)"
45892386,03/24/2020 01:54:00 PM,04/07/2020 12:00:00 PM,DSNY,Department of Sanitation,Dirty Conditions,E8 Canine Violation,Sidewalk,11362,250-09 NORTHERN BOULEVARD,NORTHERN BOULEVARD,MARATHON PARKWAY,251 STREET,,,ADDRESS,Little Neck,,N/A,Closed,,The Department of Sanitation investigated this complaint and found no violation at the location.,04/07/2020 12:00:00 PM,11 QUEENS,4081290001,QUEENS,1057008,219404,ONLINE,Unspecified,QUEENS,,,,,,,,40.76859026537652,-73.73733112641592,"(40.76859026537652, -73.73733112641592)"
45890450,03/24/2020 01:17:00 PM,04/06/2020 12:00:00 PM,DSNY,Department of Sanitation,Dirty Conditions,E8 Canine Violation,Sidewalk,10467,334 EAST  205 STREET,EAST  205 STREET,HULL AVENUE,DECATUR AVENUE,,,ADDRESS,BRONX,,N/A,Closed,,The Department of Sanitation investigated this complaint and found no violation at the location.,04/06/2020 12:00:00 PM,07 BRONX,2033490023,BRONX,1018444,257588,PHONE,Unspecified,BRONX,,,,,,,,40.87362772131575,-73.87635892721052,"(40.87362772131575, -73.87635892721052)"
45888440,03/24/2020 12:18:00 PM,03/25/2020 12:00:00 PM,DSNY,Department of Sanitation,Dirty Conditions,E8 Canine Violation,Sidewalk,11228,1261 70 STREET,70 STREET,12 AVENUE,13 AVENUE,,,ADDRESS,BROOKLYN,,N/A,Closed,,The Department of Sanitation investigated this complaint and found no violation at the location.,03/25/2020 12:00:00 PM,10 BROOKLYN,3061550054,BROOKLYN,982752,166511,PHONE,Unspecified,BROOKLYN,,,,,,,,40.623710596361214,-74.00539629004616,"(40.623710596361214, -74.00539629004616)"
45888441,03/24/2020 11:32:00 AM,03/24/2020 12:00:00 PM,DSNY,Department of Sanitation,Dirty Conditions,E8 Canine Violation,Sidewalk,10461,1710 CROSBY AVENUE,CROSBY AVENUE,ROBERTS AVENUE,BUHRE AVENUE,,,ADDRESS,BRONX,,N/A,Closed,,The Department of Sanitation investigated this complaint and found no violation at the location.,03/24/2020 12:00:00 PM,10 BRONX,2041700005,BRONX,1030904,247429,PHONE,Unspecified,BRONX,,,,,,,,40.845687305705674,-73.83137599025343,"(40.845687305705674, -73.83137599025343)"
45885547,03/23/2020 09:44:00 PM,03/27/2020 12:00:00 PM,DSNY,Department of Sanitation,Dirty Conditions,E8 Canine Violation,Sidewalk,11420,125-17 149 AVENUE,149 AVENUE,125 STREET,126 STREET,,,ADDRESS,South Ozone Park,,N/A,Closed,,The Department of Sanitation investigated this complaint and found no violation at the location.,03/27/2020 12:00:00 PM,10 QUEENS,4118590001,QUEENS,1035633,182529,PHONE,Unspecified,QUEENS,,,,,,,,40.66752756971605,-73.81477975487718,"(40.66752756971605, -73.81477975487718)"
45886202,03/23/2020 02:15:00 PM,03/25/2020 12:00:00 PM,DSNY,Department of Sanitation,Dirty Conditions,E8 Canine Violation,Sidewalk,11368,111-73 43 AVENUE,43 AVENUE,111 STREET,114 STREET,,,ADDRESS,Corona,,N/A,Closed,,The Department of Sanitation investigated this complaint and found no violation at the location.,03/25/2020 12:00:00 PM,04 QUEENS,4020150046,QUEENS,1024637,212459,PHONE,Unspecified,QUEENS,,,,,,,,40.749735202116234,-73.85423741377627,"(40.749735202116234, -73.85423741377627)"
45876920,03/22/2020 01:01:00 PM,03/23/2020 12:00:00 PM,DSNY,Department of Sanitation,Dirty Conditions,E8 Canine Violation,Sidewalk,11228,7907 15 AVENUE,15 AVENUE,79 STREET,80 STREET,,,ADDRESS,BROOKLYN,,N/A,Closed,,The Department of Sanitation investigated this complaint and found no violation at the location.,03/23/2020 12:00:00 PM,11 BROOKLYN,3062700005,BROOKLYN,982723,163429,PHONE,Unspecified,BROOKLYN,,,,,,,,40.61525114254971,-74.00550006051323,"(40.61525114254971, -74.00550006051323)"
45879681,03/21/2020 01:46:00 PM,03/24/2020 12:00:00 PM,DSNY,Department of Sanitation,Dirty Conditions,E8 Canine Violation,Sidewalk,10031,547 WEST  146 STREET,WEST  146 STREET,AMSTERDAM AVENUE,BROADWAY,,,ADDRESS,NEW YORK,,N/A,Closed,,The Department of Sanitation investigated this complaint and found no violation at the location.,03/24/2020 12:00:00 PM,09 MANHATTAN,1020780005,MANHATTAN,998524,240385,ONLINE,Unspecified,MANHATTAN,,,,,,,,40.82646527924574,-73.94842366244616,"(40.82646527924574, -73.94842366244616)"
45875097,03/21/2020 01:34:00 PM,03/23/2020 12:00:00 PM,DSNY,Department of Sanitation,Dirty Conditions,E8 Canine Violation,Sidewalk,11412,111-11 201 STREET,201 STREET,111 AVENUE,112 AVENUE,,,ADDRESS,Saint Albans,,N/A,Closed,,The Department of Sanitation investigated this complaint and found no violation at the location.,03/23/2020 12:00:00 PM,12 QUEENS,4109590392,QUEENS,1052050,195858,PHONE,Unspecified,QUEENS,,,,,,,,40.704001982728016,-73.75546755705398,"(40.704001982728016, -73.75546755705398)"
45871227,03/21/2020 10:11:00 AM,03/23/2020 12:00:00 PM,DSNY,Department of Sanitation,Dirty Conditions,E8 Canine Violation,Sidewalk,11378,64-69 59 AVENUE,59 AVENUE,BEND,66 STREET,,,ADDRESS,Maspeth,,N/A,Closed,,The Department of Sanitation investigated this complaint and found no violation at the location.,03/23/2020 12:00:00 PM,05 QUEENS,4027530287,QUEENS,1012292,201735,ONLINE,Unspecified,QUEENS,,,,,,,,40.720348251763056,-73.89883697329999,"(40.720348251763056, -73.89883697329999)"
45871854,03/21/2020 12:34:00 AM,03/21/2020 12:00:00 PM,DSNY,Department of Sanitation,Dirty Conditions,E8 Canine Violation,Sidewalk,11204,1765 64 STREET,64 STREET,17 AVENUE,18 AVENUE,,,ADDRESS,BROOKLYN,,N/A,Closed,,The Department of Sanitation investigated this complaint and found no violation at the location.,03/21/2020 12:00:00 PM,11 BROOKLYN,3055390066,BROOKLYN,986900,165262,ONLINE,Unspecified,BROOKLYN,,,,,,,,40.6202820824077,-73.99045431634629,"(40.6202820824077, -73.99045431634629)"
45874465,03/20/2020 08:05:00 PM,03/24/2020 12:00:00 PM,DSNY,Department of Sanitation,Dirty Conditions,E8 Canine Violation,Sidewalk,10036,649 WEST   42 STREET,WEST   42 STREET,11 AVENUE,12 AVENUE,,,ADDRESS,NEW YORK,,N/A,Closed,,The Department of Sanitation investigated this complaint and found no violation at the location.,03/24/2020 12:00:00 PM,04 MANHATTAN,1010907501,MANHATTAN,984242,216731,ONLINE,Unspecified,MANHATTAN,,,,,,,,40.761552984044314,-74.00002887827895,"(40.761552984044314, -74.00002887827895)"
45870601,03/20/2020 06:43:00 PM,03/23/2020 12:00:00 PM,DSNY,Department of Sanitation,Dirty Conditions,E8 Canine Violation,Sidewalk,,,,,,,,INTERSECTION,,,N/A,Closed,,The Department of Sanitation investigated this complaint and found no violation at the location.,03/23/2020 12:00:00 PM,,,,,,PHONE,Unspecified,,,,,,,,,,,
45863932,03/20/2020 11:20:00 AM,03/21/2020 12:00:00 PM,DSNY,Department of Sanitation,Dirty Conditions,E8 Canine Violation,Sidewalk,11203,305 EAST   34 STREET,EAST   34 STREET,CHURCH AVENUE,SNYDER AVENUE,,,ADDRESS,BROOKLYN,,N/A,Closed,,The Department of Sanitation investigated this complaint and found no violation at the location.,03/21/2020 12:00:00 PM,17 BROOKLYN,3048880038,BROOKLYN,999360,175956,PHONE,Unspecified,BROOKLYN,,,,,,,,40.64962234512845,-73.94554765354334,"(40.64962234512845, -73.94554765354334)"
45869238,03/20/2020 09:57:00 AM,03/21/2020 12:00:00 PM,DSNY,Department of Sanitation,Dirty Conditions,E8 Canine Violation,Sidewalk,11229,2276 EAST   13 STREET,EAST   13 STREET,AVENUE V,GRAVESEND NECK ROAD,,,ADDRESS,BROOKLYN,,N/A,Closed,,The Department of Sanitation investigated this complaint and found no violation at the location.,03/21/2020 12:00:00 PM,15 BROOKLYN,3073730038,BROOKLYN,996037,156013,PHONE,Unspecified,BROOKLYN,,,,,,,,40.594888029319414,-73.95755766497031,"(40.594888029319414, -73.95755766497031)"
45870017,03/19/2020 09:39:00 PM,03/24/2020 12:00:00 PM,DSNY,Department of Sanitation,Dirty Conditions,E8 Canine Violation,Sidewalk,10453,2030 MORRIS AVENUE,MORRIS AVENUE,EAST 179 STREET,EAST BURNSIDE AVENUE,,,ADDRESS,BRONX,,N/A,Closed,,The Department of Sanitation investigated this complaint and found no violation at the location.,03/24/2020 12:00:00 PM,05 BRONX,2028070047,BRONX,1010209,249886,PHONE,Unspecified,BRONX,,,,,,,,40.852516132303734,-73.90616542607023,"(40.852516132303734, -73.90616542607023)"
45866665,03/19/2020 05:01:00 PM,03/20/2020 12:00:00 PM,DSNY,Department of Sanitation,Dirty Conditions,E8 Canine Violation,Sidewalk,11225,270 EMPIRE BOULEVARD,EMPIRE BOULEVARD,ROGERS AVENUE,NOSTRAND AVENUE,,,ADDRESS,BROOKLYN,,N/A,Closed,,The Department of Sanitation investigated this complaint and found no violation at the location.,03/20/2020 12:00:00 PM,09 BROOKLYN,3013150010,BROOKLYN,997291,181110,PHONE,Unspecified,BROOKLYN,,,,,,,,40.66377223174456,-73.95299380054631,"(40.66377223174456, -73.95299380054631)"
45869164,03/19/2020 04:59:00 PM,03/20/2020 12:00:00 PM,DSNY,Department of Sanitation,Dirty Conditions,E8 Canine Violation,Sidewalk,11225,290 EMPIRE BOULEVARD,EMPIRE BOULEVARD,ROGERS AVENUE,NOSTRAND AVENUE,,,ADDRESS,BROOKLYN,,N/A,Closed,,The Department of Sanitation investigated this complaint and found no violation at the location.,03/20/2020 12:00:00 PM,09 BROOKLYN,3013150018,BROOKLYN,997420,181121,PHONE,Unspecified,BROOKLYN,,,,,,,,40.663802233360684,-73.95252879949112,"(40.663802233360684, -73.95252879949112)"
45861810,03/19/2020 12:39:00 PM,03/19/2020 12:39:00 PM,DSNY,Department of Sanitation,Dirty Conditions,E8 Canine Violation,Sidewalk,,,,,,131 STREET,131 STREET,INTERSECTION,,,N/A,Closed,,The Department of Sanitation investigated this complaint and found no violation at the location.,03/19/2020 12:39:00 PM,10 QUEENS,,QUEENS,,,PHONE,Unspecified,QUEENS,,,,,,,,,,
45860211,03/19/2020 11:42:00 AM,03/19/2020 12:00:00 PM,DSNY,Department of Sanitation,Dirty Conditions,E8 Canine Violation,Sidewalk,11212,7 HEGEMAN AVENUE,HEGEMAN AVENUE,HERZL STREET,AMBOY STREET,,,ADDRESS,BROOKLYN,,N/A,Closed,,The Department of Sanitation investigated this complaint and found no violation at the location.,03/19/2020 12:00:00 PM,16 BROOKLYN,3036210001,BROOKLYN,1008705,178138,PHONE,Unspecified,BROOKLYN,,,,,,,,40.65559058142622,-73.91186291184383,"(40.65559058142622, -73.91186291184383)"
45859348,03/19/2020 10:15:00 AM,03/19/2020 12:00:00 PM,DSNY,Department of Sanitation,Dirty Conditions,E8 Canine Violation,Sidewalk,11378,64-69 59 AVENUE,59 AVENUE,BEND,66 STREET,,,ADDRESS,Maspeth,,N/A,Closed,,The Department of Sanitation investigated this complaint and found no violation at the location.,03/19/2020 12:00:00 PM,05 QUEENS,4027530287,QUEENS,1012292,201735,ONLINE,Unspecified,QUEENS,,,,,,,,40.720348251763056,-73.89883697329999,"(40.720348251763056, -73.89883697329999)"
45858428,03/18/2020 07:20:00 PM,03/19/2020 12:00:00 PM,DSNY,Department of Sanitation,Dirty Conditions,E8 Canine Violation,Sidewalk,11235,2436 EAST   15 STREET,EAST   15 STREET,AVENUE X,AVENUE Y,,,ADDRESS,BROOKLYN,,N/A,Closed,,The Department of Sanitation investigated this complaint and found no violation at the location.,03/19/2020 12:00:00 PM,15 BROOKLYN,3074160121,BROOKLYN,996749,154722,ONLINE,Unspecified,BROOKLYN,,,,,,,,40.591343518522976,-73.95499630185354,"(40.591343518522976, -73.95499630185354)"
45852028,03/17/2020 06:30:00 PM,03/18/2020 12:00:00 PM,DSNY,Department of Sanitation,Dirty Conditions,E8 Canine Violation,Sidewalk,10024,215 WEST   80 STREET,WEST   80 STREET,AMSTERDAM AVENUE,BROADWAY,,,ADDRESS,NEW YORK,,N/A,Closed,,The Department of Sanitation investigated this complaint and found no violation at the location.,03/18/2020 12:00:00 PM,07 MANHATTAN,1012280023,MANHATTAN,990205,224954,PHONE,Unspecified,MANHATTAN,,,,,,,,40.784120962136875,-73.97849644483188,"(40.784120962136875, -73.97849644483188)"
45852647,03/17/2020 05:01:00 PM,03/18/2020 12:00:00 PM,DSNY,Department of Sanitation,Dirty Conditions,E8 Canine Violation,Sidewalk,11375,67-18 GROTON STREET,GROTON STREET,SELFRIDGE STREET,YELLOWSTONE BOULEVARD,,,ADDRESS,Forest Hills,,N/A,Closed,,The Department of Sanitation investigated this complaint and found no violation at the location.,03/18/2020 12:00:00 PM,06 QUEENS,4031600030,QUEENS,1023877,201387,PHONE,Unspecified,QUEENS,,,,,,,,40.71934876883047,-73.85704557342666,"(40.71934876883047, -73.85704557342666)"
45852646,03/17/2020 04:49:00 PM,03/18/2020 12:00:00 PM,DSNY,Department of Sanitation,Dirty Conditions,E8 Canine Violation,Sidewalk,10001,247 9 AVENUE,9 AVENUE,WEST 24 STREET,WEST 25 STREET,,,ADDRESS,NEW YORK,,N/A,Closed,,The Department of Sanitation investigated this complaint and found no violation at the location.,03/18/2020 12:00:00 PM,04 MANHATTAN,1007220043,MANHATTAN,984118,211676,ONLINE,Unspecified,MANHATTAN,,,,,,,,40.747678292808736,-74.00047639236485,"(40.747678292808736, -74.00047639236485)"
45852671,03/17/2020 03:55:00 PM,03/18/2020 12:00:00 PM,DSNY,Department of Sanitation,Dirty Conditions,E8 Canine Violation,Sidewalk,,,,,,24 AVENUE,24 AVENUE,INTERSECTION,,,N/A,Closed,,The Department of Sanitation investigated this complaint and found no violation at the location.,03/18/2020 12:00:00 PM,03 QUEENS,,QUEENS,,,PHONE,Unspecified,QUEENS,,,,,,,,,,
45850748,03/17/2020 02:01:00 PM,03/18/2020 12:00:00 PM,DSNY,Department of Sanitation,Dirty Conditions,E8 Canine Violation,Sidewalk,,,,,,97 AVENUE,97 AVENUE,INTERSECTION,,,N/A,Closed,,The Department of Sanitation investigated this complaint and found no violation at the location.,03/18/2020 12:00:00 PM,12 QUEENS,,QUEENS,,,PHONE,Unspecified,QUEENS,,,,,,,,,,
45848979,03/17/2020 12:11:00 PM,03/18/2020 12:00:00 PM,DSNY,Department of Sanitation,Dirty Conditions,E8 Canine Violation,Sidewalk,10466,1020 EAST  241 STREET,EAST  241 STREET,MONTICELLO AVENUE,SETON AVENUE,,,ADDRESS,BRONX,,N/A,Closed,,The Department of Sanitation investigated this complaint and found no violation at the location.,03/18/2020 12:00:00 PM,12 BRONX,2050990037,BRONX,1027895,268147,PHONE,Unspecified,BRONX,,,,,,,,40.90256713293045,-73.84211658722275,"(40.90256713293045, -73.84211658722275)"
45846219,03/17/2020 09:15:00 AM,03/18/2020 12:00:00 PM,DSNY,Department of Sanitation,Dirty Conditions,E8 Canine Violation,Sidewalk,,,,,,PURDY STREET,PURDY STREET,INTERSECTION,,,N/A,Closed,,The Department of Sanitation investigated this complaint and found no violation at the location.,03/18/2020 12:00:00 PM,09 BRONX,,BRONX,,,PHONE,Unspecified,BRONX,,,,,,,,,,
45845159,03/16/2020 06:40:00 PM,03/17/2020 12:00:00 PM,DSNY,Department of Sanitation,Dirty Conditions,E8 Canine Violation,Sidewalk,11210,1538 NEW YORK AVENUE,NEW YORK AVENUE,FARRAGUT ROAD,GLENWOOD ROAD,,,ADDRESS,BROOKLYN,,N/A,Closed,,The Department of Sanitation investigated this complaint and found no violation at the location.,03/17/2020 12:00:00 PM,17 BROOKLYN,3050070062,BROOKLYN,999513,170729,ONLINE,Unspecified,BROOKLYN,,,,,,,,40.635275093306504,-73.94500810845659,"(40.635275093306504, -73.94500810845659)"
45836498,03/16/2020 01:23:00 PM,03/17/2020 12:00:00 PM,DSNY,Department of Sanitation,Dirty Conditions,E8 Canine Violation,Sidewalk,10030,273 WEST  136 STREET,WEST  136 STREET,ADAM CLAYTON POWELL JR BOULEVARD,FREDERICK DOUGLASS BOULEVARD,,,ADDRESS,NEW YORK,,N/A,Closed,,The Department of Sanitation investigated this complaint and found no violation at the location.,03/17/2020 12:00:00 PM,10 MANHATTAN,1019427501,MANHATTAN,999440,236861,PHONE,Unspecified,MANHATTAN,,,,,,,,40.8167913694731,-73.94512185168155,"(40.8167913694731, -73.94512185168155)"
45837372,03/16/2020 01:00:00 PM,03/17/2020 12:00:00 PM,DSNY,Department of Sanitation,Dirty Conditions,E8 Canine Violation,Sidewalk,11236,637 EAST  102 STREET,EAST  102 STREET,FARRAGUT ROAD,GLENWOOD ROAD,,,ADDRESS,BROOKLYN,,N/A,Closed,,The Department of Sanitation investigated this complaint and found no violation at the location.,03/17/2020 12:00:00 PM,18 BROOKLYN,3081710120,BROOKLYN,1012134,175550,PHONE,Unspecified,BROOKLYN,,,,,,,,40.64847695583809,-73.89951532772952,"(40.64847695583809, -73.89951532772952)"
45840538,03/16/2020 09:41:00 AM,03/17/2020 12:00:00 PM,DSNY,Department of Sanitation,Dirty Conditions,E8 Canine Violation,Sidewalk,,,,,,WEST 164 STREET,WEST 164 STREET,INTERSECTION,,,N/A,Closed,,The Department of Sanitation investigated this complaint and found no violation at the location.,03/17/2020 12:00:00 PM,04 BRONX,,BRONX,,,PHONE,Unspecified,BRONX,,,,,,,,,,
45830968,03/15/2020 11:26:00 AM,03/16/2020 12:00:00 PM,DSNY,Department of Sanitation,Dirty Conditions,E8 Canine Violation,Sidewalk,11238,339 LINCOLN PLACE,LINCOLN PLACE,UNDERHILL AVENUE,WASHINGTON AVENUE,,,ADDRESS,BROOKLYN,,N/A,Closed,,The Department of Sanitation investigated this complaint and found no violation at the location.,03/16/2020 12:00:00 PM,08 BROOKLYN,3011760064,BROOKLYN,993898,184577,ONLINE,Unspecified,BROOKLYN,,,,,,,,40.67329272023618,-73.9652188834712,"(40.67329272023618, -73.9652188834712)"
45833046,03/15/2020 11:22:00 AM,03/16/2020 12:00:00 PM,DSNY,Department of Sanitation,Dirty Conditions,E8 Canine Violation,Sidewalk,11238,329 LINCOLN PLACE,LINCOLN PLACE,UNDERHILL AVENUE,WASHINGTON AVENUE,,,ADDRESS,BROOKLYN,,N/A,Closed,,The Department of Sanitation investigated this complaint and found no violation at the location.,03/16/2020 12:00:00 PM,08 BROOKLYN,3011760068,BROOKLYN,993838,184593,ONLINE,Unspecified,BROOKLYN,,,,,,,,40.673336701826244,-73.96543516116472,"(40.673336701826244, -73.96543516116472)"
45831682,03/15/2020 10:12:00 AM,03/17/2020 12:00:00 PM,DSNY,Department of Sanitation,Dirty Conditions,E8 Canine Violation,Sidewalk,11378,64-69 59 AVENUE,59 AVENUE,BEND,66 STREET,,,ADDRESS,Maspeth,,N/A,Closed,,The Department of Sanitation investigated this complaint and found no violation at the location.,03/17/2020 12:00:00 PM,05 QUEENS,4027530287,QUEENS,1012292,201735,ONLINE,Unspecified,QUEENS,,,,,,,,40.720348251763056,-73.89883697329999,"(40.720348251763056, -73.89883697329999)"
45832415,03/15/2020 09:54:00 AM,03/17/2020 12:00:00 PM,DSNY,Department of Sanitation,Dirty Conditions,E8 Canine Violation,Sidewalk,10468,2711 CLAFLIN AVENUE,CLAFLIN AVENUE,EAMES PLACE,WEST 195 STREET,,,ADDRESS,BRONX,,N/A,Closed,,The Department of Sanitation investigated this complaint and found no violation at the location.,03/17/2020 12:00:00 PM,08 BRONX,2032480133,BRONX,1011600,256108,PHONE,Unspecified,BRONX,,,,,,,,40.86958943798847,-73.9011119619008,"(40.86958943798847, -73.9011119619008)"
45780835,03/13/2020 10:30:00 AM,03/14/2020 12:00:00 PM,DSNY,Department of Sanitation,Dirty Conditions,E8 Canine Violation,Sidewalk,11233,291 BAINBRIDGE STREET,BAINBRIDGE STREET,PATCHEN AVENUE,RALPH AVENUE,,,ADDRESS,BROOKLYN,,N/A,Closed,,The Department of Sanitation investigated this complaint and found no violation at the location.,03/14/2020 12:00:00 PM,03 BROOKLYN,3016830085,BROOKLYN,1004992,187626,PHONE,Unspecified,BROOKLYN,,,,,,,,40.68164249131948,-73.92521555578399,"(40.68164249131948, -73.92521555578399)"
45796320,03/13/2020 05:43:00 AM,03/13/2020 12:00:00 PM,DSNY,Department of Sanitation,Dirty Conditions,E8 Canine Violation,Sidewalk,10453,HARLEM RIVER PARK BRIDGE,HARLEM RIVER PARK BRIDGE,METRO NORTH HUDSON LINE,MATTHEWSON ROAD,,,BLOCKFACE,BRONX,,N/A,Closed,,The Department of Sanitation investigated this complaint and found no violation at the location.,03/13/2020 12:00:00 PM,05 BRONX,,BRONX,1005974,249886,ONLINE,Unspecified,BRONX,,,,,,,,40.85252756811141,-73.92147376564193,"(40.85252756811141, -73.92147376564193)"
45781339,03/12/2020 04:52:00 PM,03/16/2020 12:00:00 PM,DSNY,Department of Sanitation,Dirty Conditions,E8 Canine Violation,Sidewalk,,,,,,NARROWS ROAD SOUTH,NARROWS ROAD SOUTH,INTERSECTION,,,N/A,Closed,,The Department of Sanitation investigated this complaint and found no violation at the location.,03/16/2020 12:00:00 PM,0 Unspecified,,Unspecified,,,PHONE,Unspecified,Unspecified,,,,,,,,,,
45780833,03/12/2020 01:45:00 PM,03/13/2020 12:00:00 PM,DSNY,Department of Sanitation,Dirty Conditions,E8 Canine Violation,Sidewalk,11385,69-10 68 PLACE,68 PLACE,OTTO ROAD,70 AVENUE,,,ADDRESS,Ridgewood,,N/A,Closed,,The Department of Sanitation investigated this complaint and found no violation at the location.,03/13/2020 12:00:00 PM,05 QUEENS,4036540018,QUEENS,1016002,196491,PHONE,Unspecified,QUEENS,,,,,,,,40.70594219612315,-73.88547769555863,"(40.70594219612315, -73.88547769555863)"
45806676,03/12/2020 12:17:00 PM,03/13/2020 12:00:00 PM,DSNY,Department of Sanitation,Dirty Conditions,E8 Canine Violation,Sidewalk,10029,303 EAST  101 STREET,EAST  101 STREET,2 AVENUE,1 AVENUE,,,ADDRESS,NEW YORK,,N/A,Closed,,The Department of Sanitation investigated this complaint and found no violation at the location.,03/13/2020 12:00:00 PM,11 MANHATTAN,1016730001,MANHATTAN,999580,226151,ONLINE,Unspecified,MANHATTAN,,,,,,,,40.78739511801895,-73.94464051546426,"(40.78739511801895, -73.94464051546426)"
45775580,03/12/2020 11:55:00 AM,03/13/2020 12:00:00 PM,DSNY,Department of Sanitation,Dirty Conditions,E8 Canine Violation,Sidewalk,11218,257 EAST    2 STREET,EAST    2 STREET,ALBEMARLE ROAD,CHURCH AVENUE,,,ADDRESS,BROOKLYN,,N/A,Closed,,The Department of Sanitation investigated this complaint and found no violation at the location.,03/13/2020 12:00:00 PM,12 BROOKLYN,3053350001,BROOKLYN,990179,174248,ONLINE,Unspecified,BROOKLYN,,,,,,,,40.644945160388296,-73.9786349891828,"(40.644945160388296, -73.9786349891828)"
45801521,03/12/2020 11:25:00 AM,03/13/2020 12:00:00 PM,DSNY,Department of Sanitation,Dirty Conditions,E8 Canine Violation,Sidewalk,,,,,,GRAND CONCOURSE,GRAND CONCOURSE,INTERSECTION,,,N/A,Closed,,The Department of Sanitation investigated this complaint and found no violation at the location.,03/13/2020 12:00:00 PM,04 BRONX,,BRONX,,,PHONE,Unspecified,BRONX,,,,,,,,,,
45781393,03/12/2020 11:21:00 AM,03/16/2020 12:00:00 PM,DSNY,Department of Sanitation,Dirty Conditions,E8 Canine Violation,Sidewalk,,,,,,135 STREET,135 STREET,INTERSECTION,,,N/A,Closed,,The Department of Sanitation investigated this complaint and found no violation at the location.,03/16/2020 12:00:00 PM,08 QUEENS,,QUEENS,,,PHONE,Unspecified,QUEENS,,,,,,,,,,
45811821,03/11/2020 05:12:00 PM,03/14/2020 12:00:00 PM,DSNY,Department of Sanitation,Dirty Conditions,E8 Canine Violation,Sidewalk,11234,1201 EAST   73 STREET,EAST   73 STREET,AVENUE L,AVENUE M,,,ADDRESS,BROOKLYN,,N/A,Closed,,The Department of Sanitation investigated this complaint and found no violation at the location.,03/14/2020 12:00:00 PM,18 BROOKLYN,3083600037,BROOKLYN,1008238,167646,PHONE,Unspecified,BROOKLYN,,,,,,,,40.626793582678175,-73.91358330704695,"(40.626793582678175, -73.91358330704695)"
45791306,03/11/2020 02:37:00 PM,03/13/2020 12:00:00 PM,DSNY,Department of Sanitation,Dirty Conditions,E8 Canine Violation,Sidewalk,11213,1245 ST JOHNS PLACE,ST JOHNS PLACE,ALBANY AVENUE,TROY AVENUE,,,ADDRESS,BROOKLYN,,N/A,Closed,,The Department of Sanitation investigated this complaint and found no violation at the location.,03/13/2020 12:00:00 PM,08 BROOKLYN,3013760059,BROOKLYN,1001647,183723,PHONE,Unspecified,BROOKLYN,,,,,,,,40.67093684572834,-73.93728588856425,"(40.67093684572834, -73.93728588856425)"
45811254,03/11/2020 10:10:00 AM,03/12/2020 12:00:00 PM,DSNY,Department of Sanitation,Dirty Conditions,E8 Canine Violation,Sidewalk,10473,920 THIERIOT AVENUE,THIERIOT AVENUE,STORY AVENUE,BRUCKNER BOULEVARD,,,ADDRESS,BRONX,,N/A,Closed,,The Department of Sanitation investigated this complaint and found no violation at the location.,03/12/2020 12:00:00 PM,09 BRONX,2036680001,BRONX,1022265,239569,PHONE,Unspecified,BRONX,,,,,,,,40.82415532063795,-73.8626448718532,"(40.82415532063795, -73.8626448718532)"
45806067,03/11/2020 09:57:00 AM,03/12/2020 12:00:00 PM,DSNY,Department of Sanitation,Dirty Conditions,E8 Canine Violation,Sidewalk,10312,114 MCARTHUR AVENUE,MCARTHUR AVENUE,VAN ALLEN AVENUE,BEND,,,ADDRESS,STATEN ISLAND,,N/A,Closed,,The Department of Sanitation investigated this complaint and found no violation at the location.,03/12/2020 12:00:00 PM,03 STATEN ISLAND,5056800220,STATEN ISLAND,934852,141437,PHONE,Unspecified,STATEN ISLAND,,,,,,,,40.55475002977166,-74.1777643440603,"(40.55475002977166, -74.1777643440603)"
45776119,03/10/2020 10:15:00 PM,03/16/2020 12:00:00 PM,DSNY,Department of Sanitation,Dirty Conditions,E8 Canine Violation,Sidewalk,11434,116-42 155 STREET,155 STREET,116 ROAD,116 DRIVE,,,ADDRESS,Jamaica,,N/A,Closed,,The Department of Sanitation investigated this complaint and found no violation at the location.,03/16/2020 12:00:00 PM,12 QUEENS,4122020056,QUEENS,1042768,188104,ONLINE,Unspecified,QUEENS,,,,,,,,40.68278536053953,-73.78901191747367,"(40.68278536053953, -73.78901191747367)"
45781494,03/10/2020 04:40:00 PM,03/18/2020 12:00:00 PM,DSNY,Department of Sanitation,Dirty Conditions,E8 Canine Violation,Sidewalk,,,,,,2 AVENUE,2 AVENUE,INTERSECTION,,,N/A,Closed,,The Department of Sanitation investigated this complaint and found no violation at the location.,03/18/2020 12:00:00 PM,08 MANHATTAN,,MANHATTAN,,,PHONE,Unspecified,MANHATTAN,,,,,,,,,,
45786091,03/10/2020 12:57:00 PM,03/13/2020 12:00:00 PM,DSNY,Department of Sanitation,Dirty Conditions,E8 Canine Violation,Sidewalk,10032,409 EDGECOMBE AVENUE,EDGECOMBE AVENUE,WEST 150 STREET,BEND,,,ADDRESS,NEW YORK,,N/A,Closed,,The Department of Sanitation investigated this complaint and issued a Notice of Violation.,03/13/2020 12:00:00 PM,09 MANHATTAN,1020540062,MANHATTAN,1000889,241352,ONLINE,Unspecified,MANHATTAN,,,,,,,,40.82911527895686,-73.93987579674543,"(40.82911527895686, -73.93987579674543)"
45801186,03/10/2020 09:42:00 AM,03/12/2020 12:00:00 PM,DSNY,Department of Sanitation,Dirty Conditions,E8 Canine Violation,Sidewalk,10473,633 PUGSLEY AVENUE,PUGSLEY AVENUE,RANDALL AVENUE,SEWARD AVENUE,,,ADDRESS,BRONX,,N/A,Closed,,The Department of Sanitation investigated this complaint and found no violation at the location.,03/12/2020 12:00:00 PM,09 BRONX,,BRONX,1024567,237701,PHONE,Unspecified,BRONX,,,,,,,,40.81901798840607,-73.85433856421197,"(40.81901798840607, -73.85433856421197)"
45791584,03/10/2020 07:23:00 AM,03/16/2020 12:00:00 PM,DSNY,Department of Sanitation,Dirty Conditions,E8 Canine Violation,Sidewalk,11693,166 BEACH   92 STREET,BEACH   92 STREET,HOLLAND AVENUE,ROCKAWAY BEACH BOULEVARD,,,ADDRESS,Far Rockaway,,N/A,Closed,,The Department of Sanitation investigated this complaint and found no violation at the location.,03/16/2020 12:00:00 PM,14 QUEENS,4161340004,QUEENS,1035685,152693,ONLINE,Unspecified,QUEENS,,,,,,,,40.585633905398154,-73.81481967075956,"(40.585633905398154, -73.81481967075956)"
45786327,03/09/2020 09:25:00 PM,03/11/2020 12:00:00 PM,DSNY,Department of Sanitation,Dirty Conditions,E8 Canine Violation,Sidewalk,10310,837 POST AVENUE,POST AVENUE,DRIPROCK STREET,DUBOIS AVENUE,,,ADDRESS,STATEN ISLAND,,N/A,Closed,,The Department of Sanitation investigated this complaint and found no violation at the location.,03/11/2020 12:00:00 PM,01 STATEN ISLAND,5002150214,STATEN ISLAND,948509,169216,ONLINE,Unspecified,STATEN ISLAND,,,,,,,,40.631063276091744,-74.12876510075652,"(40.631063276091744, -74.12876510075652)"
45775479,03/09/2020 07:43:00 PM,03/12/2020 12:00:00 PM,DSNY,Department of Sanitation,Dirty Conditions,E8 Canine Violation,Sidewalk,10314,395 HILLMAN AVENUE,HILLMAN AVENUE,RENEE PLACE,LEGGETT PLACE,,,ADDRESS,STATEN ISLAND,,N/A,Closed,,The Department of Sanitation investigated this complaint and found no violation at the location.,03/12/2020 12:00:00 PM,02 STATEN ISLAND,5015950180,STATEN ISLAND,939492,162542,PHONE,Unspecified,STATEN ISLAND,,,,,,,,40.612703599471025,-74.16120658335664,"(40.612703599471025, -74.16120658335664)"
45791307,03/09/2020 06:59:00 PM,03/10/2020 12:00:00 PM,DSNY,Department of Sanitation,Dirty Conditions,E8 Canine Violation,Sidewalk,11233,531 CHAUNCEY STREET,CHAUNCEY STREET,THOMAS S BOYLAND STREET,ROCKAWAY AVENUE,,,ADDRESS,BROOKLYN,,N/A,Closed,,The Department of Sanitation investigated this complaint and found no violation at the location.,03/10/2020 12:00:00 PM,16 BROOKLYN,3015110060,BROOKLYN,1008296,187856,PHONE,Unspecified,BROOKLYN,,,,,,,,40.68226542981291,-73.91330230358056,"(40.68226542981291, -73.91330230358056)"
45796638,03/09/2020 06:33:00 PM,03/14/2020 12:00:00 PM,DSNY,Department of Sanitation,Dirty Conditions,E8 Canine Violation,Sidewalk,11416,88-12 102 ROAD,102 ROAD,88 STREET,89 STREET,,,ADDRESS,Ozone Park,,N/A,Closed,,The Department of Sanitation investigated this complaint and found no violation at the location.,03/14/2020 12:00:00 PM,09 QUEENS,4090920005,QUEENS,1025544,187524,PHONE,Unspecified,QUEENS,,,,,,,,40.681290506377835,-73.85111688114591,"(40.681290506377835, -73.85111688114591)"
45775505,03/09/2020 03:16:00 PM,03/10/2020 12:00:00 PM,DSNY,Department of Sanitation,Dirty Conditions,E8 Canine Violation,Sidewalk,11378,64-69 59 AVENUE,59 AVENUE,BEND,66 STREET,,,ADDRESS,Maspeth,,N/A,Closed,,The Department of Sanitation investigated this complaint and found no violation at the location.,03/10/2020 12:00:00 PM,05 QUEENS,4027530287,QUEENS,1012292,201735,ONLINE,Unspecified,QUEENS,,,,,,,,40.720348251763056,-73.89883697329999,"(40.720348251763056, -73.89883697329999)"
45775508,03/09/2020 02:28:00 PM,03/11/2020 12:00:00 PM,DSNY,Department of Sanitation,Dirty Conditions,E8 Canine Violation,Sidewalk,10025,20 WEST  109 STREET,WEST  109 STREET,CENTRAL PARK WEST,MANHATTAN AVENUE,,,ADDRESS,NEW YORK,,N/A,Closed,,The Department of Sanitation investigated this complaint and found no violation at the location.,03/11/2020 12:00:00 PM,07 MANHATTAN,1018440020,MANHATTAN,995497,230845,PHONE,Unspecified,MANHATTAN,,,,,,,,40.80028501664691,-73.95937712532847,"(40.80028501664691, -73.95937712532847)"
45791189,03/09/2020 12:27:00 PM,03/10/2020 12:00:00 PM,DSNY,Department of Sanitation,Dirty Conditions,E8 Canine Violation,Sidewalk,11385,89-12 COOPER AVENUE,COOPER AVENUE,88 STREET,METROPOLITAN AVENUE,,,ADDRESS,Ridgewood,,N/A,Closed,,The Department of Sanitation investigated this complaint and found no violation at the location.,03/10/2020 12:00:00 PM,05 QUEENS,4038510066,QUEENS,1022347,198689,PHONE,Unspecified,QUEENS,,,,,,,,40.71195013458497,-73.86258030897692,"(40.71195013458497, -73.86258030897692)"
45791233,03/09/2020 11:31:00 AM,03/10/2020 12:00:00 PM,DSNY,Department of Sanitation,Dirty Conditions,E8 Canine Violation,Sidewalk,11231,542 COURT STREET,COURT STREET,HUNTINGTON STREET,WEST 9 STREET,,,ADDRESS,BROOKLYN,,N/A,Closed,,The Department of Sanitation investigated this complaint and issued a Notice of Violation.,03/10/2020 12:00:00 PM,06 BROOKLYN,3003810038,BROOKLYN,984447,185324,PHONE,Unspecified,BROOKLYN,,,,,,,,40.675348322394896,-73.99928979156662,"(40.675348322394896, -73.99928979156662)"
45791308,03/09/2020 11:04:00 AM,03/11/2020 12:00:00 PM,DSNY,Department of Sanitation,Dirty Conditions,E8 Canine Violation,Sidewalk,,,,,,MANHATTAN AVENUE,MANHATTAN AVENUE,INTERSECTION,,,N/A,Closed,,The Department of Sanitation investigated this complaint and found no violation at the location.,03/11/2020 12:00:00 PM,10 MANHATTAN,,MANHATTAN,,,PHONE,Unspecified,MANHATTAN,,,,,,,,,,
45796405,03/09/2020 10:50:00 AM,03/11/2020 12:00:00 PM,DSNY,Department of Sanitation,Dirty Conditions,E8 Canine Violation,Sidewalk,10458,207 EAST  202 STREET,EAST  202 STREET,GRAND CONCOURSE,VALENTINE AVENUE,,,ADDRESS,BRONX,,N/A,Closed,,The Department of Sanitation investigated this complaint and found no violation at the location.,03/11/2020 12:00:00 PM,07 BRONX,2033080040,BRONX,1015644,257438,PHONE,Unspecified,BRONX,,,,,,,,40.87322642099209,-73.88648405537988,"(40.87322642099209, -73.88648405537988)"
45796519,03/08/2020 09:50:00 PM,03/14/2020 12:00:00 PM,DSNY,Department of Sanitation,Dirty Conditions,E8 Canine Violation,Sidewalk,,,,,,234 STREET,234 STREET,INTERSECTION,,,N/A,Closed,,The Department of Sanitation investigated this complaint and found no violation at the location.,03/14/2020 12:00:00 PM,13 QUEENS,,QUEENS,,,PHONE,Unspecified,QUEENS,,,,,,,,,,
45796319,03/08/2020 07:35:00 AM,03/11/2020 12:00:00 PM,DSNY,Department of Sanitation,Dirty Conditions,E8 Canine Violation,Sidewalk,10304,305 FRONT STREET,FRONT STREET,WAVE STREET,NAVY PIER COURT,,,ADDRESS,STATEN ISLAND,,N/A,Closed,,The Department of Sanitation investigated this complaint and found no violation at the location.,03/11/2020 12:00:00 PM,01 STATEN ISLAND,5004877501,STATEN ISLAND,963538,168642,ONLINE,Unspecified,STATEN ISLAND,,,,,,,,40.62953565701724,-74.07461797607587,"(40.62953565701724, -74.07461797607587)"
45801761,03/07/2020 04:08:00 PM,03/14/2020 12:00:00 PM,DSNY,Department of Sanitation,Dirty Conditions,E8 Canine Violation,Sidewalk,11417,106-06 86 STREET,86 STREET,106 AVENUE,107 AVENUE,,,ADDRESS,Ozone Park,,N/A,Closed,,The Department of Sanitation investigated this complaint and found no violation at the location.,03/14/2020 12:00:00 PM,10 QUEENS,4091450013,QUEENS,1025352,186431,ONLINE,Unspecified,QUEENS,,,,,,,,40.678291367099604,-73.8518157910477,"(40.678291367099604, -73.8518157910477)"
45791108,03/07/2020 01:57:00 PM,03/11/2020 12:00:00 PM,DSNY,Department of Sanitation,Dirty Conditions,E8 Canine Violation,Sidewalk,10466,1955 BUSSING AVENUE,BUSSING AVENUE,EDSON AVENUE,BAYCHESTER AVENUE,,,ADDRESS,BRONX,,N/A,Closed,,The Department of Sanitation investigated this complaint and found no violation at the location.,03/11/2020 12:00:00 PM,12 BRONX,2050190033,BRONX,1027019,265493,PHONE,Unspecified,BRONX,,,,,,,,40.89528705421857,-73.84530241781809,"(40.89528705421857, -73.84530241781809)"
45796321,03/06/2020 02:41:00 PM,03/07/2020 12:00:00 PM,DSNY,Department of Sanitation,Dirty Conditions,E8 Canine Violation,Sidewalk,10451,918 MORRIS AVENUE,MORRIS AVENUE,EAST 162 STREET,EAST 163 STREET,,,ADDRESS,BRONX,,N/A,Closed,,The Department of Sanitation investigated this complaint and found no violation at the location.,03/07/2020 12:00:00 PM,04 BRONX,2024220004,BRONX,1007027,240561,PHONE,Unspecified,BRONX,,,,,,,,40.826930514672284,-73.91769913415006,"(40.826930514672284, -73.91769913415006)"
45772125,03/06/2020 10:05:00 AM,03/07/2020 12:00:00 PM,DSNY,Department of Sanitation,Dirty Conditions,E8 Canine Violation,Sidewalk,10312,114 MC ARTHUR AVENUE,MC ARTHUR AVENUE,VAN ALLEN AVENUE,BEND,,,ADDRESS,STATEN ISLAND,,N/A,Closed,,The Department of Sanitation investigated this complaint and found no violation at the location.,03/07/2020 12:00:00 PM,03 STATEN ISLAND,5056800220,STATEN ISLAND,934852,141437,PHONE,Unspecified,STATEN ISLAND,,,,,,,,40.55475002977166,-74.1777643440603,"(40.55475002977166, -74.1777643440603)"
45767333,03/06/2020 09:34:00 AM,03/07/2020 12:00:00 PM,DSNY,Department of Sanitation,Dirty Conditions,E8 Canine Violation,Sidewalk,10468,2809 WEBB AVENUE,WEBB AVENUE,WEST 195 STREET,WEST 197 STREET,,,ADDRESS,BRONX,,N/A,Closed,,The Department of Sanitation investigated this complaint and found no violation at the location.,03/07/2020 12:00:00 PM,08 BRONX,2032490209,BRONX,1011610,256962,PHONE,Unspecified,BRONX,,,,,,,,40.871933374209924,-73.90107231827008,"(40.871933374209924, -73.90107231827008)"
45768273,03/06/2020 07:32:00 AM,03/10/2020 12:00:00 PM,DSNY,Department of Sanitation,Dirty Conditions,E8 Canine Violation,Sidewalk,11375,89-17 69 ROAD,69 ROAD,METROPOLITAN AVENUE,OLCOTT STREET,,,ADDRESS,Forest Hills,,N/A,Closed,,The Department of Sanitation investigated this complaint and found no violation at the location.,03/10/2020 12:00:00 PM,06 QUEENS,4032060011,QUEENS,1024544,198466,ONLINE,Unspecified,QUEENS,,,,,,,,40.71132832064505,-73.8546568589395,"(40.71132832064505, -73.8546568589395)"
45770169,03/05/2020 06:39:00 PM,03/09/2020 12:00:00 PM,DSNY,Department of Sanitation,Dirty Conditions,E8 Canine Violation,Sidewalk,11379,64-16 73 PLACE,73 PLACE,BEND,JUNIPER VALLEY ROAD,,,ADDRESS,Middle Village,,N/A,Closed,,The Department of Sanitation investigated this complaint and found no violation at the location.,03/09/2020 12:00:00 PM,05 QUEENS,4030310012,QUEENS,1017051,200045,ONLINE,Unspecified,QUEENS,,,,,,,,40.71569324659123,-73.88167687890206,"(40.71569324659123, -73.88167687890206)"
45770170,03/05/2020 05:29:00 PM,03/06/2020 12:00:00 PM,DSNY,Department of Sanitation,Dirty Conditions,E8 Canine Violation,Sidewalk,10305,221 CLIFTON AVENUE,CLIFTON AVENUE,VERMONT AVENUE,TOMPKINS AVENUE,,,ADDRESS,STATEN ISLAND,,N/A,Closed,,The Department of Sanitation investigated this complaint and found no violation at the location.,03/06/2020 12:00:00 PM,01 STATEN ISLAND,5028490142,STATEN ISLAND,964603,162640,PHONE,Unspecified,STATEN ISLAND,,,,,,,,40.61306385015548,-74.07076369346504,"(40.61306385015548, -74.07076369346504)"
45768274,03/05/2020 04:08:00 PM,03/14/2020 12:00:00 PM,DSNY,Department of Sanitation,Dirty Conditions,E8 Canine Violation,Sidewalk,,,,,,ARVERNE BOULEVARD,ARVERNE BOULEVARD,INTERSECTION,,,N/A,Closed,,The Department of Sanitation investigated this complaint and found no violation at the location.,03/14/2020 12:00:00 PM,14 QUEENS,,QUEENS,,,PHONE,Unspecified,QUEENS,,,,,,,,,,
45770171,03/05/2020 03:05:00 PM,03/07/2020 12:00:00 PM,DSNY,Department of Sanitation,Dirty Conditions,E8 Canine Violation,Sidewalk,10472,1265 BRONX RIVER AVENUE,BRONX RIVER AVENUE,COLGATE AVENUE,EAST 172 STREET,,,ADDRESS,BRONX,,N/A,Closed,,The Department of Sanitation investigated this complaint and found no violation at the location.,03/07/2020 12:00:00 PM,09 BRONX,2037690034,BRONX,1016831,241814,PHONE,Unspecified,BRONX,,,,,,,,40.83033891505202,-73.88226797718735,"(40.83033891505202, -73.88226797718735)"
45762387,03/05/2020 01:20:00 PM,03/10/2020 12:00:00 PM,DSNY,Department of Sanitation,Dirty Conditions,E8 Canine Violation,Sidewalk,,,,,,65 AVENUE,65 AVENUE,INTERSECTION,,,N/A,Closed,,The Department of Sanitation investigated this complaint and found no violation at the location.,03/10/2020 12:00:00 PM,08 QUEENS,,QUEENS,,,PHONE,Unspecified,QUEENS,,,,,,,,,,
45762388,03/05/2020 12:16:00 PM,03/07/2020 12:00:00 PM,DSNY,Department of Sanitation,Dirty Conditions,E8 Canine Violation,Sidewalk,10452,1065 GERARD AVENUE,GERARD AVENUE,EAST 165 STREET,MCCLELLAN STREET,,,ADDRESS,BRONX,,N/A,Closed,,The Department of Sanitation investigated this complaint and found no violation at the location.,03/07/2020 12:00:00 PM,04 BRONX,2024870010,BRONX,1005789,242498,PHONE,Unspecified,BRONX,,,,,,,,40.83225012873873,-73.92216621797843,"(40.83225012873873, -73.92216621797843)"
45762386,03/05/2020 11:04:00 AM,03/06/2020 12:00:00 PM,DSNY,Department of Sanitation,Dirty Conditions,E8 Canine Violation,Sidewalk,11236,175 CONKLIN AVENUE,CONKLIN AVENUE,EAST 96 STREET,ROCKAWAY PARKWAY,,,ADDRESS,BROOKLYN,,N/A,Closed,,The Department of Sanitation investigated this complaint and found no violation at the location.,03/06/2020 12:00:00 PM,18 BROOKLYN,3081840022,BROOKLYN,1011429,173869,PHONE,Unspecified,BROOKLYN,,,,,,,,40.643865168393276,-73.90206268419578,"(40.643865168393276, -73.90206268419578)"
45763410,03/05/2020 10:48:00 AM,03/07/2020 12:00:00 PM,DSNY,Department of Sanitation,Dirty Conditions,E8 Canine Violation,Sidewalk,10451,3134 PARK AVENUE,PARK AVENUE,EAST 159 STREET,EAST 160 STREET,,,ADDRESS,BRONX,,N/A,Closed,,The Department of Sanitation investigated this complaint and found no violation at the location.,03/07/2020 12:00:00 PM,03 BRONX,2024190001,BRONX,1007103,239479,PHONE,Unspecified,BRONX,,,,,,,,40.82396053740748,-73.91742820640064,"(40.82396053740748, -73.91742820640064)"
45758257,03/05/2020 09:50:00 AM,03/09/2020 12:00:00 PM,DSNY,Department of Sanitation,Dirty Conditions,E8 Canine Violation,Sidewalk,11207,477 SNEDIKER AVENUE,SNEDIKER AVENUE,LIVONIA AVENUE,RIVERDALE AVENUE,,,ADDRESS,BROOKLYN,,N/A,Closed,,The Department of Sanitation investigated this complaint and found no violation at the location.,03/09/2020 12:00:00 PM,05 BROOKLYN,3038170114,BROOKLYN,1012157,180921,PHONE,Unspecified,BROOKLYN,,,,,,,,40.66321909272436,-73.89941021734657,"(40.66321909272436, -73.89941021734657)"
45764424,03/05/2020 09:06:00 AM,03/07/2020 12:00:00 PM,DSNY,Department of Sanitation,Dirty Conditions,E8 Canine Violation,Sidewalk,10457,2254 CROTONA AVENUE,CROTONA AVENUE,GROTE STREET,EAST 183 STREET,,,ADDRESS,BRONX,,N/A,Closed,,The Department of Sanitation investigated this complaint and found no violation at the location.,03/07/2020 12:00:00 PM,06 BRONX,2031010021,BRONX,1015973,249393,PHONE,Unspecified,BRONX,,,,,,,,40.85114416633141,-73.88533252164136,"(40.85114416633141, -73.88533252164136)"
45762389,03/05/2020 08:17:00 AM,03/09/2020 12:00:00 PM,DSNY,Department of Sanitation,Dirty Conditions,E8 Canine Violation,Sidewalk,11212,620 HOWARD AVENUE,HOWARD AVENUE,EAST NEW YORK AVENUE,SUTTER AVENUE,,,ADDRESS,BROOKLYN,,N/A,Closed,,The Department of Sanitation investigated this complaint and found no violation at the location.,03/09/2020 12:00:00 PM,16 BROOKLYN,3035110057,BROOKLYN,1006532,182215,PHONE,Unspecified,BROOKLYN,,,,,,,,40.6667867767267,-73.91968103908027,"(40.6667867767267, -73.91968103908027)"
45761370,03/05/2020 08:02:00 AM,03/06/2020 12:00:00 PM,DSNY,Department of Sanitation,Dirty Conditions,E8 Canine Violation,Sidewalk,,,,,,16 AVENUE,16 AVENUE,INTERSECTION,,,N/A,Closed,,The Department of Sanitation investigated this complaint and found no violation at the location.,03/06/2020 12:00:00 PM,11 BROOKLYN,,BROOKLYN,,,PHONE,Unspecified,BROOKLYN,,,,,,,,,,
45760332,03/05/2020 06:44:00 AM,03/07/2020 12:00:00 PM,DSNY,Department of Sanitation,Dirty Conditions,E8 Canine Violation,Sidewalk,,,,,,WEST 165 STREET,WEST 165 STREET,INTERSECTION,,,N/A,Closed,,The Department of Sanitation investigated this complaint and found no violation at the location.,03/07/2020 12:00:00 PM,04 BRONX,,BRONX,,,PHONE,Unspecified,BRONX,,,,,,,,,,
45758258,03/04/2020 04:13:00 PM,03/05/2020 12:00:00 PM,DSNY,Department of Sanitation,Dirty Conditions,E8 Canine Violation,Sidewalk,10302,102 NICHOLAS AVENUE,NICHOLAS AVENUE,SLAIGHT STREET,HARRISON AVENUE,,,ADDRESS,STATEN ISLAND,,N/A,Closed,,The Department of Sanitation investigated this complaint and found no violation at the location.,03/05/2020 12:00:00 PM,01 STATEN ISLAND,5011170050,STATEN ISLAND,945428,171538,PHONE,Unspecified,STATEN ISLAND,,,,,,,,40.637423698103646,-74.1398784459247,"(40.637423698103646, -74.1398784459247)"
45759306,03/04/2020 02:45:00 PM,03/06/2020 12:00:00 PM,DSNY,Department of Sanitation,Dirty Conditions,E8 Canine Violation,Sidewalk,10024,100 WEST   90 STREET,WEST   90 STREET,COLUMBUS AVENUE,AMSTERDAM AVENUE,,,ADDRESS,NEW YORK,,N/A,Closed,,The Department of Sanitation investigated this complaint and found no violation at the location.,03/06/2020 12:00:00 PM,07 MANHATTAN,1012200029,MANHATTAN,992448,226762,ONLINE,Unspecified,MANHATTAN,,,,,,,,40.78908164266978,-73.97039474696099,"(40.78908164266978, -73.97039474696099)"
45747635,03/04/2020 12:02:00 PM,03/05/2020 12:00:00 PM,DSNY,Department of Sanitation,Dirty Conditions,E8 Canine Violation,Sidewalk,,,,,,DEVOE STREET,DEVOE STREET,INTERSECTION,,,N/A,Closed,,The Department of Sanitation investigated this complaint and found no violation at the location.,03/05/2020 12:00:00 PM,01 BROOKLYN,,BROOKLYN,,,PHONE,Unspecified,BROOKLYN,,,,,,,,,,
45748824,03/04/2020 08:50:00 AM,03/04/2020 12:00:00 PM,DSNY,Department of Sanitation,Dirty Conditions,E8 Canine Violation,Sidewalk,10473,435 ZEREGA AVENUE,ZEREGA AVENUE,EFFINGHAM AVENUE,LACOMBE AVENUE,,,ADDRESS,BRONX,,N/A,Closed,,The Department of Sanitation investigated this complaint and found no violation at the location.,03/04/2020 12:00:00 PM,09 BRONX,2035120090,BRONX,1027193,236582,ONLINE,Unspecified,BRONX,,,,,,,,40.815934276872454,-73.84485825869056,"(40.815934276872454, -73.84485825869056)"
45748826,03/04/2020 08:34:00 AM,03/09/2020 12:00:00 PM,DSNY,Department of Sanitation,Dirty Conditions,E8 Canine Violation,Sidewalk,,,,,,108 STREET,108 STREET,INTERSECTION,,,N/A,Closed,,The Department of Sanitation investigated this complaint and found no violation at the location.,03/09/2020 12:00:00 PM,09 QUEENS,,QUEENS,,,PHONE,Unspecified,QUEENS,,,,,,,,,,
45753626,03/04/2020 08:32:00 AM,03/09/2020 12:00:00 PM,DSNY,Department of Sanitation,Dirty Conditions,E8 Canine Violation,Sidewalk,11432,84-62 151 STREET,151 STREET,84 DRIVE,85 AVENUE,,,ADDRESS,Jamaica,,N/A,Closed,,The Department of Sanitation investigated this complaint and found no violation at the location.,03/09/2020 12:00:00 PM,08 QUEENS,4097440010,QUEENS,1037332,198792,PHONE,Unspecified,QUEENS,,,,,,,,40.71215563082343,-73.80852725032717,"(40.71215563082343, -73.80852725032717)"
45750033,03/04/2020 05:14:00 AM,03/13/2020 12:00:00 PM,DSNY,Department of Sanitation,Dirty Conditions,E8 Canine Violation,Sidewalk,,,,,,23 STREET,23 STREET,INTERSECTION,,,N/A,Closed,,The Department of Sanitation investigated this complaint and found no violation at the location.,03/13/2020 12:00:00 PM,01 QUEENS,,QUEENS,,,PHONE,Unspecified,QUEENS,,,,,,,,,,
45747636,03/03/2020 09:26:00 PM,03/05/2020 12:00:00 PM,DSNY,Department of Sanitation,Dirty Conditions,E8 Canine Violation,Sidewalk,,,,,,AVENUE K,AVENUE K,INTERSECTION,,,N/A,Closed,,The Department of Sanitation investigated this complaint and found no violation at the location.,03/05/2020 12:00:00 PM,14 BROOKLYN,,BROOKLYN,,,PHONE,Unspecified,BROOKLYN,,,,,,,,,,
45748825,03/03/2020 04:33:00 PM,03/09/2020 12:00:00 PM,DSNY,Department of Sanitation,Dirty Conditions,E8 Canine Violation,Sidewalk,11385,68-23 FRESH POND ROAD,FRESH POND ROAD,68 AVENUE,68 ROAD,,,ADDRESS,Ridgewood,,N/A,Closed,,The Department of Sanitation investigated this complaint and found no violation at the location.,03/09/2020 12:00:00 PM,05 QUEENS,4036250022,QUEENS,1013062,196067,ONLINE,Unspecified,QUEENS,,,,,,,,40.70478847838885,-73.89608341635494,"(40.70478847838885, -73.89608341635494)"
45752449,03/03/2020 03:48:00 PM,03/10/2020 12:00:00 PM,DSNY,Department of Sanitation,Dirty Conditions,E8 Canine Violation,Sidewalk,11366,164-22 78 AVENUE,78 AVENUE,164 STREET,165 STREET,,,ADDRESS,Fresh Meadows,,N/A,Closed,,The Department of Sanitation investigated this complaint and found no violation at the location.,03/10/2020 12:00:00 PM,08 QUEENS,4069720011,QUEENS,1038512,202727,PHONE,Unspecified,QUEENS,,,,,,,,40.72294907632918,-73.80423915106668,"(40.72294907632918, -73.80423915106668)"
45752448,03/03/2020 03:21:00 PM,03/14/2020 12:00:00 PM,DSNY,Department of Sanitation,Dirty Conditions,E8 Canine Violation,Sidewalk,11419,95-48 112 STREET,112 STREET,95 AVENUE,101 AVENUE,,,ADDRESS,South Richmond Hill,,N/A,Closed,,The Department of Sanitation investigated this complaint and found no violation at the location.,03/14/2020 12:00:00 PM,09 QUEENS,4094130027,QUEENS,1030585,190863,ONLINE,Unspecified,QUEENS,,,,,,,,40.690430328633596,-73.8329189279969,"(40.690430328633596, -73.8329189279969)"
45747633,03/03/2020 03:01:00 PM,03/10/2020 12:00:00 PM,DSNY,Department of Sanitation,Dirty Conditions,E8 Canine Violation,Sidewalk,11357,16-24 MURRAY STREET,MURRAY STREET,16 ROAD,17 AVENUE,,,ADDRESS,Whitestone,,N/A,Closed,,The Department of Sanitation investigated this complaint and found no violation at the location.,03/10/2020 12:00:00 PM,07 QUEENS,4046840025,QUEENS,1036339,225135,ONLINE,Unspecified,QUEENS,,,,,,,,40.78446626697745,-73.8119050640421,"(40.78446626697745, -73.8119050640421)"
45747634,03/03/2020 02:09:00 PM,03/10/2020 12:00:00 PM,DSNY,Department of Sanitation,Dirty Conditions,E8 Canine Violation,Sidewalk,,,,,,46 AVENUE,46 AVENUE,INTERSECTION,,,N/A,Closed,,The Department of Sanitation investigated this complaint and found no violation at the location.,03/10/2020 12:00:00 PM,11 QUEENS,,QUEENS,,,PHONE,Unspecified,QUEENS,,,,,,,,,,
45740696,03/03/2020 11:39:00 AM,03/14/2020 12:00:00 PM,DSNY,Department of Sanitation,Dirty Conditions,E8 Canine Violation,Sidewalk,11694,300 BEACH  102 STREET,BEACH  102 STREET,ROCKAWAY FREEWAY,BEACH CHANNEL DRIVE,,,ADDRESS,Rockaway Park,,N/A,Closed,,The Department of Sanitation investigated this complaint and found no violation at the location.,03/14/2020 12:00:00 PM,14 QUEENS,,QUEENS,1033313,152302,ONLINE,Unspecified,QUEENS,,,,,,,,40.58457413644253,-73.82336234647019,"(40.58457413644253, -73.82336234647019)"
45744160,03/03/2020 11:08:00 AM,03/03/2020 12:00:00 PM,DSNY,Department of Sanitation,Dirty Conditions,E8 Canine Violation,Sidewalk,,,,,,16 AVENUE,16 AVENUE,INTERSECTION,,,N/A,Closed,,The Department of Sanitation investigated this complaint and found no violation at the location.,03/03/2020 12:00:00 PM,11 BROOKLYN,,BROOKLYN,,,PHONE,Unspecified,BROOKLYN,,,,,,,,,,
45741529,03/03/2020 08:05:00 AM,03/07/2020 12:00:00 PM,DSNY,Department of Sanitation,Dirty Conditions,E8 Canine Violation,Sidewalk,11215,433 CARROLL STREET,CARROLL STREET,NEVINS STREET,3 AVENUE,,,ADDRESS,BROOKLYN,,N/A,Closed,,The Department of Sanitation investigated this complaint and found no violation at the location.,03/07/2020 12:00:00 PM,06 BROOKLYN,3004470059,BROOKLYN,987648,186162,PHONE,Unspecified,BROOKLYN,,,,,,,,40.67764779333199,-73.9877493833793,"(40.67764779333199, -73.9877493833793)"
45741530,03/03/2020 07:56:00 AM,03/09/2020 12:00:00 PM,DSNY,Department of Sanitation,Dirty Conditions,E8 Canine Violation,Sidewalk,11385,59-23 GATES AVENUE,GATES AVENUE,FOREST AVENUE,60 PLACE,,,ADDRESS,Ridgewood,,N/A,Closed,,The Department of Sanitation investigated this complaint and found no violation at the location.,03/09/2020 12:00:00 PM,05 QUEENS,4034970078,QUEENS,1011155,197224,PHONE,Unspecified,QUEENS,,,,,,,,40.707970172376875,-73.90295678719436,"(40.707970172376875, -73.90295678719436)"
45741527,03/03/2020 07:37:00 AM,03/03/2020 12:00:00 PM,DSNY,Department of Sanitation,Dirty Conditions,E8 Canine Violation,Sidewalk,11226,2201 VANDERVEER PLACE,VANDERVEER PLACE,FLATBUSH AVENUE,EAST 23 STREET,,,ADDRESS,BROOKLYN,,N/A,Closed,,The Department of Sanitation investigated this complaint and found no violation at the location.,03/03/2020 12:00:00 PM,14 BROOKLYN,3051870001,BROOKLYN,996233,173172,ONLINE,Unspecified,BROOKLYN,,,,,,,,40.64198565015136,-73.95682145769635,"(40.64198565015136, -73.95682145769635)"
45745034,03/03/2020 04:35:00 AM,03/04/2020 12:00:00 PM,DSNY,Department of Sanitation,Dirty Conditions,E8 Canine Violation,Sidewalk,10460,1975 VYSE AVENUE,VYSE AVENUE,EAST TREMONT AVENUE,EAST 178 STREET,,,ADDRESS,BRONX,,N/A,Closed,,The Department of Sanitation investigated this complaint and found no violation at the location.,03/04/2020 12:00:00 PM,06 BRONX,2031260028,BRONX,1016761,245930,ONLINE,Unspecified,BRONX,,,,,,,,40.84163639218959,-73.882500972839,"(40.84163639218959, -73.882500972839)"
45741528,03/02/2020 09:42:00 PM,03/04/2020 12:00:00 PM,DSNY,Department of Sanitation,Dirty Conditions,E8 Canine Violation,Sidewalk,10312,195 WOEHRLE AVENUE,WOEHRLE AVENUE,LUDLOW STREET,SMYRNA AVENUE,,,ADDRESS,STATEN ISLAND,,N/A,Closed,,The Department of Sanitation investigated this complaint and found no violation at the location.,03/04/2020 12:00:00 PM,03 STATEN ISLAND,5056650088,STATEN ISLAND,934226,140521,ONLINE,Unspecified,STATEN ISLAND,,,,,,,,40.55223228105422,-74.18001029637027,"(40.55223228105422, -74.18001029637027)"
45740697,03/02/2020 08:29:00 PM,03/04/2020 12:00:00 PM,DSNY,Department of Sanitation,Dirty Conditions,E8 Canine Violation,Sidewalk,10461,1641 OVERING STREET,OVERING STREET,MACLAY AVENUE,EAST TREMONT AVENUE,,,ADDRESS,BRONX,,N/A,Closed,,The Department of Sanitation investigated this complaint and found no violation at the location.,03/04/2020 12:00:00 PM,10 BRONX,2040010069,BRONX,1026290,246306,ONLINE,Unspecified,BRONX,,,,,,,,40.84262817725531,-73.84805961853907,"(40.84262817725531, -73.84805961853907)"
45741356,03/02/2020 02:46:00 PM,03/03/2020 12:00:00 PM,DSNY,Department of Sanitation,Dirty Conditions,E8 Canine Violation,Sidewalk,11205,105 GRAND AVENUE,GRAND AVENUE,PARK AVENUE,MYRTLE AVENUE,,,ADDRESS,BROOKLYN,,N/A,Closed,,The Department of Sanitation investigated this complaint and found no violation at the location.,03/03/2020 12:00:00 PM,02 BROOKLYN,3018930002,BROOKLYN,994193,192170,ONLINE,Unspecified,BROOKLYN,,,,,,,,40.69413344540047,-73.96414420184784,"(40.69413344540047, -73.96414420184784)"
45745907,03/02/2020 02:17:00 PM,03/04/2020 12:00:00 PM,DSNY,Department of Sanitation,Dirty Conditions,E8 Canine Violation,Sidewalk,10308,147 COLON AVENUE,COLON AVENUE,COLON AVENUE,BEND,,,ADDRESS,STATEN ISLAND,,N/A,Closed,,The Department of Sanitation investigated this complaint and found no violation at the location.,03/04/2020 12:00:00 PM,03 STATEN ISLAND,5054397501,STATEN ISLAND,941174,140792,PHONE,Unspecified,STATEN ISLAND,,,,,,,,40.5530125918552,-74.155009848726,"(40.5530125918552, -74.155009848726)"
45732974,03/02/2020 01:11:00 PM,03/03/2020 12:00:00 PM,DSNY,Department of Sanitation,Dirty Conditions,E8 Canine Violation,Sidewalk,10304,551 ODER AVENUE,ODER AVENUE,HAY STREET,DEAD END,,,ADDRESS,STATEN ISLAND,,N/A,Closed,,The Department of Sanitation investigated this complaint and found no violation at the location.,03/03/2020 12:00:00 PM,02 STATEN ISLAND,5031720024,STATEN ISLAND,959119,159332,ONLINE,Unspecified,STATEN ISLAND,,,,,,,,40.60397021607387,-74.09050339909557,"(40.60397021607387, -74.09050339909557)"
45737787,03/02/2020 12:13:00 PM,03/04/2020 12:00:00 PM,DSNY,Department of Sanitation,Dirty Conditions,E8 Canine Violation,Sidewalk,,,,,,EAST 182 STREET,EAST 182 STREET,INTERSECTION,,,N/A,Closed,,The Department of Sanitation investigated this complaint and found no violation at the location.,03/04/2020 12:00:00 PM,06 BRONX,,BRONX,,,PHONE,Unspecified,BRONX,,,,,,,,,,
45738794,03/02/2020 12:10:00 PM,03/04/2020 12:00:00 PM,DSNY,Department of Sanitation,Dirty Conditions,E8 Canine Violation,Sidewalk,10460,2152 MAPES AVENUE,MAPES AVENUE,EAST 181 STREET,EAST 182 STREET,,,ADDRESS,BRONX,,N/A,Closed,,The Department of Sanitation investigated this complaint and found no violation at the location.,03/04/2020 12:00:00 PM,06 BRONX,,BRONX,1016269,248282,PHONE,Unspecified,BRONX,,,,,,,,40.84809373404768,-73.88426789278158,"(40.84809373404768, -73.88426789278158)"
45736820,03/02/2020 07:36:00 AM,03/04/2020 12:00:00 PM,DSNY,Department of Sanitation,Dirty Conditions,E8 Canine Violation,Sidewalk,10469,2925 COLDEN AVENUE,COLDEN AVENUE,ARNOW AVENUE,ADEE AVENUE,,,ADDRESS,BRONX,,N/A,Closed,,The Department of Sanitation investigated this complaint and found no violation at the location.,03/04/2020 12:00:00 PM,11 BRONX,2045530043,BRONX,1023099,255665,ONLINE,Unspecified,BRONX,,,,,,,,40.86833042042862,-73.85953822718548,"(40.86833042042862, -73.85953822718548)"
45736821,03/01/2020 09:00:00 PM,03/03/2020 12:00:00 PM,DSNY,Department of Sanitation,Dirty Conditions,E8 Canine Violation,Sidewalk,,,,,,OCEAN AVENUE,OCEAN AVENUE,INTERSECTION,,,N/A,Closed,,The Department of Sanitation investigated this complaint and found no violation at the location.,03/03/2020 12:00:00 PM,15 BROOKLYN,,BROOKLYN,,,PHONE,Unspecified,BROOKLYN,,,,,,,,,,
45733910,03/01/2020 05:30:00 PM,03/04/2020 12:00:00 PM,DSNY,Department of Sanitation,Dirty Conditions,E8 Canine Violation,Sidewalk,10459,885 JENNINGS STREET,JENNINGS STREET,INTERVALE AVENUE,CHARLOTTE STREET,,,ADDRESS,BRONX,,N/A,Closed,,The Department of Sanitation investigated this complaint and found no violation at the location.,03/04/2020 12:00:00 PM,03 BRONX,2029770329,BRONX,1014060,242603,PHONE,Unspecified,BRONX,,,,,,,,40.83251427919986,-73.89227751830461,"(40.83251427919986, -73.89227751830461)"
45737624,03/01/2020 04:27:00 PM,03/02/2020 12:00:00 PM,DSNY,Department of Sanitation,Dirty Conditions,E8 Canine Violation,Sidewalk,10466,621 EAST  237 STREET,EAST  237 STREET,CARPENTER AVENUE,MATILDA AVENUE,,,ADDRESS,BRONX,,N/A,Closed,,The Department of Sanitation investigated this complaint and found no violation at the location.,03/02/2020 12:00:00 PM,12 BRONX,2050400011,BRONX,1023595,266547,PHONE,Unspecified,BRONX,,,,,,,,40.89819587630771,-73.85768097798993,"(40.89819587630771, -73.85768097798993)"
45727351,03/01/2020 12:42:00 PM,03/02/2020 12:00:00 PM,DSNY,Department of Sanitation,Dirty Conditions,E8 Canine Violation,Sidewalk,11375,68-28 FLEET STREET,FLEET STREET,68 AVENUE,69 AVENUE,,,ADDRESS,Forest Hills,,N/A,Closed,,The Department of Sanitation investigated this complaint and found no violation at the location.,03/02/2020 12:00:00 PM,06 QUEENS,4032010019,QUEENS,1025152,201066,PHONE,Unspecified,QUEENS,,,,,,,,40.71846189927306,-73.85244796930628,"(40.71846189927306, -73.85244796930628)"
45731471,03/01/2020 12:18:00 PM,03/02/2020 12:00:00 PM,DSNY,Department of Sanitation,Dirty Conditions,E8 Canine Violation,Sidewalk,10460,555 VAN NEST AVENUE,VAN NEST AVENUE,MELVILLE STREET,TAYLOR AVENUE,,,ADDRESS,BRONX,,N/A,Closed,,The Department of Sanitation investigated this complaint and found no violation at the location.,03/02/2020 12:00:00 PM,11 BRONX,2040200034,BRONX,1020439,245976,PHONE,Unspecified,BRONX,,,,,,,,40.84174834163818,-73.8692079679357,"(40.84174834163818, -73.8692079679357)"
45727352,03/01/2020 10:02:00 AM,03/03/2020 12:00:00 PM,DSNY,Department of Sanitation,Dirty Conditions,E8 Canine Violation,Sidewalk,11357,14-20 155 STREET,155 STREET,14 AVENUE,CRYDERS LANE,,,ADDRESS,Whitestone,,N/A,Closed,,The Department of Sanitation investigated this complaint and found no violation at the location.,03/03/2020 12:00:00 PM,07 QUEENS,4045610049,QUEENS,1037759,226693,PHONE,Unspecified,QUEENS,,,,,,,,40.78873406703286,-73.80676500739789,"(40.78873406703286, -73.80676500739789)"
45731472,03/01/2020 09:30:00 AM,03/02/2020 12:00:00 PM,DSNY,Department of Sanitation,Dirty Conditions,E8 Canine Violation,Sidewalk,10462,1325 PURDY STREET,PURDY STREET,WESTCHESTER AVENUE,STARLING AVENUE,,,ADDRESS,BRONX,,N/A,Closed,,The Department of Sanitation investigated this complaint and found no violation at the location.,03/02/2020 12:00:00 PM,09 BRONX,2039340170,BRONX,1024939,243447,PHONE,Unspecified,BRONX,,,,,,,,40.83478739244775,-73.85295971940074,"(40.83478739244775, -73.85295971940074)"
45728049,03/01/2020 06:59:00 AM,03/04/2020 12:00:00 PM,DSNY,Department of Sanitation,Dirty Conditions,E8 Canine Violation,Sidewalk,10308,34 KATAN LOOP,KATAN LOOP,BEND,BEND,,,ADDRESS,STATEN ISLAND,,N/A,Closed,,The Department of Sanitation investigated this complaint and found no violation at the location.,03/04/2020 12:00:00 PM,03 STATEN ISLAND,5054397501,STATEN ISLAND,941462,140764,ONLINE,Unspecified,STATEN ISLAND,,,,,,,,40.55293713149997,-74.15397329999246,"(40.55293713149997, -74.15397329999246)"
45722821,02/28/2020 09:28:00 PM,03/05/2020 12:00:00 PM,DSNY,Department of Sanitation,Dirty Conditions,E8 Canine Violation,Sidewalk,,,,,,COLUMBUS AVENUE,COLUMBUS AVENUE,INTERSECTION,,,N/A,Closed,,The Department of Sanitation investigated this complaint and found no violation at the location.,03/05/2020 12:00:00 PM,07 MANHATTAN,,MANHATTAN,,,PHONE,Unspecified,MANHATTAN,,,,,,,,,,
45725094,02/28/2020 08:24:00 PM,03/03/2020 12:00:00 PM,DSNY,Department of Sanitation,Dirty Conditions,E8 Canine Violation,Sidewalk,11427,215-73 SPENCER AVENUE,SPENCER AVENUE,SAWYER AVENUE,SAWYER AVENUE,,,ADDRESS,Queens Village,,N/A,Closed,,The Department of Sanitation investigated this complaint and found no violation at the location.,03/03/2020 12:00:00 PM,13 QUEENS,4106930098,QUEENS,1053559,204802,ONLINE,Unspecified,QUEENS,,,,,,,,40.72853932952392,-73.74993302836315,"(40.72853932952392, -73.74993302836315)"
45721932,02/28/2020 06:33:00 PM,02/29/2020 12:00:00 PM,DSNY,Department of Sanitation,Dirty Conditions,E8 Canine Violation,Sidewalk,11231,158 SACKETT STREET,SACKETT STREET,COLUMBIA STREET,HICKS STREET,,,ADDRESS,BROOKLYN,,N/A,Closed,,The Department of Sanitation investigated this complaint and found no violation at the location.,02/29/2020 12:00:00 PM,06 BROOKLYN,3003367501,BROOKLYN,983758,188767,ONLINE,Unspecified,BROOKLYN,,,,,,,,40.68479856496009,-74.00177396989321,"(40.68479856496009, -74.00177396989321)"
45722064,02/28/2020 06:30:00 PM,03/02/2020 12:00:00 PM,DSNY,Department of Sanitation,Dirty Conditions,E8 Canine Violation,Sidewalk,11209,353 82 STREET,82 STREET,3 AVENUE,4 AVENUE,,,ADDRESS,BROOKLYN,,N/A,Closed,,The Department of Sanitation investigated this complaint and found no violation at the location.,03/02/2020 12:00:00 PM,10 BROOKLYN,3059970060,BROOKLYN,976352,167363,PHONE,Unspecified,BROOKLYN,,,,,,,,40.62604576381371,-74.02845219671913,"(40.62604576381371, -74.02845219671913)"
45726601,02/28/2020 05:58:00 PM,03/02/2020 12:00:00 PM,DSNY,Department of Sanitation,Dirty Conditions,E8 Canine Violation,Sidewalk,10314,9 AMSTERDAM AVENUE,AMSTERDAM AVENUE,CARNEGIE AVENUE,BEND,,,ADDRESS,STATEN ISLAND,,N/A,Closed,,The Department of Sanitation investigated this complaint and found no violation at the location.,03/02/2020 12:00:00 PM,02 STATEN ISLAND,5021530124,STATEN ISLAND,938815,159328,ONLINE,Unspecified,STATEN ISLAND,,,,,,,,40.603878397776555,-74.16362333144129,"(40.603878397776555, -74.16362333144129)"
45725095,02/28/2020 03:16:00 PM,03/03/2020 12:00:00 PM,DSNY,Department of Sanitation,Dirty Conditions,E8 Canine Violation,Sidewalk,11435,82-05 134 STREET,134 STREET,82 AVENUE,HOOVER AVENUE,,,ADDRESS,Jamaica,,N/A,Closed,,The Department of Sanitation investigated this complaint and found no violation at the location.,03/03/2020 12:00:00 PM,08 QUEENS,4096600002,QUEENS,1033138,199386,PHONE,Unspecified,QUEENS,,,,,,,,40.71381018417481,-73.82365112435565,"(40.71381018417481, -73.82365112435565)"
45712905,02/28/2020 12:15:00 PM,02/28/2020 12:15:00 PM,DSNY,Department of Sanitation,Dirty Conditions,E8 Canine Violation,Sidewalk,11385,69-10 68 PLACE,68 PLACE,OTTO ROAD,70 AVENUE,,,ADDRESS,Ridgewood,,N/A,Closed,,The Department of Sanitation investigated this complaint and found no violation at the location.,02/28/2020 12:15:00 PM,05 QUEENS,4036540018,QUEENS,1016002,196491,PHONE,Unspecified,QUEENS,,,,,,,,40.70594219612315,-73.88547769555863,"(40.70594219612315, -73.88547769555863)"
45712906,02/28/2020 09:49:00 AM,02/29/2020 12:00:00 PM,DSNY,Department of Sanitation,Dirty Conditions,E8 Canine Violation,Sidewalk,11217,610 BALTIC STREET,BALTIC STREET,4 AVENUE,GREGORY PLACE,,,ADDRESS,BROOKLYN,,N/A,Closed,,The Department of Sanitation investigated this complaint and found no violation at the location.,02/29/2020 12:00:00 PM,06 BROOKLYN,3009400111,BROOKLYN,989661,187175,PHONE,Unspecified,BROOKLYN,,,,,,,,40.680427247252936,-73.98049121551652,"(40.680427247252936, -73.98049121551652)"
45714004,02/28/2020 08:37:00 AM,02/28/2020 12:00:00 PM,DSNY,Department of Sanitation,Dirty Conditions,E8 Canine Violation,Sidewalk,11201,214 DUFFIELD STREET,DUFFIELD STREET,WILLOUGHBY STREET,FULTON STREET,,,ADDRESS,BROOKLYN,,N/A,Closed,,The Department of Sanitation investigated this complaint and found no violation at the location.,02/28/2020 12:00:00 PM,02 BROOKLYN,3001450022,BROOKLYN,988583,191263,PHONE,Unspecified,BROOKLYN,,,,,,,,40.69164846490154,-73.9843752006855,"(40.69164846490154, -73.9843752006855)"
45720355,02/27/2020 03:34:00 PM,03/02/2020 12:00:00 PM,DSNY,Department of Sanitation,Dirty Conditions,E8 Canine Violation,Sidewalk,10307,29 MASSACHUSETTS ST SOUTH,MASSACHUSETTS ST SOUTH,HYLAN BOULEVARD,CLERMONT AVENUE,,,ADDRESS,STATEN ISLAND,,N/A,Closed,,The Department of Sanitation investigated this complaint and found no violation at the location.,03/02/2020 12:00:00 PM,03 STATEN ISLAND,5079360080,STATEN ISLAND,914704,122226,ONLINE,Unspecified,STATEN ISLAND,,,,,,,,40.50188450073369,-74.25007152628564,"(40.50188450073369, -74.25007152628564)"
45720356,02/27/2020 03:07:00 PM,02/28/2020 12:00:00 PM,DSNY,Department of Sanitation,Dirty Conditions,E8 Canine Violation,Sidewalk,,,,,,HIMROD STREET,HIMROD STREET,INTERSECTION,,,N/A,Closed,,The Department of Sanitation investigated this complaint and found no violation at the location.,02/28/2020 12:00:00 PM,05 QUEENS,,QUEENS,,,PHONE,Unspecified,QUEENS,,,,,,,,,,
45711794,02/27/2020 12:43:00 PM,02/27/2020 12:43:00 PM,DSNY,Department of Sanitation,Dirty Conditions,E8 Canine Violation,Sidewalk,11226,CATON AVENUE,CATON AVENUE,FLATBUSH AVENUE,BEDFORD AVENUE,,,BLOCKFACE,BROOKLYN,,N/A,Closed,,The Department of Sanitation investigated this complaint and found no violation at the location.,02/27/2020 12:43:00 PM,14 BROOKLYN,,BROOKLYN,995819,177177,PHONE,Unspecified,BROOKLYN,,,,,,,,40.65297905794804,-73.95830636166706,"(40.65297905794804, -73.95830636166706)"
45711793,02/27/2020 11:05:00 AM,02/27/2020 12:00:00 PM,DSNY,Department of Sanitation,Dirty Conditions,E8 Canine Violation,Sidewalk,11231,157 LUQUER STREET,LUQUER STREET,CLINTON STREET,COURT STREET,,,ADDRESS,BROOKLYN,,N/A,Closed,,The Department of Sanitation investigated this complaint and found no violation at the location.,02/27/2020 12:00:00 PM,06 BROOKLYN,3003740045,BROOKLYN,984444,186067,ONLINE,Unspecified,BROOKLYN,,,,,,,,40.67738768985304,-73.99930058553635,"(40.67738768985304, -73.99930058553635)"
45709508,02/27/2020 10:44:00 AM,02/27/2020 12:00:00 PM,DSNY,Department of Sanitation,Dirty Conditions,E8 Canine Violation,Sidewalk,11218,114 ALBEMARLE ROAD,ALBEMARLE ROAD,MCDONALD AVENUE,EAST 2 STREET,,,ADDRESS,BROOKLYN,,N/A,Closed,,The Department of Sanitation investigated this complaint and found no violation at the location.,02/27/2020 12:00:00 PM,12 BROOKLYN,3053340006,BROOKLYN,989989,174327,ONLINE,Unspecified,BROOKLYN,,,,,,,,40.645162123509614,-73.97931958244115,"(40.645162123509614, -73.97931958244115)"
45706124,02/27/2020 08:16:00 AM,02/28/2020 12:00:00 PM,DSNY,Department of Sanitation,Dirty Conditions,E8 Canine Violation,Sidewalk,11378,62-03 60 STREET,60 STREET,62 AVENUE,METROPOLITAN AVENUE,,,ADDRESS,Maspeth,,N/A,Closed,,The Department of Sanitation investigated this complaint and found no violation at the location.,02/28/2020 12:00:00 PM,05 QUEENS,4027360007,QUEENS,1010443,199259,PHONE,Unspecified,QUEENS,,,,,,,,40.71355789715366,-73.9055169695659,"(40.71355789715366, -73.9055169695659)"
45710645,02/26/2020 05:24:00 PM,03/02/2020 12:00:00 PM,DSNY,Department of Sanitation,Dirty Conditions,E8 Canine Violation,Sidewalk,11220,414 61 STREET,61 STREET,4 AVENUE,5 AVENUE,,,ADDRESS,BROOKLYN,,N/A,Closed,,The Department of Sanitation investigated this complaint and found no violation at the location.,03/02/2020 12:00:00 PM,07 BROOKLYN,3057910013,BROOKLYN,979140,172403,ONLINE,Unspecified,BROOKLYN,,,,,,,,40.63988154217683,-74.0184123663911,"(40.63988154217683, -74.0184123663911)"
45711580,02/26/2020 04:39:00 PM,02/27/2020 12:00:00 PM,DSNY,Department of Sanitation,Dirty Conditions,E8 Canine Violation,Sidewalk,,,,,,PRINCE STREET,PRINCE STREET,INTERSECTION,,,N/A,Closed,,The Department of Sanitation investigated this complaint and found no violation at the location.,02/27/2020 12:00:00 PM,02 BROOKLYN,,BROOKLYN,,,PHONE,Unspecified,BROOKLYN,,,,,,,,,,
45698231,02/26/2020 11:00:00 AM,03/06/2020 12:00:00 PM,DSNY,Department of Sanitation,Dirty Conditions,E8 Canine Violation,Sidewalk,10032,801 RIVERSIDE DRIVE,RIVERSIDE DRIVE,WEST 157 STREET,EDWARD M MORGAN PLACE,,,ADDRESS,NEW YORK,,N/A,Closed,,The Department of Sanitation investigated this complaint and found no violation at the location.,03/06/2020 12:00:00 PM,12 MANHATTAN,1021347501,MANHATTAN,999068,243500,ONLINE,Unspecified,MANHATTAN,,,,,,,,40.835014163255074,-73.94645114362731,"(40.835014163255074, -73.94645114362731)"
45701005,02/26/2020 10:30:00 AM,02/28/2020 12:00:00 PM,DSNY,Department of Sanitation,Dirty Conditions,E8 Canine Violation,Sidewalk,,,,,,EAST 199 STREET,EAST 199 STREET,INTERSECTION,,,N/A,Closed,,The Department of Sanitation investigated this complaint and found no violation at the location.,02/28/2020 12:00:00 PM,07 BRONX,,BRONX,,,PHONE,Unspecified,BRONX,,,,,,,,,,
45701692,02/26/2020 08:11:00 AM,02/28/2020 12:00:00 PM,DSNY,Department of Sanitation,Dirty Conditions,E8 Canine Violation,Sidewalk,10457,661 OAKLAND PLACE,OAKLAND PLACE,BELMONT AVENUE,CROTONA AVENUE,,,ADDRESS,BRONX,,N/A,Closed,,The Department of Sanitation investigated this complaint and found no violation at the location.,02/28/2020 12:00:00 PM,06 BRONX,2030800078,BRONX,1014612,248166,ONLINE,Unspecified,BRONX,,,,,,,,40.84778120174257,-73.89025760871131,"(40.84778120174257, -73.89025760871131)"
45698924,02/26/2020 08:01:00 AM,02/28/2020 12:00:00 PM,DSNY,Department of Sanitation,Dirty Conditions,E8 Canine Violation,Sidewalk,,ROCKAWAY BEACH,ROCKAWAY BEACH,BEACH 138 STREET,BEACH 139 STREET,,,BLOCKFACE,,,N/A,Closed,,The Department of Sanitation investigated this complaint and found no violation at the location.,02/28/2020 12:00:00 PM,14 QUEENS,,QUEENS,,,PHONE,Unspecified,QUEENS,,,,,,,,,,
45701006,02/26/2020 12:31:00 AM,02/27/2020 12:00:00 PM,DSNY,Department of Sanitation,Dirty Conditions,E8 Canine Violation,Sidewalk,10462,993 PIERCE AVENUE,PIERCE AVENUE,RADCLIFF AVENUE,COLDEN AVENUE,,,ADDRESS,BRONX,,N/A,Closed,,The Department of Sanitation investigated this complaint and found no violation at the location.,02/27/2020 12:00:00 PM,11 BRONX,2040970033,BRONX,1024628,247103,PHONE,Unspecified,BRONX,,,,,,,,40.84482346180293,-73.8540615854416,"(40.84482346180293, -73.8540615854416)"
45702952,02/25/2020 10:13:00 PM,02/26/2020 12:00:00 PM,DSNY,Department of Sanitation,Dirty Conditions,E8 Canine Violation,Sidewalk,11226,280 EAST   21 STREET,EAST   21 STREET,ALBEMARLE TERRACE,ALBEMARLE ROAD,,,ADDRESS,BROOKLYN,,N/A,Closed,,The Department of Sanitation investigated this complaint and found no violation at the location.,02/26/2020 12:00:00 PM,14 BROOKLYN,3051010044,BROOKLYN,995484,175268,PHONE,Unspecified,BROOKLYN,,,,,,,,40.647739699497876,-73.95951685098144,"(40.647739699497876, -73.95951685098144)"
45698096,02/25/2020 09:36:00 PM,02/26/2020 12:00:00 PM,DSNY,Department of Sanitation,Dirty Conditions,E8 Canine Violation,Sidewalk,,,,,,LOTT AVENUE,LOTT AVENUE,INTERSECTION,,,N/A,Closed,,The Department of Sanitation investigated this complaint and found no violation at the location.,02/26/2020 12:00:00 PM,16 BROOKLYN,,BROOKLYN,,,PHONE,Unspecified,BROOKLYN,,,,,,,,,,
45700327,02/25/2020 05:00:00 PM,02/27/2020 12:00:00 PM,DSNY,Department of Sanitation,Dirty Conditions,E8 Canine Violation,Sidewalk,11435,141-30 84 ROAD,84 ROAD,MAIN STREET,LANDER STREET,,,ADDRESS,Jamaica,,N/A,Closed,,The Department of Sanitation investigated this complaint and found no violation at the location.,02/27/2020 12:00:00 PM,08 QUEENS,4097140138,QUEENS,1035078,198973,ONLINE,Unspecified,QUEENS,,,,,,,,40.71266566758313,-73.81665629128699,"(40.71266566758313, -73.81665629128699)"
45701693,02/25/2020 03:23:00 PM,02/27/2020 12:00:00 PM,DSNY,Department of Sanitation,Dirty Conditions,E8 Canine Violation,Sidewalk,10456,316 EAST  165 STREET,EAST  165 STREET,FINDLAY AVENUE,TELLER AVENUE,,,ADDRESS,BRONX,,N/A,Closed,,The Department of Sanitation investigated this complaint and found no violation at the location.,02/27/2020 12:00:00 PM,04 BRONX,2024320080,BRONX,1007884,241200,PHONE,Unspecified,BRONX,,,,,,,,40.82868213483737,-73.91460025944768,"(40.82868213483737, -73.91460025944768)"
45696552,02/25/2020 01:05:00 PM,02/26/2020 12:00:00 PM,DSNY,Department of Sanitation,Dirty Conditions,E8 Canine Violation,Sidewalk,11237,865 HART STREET,HART STREET,KNICKERBOCKER AVENUE,IRVING AVENUE,,,ADDRESS,BROOKLYN,,N/A,Closed,,The Department of Sanitation investigated this complaint and found no violation at the location.,02/26/2020 12:00:00 PM,04 BROOKLYN,3032200041,BROOKLYN,1005839,195248,PHONE,Unspecified,BROOKLYN,,,,,,,,40.70256108760409,-73.92213730612116,"(40.70256108760409, -73.92213730612116)"
45692609,02/25/2020 10:07:00 AM,02/27/2020 12:00:00 PM,DSNY,Department of Sanitation,Dirty Conditions,E8 Canine Violation,Sidewalk,11218,724 CONEY ISLAND AVENUE,CONEY ISLAND AVENUE,AVENUE C,CORTELYOU ROAD,,,ADDRESS,BROOKLYN,,N/A,Closed,,The Department of Sanitation investigated this complaint and found no violation at the location.,02/27/2020 12:00:00 PM,12 BROOKLYN,3053780031,BROOKLYN,992847,172480,PHONE,Unspecified,BROOKLYN,,,,,,,,40.640090192501034,-73.96902316811077,"(40.640090192501034, -73.96902316811077)"
45691536,02/25/2020 10:06:00 AM,02/25/2020 12:00:00 PM,DSNY,Department of Sanitation,Dirty Conditions,E8 Canine Violation,Sidewalk,10019,1 COLUMBUS PLACE,COLUMBUS PLACE,WEST 58 STREET,WEST 59 STREET,,,ADDRESS,NEW YORK,,N/A,Closed,,The Department of Sanitation investigated this complaint and found no violation at the location.,02/25/2020 12:00:00 PM,04 MANHATTAN,1010680003,MANHATTAN,988405,219414,PHONE,Unspecified,MANHATTAN,,,,,,,,40.768916149255325,-73.98499968553296,"(40.768916149255325, -73.98499968553296)"
45695536,02/25/2020 09:31:00 AM,02/26/2020 12:00:00 PM,DSNY,Department of Sanitation,Dirty Conditions,E8 Canine Violation,Sidewalk,,,,,,BILLOP AVENUE,BILLOP AVENUE,INTERSECTION,,,N/A,Closed,,The Department of Sanitation investigated this complaint and found no violation at the location.,02/26/2020 12:00:00 PM,0 Unspecified,,Unspecified,,,PHONE,Unspecified,Unspecified,,,,,,,,,,
45693578,02/25/2020 08:41:00 AM,02/27/2020 12:00:00 PM,DSNY,Department of Sanitation,Dirty Conditions,E8 Canine Violation,Sidewalk,10452,93 WEST  170 STREET,WEST  170 STREET,EDWARD L GRANT HIGHWAY,SHAKESPEARE AVENUE,,,ADDRESS,BRONX,,N/A,Closed,,The Department of Sanitation investigated this complaint and found no violation at the location.,02/27/2020 12:00:00 PM,04 BRONX,,BRONX,1005738,245475,ONLINE,Unspecified,BRONX,,,,,,,,40.84042125311628,-73.92234097530748,"(40.84042125311628, -73.92234097530748)"
45691580,02/25/2020 08:27:00 AM,03/06/2020 12:00:00 PM,DSNY,Department of Sanitation,Dirty Conditions,E8 Canine Violation,Sidewalk,10025,17 WEST   95 STREET,WEST   95 STREET,CENTRAL PARK WEST,COLUMBUS AVENUE,,,ADDRESS,NEW YORK,,N/A,Closed,,The Department of Sanitation investigated this complaint and found no violation at the location.,03/06/2020 12:00:00 PM,07 MANHATTAN,1012090024,MANHATTAN,993705,227565,PHONE,Unspecified,MANHATTAN,,,,,,,,40.791284406206195,-73.96585424118271,"(40.791284406206195, -73.96585424118271)"
45694515,02/25/2020 07:53:00 AM,02/25/2020 12:00:00 PM,DSNY,Department of Sanitation,Dirty Conditions,E8 Canine Violation,Sidewalk,10019,145 WEST   53 STREET,WEST   53 STREET,6 1/2 AVENUE,7 AVENUE,,,ADDRESS,NEW YORK,,N/A,Closed,,The Department of Sanitation investigated this complaint and found no violation at the location.,02/25/2020 12:00:00 PM,05 MANHATTAN,1010060013,MANHATTAN,989486,217129,ONLINE,Unspecified,MANHATTAN,,,,,,,,40.76264384121372,-73.98109885672362,"(40.76264384121372, -73.98109885672362)"
45694555,02/25/2020 07:18:00 AM,02/27/2020 12:00:00 PM,DSNY,Department of Sanitation,Dirty Conditions,E8 Canine Violation,Sidewalk,,,,,,65 AVENUE,65 AVENUE,INTERSECTION,,,N/A,Closed,,The Department of Sanitation investigated this complaint and found no violation at the location.,02/27/2020 12:00:00 PM,08 QUEENS,,QUEENS,,,PHONE,Unspecified,QUEENS,,,,,,,,,,
45695541,02/24/2020 10:40:00 PM,02/25/2020 12:00:00 PM,DSNY,Department of Sanitation,Dirty Conditions,E8 Canine Violation,Sidewalk,10002,75 BARUCH DRIVE,BARUCH DRIVE,BEND,EAST HOUSTON STREET,,,ADDRESS,NEW YORK,,N/A,Closed,,The Department of Sanitation investigated this complaint and found no violation at the location.,02/25/2020 12:00:00 PM,03 MANHATTAN,1003230001,MANHATTAN,990272,200654,ONLINE,Unspecified,MANHATTAN,,,,,,,,40.717423561327045,-73.97827626827603,"(40.717423561327045, -73.97827626827603)"
45697846,02/24/2020 05:33:00 PM,02/25/2020 12:00:00 PM,DSNY,Department of Sanitation,Dirty Conditions,E8 Canine Violation,Sidewalk,11206,155 JOHNSON AVENUE,JOHNSON AVENUE,MANHATTAN AVENUE,GRAHAM AVENUE,,,ADDRESS,BROOKLYN,,N/A,Closed,,The Department of Sanitation investigated this complaint and found no violation at the location.,02/25/2020 12:00:00 PM,01 BROOKLYN,3030610031,BROOKLYN,999808,196690,ONLINE,Unspecified,BROOKLYN,,,,,,,,40.70653169637926,-73.94388531799183,"(40.70653169637926, -73.94388531799183)"
45690584,02/24/2020 05:28:00 PM,02/26/2020 12:00:00 PM,DSNY,Department of Sanitation,Dirty Conditions,E8 Canine Violation,Sidewalk,10312,195 WOEHRLE AVENUE,WOEHRLE AVENUE,LUDLOW STREET,SMYRNA AVENUE,,,ADDRESS,STATEN ISLAND,,N/A,Closed,,The Department of Sanitation investigated this complaint and found no violation at the location.,02/26/2020 12:00:00 PM,03 STATEN ISLAND,5056650088,STATEN ISLAND,934226,140521,PHONE,Unspecified,STATEN ISLAND,,,,,,,,40.55223228105422,-74.18001029637027,"(40.55223228105422, -74.18001029637027)"
45695522,02/24/2020 02:09:00 PM,02/28/2020 12:00:00 PM,DSNY,Department of Sanitation,Dirty Conditions,E8 Canine Violation,Sidewalk,,,,,,67 AVENUE,67 AVENUE,INTERSECTION,,,N/A,Closed,,The Department of Sanitation investigated this complaint and found no violation at the location.,02/28/2020 12:00:00 PM,06 QUEENS,,QUEENS,,,ONLINE,Unspecified,QUEENS,,,,,,,,,,
45691769,02/24/2020 02:06:00 PM,02/25/2020 12:00:00 PM,DSNY,Department of Sanitation,Dirty Conditions,E8 Canine Violation,Sidewalk,11214,1840 76 STREET,76 STREET,18 AVENUE,19 AVENUE,,,ADDRESS,BROOKLYN,,N/A,Closed,,The Department of Sanitation investigated this complaint and found no violation at the location.,02/25/2020 12:00:00 PM,11 BROOKLYN,3062380022,BROOKLYN,985435,162334,ONLINE,Unspecified,BROOKLYN,,,,,,,,40.612245645900295,-73.99573197231686,"(40.612245645900295, -73.99573197231686)"
45694742,02/24/2020 02:02:00 PM,02/25/2020 12:00:00 PM,DSNY,Department of Sanitation,Dirty Conditions,E8 Canine Violation,Sidewalk,11214,1958 76 STREET,76 STREET,19 AVENUE,20 AVENUE,,,ADDRESS,BROOKLYN,,N/A,Closed,,The Department of Sanitation investigated this complaint and found no violation at the location.,02/25/2020 12:00:00 PM,11 BROOKLYN,3062390031,BROOKLYN,986093,161813,ONLINE,Unspecified,BROOKLYN,,,,,,,,40.610815495685955,-73.993362188598,"(40.610815495685955, -73.993362188598)"
45687969,02/24/2020 11:30:00 AM,02/25/2020 12:00:00 PM,DSNY,Department of Sanitation,Dirty Conditions,E8 Canine Violation,Sidewalk,10310,1 FLOYD STREET,FLOYD STREET,RAYMOND PLACE,BROOKS PLACE,,,ADDRESS,STATEN ISLAND,,N/A,Closed,,The Department of Sanitation investigated this complaint and found no violation at the location.,02/25/2020 12:00:00 PM,01 STATEN ISLAND,,STATEN ISLAND,949512,168454,PHONE,Unspecified,STATEN ISLAND,,,,,,,,40.628975739132024,-74.12514764748194,"(40.628975739132024, -74.12514764748194)"
45688003,02/24/2020 10:20:00 AM,02/25/2020 12:00:00 PM,DSNY,Department of Sanitation,Dirty Conditions,E8 Canine Violation,Sidewalk,,,,,,HYATT STREET,HYATT STREET,INTERSECTION,,,N/A,Closed,,The Department of Sanitation investigated this complaint and found no violation at the location.,02/25/2020 12:00:00 PM,0 Unspecified,,Unspecified,,,PHONE,Unspecified,Unspecified,,,,,,,,,,
45684547,02/24/2020 10:17:00 AM,02/25/2020 12:00:00 PM,DSNY,Department of Sanitation,Dirty Conditions,E8 Canine Violation,Sidewalk,,,,,,BAY STREET,BAY STREET,INTERSECTION,,,N/A,Closed,,The Department of Sanitation investigated this complaint and found no violation at the location.,02/25/2020 12:00:00 PM,0 Unspecified,,Unspecified,,,PHONE,Unspecified,Unspecified,,,,,,,,,,
45686275,02/24/2020 10:15:00 AM,02/25/2020 12:00:00 PM,DSNY,Department of Sanitation,Dirty Conditions,E8 Canine Violation,Sidewalk,11214,8009 18 AVENUE,18 AVENUE,80 STREET,81 STREET,,,ADDRESS,BROOKLYN,,N/A,Closed,,The Department of Sanitation investigated this complaint and found no violation at the location.,02/25/2020 12:00:00 PM,11 BROOKLYN,3062850007,BROOKLYN,984529,161660,PHONE,Unspecified,BROOKLYN,,,,,,,,40.610395729402136,-73.99899515044244,"(40.610395729402136, -73.99899515044244)"
45689684,02/24/2020 08:28:00 AM,02/27/2020 12:00:00 PM,DSNY,Department of Sanitation,Dirty Conditions,E8 Canine Violation,Sidewalk,11358,46-04 195 STREET,195 STREET,46 AVENUE,47 AVENUE,,,ADDRESS,Flushing,,N/A,Closed,,The Department of Sanitation investigated this complaint and issued a Notice of Violation.,02/27/2020 12:00:00 PM,11 QUEENS,4055500023,QUEENS,1043495,213889,PHONE,Unspecified,QUEENS,,,,,,,,40.753553940560394,-73.78616376387261,"(40.753553940560394, -73.78616376387261)"
45684214,02/23/2020 05:57:00 PM,02/24/2020 12:00:00 PM,DSNY,Department of Sanitation,Dirty Conditions,E8 Canine Violation,Sidewalk,11229,2124 AVENUE T,AVENUE T,EAST 21 STREET,EAST 22 STREET,,,ADDRESS,BROOKLYN,,N/A,Closed,,The Department of Sanitation investigated this complaint and found no violation at the location.,02/24/2020 12:00:00 PM,15 BROOKLYN,3073260009,BROOKLYN,997995,158523,PHONE,Unspecified,BROOKLYN,,,,,,,,40.60177465052905,-73.95050224190888,"(40.60177465052905, -73.95050224190888)"
45688850,02/23/2020 05:29:00 PM,02/25/2020 12:00:00 PM,DSNY,Department of Sanitation,Dirty Conditions,E8 Canine Violation,Sidewalk,10028,423 EAST   83 STREET,EAST   83 STREET,1 AVENUE,YORK AVENUE,,,ADDRESS,NEW YORK,,N/A,Closed,,The Department of Sanitation investigated this complaint and found no violation at the location.,02/25/2020 12:00:00 PM,08 MANHATTAN,1015630009,MANHATTAN,998070,221504,ONLINE,Unspecified,MANHATTAN,,,,,,,,40.77464282654349,-73.95010296426805,"(40.77464282654349, -73.95010296426805)"
45684548,02/23/2020 03:13:00 PM,02/24/2020 12:00:00 PM,DSNY,Department of Sanitation,Dirty Conditions,E8 Canine Violation,Sidewalk,10314,37 AMSTERDAM AVENUE,AMSTERDAM AVENUE,CARNEGIE AVENUE,BEND,,,ADDRESS,STATEN ISLAND,,N/A,Closed,,The Department of Sanitation investigated this complaint and found no violation at the location.,02/24/2020 12:00:00 PM,02 STATEN ISLAND,,STATEN ISLAND,938759,159132,ONLINE,Unspecified,STATEN ISLAND,,,,,,,,40.603340131333056,-74.16382368156522,"(40.603340131333056, -74.16382368156522)"
45688472,02/23/2020 03:05:00 PM,02/24/2020 12:00:00 PM,DSNY,Department of Sanitation,Dirty Conditions,E8 Canine Violation,Sidewalk,,,,,,EAST 237 STREET,EAST 237 STREET,INTERSECTION,,,N/A,Closed,,The Department of Sanitation investigated this complaint and found no violation at the location.,02/24/2020 12:00:00 PM,12 BRONX,,BRONX,,,PHONE,Unspecified,BRONX,,,,,,,,,,
45682434,02/22/2020 06:55:00 PM,02/24/2020 12:00:00 PM,DSNY,Department of Sanitation,Dirty Conditions,E8 Canine Violation,Sidewalk,10460,MANSION STREET,MANSION STREET,ST LAWRENCE AVENUE,BEACH AVENUE,,,BLOCKFACE,BRONX,,N/A,Closed,,The Department of Sanitation investigated this complaint and found no violation at the location.,02/24/2020 12:00:00 PM,09 BRONX,,BRONX,1020837,244619,PHONE,Unspecified,BRONX,,,,,,,,40.83802213586136,-73.86777694615849,"(40.83802213586136, -73.86777694615849)"
45677143,02/22/2020 05:36:00 PM,03/05/2020 12:00:00 PM,DSNY,Department of Sanitation,Dirty Conditions,E8 Canine Violation,Sidewalk,10016,208 EAST   28 STREET,EAST   28 STREET,3 AVENUE,2 AVENUE,,,ADDRESS,NEW YORK,,N/A,Closed,,The Department of Sanitation investigated this complaint and found no violation at the location.,03/05/2020 12:00:00 PM,06 MANHATTAN,1009080047,MANHATTAN,989655,209538,ONLINE,Unspecified,MANHATTAN,,,,,,,,40.74180836717385,-73.98049489472714,"(40.74180836717385, -73.98049489472714)"
45682433,02/22/2020 02:10:00 PM,02/27/2020 12:00:00 PM,DSNY,Department of Sanitation,Dirty Conditions,E8 Canine Violation,Sidewalk,11378,64-69 59 AVENUE,59 AVENUE,BEND,66 STREET,,,ADDRESS,Maspeth,,N/A,Closed,,The Department of Sanitation investigated this complaint and found no violation at the location.,02/27/2020 12:00:00 PM,05 QUEENS,4027530287,QUEENS,1012292,201735,ONLINE,Unspecified,QUEENS,,,,,,,,40.720348251763056,-73.89883697329999,"(40.720348251763056, -73.89883697329999)"
45673157,02/22/2020 12:01:00 PM,02/25/2020 12:00:00 PM,DSNY,Department of Sanitation,Dirty Conditions,E8 Canine Violation,Sidewalk,10460,2152 MAPES AVENUE,MAPES AVENUE,EAST 181 STREET,EAST 182 STREET,,,ADDRESS,BRONX,,N/A,Closed,,The Department of Sanitation investigated this complaint and found no violation at the location.,02/25/2020 12:00:00 PM,06 BRONX,,BRONX,1016269,248282,PHONE,Unspecified,BRONX,,,,,,,,40.84809373404768,-73.88426789278158,"(40.84809373404768, -73.88426789278158)"
45674558,02/22/2020 07:15:00 AM,02/26/2020 12:00:00 PM,DSNY,Department of Sanitation,Dirty Conditions,E8 Canine Violation,Sidewalk,,,,,,SNYDER AVENUE,SNYDER AVENUE,INTERSECTION,,,N/A,Closed,,The Department of Sanitation investigated this complaint and found no violation at the location.,02/26/2020 12:00:00 PM,17 BROOKLYN,,BROOKLYN,,,PHONE,Unspecified,BROOKLYN,,,,,,,,,,
45665269,02/21/2020 01:55:00 PM,02/24/2020 12:00:00 PM,DSNY,Department of Sanitation,Dirty Conditions,E8 Canine Violation,Sidewalk,11225,1650 BEDFORD AVENUE,BEDFORD AVENUE,CROWN STREET,MONTGOMERY STREET,,,ADDRESS,BROOKLYN,,N/A,Closed,,The Department of Sanitation investigated this complaint and found no violation at the location.,02/24/2020 12:00:00 PM,09 BROOKLYN,3012940001,BROOKLYN,996269,182019,PHONE,Unspecified,BROOKLYN,,,,,,,,40.66626868108043,-73.95667597176441,"(40.66626868108043, -73.95667597176441)"
45668239,02/21/2020 01:04:00 PM,02/24/2020 12:00:00 PM,DSNY,Department of Sanitation,Dirty Conditions,E8 Canine Violation,Sidewalk,11222,30 DUPONT STREET,DUPONT STREET,COMMERCIAL STREET,FRANKLIN STREET,,,ADDRESS,BROOKLYN,,N/A,Closed,,The Department of Sanitation investigated this complaint and found no violation at the location.,02/24/2020 12:00:00 PM,01 BROOKLYN,,BROOKLYN,995540,207237,ONLINE,Unspecified,BROOKLYN,,,,,,,,40.735487138487926,-73.95926147020673,"(40.735487138487926, -73.95926147020673)"
45669160,02/21/2020 11:22:00 AM,03/05/2020 12:00:00 PM,DSNY,Department of Sanitation,Dirty Conditions,E8 Canine Violation,Sidewalk,,,,,,RIVERSIDE DRIVE,RIVERSIDE DRIVE,INTERSECTION,,,N/A,Closed,,The Department of Sanitation investigated this complaint and found no violation at the location.,03/05/2020 12:00:00 PM,07 MANHATTAN,,MANHATTAN,,,PHONE,Unspecified,MANHATTAN,,,,,,,,,,
45663250,02/21/2020 10:30:00 AM,02/22/2020 12:00:00 PM,DSNY,Department of Sanitation,Dirty Conditions,E8 Canine Violation,Sidewalk,,,,,,NARROWS ROAD SOUTH,NARROWS ROAD SOUTH,INTERSECTION,,,N/A,Closed,,The Department of Sanitation investigated this complaint and found no violation at the location.,02/22/2020 12:00:00 PM,0 Unspecified,,Unspecified,,,PHONE,Unspecified,Unspecified,,,,,,,,,,
45668210,02/21/2020 09:52:00 AM,02/24/2020 12:00:00 PM,DSNY,Department of Sanitation,Dirty Conditions,E8 Canine Violation,Sidewalk,10463,166 WEST KINGSBRIDGE ROAD,WEST KINGSBRIDGE ROAD,KINGSBRIDGE TERRACE,BEND,,,ADDRESS,BRONX,,N/A,Closed,,The Department of Sanitation investigated this complaint and found no violation at the location.,02/24/2020 12:00:00 PM,07 BRONX,2032400059,BRONX,1010666,256576,ONLINE,Unspecified,BRONX,,,,,,,,40.87087679871244,-73.90448713160806,"(40.87087679871244, -73.90448713160806)"
45670130,02/21/2020 09:40:00 AM,02/25/2020 12:00:00 PM,DSNY,Department of Sanitation,Dirty Conditions,E8 Canine Violation,Sidewalk,10026,220 WEST  111 STREET,WEST  111 STREET,ADAM CLAYTON POWELL JR BOULEVARD,FREDERICK DOUGLASS BOULEVARD,,,ADDRESS,NEW YORK,,N/A,Closed,,The Department of Sanitation investigated this complaint and found no violation at the location.,02/25/2020 12:00:00 PM,10 MANHATTAN,1018267502,MANHATTAN,996502,230887,PHONE,Unspecified,MANHATTAN,,,,,,,,40.80039895878331,-73.95574710449517,"(40.80039895878331, -73.95574710449517)"
45666277,02/21/2020 09:22:00 AM,02/25/2020 12:00:00 PM,DSNY,Department of Sanitation,Dirty Conditions,E8 Canine Violation,Sidewalk,10011,207 WEST   21 STREET,WEST   21 STREET,7 AVENUE,8 AVENUE,,,ADDRESS,NEW YORK,,N/A,Closed,,The Department of Sanitation investigated this complaint and found no violation at the location.,02/25/2020 12:00:00 PM,04 MANHATTAN,1007710035,MANHATTAN,985063,209981,PHONE,Unspecified,MANHATTAN,,,,,,,,40.74302590602054,-73.99706606100789,"(40.74302590602054, -73.99706606100789)"
45663233,02/21/2020 08:16:00 AM,02/22/2020 12:00:00 PM,DSNY,Department of Sanitation,Dirty Conditions,E8 Canine Violation,Sidewalk,11216,224 NEW YORK AVENUE,NEW YORK AVENUE,PARK PLACE,STERLING PLACE,,,ADDRESS,BROOKLYN,,N/A,Closed,,The Department of Sanitation investigated this complaint and found no violation at the location.,02/22/2020 12:00:00 PM,08 BROOKLYN,3012410040,BROOKLYN,998823,184353,PHONE,Unspecified,BROOKLYN,,,,,,,,40.67267115324747,-73.94746470724427,"(40.67267115324747, -73.94746470724427)"
45664292,02/21/2020 08:05:00 AM,02/22/2020 12:00:00 PM,DSNY,Department of Sanitation,Dirty Conditions,E8 Canine Violation,Sidewalk,,,,,,CASTLETON AVENUE,CASTLETON AVENUE,INTERSECTION,,,N/A,Closed,,The Department of Sanitation investigated this complaint and found no violation at the location.,02/22/2020 12:00:00 PM,0 Unspecified,,Unspecified,,,PHONE,Unspecified,Unspecified,,,,,,,,,,
45668201,02/21/2020 08:01:00 AM,02/24/2020 12:00:00 PM,DSNY,Department of Sanitation,Dirty Conditions,E8 Canine Violation,Sidewalk,10454,587 EAST  139 STREET,EAST  139 STREET,ST ANNS AVENUE,CYPRESS AVENUE,,,ADDRESS,BRONX,,N/A,Closed,,The Department of Sanitation investigated this complaint and found no violation at the location.,02/24/2020 12:00:00 PM,01 BRONX,2025520061,BRONX,1007462,233355,PHONE,Unspecified,BRONX,,,,,,,,40.8071509433428,-73.91615225878031,"(40.8071509433428, -73.91615225878031)"
45664305,02/20/2020 05:45:00 PM,02/21/2020 12:00:00 PM,DSNY,Department of Sanitation,Dirty Conditions,E8 Canine Violation,Sidewalk,11218,724 CONEY ISLAND AVENUE,CONEY ISLAND AVENUE,AVENUE C,CORTELYOU ROAD,,,ADDRESS,BROOKLYN,,N/A,Closed,,The Department of Sanitation investigated this complaint and found no violation at the location.,02/21/2020 12:00:00 PM,12 BROOKLYN,3053780031,BROOKLYN,992847,172480,ONLINE,Unspecified,BROOKLYN,,,,,,,,40.640090192501034,-73.96902316811077,"(40.640090192501034, -73.96902316811077)"
45670150,02/20/2020 03:43:00 PM,02/21/2020 12:00:00 PM,DSNY,Department of Sanitation,Dirty Conditions,E8 Canine Violation,Sidewalk,,,,,,3 AVENUE,3 AVENUE,INTERSECTION,,,N/A,Closed,,The Department of Sanitation investigated this complaint and found no violation at the location.,02/21/2020 12:00:00 PM,07 BROOKLYN,,BROOKLYN,,,PHONE,Unspecified,BROOKLYN,,,,,,,,,,
45658103,02/20/2020 10:13:00 AM,02/25/2020 12:00:00 PM,DSNY,Department of Sanitation,Dirty Conditions,E8 Canine Violation,Sidewalk,,,,,,CONVENT AVENUE,CONVENT AVENUE,INTERSECTION,,,N/A,Closed,,The Department of Sanitation investigated this complaint and found no violation at the location.,02/25/2020 12:00:00 PM,09 MANHATTAN,,MANHATTAN,,,PHONE,Unspecified,MANHATTAN,,,,,,,,,,
45660278,02/20/2020 09:08:00 AM,02/21/2020 12:00:00 PM,DSNY,Department of Sanitation,Dirty Conditions,E8 Canine Violation,Sidewalk,11226,237 EAST   28 STREET,EAST   28 STREET,CORTELYOU ROAD,CLARENDON ROAD,,,ADDRESS,BROOKLYN,,N/A,Closed,,The Department of Sanitation investigated this complaint and found no violation at the location.,02/21/2020 12:00:00 PM,17 BROOKLYN,,BROOKLYN,997916,173930,PHONE,Unspecified,BROOKLYN,,,,,,,,40.644063759941425,-73.95075554166955,"(40.644063759941425, -73.95075554166955)"
45662389,02/19/2020 04:39:00 PM,02/20/2020 12:00:00 PM,DSNY,Department of Sanitation,Dirty Conditions,E8 Canine Violation,Sidewalk,11385,60-51 MYRTLE AVENUE,MYRTLE AVENUE,SUMMERFIELD STREET,60 LANE,,,ADDRESS,Ridgewood,,N/A,Closed,,The Department of Sanitation investigated this complaint and found no violation at the location.,02/20/2020 12:00:00 PM,05 QUEENS,4035180027,QUEENS,1012958,194557,PHONE,Unspecified,QUEENS,,,,,,,,40.70064422360259,-73.89646495106926,"(40.70064422360259, -73.89646495106926)"
45657139,02/19/2020 03:32:00 PM,02/20/2020 12:00:00 PM,DSNY,Department of Sanitation,Dirty Conditions,E8 Canine Violation,Sidewalk,11378,64-69 59 AVENUE,59 AVENUE,BEND,66 STREET,,,ADDRESS,Maspeth,,N/A,Closed,,The Department of Sanitation investigated this complaint and found no violation at the location.,02/20/2020 12:00:00 PM,05 QUEENS,4027530287,QUEENS,1012292,201735,ONLINE,Unspecified,QUEENS,,,,,,,,40.720348251763056,-73.89883697329999,"(40.720348251763056, -73.89883697329999)"
45660394,02/19/2020 02:26:00 PM,02/20/2020 12:00:00 PM,DSNY,Department of Sanitation,Dirty Conditions,E8 Canine Violation,Sidewalk,10473,623 TAYLOR AVENUE,TAYLOR AVENUE,SOUNDVIEW AVENUE,SEWARD AVENUE,,,ADDRESS,BRONX,,N/A,Closed,,The Department of Sanitation investigated this complaint and found no violation at the location.,02/20/2020 12:00:00 PM,09 BRONX,2035580011,BRONX,1022401,237278,PHONE,Unspecified,BRONX,,,,,,,,40.81786659401691,-73.86216650489763,"(40.81786659401691, -73.86216650489763)"
45660466,02/19/2020 02:23:00 PM,02/20/2020 12:00:00 PM,DSNY,Department of Sanitation,Dirty Conditions,E8 Canine Violation,Sidewalk,10473,648 SOUNDVIEW AVENUE,SOUNDVIEW AVENUE,TAYLOR AVENUE,BEACH AVENUE,,,ADDRESS,BRONX,,N/A,Closed,,The Department of Sanitation investigated this complaint and found no violation at the location.,02/20/2020 12:00:00 PM,09 BRONX,2035580011,BRONX,1022234,237394,PHONE,Unspecified,BRONX,,,,,,,,40.818185700684865,-73.86276919179716,"(40.818185700684865, -73.86276919179716)"
45647696,02/19/2020 12:55:00 PM,02/20/2020 12:00:00 PM,DSNY,Department of Sanitation,Dirty Conditions,E8 Canine Violation,Sidewalk,,,,,,AVENUE S,AVENUE S,INTERSECTION,,,N/A,Closed,,The Department of Sanitation investigated this complaint and found no violation at the location.,02/20/2020 12:00:00 PM,15 BROOKLYN,,BROOKLYN,,,PHONE,Unspecified,BROOKLYN,,,,,,,,,,
45649464,02/19/2020 10:17:00 AM,02/21/2020 12:00:00 PM,DSNY,Department of Sanitation,Dirty Conditions,E8 Canine Violation,Sidewalk,10461,2413 MACLAY AVENUE,MACLAY AVENUE,ZEREGA AVENUE,HUBBELL STREET,,,ADDRESS,BRONX,,N/A,Closed,,The Department of Sanitation investigated this complaint and found no violation at the location.,02/21/2020 12:00:00 PM,10 BRONX,2039950060,BRONX,1025553,245397,PHONE,Unspecified,BRONX,,,,,,,,40.84013671906281,-73.85072886679573,"(40.84013671906281, -73.85072886679573)"
45648569,02/19/2020 10:12:00 AM,02/20/2020 12:00:00 PM,DSNY,Department of Sanitation,Dirty Conditions,E8 Canine Violation,Sidewalk,11210,2913 FOSTER AVENUE,FOSTER AVENUE,EAST 29 STREET,NOSTRAND AVENUE,,,ADDRESS,BROOKLYN,,N/A,Closed,,The Department of Sanitation investigated this complaint and found no violation at the location.,02/20/2020 12:00:00 PM,17 BROOKLYN,3052160060,BROOKLYN,998403,171929,PHONE,Unspecified,BROOKLYN,,,,,,,,40.6385706801265,-73.94900486982377,"(40.6385706801265, -73.94900486982377)"
45653591,02/19/2020 08:48:00 AM,02/20/2020 12:00:00 PM,DSNY,Department of Sanitation,Dirty Conditions,E8 Canine Violation,Sidewalk,11249,60 DIVISION AVENUE,DIVISION AVENUE,WYTHE AVENUE,BERRY STREET,,,ADDRESS,BROOKLYN,,N/A,Closed,,The Department of Sanitation investigated this complaint and found no violation at the location.,02/20/2020 12:00:00 PM,01 BROOKLYN,3021660001,BROOKLYN,993591,196919,PHONE,Unspecified,BROOKLYN,,,,,,,,40.7071689944868,-73.96630850797419,"(40.7071689944868, -73.96630850797419)"
45649024,02/19/2020 08:25:00 AM,02/20/2020 12:00:00 PM,DSNY,Department of Sanitation,Dirty Conditions,E8 Canine Violation,Sidewalk,11378,60-02 60 STREET,60 STREET,60 AVENUE,60 ROAD,,,ADDRESS,Maspeth,,N/A,Closed,,The Department of Sanitation investigated this complaint and found no violation at the location.,02/20/2020 12:00:00 PM,05 QUEENS,4026510020,QUEENS,1010265,200252,PHONE,Unspecified,QUEENS,,,,,,,,40.71628396842592,-73.9061552108289,"(40.71628396842592, -73.9061552108289)"
45653592,02/19/2020 08:03:00 AM,02/20/2020 12:00:00 PM,DSNY,Department of Sanitation,Dirty Conditions,E8 Canine Violation,Sidewalk,11102,12-06 30 ROAD,30 ROAD,12 STREET,14 STREET,,,ADDRESS,Astoria,,N/A,Closed,,The Department of Sanitation investigated this complaint and found no violation at the location.,02/20/2020 12:00:00 PM,01 QUEENS,4005160032,QUEENS,1003138,219995,PHONE,Unspecified,QUEENS,,,,,,,,40.77049164084489,-73.93180922512722,"(40.77049164084489, -73.93180922512722)"
45648140,02/18/2020 07:42:00 PM,02/20/2020 12:00:00 PM,DSNY,Department of Sanitation,Dirty Conditions,E8 Canine Violation,Sidewalk,11374,64-20 SAUNDERS STREET,SAUNDERS STREET,64 ROAD,65 ROAD,,,ADDRESS,Rego Park,,N/A,Closed,,The Department of Sanitation investigated this complaint and found no violation at the location.,02/20/2020 12:00:00 PM,06 QUEENS,4030850008,QUEENS,1022932,204687,ONLINE,Unspecified,QUEENS,,,,,,,,40.72841064015213,-73.86043568842845,"(40.72841064015213, -73.86043568842845)"
45653158,02/18/2020 05:13:00 PM,02/20/2020 12:00:00 PM,DSNY,Department of Sanitation,Dirty Conditions,E8 Canine Violation,Sidewalk,11211,147 HOPE STREET,HOPE STREET,KEAP STREET,BEND,,,ADDRESS,BROOKLYN,,N/A,Closed,,The Department of Sanitation investigated this complaint and found no violation at the location.,02/20/2020 12:00:00 PM,01 BROOKLYN,3023757501,BROOKLYN,997460,198655,ONLINE,Unspecified,BROOKLYN,,,,,,,,40.7119289718951,-73.95235024051765,"(40.7119289718951, -73.95235024051765)"
45649424,02/18/2020 05:05:00 PM,02/20/2020 12:00:00 PM,DSNY,Department of Sanitation,Dirty Conditions,E8 Canine Violation,Sidewalk,11231,60 TIFFANY PLACE,TIFFANY PLACE,KANE STREET,DEGRAW STREET,,,ADDRESS,BROOKLYN,,N/A,Closed,,The Department of Sanitation investigated this complaint and found no violation at the location.,02/20/2020 12:00:00 PM,06 BROOKLYN,3003197502,BROOKLYN,983889,189177,PHONE,Unspecified,BROOKLYN,,,,,,,,40.68592392754377,-74.00130165434805,"(40.68592392754377, -74.00130165434805)"
45648139,02/18/2020 04:06:00 PM,02/20/2020 12:00:00 PM,DSNY,Department of Sanitation,Dirty Conditions,E8 Canine Violation,Sidewalk,10306,7 NIGHTINGALE STREET,NIGHTINGALE STREET,WALDEN AVENUE,ALTAMONT STREET,,,ADDRESS,STATEN ISLAND,,N/A,Closed,,The Department of Sanitation investigated this complaint and found no violation at the location.,02/20/2020 12:00:00 PM,02 STATEN ISLAND,5009390143,STATEN ISLAND,950920,150010,ONLINE,Unspecified,STATEN ISLAND,,,,,,,,40.578356173226354,-74.11998415814465,"(40.578356173226354, -74.11998415814465)"
45651317,02/18/2020 03:02:00 PM,02/20/2020 12:00:00 PM,DSNY,Department of Sanitation,Dirty Conditions,E8 Canine Violation,Sidewalk,11208,240 FOUNTAIN AVENUE,FOUNTAIN AVENUE,PITKIN AVENUE,BELMONT AVENUE,,,ADDRESS,BROOKLYN,,N/A,Closed,,The Department of Sanitation investigated this complaint and found no violation at the location.,02/20/2020 12:00:00 PM,05 BROOKLYN,3042280032,BROOKLYN,1018897,184917,PHONE,Unspecified,BROOKLYN,,,,,,,,40.67416340117293,-73.87509562054038,"(40.67416340117293, -73.87509562054038)"
45644550,02/18/2020 12:16:00 PM,02/19/2020 12:00:00 PM,DSNY,Department of Sanitation,Dirty Conditions,E8 Canine Violation,Sidewalk,10016,200 EAST   28 STREET,EAST   28 STREET,3 AVENUE,2 AVENUE,,,ADDRESS,NEW YORK,,N/A,Closed,,The Department of Sanitation investigated this complaint and found no violation at the location.,02/19/2020 12:00:00 PM,06 MANHATTAN,1009087501,MANHATTAN,989591,209573,ONLINE,Unspecified,MANHATTAN,,,,,,,,40.7419044723348,-73.98072582469678,"(40.7419044723348, -73.98072582469678)"
45643088,02/18/2020 10:24:00 AM,02/20/2020 12:00:00 PM,DSNY,Department of Sanitation,Dirty Conditions,E8 Canine Violation,Sidewalk,10454,350 BEEKMAN AVENUE,BEEKMAN AVENUE,OAK TERRACE,BEECH TERRACE,,,ADDRESS,BRONX,,N/A,Closed,,The Department of Sanitation investigated this complaint and found no violation at the location.,02/20/2020 12:00:00 PM,01 BRONX,2025540018,BRONX,1008140,234033,ONLINE,Unspecified,BRONX,,,,,,,,40.80901005762202,-73.91370073634869,"(40.80901005762202, -73.91370073634869)"
45646600,02/18/2020 09:03:00 AM,02/18/2020 12:00:00 PM,DSNY,Department of Sanitation,Dirty Conditions,E8 Canine Violation,Sidewalk,11355,47-25 PARSONS BOULEVARD,PARSONS BOULEVARD,LABURNUM AVENUE,NEGUNDO AVENUE,,,ADDRESS,Flushing,,N/A,Closed,,The Department of Sanitation investigated this complaint and found no violation at the location.,02/18/2020 12:00:00 PM,07 QUEENS,4054850012,QUEENS,1036262,213325,ONLINE,Unspecified,QUEENS,,,,,,,,40.75205141182699,-73.8122745055471,"(40.75205141182699, -73.8122745055471)"
45646601,02/18/2020 08:57:00 AM,02/20/2020 12:00:00 PM,DSNY,Department of Sanitation,Dirty Conditions,E8 Canine Violation,Sidewalk,10474,754 COSTER STREET,COSTER STREET,SPOFFORD AVENUE,BEND,,,ADDRESS,BRONX,,N/A,Closed,,The Department of Sanitation investigated this complaint and found no violation at the location.,02/20/2020 12:00:00 PM,02 BRONX,2027630144,BRONX,1015347,236375,PHONE,Unspecified,BRONX,,,,,,,,40.815415762612226,-73.88765563789985,"(40.815415762612226, -73.88765563789985)"
45641816,02/17/2020 08:31:00 PM,02/18/2020 12:00:00 PM,DSNY,Department of Sanitation,Dirty Conditions,E8 Canine Violation,Sidewalk,11229,3141 AVENUE W,AVENUE W,PLUMB 1 STREET,PLUMB 2 STREET,,,ADDRESS,BROOKLYN,,N/A,Closed,,The Department of Sanitation investigated this complaint and found no violation at the location.,02/18/2020 12:00:00 PM,15 BROOKLYN,3088260012,BROOKLYN,1003057,156747,ONLINE,Unspecified,BROOKLYN,,,,,,,,40.596890594793464,-73.93227818930934,"(40.596890594793464, -73.93227818930934)"
45642428,02/17/2020 08:25:00 PM,02/18/2020 12:00:00 PM,DSNY,Department of Sanitation,Dirty Conditions,E8 Canine Violation,Sidewalk,11355,141-05 58 AVENUE,58 AVENUE,141 STREET,142 STREET,,,ADDRESS,Flushing,,N/A,Closed,,The Department of Sanitation investigated this complaint and found no violation at the location.,02/18/2020 12:00:00 PM,07 QUEENS,4064020001,QUEENS,1032823,210818,ONLINE,Unspecified,QUEENS,,,,,,,,40.74518990173281,-73.82470486750059,"(40.74518990173281, -73.82470486750059)"
45639652,02/17/2020 04:47:00 PM,02/20/2020 12:00:00 PM,DSNY,Department of Sanitation,Dirty Conditions,E8 Canine Violation,Sidewalk,11694,1 BEACH  105 STREET,BEACH  105 STREET,SHORE FRONT PARKWAY,ROCKAWAY BEACH BOULEVARD,,,ADDRESS,Rockaway Park,,N/A,Closed,,The Department of Sanitation investigated this complaint and found no violation at the location.,02/20/2020 12:00:00 PM,14 QUEENS,4161770055,QUEENS,1032786,151180,PHONE,Unspecified,QUEENS,,,,,,,,40.581497376117156,-73.8252677155637,"(40.581497376117156, -73.8252677155637)"
45645848,02/17/2020 03:04:00 PM,02/18/2020 12:00:00 PM,DSNY,Department of Sanitation,Dirty Conditions,E8 Canine Violation,Sidewalk,11217,362 LIVINGSTON STREET,LIVINGSTON STREET,NEVINS STREET,FLATBUSH AVENUE,,,ADDRESS,BROOKLYN,,N/A,Closed,,The Department of Sanitation investigated this complaint and found no violation at the location.,02/18/2020 12:00:00 PM,02 BROOKLYN,3001670016,BROOKLYN,989581,189823,PHONE,Unspecified,BROOKLYN,,,,,,,,40.68769545143404,-73.98077755196711,"(40.68769545143404, -73.98077755196711)"
45635906,02/17/2020 01:06:00 PM,02/18/2020 12:00:00 PM,DSNY,Department of Sanitation,Dirty Conditions,E8 Canine Violation,Sidewalk,11369,25-57 MCINTOSH STREET,MCINTOSH STREET,100 STREET,27 AVENUE,,,ADDRESS,East Elmhurst,,N/A,Closed,,The Department of Sanitation investigated this complaint and found no violation at the location.,02/18/2020 12:00:00 PM,03 QUEENS,4016510038,QUEENS,1020388,217762,ONLINE,Unspecified,QUEENS,,,,,,,,40.764308953635144,-73.8695441482838,"(40.764308953635144, -73.8695441482838)"
45636638,02/17/2020 07:32:00 AM,02/18/2020 12:00:00 PM,DSNY,Department of Sanitation,Dirty Conditions,E8 Canine Violation,Sidewalk,11215,421 13 STREET,13 STREET,7 AVENUE,8 AVENUE,,,ADDRESS,BROOKLYN,,N/A,Closed,,The Department of Sanitation investigated this complaint and found no violation at the location.,02/18/2020 12:00:00 PM,06 BROOKLYN,3010980060,BROOKLYN,989142,181157,ONLINE,Unspecified,BROOKLYN,,,,,,,,40.6639094888877,-73.9823667823463,"(40.6639094888877, -73.9823667823463)"
45636631,02/16/2020 11:04:00 PM,02/20/2020 12:00:00 PM,DSNY,Department of Sanitation,Dirty Conditions,E8 Canine Violation,Sidewalk,11226,68 EAST   19 STREET,EAST   19 STREET,TENNIS COURT,ALBEMARLE ROAD,,,ADDRESS,BROOKLYN,,N/A,Closed,,The Department of Sanitation investigated this complaint and found no violation at the location.,02/20/2020 12:00:00 PM,14 BROOKLYN,3050990047,BROOKLYN,994839,175344,PHONE,Unspecified,BROOKLYN,,,,,,,,40.647949097726034,-73.96184107097778,"(40.647949097726034, -73.96184107097778)"
45630835,02/16/2020 08:54:00 AM,02/21/2020 12:00:00 PM,DSNY,Department of Sanitation,Dirty Conditions,E8 Canine Violation,Sidewalk,11420,125-15 133 AVENUE,133 AVENUE,125 STREET,126 STREET,,,ADDRESS,South Ozone Park,,N/A,Closed,,The Department of Sanitation investigated this complaint and found no violation at the location.,02/21/2020 12:00:00 PM,10 QUEENS,4117630003,QUEENS,1035941,183854,PHONE,Unspecified,QUEENS,,,,,,,,40.67116259776013,-73.8136593507648,"(40.67116259776013, -73.8136593507648)"
45628799,02/15/2020 09:52:00 PM,02/19/2020 12:00:00 PM,DSNY,Department of Sanitation,Dirty Conditions,E8 Canine Violation,Sidewalk,11207,185 WORTMAN AVENUE,WORTMAN AVENUE,VERMONT STREET,VAN SICLEN AVENUE,,,ADDRESS,BROOKLYN,,N/A,Closed,,The Department of Sanitation investigated this complaint and found no violation at the location.,02/19/2020 12:00:00 PM,05 BROOKLYN,3043710001,BROOKLYN,1015823,178450,PHONE,Unspecified,BROOKLYN,,,,,,,,40.65642443378326,-73.88620783561316,"(40.65642443378326, -73.88620783561316)"
45631492,02/15/2020 08:56:00 PM,02/19/2020 12:00:00 PM,DSNY,Department of Sanitation,Dirty Conditions,E8 Canine Violation,Sidewalk,10028,326 EAST   84 STREET,EAST   84 STREET,2 AVENUE,1 AVENUE,,,ADDRESS,NEW YORK,,N/A,Closed,,The Department of Sanitation investigated this complaint and found no violation at the location.,02/19/2020 12:00:00 PM,08 MANHATTAN,1015460041,MANHATTAN,997567,222078,PHONE,Unspecified,MANHATTAN,,,,,,,,40.77621907767673,-73.9519179051405,"(40.77621907767673, -73.9519179051405)"
45628788,02/15/2020 05:16:00 PM,02/19/2020 12:00:00 PM,DSNY,Department of Sanitation,Dirty Conditions,E8 Canine Violation,Sidewalk,10022,337 EAST   50 STREET,EAST   50 STREET,2 AVENUE,1 AVENUE,,,ADDRESS,NEW YORK,,N/A,Closed,,"The Department of Sanitation has investigated the complaint and addressed the issue. If the problem persists, call 311 to enter a new complaint. If you are outside of New York City, please call (212) NEW-YORK (212-639-9675).",02/19/2020 12:00:00 PM,06 MANHATTAN,1013430016,MANHATTAN,993239,214155,PHONE,Unspecified,MANHATTAN,,,,,,,,40.75447795303666,-73.96755508946491,"(40.75447795303666, -73.96755508946491)"
45632898,02/15/2020 03:10:00 PM,02/18/2020 12:00:00 PM,DSNY,Department of Sanitation,Dirty Conditions,E8 Canine Violation,Sidewalk,11102,12-06 30 ROAD,30 ROAD,12 STREET,14 STREET,,,ADDRESS,Astoria,,N/A,Closed,,The Department of Sanitation investigated this complaint and found no violation at the location.,02/18/2020 12:00:00 PM,01 QUEENS,4005160032,QUEENS,1003138,219995,PHONE,Unspecified,QUEENS,,,,,,,,40.77049164084489,-73.93180922512722,"(40.77049164084489, -73.93180922512722)"
45629447,02/15/2020 02:23:00 PM,02/19/2020 12:00:00 PM,DSNY,Department of Sanitation,Dirty Conditions,E8 Canine Violation,Sidewalk,10031,542 WEST  153 STREET,WEST  153 STREET,AMSTERDAM AVENUE,BROADWAY,,,ADDRESS,NEW YORK,,N/A,Closed,,The Department of Sanitation investigated this complaint and found no violation at the location.,02/19/2020 12:00:00 PM,09 MANHATTAN,1020840056,MANHATTAN,999426,241959,ONLINE,Unspecified,MANHATTAN,,,,,,,,40.830783954707165,-73.94516090028604,"(40.830783954707165, -73.94516090028604)"
45622570,02/15/2020 10:59:00 AM,02/19/2020 12:00:00 PM,DSNY,Department of Sanitation,Dirty Conditions,E8 Canine Violation,Sidewalk,11208,BELMONT AVENUE,BELMONT AVENUE,BERRIMAN STREET,ATKINS AVENUE,,,BLOCKFACE,BROOKLYN,,N/A,Closed,,The Department of Sanitation investigated this complaint and found no violation at the location.,02/19/2020 12:00:00 PM,05 BROOKLYN,,BROOKLYN,1017784,184510,PHONE,Unspecified,BROOKLYN,,,,,,,,40.67305056472296,-73.87911006773582,"(40.67305056472296, -73.87911006773582)"
45625805,02/15/2020 10:15:00 AM,02/18/2020 12:00:00 PM,DSNY,Department of Sanitation,Dirty Conditions,E8 Canine Violation,Sidewalk,11378,64-69 59 AVENUE,59 AVENUE,BEND,66 STREET,,,ADDRESS,Maspeth,,N/A,Closed,,The Department of Sanitation investigated this complaint and found no violation at the location.,02/18/2020 12:00:00 PM,05 QUEENS,4027530287,QUEENS,1012292,201735,ONLINE,Unspecified,QUEENS,,,,,,,,40.720348251763056,-73.89883697329999,"(40.720348251763056, -73.89883697329999)"
45627026,02/15/2020 10:01:00 AM,02/18/2020 12:00:00 PM,DSNY,Department of Sanitation,Dirty Conditions,E8 Canine Violation,Sidewalk,10460,2158 MAPES AVENUE,MAPES AVENUE,EAST 181 STREET,EAST 182 STREET,,,ADDRESS,BRONX,,N/A,Closed,,The Department of Sanitation investigated this complaint and found no violation at the location.,02/18/2020 12:00:00 PM,06 BRONX,2031110049,BRONX,1016299,248328,PHONE,Unspecified,BRONX,,,,,,,,40.848219881528635,-73.884159238566,"(40.848219881528635, -73.884159238566)"
45709283,02/14/2020 09:37:00 PM,02/26/2020 12:00:00 PM,DSNY,Department of Sanitation,Dirty Conditions,E8 Canine Violation,Sidewalk,11215,296 6 AVENUE,6 AVENUE,1 STREET,2 STREET,,,ADDRESS,BROOKLYN,,N/A,Closed,,The Department of Sanitation investigated this complaint and found no violation at the location.,02/26/2020 12:00:00 PM,06 BROOKLYN,3009700050,BROOKLYN,989700,184232,ONLINE,Unspecified,BROOKLYN,,,,,,,,40.67234935244632,-73.9803529850204,"(40.67234935244632, -73.9803529850204)"
45617739,02/14/2020 11:34:00 AM,02/18/2020 12:00:00 PM,DSNY,Department of Sanitation,Dirty Conditions,E8 Canine Violation,Sidewalk,11365,65-56 174 STREET,174 STREET,65 AVENUE,67 AVENUE,,,ADDRESS,Fresh Meadows,,N/A,Closed,,The Department of Sanitation investigated this complaint and found no violation at the location.,02/18/2020 12:00:00 PM,08 QUEENS,4069140001,QUEENS,1040881,207518,PHONE,Unspecified,QUEENS,,,,,,,,40.73608431598501,-73.7956522261338,"(40.73608431598501, -73.7956522261338)"
45614206,02/14/2020 08:47:00 AM,02/18/2020 12:00:00 PM,DSNY,Department of Sanitation,Dirty Conditions,E8 Canine Violation,Sidewalk,,,,,,CYPRESS AVENUE,CYPRESS AVENUE,INTERSECTION,,,N/A,Closed,,The Department of Sanitation investigated this complaint and found no violation at the location.,02/18/2020 12:00:00 PM,05 BROOKLYN,,BROOKLYN,,,PHONE,Unspecified,BROOKLYN,,,,,,,,,,
45618635,02/14/2020 08:29:00 AM,02/20/2020 12:00:00 PM,DSNY,Department of Sanitation,Dirty Conditions,E8 Canine Violation,Sidewalk,11231,1 TIFFANY PLACE,TIFFANY PLACE,KANE STREET,DEGRAW STREET,,,ADDRESS,BROOKLYN,,N/A,Closed,,The Department of Sanitation investigated this complaint and found no violation at the location.,02/20/2020 12:00:00 PM,06 BROOKLYN,3003207501,BROOKLYN,984064,189634,PHONE,Unspecified,BROOKLYN,,,,,,,,40.68717829329317,-74.00067067108905,"(40.68717829329317, -74.00067067108905)"
45620457,02/14/2020 08:14:00 AM,02/20/2020 12:00:00 PM,DSNY,Department of Sanitation,Dirty Conditions,E8 Canine Violation,Sidewalk,11215,433 CARROLL STREET,CARROLL STREET,NEVINS STREET,3 AVENUE,,,ADDRESS,BROOKLYN,,N/A,Closed,,The Department of Sanitation investigated this complaint and found no violation at the location.,02/20/2020 12:00:00 PM,06 BROOKLYN,3004470059,BROOKLYN,987648,186162,PHONE,Unspecified,BROOKLYN,,,,,,,,40.67764779333199,-73.9877493833793,"(40.67764779333199, -73.9877493833793)"
45614218,02/14/2020 08:03:00 AM,02/18/2020 12:00:00 PM,DSNY,Department of Sanitation,Dirty Conditions,E8 Canine Violation,Sidewalk,10458,3184 GRAND CONCOURSE,GRAND CONCOURSE,EAST 206 STREET,ST GEORGES CRESCENT,,,ADDRESS,BRONX,,N/A,Closed,,The Department of Sanitation investigated this complaint and found no violation at the location.,02/18/2020 12:00:00 PM,07 BRONX,2033130069,BRONX,1015863,258627,PHONE,Unspecified,BRONX,,,,,,,,40.87648907534718,-73.88568657501374,"(40.87648907534718, -73.88568657501374)"
45617725,02/14/2020 07:06:00 AM,02/18/2020 12:00:00 PM,DSNY,Department of Sanitation,Dirty Conditions,E8 Canine Violation,Sidewalk,10469,1042 EAST  211 STREET,EAST  211 STREET,PAULDING AVENUE,LACONIA AVENUE,,,ADDRESS,BRONX,,N/A,Closed,,The Department of Sanitation investigated this complaint and found no violation at the location.,02/18/2020 12:00:00 PM,12 BRONX,2046930056,BRONX,1023926,258148,PHONE,Unspecified,BRONX,,,,,,,,40.87514180692678,-73.85653344226867,"(40.87514180692678, -73.85653344226867)"
45616764,02/13/2020 09:23:00 PM,02/18/2020 12:00:00 PM,DSNY,Department of Sanitation,Dirty Conditions,E8 Canine Violation,Sidewalk,11355,45-27 PARSONS BOULEVARD,PARSONS BOULEVARD,GEORGIA ROAD,HAWTHORN AVENUE,,,ADDRESS,Flushing,,N/A,Closed,,The Department of Sanitation investigated this complaint and found no violation at the location.,02/18/2020 12:00:00 PM,07 QUEENS,4054300052,QUEENS,1035543,214447,ONLINE,Unspecified,QUEENS,,,,,,,,40.75513521027246,-73.81486100594564,"(40.75513521027246, -73.81486100594564)"
45620458,02/13/2020 05:45:00 PM,02/15/2020 12:00:00 PM,DSNY,Department of Sanitation,Dirty Conditions,E8 Canine Violation,Sidewalk,,,,,,EAST 156 STREET,EAST 156 STREET,INTERSECTION,,,N/A,Closed,,The Department of Sanitation investigated this complaint and found no violation at the location.,02/15/2020 12:00:00 PM,01 BRONX,,BRONX,,,PHONE,Unspecified,BRONX,,,,,,,,,,
45616771,02/13/2020 05:13:00 PM,02/18/2020 12:00:00 PM,DSNY,Department of Sanitation,Dirty Conditions,E8 Canine Violation,Sidewalk,11368,33-32 105 STREET,105 STREET,NORTHERN BOULEVARD,34 AVENUE,,,ADDRESS,Corona,,N/A,Closed,,The Department of Sanitation investigated this complaint and found no violation at the location.,02/18/2020 12:00:00 PM,03 QUEENS,4017190025,QUEENS,1022036,215133,PHONE,Unspecified,QUEENS,,,,,,,,40.75708614187374,-73.86360976074194,"(40.75708614187374, -73.86360976074194)"
45615108,02/13/2020 04:26:00 PM,02/18/2020 12:00:00 PM,DSNY,Department of Sanitation,Dirty Conditions,E8 Canine Violation,Sidewalk,,,,,,STAFFORD AVENUE,STAFFORD AVENUE,INTERSECTION,,,N/A,Closed,,The Department of Sanitation investigated this complaint and found no violation at the location.,02/18/2020 12:00:00 PM,0 Unspecified,,Unspecified,,,PHONE,Unspecified,Unspecified,,,,,,,,,,
45615080,02/13/2020 03:44:00 PM,02/15/2020 12:00:00 PM,DSNY,Department of Sanitation,Dirty Conditions,E8 Canine Violation,Sidewalk,11234,1296 EAST   53 STREET,EAST   53 STREET,FLATLANDS AVENUE,AVENUE K,,,ADDRESS,BROOKLYN,,N/A,Closed,,The Department of Sanitation investigated this complaint and found no violation at the location.,02/15/2020 12:00:00 PM,18 BROOKLYN,3078000052,BROOKLYN,1005113,167777,PHONE,Unspecified,BROOKLYN,,,,,,,,40.62716106070356,-73.92484069865276,"(40.62716106070356, -73.92484069865276)"
45617797,02/13/2020 02:20:00 PM,02/15/2020 12:00:00 PM,DSNY,Department of Sanitation,Dirty Conditions,E8 Canine Violation,Sidewalk,10469,2721 MORGAN AVENUE,MORGAN AVENUE,ALLERTON AVENUE,ARNOW AVENUE,,,ADDRESS,BRONX,,N/A,Closed,,The Department of Sanitation investigated this complaint and found no violation at the location.,02/15/2020 12:00:00 PM,11 BRONX,2045310063,BRONX,1027039,254729,PHONE,Unspecified,BRONX,,,,,,,,40.86574316942922,-73.8452988361916,"(40.86574316942922, -73.8452988361916)"
45606562,02/13/2020 01:56:00 PM,02/14/2020 12:00:00 PM,DSNY,Department of Sanitation,Dirty Conditions,E8 Canine Violation,Sidewalk,11213,1300 STERLING PLACE,STERLING PLACE,TROY AVENUE,SCHENECTADY AVENUE,,,ADDRESS,BROOKLYN,,N/A,Closed,,The Department of Sanitation investigated this complaint and found no violation at the location.,02/14/2020 12:00:00 PM,08 BROOKLYN,3013770014,BROOKLYN,1002163,184006,PHONE,Unspecified,BROOKLYN,,,,,,,,40.67171258812643,-73.93542501867323,"(40.67171258812643, -73.93542501867323)"
45612545,02/13/2020 08:27:00 AM,02/15/2020 12:00:00 PM,DSNY,Department of Sanitation,Dirty Conditions,E8 Canine Violation,Sidewalk,10474,754 COSTER STREET,COSTER STREET,SPOFFORD AVENUE,BEND,,,ADDRESS,BRONX,,N/A,Closed,,The Department of Sanitation investigated this complaint and found no violation at the location.,02/15/2020 12:00:00 PM,02 BRONX,2027630144,BRONX,1015347,236375,PHONE,Unspecified,BRONX,,,,,,,,40.815415762612226,-73.88765563789985,"(40.815415762612226, -73.88765563789985)"
45608374,02/13/2020 08:22:00 AM,02/15/2020 12:00:00 PM,DSNY,Department of Sanitation,Dirty Conditions,E8 Canine Violation,Sidewalk,10463,2663 HEATH AVENUE,HEATH AVENUE,KINGSBRIDGE TERRACE,WEST 193 STREET,,,ADDRESS,BRONX,,N/A,Closed,,The Department of Sanitation investigated this complaint and found no violation at the location.,02/15/2020 12:00:00 PM,07 BRONX,2032390004,BRONX,1010175,256156,PHONE,Unspecified,BRONX,,,,,,,,40.86972548354874,-73.90626407394844,"(40.86972548354874, -73.90626407394844)"
45613036,02/13/2020 08:15:00 AM,02/15/2020 12:00:00 PM,DSNY,Department of Sanitation,Dirty Conditions,E8 Canine Violation,Sidewalk,11230,942 EAST   13 STREET,EAST   13 STREET,AVENUE I,AVENUE J,,,ADDRESS,BROOKLYN,,N/A,Closed,,The Department of Sanitation investigated this complaint and found no violation at the location.,02/15/2020 12:00:00 PM,14 BROOKLYN,3067050024,BROOKLYN,994376,167479,ONLINE,Unspecified,BROOKLYN,,,,,,,,40.62636189294151,-73.96352135833332,"(40.62636189294151, -73.96352135833332)"
45610150,02/12/2020 08:33:00 PM,02/13/2020 12:00:00 PM,DSNY,Department of Sanitation,Dirty Conditions,E8 Canine Violation,Sidewalk,,,,,,BAINBRIDGE AVENUE,BAINBRIDGE AVENUE,INTERSECTION,,,N/A,Closed,,The Department of Sanitation investigated this complaint and found no violation at the location.,02/13/2020 12:00:00 PM,07 BRONX,,BRONX,,,PHONE,Unspecified,BRONX,,,,,,,,,,
45610945,02/12/2020 08:30:00 PM,02/13/2020 12:00:00 PM,DSNY,Department of Sanitation,Dirty Conditions,E8 Canine Violation,Sidewalk,11208,471 ELDERT LANE,ELDERT LANE,MC KINLEY AVENUE,LIBERTY AVENUE,,,ADDRESS,BROOKLYN,,N/A,Closed,,The Department of Sanitation investigated this complaint and found no violation at the location.,02/13/2020 12:00:00 PM,05 BROOKLYN,3041840009,BROOKLYN,1021556,186892,ONLINE,Unspecified,BROOKLYN,,,,,,,,40.67957351791699,-73.86549885846865,"(40.67957351791699, -73.86549885846865)"
45610143,02/12/2020 08:19:00 PM,02/13/2020 12:00:00 PM,DSNY,Department of Sanitation,Dirty Conditions,E8 Canine Violation,Sidewalk,,,,,,ALLERTON AVENUE,ALLERTON AVENUE,INTERSECTION,,,N/A,Closed,,The Department of Sanitation investigated this complaint and found no violation at the location.,02/13/2020 12:00:00 PM,11 BRONX,,BRONX,,,PHONE,Unspecified,BRONX,,,,,,,,,,
45612112,02/12/2020 08:11:00 PM,02/13/2020 12:00:00 PM,DSNY,Department of Sanitation,Dirty Conditions,E8 Canine Violation,Sidewalk,11385,68-43 FRESH POND ROAD,FRESH POND ROAD,68 ROAD,CATALPA AVENUE,,,ADDRESS,Ridgewood,,N/A,Closed,,The Department of Sanitation investigated this complaint and found no violation at the location.,02/13/2020 12:00:00 PM,05 QUEENS,4036250010,QUEENS,1013144,195846,PHONE,Unspecified,QUEENS,,,,,,,,40.70418161842918,-73.89578861451864,"(40.70418161842918, -73.89578861451864)"
45611906,02/12/2020 06:39:00 PM,02/13/2020 12:00:00 PM,DSNY,Department of Sanitation,Dirty Conditions,E8 Canine Violation,Sidewalk,11361,202-06 42 AVENUE,42 AVENUE,202 STREET,203 STREET,,,ADDRESS,Bayside,,N/A,Closed,,The Department of Sanitation investigated this complaint and found no violation at the location.,02/13/2020 12:00:00 PM,11 QUEENS,4062600001,QUEENS,1044638,216253,ONLINE,Unspecified,QUEENS,,,,,,,,40.76003476532523,-73.78201705514134,"(40.76003476532523, -73.78201705514134)"
45608623,02/12/2020 03:36:00 PM,02/13/2020 12:00:00 PM,DSNY,Department of Sanitation,Dirty Conditions,E8 Canine Violation,Sidewalk,,,,,,GATEWAY BOULEVARD,GATEWAY BOULEVARD,INTERSECTION,,,N/A,Closed,,The Department of Sanitation investigated this complaint and found no violation at the location.,02/13/2020 12:00:00 PM,14 QUEENS,,QUEENS,,,PHONE,Unspecified,QUEENS,,,,,,,,,,
45611645,02/12/2020 01:55:00 PM,02/14/2020 12:00:00 PM,DSNY,Department of Sanitation,Dirty Conditions,E8 Canine Violation,Sidewalk,11230,1825 OCEAN AVENUE,OCEAN AVENUE,AVENUE M,BAY AVENUE,,,ADDRESS,BROOKLYN,,N/A,Closed,,The Department of Sanitation investigated this complaint and found no violation at the location.,02/14/2020 12:00:00 PM,14 BROOKLYN,3076560058,BROOKLYN,996786,164277,ONLINE,Unspecified,BROOKLYN,,,,,,,,40.61756998995872,-73.95484534590416,"(40.61756998995872, -73.95484534590416)"
45605014,02/12/2020 12:57:00 PM,02/13/2020 12:00:00 PM,DSNY,Department of Sanitation,Dirty Conditions,E8 Canine Violation,Sidewalk,10310,1314 CASTLETON AVENUE,CASTLETON AVENUE,CLOVE ROAD,RECTOR STREET,,,ADDRESS,STATEN ISLAND,,N/A,Closed,,The Department of Sanitation investigated this complaint and found no violation at the location.,02/13/2020 12:00:00 PM,01 STATEN ISLAND,5002150029,STATEN ISLAND,949100,170212,ONLINE,Unspecified,STATEN ISLAND,,,,,,,,40.63379944712268,-74.12664107921023,"(40.63379944712268, -74.12664107921023)"
45604147,02/12/2020 12:25:00 PM,02/13/2020 12:00:00 PM,DSNY,Department of Sanitation,Dirty Conditions,E8 Canine Violation,Sidewalk,10454,601 BEECH TERRACE,BEECH TERRACE,DEAD END,BEEKMAN AVENUE,,,ADDRESS,BRONX,,N/A,Closed,,The Department of Sanitation investigated this complaint and found no violation at the location.,02/13/2020 12:00:00 PM,01 BRONX,2025550100,BRONX,1008079,234211,ONLINE,Unspecified,BRONX,,,,,,,,40.80949878279529,-73.9139204582646,"(40.80949878279529, -73.9139204582646)"
45603091,02/12/2020 12:22:00 PM,02/13/2020 12:00:00 PM,DSNY,Department of Sanitation,Dirty Conditions,E8 Canine Violation,Sidewalk,11212,EAST   94 STREET,EAST   94 STREET,RUTLAND ROAD,WINTHROP AVENUE,,,BLOCKFACE,BROOKLYN,,N/A,Closed,,The Department of Sanitation investigated this complaint and found no violation at the location.,02/13/2020 12:00:00 PM,17 BROOKLYN,,BROOKLYN,1004994,180476,PHONE,Unspecified,BROOKLYN,,,,,,,,40.66201734607031,-73.92523034886416,"(40.66201734607031, -73.92523034886416)"
45604088,02/12/2020 12:02:00 PM,02/13/2020 12:00:00 PM,DSNY,Department of Sanitation,Dirty Conditions,E8 Canine Violation,Sidewalk,,,,,,LINCOLN PLACE,LINCOLN PLACE,INTERSECTION,,,N/A,Closed,,The Department of Sanitation investigated this complaint and found no violation at the location.,02/13/2020 12:00:00 PM,08 BROOKLYN,,BROOKLYN,,,PHONE,Unspecified,BROOKLYN,,,,,,,,,,
45605046,02/12/2020 12:01:00 PM,02/13/2020 12:00:00 PM,DSNY,Department of Sanitation,Dirty Conditions,E8 Canine Violation,Sidewalk,11367,144-32 76 ROAD,76 ROAD,MAIN STREET,147 STREET,,,ADDRESS,Flushing,,N/A,Closed,,The Department of Sanitation investigated this complaint and found no violation at the location.,02/13/2020 12:00:00 PM,08 QUEENS,4066670015,QUEENS,1034543,202462,ONLINE,Unspecified,QUEENS,,,,,,,,40.722245172190306,-73.81856003771308,"(40.722245172190306, -73.81856003771308)"
45603214,02/12/2020 12:00:00 PM,02/13/2020 12:00:00 PM,DSNY,Department of Sanitation,Dirty Conditions,E8 Canine Violation,Sidewalk,11216,767 LINCOLN PLACE,LINCOLN PLACE,ROGERS AVENUE,NOSTRAND AVENUE,,,ADDRESS,BROOKLYN,,N/A,Closed,,The Department of Sanitation investigated this complaint and found no violation at the location.,02/13/2020 12:00:00 PM,08 BROOKLYN,3012540050,BROOKLYN,997771,183671,PHONE,Unspecified,BROOKLYN,,,,,,,,40.670800885577705,-73.95125850758727,"(40.670800885577705, -73.95125850758727)"
45601312,02/12/2020 11:21:00 AM,02/14/2020 12:00:00 PM,DSNY,Department of Sanitation,Dirty Conditions,E8 Canine Violation,Sidewalk,11218,724 CONEY ISLAND AVENUE,CONEY ISLAND AVENUE,AVENUE C,CORTELYOU ROAD,,,ADDRESS,BROOKLYN,,N/A,Closed,,The Department of Sanitation investigated this complaint and found no violation at the location.,02/14/2020 12:00:00 PM,12 BROOKLYN,3053780031,BROOKLYN,992847,172480,ONLINE,Unspecified,BROOKLYN,,,,,,,,40.640090192501034,-73.96902316811077,"(40.640090192501034, -73.96902316811077)"
45599510,02/12/2020 11:13:00 AM,02/13/2020 12:00:00 PM,DSNY,Department of Sanitation,Dirty Conditions,E8 Canine Violation,Sidewalk,10040,121 FORT GEORGE AVENUE,FORT GEORGE AVENUE,BEND,AUDUBON AVENUE,,,ADDRESS,NEW YORK,,N/A,Closed,,The Department of Sanitation investigated this complaint and found no violation at the location.,02/13/2020 12:00:00 PM,12 MANHATTAN,1021490265,MANHATTAN,1004446,251683,PHONE,Unspecified,MANHATTAN,,,,,,,,40.85746342279737,-73.92699164532567,"(40.85746342279737, -73.92699164532567)"
45604089,02/12/2020 11:05:00 AM,02/13/2020 12:00:00 PM,DSNY,Department of Sanitation,Dirty Conditions,E8 Canine Violation,Sidewalk,,,,,,23 STREET,23 STREET,INTERSECTION,,,N/A,Closed,,The Department of Sanitation investigated this complaint and found no violation at the location.,02/13/2020 12:00:00 PM,01 QUEENS,,QUEENS,,,PHONE,Unspecified,QUEENS,,,,,,,,,,
45602206,02/12/2020 10:43:00 AM,02/13/2020 12:00:00 PM,DSNY,Department of Sanitation,Dirty Conditions,E8 Canine Violation,Sidewalk,11367,150-22 72 DRIVE,72 DRIVE,150 STREET,153 STREET,,,ADDRESS,Flushing,,N/A,Closed,,The Department of Sanitation investigated this complaint and found no violation at the location.,02/13/2020 12:00:00 PM,08 QUEENS,4067020001,QUEENS,1035118,204084,PHONE,Unspecified,QUEENS,,,,,,,,40.72669387134207,-73.81647338036126,"(40.72669387134207, -73.81647338036126)"
45603130,02/12/2020 08:43:00 AM,02/13/2020 12:00:00 PM,DSNY,Department of Sanitation,Dirty Conditions,E8 Canine Violation,Sidewalk,,,,,,25 AVENUE,25 AVENUE,INTERSECTION,,,N/A,Closed,,The Department of Sanitation investigated this complaint and found no violation at the location.,02/13/2020 12:00:00 PM,11 BROOKLYN,,BROOKLYN,,,PHONE,Unspecified,BROOKLYN,,,,,,,,,,
45602185,02/12/2020 08:43:00 AM,02/13/2020 12:00:00 PM,DSNY,Department of Sanitation,Dirty Conditions,E8 Canine Violation,Sidewalk,11369,25-17 89 STREET,89 STREET,25 AVENUE,30 AVENUE,,,ADDRESS,East Elmhurst,,N/A,Closed,,The Department of Sanitation investigated this complaint and found no violation at the location.,02/13/2020 12:00:00 PM,03 QUEENS,4013630056,QUEENS,1017463,217333,PHONE,Unspecified,QUEENS,,,,,,,,40.763142932863865,-73.88010531572411,"(40.763142932863865, -73.88010531572411)"
45604888,02/11/2020 09:22:00 PM,02/12/2020 12:00:00 PM,DSNY,Department of Sanitation,Dirty Conditions,E8 Canine Violation,Sidewalk,,,,,,FRONT STREET,FRONT STREET,INTERSECTION,,,N/A,Closed,,The Department of Sanitation investigated this complaint and found no violation at the location.,02/12/2020 12:00:00 PM,0 Unspecified,,Unspecified,,,ONLINE,Unspecified,Unspecified,,,,,,,,,,
45604889,02/11/2020 03:36:00 PM,02/12/2020 12:00:00 PM,DSNY,Department of Sanitation,Dirty Conditions,E8 Canine Violation,Sidewalk,11231,61 2 PLACE,2 PLACE,CLINTON STREET,COURT STREET,,,ADDRESS,BROOKLYN,,N/A,Closed,,The Department of Sanitation investigated this complaint and found no violation at the location.,02/12/2020 12:00:00 PM,06 BROOKLYN,3003610049,BROOKLYN,984640,186973,ONLINE,Unspecified,BROOKLYN,,,,,,,,40.67987444832577,-73.99859390818384,"(40.67987444832577, -73.99859390818384)"
45603150,02/11/2020 02:07:00 PM,02/13/2020 12:00:00 PM,DSNY,Department of Sanitation,Dirty Conditions,E8 Canine Violation,Sidewalk,11102,9 STREET,9 STREET,DEAD END,27 AVENUE,,,BLOCKFACE,Astoria,,N/A,Closed,,The Department of Sanitation investigated this complaint and found no violation at the location.,02/13/2020 12:00:00 PM,01 QUEENS,,QUEENS,,,PHONE,Unspecified,QUEENS,,,,,,,,,,
45593526,02/11/2020 11:37:00 AM,02/13/2020 12:00:00 PM,DSNY,Department of Sanitation,Dirty Conditions,E8 Canine Violation,Sidewalk,,,,,,EAST 234 STREET,EAST 234 STREET,INTERSECTION,,,N/A,Closed,,The Department of Sanitation investigated this complaint and found no violation at the location.,02/13/2020 12:00:00 PM,12 BRONX,,BRONX,,,PHONE,Unspecified,BRONX,,,,,,,,,,
45595295,02/11/2020 11:00:00 AM,02/12/2020 12:00:00 PM,DSNY,Department of Sanitation,Dirty Conditions,E8 Canine Violation,Sidewalk,,,,,,24 AVENUE,24 AVENUE,INTERSECTION,,,N/A,Closed,,The Department of Sanitation investigated this complaint and found no violation at the location.,02/12/2020 12:00:00 PM,03 QUEENS,,QUEENS,,,PHONE,Unspecified,QUEENS,,,,,,,,,,
45598303,02/11/2020 10:59:00 AM,02/13/2020 12:00:00 PM,DSNY,Department of Sanitation,Dirty Conditions,E8 Canine Violation,Sidewalk,10028,334 EAST   84 STREET,EAST   84 STREET,2 AVENUE,1 AVENUE,,,ADDRESS,NEW YORK,,N/A,Closed,,The Department of Sanitation investigated this complaint and found no violation at the location.,02/13/2020 12:00:00 PM,08 MANHATTAN,1015460035,MANHATTAN,997605,222058,PHONE,Unspecified,MANHATTAN,,,,,,,,40.776164125611544,-73.95178074287531,"(40.776164125611544, -73.95178074287531)"
45593493,02/11/2020 10:57:00 AM,02/13/2020 12:00:00 PM,DSNY,Department of Sanitation,Dirty Conditions,E8 Canine Violation,Sidewalk,10028,349 EAST   82 STREET,EAST   82 STREET,2 AVENUE,1 AVENUE,,,ADDRESS,NEW YORK,,N/A,Closed,,The Department of Sanitation investigated this complaint and found no violation at the location.,02/13/2020 12:00:00 PM,08 MANHATTAN,1015450021,MANHATTAN,997419,221563,PHONE,Unspecified,MANHATTAN,,,,,,,,40.77480575987971,-73.95245328017232,"(40.77480575987971, -73.95245328017232)"
45598223,02/11/2020 10:36:00 AM,02/12/2020 12:00:00 PM,DSNY,Department of Sanitation,Dirty Conditions,E8 Canine Violation,Sidewalk,11233,180 CHAUNCEY STREET,CHAUNCEY STREET,MALCOLM X BOULEVARD,PATCHEN AVENUE,,,ADDRESS,BROOKLYN,,N/A,Closed,,The Department of Sanitation investigated this complaint and found no violation at the location.,02/12/2020 12:00:00 PM,03 BROOKLYN,3016920017,BROOKLYN,1004609,187292,PHONE,Unspecified,BROOKLYN,,,,,,,,40.68072662672059,-73.9265974552653,"(40.68072662672059, -73.9265974552653)"
45593499,02/11/2020 09:14:00 AM,02/12/2020 12:00:00 PM,DSNY,Department of Sanitation,Dirty Conditions,E8 Canine Violation,Sidewalk,11355,47-25 PARSONS BOULEVARD,PARSONS BOULEVARD,LABURNUM AVENUE,NEGUNDO AVENUE,,,ADDRESS,Flushing,,N/A,Closed,,The Department of Sanitation investigated this complaint and found no violation at the location.,02/12/2020 12:00:00 PM,07 QUEENS,4054850012,QUEENS,1036262,213325,ONLINE,Unspecified,QUEENS,,,,,,,,40.75205141182699,-73.8122745055471,"(40.75205141182699, -73.8122745055471)"
45597028,02/11/2020 09:02:00 AM,02/12/2020 12:00:00 PM,DSNY,Department of Sanitation,Dirty Conditions,E8 Canine Violation,Sidewalk,11212,648 HOWARD AVENUE,HOWARD AVENUE,EAST NEW YORK AVENUE,SUTTER AVENUE,,,ADDRESS,BROOKLYN,,N/A,Closed,,The Department of Sanitation investigated this complaint and found no violation at the location.,02/12/2020 12:00:00 PM,16 BROOKLYN,3035110068,BROOKLYN,1006564,182050,PHONE,Unspecified,BROOKLYN,,,,,,,,40.66633380801456,-73.91956623625983,"(40.66633380801456, -73.91956623625983)"
45595378,02/10/2020 08:26:00 PM,02/12/2020 12:00:00 PM,DSNY,Department of Sanitation,Dirty Conditions,E8 Canine Violation,Sidewalk,11214,288 BAY   38 STREET,BAY   38 STREET,CROPSEY AVENUE,SHORE PARKWAY,,,ADDRESS,BROOKLYN,,N/A,Closed,,The Department of Sanitation investigated this complaint and found no violation at the location.,02/12/2020 12:00:00 PM,11 BROOKLYN,3069280050,BROOKLYN,985846,155219,PHONE,Unspecified,BROOKLYN,,,,,,,,40.59271635297314,-73.99425335020466,"(40.59271635297314, -73.99425335020466)"
45596204,02/10/2020 08:01:00 PM,02/13/2020 12:00:00 PM,DSNY,Department of Sanitation,Dirty Conditions,E8 Canine Violation,Sidewalk,11420,114-21 133 AVENUE,133 AVENUE,114 STREET,114 PLACE,,,ADDRESS,South Ozone Park,,N/A,Closed,,The Department of Sanitation investigated this complaint and found no violation at the location.,02/13/2020 12:00:00 PM,10 QUEENS,4117200001,QUEENS,1032767,184601,PHONE,Unspecified,QUEENS,,,,,,,,40.67323090458011,-73.82509588064711,"(40.67323090458011, -73.82509588064711)"
45597027,02/10/2020 05:14:00 PM,02/13/2020 12:00:00 PM,DSNY,Department of Sanitation,Dirty Conditions,E8 Canine Violation,Sidewalk,10468,2805 MORRIS AVENUE,MORRIS AVENUE,EAST 196 STREET,BEND,,,ADDRESS,BRONX,,N/A,Closed,,The Department of Sanitation investigated this complaint and found no violation at the location.,02/13/2020 12:00:00 PM,07 BRONX,2033180044,BRONX,1013570,256190,ONLINE,Unspecified,BRONX,,,,,,,,40.869808178959,-73.89398877855096,"(40.869808178959, -73.89398877855096)"
45594386,02/10/2020 04:12:00 PM,02/13/2020 12:00:00 PM,DSNY,Department of Sanitation,Dirty Conditions,E8 Canine Violation,Sidewalk,10458,2543 DECATUR AVENUE,DECATUR AVENUE,EAST FORDHAM ROAD,EAST 193 STREET,,,ADDRESS,BRONX,,N/A,Closed,,The Department of Sanitation investigated this complaint and found no violation at the location.,02/13/2020 12:00:00 PM,07 BRONX,2032750055,BRONX,1014271,253412,ONLINE,Unspecified,BRONX,,,,,,,,40.86218106194061,-73.8914666467134,"(40.86218106194061, -73.8914666467134)"
45596198,02/10/2020 02:42:00 PM,02/13/2020 12:00:00 PM,DSNY,Department of Sanitation,Dirty Conditions,E8 Canine Violation,Sidewalk,10456,355 EAST  165 STREET,EAST  165 STREET,TELLER AVENUE,CLAY AVENUE,,,ADDRESS,BRONX,,N/A,Closed,,The Department of Sanitation investigated this complaint and found no violation at the location.,02/13/2020 12:00:00 PM,04 BRONX,2024280001,BRONX,1008185,241079,PHONE,Unspecified,BRONX,,,,,,,,40.82834921402013,-73.91351305021885,"(40.82834921402013, -73.91351305021885)"
45589683,02/10/2020 12:40:00 PM,02/15/2020 12:00:00 PM,DSNY,Department of Sanitation,Dirty Conditions,E8 Canine Violation,Sidewalk,11234,2265 RALPH AVENUE,RALPH AVENUE,EAST 66 STREET,AVENUE M,,,ADDRESS,BROOKLYN,,N/A,Closed,,The Department of Sanitation investigated this complaint and found no violation at the location.,02/15/2020 12:00:00 PM,18 BROOKLYN,3083520001,BROOKLYN,1007122,166226,PHONE,Unspecified,BROOKLYN,,,,,,,,40.622898933588274,-73.91760850257045,"(40.622898933588274, -73.91760850257045)"
45588713,02/10/2020 12:38:00 PM,02/15/2020 12:00:00 PM,DSNY,Department of Sanitation,Dirty Conditions,E8 Canine Violation,Sidewalk,11234,2259 RALPH AVENUE,RALPH AVENUE,EAST 66 STREET,AVENUE M,,,ADDRESS,BROOKLYN,,N/A,Closed,,The Department of Sanitation investigated this complaint and found no violation at the location.,02/15/2020 12:00:00 PM,18 BROOKLYN,3083520001,BROOKLYN,1007119,166256,PHONE,Unspecified,BROOKLYN,,,,,,,,40.622981285026064,-73.91761920779061,"(40.622981285026064, -73.91761920779061)"
45585660,02/10/2020 11:08:00 AM,02/12/2020 12:00:00 PM,DSNY,Department of Sanitation,Dirty Conditions,E8 Canine Violation,Sidewalk,10309,,,,,VETERANS ROAD EAST,SHARROTTS ROAD,INTERSECTION,STATEN ISLAND,,N/A,Closed,,The Department of Sanitation investigated this complaint and found no violation at the location.,02/12/2020 12:00:00 PM,03 STATEN ISLAND,,STATEN ISLAND,922046,135071,PHONE,Unspecified,STATEN ISLAND,,,,,,,,40.537196044839895,-74.22378949133483,"(40.537196044839895, -74.22378949133483)"
45585661,02/10/2020 10:43:00 AM,02/11/2020 12:00:00 PM,DSNY,Department of Sanitation,Dirty Conditions,E8 Canine Violation,Sidewalk,,,,,,ALBEMARLE ROAD,ALBEMARLE ROAD,INTERSECTION,,,N/A,Closed,,The Department of Sanitation investigated this complaint and found no violation at the location.,02/11/2020 12:00:00 PM,17 BROOKLYN,,BROOKLYN,,,PHONE,Unspecified,BROOKLYN,,,,,,,,,,
45587667,02/10/2020 10:03:00 AM,02/11/2020 12:00:00 PM,DSNY,Department of Sanitation,Dirty Conditions,E8 Canine Violation,Sidewalk,10031,323 EDGECOMBE AVENUE,EDGECOMBE AVENUE,WEST 145 STREET,WEST 150 STREET,,,ADDRESS,NEW YORK,,N/A,Closed,,"The Department of Sanitation has investigated the complaint and addressed the issue. If the problem persists, call 311 to enter a new complaint. If you are outside of New York City, please call (212) NEW-YORK (212-639-9675).",02/11/2020 12:00:00 PM,09 MANHATTAN,1020530085,MANHATTAN,1000214,240131,PHONE,Unspecified,MANHATTAN,,,,,,,,40.82576522889363,-73.94231778041728,"(40.82576522889363, -73.94231778041728)"
45586677,02/10/2020 09:59:00 AM,02/10/2020 12:00:00 PM,DSNY,Department of Sanitation,Dirty Conditions,E8 Canine Violation,Sidewalk,11385,1737 BLEECKER STREET,BLEECKER STREET,BLEECKER STREET,SENECA AVENUE,,,ADDRESS,Ridgewood,,N/A,Closed,,The Department of Sanitation investigated this complaint and found no violation at the location.,02/10/2020 12:00:00 PM,05 QUEENS,4034360048,QUEENS,1008625,195898,PHONE,Unspecified,QUEENS,,,,,,,,40.704337948326156,-73.91208699712166,"(40.704337948326156, -73.91208699712166)"
45585723,02/10/2020 09:57:00 AM,02/11/2020 12:00:00 PM,DSNY,Department of Sanitation,Dirty Conditions,E8 Canine Violation,Sidewalk,10314,97 WYONA AVENUE,WYONA AVENUE,WOODBINE AVENUE,WILLOW ROAD EAST,,,ADDRESS,STATEN ISLAND,,N/A,Closed,,The Department of Sanitation investigated this complaint and found no violation at the location.,02/11/2020 12:00:00 PM,01 STATEN ISLAND,5015240004,STATEN ISLAND,942529,161710,ONLINE,Unspecified,STATEN ISLAND,,,,,,,,40.61043475434094,-74.15026298730389,"(40.61043475434094, -74.15026298730389)"
45585724,02/10/2020 09:27:00 AM,02/13/2020 12:00:00 PM,DSNY,Department of Sanitation,Dirty Conditions,E8 Canine Violation,Sidewalk,11419,112-01 95 AVENUE,95 AVENUE,112 STREET,113 STREET,,,ADDRESS,South Richmond Hill,,N/A,Closed,,The Department of Sanitation investigated this complaint and found no violation at the location.,02/13/2020 12:00:00 PM,09 QUEENS,4093980035,QUEENS,1030568,191025,ONLINE,Unspecified,QUEENS,,,,,,,,40.69087506948182,-73.83297911495559,"(40.69087506948182, -73.83297911495559)"
45584804,02/10/2020 07:20:00 AM,02/11/2020 12:00:00 PM,DSNY,Department of Sanitation,Dirty Conditions,E8 Canine Violation,Sidewalk,10031,640 WEST  138 STREET,WEST  138 STREET,BROADWAY,PEDESTRIAN OVERPASS,,,ADDRESS,NEW YORK,,N/A,Closed,,"The Department of Sanitation has investigated the complaint and addressed the issue. If the problem persists, call 311 to enter a new complaint. If you are outside of New York City, please call (212) NEW-YORK (212-639-9675).",02/11/2020 12:00:00 PM,09 MANHATTAN,1020860150,MANHATTAN,996811,238906,PHONE,Unspecified,MANHATTAN,,,,,,,,40.82240844694933,-73.95461602412487,"(40.82240844694933, -73.95461602412487)"
45586603,02/09/2020 06:04:00 PM,02/10/2020 12:00:00 PM,DSNY,Department of Sanitation,Dirty Conditions,E8 Canine Violation,Sidewalk,11378,60-72 MT OLIVET CRESCENT,MT OLIVET CRESCENT,60 DRIVE,ELIOT AVENUE,,,ADDRESS,Maspeth,,N/A,Closed,,The Department of Sanitation investigated this complaint and found no violation at the location.,02/10/2020 12:00:00 PM,05 QUEENS,4027620058,QUEENS,1012504,200466,PHONE,Unspecified,QUEENS,,,,,,,,40.71686447960435,-73.89807749920655,"(40.71686447960435, -73.89807749920655)"
45583822,02/09/2020 05:36:00 PM,02/10/2020 12:00:00 PM,DSNY,Department of Sanitation,Dirty Conditions,E8 Canine Violation,Sidewalk,11385,71-27 65 PLACE,65 PLACE,CENTRAL AVENUE,MYRTLE AVENUE,,,ADDRESS,Ridgewood,,N/A,Closed,,The Department of Sanitation investigated this complaint and found no violation at the location.,02/10/2020 12:00:00 PM,05 QUEENS,4036770038,QUEENS,1014850,195093,PHONE,Unspecified,QUEENS,,,,,,,,40.70210907671631,-73.88963904791417,"(40.70210907671631, -73.88963904791417)"
45584898,02/09/2020 04:17:00 PM,02/10/2020 12:00:00 PM,DSNY,Department of Sanitation,Dirty Conditions,E8 Canine Violation,Sidewalk,11204,1783 66 STREET,66 STREET,17 AVENUE,18 AVENUE,,,ADDRESS,BROOKLYN,,N/A,Closed,,The Department of Sanitation investigated this complaint and found no violation at the location.,02/10/2020 12:00:00 PM,11 BROOKLYN,3055530049,BROOKLYN,986639,164757,PHONE,Unspecified,BROOKLYN,,,,,,,,40.6188960367021,-73.99139465482861,"(40.6188960367021, -73.99139465482861)"
45580828,02/09/2020 01:30:00 PM,02/10/2020 12:00:00 PM,DSNY,Department of Sanitation,Dirty Conditions,E8 Canine Violation,Sidewalk,11377,44-02 48 AVENUE,48 AVENUE,44 STREET,45 STREET,,,ADDRESS,Woodside,,N/A,Closed,,The Department of Sanitation investigated this complaint and found no violation at the location.,02/10/2020 12:00:00 PM,02 QUEENS,4022880031,QUEENS,1006095,208706,ONLINE,Unspecified,QUEENS,,,,,,,,40.739499406847195,-73.92117033991909,"(40.739499406847195, -73.92117033991909)"
45582117,02/09/2020 12:55:00 PM,02/10/2020 12:00:00 PM,DSNY,Department of Sanitation,Dirty Conditions,E8 Canine Violation,Sidewalk,11212,7 HEGEMAN AVENUE,HEGEMAN AVENUE,HERZL STREET,AMBOY STREET,,,ADDRESS,BROOKLYN,,N/A,Closed,,The Department of Sanitation investigated this complaint and found no violation at the location.,02/10/2020 12:00:00 PM,16 BROOKLYN,3036210001,BROOKLYN,1008705,178138,PHONE,Unspecified,BROOKLYN,,,,,,,,40.65559058142622,-73.91186291184383,"(40.65559058142622, -73.91186291184383)"
45580892,02/09/2020 09:26:00 AM,02/13/2020 12:00:00 PM,DSNY,Department of Sanitation,Dirty Conditions,E8 Canine Violation,Sidewalk,10452,1038 ANDERSON AVENUE,ANDERSON AVENUE,WEST 164 STREET,WEST 165 STREET,,,ADDRESS,BRONX,,N/A,Closed,,The Department of Sanitation investigated this complaint and found no violation at the location.,02/13/2020 12:00:00 PM,04 BRONX,2025040094,BRONX,1004593,242831,PHONE,Unspecified,BRONX,,,,,,,,40.83316695341027,-73.92648709670974,"(40.83316695341027, -73.92648709670974)"
45580256,02/09/2020 08:34:00 AM,02/12/2020 12:00:00 PM,DSNY,Department of Sanitation,Dirty Conditions,E8 Canine Violation,Sidewalk,10305,117 FATHER CAPODANNO BOULEVARD,FATHER CAPODANNO BOULEVARD,DRURY AVENUE,DRURY AVENUE,,,ADDRESS,STATEN ISLAND,,N/A,Closed,,The Department of Sanitation investigated this complaint and found no violation at the location.,02/12/2020 12:00:00 PM,02 STATEN ISLAND,5031240112,STATEN ISLAND,966722,155499,PHONE,Unspecified,STATEN ISLAND,,,,,,,,40.59346770872405,-74.0631130448892,"(40.59346770872405, -74.0631130448892)"
45580254,02/09/2020 08:05:00 AM,02/10/2020 12:00:00 PM,DSNY,Department of Sanitation,Dirty Conditions,E8 Canine Violation,Sidewalk,11233,908 HERKIMER STREET,HERKIMER STREET,KANE PLACE,COLUMBUS PLACE,,,ADDRESS,BROOKLYN,,N/A,Closed,,The Department of Sanitation investigated this complaint and found no violation at the location.,02/10/2020 12:00:00 PM,03 BROOKLYN,3017130016,BROOKLYN,1005506,186371,ONLINE,Unspecified,BROOKLYN,,,,,,,,40.67819658285469,-73.92336630898133,"(40.67819658285469, -73.92336630898133)"
45582763,02/08/2020 03:50:00 PM,02/12/2020 12:00:00 PM,DSNY,Department of Sanitation,Dirty Conditions,E8 Canine Violation,Sidewalk,11205,90 CLINTON AVENUE,CLINTON AVENUE,PARK AVENUE,MYRTLE AVENUE,,,ADDRESS,BROOKLYN,,N/A,Closed,,The Department of Sanitation investigated this complaint and found no violation at the location.,02/12/2020 12:00:00 PM,02 BROOKLYN,3018870068,BROOKLYN,992801,192421,PHONE,Unspecified,BROOKLYN,,,,,,,,40.6948238366362,-73.96916362238655,"(40.6948238366362, -73.96916362238655)"
45578894,02/08/2020 02:24:00 PM,02/13/2020 12:00:00 PM,DSNY,Department of Sanitation,Dirty Conditions,E8 Canine Violation,Sidewalk,10461,3104 WILKINSON AVENUE,WILKINSON AVENUE,WESTCHESTER AVENUE,BRUCKNER BOULEVARD,,,ADDRESS,BRONX,,N/A,Closed,,The Department of Sanitation investigated this complaint and found no violation at the location.,02/13/2020 12:00:00 PM,10 BRONX,2042380011,BRONX,1031509,249597,PHONE,Unspecified,BRONX,,,,,,,,40.85163459705322,-73.82917403135737,"(40.85163459705322, -73.82917403135737)"
45573558,02/08/2020 01:22:00 PM,02/13/2020 12:00:00 PM,DSNY,Department of Sanitation,Dirty Conditions,E8 Canine Violation,Sidewalk,10022,322 EAST   53 STREET,EAST   53 STREET,2 AVENUE,1 AVENUE,,,ADDRESS,NEW YORK,,N/A,Closed,,The Department of Sanitation investigated this complaint and found no violation at the location.,02/13/2020 12:00:00 PM,06 MANHATTAN,1013450041,MANHATTAN,993550,214873,ONLINE,Unspecified,MANHATTAN,,,,,,,,40.75644835853432,-73.96643157257422,"(40.75644835853432, -73.96643157257422)"
45575131,02/08/2020 01:02:00 PM,02/10/2020 12:00:00 PM,DSNY,Department of Sanitation,Dirty Conditions,E8 Canine Violation,Sidewalk,,,,,,46 AVENUE,46 AVENUE,INTERSECTION,,,N/A,Closed,,The Department of Sanitation investigated this complaint and found no violation at the location.,02/10/2020 12:00:00 PM,04 QUEENS,,QUEENS,,,PHONE,Unspecified,QUEENS,,,,,,,,,,
45575922,02/08/2020 11:33:00 AM,02/11/2020 12:00:00 PM,DSNY,Department of Sanitation,Dirty Conditions,E8 Canine Violation,Sidewalk,11435,111-49 143 STREET,143 STREET,111 AVENUE,LINDEN BOULEVARD,,,ADDRESS,Jamaica,,N/A,Closed,,The Department of Sanitation investigated this complaint and found no violation at the location.,02/11/2020 12:00:00 PM,12 QUEENS,4119590308,QUEENS,1039308,189204,ONLINE,Unspecified,QUEENS,,,,,,,,40.685826799855874,-73.80147799985508,"(40.685826799855874, -73.80147799985508)"
45577453,02/08/2020 10:04:00 AM,02/11/2020 12:00:00 PM,DSNY,Department of Sanitation,Dirty Conditions,E8 Canine Violation,Sidewalk,10305,260 ALTER AVENUE,ALTER AVENUE,HENRY PLACE,HYLAN BOULEVARD,,,ADDRESS,STATEN ISLAND,,N/A,Closed,,The Department of Sanitation investigated this complaint and found no violation at the location.,02/11/2020 12:00:00 PM,02 STATEN ISLAND,5033400013,STATEN ISLAND,958698,153987,PHONE,Unspecified,STATEN ISLAND,,,,,,,,40.58929807352359,-74.09199931461777,"(40.58929807352359, -74.09199931461777)"
45573559,02/08/2020 06:48:00 AM,02/10/2020 12:00:00 PM,DSNY,Department of Sanitation,Dirty Conditions,E8 Canine Violation,Sidewalk,,,,,,EAST 172 STREET,EAST 172 STREET,INTERSECTION,,,N/A,Closed,,The Department of Sanitation investigated this complaint and found no violation at the location.,02/10/2020 12:00:00 PM,09 BRONX,,BRONX,,,PHONE,Unspecified,BRONX,,,,,,,,,,
45573480,02/07/2020 10:23:00 PM,02/08/2020 12:00:00 PM,DSNY,Department of Sanitation,Dirty Conditions,E8 Canine Violation,Sidewalk,10456,1306 BOSTON ROAD,BOSTON ROAD,EAST 169 STREET,UNION AVENUE,,,ADDRESS,BRONX,,N/A,Closed,,The Department of Sanitation investigated this complaint and found no violation at the location.,02/08/2020 12:00:00 PM,03 BRONX,2029610018,BRONX,1011944,242178,PHONE,Unspecified,BRONX,,,,,,,,40.83135466575755,-73.89992571919107,"(40.83135466575755, -73.89992571919107)"
45575811,02/07/2020 03:33:00 PM,02/08/2020 12:00:00 PM,DSNY,Department of Sanitation,Dirty Conditions,E8 Canine Violation,Sidewalk,10459,851 EAST  169 STREET,EAST  169 STREET,PROSPECT AVENUE,LYMAN PLACE,,,ADDRESS,BRONX,,N/A,Closed,,The Department of Sanitation investigated this complaint and found no violation at the location.,02/08/2020 12:00:00 PM,03 BRONX,2029700010,BRONX,1012648,241441,PHONE,Unspecified,BRONX,,,,,,,,40.829329577846494,-73.89738488613578,"(40.829329577846494, -73.89738488613578)"
45570260,02/07/2020 01:46:00 PM,02/10/2020 12:00:00 PM,DSNY,Department of Sanitation,Dirty Conditions,E8 Canine Violation,Sidewalk,11378,60-82 59 ROAD,59 ROAD,60 LANE,61 STREET,,,ADDRESS,Maspeth,,N/A,Closed,,The Department of Sanitation investigated this complaint and found no violation at the location.,02/10/2020 12:00:00 PM,05 QUEENS,4027410013,QUEENS,1011032,201059,PHONE,Unspecified,QUEENS,,,,,,,,40.71849669983592,-73.90338517720652,"(40.71849669983592, -73.90338517720652)"
45567408,02/07/2020 11:41:00 AM,02/08/2020 12:00:00 PM,DSNY,Department of Sanitation,Dirty Conditions,E8 Canine Violation,Sidewalk,10463,3815 PUTNAM AVENUE WEST,PUTNAM AVENUE WEST,WEST 238 STREET,WEST 239 STREET,,,ADDRESS,BRONX,,N/A,Closed,,The Department of Sanitation investigated this complaint and found no violation at the location.,02/08/2020 12:00:00 PM,08 BRONX,2032710125,BRONX,1012251,261637,ONLINE,Unspecified,BRONX,,,,,,,,40.88476278238543,-73.89873506548597,"(40.88476278238543, -73.89873506548597)"
45570253,02/07/2020 10:06:00 AM,02/07/2020 12:00:00 PM,DSNY,Department of Sanitation,Dirty Conditions,E8 Canine Violation,Sidewalk,11378,64-69 59 AVENUE,59 AVENUE,BEND,66 STREET,,,ADDRESS,Maspeth,,N/A,Closed,,The Department of Sanitation investigated this complaint and found no violation at the location.,02/07/2020 12:00:00 PM,05 QUEENS,4027530287,QUEENS,1012292,201735,ONLINE,Unspecified,QUEENS,,,,,,,,40.720348251763056,-73.89883697329999,"(40.720348251763056, -73.89883697329999)"
45570281,02/07/2020 09:48:00 AM,02/08/2020 12:00:00 PM,DSNY,Department of Sanitation,Dirty Conditions,E8 Canine Violation,Sidewalk,10473,412 TORRY AVENUE,TORRY AVENUE,NORTON AVENUE,LACOMBE AVENUE,,,ADDRESS,BRONX,,N/A,Closed,,The Department of Sanitation investigated this complaint and found no violation at the location.,02/08/2020 12:00:00 PM,09 BRONX,2035090011,BRONX,1025992,236255,PHONE,Unspecified,BRONX,,,,,,,,40.81504251129281,-73.84919918021622,"(40.81504251129281, -73.84919918021622)"
45566379,02/07/2020 09:36:00 AM,02/08/2020 12:00:00 PM,DSNY,Department of Sanitation,Dirty Conditions,E8 Canine Violation,Sidewalk,10463,2775 KINGSBRIDGE TERRACE,KINGSBRIDGE TERRACE,WEST KINGSBRIDGE ROAD,WEST 229 STREET,,,ADDRESS,BRONX,,N/A,Closed,,The Department of Sanitation investigated this complaint and found no violation at the location.,02/08/2020 12:00:00 PM,08 BRONX,2032560084,BRONX,1011028,257256,PHONE,Unspecified,BRONX,,,,,,,,40.8727420983781,-73.90317552422518,"(40.8727420983781, -73.90317552422518)"
45570261,02/07/2020 09:06:00 AM,02/08/2020 12:00:00 PM,DSNY,Department of Sanitation,Dirty Conditions,E8 Canine Violation,Sidewalk,10454,587 EAST  139 STREET,EAST  139 STREET,ST ANNS AVENUE,CYPRESS AVENUE,,,ADDRESS,BRONX,,N/A,Closed,,The Department of Sanitation investigated this complaint and found no violation at the location.,02/08/2020 12:00:00 PM,01 BRONX,2025520061,BRONX,1007462,233355,PHONE,Unspecified,BRONX,,,,,,,,40.8071509433428,-73.91615225878031,"(40.8071509433428, -73.91615225878031)"
45567384,02/07/2020 09:03:00 AM,02/08/2020 12:00:00 PM,DSNY,Department of Sanitation,Dirty Conditions,E8 Canine Violation,Sidewalk,10454,597 EAST  139 STREET,EAST  139 STREET,ST ANNS AVENUE,CYPRESS AVENUE,,,ADDRESS,BRONX,,N/A,Closed,,The Department of Sanitation investigated this complaint and found no violation at the location.,02/08/2020 12:00:00 PM,01 BRONX,2025520061,BRONX,1007543,233310,PHONE,Unspecified,BRONX,,,,,,,,40.80702721764942,-73.91585982216866,"(40.80702721764942, -73.91585982216866)"
45564282,02/06/2020 10:10:00 PM,02/07/2020 12:00:00 PM,DSNY,Department of Sanitation,Dirty Conditions,E8 Canine Violation,Sidewalk,11221,875 DEKALB AVENUE,DEKALB AVENUE,THROOP AVENUE,MARCUS GARVEY BOULEVARD,,,ADDRESS,BROOKLYN,,N/A,Closed,,The Department of Sanitation investigated this complaint and found no violation at the location.,02/07/2020 12:00:00 PM,03 BROOKLYN,3017770054,BROOKLYN,1000496,191587,ONLINE,Unspecified,BROOKLYN,,,,,,,,40.692523919670926,-73.94141614581157,"(40.692523919670926, -73.94141614581157)"
45567374,02/06/2020 07:37:00 PM,02/07/2020 12:00:00 PM,DSNY,Department of Sanitation,Dirty Conditions,E8 Canine Violation,Sidewalk,11231,774 HENRY STREET,HENRY STREET,CENTRE MALL,BUSH STREET,,,ADDRESS,BROOKLYN,,N/A,Closed,,The Department of Sanitation investigated this complaint and found no violation at the location.,02/07/2020 12:00:00 PM,06 BROOKLYN,3005380001,BROOKLYN,983111,184984,PHONE,Unspecified,BROOKLYN,,,,,,,,40.67441502784372,-74.00410617302511,"(40.67441502784372, -74.00410617302511)"
45567409,02/06/2020 04:18:00 PM,02/07/2020 12:00:00 PM,DSNY,Department of Sanitation,Dirty Conditions,E8 Canine Violation,Sidewalk,11231,29 TIFFANY PLACE,TIFFANY PLACE,KANE STREET,DEGRAW STREET,,,ADDRESS,BROOKLYN,,N/A,Closed,,The Department of Sanitation investigated this complaint and found no violation at the location.,02/07/2020 12:00:00 PM,06 BROOKLYN,3003207503,BROOKLYN,984035,189557,PHONE,Unspecified,BROOKLYN,,,,,,,,40.68696694528379,-74.00077523562966,"(40.68696694528379, -74.00077523562966)"
45568348,02/06/2020 03:47:00 PM,02/07/2020 12:00:00 PM,DSNY,Department of Sanitation,Dirty Conditions,E8 Canine Violation,Sidewalk,10302,163 HARRISON AVENUE,HARRISON AVENUE,TREADWELL AVENUE,NICHOLAS AVENUE,,,ADDRESS,STATEN ISLAND,,N/A,Closed,,The Department of Sanitation investigated this complaint and found no violation at the location.,02/07/2020 12:00:00 PM,01 STATEN ISLAND,5010870022,STATEN ISLAND,945461,171354,PHONE,Unspecified,STATEN ISLAND,,,,,,,,40.63691880255048,-74.13975848702538,"(40.63691880255048, -74.13975848702538)"
45571286,02/06/2020 03:33:00 PM,02/08/2020 12:00:00 PM,DSNY,Department of Sanitation,Dirty Conditions,E8 Canine Violation,Sidewalk,10461,3040 ROBERTS AVENUE,ROBERTS AVENUE,HOBART AVENUE,JARVIS AVENUE,,,ADDRESS,BRONX,,N/A,Closed,,The Department of Sanitation investigated this complaint and found no violation at the location.,02/08/2020 12:00:00 PM,10 BRONX,2041710001,BRONX,1031332,247466,PHONE,Unspecified,BRONX,,,,,,,,40.84578658791581,-73.82982879138943,"(40.84578658791581, -73.82982879138943)"
45558007,02/06/2020 01:55:00 PM,02/07/2020 12:00:00 PM,DSNY,Department of Sanitation,Dirty Conditions,E8 Canine Violation,Sidewalk,11223,1724 WEST   13 STREET,WEST   13 STREET,QUENTIN ROAD,HIGHLAWN AVENUE,,,ADDRESS,BROOKLYN,,N/A,Closed,,The Department of Sanitation investigated this complaint and found no violation at the location.,02/07/2020 12:00:00 PM,11 BROOKLYN,3066430015,BROOKLYN,988217,159483,PHONE,Unspecified,BROOKLYN,,,,,,,,40.604419426378634,-73.98571368677806,"(40.604419426378634, -73.98571368677806)"
45561814,02/06/2020 01:53:00 PM,02/07/2020 12:00:00 PM,DSNY,Department of Sanitation,Dirty Conditions,E8 Canine Violation,Sidewalk,11229,2079 EAST   26 STREET,EAST   26 STREET,AVENUE T,AVENUE U,,,ADDRESS,BROOKLYN,,N/A,Closed,,The Department of Sanitation investigated this complaint and found no violation at the location.,02/07/2020 12:00:00 PM,15 BROOKLYN,3073310056,BROOKLYN,999322,158009,PHONE,Unspecified,BROOKLYN,,,,,,,,40.60036166759891,-73.9457246686005,"(40.60036166759891, -73.9457246686005)"
45558477,02/06/2020 01:06:00 PM,02/07/2020 12:00:00 PM,DSNY,Department of Sanitation,Dirty Conditions,E8 Canine Violation,Sidewalk,11235,3235 EMMONS AVENUE,EMMONS AVENUE,BRIGHAM STREET,BEND,,,ADDRESS,BROOKLYN,,N/A,Closed,,The Department of Sanitation investigated this complaint and found no violation at the location.,02/07/2020 12:00:00 PM,15 BROOKLYN,3088080059,BROOKLYN,1003259,152155,PHONE,Unspecified,BROOKLYN,,,,,,,,40.58428604671687,-73.93156372953595,"(40.58428604671687, -73.93156372953595)"
45558012,02/06/2020 12:10:00 PM,02/08/2020 12:00:00 PM,DSNY,Department of Sanitation,Dirty Conditions,E8 Canine Violation,Sidewalk,10461,2915 BAISLEY AVENUE,BAISLEY AVENUE,BRADFORD AVENUE,EDISON AVENUE,,,ADDRESS,BRONX,,N/A,Closed,,The Department of Sanitation investigated this complaint and found no violation at the location.,02/08/2020 12:00:00 PM,10 BRONX,2053340010,BRONX,1031503,243770,PHONE,Unspecified,BRONX,,,,,,,,40.835641251081654,-73.82923677924916,"(40.835641251081654, -73.82923677924916)"
45558478,02/06/2020 11:21:00 AM,02/07/2020 12:00:00 PM,DSNY,Department of Sanitation,Dirty Conditions,E8 Canine Violation,Sidewalk,11378,59-18 59 ROAD,59 ROAD,59 STREET,60 STREET,,,ADDRESS,Maspeth,,N/A,Closed,,The Department of Sanitation investigated this complaint and found no violation at the location.,02/07/2020 12:00:00 PM,05 QUEENS,4026540042,QUEENS,1009919,200889,PHONE,Unspecified,QUEENS,,,,,,,,40.71803339032726,-73.90740091831195,"(40.71803339032726, -73.90740091831195)"
45562715,02/06/2020 10:43:00 AM,02/07/2020 12:00:00 PM,DSNY,Department of Sanitation,Dirty Conditions,E8 Canine Violation,Sidewalk,11215,652 CARROLL STREET,CARROLL STREET,5 AVENUE,6 AVENUE,,,ADDRESS,BROOKLYN,,N/A,Closed,,The Department of Sanitation investigated this complaint and found no violation at the location.,02/07/2020 12:00:00 PM,06 BROOKLYN,3009620012,BROOKLYN,989690,185115,PHONE,Unspecified,BROOKLYN,,,,,,,,40.67477299516745,-73.98038832192343,"(40.67477299516745, -73.98038832192343)"
45558932,02/06/2020 09:49:00 AM,02/07/2020 12:00:00 PM,DSNY,Department of Sanitation,Dirty Conditions,E8 Canine Violation,Sidewalk,11375,102-10 66 ROAD,66 ROAD,102 STREET,103 STREET,,,ADDRESS,Forest Hills,,N/A,Closed,,The Department of Sanitation investigated this complaint and found no violation at the location.,02/07/2020 12:00:00 PM,06 QUEENS,4021330016,QUEENS,1025398,204733,ONLINE,Unspecified,QUEENS,,,,,,,,40.728525770983794,-73.85153811762774,"(40.728525770983794, -73.85153811762774)"
45561819,02/05/2020 06:53:00 PM,02/10/2020 12:00:00 PM,DSNY,Department of Sanitation,Dirty Conditions,E8 Canine Violation,Sidewalk,11354,33-17 LEAVITT STREET,LEAVITT STREET,33 AVENUE,34 AVENUE,,,ADDRESS,Flushing,,N/A,Closed,,The Department of Sanitation investigated this complaint and found no violation at the location.,02/10/2020 12:00:00 PM,07 QUEENS,4049550003,QUEENS,1031729,219020,ONLINE,Unspecified,QUEENS,,,,,,,,40.76770819928134,-73.82859507484758,"(40.76770819928134, -73.82859507484758)"
45561335,02/05/2020 05:46:00 PM,02/10/2020 12:00:00 PM,DSNY,Department of Sanitation,Dirty Conditions,E8 Canine Violation,Sidewalk,11004,82-11 263 STREET,263 STREET,82 AVENUE,83 AVENUE,,,ADDRESS,Glen Oaks,,N/A,Closed,,The Department of Sanitation investigated this complaint and found no violation at the location.,02/10/2020 12:00:00 PM,13 QUEENS,4087570036,QUEENS,1065490,209498,PHONE,Unspecified,QUEENS,,,,,,,,40.741327087721594,-73.70682955578593,"(40.741327087721594, -73.70682955578593)"
45558479,02/05/2020 05:07:00 PM,02/07/2020 12:00:00 PM,DSNY,Department of Sanitation,Dirty Conditions,E8 Canine Violation,Sidewalk,11209,232 88 STREET,88 STREET,RIDGE BOULEVARD,3 AVENUE,,,ADDRESS,BROOKLYN,,N/A,Closed,,The Department of Sanitation investigated this complaint and found no violation at the location.,02/07/2020 12:00:00 PM,10 BROOKLYN,3060610021,BROOKLYN,975036,166037,PHONE,Unspecified,BROOKLYN,,,,,,,,40.62240490071885,-74.03319121828054,"(40.62240490071885, -74.03319121828054)"
45560858,02/05/2020 04:13:00 PM,02/06/2020 12:00:00 PM,DSNY,Department of Sanitation,Dirty Conditions,E8 Canine Violation,Sidewalk,10470,4800 BARNS AVENUE,BARNS AVENUE,EAST 242 STREET,EAST 243 STREET,,,ADDRESS,BRONX,,N/A,Closed,,The Department of Sanitation investigated this complaint and found no violation at the location.,02/06/2020 12:00:00 PM,12 BRONX,2051190076,BRONX,1026417,269147,PHONE,Unspecified,BRONX,,,,,,,,40.905318993718076,-73.84745686133877,"(40.905318993718076, -73.84745686133877)"
45558480,02/05/2020 03:48:00 PM,02/11/2020 12:00:00 PM,DSNY,Department of Sanitation,Dirty Conditions,E8 Canine Violation,Sidewalk,11412,110-15 202 STREET,202 STREET,HOLLIS AVENUE,111 AVENUE,,,ADDRESS,Saint Albans,,N/A,Closed,,The Department of Sanitation investigated this complaint and found no violation at the location.,02/11/2020 12:00:00 PM,12 QUEENS,4109420138,QUEENS,1052215,196192,PHONE,Unspecified,QUEENS,,,,,,,,40.70491746477176,-73.7548690880706,"(40.70491746477176, -73.7548690880706)"
45550696,02/05/2020 01:38:00 PM,02/06/2020 12:00:00 PM,DSNY,Department of Sanitation,Dirty Conditions,E8 Canine Violation,Sidewalk,10452,15 EAST CLARKE PLACE,EAST CLARKE PLACE,JEROME AVENUE,WALTON AVENUE,,,ADDRESS,BRONX,,N/A,Closed,,The Department of Sanitation investigated this complaint and found no violation at the location.,02/06/2020 12:00:00 PM,04 BRONX,2028400038,BRONX,1006864,244631,ONLINE,Unspecified,BRONX,,,,,,,,40.83810190786086,-73.91827438644238,"(40.83810190786086, -73.91827438644238)"
45552691,02/05/2020 11:20:00 AM,02/07/2020 12:00:00 PM,DSNY,Department of Sanitation,Dirty Conditions,E8 Canine Violation,Sidewalk,11368,38-08 108 STREET,108 STREET,38 AVENUE,39 AVENUE,,,ADDRESS,Corona,,N/A,Closed,,The Department of Sanitation investigated this complaint and found no violation at the location.,02/07/2020 12:00:00 PM,03 QUEENS,4017750036,QUEENS,1023175,213338,PHONE,Unspecified,QUEENS,,,,,,,,40.75215438840386,-73.85950888820258,"(40.75215438840386, -73.85950888820258)"
45555659,02/05/2020 10:42:00 AM,02/05/2020 12:00:00 PM,DSNY,Department of Sanitation,Dirty Conditions,E8 Canine Violation,Sidewalk,11691,621 BEACH   22 STREET,BEACH   22 STREET,NEW HAVEN AVENUE,CORNAGA AVENUE,,,ADDRESS,Far Rockaway,,N/A,Closed,,The Department of Sanitation investigated this complaint and found no violation at the location.,02/05/2020 12:00:00 PM,14 QUEENS,4157520063,QUEENS,1052205,158701,PHONE,Unspecified,QUEENS,,,,,,,,40.602013342605716,-73.75528291215682,"(40.602013342605716, -73.75528291215682)"
45550717,02/05/2020 10:37:00 AM,02/06/2020 12:00:00 PM,DSNY,Department of Sanitation,Dirty Conditions,E8 Canine Violation,Sidewalk,10473,947 ELDER AVENUE,ELDER AVENUE,STORY AVENUE,BRUCKNER BOULEVARD,,,ADDRESS,BRONX,,N/A,Closed,,The Department of Sanitation investigated this complaint and found no violation at the location.,02/06/2020 12:00:00 PM,09 BRONX,2036510047,BRONX,1018078,238975,PHONE,Unspecified,BRONX,,,,,,,,40.82254198822917,-73.87777624024156,"(40.82254198822917, -73.87777624024156)"
45555658,02/05/2020 10:16:00 AM,02/06/2020 12:00:00 PM,DSNY,Department of Sanitation,Dirty Conditions,E8 Canine Violation,Sidewalk,11215,433 CARROLL STREET,CARROLL STREET,NEVINS STREET,3 AVENUE,,,ADDRESS,BROOKLYN,,N/A,Closed,,The Department of Sanitation investigated this complaint and found no violation at the location.,02/06/2020 12:00:00 PM,06 BROOKLYN,3004470059,BROOKLYN,987648,186162,PHONE,Unspecified,BROOKLYN,,,,,,,,40.67764779333199,-73.9877493833793,"(40.67764779333199, -73.9877493833793)"
45549743,02/05/2020 10:04:00 AM,02/06/2020 12:00:00 PM,DSNY,Department of Sanitation,Dirty Conditions,E8 Canine Violation,Sidewalk,11223,EAST    7 STREET,EAST    7 STREET,AVENUE S,AVENUE T,,,BLOCKFACE,BROOKLYN,,N/A,Closed,,The Department of Sanitation investigated this complaint and found no violation at the location.,02/06/2020 12:00:00 PM,15 BROOKLYN,,BROOKLYN,994036,158397,PHONE,Unspecified,BROOKLYN,,,,,,,,40.601434062156166,-73.96475936143689,"(40.601434062156166, -73.96475936143689)"
45553748,02/05/2020 09:41:00 AM,02/06/2020 12:00:00 PM,DSNY,Department of Sanitation,Dirty Conditions,E8 Canine Violation,Sidewalk,10463,2663 HEATH AVENUE,HEATH AVENUE,KINGSBRIDGE TERRACE,WEST 193 STREET,,,ADDRESS,BRONX,,N/A,Closed,,The Department of Sanitation investigated this complaint and found no violation at the location.,02/06/2020 12:00:00 PM,07 BRONX,2032390004,BRONX,1010175,256156,PHONE,Unspecified,BRONX,,,,,,,,40.86972548354874,-73.90626407394844,"(40.86972548354874, -73.90626407394844)"
45553743,02/05/2020 08:43:00 AM,02/08/2020 12:00:00 PM,DSNY,Department of Sanitation,Dirty Conditions,E8 Canine Violation,Sidewalk,,,,,,BAY STREET,BAY STREET,INTERSECTION,,,N/A,Closed,,The Department of Sanitation investigated this complaint and found no violation at the location.,02/08/2020 12:00:00 PM,0 Unspecified,,Unspecified,,,PHONE,Unspecified,Unspecified,,,,,,,,,,
45555652,02/05/2020 08:05:00 AM,02/05/2020 12:00:00 PM,DSNY,Department of Sanitation,Dirty Conditions,E8 Canine Violation,Sidewalk,11691,249 BEACH   15 STREET,BEACH   15 STREET,HEYSON ROAD,NEW HAVEN AVENUE,,,ADDRESS,Far Rockaway,,N/A,Closed,,The Department of Sanitation investigated this complaint and found no violation at the location.,02/05/2020 12:00:00 PM,14 QUEENS,4156290062,QUEENS,1053933,156887,PHONE,Unspecified,QUEENS,,,,,,,,40.597020881541596,-73.74907884692875,"(40.597020881541596, -73.74907884692875)"
45553742,02/04/2020 10:05:00 PM,02/05/2020 12:00:00 PM,DSNY,Department of Sanitation,Dirty Conditions,E8 Canine Violation,Sidewalk,,,,,,DECATUR AVENUE,DECATUR AVENUE,INTERSECTION,,,N/A,Closed,,The Department of Sanitation investigated this complaint and found no violation at the location.,02/05/2020 12:00:00 PM,07 BRONX,,BRONX,,,PHONE,Unspecified,BRONX,,,,,,,,,,
45552687,02/04/2020 08:43:00 PM,02/05/2020 12:00:00 PM,DSNY,Department of Sanitation,Dirty Conditions,E8 Canine Violation,Sidewalk,11368,33-17 110 STREET,110 STREET,NORTHERN BOULEVARD,34 AVENUE,,,ADDRESS,Corona,,N/A,Closed,,The Department of Sanitation investigated this complaint and found no violation at the location.,02/05/2020 12:00:00 PM,03 QUEENS,4017250055,QUEENS,1023224,215296,ONLINE,Unspecified,QUEENS,,,,,,,,40.757528377837765,-73.85932068454046,"(40.757528377837765, -73.85932068454046)"
45554790,02/04/2020 08:29:00 PM,02/10/2020 12:00:00 PM,DSNY,Department of Sanitation,Dirty Conditions,E8 Canine Violation,Sidewalk,11004,79-26 261 STREET,261 STREET,79 AVENUE,80 AVENUE,,,ADDRESS,Glen Oaks,,N/A,Closed,,The Department of Sanitation investigated this complaint and found no violation at the location.,02/10/2020 12:00:00 PM,13 QUEENS,4086970024,QUEENS,1064422,211283,PHONE,Unspecified,QUEENS,,,,,,,,40.74623618622938,-73.71066233808499,"(40.74623618622938, -73.71066233808499)"
45552711,02/04/2020 04:00:00 PM,02/06/2020 12:00:00 PM,DSNY,Department of Sanitation,Dirty Conditions,E8 Canine Violation,Sidewalk,10469,1002 ARNOW AVENUE,ARNOW AVENUE,PAULDING AVENUE,HONE AVENUE,,,ADDRESS,BRONX,,N/A,Closed,,The Department of Sanitation investigated this complaint and found no violation at the location.,02/06/2020 12:00:00 PM,11 BRONX,2045180033,BRONX,1023404,255444,PHONE,Unspecified,BRONX,,,,,,,,40.86772249593418,-73.85843676767995,"(40.86772249593418, -73.85843676767995)"
45544044,02/04/2020 12:24:00 PM,02/05/2020 12:00:00 PM,DSNY,Department of Sanitation,Dirty Conditions,E8 Canine Violation,Sidewalk,10031,3696 BROADWAY,BROADWAY,WEST 152 STREET,WEST 153 STREET,,,ADDRESS,NEW YORK,,N/A,Closed,,The Department of Sanitation investigated this complaint and found no violation at the location.,02/05/2020 12:00:00 PM,09 MANHATTAN,1020840061,MANHATTAN,998956,242157,PHONE,Unspecified,MANHATTAN,,,,,,,,40.831328202875966,-73.94685883012995,"(40.831328202875966, -73.94685883012995)"
45546950,02/04/2020 10:56:00 AM,02/05/2020 12:00:00 PM,DSNY,Department of Sanitation,Dirty Conditions,E8 Canine Violation,Sidewalk,11231,185 TIFFANY PLACE,TIFFANY PLACE,KANE STREET,DEGRAW STREET,,,ADDRESS,BROOKLYN,,N/A,Closed,,The Department of Sanitation investigated this complaint and found no violation at the location.,02/05/2020 12:00:00 PM,06 BROOKLYN,,BROOKLYN,983877,189127,PHONE,Unspecified,BROOKLYN,,,,,,,,40.68578668848494,-74.00134491986864,"(40.68578668848494, -74.00134491986864)"
45547956,02/04/2020 10:47:00 AM,02/05/2020 12:00:00 PM,DSNY,Department of Sanitation,Dirty Conditions,E8 Canine Violation,Sidewalk,10027,122 WEST  130 STREET,WEST  130 STREET,LENOX AVENUE,ADAM CLAYTON POWELL JR BOULEVARD,,,ADDRESS,NEW YORK,,N/A,Closed,,The Department of Sanitation investigated this complaint and found no violation at the location.,02/05/2020 12:00:00 PM,10 MANHATTAN,1019140043,MANHATTAN,999735,234864,PHONE,Unspecified,MANHATTAN,,,,,,,,40.81130965108335,-73.94406068877711,"(40.81130965108335, -73.94406068877711)"
45540814,02/04/2020 10:32:00 AM,02/06/2020 12:00:00 PM,DSNY,Department of Sanitation,Dirty Conditions,E8 Canine Violation,Sidewalk,10461,2563 MACLAY AVENUE,MACLAY AVENUE,OVERING STREET,BENSON STREET,,,ADDRESS,BRONX,,N/A,Closed,,The Department of Sanitation investigated this complaint and found no violation at the location.,02/06/2020 12:00:00 PM,10 BRONX,2040020041,BRONX,1026451,246366,ONLINE,Unspecified,BRONX,,,,,,,,40.8427920915063,-73.84747735818239,"(40.8427920915063, -73.84747735818239)"
45545038,02/04/2020 09:49:00 AM,02/05/2020 12:00:00 PM,DSNY,Department of Sanitation,Dirty Conditions,E8 Canine Violation,Sidewalk,10016,224 EAST   28 STREET,EAST   28 STREET,3 AVENUE,2 AVENUE,,,ADDRESS,NEW YORK,,N/A,Closed,,The Department of Sanitation investigated this complaint and found no violation at the location.,02/05/2020 12:00:00 PM,06 MANHATTAN,1009080017,MANHATTAN,989814,209450,ONLINE,Unspecified,MANHATTAN,,,,,,,,40.741566730493744,-73.97992118183332,"(40.741566730493744, -73.97992118183332)"
45540843,02/04/2020 09:43:00 AM,02/05/2020 12:00:00 PM,DSNY,Department of Sanitation,Dirty Conditions,E8 Canine Violation,Sidewalk,10002,215 MADISON STREET,MADISON STREET,RUTGERS STREET,JEFFERSON STREET,,,ADDRESS,NEW YORK,,N/A,Closed,,The Department of Sanitation investigated this complaint and found no violation at the location.,02/05/2020 12:00:00 PM,03 MANHATTAN,1002710041,MANHATTAN,987223,198937,ONLINE,Unspecified,MANHATTAN,,,,,,,,40.71271235686723,-73.98927597325894,"(40.71271235686723, -73.98927597325894)"
45544979,02/04/2020 09:39:00 AM,02/06/2020 12:00:00 PM,DSNY,Department of Sanitation,Dirty Conditions,E8 Canine Violation,Sidewalk,10457,681 EAST  181 STREET,EAST  181 STREET,BELMONT AVENUE,CROTONA AVENUE,,,ADDRESS,BRONX,,N/A,Closed,,The Department of Sanitation investigated this complaint and found no violation at the location.,02/06/2020 12:00:00 PM,06 BRONX,2030830068,BRONX,1015050,248682,ONLINE,Unspecified,BRONX,,,,,,,,40.84919595133612,-73.8886721043415,"(40.84919595133612, -73.8886721043415)"
45547957,02/04/2020 09:29:00 AM,02/06/2020 12:00:00 PM,DSNY,Department of Sanitation,Dirty Conditions,E8 Canine Violation,Sidewalk,10463,217 WEST  230 STREET,WEST  230 STREET,EXTERIOR STREET,GODWIN TERRACE,,,ADDRESS,BRONX,,N/A,Closed,,The Department of Sanitation investigated this complaint and found no violation at the location.,02/06/2020 12:00:00 PM,08 BRONX,2057000078,BRONX,1009956,258895,PHONE,Unspecified,BRONX,,,,,,,,40.877243833071894,-73.90704539342975,"(40.877243833071894, -73.90704539342975)"
45547997,02/04/2020 08:56:00 AM,02/05/2020 12:00:00 PM,DSNY,Department of Sanitation,Dirty Conditions,E8 Canine Violation,Sidewalk,10310,1316 CASTLETON AVENUE,CASTLETON AVENUE,CLOVE ROAD,RECTOR STREET,,,ADDRESS,STATEN ISLAND,,N/A,Closed,,The Department of Sanitation investigated this complaint and found no violation at the location.,02/05/2020 12:00:00 PM,01 STATEN ISLAND,5002150029,STATEN ISLAND,949088,170211,ONLINE,Unspecified,STATEN ISLAND,,,,,,,,40.6337966547113,-74.12668430844728,"(40.6337966547113, -74.12668430844728)"
45540835,02/03/2020 09:57:00 PM,02/04/2020 12:00:00 PM,DSNY,Department of Sanitation,Dirty Conditions,E8 Canine Violation,Sidewalk,10309,1089 SHELDON AVENUE,SHELDON AVENUE,LENEVAR AVENUE,MAGUIRE AVENUE,,,ADDRESS,STATEN ISLAND,,N/A,Closed,,The Department of Sanitation investigated this complaint and found no violation at the location.,02/04/2020 12:00:00 PM,03 STATEN ISLAND,5069660034,STATEN ISLAND,925540,135157,ONLINE,Unspecified,STATEN ISLAND,,,,,,,,40.53745591096444,-74.21122002707392,"(40.53745591096444, -74.21122002707392)"
45540815,02/03/2020 09:13:00 PM,02/04/2020 12:00:00 PM,DSNY,Department of Sanitation,Dirty Conditions,E8 Canine Violation,Sidewalk,11237,253 JEFFERSON STREET,JEFFERSON STREET,WILSON AVENUE,KNICKERBOCKER AVENUE,,,ADDRESS,BROOKLYN,,N/A,Closed,,The Department of Sanitation investigated this complaint and found no violation at the location.,02/04/2020 12:00:00 PM,04 BROOKLYN,3031650039,BROOKLYN,1004342,195416,ONLINE,Unspecified,BROOKLYN,,,,,,,,40.7030257336935,-73.92753586911533,"(40.7030257336935, -73.92753586911533)"
45546981,02/03/2020 05:51:00 PM,02/05/2020 12:00:00 PM,DSNY,Department of Sanitation,Dirty Conditions,E8 Canine Violation,Sidewalk,11435,111-49 143 STREET,143 STREET,111 AVENUE,LINDEN BOULEVARD,,,ADDRESS,Jamaica,,N/A,Closed,,The Department of Sanitation investigated this complaint and found no violation at the location.,02/05/2020 12:00:00 PM,12 QUEENS,4119590308,QUEENS,1039308,189204,PHONE,Unspecified,QUEENS,,,,,,,,40.685826799855874,-73.80147799985508,"(40.685826799855874, -73.80147799985508)"
45542005,02/03/2020 05:12:00 PM,02/04/2020 12:00:00 PM,DSNY,Department of Sanitation,Dirty Conditions,E8 Canine Violation,Sidewalk,,,,,,BRONXWOOD AVENUE,BRONXWOOD AVENUE,INTERSECTION,,,N/A,Closed,,The Department of Sanitation investigated this complaint and found no violation at the location.,02/04/2020 12:00:00 PM,12 BRONX,,BRONX,,,PHONE,Unspecified,BRONX,,,,,,,,,,
45542950,02/03/2020 03:55:00 PM,02/06/2020 12:00:00 PM,DSNY,Department of Sanitation,Dirty Conditions,E8 Canine Violation,Sidewalk,11217,180 6 AVENUE,6 AVENUE,LINCOLN PLACE,BERKELEY PLACE,,,ADDRESS,BROOKLYN,,N/A,Closed,,The Department of Sanitation investigated this complaint and found no violation at the location.,02/06/2020 12:00:00 PM,06 BROOKLYN,3009500024,BROOKLYN,990528,185686,ONLINE,Unspecified,BROOKLYN,,,,,,,,40.676339706836,-73.9773667265298,"(40.676339706836, -73.9773667265298)"
45540828,02/03/2020 03:38:00 PM,02/05/2020 12:00:00 PM,DSNY,Department of Sanitation,Dirty Conditions,E8 Canine Violation,Sidewalk,10025,108 WEST  107 STREET,WEST  107 STREET,COLUMBUS AVENUE,AMSTERDAM AVENUE,,,ADDRESS,NEW YORK,,N/A,Closed,,The Department of Sanitation investigated this complaint and found no violation at the location.,02/05/2020 12:00:00 PM,07 MANHATTAN,1018610040,MANHATTAN,994503,230798,ONLINE,Unspecified,MANHATTAN,,,,,,,,40.80015722380625,-73.96296741069735,"(40.80015722380625, -73.96296741069735)"
45537777,02/03/2020 01:17:00 PM,02/04/2020 12:00:00 PM,DSNY,Department of Sanitation,Dirty Conditions,E8 Canine Violation,Sidewalk,11219,1402 58 STREET,58 STREET,14 AVENUE,15 AVENUE,,,ADDRESS,BROOKLYN,,N/A,Closed,,The Department of Sanitation investigated this complaint and found no violation at the location.,02/04/2020 12:00:00 PM,12 BROOKLYN,3057060005,BROOKLYN,985692,168230,ONLINE,Unspecified,BROOKLYN,,,,,,,,40.628428899798855,-73.9948050731837,"(40.628428899798855, -73.9948050731837)"
45539741,02/03/2020 01:14:00 PM,02/04/2020 12:00:00 PM,DSNY,Department of Sanitation,Dirty Conditions,E8 Canine Violation,Sidewalk,10465,4110 THROGGS NECK EXPRESSWAY,THROGGS NECK EXPRESSWAY,MEAGHER AVENUE,LAWTON AVENUE,,,ADDRESS,BRONX,,N/A,Closed,,The Department of Sanitation investigated this complaint and found no violation at the location.,02/04/2020 12:00:00 PM,10 BRONX,2054997501,BRONX,1036695,237640,PHONE,Unspecified,BRONX,,,,,,,,40.8187868824819,-73.81052186652884,"(40.8187868824819, -73.81052186652884)"
45535750,02/03/2020 11:55:00 AM,02/04/2020 12:00:00 PM,DSNY,Department of Sanitation,Dirty Conditions,E8 Canine Violation,Sidewalk,10467,3055 PERRY AVENUE,PERRY AVENUE,EAST MOSHOLU PARKWAY NORTH,EAST 204 STREET,,,ADDRESS,BRONX,,N/A,Closed,,The Department of Sanitation investigated this complaint and found no violation at the location.,02/04/2020 12:00:00 PM,07 BRONX,2033340045,BRONX,1017486,257161,ONLINE,Unspecified,BRONX,,,,,,,,40.87245939790531,-73.87982504483965,"(40.87245939790531, -73.87982504483965)"
45532096,02/03/2020 11:27:00 AM,02/05/2020 12:00:00 PM,DSNY,Department of Sanitation,Dirty Conditions,E8 Canine Violation,Sidewalk,,,,,,2 AVENUE,2 AVENUE,INTERSECTION,,,N/A,Closed,,The Department of Sanitation investigated this complaint and found no violation at the location.,02/05/2020 12:00:00 PM,08 MANHATTAN,,MANHATTAN,,,PHONE,Unspecified,MANHATTAN,,,,,,,,,,
45532712,02/03/2020 11:07:00 AM,02/05/2020 12:00:00 PM,DSNY,Department of Sanitation,Dirty Conditions,E8 Canine Violation,Sidewalk,11377,72-21 48 AVENUE,48 AVENUE,72 STREET,73 STREET,,,ADDRESS,Woodside,,N/A,Closed,,The Department of Sanitation investigated this complaint and found no violation at the location.,02/05/2020 12:00:00 PM,02 QUEENS,4024470046,QUEENS,1014221,208268,ONLINE,Unspecified,QUEENS,,,,,,,,40.738273401784035,-73.89184891047539,"(40.738273401784035, -73.89184891047539)"
45539737,02/03/2020 11:03:00 AM,02/04/2020 12:00:00 PM,DSNY,Department of Sanitation,Dirty Conditions,E8 Canine Violation,Sidewalk,,,,,,CASTLETON AVENUE,CASTLETON AVENUE,INTERSECTION,,,N/A,Closed,,The Department of Sanitation investigated this complaint and found no violation at the location.,02/04/2020 12:00:00 PM,0 Unspecified,,Unspecified,,,PHONE,Unspecified,Unspecified,,,,,,,,,,
45537575,02/03/2020 10:56:00 AM,02/05/2020 12:00:00 PM,DSNY,Department of Sanitation,Dirty Conditions,E8 Canine Violation,Sidewalk,,,,,,BURKE AVENUE,BURKE AVENUE,INTERSECTION,,,N/A,Closed,,The Department of Sanitation investigated this complaint and found no violation at the location.,02/05/2020 12:00:00 PM,12 BRONX,,BRONX,,,PHONE,Unspecified,BRONX,,,,,,,,,,
45533646,02/03/2020 10:22:00 AM,02/04/2020 12:00:00 PM,DSNY,Department of Sanitation,Dirty Conditions,E8 Canine Violation,Sidewalk,11204,2382 60 STREET,60 STREET,DAHILL ROAD,24 AVENUE,,,ADDRESS,BROOKLYN,,N/A,Closed,,The Department of Sanitation investigated this complaint and found no violation at the location.,02/04/2020 12:00:00 PM,12 BROOKLYN,3065820013,BROOKLYN,991407,163030,PHONE,Unspecified,BROOKLYN,,,,,,,,40.61415321109385,-73.97422181650148,"(40.61415321109385, -73.97422181650148)"
45537583,02/03/2020 09:48:00 AM,02/10/2020 12:00:00 PM,DSNY,Department of Sanitation,Dirty Conditions,E8 Canine Violation,Sidewalk,11361,209-26 45 DRIVE,45 DRIVE,OCEANIA STREET,211 STREET,,,ADDRESS,Bayside,,N/A,Closed,,The Department of Sanitation investigated this complaint and found no violation at the location.,02/10/2020 12:00:00 PM,11 QUEENS,4073110015,QUEENS,1047091,215426,ONLINE,Unspecified,QUEENS,,,,,,,,40.75774777475484,-73.77317021448292,"(40.75774777475484, -73.77317021448292)"
45535638,02/03/2020 09:19:00 AM,02/04/2020 12:00:00 PM,DSNY,Department of Sanitation,Dirty Conditions,E8 Canine Violation,Sidewalk,11211,381 HOOPER STREET,HOOPER STREET,SOUTH 2 STREET,SOUTH 1 STREET,,,ADDRESS,BROOKLYN,,N/A,Closed,,The Department of Sanitation investigated this complaint and found no violation at the location.,02/04/2020 12:00:00 PM,01 BROOKLYN,3024120019,BROOKLYN,997514,197972,ONLINE,Unspecified,BROOKLYN,,,,,,,,40.710054218660744,-73.95215680286158,"(40.710054218660744, -73.95215680286158)"
45532448,02/03/2020 06:42:00 AM,02/04/2020 12:00:00 PM,DSNY,Department of Sanitation,Dirty Conditions,E8 Canine Violation,Sidewalk,10036,647 WEST   42 STREET,WEST   42 STREET,11 AVENUE,12 AVENUE,,,ADDRESS,NEW YORK,,N/A,Closed,,The Department of Sanitation investigated this complaint and found no violation at the location.,02/04/2020 12:00:00 PM,04 MANHATTAN,1010900010,MANHATTAN,984251,216726,ONLINE,Unspecified,MANHATTAN,,,,,,,,40.76153926033249,-73.99999639021588,"(40.76153926033249, -73.99999639021588)"
45535644,02/03/2020 06:40:00 AM,02/04/2020 12:00:00 PM,DSNY,Department of Sanitation,Dirty Conditions,E8 Canine Violation,Sidewalk,10036,565 11 AVENUE,11 AVENUE,WEST 42 STREET,WEST 43 STREET,,,ADDRESS,NEW YORK,,N/A,Closed,,The Department of Sanitation investigated this complaint and found no violation at the location.,02/04/2020 12:00:00 PM,04 MANHATTAN,1010907502,MANHATTAN,984810,216638,ONLINE,Unspecified,MANHATTAN,,,,,,,,40.761297705202004,-73.99797852822137,"(40.761297705202004, -73.99797852822137)"
45537005,02/03/2020 06:37:00 AM,02/04/2020 12:00:00 PM,DSNY,Department of Sanitation,Dirty Conditions,E8 Canine Violation,Sidewalk,10036,635 WEST   42 STREET,WEST   42 STREET,11 AVENUE,12 AVENUE,,,ADDRESS,NEW YORK,,N/A,Closed,,The Department of Sanitation investigated this complaint and found no violation at the location.,02/04/2020 12:00:00 PM,04 MANHATTAN,1010907501,MANHATTAN,984301,216698,ONLINE,Unspecified,MANHATTAN,,,,,,,,40.76146240737877,-73.99981590122208,"(40.76146240737877, -73.99981590122208)"
45533756,02/03/2020 06:34:00 AM,02/04/2020 12:00:00 PM,DSNY,Department of Sanitation,Dirty Conditions,E8 Canine Violation,Sidewalk,10036,605 WEST   42 STREET,WEST   42 STREET,11 AVENUE,12 AVENUE,,,ADDRESS,NEW YORK,,N/A,Closed,,The Department of Sanitation investigated this complaint and found no violation at the location.,02/04/2020 12:00:00 PM,04 MANHATTAN,1010907502,MANHATTAN,984633,216515,ONLINE,Unspecified,MANHATTAN,,,,,,,,40.76096011122231,-73.99861746470174,"(40.76096011122231, -73.99861746470174)"
45532457,02/02/2020 09:18:00 PM,02/04/2020 12:00:00 PM,DSNY,Department of Sanitation,Dirty Conditions,E8 Canine Violation,Sidewalk,10017,45 TUDOR CITY PLACE,TUDOR CITY PLACE,EAST 42 STREET,EAST 43 STREET,,,ADDRESS,NEW YORK,,N/A,Closed,,The Department of Sanitation investigated this complaint and found no violation at the location.,02/04/2020 12:00:00 PM,06 MANHATTAN,1013350022,MANHATTAN,992470,212221,ONLINE,Unspecified,MANHATTAN,,,,,,,,40.7491703610626,-73.97033308317758,"(40.7491703610626, -73.97033308317758)"
45534405,02/02/2020 08:17:00 PM,02/04/2020 12:00:00 PM,DSNY,Department of Sanitation,Dirty Conditions,E8 Canine Violation,Sidewalk,,,,,,EAST TREMONT AVENUE,EAST TREMONT AVENUE,INTERSECTION,,,N/A,Closed,,The Department of Sanitation investigated this complaint and found no violation at the location.,02/04/2020 12:00:00 PM,05 BRONX,,BRONX,,,PHONE,Unspecified,BRONX,,,,,,,,,,
45537582,02/02/2020 07:28:00 PM,02/03/2020 12:00:00 PM,DSNY,Department of Sanitation,Dirty Conditions,E8 Canine Violation,Sidewalk,11215,177 13 STREET,13 STREET,3 AVENUE,4 AVENUE,,,ADDRESS,BROOKLYN,,N/A,Closed,,The Department of Sanitation investigated this complaint and found no violation at the location.,02/03/2020 12:00:00 PM,06 BROOKLYN,3010270059,BROOKLYN,986497,182838,ONLINE,Unspecified,BROOKLYN,,,,,,,,40.668524526600976,-73.99190012646119,"(40.668524526600976, -73.99190012646119)"
45533755,02/02/2020 06:17:00 PM,02/04/2020 12:00:00 PM,DSNY,Department of Sanitation,Dirty Conditions,E8 Canine Violation,Sidewalk,10461,2860 BUHRE AVENUE,BUHRE AVENUE,MAYFLOWER AVENUE,PILGRIM AVENUE,,,ADDRESS,BRONX,,N/A,Closed,,The Department of Sanitation investigated this complaint and found no violation at the location.,02/04/2020 12:00:00 PM,10 BRONX,2041620032,BRONX,1030233,248017,ONLINE,Unspecified,BRONX,,,,,,,,40.847304709563886,-73.83379718271301,"(40.847304709563886, -73.83379718271301)"
45527469,02/02/2020 11:35:00 AM,02/04/2020 12:00:00 PM,DSNY,Department of Sanitation,Dirty Conditions,E8 Canine Violation,Sidewalk,10027,346 WEST  122 STREET,WEST  122 STREET,MANHATTAN AVENUE,MORNINGSIDE AVENUE,,,ADDRESS,NEW YORK,,N/A,Closed,,The Department of Sanitation investigated this complaint and found no violation at the location.,02/04/2020 12:00:00 PM,10 MANHATTAN,1019480155,MANHATTAN,996846,234033,PHONE,Unspecified,MANHATTAN,,,,,,,,40.809033378405275,-73.95449871164209,"(40.809033378405275, -73.95449871164209)"
45529303,02/02/2020 10:16:00 AM,02/04/2020 12:00:00 PM,DSNY,Department of Sanitation,Dirty Conditions,E8 Canine Violation,Sidewalk,,,,,,42 STREET,42 STREET,INTERSECTION,,,N/A,Closed,,The Department of Sanitation investigated this complaint and found no violation at the location.,02/04/2020 12:00:00 PM,02 QUEENS,,QUEENS,,,PHONE,Unspecified,QUEENS,,,,,,,,,,
45528821,02/02/2020 09:16:00 AM,02/10/2020 12:00:00 PM,DSNY,Department of Sanitation,Dirty Conditions,E8 Canine Violation,Sidewalk,11367,150-10 79 AVENUE,79 AVENUE,150 STREET,152 STREET,,,ADDRESS,Flushing,,N/A,Closed,,The Department of Sanitation investigated this complaint and found no violation at the location.,02/10/2020 12:00:00 PM,08 QUEENS,4067120032,QUEENS,1036032,201651,ONLINE,Unspecified,QUEENS,,,,,,,,40.72001058735518,-73.81319448988633,"(40.72001058735518, -73.81319448988633)"
45530230,02/01/2020 05:57:00 PM,02/05/2020 12:00:00 PM,DSNY,Department of Sanitation,Dirty Conditions,E8 Canine Violation,Sidewalk,,,,,,BEACH 100 STREET,BEACH 100 STREET,INTERSECTION,,,N/A,Closed,,The Department of Sanitation investigated this complaint and found no violation at the location.,02/05/2020 12:00:00 PM,14 QUEENS,,QUEENS,,,PHONE,Unspecified,QUEENS,,,,,,,,,,
45527879,02/01/2020 04:59:00 PM,02/03/2020 12:00:00 PM,DSNY,Department of Sanitation,Dirty Conditions,E8 Canine Violation,Sidewalk,11231,29 TIFFANY PLACE,TIFFANY PLACE,KANE STREET,DEGRAW STREET,,,ADDRESS,BROOKLYN,,N/A,Closed,,The Department of Sanitation investigated this complaint and found no violation at the location.,02/03/2020 12:00:00 PM,06 BROOKLYN,3003207503,BROOKLYN,984035,189557,PHONE,Unspecified,BROOKLYN,,,,,,,,40.68696694528379,-74.00077523562966,"(40.68696694528379, -74.00077523562966)"
45529304,02/01/2020 02:47:00 PM,02/03/2020 12:00:00 PM,DSNY,Department of Sanitation,Dirty Conditions,E8 Canine Violation,Sidewalk,,,,,,PRINCE STREET,PRINCE STREET,INTERSECTION,,,N/A,Closed,,The Department of Sanitation investigated this complaint and found no violation at the location.,02/03/2020 12:00:00 PM,02 BROOKLYN,,BROOKLYN,,,PHONE,Unspecified,BROOKLYN,,,,,,,,,,
45528833,02/01/2020 02:45:00 PM,02/03/2020 12:00:00 PM,DSNY,Department of Sanitation,Dirty Conditions,E8 Canine Violation,Sidewalk,11204,1779 66 STREET,66 STREET,17 AVENUE,18 AVENUE,,,ADDRESS,BROOKLYN,,N/A,Closed,,The Department of Sanitation investigated this complaint and found no violation at the location.,02/03/2020 12:00:00 PM,11 BROOKLYN,3055530049,BROOKLYN,986620,164771,ONLINE,Unspecified,BROOKLYN,,,,,,,,40.61893446889473,-73.99146308924308,"(40.61893446889473, -73.99146308924308)"
45524646,02/01/2020 01:40:00 PM,02/03/2020 12:00:00 PM,DSNY,Department of Sanitation,Dirty Conditions,E8 Canine Violation,Sidewalk,11208,526 SHEPHARD AVENUE,SHEPHARD AVENUE,SUTTER AVENUE,BLAKE AVENUE,,,ADDRESS,BROOKLYN,,N/A,Closed,,The Department of Sanitation investigated this complaint and found no violation at the location.,02/03/2020 12:00:00 PM,05 BROOKLYN,,BROOKLYN,1017507,183868,PHONE,Unspecified,BROOKLYN,,,,,,,,40.6712894652403,-73.88011181791083,"(40.6712894652403, -73.88011181791083)"
45525364,02/01/2020 01:26:00 PM,02/04/2020 12:00:00 PM,DSNY,Department of Sanitation,Dirty Conditions,E8 Canine Violation,Sidewalk,10452,54 FEATHERBED LANE,FEATHERBED LANE,BEND,BEND,,,ADDRESS,BRONX,,N/A,Closed,,The Department of Sanitation investigated this complaint and found no violation at the location.,02/04/2020 12:00:00 PM,05 BRONX,2028650103,BRONX,1007462,247388,ONLINE,Unspecified,BRONX,,,,,,,,40.84566751269749,-73.91610370963573,"(40.84566751269749, -73.91610370963573)"
45523826,02/01/2020 01:11:00 PM,02/04/2020 12:00:00 PM,DSNY,Department of Sanitation,Dirty Conditions,E8 Canine Violation,Sidewalk,10469,3124 SEYMOUR AVENUE,SEYMOUR AVENUE,BEND,BURKE AVENUE,,,ADDRESS,BRONX,,N/A,Closed,,The Department of Sanitation investigated this complaint and found no violation at the location.,02/04/2020 12:00:00 PM,12 BRONX,2047600041,BRONX,1026764,256684,ONLINE,Unspecified,BRONX,,,,,,,,40.871110368974776,-73.84628067725166,"(40.871110368974776, -73.84628067725166)"
45526788,02/01/2020 10:46:00 AM,02/05/2020 12:00:00 PM,DSNY,Department of Sanitation,Dirty Conditions,E8 Canine Violation,Sidewalk,11420,111-36 123 STREET,123 STREET,111 AVENUE,LINDEN BOULEVARD,,,ADDRESS,South Ozone Park,,N/A,Closed,,The Department of Sanitation investigated this complaint and found no violation at the location.,02/05/2020 12:00:00 PM,10 QUEENS,4116270026,QUEENS,1034818,187516,PHONE,Unspecified,QUEENS,,,,,,,,40.68122042585675,-73.81768016047643,"(40.68122042585675, -73.81768016047643)"
45522568,01/31/2020 08:47:00 PM,02/01/2020 12:00:00 PM,DSNY,Department of Sanitation,Dirty Conditions,E8 Canine Violation,Sidewalk,,,,,,EAST 179 STREET,EAST 179 STREET,INTERSECTION,,,N/A,Closed,,The Department of Sanitation investigated this complaint and found no violation at the location.,02/01/2020 12:00:00 PM,05 BRONX,,BRONX,,,PHONE,Unspecified,BRONX,,,,,,,,,,
45522569,01/31/2020 05:02:00 PM,02/01/2020 12:00:00 PM,DSNY,Department of Sanitation,Dirty Conditions,E8 Canine Violation,Sidewalk,,,,,,AMUNDSON AVENUE,AMUNDSON AVENUE,INTERSECTION,,,N/A,Closed,,The Department of Sanitation investigated this complaint and found no violation at the location.,02/01/2020 12:00:00 PM,12 BRONX,,BRONX,,,PHONE,Unspecified,BRONX,,,,,,,,,,
45514887,01/31/2020 12:10:00 PM,01/31/2020 12:10:00 PM,DSNY,Department of Sanitation,Dirty Conditions,E8 Canine Violation,Sidewalk,11221,706 QUINCY STREET,QUINCY STREET,STUYVESANT AVENUE,MALCOLM X BOULEVARD,,,ADDRESS,BROOKLYN,,N/A,Closed,,"The Department of Sanitation has investigated the complaint and addressed the issue. If the problem persists, call 311 to enter a new complaint. If you are outside of New York City, please call (212) NEW-YORK (212-639-9675).",01/31/2020 12:10:00 PM,03 BROOKLYN,3016310001,BROOKLYN,1003078,190336,PHONE,Unspecified,BROOKLYN,,,,,,,,40.689085097689826,-73.93210882992975,"(40.689085097689826, -73.93210882992975)"
45513880,01/31/2020 11:56:00 AM,01/31/2020 12:00:00 PM,DSNY,Department of Sanitation,Dirty Conditions,E8 Canine Violation,Sidewalk,,,,,,AVENUE N,AVENUE N,INTERSECTION,,,N/A,Closed,,The Department of Sanitation investigated this complaint and found no violation at the location.,01/31/2020 12:00:00 PM,14 BROOKLYN,,BROOKLYN,,,PHONE,Unspecified,BROOKLYN,,,,,,,,,,
45517918,01/31/2020 10:58:00 AM,02/10/2020 12:00:00 PM,DSNY,Department of Sanitation,Dirty Conditions,E8 Canine Violation,Sidewalk,,,,,,HILLSIDE AVENUE,HILLSIDE AVENUE,INTERSECTION,,,N/A,Closed,,The Department of Sanitation investigated this complaint and found no violation at the location.,02/10/2020 12:00:00 PM,12 MANHATTAN,,MANHATTAN,,,PHONE,Unspecified,MANHATTAN,,,,,,,,,,
45520794,01/31/2020 09:20:00 AM,01/31/2020 12:00:00 PM,DSNY,Department of Sanitation,Dirty Conditions,E8 Canine Violation,Sidewalk,11423,88-59 192 STREET,192 STREET,HILLSIDE AVENUE,90 AVENUE,,,ADDRESS,Hollis,,N/A,Closed,,The Department of Sanitation investigated this complaint and found no violation at the location.,01/31/2020 12:00:00 PM,12 QUEENS,4104570073,QUEENS,1048062,200180,PHONE,Unspecified,QUEENS,,,,,,,,40.715894464477195,-73.76980993897402,"(40.715894464477195, -73.76980993897402)"
45514838,01/31/2020 12:59:00 AM,01/31/2020 12:00:00 PM,DSNY,Department of Sanitation,Dirty Conditions,E8 Canine Violation,Sidewalk,11225,160 FENIMORE STREET,FENIMORE STREET,FLATBUSH AVENUE,BEDFORD AVENUE,,,ADDRESS,BROOKLYN,,N/A,Closed,,The Department of Sanitation investigated this complaint and found no violation at the location.,01/31/2020 12:00:00 PM,09 BROOKLYN,3050420050,BROOKLYN,996043,179096,ONLINE,Unspecified,BROOKLYN,,,,,,,,40.65824599685546,-73.95749573012236,"(40.65824599685546, -73.95749573012236)"
45506864,01/30/2020 01:30:00 PM,01/31/2020 12:00:00 PM,DSNY,Department of Sanitation,Dirty Conditions,E8 Canine Violation,Sidewalk,,,,,,CENTRAL PARK WEST,CENTRAL PARK WEST,INTERSECTION,,,N/A,Closed,,The Department of Sanitation investigated this complaint and found no violation at the location.,01/31/2020 12:00:00 PM,07 MANHATTAN,,MANHATTAN,,,PHONE,Unspecified,MANHATTAN,,,,,,,,,,
45510781,01/30/2020 11:23:00 AM,01/30/2020 12:00:00 PM,DSNY,Department of Sanitation,Dirty Conditions,E8 Canine Violation,Sidewalk,11420,133-35 117 STREET,117 STREET,133 AVENUE,135 AVENUE,,,ADDRESS,South Ozone Park,,N/A,Closed,,The Department of Sanitation investigated this complaint and found no violation at the location.,01/30/2020 12:00:00 PM,10 QUEENS,4117380015,QUEENS,1033555,184293,ONLINE,Unspecified,QUEENS,,,,,,,,40.67238116177167,-73.82225739593196,"(40.67238116177167, -73.82225739593196)"
45505277,01/30/2020 10:38:00 AM,01/30/2020 12:00:00 PM,DSNY,Department of Sanitation,Dirty Conditions,E8 Canine Violation,Sidewalk,11233,503 DECATUR STREET,DECATUR STREET,PATCHEN AVENUE,RALPH AVENUE,,,ADDRESS,BROOKLYN,,N/A,Closed,,The Department of Sanitation investigated this complaint and found no violation at the location.,01/30/2020 12:00:00 PM,03 BROOKLYN,3016780064,BROOKLYN,1005455,187971,PHONE,Unspecified,BROOKLYN,,,,,,,,40.68258834041369,-73.92354514313982,"(40.68258834041369, -73.92354514313982)"
45510778,01/29/2020 10:46:00 PM,01/30/2020 12:00:00 PM,DSNY,Department of Sanitation,Dirty Conditions,E8 Canine Violation,Sidewalk,11203,900 LENOX ROAD,LENOX ROAD,EAST 54 STREET,EAST 55 STREET,,,ADDRESS,BROOKLYN,,N/A,Closed,,The Department of Sanitation investigated this complaint and found no violation at the location.,01/30/2020 12:00:00 PM,17 BROOKLYN,3046607501,BROOKLYN,1004740,178142,PHONE,Unspecified,BROOKLYN,,,,,,,,40.65561162297795,-73.92615295787674,"(40.65561162297795, -73.92615295787674)"
45511499,01/29/2020 04:00:00 PM,01/31/2020 12:00:00 PM,DSNY,Department of Sanitation,Dirty Conditions,E8 Canine Violation,Sidewalk,11211,995 METROPOLITAN AVENUE,METROPOLITAN AVENUE,CATHERINE STREET,MORGAN AVENUE,,,ADDRESS,BROOKLYN,,N/A,Closed,,The Department of Sanitation investigated this complaint and found no violation at the location.,01/31/2020 12:00:00 PM,01 BROOKLYN,3029130045,BROOKLYN,1001929,199596,PHONE,Unspecified,BROOKLYN,,,,,,,,40.714503990769316,-73.93622765516089,"(40.714503990769316, -73.93622765516089)"
45510031,01/29/2020 02:14:00 PM,01/30/2020 12:00:00 PM,DSNY,Department of Sanitation,Dirty Conditions,E8 Canine Violation,Sidewalk,,,,,,HUXLEY AVENUE,HUXLEY AVENUE,INTERSECTION,,,N/A,Closed,,"The Department of Sanitation has investigated the complaint and addressed the issue. If the problem persists, call 311 to enter a new complaint. If you are outside of New York City, please call (212) NEW-YORK (212-639-9675).",01/30/2020 12:00:00 PM,08 BRONX,,BRONX,,,PHONE,Unspecified,BRONX,,,,,,,,,,
45498852,01/29/2020 12:30:00 PM,01/29/2020 12:30:00 PM,DSNY,Department of Sanitation,Dirty Conditions,E8 Canine Violation,Sidewalk,11377,47-51 44 STREET,44 STREET,47 AVENUE,48 AVENUE,,,ADDRESS,Woodside,,N/A,Closed,,The Department of Sanitation investigated this complaint and found no violation at the location.,01/29/2020 12:30:00 PM,02 QUEENS,4001710005,QUEENS,1006106,209045,PHONE,Unspecified,QUEENS,,,,,,,,40.74042985008189,-73.92112954400392,"(40.74042985008189, -73.92112954400392)"
45498862,01/29/2020 12:24:00 PM,02/01/2020 12:00:00 PM,DSNY,Department of Sanitation,Dirty Conditions,E8 Canine Violation,Sidewalk,10457,1980 BATHGATE AVENUE,BATHGATE AVENUE,EAST 178 STREET,EAST 179 STREET,,,ADDRESS,BRONX,,N/A,Closed,,The Department of Sanitation investigated this complaint and found no violation at the location.,02/01/2020 12:00:00 PM,06 BRONX,2030440058,BRONX,1012972,248457,PHONE,Unspecified,BRONX,,,,,,,,40.84858539730911,-73.89618407931808,"(40.84858539730911, -73.89618407931808)"
45497078,01/29/2020 08:12:00 AM,01/29/2020 12:00:00 PM,DSNY,Department of Sanitation,Dirty Conditions,E8 Canine Violation,Sidewalk,11428,92-02 215 PLACE,215 PLACE,92 AVENUE,92 ROAD,,,ADDRESS,Queens Village,,N/A,Closed,,The Department of Sanitation investigated this complaint and found no violation at the location.,01/29/2020 12:00:00 PM,13 QUEENS,4106310001,QUEENS,1055381,202309,PHONE,Unspecified,QUEENS,,,,,,,,40.72168221512081,-73.74338563673689,"(40.72168221512081, -73.74338563673689)"
45498097,01/28/2020 08:27:00 PM,01/29/2020 12:00:00 PM,DSNY,Department of Sanitation,Dirty Conditions,E8 Canine Violation,Sidewalk,11378,73-20 58 AVENUE,58 AVENUE,73 PLACE,74 STREET,,,ADDRESS,Maspeth,,N/A,Closed,,The Department of Sanitation investigated this complaint and found no violation at the location.,01/29/2020 12:00:00 PM,05 QUEENS,4028190109,QUEENS,1015330,203853,PHONE,Unspecified,QUEENS,,,,,,,,40.72615149269326,-73.88786745498946,"(40.72615149269326, -73.88786745498946)"
45498098,01/28/2020 07:05:00 PM,02/03/2020 12:00:00 PM,DSNY,Department of Sanitation,Dirty Conditions,E8 Canine Violation,Sidewalk,,,,,,BUSHWICK AVENUE,BUSHWICK AVENUE,INTERSECTION,,,N/A,Closed,,The Department of Sanitation investigated this complaint and found no violation at the location.,02/03/2020 12:00:00 PM,04 BROOKLYN,,BROOKLYN,,,PHONE,Unspecified,BROOKLYN,,,,,,,,,,
45502961,01/28/2020 04:56:00 PM,01/30/2020 12:00:00 PM,DSNY,Department of Sanitation,Dirty Conditions,E8 Canine Violation,Sidewalk,10312,35 OCEAN VIEW AVENUE,OCEAN VIEW AVENUE,3 COURT,4 COURT,,,ADDRESS,STATEN ISLAND,,N/A,Closed,,The Department of Sanitation investigated this complaint and found no violation at the location.,01/30/2020 12:00:00 PM,03 STATEN ISLAND,5063990020,STATEN ISLAND,937521,130846,PHONE,Unspecified,STATEN ISLAND,,,,,,,,40.52569424525041,-74.16808653388252,"(40.52569424525041, -74.16808653388252)"
45500874,01/28/2020 02:08:00 PM,01/29/2020 12:00:00 PM,DSNY,Department of Sanitation,Dirty Conditions,E8 Canine Violation,Sidewalk,11378,64-69 59 AVENUE,59 AVENUE,BEND,66 STREET,,,ADDRESS,Maspeth,,N/A,Closed,,The Department of Sanitation investigated this complaint and found no violation at the location.,01/29/2020 12:00:00 PM,05 QUEENS,4027530287,QUEENS,1012292,201735,ONLINE,Unspecified,QUEENS,,,,,,,,40.720348251763056,-73.89883697329999,"(40.720348251763056, -73.89883697329999)"
45494111,01/28/2020 12:09:00 PM,01/29/2020 12:00:00 PM,DSNY,Department of Sanitation,Dirty Conditions,E8 Canine Violation,Sidewalk,11420,133-47 117 STREET,117 STREET,133 AVENUE,135 AVENUE,,,ADDRESS,South Ozone Park,,N/A,Closed,,The Department of Sanitation investigated this complaint and found no violation at the location.,01/29/2020 12:00:00 PM,10 QUEENS,4117380009,QUEENS,1033554,184288,PHONE,Unspecified,QUEENS,,,,,,,,40.67236744349057,-73.82226103745623,"(40.67236744349057, -73.82226103745623)"
45488849,01/28/2020 11:06:00 AM,01/30/2020 12:00:00 PM,DSNY,Department of Sanitation,Dirty Conditions,E8 Canine Violation,Sidewalk,11205,105 GRAND AVENUE,GRAND AVENUE,PARK AVENUE,MYRTLE AVENUE,,,ADDRESS,BROOKLYN,,N/A,Closed,,The Department of Sanitation investigated this complaint and found no violation at the location.,01/30/2020 12:00:00 PM,02 BROOKLYN,3018930002,BROOKLYN,994193,192170,ONLINE,Unspecified,BROOKLYN,,,,,,,,40.69413344540047,-73.96414420184784,"(40.69413344540047, -73.96414420184784)"
45490945,01/27/2020 11:22:00 PM,01/28/2020 12:00:00 PM,DSNY,Department of Sanitation,Dirty Conditions,E8 Canine Violation,Sidewalk,11433,110-42 157 STREET,157 STREET,110 AVENUE,111 AVENUE,,,ADDRESS,Jamaica,,N/A,Closed,,The Department of Sanitation investigated this complaint and found no violation at the location.,01/28/2020 12:00:00 PM,12 QUEENS,4121600040,QUEENS,1041745,191048,PHONE,Unspecified,QUEENS,,,,,,,,40.690872647447144,-73.7926752324421,"(40.690872647447144, -73.7926752324421)"
45495213,01/27/2020 04:42:00 PM,01/28/2020 12:00:00 PM,DSNY,Department of Sanitation,Dirty Conditions,E8 Canine Violation,Sidewalk,11105,23-35 29 STREET,29 STREET,23 AVENUE,23 ROAD,,,ADDRESS,Astoria,,N/A,Closed,,The Department of Sanitation investigated this complaint and found no violation at the location.,01/28/2020 12:00:00 PM,01 QUEENS,,QUEENS,1007873,221404,ONLINE,Unspecified,QUEENS,,,,,,,,40.77434759053408,-73.91470965471805,"(40.77434759053408, -73.91470965471805)"
45488884,01/27/2020 03:44:00 PM,01/28/2020 12:00:00 PM,DSNY,Department of Sanitation,Dirty Conditions,E8 Canine Violation,Sidewalk,11215,421 14 STREET,14 STREET,7 AVENUE,8 AVENUE,,,ADDRESS,BROOKLYN,,N/A,Closed,,The Department of Sanitation investigated this complaint and found no violation at the location.,01/28/2020 12:00:00 PM,06 BROOKLYN,3011000060,BROOKLYN,989112,180867,ONLINE,Unspecified,BROOKLYN,,,,,,,,40.66311351962791,-73.98247512649165,"(40.66311351962791, -73.98247512649165)"
45483033,01/27/2020 01:49:00 PM,01/28/2020 12:00:00 PM,DSNY,Department of Sanitation,Dirty Conditions,E8 Canine Violation,Sidewalk,10029,28 EAST  105 STREET,EAST  105 STREET,5 AVENUE,MADISON AVENUE,,,ADDRESS,NEW YORK,,N/A,Closed,,The Department of Sanitation investigated this complaint and found no violation at the location.,01/28/2020 12:00:00 PM,11 MANHATTAN,1016100059,MANHATTAN,997800,228327,ONLINE,Unspecified,MANHATTAN,,,,,,,,40.79337056029787,-73.95106403566768,"(40.79337056029787, -73.95106403566768)"
45486711,01/27/2020 01:43:00 PM,01/28/2020 12:00:00 PM,DSNY,Department of Sanitation,Dirty Conditions,E8 Canine Violation,Sidewalk,10029,20 EAST  105 STREET,EAST  105 STREET,5 AVENUE,MADISON AVENUE,,,ADDRESS,NEW YORK,,N/A,Closed,,The Department of Sanitation investigated this complaint and found no violation at the location.,01/28/2020 12:00:00 PM,11 MANHATTAN,1016100062,MANHATTAN,997775,228341,ONLINE,Unspecified,MANHATTAN,,,,,,,,40.793409024807254,-73.95115429521226,"(40.793409024807254, -73.95115429521226)"
45484881,01/27/2020 12:17:00 PM,01/28/2020 12:00:00 PM,DSNY,Department of Sanitation,Dirty Conditions,E8 Canine Violation,Sidewalk,10452,WOODYCREST AVENUE,WOODYCREST AVENUE,WEST  164 STREET,WEST  165 STREET,,,BLOCKFACE,BRONX,,N/A,Closed,,The Department of Sanitation investigated this complaint and found no violation at the location.,01/28/2020 12:00:00 PM,04 BRONX,,BRONX,1004297,242846,PHONE,Unspecified,BRONX,,,,,,,,40.833208800923686,-73.9275566979213,"(40.833208800923686, -73.9275566979213)"
45486885,01/27/2020 11:59:00 AM,01/27/2020 12:00:00 PM,DSNY,Department of Sanitation,Dirty Conditions,E8 Canine Violation,Sidewalk,11004,79-26 261 STREET,261 STREET,79 AVENUE,80 AVENUE,,,ADDRESS,Glen Oaks,,N/A,Closed,,The Department of Sanitation investigated this complaint and issued a Notice of Violation.,01/27/2020 12:00:00 PM,13 QUEENS,4086970024,QUEENS,1064422,211283,PHONE,Unspecified,QUEENS,,,,,,,,40.74623618622938,-73.71066233808499,"(40.74623618622938, -73.71066233808499)"
45487691,01/27/2020 11:13:00 AM,01/28/2020 12:00:00 PM,DSNY,Department of Sanitation,Dirty Conditions,E8 Canine Violation,Sidewalk,10456,762 JACKSON AVENUE,JACKSON AVENUE,EAST 156 STREET,EAST 158 STREET,,,ADDRESS,BRONX,,N/A,Closed,,The Department of Sanitation investigated this complaint and found no violation at the location.,01/28/2020 12:00:00 PM,01 BRONX,2026460106,BRONX,1010069,237670,ONLINE,Unspecified,BRONX,,,,,,,,40.81898717467903,-73.90671850963999,"(40.81898717467903, -73.90671850963999)"
45484002,01/27/2020 11:03:00 AM,01/27/2020 12:00:00 PM,DSNY,Department of Sanitation,Dirty Conditions,E8 Canine Violation,Sidewalk,11420,132-57 114 STREET,114 STREET,SUTTER AVENUE,133 AVENUE,,,ADDRESS,South Ozone Park,,N/A,Closed,,The Department of Sanitation investigated this complaint and found no violation at the location.,01/27/2020 12:00:00 PM,10 QUEENS,4117200008,QUEENS,1032640,184942,PHONE,Unspecified,QUEENS,,,,,,,,40.674167566208055,-73.82555126716403,"(40.674167566208055, -73.82555126716403)"
45487835,01/27/2020 10:08:00 AM,01/28/2020 12:00:00 PM,DSNY,Department of Sanitation,Dirty Conditions,E8 Canine Violation,Sidewalk,10024,1 WEST   91 STREET,WEST   91 STREET,CENTRAL PARK WEST,COLUMBUS AVENUE,,,ADDRESS,NEW YORK,,N/A,Closed,,The Department of Sanitation investigated this complaint and found no violation at the location.,01/28/2020 12:00:00 PM,07 MANHATTAN,1012050029,MANHATTAN,993352,226563,ONLINE,Unspecified,MANHATTAN,,,,,,,,40.78853455626638,-73.96713042204254,"(40.78853455626638, -73.96713042204254)"
45485929,01/27/2020 07:50:00 AM,01/28/2020 12:00:00 PM,DSNY,Department of Sanitation,Dirty Conditions,E8 Canine Violation,Sidewalk,11233,662 HALSEY STREET,HALSEY STREET,MALCOLM X BOULEVARD,PATCHEN AVENUE,,,ADDRESS,BROOKLYN,,N/A,Closed,,The Department of Sanitation investigated this complaint and found no violation at the location.,01/28/2020 12:00:00 PM,03 BROOKLYN,3016670031,BROOKLYN,1004333,188614,PHONE,Unspecified,BROOKLYN,,,,,,,,40.684355845021905,-73.92758860794595,"(40.684355845021905, -73.92758860794595)"
45487849,01/27/2020 07:30:00 AM,01/27/2020 12:00:00 PM,DSNY,Department of Sanitation,Dirty Conditions,E8 Canine Violation,Sidewalk,10461,1617 OVERING STREET,OVERING STREET,ST RAYMOND AVENUE,MACLAY AVENUE,,,ADDRESS,BRONX,,N/A,Closed,,The Department of Sanitation investigated this complaint and found no violation at the location.,01/27/2020 12:00:00 PM,10 BRONX,2040000058,BRONX,1026461,246139,ONLINE,Unspecified,BRONX,,,,,,,,40.84216899600949,-73.84744264513319,"(40.84216899600949, -73.84744264513319)"
45481945,01/27/2020 04:47:00 AM,01/28/2020 12:00:00 PM,DSNY,Department of Sanitation,Dirty Conditions,E8 Canine Violation,Sidewalk,11370,80-20 GRAND CENTRAL PARKWAY,GRAND CENTRAL PARKWAY,80 STREET,81 STREET,,,ADDRESS,East Elmhurst,,N/A,Closed,,The Department of Sanitation investigated this complaint and found no violation at the location.,01/28/2020 12:00:00 PM,03 QUEENS,4010330010,QUEENS,1015026,218419,PHONE,Unspecified,QUEENS,,,,,,,,40.76613253938044,-73.88889759211912,"(40.76613253938044, -73.88889759211912)"
45485886,01/26/2020 05:56:00 PM,01/28/2020 12:00:00 PM,DSNY,Department of Sanitation,Dirty Conditions,E8 Canine Violation,Sidewalk,11234,5521 MILL LANE,MILL LANE,EAST 55 STREET,EAST 56 STREET,,,ADDRESS,BROOKLYN,,N/A,Closed,,The Department of Sanitation investigated this complaint and found no violation at the location.,01/28/2020 12:00:00 PM,18 BROOKLYN,3079000057,BROOKLYN,1005993,164554,ONLINE,Unspecified,BROOKLYN,,,,,,,,40.61831248654118,-73.92168086691173,"(40.61831248654118, -73.92168086691173)"
45481652,01/26/2020 04:10:00 PM,01/27/2020 12:00:00 PM,DSNY,Department of Sanitation,Dirty Conditions,E8 Canine Violation,Sidewalk,10306,488 MIDLAND AVENUE,MIDLAND AVENUE,MORELAND STREET,KISWICK STREET,,,ADDRESS,STATEN ISLAND,,N/A,Closed,,The Department of Sanitation investigated this complaint and found no violation at the location.,01/27/2020 12:00:00 PM,02 STATEN ISLAND,5037390029,STATEN ISLAND,957464,148454,PHONE,Unspecified,STATEN ISLAND,,,,,,,,40.57410744924699,-74.09642036819172,"(40.57410744924699, -74.09642036819172)"
45484908,01/26/2020 04:07:00 PM,01/28/2020 12:00:00 PM,DSNY,Department of Sanitation,Dirty Conditions,E8 Canine Violation,Sidewalk,10030,119 WEST  137 STREET,WEST  137 STREET,LENOX AVENUE,ADAM CLAYTON POWELL JR BOULEVARD,,,ADDRESS,NEW YORK,,N/A,Closed,,"The Department of Sanitation has investigated the complaint and addressed the issue. If the problem persists, call 311 to enter a new complaint. If you are outside of New York City, please call (212) NEW-YORK (212-639-9675).",01/28/2020 12:00:00 PM,10 MANHATTAN,1020060020,MANHATTAN,1000659,236483,PHONE,Unspecified,MANHATTAN,,,,,,,,40.81575168544586,-73.94071879672917,"(40.81575168544586, -73.94071879672917)"
45481946,01/26/2020 03:43:00 PM,01/27/2020 12:00:00 PM,DSNY,Department of Sanitation,Dirty Conditions,E8 Canine Violation,Sidewalk,10309,42 HERBERT STREET,HERBERT STREET,SEGUINE AVENUE,HOLTEN AVENUE,,,ADDRESS,STATEN ISLAND,,N/A,Closed,,The Department of Sanitation investigated this complaint and found no violation at the location.,01/27/2020 12:00:00 PM,03 STATEN ISLAND,,STATEN ISLAND,928696,130563,PHONE,Unspecified,STATEN ISLAND,,,,,,,,40.52486659515285,-74.19982807361691,"(40.52486659515285, -74.19982807361691)"
45477859,01/26/2020 01:49:00 PM,01/27/2020 12:00:00 PM,DSNY,Department of Sanitation,Dirty Conditions,E8 Canine Violation,Sidewalk,10457,321 EAST TREMONT AVENUE,EAST TREMONT AVENUE,ANTHONY AVENUE,BEND,,,ADDRESS,BRONX,,N/A,Closed,,The Department of Sanitation investigated this complaint and found no violation at the location.,01/27/2020 12:00:00 PM,05 BRONX,2028140017,BRONX,1011210,248445,PHONE,Unspecified,BRONX,,,,,,,,40.84855801665384,-73.90255288658314,"(40.84855801665384, -73.90255288658314)"
45475414,01/25/2020 03:22:00 PM,01/28/2020 12:00:00 PM,DSNY,Department of Sanitation,Dirty Conditions,E8 Canine Violation,Sidewalk,11209,160 72 STREET,72 STREET,COLONIAL ROAD,RIDGE BOULEVARD,,,ADDRESS,BROOKLYN,,N/A,Closed,,The Department of Sanitation investigated this complaint and found no violation at the location.,01/28/2020 12:00:00 PM,10 BROOKLYN,3059060018,BROOKLYN,975621,170440,ONLINE,Unspecified,BROOKLYN,,,,,,,,40.63449079672294,-74.0310895259128,"(40.63449079672294, -74.0310895259128)"
45478828,01/25/2020 03:06:00 PM,01/27/2020 12:00:00 PM,DSNY,Department of Sanitation,Dirty Conditions,E8 Canine Violation,Sidewalk,,,,,,NARAGANSET AVENUE,NARAGANSET AVENUE,INTERSECTION,,,N/A,Closed,,The Department of Sanitation investigated this complaint and found no violation at the location.,01/27/2020 12:00:00 PM,11 BRONX,,BRONX,,,PHONE,Unspecified,BRONX,,,,,,,,,,
45478812,01/25/2020 02:55:00 PM,01/27/2020 12:00:00 PM,DSNY,Department of Sanitation,Dirty Conditions,E8 Canine Violation,Sidewalk,10461,3066 BUHRE AVENUE,BUHRE AVENUE,JARVIS AVENUE,MAHAN AVENUE,,,ADDRESS,BRONX,,N/A,Closed,,The Department of Sanitation investigated this complaint and found no violation at the location.,01/27/2020 12:00:00 PM,10 BRONX,2041760003,BRONX,1031200,248176,ONLINE,Unspecified,BRONX,,,,,,,,40.84773602812143,-73.83030091407164,"(40.84773602812143, -73.83030091407164)"
45478837,01/25/2020 02:50:00 PM,01/27/2020 12:00:00 PM,DSNY,Department of Sanitation,Dirty Conditions,E8 Canine Violation,Sidewalk,10473,350 TURNEUR AVENUE,TURNEUR AVENUE,ZEREGA AVENUE,NORTON AVENUE,,,ADDRESS,BRONX,,N/A,Closed,,The Department of Sanitation investigated this complaint and found no violation at the location.,01/27/2020 12:00:00 PM,09 BRONX,2034860007,BRONX,1026941,235898,PHONE,Unspecified,BRONX,,,,,,,,40.81405811249059,-73.84577301711646,"(40.81405811249059, -73.84577301711646)"
45477858,01/25/2020 02:40:00 PM,01/28/2020 12:00:00 PM,DSNY,Department of Sanitation,Dirty Conditions,E8 Canine Violation,Sidewalk,10012,219 MULBERRY STREET,MULBERRY STREET,SPRING STREET,PRINCE STREET,,,ADDRESS,NEW YORK,,N/A,Closed,,The Department of Sanitation investigated this complaint and found no violation at the location.,01/28/2020 12:00:00 PM,02 MANHATTAN,1004950038,MANHATTAN,985320,202433,ONLINE,Unspecified,MANHATTAN,,,,,,,,40.72230847272815,-73.99613980463909,"(40.72230847272815, -73.99613980463909)"
45473198,01/25/2020 12:01:00 PM,01/27/2020 12:00:00 PM,DSNY,Department of Sanitation,Dirty Conditions,E8 Canine Violation,Sidewalk,10470,4800 BARNES AVENUE,BARNES AVENUE,EAST 242 STREET,EAST 243 STREET,,,ADDRESS,BRONX,,N/A,Closed,,The Department of Sanitation investigated this complaint and found no violation at the location.,01/27/2020 12:00:00 PM,12 BRONX,2051190076,BRONX,1026417,269147,PHONE,Unspecified,BRONX,,,,,,,,40.905318993718076,-73.84745686133877,"(40.905318993718076, -73.84745686133877)"
45474647,01/24/2020 09:03:00 PM,01/25/2020 12:00:00 PM,DSNY,Department of Sanitation,Dirty Conditions,E8 Canine Violation,Sidewalk,10306,90 BOUNDARY AVENUE,BOUNDARY AVENUE,JEFFERSON AVENUE,HULL AVENUE,,,ADDRESS,STATEN ISLAND,,N/A,Closed,,The Department of Sanitation investigated this complaint and found no violation at the location.,01/25/2020 12:00:00 PM,02 STATEN ISLAND,5036690001,STATEN ISLAND,957015,150688,ONLINE,Unspecified,STATEN ISLAND,,,,,,,,40.58023796804673,-74.0980456129172,"(40.58023796804673, -74.0980456129172)"
45463777,01/24/2020 01:48:00 PM,01/27/2020 12:00:00 PM,DSNY,Department of Sanitation,Dirty Conditions,E8 Canine Violation,Sidewalk,11004,79-14 261 STREET,261 STREET,79 AVENUE,80 AVENUE,,,ADDRESS,Glen Oaks,,N/A,Closed,,The Department of Sanitation investigated this complaint and issued a Notice of Violation.,01/27/2020 12:00:00 PM,13 QUEENS,4086970137,QUEENS,1064406,211339,PHONE,Unspecified,QUEENS,,,,,,,,40.74639003638409,-73.71071941363168,"(40.74639003638409, -73.71071941363168)"
45461115,01/24/2020 12:15:00 PM,01/24/2020 12:15:00 PM,DSNY,Department of Sanitation,Dirty Conditions,E8 Canine Violation,Sidewalk,,,,,,BRIGHTON 12 STREET,BRIGHTON 12 STREET,INTERSECTION,,,N/A,Closed,,The Department of Sanitation investigated this complaint and found no violation at the location.,01/24/2020 12:15:00 PM,15 BROOKLYN,,BROOKLYN,,,PHONE,Unspecified,BROOKLYN,,,,,,,,,,
45461098,01/24/2020 11:25:00 AM,01/27/2020 12:00:00 PM,DSNY,Department of Sanitation,Dirty Conditions,E8 Canine Violation,Sidewalk,10002,440 GRAND STREET,GRAND STREET,ATTORNEY STREET,PITT STREET,,,ADDRESS,NEW YORK,,N/A,Closed,,The Department of Sanitation investigated this complaint and found no violation at the location.,01/27/2020 12:00:00 PM,03 MANHATTAN,1003410026,MANHATTAN,988269,199987,ONLINE,Unspecified,MANHATTAN,,,,,,,,40.7155939428376,-73.98550227820024,"(40.7155939428376, -73.98550227820024)"
45464714,01/24/2020 10:12:00 AM,01/27/2020 12:00:00 PM,DSNY,Department of Sanitation,Dirty Conditions,E8 Canine Violation,Sidewalk,10033,257 AUDUBON AVENUE,AUDUBON AVENUE,WEST 177 STREET,WEST 178 STREET,,,ADDRESS,NEW YORK,,N/A,Closed,,The Department of Sanitation investigated this complaint and found no violation at the location.,01/27/2020 12:00:00 PM,12 MANHATTAN,1021320029,MANHATTAN,1002546,247730,ONLINE,Unspecified,MANHATTAN,,,,,,,,40.846617756319105,-73.93387091302446,"(40.846617756319105, -73.93387091302446)"
45467418,01/24/2020 09:13:00 AM,01/28/2020 12:00:00 PM,DSNY,Department of Sanitation,Dirty Conditions,E8 Canine Violation,Sidewalk,10003,327 2 AVENUE,2 AVENUE,EAST 18 STREET,EAST 19 STREET,,,ADDRESS,NEW YORK,,N/A,Closed,,The Department of Sanitation investigated this complaint and found no violation at the location.,01/28/2020 12:00:00 PM,06 MANHATTAN,1008990032,MANHATTAN,989024,207184,ONLINE,Unspecified,MANHATTAN,,,,,,,,40.73534758393962,-73.98277366446908,"(40.73534758393962, -73.98277366446908)"
45466609,01/24/2020 08:40:00 AM,01/27/2020 12:00:00 PM,DSNY,Department of Sanitation,Dirty Conditions,E8 Canine Violation,Sidewalk,10453,MORRIS AVENUE,MORRIS AVENUE,PVT BUFORD BROWN WAY,EAST BURNSIDE AVENUE,,,BLOCKFACE,BRONX,,N/A,Closed,,The Department of Sanitation investigated this complaint and found no violation at the location.,01/27/2020 12:00:00 PM,05 BRONX,,BRONX,1010144,249796,PHONE,Unspecified,BRONX,,,,,,,,40.85226930004622,-73.9064007304507,"(40.85226930004622, -73.9064007304507)"
45464677,01/24/2020 06:48:00 AM,01/27/2020 12:00:00 PM,DSNY,Department of Sanitation,Dirty Conditions,E8 Canine Violation,Sidewalk,,,,,,95 AVENUE,95 AVENUE,INTERSECTION,,,N/A,Closed,,The Department of Sanitation investigated this complaint and issued a Notice of Violation.,01/27/2020 12:00:00 PM,12 QUEENS,,QUEENS,,,PHONE,Unspecified,QUEENS,,,,,,,,,,
45462859,01/24/2020 06:07:00 AM,01/25/2020 12:00:00 PM,DSNY,Department of Sanitation,Dirty Conditions,E8 Canine Violation,Sidewalk,,,,,,DRIGGS AVENUE,DRIGGS AVENUE,INTERSECTION,,,N/A,Closed,,The Department of Sanitation investigated this complaint and issued a Notice of Violation.,01/25/2020 12:00:00 PM,01 BROOKLYN,,BROOKLYN,,,PHONE,Unspecified,BROOKLYN,,,,,,,,,,
45462492,01/23/2020 11:11:00 PM,01/24/2020 12:00:00 PM,DSNY,Department of Sanitation,Dirty Conditions,E8 Canine Violation,Sidewalk,10462,2055 CRUGER AVENUE,CRUGER AVENUE,BRONXDALE AVENUE,BRADY AVENUE,,,ADDRESS,BRONX,,N/A,Closed,,The Department of Sanitation investigated this complaint and found no violation at the location.,01/24/2020 12:00:00 PM,11 BRONX,2042840020,BRONX,1021104,249669,ONLINE,Unspecified,BRONX,,,,,,,,40.85188177753733,-73.86678427219233,"(40.85188177753733, -73.86678427219233)"
45468177,01/23/2020 09:47:00 PM,01/24/2020 12:00:00 PM,DSNY,Department of Sanitation,Dirty Conditions,E8 Canine Violation,Sidewalk,10467,2450 OLINVILLE AVENUE,OLINVILLE AVENUE,WARING AVENUE,MACE AVENUE,,,ADDRESS,BRONX,,N/A,Closed,,The Department of Sanitation investigated this complaint and found no violation at the location.,01/24/2020 12:00:00 PM,11 BRONX,2044260017,BRONX,1020636,253468,ONLINE,Unspecified,BRONX,,,,,,,,40.86231082485476,-73.86845532220521,"(40.86231082485476, -73.86845532220521)"
45462801,01/23/2020 08:29:00 PM,01/24/2020 12:00:00 PM,DSNY,Department of Sanitation,Dirty Conditions,E8 Canine Violation,Sidewalk,10314,2463 VICTORY BOULEVARD,VICTORY BOULEVARD,BRYSON AVENUE,STEWART AVENUE,,,ADDRESS,STATEN ISLAND,,N/A,Closed,,The Department of Sanitation investigated this complaint and found no violation at the location.,01/24/2020 12:00:00 PM,01 STATEN ISLAND,5004850001,STATEN ISLAND,943944,161739,PHONE,Unspecified,STATEN ISLAND,,,,,,,,40.610520902647444,-74.14516688439589,"(40.610520902647444, -74.14516688439589)"
45467445,01/23/2020 04:03:00 PM,01/24/2020 12:00:00 PM,DSNY,Department of Sanitation,Dirty Conditions,E8 Canine Violation,Sidewalk,11004,79-26 261 STREET,261 STREET,79 AVENUE,80 AVENUE,,,ADDRESS,Glen Oaks,,N/A,Closed,,The Department of Sanitation investigated this complaint and found no violation at the location.,01/24/2020 12:00:00 PM,13 QUEENS,4086970024,QUEENS,1064422,211283,ONLINE,Unspecified,QUEENS,,,,,,,,40.74623618622938,-73.71066233808499,"(40.74623618622938, -73.71066233808499)"
45468128,01/23/2020 03:47:00 PM,01/24/2020 12:00:00 PM,DSNY,Department of Sanitation,Dirty Conditions,E8 Canine Violation,Sidewalk,11232,196 21 STREET,21 STREET,4 AVENUE,5 AVENUE,,,ADDRESS,BROOKLYN,,N/A,Closed,,The Department of Sanitation investigated this complaint and found no violation at the location.,01/24/2020 12:00:00 PM,07 BROOKLYN,3006430011,BROOKLYN,985695,180515,ONLINE,Unspecified,BROOKLYN,,,,,,,,40.66214857446662,-73.99479163394795,"(40.66214857446662, -73.99479163394795)"
45461972,01/23/2020 03:22:00 PM,01/27/2020 12:00:00 PM,DSNY,Department of Sanitation,Dirty Conditions,E8 Canine Violation,Sidewalk,10030,103 WEST  137 STREET,WEST  137 STREET,LENOX AVENUE,ADAM CLAYTON POWELL JR BOULEVARD,,,ADDRESS,NEW YORK,,N/A,Closed,,The Department of Sanitation investigated this complaint and found no violation at the location.,01/27/2020 12:00:00 PM,10 MANHATTAN,1020060028,MANHATTAN,1000744,236436,PHONE,Unspecified,MANHATTAN,,,,,,,,40.81562252534027,-73.94041183071059,"(40.81562252534027, -73.94041183071059)"
45453203,01/23/2020 01:02:00 PM,01/24/2020 12:00:00 PM,DSNY,Department of Sanitation,Dirty Conditions,E8 Canine Violation,Sidewalk,11209,88 92 STREET,92 STREET,BEND,COLONIAL ROAD,,,ADDRESS,BROOKLYN,,N/A,Closed,,The Department of Sanitation investigated this complaint and found no violation at the location.,01/24/2020 12:00:00 PM,10 BROOKLYN,,BROOKLYN,973577,165401,PHONE,Unspecified,BROOKLYN,,,,,,,,40.62065757603296,-74.03844590862049,"(40.62065757603296, -74.03844590862049)"
45454010,01/23/2020 10:28:00 AM,01/23/2020 12:00:00 PM,DSNY,Department of Sanitation,Dirty Conditions,E8 Canine Violation,Sidewalk,11208,2994 FULTON STREET,FULTON STREET,ELTON STREET,LINWOOD STREET,,,ADDRESS,BROOKLYN,,N/A,Closed,,The Department of Sanitation investigated this complaint and found no violation at the location.,01/23/2020 12:00:00 PM,05 BROOKLYN,3039550021,BROOKLYN,1016354,187063,PHONE,Unspecified,BROOKLYN,,,,,,,,40.680063268828036,-73.88425304458181,"(40.680063268828036, -73.88425304458181)"
45456020,01/23/2020 09:13:00 AM,01/24/2020 12:00:00 PM,DSNY,Department of Sanitation,Dirty Conditions,E8 Canine Violation,Sidewalk,10457,681 EAST  181 STREET,EAST  181 STREET,BELMONT AVENUE,CROTONA AVENUE,,,ADDRESS,BRONX,,N/A,Closed,,The Department of Sanitation investigated this complaint and found no violation at the location.,01/24/2020 12:00:00 PM,06 BRONX,2030830068,BRONX,1015050,248682,PHONE,Unspecified,BRONX,,,,,,,,40.84919595133612,-73.8886721043415,"(40.84919595133612, -73.8886721043415)"
45454942,01/23/2020 08:49:00 AM,01/24/2020 12:00:00 PM,DSNY,Department of Sanitation,Dirty Conditions,E8 Canine Violation,Sidewalk,11362,66-21 242 STREET,242 STREET,66 AVENUE,67 AVENUE,,,ADDRESS,Little Neck,,N/A,Closed,,The Department of Sanitation investigated this complaint and found no violation at the location.,01/24/2020 12:00:00 PM,11 QUEENS,4082867504,QUEENS,1057146,213401,PHONE,Unspecified,QUEENS,,,,,,,,40.75211250732187,-73.73689801786738,"(40.75211250732187, -73.73689801786738)"
45453208,01/23/2020 08:05:00 AM,01/27/2020 12:00:00 PM,DSNY,Department of Sanitation,Dirty Conditions,E8 Canine Violation,Sidewalk,10301,,,,,WINTER AVENUE,JERSEY STREET,INTERSECTION,STATEN ISLAND,,N/A,Closed,,The Department of Sanitation investigated this complaint and found no violation at the location.,01/27/2020 12:00:00 PM,01 STATEN ISLAND,,STATEN ISLAND,959954,171893,PHONE,Unspecified,STATEN ISLAND,,,,,,,,40.63844985281096,-74.08754155130369,"(40.63844985281096, -74.08754155130369)"
45458126,01/22/2020 05:04:00 PM,01/23/2020 12:00:00 PM,DSNY,Department of Sanitation,Dirty Conditions,E8 Canine Violation,Sidewalk,11356,3-04 121 STREET,121 STREET,CAPSTAN COURT,KEEL COURT,,,ADDRESS,College Point,,N/A,Closed,,The Department of Sanitation investigated this complaint and found no violation at the location.,01/23/2020 12:00:00 PM,07 QUEENS,4039167503,QUEENS,1026767,228670,ONLINE,Unspecified,QUEENS,,,,,,,,40.79422010893146,-73.84644738715772,"(40.79422010893146, -73.84644738715772)"
45454019,01/22/2020 04:28:00 PM,01/23/2020 12:00:00 PM,DSNY,Department of Sanitation,Dirty Conditions,E8 Canine Violation,Sidewalk,11418,87-01 112 STREET,112 STREET,JAMAICA AVENUE,91 AVENUE,,,ADDRESS,Richmond Hill,,N/A,Closed,,The Department of Sanitation investigated this complaint and found no violation at the location.,01/23/2020 12:00:00 PM,09 QUEENS,4093020001,QUEENS,1029675,193255,PHONE,Unspecified,QUEENS,,,,,,,,40.69700052081111,-73.83618419220458,"(40.69700052081111, -73.83618419220458)"
45455993,01/22/2020 03:07:00 PM,01/23/2020 12:00:00 PM,DSNY,Department of Sanitation,Dirty Conditions,E8 Canine Violation,Sidewalk,,,,,,14 AVENUE,14 AVENUE,INTERSECTION,,,N/A,Closed,,The Department of Sanitation investigated this complaint and issued a Notice of Violation.,01/23/2020 12:00:00 PM,12 BROOKLYN,,BROOKLYN,,,PHONE,Unspecified,BROOKLYN,,,,,,,,,,
45461965,01/22/2020 10:57:00 AM,01/24/2020 12:00:00 PM,DSNY,Department of Sanitation,Dirty Conditions,E8 Canine Violation,Sidewalk,11223,1993 EAST    8 STREET,EAST    8 STREET,AVENUE S,AVENUE T,,,ADDRESS,BROOKLYN,,N/A,Closed,,The Department of Sanitation investigated this complaint and found no violation at the location.,01/24/2020 12:00:00 PM,15 BROOKLYN,3070900049,BROOKLYN,994377,158174,ONLINE,Unspecified,BROOKLYN,,,,,,,,40.60082158935566,-73.9635317112546,"(40.60082158935566, -73.9635317112546)"
45444745,01/22/2020 10:04:00 AM,01/23/2020 12:00:00 PM,DSNY,Department of Sanitation,Dirty Conditions,E8 Canine Violation,Sidewalk,10002,571 FRANKLIN D ROOSEVELT DRIVE,FRANKLIN D ROOSEVELT DRIVE,WILLIAMSBURG BRIDGE BIKE PATH,FDR DRIVE SB EN E HOUSTON ST,,,ADDRESS,NEW YORK,,N/A,Closed,,The Department of Sanitation investigated this complaint and found no violation at the location.,01/23/2020 12:00:00 PM,03 MANHATTAN,1003230001,MANHATTAN,991038,200624,ONLINE,Unspecified,MANHATTAN,,,,,,,,40.71734066395879,-73.97551303421712,"(40.71734066395879, -73.97551303421712)"
45445816,01/22/2020 07:33:00 AM,01/24/2020 12:00:00 PM,DSNY,Department of Sanitation,Dirty Conditions,E8 Canine Violation,Sidewalk,10473,713 THERIOT AVENUE,THERIOT AVENUE,SEWARD AVENUE,LAFAYETTE AVENUE,,,ADDRESS,BRONX,,N/A,Closed,,The Department of Sanitation investigated this complaint and found no violation at the location.,01/24/2020 12:00:00 PM,09 BRONX,2035990065,BRONX,1022540,238012,PHONE,Unspecified,BRONX,,,,,,,,40.8198806135347,-73.86166013288864,"(40.8198806135347, -73.86166013288864)"
45443248,01/21/2020 11:59:00 AM,01/24/2020 12:00:00 PM,DSNY,Department of Sanitation,Dirty Conditions,E8 Canine Violation,Sidewalk,10457,665 EAST  181 STREET,EAST  181 STREET,BELMONT AVENUE,CROTONA AVENUE,,,ADDRESS,BRONX,,N/A,Closed,,The Department of Sanitation investigated this complaint and found no violation at the location.,01/24/2020 12:00:00 PM,06 BRONX,2030830001,BRONX,1014962,248740,PHONE,Unspecified,BRONX,,,,,,,,40.84935545059611,-73.88898991802586,"(40.84935545059611, -73.88898991802586)"
45437723,01/21/2020 09:53:00 AM,01/25/2020 12:00:00 PM,DSNY,Department of Sanitation,Dirty Conditions,E8 Canine Violation,Sidewalk,10032,409 EDGECOMBE AVENUE,EDGECOMBE AVENUE,WEST 150 STREET,BEND,,,ADDRESS,NEW YORK,,N/A,Closed,,The Department of Sanitation investigated this complaint and found no violation at the location.,01/25/2020 12:00:00 PM,09 MANHATTAN,1020540062,MANHATTAN,1000889,241352,ONLINE,Unspecified,MANHATTAN,,,,,,,,40.82911527895686,-73.93987579674543,"(40.82911527895686, -73.93987579674543)"
45442418,01/20/2020 07:27:00 PM,01/22/2020 12:00:00 PM,DSNY,Department of Sanitation,Dirty Conditions,E8 Canine Violation,Sidewalk,10308,49 WATERSIDE PARKWAY,WATERSIDE PARKWAY,HYLAN BOULEVARD,DEAD END,,,ADDRESS,STATEN ISLAND,,N/A,Closed,,The Department of Sanitation investigated this complaint and found no violation at the location.,01/22/2020 12:00:00 PM,03 STATEN ISLAND,5051900103,STATEN ISLAND,945562,138254,ONLINE,Unspecified,STATEN ISLAND,,,,,,,,40.54606650077827,-74.13920505718224,"(40.54606650077827, -74.13920505718224)"
45441258,01/20/2020 07:19:00 PM,01/22/2020 12:00:00 PM,DSNY,Department of Sanitation,Dirty Conditions,E8 Canine Violation,Sidewalk,10308,37 MANSION AVENUE,MANSION AVENUE,DEAD END,YACHT CLUB COVE,,,ADDRESS,STATEN ISLAND,,N/A,Closed,,The Department of Sanitation investigated this complaint and found no violation at the location.,01/22/2020 12:00:00 PM,03 STATEN ISLAND,5051900085,STATEN ISLAND,945845,138311,ONLINE,Unspecified,STATEN ISLAND,,,,,,,,40.5462241846966,-74.13818710721331,"(40.5462241846966, -74.13818710721331)"
45438879,01/20/2020 04:11:00 PM,01/21/2020 12:00:00 PM,DSNY,Department of Sanitation,Dirty Conditions,E8 Canine Violation,Sidewalk,11415,80-15 AUSTIN STREET,AUSTIN STREET,UNION TURNPIKE,80 ROAD,,,ADDRESS,Kew Gardens,,N/A,Closed,,The Department of Sanitation investigated this complaint and found no violation at the location.,01/21/2020 12:00:00 PM,09 QUEENS,4033480007,QUEENS,1030601,198858,ONLINE,Unspecified,QUEENS,,,,,,,,40.712374607603294,-73.83280620742288,"(40.712374607603294, -73.83280620742288)"
45442471,01/20/2020 02:48:00 PM,01/21/2020 12:00:00 PM,DSNY,Department of Sanitation,Dirty Conditions,E8 Canine Violation,Sidewalk,10462,2350 WATERBURY AVENUE,WATERBURY AVENUE,HAVEMEYER AVENUE,ZEREGA AVENUE,,,ADDRESS,BRONX,,N/A,Closed,,The Department of Sanitation investigated this complaint and found no violation at the location.,01/21/2020 12:00:00 PM,09 BRONX,2038320032,BRONX,1026607,243427,PHONE,Unspecified,BRONX,,,,,,,,40.83472465588463,-73.84693210604497,"(40.83472465588463, -73.84693210604497)"
45441259,01/20/2020 01:55:00 PM,01/21/2020 12:00:00 PM,DSNY,Department of Sanitation,Dirty Conditions,E8 Canine Violation,Sidewalk,11211,95 BUSHWICK AVENUE,BUSHWICK AVENUE,POWERS STREET,GRAND STREET,,,ADDRESS,BROOKLYN,,N/A,Closed,,The Department of Sanitation investigated this complaint and found no violation at the location.,01/21/2020 12:00:00 PM,01 BROOKLYN,3029220001,BROOKLYN,1000675,198725,ONLINE,Unspecified,BROOKLYN,,,,,,,,40.71211572090792,-73.94075325410157,"(40.71211572090792, -73.94075325410157)"
45432582,01/20/2020 11:28:00 AM,01/22/2020 12:00:00 PM,DSNY,Department of Sanitation,Dirty Conditions,E8 Canine Violation,Sidewalk,11205,105 GRAND AVENUE,GRAND AVENUE,PARK AVENUE,MYRTLE AVENUE,,,ADDRESS,BROOKLYN,,N/A,Closed,,The Department of Sanitation investigated this complaint and found no violation at the location.,01/22/2020 12:00:00 PM,02 BROOKLYN,3018930002,BROOKLYN,994193,192170,PHONE,Unspecified,BROOKLYN,,,,,,,,40.69413344540047,-73.96414420184784,"(40.69413344540047, -73.96414420184784)"
45431251,01/19/2020 08:03:00 PM,01/21/2020 12:00:00 PM,DSNY,Department of Sanitation,Dirty Conditions,E8 Canine Violation,Sidewalk,10458,2746 DECATUR AVENUE,DECATUR AVENUE,EAST 197 STREET,EAST 197 STREET,,,ADDRESS,BRONX,,N/A,Closed,,The Department of Sanitation investigated this complaint and found no violation at the location.,01/21/2020 12:00:00 PM,07 BRONX,2032780026,BRONX,1015272,254690,PHONE,Unspecified,BRONX,,,,,,,,40.86568532149067,-73.88784187184753,"(40.86568532149067, -73.88784187184753)"
45434271,01/19/2020 07:35:00 PM,01/21/2020 12:00:00 PM,DSNY,Department of Sanitation,Dirty Conditions,E8 Canine Violation,Sidewalk,10460,555 VAN NEST AVENUE,VAN NEST AVENUE,MELVILLE STREET,TAYLOR AVENUE,,,ADDRESS,BRONX,,N/A,Closed,,The Department of Sanitation investigated this complaint and found no violation at the location.,01/21/2020 12:00:00 PM,11 BRONX,2040200034,BRONX,1020439,245976,PHONE,Unspecified,BRONX,,,,,,,,40.84174834163818,-73.8692079679357,"(40.84174834163818, -73.8692079679357)"
45428896,01/19/2020 04:52:00 PM,01/21/2020 12:00:00 PM,DSNY,Department of Sanitation,Dirty Conditions,E8 Canine Violation,Sidewalk,10471,211 LAKEVIEW PLACE,LAKEVIEW PLACE,HENRY HUDSON PARKWAY NB EN BDWY,POST ROAD,,,ADDRESS,BRONX,,N/A,Closed,,The Department of Sanitation investigated this complaint and found no violation at the location.,01/21/2020 12:00:00 PM,08 BRONX,2058353037,BRONX,1012552,266663,ONLINE,Unspecified,BRONX,,,,,,,,40.898556592101016,-73.89762526457667,"(40.898556592101016, -73.89762526457667)"
45428919,01/19/2020 04:10:00 PM,01/21/2020 12:00:00 PM,DSNY,Department of Sanitation,Dirty Conditions,E8 Canine Violation,Sidewalk,11220,162 57 STREET,57 STREET,1 AVENUE,2 AVENUE,,,ADDRESS,BROOKLYN,,N/A,Closed,,The Department of Sanitation investigated this complaint and found no violation at the location.,01/21/2020 12:00:00 PM,07 BROOKLYN,3008440048,BROOKLYN,978171,174526,ONLINE,Unspecified,BROOKLYN,,,,,,,,40.64570810872122,-74.02190578275142,"(40.64570810872122, -74.02190578275142)"
45433659,01/19/2020 03:18:00 PM,01/21/2020 12:00:00 PM,DSNY,Department of Sanitation,Dirty Conditions,E8 Canine Violation,Sidewalk,11249,575 WYTHE AVENUE,WYTHE AVENUE,TAYLOR STREET,WILSON STREET,,,ADDRESS,BROOKLYN,,N/A,Closed,,The Department of Sanitation investigated this complaint and found no violation at the location.,01/21/2020 12:00:00 PM,01 BROOKLYN,,BROOKLYN,993802,195818,ONLINE,Unspecified,BROOKLYN,,,,,,,,40.7041467839358,-73.9655490266207,"(40.7041467839358, -73.9655490266207)"
45423353,01/19/2020 12:59:00 PM,01/21/2020 12:00:00 PM,DSNY,Department of Sanitation,Dirty Conditions,E8 Canine Violation,Sidewalk,10459,1130 EAST  165 STREET,EAST  165 STREET,BRYANT AVENUE,LONGFELLOW AVENUE,,,ADDRESS,BRONX,,N/A,Closed,,The Department of Sanitation investigated this complaint and found no violation at the location.,01/21/2020 12:00:00 PM,02 BRONX,2027560010,BRONX,1015150,239936,PHONE,Unspecified,BRONX,,,,,,,,40.825190386483506,-73.88835094330324,"(40.825190386483506, -73.88835094330324)"
45421406,01/18/2020 11:14:00 AM,01/21/2020 12:00:00 PM,DSNY,Department of Sanitation,Dirty Conditions,E8 Canine Violation,Sidewalk,10469,2519 LODOVICK AVENUE,LODOVICK AVENUE,MACE AVENUE,ALLERTON AVENUE,,,ADDRESS,BRONX,,N/A,Closed,,The Department of Sanitation investigated this complaint and found no violation at the location.,01/21/2020 12:00:00 PM,11 BRONX,2044920060,BRONX,1029318,253797,ONLINE,Unspecified,BRONX,,,,,,,,40.863173775003304,-73.83706552911627,"(40.863173775003304, -73.83706552911627)"
45419745,01/17/2020 04:16:00 PM,01/21/2020 12:00:00 PM,DSNY,Department of Sanitation,Dirty Conditions,E8 Canine Violation,Sidewalk,10473,644 SOUNDVIEW AVENUE,SOUNDVIEW AVENUE,TAYLOR AVENUE,BEACH AVENUE,,,ADDRESS,BRONX,,N/A,Closed,,The Department of Sanitation investigated this complaint and found no violation at the location.,01/21/2020 12:00:00 PM,09 BRONX,2035580009,BRONX,1022257,237366,PHONE,Unspecified,BRONX,,,,,,,,40.81810874972219,-73.86268625476731,"(40.81810874972219, -73.86268625476731)"
45418906,01/17/2020 03:47:00 PM,01/21/2020 12:00:00 PM,DSNY,Department of Sanitation,Dirty Conditions,E8 Canine Violation,Sidewalk,,,,,,97 AVENUE,97 AVENUE,INTERSECTION,,,N/A,Closed,,The Department of Sanitation investigated this complaint and found no violation at the location.,01/21/2020 12:00:00 PM,12 QUEENS,,QUEENS,,,PHONE,Unspecified,QUEENS,,,,,,,,,,
45420531,01/17/2020 03:08:00 PM,01/22/2020 12:00:00 PM,DSNY,Department of Sanitation,Dirty Conditions,E8 Canine Violation,Sidewalk,10312,91 ASPEN KNOLLS WAY,ASPEN KNOLLS WAY,,DEAD END,,,ADDRESS,STATEN ISLAND,,N/A,Closed,,The Department of Sanitation investigated this complaint and found no violation at the location.,01/22/2020 12:00:00 PM,03 STATEN ISLAND,5057400148,STATEN ISLAND,933105,144639,ONLINE,Unspecified,STATEN ISLAND,,,,,,,,40.563528981405476,-74.18407531857231,"(40.563528981405476, -74.18407531857231)"
45422981,01/17/2020 02:56:00 PM,01/22/2020 12:00:00 PM,DSNY,Department of Sanitation,Dirty Conditions,E8 Canine Violation,Sidewalk,11423,88-59 192 STREET,192 STREET,HILLSIDE AVENUE,90 AVENUE,,,ADDRESS,Hollis,,N/A,Closed,,The Department of Sanitation investigated this complaint and found no violation at the location.,01/22/2020 12:00:00 PM,12 QUEENS,4104570073,QUEENS,1048062,200180,PHONE,Unspecified,QUEENS,,,,,,,,40.715894464477195,-73.76980993897402,"(40.715894464477195, -73.76980993897402)"
45420532,01/17/2020 02:49:00 PM,01/22/2020 12:00:00 PM,DSNY,Department of Sanitation,Dirty Conditions,E8 Canine Violation,Sidewalk,11361,202-06 42 AVENUE,42 AVENUE,202 STREET,203 STREET,,,ADDRESS,Bayside,,N/A,Closed,,The Department of Sanitation investigated this complaint and found no violation at the location.,01/22/2020 12:00:00 PM,11 QUEENS,4062600001,QUEENS,1044638,216253,ONLINE,Unspecified,QUEENS,,,,,,,,40.76003476532523,-73.78201705514134,"(40.76003476532523, -73.78201705514134)"
45410615,01/17/2020 12:03:00 PM,01/20/2020 12:00:00 PM,DSNY,Department of Sanitation,Dirty Conditions,E8 Canine Violation,Sidewalk,10002,207 HENRY STREET,HENRY STREET,JEFFERSON STREET,CLINTON STREET,,,ADDRESS,NEW YORK,,N/A,Closed,,The Department of Sanitation investigated this complaint and found no violation at the location.,01/20/2020 12:00:00 PM,03 MANHATTAN,1002850015,MANHATTAN,987772,199270,ONLINE,Unspecified,MANHATTAN,,,,,,,,40.71362616096571,-73.98729547930218,"(40.71362616096571, -73.98729547930218)"
45415458,01/17/2020 11:40:00 AM,01/18/2020 12:00:00 PM,DSNY,Department of Sanitation,Dirty Conditions,E8 Canine Violation,Sidewalk,,,,,,CONKLIN AVENUE,CONKLIN AVENUE,INTERSECTION,,,N/A,Closed,,The Department of Sanitation investigated this complaint and found no violation at the location.,01/18/2020 12:00:00 PM,18 BROOKLYN,,BROOKLYN,,,PHONE,Unspecified,BROOKLYN,,,,,,,,,,
45412529,01/17/2020 10:42:00 AM,01/21/2020 12:00:00 PM,DSNY,Department of Sanitation,Dirty Conditions,E8 Canine Violation,Sidewalk,11230,1815 OCEAN AVENUE,OCEAN AVENUE,AVENUE M,BAY AVENUE,,,ADDRESS,BROOKLYN,,N/A,Closed,,The Department of Sanitation investigated this complaint and found no violation at the location.,01/21/2020 12:00:00 PM,14 BROOKLYN,3076560058,BROOKLYN,996778,164338,ONLINE,Unspecified,BROOKLYN,,,,,,,,40.61773743359448,-73.9548740486973,"(40.61773743359448, -73.9548740486973)"
45409220,01/16/2020 08:06:00 PM,01/17/2020 12:00:00 PM,DSNY,Department of Sanitation,Dirty Conditions,E8 Canine Violation,Sidewalk,11233,1347 ST MARKS AVENUE,ST MARKS AVENUE,BUFFALO AVENUE,RALPH AVENUE,,,ADDRESS,BROOKLYN,,N/A,Closed,,The Department of Sanitation investigated this complaint and found no violation at the location.,01/17/2020 12:00:00 PM,08 BROOKLYN,3013570079,BROOKLYN,1005313,184768,ONLINE,Unspecified,BROOKLYN,,,,,,,,40.673797172256094,-73.92406713608592,"(40.673797172256094, -73.92406713608592)"
45415784,01/16/2020 07:02:00 PM,01/17/2020 12:00:00 PM,DSNY,Department of Sanitation,Dirty Conditions,E8 Canine Violation,Sidewalk,11104,43-17 49 STREET,49 STREET,43 AVENUE,ROOSEVELT AVENUE,,,ADDRESS,Sunnyside,,N/A,Closed,,The Department of Sanitation investigated this complaint and found no violation at the location.,01/17/2020 12:00:00 PM,02 QUEENS,4001380006,QUEENS,1007637,210473,ONLINE,Unspecified,QUEENS,,,,,,,,40.74434543610477,-73.91559975299248,"(40.74434543610477, -73.91559975299248)"
45407824,01/16/2020 07:02:00 PM,01/17/2020 12:00:00 PM,DSNY,Department of Sanitation,Dirty Conditions,E8 Canine Violation,Sidewalk,11368,33-32 105 STREET,105 STREET,NORTHERN BOULEVARD,34 AVENUE,,,ADDRESS,Corona,,N/A,Closed,,The Department of Sanitation investigated this complaint and found no violation at the location.,01/17/2020 12:00:00 PM,03 QUEENS,4017190025,QUEENS,1022036,215133,PHONE,Unspecified,QUEENS,,,,,,,,40.75708614187374,-73.86360976074194,"(40.75708614187374, -73.86360976074194)"
45402529,01/16/2020 11:22:00 AM,01/16/2020 12:00:00 PM,DSNY,Department of Sanitation,Dirty Conditions,E8 Canine Violation,Sidewalk,11218,70 OCEAN PARKWAY,OCEAN PARKWAY,BEND,CATON AVENUE,,,ADDRESS,BROOKLYN,,N/A,Closed,,The Department of Sanitation investigated this complaint and found no violation at the location.,01/16/2020 12:00:00 PM,07 BROOKLYN,3053190001,BROOKLYN,991019,175683,ONLINE,Unspecified,BROOKLYN,,,,,,,,40.64888332287906,-73.97560662928585,"(40.64888332287906, -73.97560662928585)"
45400199,01/16/2020 09:39:00 AM,01/16/2020 12:00:00 PM,DSNY,Department of Sanitation,Dirty Conditions,E8 Canine Violation,Sidewalk,11226,2116 DITMAS AVENUE,DITMAS AVENUE,EAST 21 STREET,EAST 22 STREET,,,ADDRESS,BROOKLYN,,N/A,Closed,,The Department of Sanitation investigated this complaint and found no violation at the location.,01/16/2020 12:00:00 PM,14 BROOKLYN,3052070004,BROOKLYN,995971,172398,ONLINE,Unspecified,BROOKLYN,,,,,,,,40.63986153688562,-73.957766871127,"(40.63986153688562, -73.957766871127)"
45406732,01/16/2020 08:52:00 AM,01/17/2020 12:00:00 PM,DSNY,Department of Sanitation,Dirty Conditions,E8 Canine Violation,Sidewalk,10453,1805 PHELAN PLACE,PHELAN PLACE,WEST TREMONT AVENUE,BILLINGSLEY TERRACE,,,ADDRESS,BRONX,,N/A,Closed,,The Department of Sanitation investigated this complaint and found no violation at the location.,01/17/2020 12:00:00 PM,05 BRONX,2028790139,BRONX,1007159,249844,ONLINE,Unspecified,BRONX,,,,,,,,40.85240929544965,-73.917190465335,"(40.85240929544965, -73.917190465335)"
45402481,01/16/2020 08:40:00 AM,01/21/2020 12:00:00 PM,DSNY,Department of Sanitation,Dirty Conditions,E8 Canine Violation,Sidewalk,11225,SULLIVAN PLACE,SULLIVAN PLACE,ROGERS AVENUE,NOSTRAND AVENUE,,,BLOCKFACE,BROOKLYN,,N/A,Closed,,The Department of Sanitation investigated this complaint and found no violation at the location.,01/21/2020 12:00:00 PM,09 BROOKLYN,,BROOKLYN,997456,181411,PHONE,Unspecified,BROOKLYN,,,,,,,,40.66459816535736,-73.95239846966075,"(40.66459816535736, -73.95239846966075)"
45406932,01/16/2020 08:29:00 AM,01/17/2020 12:00:00 PM,DSNY,Department of Sanitation,Dirty Conditions,E8 Canine Violation,Sidewalk,,,,,,HOME STREET,HOME STREET,INTERSECTION,,,N/A,Closed,,The Department of Sanitation investigated this complaint and found no violation at the location.,01/17/2020 12:00:00 PM,03 BRONX,,BRONX,,,PHONE,Unspecified,BRONX,,,,,,,,,,
45405549,01/16/2020 01:44:00 AM,01/21/2020 12:00:00 PM,DSNY,Department of Sanitation,Dirty Conditions,E8 Canine Violation,Sidewalk,11226,330 EAST   32 STREET,EAST   32 STREET,CLARENDON ROAD,AVENUE D,,,ADDRESS,BROOKLYN,,N/A,Closed,,The Department of Sanitation investigated this complaint and found no violation at the location.,01/21/2020 12:00:00 PM,17 BROOKLYN,3049480018,BROOKLYN,999020,173370,ONLINE,Unspecified,BROOKLYN,,,,,,,,40.64252490833231,-73.94677858321539,"(40.64252490833231, -73.94677858321539)"
45406561,01/15/2020 04:50:00 PM,01/16/2020 12:00:00 PM,DSNY,Department of Sanitation,Dirty Conditions,E8 Canine Violation,Sidewalk,11233,13 KANE PLACE,KANE PLACE,HERKIMER STREET,ATLANTIC AVENUE,,,ADDRESS,BROOKLYN,,N/A,Closed,,The Department of Sanitation investigated this complaint and found no violation at the location.,01/16/2020 12:00:00 PM,03 BROOKLYN,3017130012,BROOKLYN,1005412,186220,PHONE,Unspecified,BROOKLYN,,,,,,,,40.67778234737405,-73.92370567865875,"(40.67778234737405, -73.92370567865875)"
45406693,01/15/2020 03:12:00 PM,01/20/2020 12:00:00 PM,DSNY,Department of Sanitation,Dirty Conditions,E8 Canine Violation,Sidewalk,10033,2525 AMSTERDAM AVENUE,AMSTERDAM AVENUE,WEST 185 STREET,WEST 186 STREET,,,ADDRESS,NEW YORK,,N/A,Closed,,The Department of Sanitation investigated this complaint and found no violation at the location.,01/20/2020 12:00:00 PM,12 MANHATTAN,1021490076,MANHATTAN,1003888,249231,ONLINE,Unspecified,MANHATTAN,,,,,,,,40.85073467414933,-73.9290159921747,"(40.85073467414933, -73.9290159921747)"
45404011,01/15/2020 02:13:00 PM,01/16/2020 12:00:00 PM,DSNY,Department of Sanitation,Dirty Conditions,E8 Canine Violation,Sidewalk,11420,111-10 115 STREET,115 STREET,111 AVENUE,LINDEN BOULEVARD,,,ADDRESS,South Ozone Park,,N/A,Closed,,The Department of Sanitation investigated this complaint and found no violation at the location.,01/16/2020 12:00:00 PM,10 QUEENS,4116190001,QUEENS,1032907,186803,PHONE,Unspecified,QUEENS,,,,,,,,40.67927411744045,-73.82457528373433,"(40.67927411744045, -73.82457528373433)"
45392100,01/15/2020 01:41:00 PM,01/22/2020 12:00:00 PM,DSNY,Department of Sanitation,Dirty Conditions,E8 Canine Violation,Sidewalk,10029,18E EAST  105 STREET,EAST  105 STREET,5 AVENUE,MADISON AVENUE,,,ADDRESS,NEW YORK,,N/A,Closed,,The Department of Sanitation investigated this complaint and found no violation at the location.,01/22/2020 12:00:00 PM,11 MANHATTAN,1016100062,MANHATTAN,997768,228345,ONLINE,Unspecified,MANHATTAN,,,,,,,,40.793420014435505,-73.95117956774241,"(40.793420014435505, -73.95117956774241)"
45397146,01/15/2020 11:00:00 AM,01/22/2020 12:00:00 PM,DSNY,Department of Sanitation,Dirty Conditions,E8 Canine Violation,Sidewalk,10016,208 EAST   28 STREET,EAST   28 STREET,3 AVENUE,2 AVENUE,,,ADDRESS,NEW YORK,,N/A,Closed,,The Department of Sanitation investigated this complaint and issued a Notice of Violation.,01/22/2020 12:00:00 PM,06 MANHATTAN,1009080047,MANHATTAN,989655,209538,ONLINE,Unspecified,MANHATTAN,,,,,,,,40.74180836717385,-73.98049489472714,"(40.74180836717385, -73.98049489472714)"
45393084,01/15/2020 10:15:00 AM,01/15/2020 12:00:00 PM,DSNY,Department of Sanitation,Dirty Conditions,E8 Canine Violation,Sidewalk,,,,,,90 AVENUE,90 AVENUE,INTERSECTION,,,N/A,Closed,,The Department of Sanitation investigated this complaint and found no violation at the location.,01/15/2020 12:00:00 PM,12 QUEENS,,QUEENS,,,PHONE,Unspecified,QUEENS,,,,,,,,,,
45397137,01/15/2020 09:19:00 AM,01/15/2020 12:00:00 PM,DSNY,Department of Sanitation,Dirty Conditions,E8 Canine Violation,Sidewalk,11361,35-37 212 STREET,212 STREET,35 AVENUE,36 AVENUE,,,ADDRESS,Bayside,,N/A,Closed,,The Department of Sanitation investigated this complaint and found no violation at the location.,01/15/2020 12:00:00 PM,11 QUEENS,4061680027,QUEENS,1046469,219217,PHONE,Unspecified,QUEENS,,,,,,,,40.76815745831297,-73.7753802763186,"(40.76815745831297, -73.7753802763186)"
45395121,01/15/2020 08:53:00 AM,01/15/2020 12:00:00 PM,DSNY,Department of Sanitation,Dirty Conditions,E8 Canine Violation,Sidewalk,11374,99-56 63 AVENUE,63 AVENUE,99 STREET,102 STREET,,,ADDRESS,Rego Park,,N/A,Closed,,The Department of Sanitation investigated this complaint and found no violation at the location.,01/15/2020 12:00:00 PM,06 QUEENS,4021100036,QUEENS,1023899,206399,ONLINE,Unspecified,QUEENS,,,,,,,,40.733105372996135,-73.85693667912754,"(40.733105372996135, -73.85693667912754)"
45399147,01/15/2020 08:12:00 AM,01/16/2020 12:00:00 PM,DSNY,Department of Sanitation,Dirty Conditions,E8 Canine Violation,Sidewalk,10463,2880 KINGSBRIDGE TERRACE,KINGSBRIDGE TERRACE,WEST 229 STREET,WEST 230 STREET,,,ADDRESS,BRONX,,N/A,Closed,,The Department of Sanitation investigated this complaint and found no violation at the location.,01/16/2020 12:00:00 PM,08 BRONX,2032530341,BRONX,1011194,257864,ONLINE,Unspecified,BRONX,,,,,,,,40.87441036529776,-73.90257285318309,"(40.87441036529776, -73.90257285318309)"
45394969,01/14/2020 05:44:00 PM,01/15/2020 12:00:00 PM,DSNY,Department of Sanitation,Dirty Conditions,E8 Canine Violation,Sidewalk,10457,2034 RYER AVENUE,RYER AVENUE,EAST BURNSIDE AVENUE,EAST 180 STREET,,,ADDRESS,BRONX,,N/A,Closed,,The Department of Sanitation investigated this complaint and found no violation at the location.,01/15/2020 12:00:00 PM,05 BRONX,2031490016,BRONX,1011582,249609,PHONE,Unspecified,BRONX,,,,,,,,40.85175170646143,-73.9012035458648,"(40.85175170646143, -73.9012035458648)"
45393081,01/14/2020 02:09:00 PM,01/21/2020 12:00:00 PM,DSNY,Department of Sanitation,Dirty Conditions,E8 Canine Violation,Sidewalk,11235,2536 HUBBARD STREET,HUBBARD STREET,AVENUE Y,AVENUE Z,,,ADDRESS,BROOKLYN,,N/A,Closed,,The Department of Sanitation investigated this complaint and found no violation at the location.,01/21/2020 12:00:00 PM,13 BROOKLYN,3072220021,BROOKLYN,994466,153602,PHONE,Unspecified,BROOKLYN,,,,,,,,40.58827226809043,-73.96321812712135,"(40.58827226809043, -73.96321812712135)"
45386687,01/14/2020 08:22:00 AM,01/15/2020 12:00:00 PM,DSNY,Department of Sanitation,Dirty Conditions,E8 Canine Violation,Sidewalk,11209,328 77 STREET,77 STREET,3 AVENUE,4 AVENUE,,,ADDRESS,BROOKLYN,,N/A,Closed,,The Department of Sanitation investigated this complaint and found no violation at the location.,01/15/2020 12:00:00 PM,10 BROOKLYN,,BROOKLYN,976635,168727,PHONE,Unspecified,BROOKLYN,,,,,,,,40.62978990435232,-74.027434240685,"(40.62978990435232, -74.027434240685)"
45383633,01/14/2020 08:16:00 AM,01/23/2020 12:00:00 PM,DSNY,Department of Sanitation,Dirty Conditions,E8 Canine Violation,Sidewalk,,WILLIAMSBURG BRIDGE,WILLIAMSBURG BRIDGE,EAST RIVER SHORELINE WEST,WILLIAMSBURG BRIDGE,,,BLOCKFACE,,,N/A,Closed,,The Department of Sanitation investigated this complaint and found no violation at the location.,01/23/2020 12:00:00 PM,03 MANHATTAN,,MANHATTAN,,,ONLINE,Unspecified,MANHATTAN,,,,,,,,,,
45386669,01/13/2020 10:23:00 PM,01/14/2020 12:00:00 PM,DSNY,Department of Sanitation,Dirty Conditions,E8 Canine Violation,Sidewalk,11104,41-22 42 STREET,42 STREET,SKILLMAN AVENUE,43 AVENUE,,,ADDRESS,Sunnyside,,N/A,Closed,,The Department of Sanitation investigated this complaint and found no violation at the location.,01/14/2020 12:00:00 PM,02 QUEENS,4001840029,QUEENS,1005921,211339,ONLINE,Unspecified,QUEENS,,,,,,,,40.746726759765735,-73.92178975109812,"(40.746726759765735, -73.92178975109812)"
45389683,01/13/2020 06:27:00 PM,01/14/2020 12:00:00 PM,DSNY,Department of Sanitation,Dirty Conditions,E8 Canine Violation,Sidewalk,10314,237 MARTLING AVENUE,MARTLING AVENUE,BROOKSIDE AVENUE,MAINE AVENUE,,,ADDRESS,STATEN ISLAND,,N/A,Closed,,The Department of Sanitation investigated this complaint and found no violation at the location.,01/14/2020 12:00:00 PM,01 STATEN ISLAND,5003210072,STATEN ISLAND,950501,165689,PHONE,Unspecified,STATEN ISLAND,,,,,,,,40.62139022421092,-74.12157084109805,"(40.62139022421092, -74.12157084109805)"
45389627,01/13/2020 06:06:00 PM,01/14/2020 12:00:00 PM,DSNY,Department of Sanitation,Dirty Conditions,E8 Canine Violation,Sidewalk,10474,721 FAILE STREET,FAILE STREET,SPOFFORD AVENUE,BEND,,,ADDRESS,BRONX,,N/A,Closed,,The Department of Sanitation investigated this complaint and found no violation at the location.,01/14/2020 12:00:00 PM,02 BRONX,2027630158,BRONX,1015657,236127,PHONE,Unspecified,BRONX,,,,,,,,40.81473397587259,-73.88653686036088,"(40.81473397587259, -73.88653686036088)"
45383636,01/13/2020 05:50:00 PM,01/14/2020 12:00:00 PM,DSNY,Department of Sanitation,Dirty Conditions,E8 Canine Violation,Sidewalk,,,,,,94 STREET,94 STREET,INTERSECTION,,,N/A,Closed,,The Department of Sanitation investigated this complaint and found no violation at the location.,01/14/2020 12:00:00 PM,03 QUEENS,,QUEENS,,,PHONE,Unspecified,QUEENS,,,,,,,,,,
45386670,01/13/2020 05:44:00 PM,01/14/2020 12:00:00 PM,DSNY,Department of Sanitation,Dirty Conditions,E8 Canine Violation,Sidewalk,11423,88-59 192 STREET,192 STREET,HILLSIDE AVENUE,90 AVENUE,,,ADDRESS,Hollis,,N/A,Closed,,The Department of Sanitation investigated this complaint and found no violation at the location.,01/14/2020 12:00:00 PM,12 QUEENS,4104570073,QUEENS,1048062,200180,ONLINE,Unspecified,QUEENS,,,,,,,,40.715894464477195,-73.76980993897402,"(40.715894464477195, -73.76980993897402)"
45379691,01/13/2020 12:51:00 PM,01/14/2020 12:00:00 PM,DSNY,Department of Sanitation,Dirty Conditions,E8 Canine Violation,Sidewalk,11222,14 NORTH HENRY STREET,NORTH HENRY STREET,RICHARDSON STREET,HERBERT STREET,,,ADDRESS,BROOKLYN,,N/A,Closed,,The Department of Sanitation investigated this complaint and found no violation at the location.,01/14/2020 12:00:00 PM,01 BROOKLYN,3028320031,BROOKLYN,1000177,201423,ONLINE,Unspecified,BROOKLYN,,,,,,,,40.71952199404097,-73.94254320987233,"(40.71952199404097, -73.94254320987233)"
45376512,01/13/2020 12:43:00 PM,01/14/2020 12:00:00 PM,DSNY,Department of Sanitation,Dirty Conditions,E8 Canine Violation,Sidewalk,11106,31-37 14 STREET,14 STREET,31 ROAD,31 DRIVE,,,ADDRESS,Astoria,,N/A,Closed,,The Department of Sanitation investigated this complaint and found no violation at the location.,01/14/2020 12:00:00 PM,01 QUEENS,4005320018,QUEENS,1002880,218850,ONLINE,Unspecified,QUEENS,,,,,,,,40.767349461875575,-73.93274384820403,"(40.767349461875575, -73.93274384820403)"
45378887,01/13/2020 11:21:00 AM,01/14/2020 12:00:00 PM,DSNY,Department of Sanitation,Dirty Conditions,E8 Canine Violation,Sidewalk,10459,1016 BRYANT AVENUE,BRYANT AVENUE,ALDUS STREET,EAST 165 STREET,,,ADDRESS,BRONX,,N/A,Closed,,The Department of Sanitation investigated this complaint and found no violation at the location.,01/14/2020 12:00:00 PM,02 BRONX,2027560006,BRONX,1015087,239417,PHONE,Unspecified,BRONX,,,,,,,,40.823766100184706,-73.88858096230013,"(40.823766100184706, -73.88858096230013)"
45381726,01/13/2020 09:47:00 AM,01/14/2020 12:00:00 PM,DSNY,Department of Sanitation,Dirty Conditions,E8 Canine Violation,Sidewalk,,,,,,23 AVENUE,23 AVENUE,INTERSECTION,,,N/A,Closed,,The Department of Sanitation investigated this complaint and found no violation at the location.,01/14/2020 12:00:00 PM,03 QUEENS,,QUEENS,,,PHONE,Unspecified,QUEENS,,,,,,,,,,
45376519,01/13/2020 08:56:00 AM,01/14/2020 12:00:00 PM,DSNY,Department of Sanitation,Dirty Conditions,E8 Canine Violation,Sidewalk,11210,850 EAST   21 STREET,EAST   21 STREET,GLENWOOD ROAD,CAMPUS ROAD,,,ADDRESS,BROOKLYN,,N/A,Closed,,The Department of Sanitation investigated this complaint and found no violation at the location.,01/14/2020 12:00:00 PM,14 BROOKLYN,3075480048,BROOKLYN,996278,169761,ONLINE,Unspecified,BROOKLYN,,,,,,,,40.63262312264469,-73.95666538882841,"(40.63262312264469, -73.95666538882841)"
45377306,01/12/2020 09:38:00 PM,01/14/2020 12:00:00 PM,DSNY,Department of Sanitation,Dirty Conditions,E8 Canine Violation,Sidewalk,11231,462 HICKS STREET,HICKS STREET,KANE STREET,DEGRAW STREET,,,ADDRESS,BROOKLYN,,N/A,Closed,,The Department of Sanitation investigated this complaint and found no violation at the location.,01/14/2020 12:00:00 PM,06 BROOKLYN,,BROOKLYN,984193,189578,PHONE,Unspecified,BROOKLYN,,,,,,,,40.68702458789917,-74.00020552776319,"(40.68702458789917, -74.00020552776319)"
45374943,01/12/2020 07:53:00 PM,01/16/2020 12:00:00 PM,DSNY,Department of Sanitation,Dirty Conditions,E8 Canine Violation,Sidewalk,11206,239 LYNCH STREET,LYNCH STREET,HARRISON AVENUE,UNION AVENUE,,,ADDRESS,BROOKLYN,,N/A,Closed,,The Department of Sanitation investigated this complaint and found no violation at the location.,01/16/2020 12:00:00 PM,01 BROOKLYN,3022340046,BROOKLYN,997962,195888,PHONE,Unspecified,BROOKLYN,,,,,,,,40.70433344892516,-73.9505451127884,"(40.70433344892516, -73.9505451127884)"
45371547,01/12/2020 11:28:00 AM,01/14/2020 12:00:00 PM,DSNY,Department of Sanitation,Dirty Conditions,E8 Canine Violation,Sidewalk,,,,,,FARMERS BOULEVARD,FARMERS BOULEVARD,INTERSECTION,,,N/A,Closed,,The Department of Sanitation investigated this complaint and issued a Notice of Violation.,01/14/2020 12:00:00 PM,12 QUEENS,,QUEENS,,,PHONE,Unspecified,QUEENS,,,,,,,,,,
45369491,01/12/2020 10:58:00 AM,01/14/2020 12:00:00 PM,DSNY,Department of Sanitation,Dirty Conditions,E8 Canine Violation,Sidewalk,11222,46 NORTH HENRY STREET,NORTH HENRY STREET,HERBERT STREET,MEEKER AVENUE,,,ADDRESS,BROOKLYN,,N/A,Closed,,The Department of Sanitation investigated this complaint and found no violation at the location.,01/14/2020 12:00:00 PM,01 BROOKLYN,3028287501,BROOKLYN,1000128,201814,ONLINE,Unspecified,BROOKLYN,,,,,,,,40.72059528269975,-73.94271905537802,"(40.72059528269975, -73.94271905537802)"
45371447,01/12/2020 10:32:00 AM,01/15/2020 12:00:00 PM,DSNY,Department of Sanitation,Dirty Conditions,E8 Canine Violation,Sidewalk,11418,119-19 JAMAICA AVENUE,JAMAICA AVENUE,LEFFERTS BOULEVARD,120 STREET,,,ADDRESS,Richmond Hill,,N/A,Closed,,The Department of Sanitation investigated this complaint and found no violation at the location.,01/15/2020 12:00:00 PM,09 QUEENS,4092730173,QUEENS,1031208,194378,ONLINE,Unspecified,QUEENS,,,,,,,,40.70007488655833,-73.83064793071985,"(40.70007488655833, -73.83064793071985)"
45372531,01/12/2020 09:30:00 AM,01/14/2020 12:00:00 PM,DSNY,Department of Sanitation,Dirty Conditions,E8 Canine Violation,Sidewalk,11222,2 NORTH HENRY STREET,NORTH HENRY STREET,RICHARDSON STREET,HERBERT STREET,,,ADDRESS,BROOKLYN,,N/A,Closed,,The Department of Sanitation investigated this complaint and found no violation at the location.,01/14/2020 12:00:00 PM,01 BROOKLYN,3028320027,BROOKLYN,1000191,201310,ONLINE,Unspecified,BROOKLYN,,,,,,,,40.71921181108512,-73.94249297238446,"(40.71921181108512, -73.94249297238446)"
45372567,01/12/2020 09:26:00 AM,01/14/2020 12:00:00 PM,DSNY,Department of Sanitation,Dirty Conditions,E8 Canine Violation,Sidewalk,11222,33 NORTH HENRY STREET,NORTH HENRY STREET,RICHARDSON STREET,HERBERT STREET,,,ADDRESS,BROOKLYN,,N/A,Closed,,The Department of Sanitation investigated this complaint and found no violation at the location.,01/14/2020 12:00:00 PM,01 BROOKLYN,3028310007,BROOKLYN,1000146,201629,ONLINE,Unspecified,BROOKLYN,,,,,,,,40.72008747006951,-73.94265455610794,"(40.72008747006951, -73.94265455610794)"
45373697,01/11/2020 09:59:00 PM,01/14/2020 12:00:00 PM,DSNY,Department of Sanitation,Dirty Conditions,E8 Canine Violation,Sidewalk,11234,3502 KINGS HIGHWAY,KINGS HIGHWAY,EAST 35 STREET,EAST 36 STREET,,,ADDRESS,BROOKLYN,,N/A,Closed,,The Department of Sanitation investigated this complaint and found no violation at the location.,01/14/2020 12:00:00 PM,18 BROOKLYN,3076530001,BROOKLYN,1000713,165368,ONLINE,Unspecified,BROOKLYN,,,,,,,,40.62055813092327,-73.94069764090143,"(40.62055813092327, -73.94069764090143)"
45363636,01/11/2020 01:22:00 PM,01/14/2020 12:00:00 PM,DSNY,Department of Sanitation,Dirty Conditions,E8 Canine Violation,Sidewalk,10027,410 ST NICHOLAS AVENUE,ST NICHOLAS AVENUE,WEST 130 STREET,WEST 133 STREET,,,ADDRESS,NEW YORK,,N/A,Closed,,The Department of Sanitation investigated this complaint and found no violation at the location.,01/14/2020 12:00:00 PM,10 MANHATTAN,1019580001,MANHATTAN,998223,235925,ONLINE,Unspecified,MANHATTAN,,,,,,,,40.814224320719624,-73.94952055422276,"(40.814224320719624, -73.94952055422276)"
45364828,01/11/2020 01:22:00 PM,01/14/2020 12:00:00 PM,DSNY,Department of Sanitation,Dirty Conditions,E8 Canine Violation,Sidewalk,11419,107-02 111 STREET,111 STREET,107 AVENUE,109 AVENUE,,,ADDRESS,South Richmond Hill,,N/A,Closed,,The Department of Sanitation investigated this complaint and found no violation at the location.,01/14/2020 12:00:00 PM,10 QUEENS,4095480006,QUEENS,1031437,187842,ONLINE,Unspecified,QUEENS,,,,,,,,40.682133889350915,-73.82986783517605,"(40.682133889350915, -73.82986783517605)"
45363248,01/11/2020 12:51:00 PM,01/14/2020 12:00:00 PM,DSNY,Department of Sanitation,Dirty Conditions,E8 Canine Violation,Sidewalk,10467,701 EAST  220 STREET,EAST  220 STREET,WHITE PLAINS ROAD,BARNES AVENUE,,,ADDRESS,BRONX,,N/A,Closed,,The Department of Sanitation investigated this complaint and found no violation at the location.,01/14/2020 12:00:00 PM,12 BRONX,2046680048,BRONX,1022414,261428,PHONE,Unspecified,BRONX,,,,,,,,40.88415104496098,-73.8619820671469,"(40.88415104496098, -73.8619820671469)"
45365227,01/11/2020 12:30:00 PM,01/14/2020 12:00:00 PM,DSNY,Department of Sanitation,Dirty Conditions,E8 Canine Violation,Sidewalk,11365,69-01 197 STREET,197 STREET,69 AVENUE,73 AVENUE,,,ADDRESS,Fresh Meadows,,N/A,Closed,,The Department of Sanitation investigated this complaint and found no violation at the location.,01/14/2020 12:00:00 PM,08 QUEENS,4071500001,QUEENS,1046339,207971,ONLINE,Unspecified,QUEENS,,,,,,,,40.737291053394564,-73.77595343460324,"(40.737291053394564, -73.77595343460324)"
45365547,01/11/2020 10:18:00 AM,01/13/2020 12:00:00 PM,DSNY,Department of Sanitation,Dirty Conditions,E8 Canine Violation,Sidewalk,10457,547 EAST  178 STREET,EAST  178 STREET,3 AVENUE,MONTEREY AVENUE,,,ADDRESS,BRONX,,N/A,Closed,,The Department of Sanitation investigated this complaint and found no violation at the location.,01/13/2020 12:00:00 PM,06 BRONX,2030610034,BRONX,1013322,248112,PHONE,Unspecified,BRONX,,,,,,,,40.84763732930898,-73.89492049833414,"(40.84763732930898, -73.89492049833414)"
45362542,01/11/2020 07:46:00 AM,01/14/2020 12:00:00 PM,DSNY,Department of Sanitation,Dirty Conditions,E8 Canine Violation,Sidewalk,11214,8003 18 AVENUE,18 AVENUE,80 STREET,81 STREET,,,ADDRESS,BROOKLYN,,N/A,Closed,,The Department of Sanitation investigated this complaint and found no violation at the location.,01/14/2020 12:00:00 PM,11 BROOKLYN,3062850009,BROOKLYN,984536,161668,PHONE,Unspecified,BROOKLYN,,,,,,,,40.61041768753525,-73.9989699388244,"(40.61041768753525, -73.9989699388244)"
45368166,01/10/2020 08:20:00 PM,01/14/2020 12:00:00 PM,DSNY,Department of Sanitation,Dirty Conditions,E8 Canine Violation,Sidewalk,10013,88 LEONARD STREET,LEONARD STREET,CHURCH STREET,BROADWAY,,,ADDRESS,NEW YORK,,N/A,Closed,,The Department of Sanitation investigated this complaint and found no violation at the location.,01/14/2020 12:00:00 PM,01 MANHATTAN,1001730027,MANHATTAN,982953,200558,ONLINE,Unspecified,MANHATTAN,,,,,,,,40.71716201883659,-74.00467877270118,"(40.71716201883659, -74.00467877270118)"
45368354,01/10/2020 04:59:00 PM,01/15/2020 12:00:00 PM,DSNY,Department of Sanitation,Dirty Conditions,E8 Canine Violation,Sidewalk,11362,48-02 BROWVALE LANE,BROWVALE LANE,IOWA ROAD,GASKELL ROAD,,,ADDRESS,Little Neck,,N/A,Closed,,The Department of Sanitation investigated this complaint and found no violation at the location.,01/15/2020 12:00:00 PM,11 QUEENS,4082280132,QUEENS,1058273,219622,PHONE,Unspecified,QUEENS,,,,,,,,40.76917811401997,-73.73276188629754,"(40.76917811401997, -73.73276188629754)"
45364422,01/10/2020 04:21:00 PM,01/13/2020 12:00:00 PM,DSNY,Department of Sanitation,Dirty Conditions,E8 Canine Violation,Sidewalk,10465,2951 SCHLEY AVENUE,SCHLEY AVENUE,EDISON AVENUE,LOGAN AVENUE,,,ADDRESS,BRONX,,N/A,Closed,,The Department of Sanitation investigated this complaint and found no violation at the location.,01/13/2020 12:00:00 PM,10 BRONX,2054360007,BRONX,1034316,239868,ONLINE,Unspecified,BRONX,,,,,,,,40.82491590317029,-73.81910028885606,"(40.82491590317029, -73.81910028885606)"
45366670,01/10/2020 03:44:00 PM,01/13/2020 12:00:00 PM,DSNY,Department of Sanitation,Dirty Conditions,E8 Canine Violation,Sidewalk,,,,,,EAST 165 STREET,EAST 165 STREET,INTERSECTION,,,N/A,Closed,,The Department of Sanitation investigated this complaint and found no violation at the location.,01/13/2020 12:00:00 PM,02 BRONX,,BRONX,,,PHONE,Unspecified,BRONX,,,,,,,,,,
45360284,01/10/2020 12:24:00 PM,01/12/2020 12:00:00 PM,DSNY,Department of Sanitation,Dirty Conditions,E8 Canine Violation,Sidewalk,11222,210 RICHARDSON STREET,RICHARDSON STREET,HUMBOLDT STREET,NORTH HENRY STREET,,,ADDRESS,BROOKLYN,,N/A,Closed,,The Department of Sanitation investigated this complaint and found no violation at the location.,01/12/2020 12:00:00 PM,01 BROOKLYN,3028570006,BROOKLYN,1000083,201224,ONLINE,Unspecified,BROOKLYN,,,,,,,,40.718975955770155,-73.94288278368647,"(40.718975955770155, -73.94288278368647)"
45360773,01/10/2020 10:51:00 AM,01/15/2020 12:00:00 PM,DSNY,Department of Sanitation,Dirty Conditions,E8 Canine Violation,Sidewalk,11208,675 ESSEX STREET,ESSEX STREET,NEW LOTS AVENUE,HEGEMAN AVENUE,,,ADDRESS,BROOKLYN,,N/A,Closed,,The Department of Sanitation investigated this complaint and found no violation at the location.,01/15/2020 12:00:00 PM,05 BROOKLYN,3043160072,BROOKLYN,1017652,182272,PHONE,Unspecified,BROOKLYN,,,,,,,,40.6669082596962,-73.87959701608013,"(40.6669082596962, -73.87959701608013)"
45357098,01/10/2020 10:06:00 AM,01/11/2020 12:00:00 PM,DSNY,Department of Sanitation,Dirty Conditions,E8 Canine Violation,Sidewalk,11378,64-69 59 AVENUE,59 AVENUE,BEND,66 STREET,,,ADDRESS,Maspeth,,N/A,Closed,,The Department of Sanitation investigated this complaint and found no violation at the location.,01/11/2020 12:00:00 PM,05 QUEENS,4027530287,QUEENS,1012292,201735,ONLINE,Unspecified,QUEENS,,,,,,,,40.720348251763056,-73.89883697329999,"(40.720348251763056, -73.89883697329999)"
45355860,01/09/2020 10:58:00 PM,01/22/2020 12:00:00 PM,DSNY,Department of Sanitation,Dirty Conditions,E8 Canine Violation,Sidewalk,10001,100 WEST   31 STREET,WEST   31 STREET,AVENUE OF THE AMERICAS,7 AVENUE,,,ADDRESS,NEW YORK,,N/A,Closed,,The Department of Sanitation investigated this complaint and found no violation at the location.,01/22/2020 12:00:00 PM,05 MANHATTAN,1008067502,MANHATTAN,987133,211818,PHONE,Unspecified,MANHATTAN,,,,,,,,40.74806757811884,-73.98959509684349,"(40.74806757811884, -73.98959509684349)"
45360518,01/09/2020 10:07:00 PM,01/11/2020 12:00:00 PM,DSNY,Department of Sanitation,Dirty Conditions,E8 Canine Violation,Sidewalk,10026,400 MANHATTAN AVENUE,MANHATTAN AVENUE,WEST 117 STREET,WEST 118 STREET,,,ADDRESS,NEW YORK,,N/A,Closed,,The Department of Sanitation investigated this complaint and found no violation at the location.,01/11/2020 12:00:00 PM,10 MANHATTAN,1019440018,MANHATTAN,996369,232865,ONLINE,Unspecified,MANHATTAN,,,,,,,,40.8058282087284,-73.95622391567056,"(40.8058282087284, -73.95622391567056)"
45361202,01/09/2020 09:10:00 PM,01/13/2020 12:00:00 PM,DSNY,Department of Sanitation,Dirty Conditions,E8 Canine Violation,Sidewalk,11222,62 ECKFORD STREET,ECKFORD STREET,ENGERT AVENUE,DRIGGS AVENUE,,,ADDRESS,BROOKLYN,,N/A,Closed,,The Department of Sanitation investigated this complaint and found no violation at the location.,01/13/2020 12:00:00 PM,01 BROOKLYN,3026990005,BROOKLYN,998653,202316,PHONE,Unspecified,BROOKLYN,,,,,,,,40.72197567570961,-73.94803914075378,"(40.72197567570961, -73.94803914075378)"
45359021,01/09/2020 08:05:00 PM,01/13/2020 12:00:00 PM,DSNY,Department of Sanitation,Dirty Conditions,E8 Canine Violation,Sidewalk,10457,1980 BATHGATE AVENUE,BATHGATE AVENUE,EAST 178 STREET,EAST 179 STREET,,,ADDRESS,BRONX,,N/A,Closed,,The Department of Sanitation investigated this complaint and found no violation at the location.,01/13/2020 12:00:00 PM,06 BRONX,2030440058,BRONX,1012972,248457,PHONE,Unspecified,BRONX,,,,,,,,40.84858539730911,-73.89618407931808,"(40.84858539730911, -73.89618407931808)"
45355875,01/09/2020 05:17:00 PM,01/14/2020 12:00:00 PM,DSNY,Department of Sanitation,Dirty Conditions,E8 Canine Violation,Sidewalk,10303,3106 RICHMOND TERRACE,RICHMOND TERRACE,ANDROS AVENUE,MERSEREAU AVENUE,,,ADDRESS,STATEN ISLAND,,N/A,Closed,,The Department of Sanitation investigated this complaint and found no violation at the location.,01/14/2020 12:00:00 PM,01 STATEN ISLAND,5012380036,STATEN ISLAND,939025,171936,PHONE,Unspecified,STATEN ISLAND,,,,,,,,40.63848574275454,-74.1629515315866,"(40.63848574275454, -74.1629515315866)"
45346084,01/09/2020 12:06:00 PM,01/14/2020 12:00:00 PM,DSNY,Department of Sanitation,Dirty Conditions,E8 Canine Violation,Sidewalk,11373,84-32 GRAND AVENUE,GRAND AVENUE,LIRR MAIN LINE,HASPEL STREET,,,ADDRESS,Elmhurst,,N/A,Closed,,The Department of Sanitation investigated this complaint and found no violation at the location.,01/14/2020 12:00:00 PM,04 QUEENS,4028917502,QUEENS,1016704,206824,PHONE,Unspecified,QUEENS,,,,,,,,40.73430121909538,-73.88289592018192,"(40.73430121909538, -73.88289592018192)"
45346095,01/09/2020 10:56:00 AM,01/14/2020 12:00:00 PM,DSNY,Department of Sanitation,Dirty Conditions,E8 Canine Violation,Sidewalk,10307,158 SURFSIDE PLAZA,SURFSIDE PLAZA,BEND,WINDING WOODS LOOP,,,ADDRESS,STATEN ISLAND,,N/A,Closed,,The Department of Sanitation investigated this complaint and found no violation at the location.,01/14/2020 12:00:00 PM,03 STATEN ISLAND,5078607502,STATEN ISLAND,918073,122397,ONLINE,Unspecified,STATEN ISLAND,,,,,,,,40.50237962279359,-74.23795910345856,"(40.50237962279359, -74.23795910345856)"
45346890,01/09/2020 10:30:00 AM,01/14/2020 12:00:00 PM,DSNY,Department of Sanitation,Dirty Conditions,E8 Canine Violation,Sidewalk,11238,285 LINCOLN PLACE,LINCOLN PLACE,UNDERHILL AVENUE,WASHINGTON AVENUE,,,ADDRESS,BROOKLYN,,N/A,Closed,,The Department of Sanitation investigated this complaint and found no violation at the location.,01/14/2020 12:00:00 PM,08 BROOKLYN,3011760009,BROOKLYN,993576,184665,ONLINE,Unspecified,BROOKLYN,,,,,,,,40.6735346055234,-73.96637957415021,"(40.6735346055234, -73.96637957415021)"
45353460,01/09/2020 09:18:00 AM,01/13/2020 12:00:00 PM,DSNY,Department of Sanitation,Dirty Conditions,E8 Canine Violation,Sidewalk,10453,1805 PHELAN PLACE,PHELAN PLACE,WEST TREMONT AVENUE,BILLINGSLEY TERRACE,,,ADDRESS,BRONX,,N/A,Closed,,The Department of Sanitation investigated this complaint and found no violation at the location.,01/13/2020 12:00:00 PM,05 BRONX,2028790139,BRONX,1007159,249844,ONLINE,Unspecified,BRONX,,,,,,,,40.85240929544965,-73.917190465335,"(40.85240929544965, -73.917190465335)"
45352005,01/09/2020 08:45:00 AM,01/13/2020 12:00:00 PM,DSNY,Department of Sanitation,Dirty Conditions,E8 Canine Violation,Sidewalk,10029,101 EAST  103 STREET,EAST  103 STREET,PARK AVENUE,LEXINGTON AVENUE,,,ADDRESS,NEW YORK,,N/A,Closed,,The Department of Sanitation investigated this complaint and found no violation at the location.,01/13/2020 12:00:00 PM,11 MANHATTAN,1016310001,MANHATTAN,998386,227411,ONLINE,Unspecified,MANHATTAN,,,,,,,,40.79085546975517,-73.94894961904846,"(40.79085546975517, -73.94894961904846)"
45345265,01/09/2020 08:29:00 AM,01/11/2020 12:00:00 PM,DSNY,Department of Sanitation,Dirty Conditions,E8 Canine Violation,Sidewalk,11233,632 HALSEY STREET,HALSEY STREET,MALCOLM X BOULEVARD,PATCHEN AVENUE,,,ADDRESS,BROOKLYN,,N/A,Closed,,The Department of Sanitation investigated this complaint and found no violation at the location.,01/11/2020 12:00:00 PM,03 BROOKLYN,3016670010,BROOKLYN,1004067,188574,PHONE,Unspecified,BROOKLYN,,,,,,,,40.68424665372896,-73.9285478164454,"(40.68424665372896, -73.9285478164454)"
45346867,01/08/2020 07:01:00 PM,01/11/2020 12:00:00 PM,DSNY,Department of Sanitation,Dirty Conditions,E8 Canine Violation,Sidewalk,11368,108-73 53 AVENUE,53 AVENUE,CORONA AVENUE,111 STREET,,,ADDRESS,Corona,,N/A,Closed,,The Department of Sanitation investigated this complaint and found no violation at the location.,01/11/2020 12:00:00 PM,04 QUEENS,4020080047,QUEENS,1025107,210088,PHONE,Unspecified,QUEENS,,,,,,,,40.743225252201796,-73.85255552195348,"(40.743225252201796, -73.85255552195348)"
45346085,01/08/2020 06:22:00 PM,01/13/2020 12:00:00 PM,DSNY,Department of Sanitation,Dirty Conditions,E8 Canine Violation,Sidewalk,10026,400 MANHATTAN AVENUE,MANHATTAN AVENUE,WEST 117 STREET,WEST 118 STREET,,,ADDRESS,NEW YORK,,N/A,Closed,,The Department of Sanitation investigated this complaint and found no violation at the location.,01/13/2020 12:00:00 PM,10 MANHATTAN,1019440018,MANHATTAN,996369,232865,PHONE,Unspecified,MANHATTAN,,,,,,,,40.8058282087284,-73.95622391567056,"(40.8058282087284, -73.95622391567056)"
45347766,01/08/2020 05:43:00 PM,01/13/2020 12:00:00 PM,DSNY,Department of Sanitation,Dirty Conditions,E8 Canine Violation,Sidewalk,11222,4 NORTH HENRY STREET,NORTH HENRY STREET,RICHARDSON STREET,HERBERT STREET,,,ADDRESS,BROOKLYN,,N/A,Closed,,The Department of Sanitation investigated this complaint and found no violation at the location.,01/13/2020 12:00:00 PM,01 BROOKLYN,,BROOKLYN,1000189,201329,ONLINE,Unspecified,BROOKLYN,,,,,,,,40.7192639651061,-73.94250014237409,"(40.7192639651061, -73.94250014237409)"
45350402,01/08/2020 02:54:00 PM,01/11/2020 12:00:00 PM,DSNY,Department of Sanitation,Dirty Conditions,E8 Canine Violation,Sidewalk,,,,,,BLEEKER STREET,BLEEKER STREET,INTERSECTION,,,N/A,Closed,,The Department of Sanitation investigated this complaint and found no violation at the location.,01/11/2020 12:00:00 PM,05 BROOKLYN,,BROOKLYN,,,PHONE,Unspecified,BROOKLYN,,,,,,,,,,
45348653,01/08/2020 02:36:00 PM,01/13/2020 12:00:00 PM,DSNY,Department of Sanitation,Dirty Conditions,E8 Canine Violation,Sidewalk,11203,4406 SNYDER AVENUE,SNYDER AVENUE,TROY AVENUE,EAST 45 STREET,,,ADDRESS,BROOKLYN,,N/A,Closed,,The Department of Sanitation investigated this complaint and found no violation at the location.,01/13/2020 12:00:00 PM,17 BROOKLYN,3049120003,BROOKLYN,1002064,176006,PHONE,Unspecified,BROOKLYN,,,,,,,,40.649754557818326,-73.9358030412726,"(40.649754557818326, -73.9358030412726)"
45338026,01/08/2020 01:08:00 PM,01/11/2020 12:00:00 PM,DSNY,Department of Sanitation,Dirty Conditions,E8 Canine Violation,Sidewalk,11104,43-10 49 STREET,49 STREET,43 AVENUE,ROOSEVELT AVENUE,,,ADDRESS,Sunnyside,,N/A,Closed,,The Department of Sanitation investigated this complaint and found no violation at the location.,01/11/2020 12:00:00 PM,02 QUEENS,4001390024,QUEENS,1007631,210476,ONLINE,Unspecified,QUEENS,,,,,,,,40.74435368621604,-73.91562139566881,"(40.74435368621604, -73.91562139566881)"
45340993,01/08/2020 12:24:00 PM,01/14/2020 12:00:00 PM,DSNY,Department of Sanitation,Dirty Conditions,E8 Canine Violation,Sidewalk,11217,500 DEAN STREET,DEAN STREET,6 AVENUE,CARLTON AVENUE,,,ADDRESS,BROOKLYN,,N/A,Closed,,The Department of Sanitation investigated this complaint and found no violation at the location.,01/14/2020 12:00:00 PM,08 BROOKLYN,3011360015,BROOKLYN,991625,187502,ONLINE,Unspecified,BROOKLYN,,,,,,,,40.68132336950046,-73.97340986509263,"(40.68132336950046, -73.97340986509263)"
45338983,01/08/2020 12:21:00 PM,01/09/2020 12:00:00 PM,DSNY,Department of Sanitation,Dirty Conditions,E8 Canine Violation,Sidewalk,10467,630 EAST  220 STREET,EAST  220 STREET,CARPENTER AVENUE,WHITE PLAINS ROAD,,,ADDRESS,BRONX,,N/A,Closed,,The Department of Sanitation investigated this complaint and found no violation at the location.,01/09/2020 12:00:00 PM,12 BRONX,2046540014,BRONX,1021789,261683,PHONE,Unspecified,BRONX,,,,,,,,40.88485362003911,-73.8642409111855,"(40.88485362003911, -73.8642409111855)"
45341028,01/08/2020 11:29:00 AM,01/11/2020 12:00:00 PM,DSNY,Department of Sanitation,Dirty Conditions,E8 Canine Violation,Sidewalk,11374,64-07 BOOTH STREET,BOOTH STREET,63 DRIVE,64 ROAD,,,ADDRESS,Rego Park,,N/A,Closed,,The Department of Sanitation investigated this complaint and found no violation at the location.,01/11/2020 12:00:00 PM,06 QUEENS,4030830093,QUEENS,1022636,204547,PHONE,Unspecified,QUEENS,,,,,,,,40.72802766426359,-73.86150445062329,"(40.72802766426359, -73.86150445062329)"
45342104,01/08/2020 09:19:00 AM,01/14/2020 12:00:00 PM,DSNY,Department of Sanitation,Dirty Conditions,E8 Canine Violation,Sidewalk,11215,59 PROSPECT PARK SOUTHWEST,PROSPECT PARK SOUTHWEST,10 AVENUE,11 AVENUE,,,ADDRESS,BROOKLYN,,N/A,Closed,,The Department of Sanitation investigated this complaint and found no violation at the location.,01/14/2020 12:00:00 PM,07 BROOKLYN,3011070021,BROOKLYN,990941,179392,ONLINE,Unspecified,BROOKLYN,,,,,,,,40.65906377690684,-73.97588403726176,"(40.65906377690684, -73.97588403726176)"
45343065,01/08/2020 08:04:00 AM,01/08/2020 12:00:00 PM,DSNY,Department of Sanitation,Dirty Conditions,E8 Canine Violation,Sidewalk,11372,77-12 35 AVENUE,35 AVENUE,77 STREET,78 STREET,,,ADDRESS,Jackson Heights,,N/A,Closed,,The Department of Sanitation investigated this complaint and found no violation at the location.,01/08/2020 12:00:00 PM,03 QUEENS,4012770001,QUEENS,1014974,213020,ONLINE,Unspecified,QUEENS,,,,,,,,40.751313858165716,-73.88910998694426,"(40.751313858165716, -73.88910998694426)"
45344348,01/08/2020 07:44:00 AM,01/08/2020 12:00:00 PM,DSNY,Department of Sanitation,Dirty Conditions,E8 Canine Violation,Sidewalk,11379,69 STREET,69 STREET,61 DRIVE,62 AVENUE,,,BLOCKFACE,Middle Village,,N/A,Closed,,The Department of Sanitation investigated this complaint and found no violation at the location.,01/08/2020 12:00:00 PM,05 QUEENS,,QUEENS,1014794,200850,PHONE,Unspecified,QUEENS,,,,,,,,40.71791085686183,-73.88981489850302,"(40.71791085686183, -73.88981489850302)"
45342098,01/08/2020 07:36:00 AM,01/08/2020 12:00:00 PM,DSNY,Department of Sanitation,Dirty Conditions,E8 Canine Violation,Sidewalk,11379,61-57 69 STREET,69 STREET,61 DRIVE,62 AVENUE,,,ADDRESS,Middle Village,,N/A,Closed,,The Department of Sanitation investigated this complaint and found no violation at the location.,01/08/2020 12:00:00 PM,05 QUEENS,4029240011,QUEENS,1014757,200909,PHONE,Unspecified,QUEENS,,,,,,,,40.71807292523168,-73.88994810558464,"(40.71807292523168, -73.88994810558464)"
45340043,01/07/2020 03:19:00 PM,01/09/2020 12:00:00 PM,DSNY,Department of Sanitation,Dirty Conditions,E8 Canine Violation,Sidewalk,10474,1002 GARRISON AVENUE,GARRISON AVENUE,MANIDA STREET,HUNTS POINT AVENUE,,,ADDRESS,BRONX,,N/A,Closed,,The Department of Sanitation investigated this complaint and found no violation at the location.,01/09/2020 12:00:00 PM,02 BRONX,2027400073,BRONX,1014625,237628,ONLINE,Unspecified,BRONX,,,,,,,,40.818857405300434,-73.89025833881591,"(40.818857405300434, -73.89025833881591)"
45330585,01/07/2020 01:53:00 PM,01/13/2020 12:00:00 PM,DSNY,Department of Sanitation,Dirty Conditions,E8 Canine Violation,Sidewalk,10027,15 WEST  123 STREET,WEST  123 STREET,MT MORRIS PARK WEST,LENOX AVENUE,,,ADDRESS,NEW YORK,,N/A,Closed,,The Department of Sanitation investigated this complaint and found no violation at the location.,01/13/2020 12:00:00 PM,10 MANHATTAN,1017210045,MANHATTAN,999429,232906,PHONE,Unspecified,MANHATTAN,,,,,,,,40.80593601524096,-73.9451705358527,"(40.80593601524096, -73.9451705358527)"
45331719,01/07/2020 01:21:00 PM,01/08/2020 12:00:00 PM,DSNY,Department of Sanitation,Dirty Conditions,E8 Canine Violation,Sidewalk,10312,,,,,STAFFORD AVENUE,GRANTWOOD AVENUE,INTERSECTION,STATEN ISLAND,,N/A,Closed,,The Department of Sanitation investigated this complaint and found no violation at the location.,01/08/2020 12:00:00 PM,03 STATEN ISLAND,,STATEN ISLAND,933566,140458,PHONE,Unspecified,STATEN ISLAND,,,,,,,,40.55205561114503,-74.18238481344868,"(40.55205561114503, -74.18238481344868)"
45332805,01/07/2020 11:36:00 AM,01/09/2020 12:00:00 PM,DSNY,Department of Sanitation,Dirty Conditions,E8 Canine Violation,Sidewalk,10463,3130 NETHERLAND AVENUE,NETHERLAND AVENUE,WEST 231 STREET,WEST 232 STREET,,,ADDRESS,BRONX,,N/A,Closed,,The Department of Sanitation investigated this complaint and found no violation at the location.,01/09/2020 12:00:00 PM,08 BRONX,2057390273,BRONX,1008618,260972,PHONE,Unspecified,BRONX,,,,,,,,40.882948345607076,-73.91187613138982,"(40.882948345607076, -73.91187613138982)"
45332708,01/07/2020 09:46:00 AM,01/11/2020 12:00:00 PM,DSNY,Department of Sanitation,Dirty Conditions,E8 Canine Violation,Sidewalk,,,,,,PUTNAM AVENUE,PUTNAM AVENUE,INTERSECTION,,,N/A,Closed,,The Department of Sanitation investigated this complaint and found no violation at the location.,01/11/2020 12:00:00 PM,03 BROOKLYN,,BROOKLYN,,,PHONE,Unspecified,BROOKLYN,,,,,,,,,,
45335618,01/07/2020 09:12:00 AM,01/11/2020 12:00:00 PM,DSNY,Department of Sanitation,Dirty Conditions,E8 Canine Violation,Sidewalk,11367,153-22 78 AVENUE,78 AVENUE,153 STREET,PARSONS BOULEVARD,,,ADDRESS,Flushing,,N/A,Closed,,The Department of Sanitation investigated this complaint and found no violation at the location.,01/11/2020 12:00:00 PM,08 QUEENS,4068140011,QUEENS,1036602,202435,PHONE,Unspecified,QUEENS,,,,,,,,40.72215911842665,-73.81113210172025,"(40.72215911842665, -73.81113210172025)"
45335668,01/07/2020 09:01:00 AM,01/13/2020 12:00:00 PM,DSNY,Department of Sanitation,Dirty Conditions,E8 Canine Violation,Sidewalk,11230,948 CONEY ISLAND AVENUE,CONEY ISLAND AVENUE,WEBSTER AVENUE,NEWKIRK AVENUE,,,ADDRESS,BROOKLYN,,N/A,Closed,,The Department of Sanitation investigated this complaint and found no violation at the location.,01/13/2020 12:00:00 PM,14 BROOKLYN,3054250026,BROOKLYN,993310,170357,ONLINE,Unspecified,BROOKLYN,,,,,,,,40.634262549013705,-73.96735773067722,"(40.634262549013705, -73.96735773067722)"
45331688,01/07/2020 08:25:00 AM,01/09/2020 12:00:00 PM,DSNY,Department of Sanitation,Dirty Conditions,E8 Canine Violation,Sidewalk,10453,1979 MORRIS AVENUE,MORRIS AVENUE,EAST TREMONT AVENUE,EAST 179 STREET,,,ADDRESS,BRONX,,N/A,Closed,,The Department of Sanitation investigated this complaint and found no violation at the location.,01/09/2020 12:00:00 PM,05 BRONX,2028290021,BRONX,1009891,249426,PHONE,Unspecified,BRONX,,,,,,,,40.851254498764945,-73.90731666618684,"(40.851254498764945, -73.90731666618684)"
45334941,01/06/2020 05:51:00 PM,01/13/2020 12:00:00 PM,DSNY,Department of Sanitation,Dirty Conditions,E8 Canine Violation,Sidewalk,11223,1847 EAST    3 STREET,EAST    3 STREET,QUENTIN ROAD,KINGS HIGHWAY,,,ADDRESS,BROOKLYN,,N/A,Closed,,The Department of Sanitation investigated this complaint and found no violation at the location.,01/13/2020 12:00:00 PM,15 BROOKLYN,3066600060,BROOKLYN,992530,159820,PHONE,Unspecified,BROOKLYN,,,,,,,,40.60534144231677,-73.97018091533573,"(40.60534144231677, -73.97018091533573)"
45332803,01/06/2020 02:49:00 PM,01/09/2020 12:00:00 PM,DSNY,Department of Sanitation,Dirty Conditions,E8 Canine Violation,Sidewalk,,,,,,90 AVENUE,90 AVENUE,INTERSECTION,,,N/A,Closed,,The Department of Sanitation investigated this complaint and found no violation at the location.,01/09/2020 12:00:00 PM,12 QUEENS,,QUEENS,,,PHONE,Unspecified,QUEENS,,,,,,,,,,
45323097,01/06/2020 01:16:00 PM,01/13/2020 12:00:00 PM,DSNY,Department of Sanitation,Dirty Conditions,E8 Canine Violation,Sidewalk,11236,561 EAST   93 STREET,EAST   93 STREET,CHURCH AVENUE,AVENUE A,,,ADDRESS,BROOKLYN,,N/A,Closed,,The Department of Sanitation investigated this complaint and found no violation at the location.,01/13/2020 12:00:00 PM,17 BROOKLYN,3047140024,BROOKLYN,1007298,177371,PHONE,Unspecified,BROOKLYN,,,,,,,,40.65348910890839,-73.91693643091176,"(40.65348910890839, -73.91693643091176)"
45321914,01/06/2020 09:57:00 AM,01/09/2020 12:00:00 PM,DSNY,Department of Sanitation,Dirty Conditions,E8 Canine Violation,Sidewalk,10472,1015 BOYNTON AVENUE,BOYNTON AVENUE,BRUCKNER BOULEVARD,WATSON AVENUE,,,ADDRESS,BRONX,,N/A,Closed,,The Department of Sanitation investigated this complaint and found no violation at the location.,01/09/2020 12:00:00 PM,09 BRONX,2037140001,BRONX,1018221,239658,PHONE,Unspecified,BRONX,,,,,,,,40.82441607894933,-73.87725611053246,"(40.82441607894933, -73.87725611053246)"
45324249,01/06/2020 09:43:00 AM,01/09/2020 12:00:00 PM,DSNY,Department of Sanitation,Dirty Conditions,E8 Canine Violation,Sidewalk,10453,2038 MORRIS AVENUE,MORRIS AVENUE,EAST 179 STREET,EAST BURNSIDE AVENUE,,,ADDRESS,BRONX,,N/A,Closed,,The Department of Sanitation investigated this complaint and found no violation at the location.,01/09/2020 12:00:00 PM,05 BRONX,2028070052,BRONX,1010293,250008,PHONE,Unspecified,BRONX,,,,,,,,40.85285073848583,-73.90586131570977,"(40.85285073848583, -73.90586131570977)"
45324280,01/05/2020 11:24:00 PM,01/07/2020 12:00:00 PM,DSNY,Department of Sanitation,Dirty Conditions,E8 Canine Violation,Sidewalk,11207,704 MILLER AVENUE,MILLER AVENUE,BEND,HEGEMAN AVENUE,,,ADDRESS,BROOKLYN,,N/A,Closed,,The Department of Sanitation investigated this complaint and found no violation at the location.,01/07/2020 12:00:00 PM,05 BROOKLYN,3043030014,BROOKLYN,1015170,180845,ONLINE,Unspecified,BROOKLYN,,,,,,,,40.66300048041523,-73.88855032636863,"(40.66300048041523, -73.88855032636863)"
45319678,01/05/2020 09:55:00 PM,01/08/2020 12:00:00 PM,DSNY,Department of Sanitation,Dirty Conditions,E8 Canine Violation,Sidewalk,10036,605 WEST   42 STREET,WEST   42 STREET,11 AVENUE,12 AVENUE,,,ADDRESS,NEW YORK,,N/A,Closed,,The Department of Sanitation investigated this complaint and found no violation at the location.,01/08/2020 12:00:00 PM,04 MANHATTAN,1010907502,MANHATTAN,984633,216515,ONLINE,Unspecified,MANHATTAN,,,,,,,,40.76096011122231,-73.99861746470174,"(40.76096011122231, -73.99861746470174)"
45322026,01/05/2020 09:43:00 PM,01/06/2020 12:00:00 PM,DSNY,Department of Sanitation,Dirty Conditions,E8 Canine Violation,Sidewalk,10458,650 EAST  189 STREET,EAST  189 STREET,BELMONT AVENUE,CAMBRELENG AVENUE,,,ADDRESS,BRONX,,N/A,Closed,,The Department of Sanitation investigated this complaint and found no violation at the location.,01/06/2020 12:00:00 PM,06 BRONX,2030750142,BRONX,1016191,251392,ONLINE,Unspecified,BRONX,,,,,,,,40.85663003544497,-73.8845350048683,"(40.85663003544497, -73.8845350048683)"
45326371,01/05/2020 06:31:00 PM,01/08/2020 12:00:00 PM,DSNY,Department of Sanitation,Dirty Conditions,E8 Canine Violation,Sidewalk,11231,152 DEGRAW STREET,DEGRAW STREET,TIFFANY PLACE,HICKS STREET,,,ADDRESS,BROOKLYN,,N/A,Closed,,The Department of Sanitation investigated this complaint and found no violation at the location.,01/08/2020 12:00:00 PM,06 BROOKLYN,3003307501,BROOKLYN,983914,188987,PHONE,Unspecified,BROOKLYN,,,,,,,,40.68540242198284,-74.00121150260526,"(40.68540242198284, -74.00121150260526)"
45320736,01/05/2020 04:18:00 PM,01/08/2020 12:00:00 PM,DSNY,Department of Sanitation,Dirty Conditions,E8 Canine Violation,Sidewalk,11231,29 TIFFANY PLACE,TIFFANY PLACE,KANE STREET,DEGRAW STREET,,,ADDRESS,BROOKLYN,,N/A,Closed,,The Department of Sanitation investigated this complaint and found no violation at the location.,01/08/2020 12:00:00 PM,06 BROOKLYN,3003207503,BROOKLYN,984035,189557,PHONE,Unspecified,BROOKLYN,,,,,,,,40.68696694528379,-74.00077523562966,"(40.68696694528379, -74.00077523562966)"
45323184,01/05/2020 02:59:00 PM,01/06/2020 12:00:00 PM,DSNY,Department of Sanitation,Dirty Conditions,E8 Canine Violation,Sidewalk,10458,2746 DECATUR AVENUE,DECATUR AVENUE,EAST 197 STREET,EAST 197 STREET,,,ADDRESS,BRONX,,N/A,Closed,,The Department of Sanitation investigated this complaint and found no violation at the location.,01/06/2020 12:00:00 PM,07 BRONX,2032780026,BRONX,1015272,254690,PHONE,Unspecified,BRONX,,,,,,,,40.86568532149067,-73.88784187184753,"(40.86568532149067, -73.88784187184753)"
45326469,01/05/2020 02:03:00 PM,01/07/2020 12:00:00 PM,DSNY,Department of Sanitation,Dirty Conditions,E8 Canine Violation,Sidewalk,11378,64-69 59 AVENUE,59 AVENUE,BEND,66 STREET,,,ADDRESS,Maspeth,,N/A,Closed,,The Department of Sanitation investigated this complaint and found no violation at the location.,01/07/2020 12:00:00 PM,05 QUEENS,4027530287,QUEENS,1012292,201735,ONLINE,Unspecified,QUEENS,,,,,,,,40.720348251763056,-73.89883697329999,"(40.720348251763056, -73.89883697329999)"
45314024,01/05/2020 01:51:00 PM,01/08/2020 12:00:00 PM,DSNY,Department of Sanitation,Dirty Conditions,E8 Canine Violation,Sidewalk,11231,148 DEGRAW STREET,DEGRAW STREET,TIFFANY PLACE,HICKS STREET,,,ADDRESS,BROOKLYN,,N/A,Closed,,The Department of Sanitation investigated this complaint and found no violation at the location.,01/08/2020 12:00:00 PM,06 BROOKLYN,3003307505,BROOKLYN,983890,188996,PHONE,Unspecified,BROOKLYN,,,,,,,,40.68542712398161,-74.00129803898649,"(40.68542712398161, -74.00129803898649)"
45317677,01/04/2020 07:27:00 PM,01/08/2020 12:00:00 PM,DSNY,Department of Sanitation,Dirty Conditions,E8 Canine Violation,Sidewalk,11237,411 IRVING AVENUE,IRVING AVENUE,PUTNAM AVENUE,CORNELIA STREET,,,ADDRESS,BROOKLYN,,N/A,Closed,,The Department of Sanitation investigated this complaint and found no violation at the location.,01/08/2020 12:00:00 PM,04 BROOKLYN,3033790009,BROOKLYN,1009156,193095,PHONE,Unspecified,BROOKLYN,,,,,,,,40.696642894185324,-73.91018221330879,"(40.696642894185324, -73.91018221330879)"
45315761,01/04/2020 03:13:00 PM,01/06/2020 12:00:00 PM,DSNY,Department of Sanitation,Dirty Conditions,E8 Canine Violation,Sidewalk,10457,740 EAST  178 STREET,EAST  178 STREET,CLINTON AVENUE,PROSPECT AVENUE,,,ADDRESS,BRONX,,N/A,Closed,,The Department of Sanitation investigated this complaint and found no violation at the location.,01/06/2020 12:00:00 PM,06 BRONX,2030930002,BRONX,1014968,247332,PHONE,Unspecified,BRONX,,,,,,,,40.845490887693174,-73.88897468117077,"(40.845490887693174, -73.88897468117077)"
45309895,01/04/2020 11:45:00 AM,01/13/2020 12:00:00 PM,DSNY,Department of Sanitation,Dirty Conditions,E8 Canine Violation,Sidewalk,11212,219 SACKMAN STREET,SACKMAN STREET,LIBERTY AVENUE,GLENMORE AVENUE,,,ADDRESS,BROOKLYN,,N/A,Closed,,The Department of Sanitation investigated this complaint and found no violation at the location.,01/13/2020 12:00:00 PM,16 BROOKLYN,3036940009,BROOKLYN,1010426,184343,PHONE,Unspecified,BROOKLYN,,,,,,,,40.67261700153828,-73.90563625264704,"(40.67261700153828, -73.90563625264704)"
45312120,01/04/2020 10:29:00 AM,01/06/2020 12:00:00 PM,DSNY,Department of Sanitation,Dirty Conditions,E8 Canine Violation,Sidewalk,10454,191 BRUCKNER BOULEVARD,BRUCKNER BOULEVARD,BRUCKNER EP EB EN MJR DEEGAN EP,EAST 137 STREET,,,ADDRESS,BRONX,,N/A,Closed,,The Department of Sanitation investigated this complaint and found no violation at the location.,01/06/2020 12:00:00 PM,01 BRONX,2025650008,BRONX,1008155,232162,PHONE,Unspecified,BRONX,,,,,,,,40.80387464071187,-73.91365321323616,"(40.80387464071187, -73.91365321323616)"
45308510,01/04/2020 09:19:00 AM,01/08/2020 12:00:00 PM,DSNY,Department of Sanitation,Dirty Conditions,E8 Canine Violation,Sidewalk,10016,208 EAST   28 STREET,EAST   28 STREET,3 AVENUE,2 AVENUE,,,ADDRESS,NEW YORK,,N/A,Closed,,The Department of Sanitation investigated this complaint and found no violation at the location.,01/08/2020 12:00:00 PM,06 MANHATTAN,1009080047,MANHATTAN,989655,209538,ONLINE,Unspecified,MANHATTAN,,,,,,,,40.74180836717385,-73.98049489472714,"(40.74180836717385, -73.98049489472714)"
45312952,01/03/2020 06:15:00 PM,01/04/2020 12:00:00 PM,DSNY,Department of Sanitation,Dirty Conditions,E8 Canine Violation,Sidewalk,,,,,,EAST 184 STREET,EAST 184 STREET,INTERSECTION,,,N/A,Closed,,The Department of Sanitation investigated this complaint and found no violation at the location.,01/04/2020 12:00:00 PM,06 BRONX,,BRONX,,,PHONE,Unspecified,BRONX,,,,,,,,,,
45312974,01/03/2020 05:31:00 PM,01/09/2020 12:00:00 PM,DSNY,Department of Sanitation,Dirty Conditions,E8 Canine Violation,Sidewalk,,,,,,111 AVENUE,111 AVENUE,INTERSECTION,,,N/A,Closed,,The Department of Sanitation investigated this complaint and found no violation at the location.,01/09/2020 12:00:00 PM,12 QUEENS,,QUEENS,,,PHONE,Unspecified,QUEENS,,,,,,,,,,
45310692,01/03/2020 03:46:00 PM,01/09/2020 12:00:00 PM,DSNY,Department of Sanitation,Dirty Conditions,E8 Canine Violation,Sidewalk,,,,,,89 AVENUE,89 AVENUE,INTERSECTION,,,N/A,Closed,,The Department of Sanitation investigated this complaint and found no violation at the location.,01/09/2020 12:00:00 PM,12 QUEENS,,QUEENS,,,PHONE,Unspecified,QUEENS,,,,,,,,,,
45311442,01/03/2020 03:17:00 PM,01/09/2020 12:00:00 PM,DSNY,Department of Sanitation,Dirty Conditions,E8 Canine Violation,Sidewalk,11694,212 BEACH  102 STREET,BEACH  102 STREET,ROCKAWAY BEACH BOULEVARD,ROCKAWAY BEACH BOULEVARD,,,ADDRESS,Rockaway Park,,N/A,Closed,,The Department of Sanitation investigated this complaint and found no violation at the location.,01/09/2020 12:00:00 PM,14 QUEENS,4161570006,QUEENS,1033474,151902,PHONE,Unspecified,QUEENS,,,,,,,,40.583475325495336,-73.82278562581352,"(40.583475325495336, -73.82278562581352)"
45303535,01/03/2020 01:24:00 PM,01/09/2020 12:00:00 PM,DSNY,Department of Sanitation,Dirty Conditions,E8 Canine Violation,Sidewalk,11692,128 B   59 STREET,B   59 STREET,BOARDWALK,LARKIN AVENUE,,,ADDRESS,Arverne,,N/A,Closed,,The Department of Sanitation investigated this complaint and found no violation at the location.,01/09/2020 12:00:00 PM,14 QUEENS,4159260001,QUEENS,1042931,154405,PHONE,Unspecified,QUEENS,,,,,,,,40.5902879838182,-73.78871728039357,"(40.5902879838182, -73.78871728039357)"
45305036,01/03/2020 12:31:00 PM,01/03/2020 12:31:00 PM,DSNY,Department of Sanitation,Dirty Conditions,E8 Canine Violation,Sidewalk,11418,84-26 110 STREET,110 STREET,84 AVENUE,85 AVENUE,,,ADDRESS,Richmond Hill,,N/A,Closed,,The Department of Sanitation investigated this complaint and found no violation at the location.,01/03/2020 12:31:00 PM,09 QUEENS,4091950018,QUEENS,1028595,194584,ONLINE,Unspecified,QUEENS,,,,,,,,40.700653787460695,-73.84007022832708,"(40.700653787460695, -73.84007022832708)"
45300745,01/02/2020 09:37:00 PM,01/09/2020 12:00:00 PM,DSNY,Department of Sanitation,Dirty Conditions,E8 Canine Violation,Sidewalk,10040,609 WEST  196 STREET,WEST  196 STREET,ELLWOOD STREET,BEND,,,ADDRESS,NEW YORK,,N/A,Closed,,"The Department of Sanitation has investigated the complaint and addressed the issue. If the problem persists, call 311 to enter a new complaint. If you are outside of New York City, please call (212) NEW-YORK (212-639-9675).",01/09/2020 12:00:00 PM,12 MANHATTAN,1021720100,MANHATTAN,1003856,252883,ONLINE,Unspecified,MANHATTAN,,,,,,,,40.860758391369025,-73.92912097889744,"(40.860758391369025, -73.92912097889744)"
45303511,01/02/2020 06:26:00 PM,01/07/2020 12:00:00 PM,DSNY,Department of Sanitation,Dirty Conditions,E8 Canine Violation,Sidewalk,11214,1840 76 STREET,76 STREET,18 AVENUE,19 AVENUE,,,ADDRESS,BROOKLYN,,N/A,Closed,,The Department of Sanitation investigated this complaint and found no violation at the location.,01/07/2020 12:00:00 PM,11 BROOKLYN,3062380022,BROOKLYN,985435,162334,ONLINE,Unspecified,BROOKLYN,,,,,,,,40.612245645900295,-73.99573197231686,"(40.612245645900295, -73.99573197231686)"
45303156,01/02/2020 05:00:00 PM,01/03/2020 12:00:00 PM,DSNY,Department of Sanitation,Dirty Conditions,E8 Canine Violation,Sidewalk,10469,2929 HERING AVENUE,HERING AVENUE,ARNOW AVENUE,ADEE AVENUE,,,ADDRESS,BRONX,,N/A,Closed,,The Department of Sanitation investigated this complaint and found no violation at the location.,01/03/2020 12:00:00 PM,11 BRONX,2045590058,BRONX,1024701,255649,PHONE,Unspecified,BRONX,,,,,,,,40.86827930942554,-73.85374617081659,"(40.86827930942554, -73.85374617081659)"
45293059,01/02/2020 12:20:00 PM,01/08/2020 12:00:00 PM,DSNY,Department of Sanitation,Dirty Conditions,E8 Canine Violation,Sidewalk,11223,40 SOUTH GATE COURT,SOUTH GATE COURT,STRYKER STREET,WEST 1 STREET,,,ADDRESS,BROOKLYN,,N/A,Closed,,The Department of Sanitation investigated this complaint and found no violation at the location.,01/08/2020 12:00:00 PM,15 BROOKLYN,3071740084,BROOKLYN,992117,154635,PHONE,Unspecified,BROOKLYN,,,,,,,,40.591110042503516,-73.97167430625989,"(40.591110042503516, -73.97167430625989)"
45296720,01/02/2020 11:02:00 AM,01/03/2020 12:00:00 PM,DSNY,Department of Sanitation,Dirty Conditions,E8 Canine Violation,Sidewalk,11379,61-29 69 STREET,69 STREET,61 ROAD,61 DRIVE,,,ADDRESS,Middle Village,,N/A,Closed,,The Department of Sanitation investigated this complaint and found no violation at the location.,01/03/2020 12:00:00 PM,05 QUEENS,4029230010,QUEENS,1014609,201121,PHONE,Unspecified,QUEENS,,,,,,,,40.71865532295569,-73.8904810486355,"(40.71865532295569, -73.8904810486355)"
45293054,01/02/2020 09:52:00 AM,01/03/2020 12:00:00 PM,DSNY,Department of Sanitation,Dirty Conditions,E8 Canine Violation,Sidewalk,11379,61-27 69 STREET,69 STREET,61 ROAD,61 DRIVE,,,ADDRESS,Middle Village,,N/A,Closed,,The Department of Sanitation investigated this complaint and found no violation at the location.,01/03/2020 12:00:00 PM,05 QUEENS,4029230110,QUEENS,1014600,201134,PHONE,Unspecified,QUEENS,,,,,,,,40.718691035683,-73.8905134571475,"(40.718691035683, -73.8905134571475)"
45290739,01/02/2020 09:32:00 AM,01/03/2020 12:00:00 PM,DSNY,Department of Sanitation,Dirty Conditions,E8 Canine Violation,Sidewalk,10453,2038 MORRIS AVENUE,MORRIS AVENUE,EAST 179 STREET,EAST BURNSIDE AVENUE,,,ADDRESS,BRONX,,N/A,Closed,,The Department of Sanitation investigated this complaint and found no violation at the location.,01/03/2020 12:00:00 PM,05 BRONX,2028070052,BRONX,1010293,250008,PHONE,Unspecified,BRONX,,,,,,,,40.85285073848583,-73.90586131570977,"(40.85285073848583, -73.90586131570977)"
45296785,01/02/2020 07:54:00 AM,01/03/2020 12:00:00 PM,DSNY,Department of Sanitation,Dirty Conditions,E8 Canine Violation,Sidewalk,11366,158-39 76 AVENUE,76 AVENUE,PARSONS BOULEVARD,160 STREET,,,ADDRESS,Fresh Meadows,,N/A,Closed,,The Department of Sanitation investigated this complaint and found no violation at the location.,01/03/2020 12:00:00 PM,08 QUEENS,4068240045,QUEENS,1036830,203530,PHONE,Unspecified,QUEENS,,,,,,,,40.72516326889862,-73.81030100433017,"(40.72516326889862, -73.81030100433017)"
45294368,01/02/2020 06:49:00 AM,01/03/2020 12:00:00 PM,DSNY,Department of Sanitation,Dirty Conditions,E8 Canine Violation,Sidewalk,11367,153-35 75 AVENUE,75 AVENUE,153 STREET,KISSENA BOULEVARD,,,ADDRESS,Flushing,,N/A,Closed,,The Department of Sanitation investigated this complaint and found no violation at the location.,01/03/2020 12:00:00 PM,08 QUEENS,4068070002,QUEENS,1036090,203917,ONLINE,Unspecified,QUEENS,,,,,,,,40.72622985504032,-73.81296779929708,"(40.72622985504032, -73.81296779929708)"
45294369,01/01/2020 11:40:00 PM,01/03/2020 12:00:00 PM,DSNY,Department of Sanitation,Dirty Conditions,E8 Canine Violation,Sidewalk,11207,749 NEW JERSEY AVENUE,NEW JERSEY AVENUE,BEND,HEGEMAN AVENUE,,,ADDRESS,BROOKLYN,,N/A,Closed,,The Department of Sanitation investigated this complaint and found no violation at the location.,01/03/2020 12:00:00 PM,05 BROOKLYN,3043000059,BROOKLYN,1014388,180125,PHONE,Unspecified,BROOKLYN,,,,,,,,40.66102693732612,-73.89137222362254,"(40.66102693732612, -73.89137222362254)"
45297816,01/01/2020 06:51:00 PM,01/08/2020 12:00:00 PM,DSNY,Department of Sanitation,Dirty Conditions,E8 Canine Violation,Sidewalk,10001,529 WEST   29 STREET,WEST   29 STREET,HIGH LINE,11 AVENUE,,,ADDRESS,NEW YORK,,N/A,Closed,,The Department of Sanitation investigated this complaint and found no violation at the location.,01/08/2020 12:00:00 PM,04 MANHATTAN,1007017501,MANHATTAN,983518,213238,ONLINE,Unspecified,MANHATTAN,,,,,,,,40.75196555947967,-74.00264198222871,"(40.75196555947967, -74.00264198222871)"
45285207,01/01/2020 01:40:00 PM,01/03/2020 12:00:00 PM,DSNY,Department of Sanitation,Dirty Conditions,E8 Canine Violation,Sidewalk,10467,3312 DECATUR AVENUE,DECATUR AVENUE,EAST 209 STREET,EAST GUN HILL ROAD,,,ADDRESS,BRONX,,N/A,Closed,,The Department of Sanitation investigated this complaint and found no violation at the location.,01/03/2020 12:00:00 PM,07 BRONX,2033550086,BRONX,1019273,258741,ONLINE,Unspecified,BRONX,,,,,,,,40.87678909716299,-73.87335534725264,"(40.87678909716299, -73.87335534725264)"
45287986,01/01/2020 09:59:00 AM,01/09/2020 12:00:00 PM,DSNY,Department of Sanitation,Dirty Conditions,E8 Canine Violation,Sidewalk,10035,524 EAST  119 STREET,EAST  119 STREET,PLEASANT AVENUE,DEAD END,,,ADDRESS,NEW YORK,,N/A,Closed,,The Department of Sanitation investigated this complaint and found no violation at the location.,01/09/2020 12:00:00 PM,11 MANHATTAN,1018150038,MANHATTAN,1003323,229548,ONLINE,Unspecified,MANHATTAN,,,,,,,,40.796711678964975,-73.9311142036903,"(40.796711678964975, -73.9311142036903)"
45289174,01/01/2020 09:23:00 AM,01/09/2020 12:00:00 PM,DSNY,Department of Sanitation,Dirty Conditions,E8 Canine Violation,Sidewalk,10027,138 WEST  129 STREET,WEST  129 STREET,LENOX AVENUE,ADAM CLAYTON POWELL JR BOULEVARD,,,ADDRESS,NEW YORK,,N/A,Closed,,"The Department of Sanitation has investigated the complaint and addressed the issue. If the problem persists, call 311 to enter a new complaint. If you are outside of New York City, please call (212) NEW-YORK (212-639-9675).",01/09/2020 12:00:00 PM,10 MANHATTAN,1019130050,MANHATTAN,999459,234717,ONLINE,Unspecified,MANHATTAN,,,,,,,,40.81090665647386,-73.94505806710549,"(40.81090665647386, -73.94505806710549)"
